ACAH,477154400
BIGE,636015779
HHCR,538007479
HHDR,441981000
HHER,232024772
HHJR,232018919
HHMR,232024773
HHPD,241313000
HHPO,232018901
HHPP,440112000
HHPR,441486000
HHPT,636015806
HHST,232024771
HOAQ,636023891
HOBD,636020707
HOCO,440487000
HODM,636023971
HODU,440348000
HOEM,636023972
HOGD,440350000
HOGR,636020384
HOHA,374102000
HOHE,440288000
HOOS,440489000
HOPD,636024038
HOPL,636024299
HORB,636024119
HORO,440328000
HOSK,440361000
HOSO,357770000
HOSP,440486000
HOSR,636024217
HOTP,636024330
OCET,431315000
OCMJ,431296000
OCNF,538009273
OCNT,256011000
OCRE,370651000
ODIA,565887000
ODOA,636093158
OEAO,431552000
OFAN,477871200
OFRN,477867900
OFRO,477856800
OHFA,538007480
OICL,538009631
OIUM,538007360
OKLZ,563004600
OLSF,354118000
OMCW,308015000
OMEE,309901000
OMIT,431332000
OMOB,371076000
OMST,477893400
OMXN,563131500
ONBD,636015465
ONCM,353997000
ONMO,477809500
ONOC,351249000
OOCN,477895200
OODD,431981000
OOEI,431989000
OOET,538007378
OOFO,477907900
OOFU,477945300
OOFV,477931500
OOHI,373119000
OOIG,431808000
OOIS,538004202
OOMF,431528000
OOMI,431241000
OOML,371215000
OOMN,431929000
OOMV,431120000
OONM,538003993
OOON,563238300
OOQR,357000384
OOTH,431027000
OOTL,357210000
OOTN,431260000
OOXM,431522000
OPFF,477154200
OQPR,356367000
ORED,477846600
OSBF,477307900
OSEY,477478700
OSWR,565156000
OTIR,431787000
OTIV,538004117
OTLH,563004500
OUER,477867800
OZEL,636023645
OZEU,636023646
OZOS,232031320
OZPL,232030743
PADI,370109000
SCRJ,414334000
SCSH,538009457
SMBS,440141000
SMKY,440086000
SMLB,441701000
SMMB,636018097
SMPL,441403000
SMQT,440022000
SMTJ,636018300
TCGR,574002930
WRMT,477948800
YIPT,636019986
YMEG,563226100
YMMU,636014996
YMNT,356189000
YMTG,636021244
YONS,352003124
YPLM,636010582
YTLN,636022027
YTLY,636019984
YTMP,636019982
YTRH,636019983
YTRN,636021693
YUNI,636013693
YWDM,636023582
YWID,477002200
YWIT,477524100
YWLD,636023581
YWRH,477096300
YWSG,636023250
SMNB,356957000
SMSH,440220000
YTQL,636021578
SMYT,440189000
SCPN,636092984
OOMJ,538003729
SCLK,477253604
HHHN,636015514
HONR,636020332
YMMD,371633000
YMTY,636016242
YWRD,477478800
YWND,477454700
YWIN,477314700
YWDW,477769600
YWDH,477129300
YTRG,636019985
HOAC,440326000
HOMI,636020615
HHHO,440176000
HHSU,538007487
HHVC,441111000
HOGN,636023650
HOLE,352260000
HOOP,636024481
HORA,636020746
HOTQ,636024673
KKCB,441293000
KKCN,440838000
KKJA,440764000
KKNH,440761000
MFTN,636012253
MWLH,636012252
OASD,563121100
OBRF,352003419
OHUE,372665000
OITY,633023002
OMAR,371714000
OOMD,538004203
OONY,431073000
OOST,431986000
OOUR,563248000
OOWL,431772000
OSNF,525009349
OSWD,636025100
OUSN,636092827
YEXC,636016704
YEXP,641080897
YMMB,636014994
YORD,636018263
YUBI,416467000
YWCM,477430100
YWEL,477454100
YWLS,477524700
YWNS,477737600
YWSH,477006500
YWTH,477347400
SUPB,563077800
MGNA,311703000
XNHA,412373880
OOSW,354928000
MEBG,636023026
JIAD,413405430
HHVR,441754000
ZGHZ,414676000
XCGU,413133000
GISL,566456000
ORBT,636025440
SMSE,440756000
OONL,431080000
BJBG,440287000