{
  "mmsi": "431027000",
  "PredResult": [
    {
      "SEQ": 0,
      "BEFORE_NODE": 0.0,
      "AFTER_NODE": 1.0,
      "BEFORE_LAT": 36.014252,
      "BEFORE_LON": 120.23454,
      "AFTER_LAT": 36.014294,
      "AFTER_LON": 120.23459,
      "SOG": 0,
      "MOVINGTIME": 1800.0,
      "ARRIVALTIME": "20251129152300"
    },
    {
      "SEQ": 1,
      "BEFORE_NODE": 1.0,
      "AFTER_NODE": 2.0,
      "BEFORE_LAT": 36.014294,
      "BEFORE_LON": 120.23459,
      "AFTER_LAT": 36.014294,
      "AFTER_LON": 120.2346,
      "SOG": 0,
      "MOVINGTIME": 1800.0,
      "ARRIVALTIME": "20251129155300"
    },
    {
      "SEQ": 2,
      "BEFORE_NODE": 2.0,
      "AFTER_NODE": 3.0,
      "BEFORE_LAT": 36.014294,
      "BEFORE_LON": 120.2346,
      "AFTER_LAT": 36.014267,
      "AFTER_LON": 120.23461,
      "SOG": 0,
      "MOVINGTIME": 1620.0,
      "ARRIVALTIME": "20251129162000"
    },
    {
      "SEQ": 3,
      "BEFORE_NODE": 3.0,
      "AFTER_NODE": 4.0,
      "BEFORE_LAT": 36.014267,
      "BEFORE_LON": 120.23461,
      "AFTER_LAT": 36.014252,
      "AFTER_LON": 120.23456,
      "SOG": 0,
      "MOVINGTIME": 1860.0,
      "ARRIVALTIME": "20251129165100"
    },
    {
      "SEQ": 4,
      "BEFORE_NODE": 4.0,
      "AFTER_NODE": 5.0,
      "BEFORE_LAT": 36.014252,
      "BEFORE_LON": 120.23456,
      "AFTER_LAT": 36.014305,
      "AFTER_LON": 120.23456,
      "SOG": 0,
      "MOVINGTIME": 2100.0,
      "ARRIVALTIME": "20251129172600"
    },
    {
      "SEQ": 5,
      "BEFORE_NODE": 5.0,
      "AFTER_NODE": 6.0,
      "BEFORE_LAT": 36.014305,
      "BEFORE_LON": 120.23456,
      "AFTER_LAT": 36.014225,
      "AFTER_LON": 120.23454,
      "SOG": 0.1,
      "MOVINGTIME": 3420.0,
      "ARRIVALTIME": "20251129182300"
    },
    {
      "SEQ": 6,
      "BEFORE_NODE": 6.0,
      "AFTER_NODE": 7.0,
      "BEFORE_LAT": 36.014225,
      "BEFORE_LON": 120.23454,
      "AFTER_LAT": 36.014229,
      "AFTER_LON": 120.2345,
      "SOG": 0,
      "MOVINGTIME": 3123.0,
      "ARRIVALTIME": "20251129191503"
    },
    {
      "SEQ": 7,
      "BEFORE_NODE": 7.0,
      "AFTER_NODE": 8.0,
      "BEFORE_LAT": 36.014229,
      "BEFORE_LON": 120.2345,
      "AFTER_LAT": 36.014248,
      "AFTER_LON": 120.23447,
      "SOG": 0,
      "MOVINGTIME": 357.0,
      "ARRIVALTIME": "20251129192100"
    },
    {
      "SEQ": 8,
      "BEFORE_NODE": 8.0,
      "AFTER_NODE": 9.0,
      "BEFORE_LAT": 36.014248,
      "BEFORE_LON": 120.23447,
      "AFTER_LAT": 36.014259,
      "AFTER_LON": 120.23456,
      "SOG": 0,
      "MOVINGTIME": 1920.0,
      "ARRIVALTIME": "20251129195300"
    },
    {
      "SEQ": 9,
      "BEFORE_NODE": 9.0,
      "AFTER_NODE": 10.0,
      "BEFORE_LAT": 36.014259,
      "BEFORE_LON": 120.23456,
      "AFTER_LAT": 36.014233,
      "AFTER_LON": 120.23454,
      "SOG": 0,
      "MOVINGTIME": 1860.0,
      "ARRIVALTIME": "20251129202400"
    },
    {
      "SEQ": 10,
      "BEFORE_NODE": 10.0,
      "AFTER_NODE": 11.0,
      "BEFORE_LAT": 36.014233,
      "BEFORE_LON": 120.23454,
      "AFTER_LAT": 36.014179,
      "AFTER_LON": 120.23452,
      "SOG": 0.1,
      "MOVINGTIME": 1740.0,
      "ARRIVALTIME": "20251129205300"
    },
    {
      "SEQ": 11,
      "BEFORE_NODE": 11.0,
      "AFTER_NODE": 12.0,
      "BEFORE_LAT": 36.014179,
      "BEFORE_LON": 120.23452,
      "AFTER_LAT": 36.014282,
      "AFTER_LON": 120.23434,
      "SOG": 0,
      "MOVINGTIME": 1680.0,
      "ARRIVALTIME": "20251129212100"
    },
    {
      "SEQ": 12,
      "BEFORE_NODE": 12.0,
      "AFTER_NODE": 13.0,
      "BEFORE_LAT": 36.014282,
      "BEFORE_LON": 120.23434,
      "AFTER_LAT": 36.014217,
      "AFTER_LON": 120.2344,
      "SOG": 0.1,
      "MOVINGTIME": 2040.0,
      "ARRIVALTIME": "20251129215500"
    },
    {
      "SEQ": 13,
      "BEFORE_NODE": 13.0,
      "AFTER_NODE": 14.0,
      "BEFORE_LAT": 36.014217,
      "BEFORE_LON": 120.2344,
      "AFTER_LAT": 36.014305,
      "AFTER_LON": 120.23456,
      "SOG": 0,
      "MOVINGTIME": 1500.0,
      "ARRIVALTIME": "20251129222000"
    },
    {
      "SEQ": 14,
      "BEFORE_NODE": 14.0,
      "AFTER_NODE": 15.0,
      "BEFORE_LAT": 36.014305,
      "BEFORE_LON": 120.23456,
      "AFTER_LAT": 36.0144,
      "AFTER_LON": 120.23463,
      "SOG": 0,
      "MOVINGTIME": 1860.0,
      "ARRIVALTIME": "20251129225100"
    },
    {
      "SEQ": 15,
      "BEFORE_NODE": 15.0,
      "AFTER_NODE": 16.0,
      "BEFORE_LAT": 36.0144,
      "BEFORE_LON": 120.23463,
      "AFTER_LAT": 36.014194,
      "AFTER_LON": 120.2345,
      "SOG": 0,
      "MOVINGTIME": 3720.0,
      "ARRIVALTIME": "20251129235300"
    },
    {
      "SEQ": 16,
      "BEFORE_NODE": 16.0,
      "AFTER_NODE": 17.0,
      "BEFORE_LAT": 36.014194,
      "BEFORE_LON": 120.2345,
      "AFTER_LAT": 36.014278,
      "AFTER_LON": 120.23456,
      "SOG": 0.1,
      "MOVINGTIME": 2160.0,
      "ARRIVALTIME": "20251130002900"
    },
    {
      "SEQ": 17,
      "BEFORE_NODE": 17.0,
      "AFTER_NODE": 18.0,
      "BEFORE_LAT": 36.014278,
      "BEFORE_LON": 120.23456,
      "AFTER_LAT": 36.014236,
      "AFTER_LON": 120.23452,
      "SOG": 0,
      "MOVINGTIME": 1080.0,
      "ARRIVALTIME": "20251130004700"
    },
    {
      "SEQ": 18,
      "BEFORE_NODE": 18.0,
      "AFTER_NODE": 19.0,
      "BEFORE_LAT": 36.014236,
      "BEFORE_LON": 120.23452,
      "AFTER_LAT": 36.014278,
      "AFTER_LON": 120.23456,
      "SOG": 0,
      "MOVINGTIME": 2400.0,
      "ARRIVALTIME": "20251130012700"
    },
    {
      "SEQ": 19,
      "BEFORE_NODE": 19.0,
      "AFTER_NODE": 20.0,
      "BEFORE_LAT": 36.014278,
      "BEFORE_LON": 120.23456,
      "AFTER_LAT": 36.014252,
      "AFTER_LON": 120.23452,
      "SOG": 0,
      "MOVINGTIME": 1320.0,
      "ARRIVALTIME": "20251130014900"
    },
    {
      "SEQ": 20,
      "BEFORE_NODE": 20.0,
      "AFTER_NODE": 21.0,
      "BEFORE_LAT": 36.014252,
      "BEFORE_LON": 120.23452,
      "AFTER_LAT": 36.014408,
      "AFTER_LON": 120.23459,
      "SOG": 0,
      "MOVINGTIME": 2040.0,
      "ARRIVALTIME": "20251130022300"
    },
    {
      "SEQ": 21,
      "BEFORE_NODE": 21.0,
      "AFTER_NODE": 22.0,
      "BEFORE_LAT": 36.014408,
      "BEFORE_LON": 120.23459,
      "AFTER_LAT": 36.014454,
      "AFTER_LON": 120.23452,
      "SOG": 0,
      "MOVINGTIME": 1860.0,
      "ARRIVALTIME": "20251130025400"
    },
    {
      "SEQ": 22,
      "BEFORE_NODE": 22.0,
      "AFTER_NODE": 23.0,
      "BEFORE_LAT": 36.014454,
      "BEFORE_LON": 120.23452,
      "AFTER_LAT": 36.014267,
      "AFTER_LON": 120.23456,
      "SOG": 0,
      "MOVINGTIME": 1800.0,
      "ARRIVALTIME": "20251130032400"
    },
    {
      "SEQ": 23,
      "BEFORE_NODE": 23.0,
      "AFTER_NODE": 24.0,
      "BEFORE_LAT": 36.014267,
      "BEFORE_LON": 120.23456,
      "AFTER_LAT": 36.014244,
      "AFTER_LON": 120.2345,
      "SOG": 0,
      "MOVINGTIME": 3480.0,
      "ARRIVALTIME": "20251130042200"
    },
    {
      "SEQ": 24,
      "BEFORE_NODE": 24.0,
      "AFTER_NODE": 25.0,
      "BEFORE_LAT": 36.014244,
      "BEFORE_LON": 120.2345,
      "AFTER_LAT": 36.014278,
      "AFTER_LON": 120.2345,
      "SOG": 0,
      "MOVINGTIME": 1860.0,
      "ARRIVALTIME": "20251130045300"
    },
    {
      "SEQ": 25,
      "BEFORE_NODE": 25.0,
      "AFTER_NODE": 26.0,
      "BEFORE_LAT": 36.014278,
      "BEFORE_LON": 120.2345,
      "AFTER_LAT": 36.014297,
      "AFTER_LON": 120.23455,
      "SOG": 0,
      "MOVINGTIME": 1680.0,
      "ARRIVALTIME": "20251130052100"
    },
    {
      "SEQ": 26,
      "BEFORE_NODE": 26.0,
      "AFTER_NODE": 27.0,
      "BEFORE_LAT": 36.014297,
      "BEFORE_LON": 120.23455,
      "AFTER_LAT": 36.01432,
      "AFTER_LON": 120.23456,
      "SOG": 0,
      "MOVINGTIME": 1560.0,
      "ARRIVALTIME": "20251130054700"
    },
    {
      "SEQ": 27,
      "BEFORE_NODE": 27.0,
      "AFTER_NODE": 28.0,
      "BEFORE_LAT": 36.01432,
      "BEFORE_LON": 120.23456,
      "AFTER_LAT": 36.014244,
      "AFTER_LON": 120.23456,
      "SOG": 0,
      "MOVINGTIME": 2040.0,
      "ARRIVALTIME": "20251130062100"
    },
    {
      "SEQ": 28,
      "BEFORE_NODE": 28.0,
      "AFTER_NODE": 29.0,
      "BEFORE_LAT": 36.014244,
      "BEFORE_LON": 120.23456,
      "AFTER_LAT": 36.014297,
      "AFTER_LON": 120.23455,
      "SOG": 0,
      "MOVINGTIME": 2160.0,
      "ARRIVALTIME": "20251130065700"
    },
    {
      "SEQ": 29,
      "BEFORE_NODE": 29.0,
      "AFTER_NODE": 30.0,
      "BEFORE_LAT": 36.014297,
      "BEFORE_LON": 120.23455,
      "AFTER_LAT": 36.014233,
      "AFTER_LON": 120.23455,
      "SOG": 0,
      "MOVINGTIME": 1800.0,
      "ARRIVALTIME": "20251130072700"
    },
    {
      "SEQ": 30,
      "BEFORE_NODE": 30.0,
      "AFTER_NODE": 31.0,
      "BEFORE_LAT": 36.014233,
      "BEFORE_LON": 120.23455,
      "AFTER_LAT": 36.014252,
      "AFTER_LON": 120.23456,
      "SOG": 0,
      "MOVINGTIME": 1380.0,
      "ARRIVALTIME": "20251130075000"
    },
    {
      "SEQ": 31,
      "BEFORE_NODE": 31.0,
      "AFTER_NODE": 32.0,
      "BEFORE_LAT": 36.014252,
      "BEFORE_LON": 120.23456,
      "AFTER_LAT": 36.014267,
      "AFTER_LON": 120.23456,
      "SOG": 0,
      "MOVINGTIME": 3600.0,
      "ARRIVALTIME": "20251130085000"
    },
    {
      "SEQ": 32,
      "BEFORE_NODE": 32.0,
      "AFTER_NODE": 33.0,
      "BEFORE_LAT": 36.014267,
      "BEFORE_LON": 120.23456,
      "AFTER_LAT": 36.014233,
      "AFTER_LON": 120.23455,
      "SOG": 0,
      "MOVINGTIME": 2220.0,
      "ARRIVALTIME": "20251130092700"
    },
    {
      "SEQ": 33,
      "BEFORE_NODE": 33.0,
      "AFTER_NODE": 34.0,
      "BEFORE_LAT": 36.014233,
      "BEFORE_LON": 120.23455,
      "AFTER_LAT": 36.014275,
      "AFTER_LON": 120.23454,
      "SOG": 0,
      "MOVINGTIME": 3360.0,
      "ARRIVALTIME": "20251130102300"
    },
    {
      "SEQ": 34,
      "BEFORE_NODE": 34.0,
      "AFTER_NODE": 35.0,
      "BEFORE_LAT": 36.014275,
      "BEFORE_LON": 120.23454,
      "AFTER_LAT": 36.014252,
      "AFTER_LON": 120.23447,
      "SOG": 0,
      "MOVINGTIME": 1680.0,
      "ARRIVALTIME": "20251130105100"
    },
    {
      "SEQ": 35,
      "BEFORE_NODE": 35.0,
      "AFTER_NODE": 36.0,
      "BEFORE_LAT": 36.014252,
      "BEFORE_LON": 120.23447,
      "AFTER_LAT": 36.014259,
      "AFTER_LON": 120.23455,
      "SOG": 0,
      "MOVINGTIME": 1920.0,
      "ARRIVALTIME": "20251130112300"
    },
    {
      "SEQ": 36,
      "BEFORE_NODE": 36.0,
      "AFTER_NODE": 37.0,
      "BEFORE_LAT": 36.014259,
      "BEFORE_LON": 120.23455,
      "AFTER_LAT": 36.014267,
      "AFTER_LON": 120.23456,
      "SOG": 0,
      "MOVINGTIME": 1920.0,
      "ARRIVALTIME": "20251130115500"
    },
    {
      "SEQ": 37,
      "BEFORE_NODE": 37.0,
      "AFTER_NODE": 38.0,
      "BEFORE_LAT": 36.014267,
      "BEFORE_LON": 120.23456,
      "AFTER_LAT": 36.014286,
      "AFTER_LON": 120.23455,
      "SOG": 0,
      "MOVINGTIME": 1560.0,
      "ARRIVALTIME": "20251130122100"
    },
    {
      "SEQ": 38,
      "BEFORE_NODE": 38.0,
      "AFTER_NODE": 39.0,
      "BEFORE_LAT": 36.014286,
      "BEFORE_LON": 120.23455,
      "AFTER_LAT": 36.014221,
      "AFTER_LON": 120.23454,
      "SOG": 0,
      "MOVINGTIME": 1740.0,
      "ARRIVALTIME": "20251130125000"
    },
    {
      "SEQ": 39,
      "BEFORE_NODE": 39.0,
      "AFTER_NODE": 40.0,
      "BEFORE_LAT": 36.014221,
      "BEFORE_LON": 120.23454,
      "AFTER_LAT": 36.014221,
      "AFTER_LON": 120.2345,
      "SOG": 0,
      "MOVINGTIME": 2040.0,
      "ARRIVALTIME": "20251130132400"
    },
    {
      "SEQ": 40,
      "BEFORE_NODE": 40.0,
      "AFTER_NODE": 41.0,
      "BEFORE_LAT": 36.014221,
      "BEFORE_LON": 120.2345,
      "AFTER_LAT": 36.014221,
      "AFTER_LON": 120.23455,
      "SOG": 0,
      "MOVINGTIME": 1980.0,
      "ARRIVALTIME": "20251130135700"
    },
    {
      "SEQ": 41,
      "BEFORE_NODE": 41.0,
      "AFTER_NODE": 42.0,
      "BEFORE_LAT": 36.014221,
      "BEFORE_LON": 120.23455,
      "AFTER_LAT": 36.014252,
      "AFTER_LON": 120.23455,
      "SOG": 0,
      "MOVINGTIME": 1560.0,
      "ARRIVALTIME": "20251130142300"
    },
    {
      "SEQ": 42,
      "BEFORE_NODE": 42.0,
      "AFTER_NODE": 43.0,
      "BEFORE_LAT": 36.014252,
      "BEFORE_LON": 120.23455,
      "AFTER_LAT": 36.014275,
      "AFTER_LON": 120.23456,
      "SOG": 0,
      "MOVINGTIME": 1740.0,
      "ARRIVALTIME": "20251130145200"
    },
    {
      "SEQ": 43,
      "BEFORE_NODE": 43.0,
      "AFTER_NODE": 44.0,
      "BEFORE_LAT": 36.014275,
      "BEFORE_LON": 120.23456,
      "AFTER_LAT": 36.014278,
      "AFTER_LON": 120.2345,
      "SOG": 0,
      "MOVINGTIME": 1860.0,
      "ARRIVALTIME": "20251130152300"
    },
    {
      "SEQ": 44,
      "BEFORE_NODE": 44.0,
      "AFTER_NODE": 45.0,
      "BEFORE_LAT": 36.014278,
      "BEFORE_LON": 120.2345,
      "AFTER_LAT": 36.014225,
      "AFTER_LON": 120.23452,
      "SOG": 0,
      "MOVINGTIME": 1860.0,
      "ARRIVALTIME": "20251130155400"
    },
    {
      "SEQ": 45,
      "BEFORE_NODE": 45.0,
      "AFTER_NODE": 46.0,
      "BEFORE_LAT": 36.014225,
      "BEFORE_LON": 120.23452,
      "AFTER_LAT": 36.014267,
      "AFTER_LON": 120.23452,
      "SOG": 0,
      "MOVINGTIME": 1560.0,
      "ARRIVALTIME": "20251130162000"
    },
    {
      "SEQ": 46,
      "BEFORE_NODE": 46.0,
      "AFTER_NODE": 47.0,
      "BEFORE_LAT": 36.014267,
      "BEFORE_LON": 120.23452,
      "AFTER_LAT": 36.014256,
      "AFTER_LON": 120.23455,
      "SOG": 0,
      "MOVINGTIME": 1980.0,
      "ARRIVALTIME": "20251130165300"
    },
    {
      "SEQ": 47,
      "BEFORE_NODE": 47.0,
      "AFTER_NODE": 48.0,
      "BEFORE_LAT": 36.014256,
      "BEFORE_LON": 120.23455,
      "AFTER_LAT": 36.014286,
      "AFTER_LON": 120.23456,
      "SOG": 0,
      "MOVINGTIME": 1860.0,
      "ARRIVALTIME": "20251130172400"
    },
    {
      "SEQ": 48,
      "BEFORE_NODE": 48.0,
      "AFTER_NODE": 49.0,
      "BEFORE_LAT": 36.014286,
      "BEFORE_LON": 120.23456,
      "AFTER_LAT": 36.014248,
      "AFTER_LON": 120.23454,
      "SOG": 0,
      "MOVINGTIME": 1740.0,
      "ARRIVALTIME": "20251130175300"
    },
    {
      "SEQ": 49,
      "BEFORE_NODE": 49.0,
      "AFTER_NODE": 50.0,
      "BEFORE_LAT": 36.014248,
      "BEFORE_LON": 120.23454,
      "AFTER_LAT": 36.014252,
      "AFTER_LON": 120.23455,
      "SOG": 0,
      "MOVINGTIME": 1980.0,
      "ARRIVALTIME": "20251130182600"
    },
    {
      "SEQ": 50,
      "BEFORE_NODE": 50.0,
      "AFTER_NODE": 51.0,
      "BEFORE_LAT": 36.014252,
      "BEFORE_LON": 120.23455,
      "AFTER_LAT": 36.014259,
      "AFTER_LON": 120.2345,
      "SOG": 0,
      "MOVINGTIME": 1800.0,
      "ARRIVALTIME": "20251130185600"
    },
    {
      "SEQ": 51,
      "BEFORE_NODE": 51.0,
      "AFTER_NODE": 52.0,
      "BEFORE_LAT": 36.014259,
      "BEFORE_LON": 120.2345,
      "AFTER_LAT": 36.014194,
      "AFTER_LON": 120.23452,
      "SOG": 0,
      "MOVINGTIME": 2077.0,
      "ARRIVALTIME": "20251130193037"
    },
    {
      "SEQ": 52,
      "BEFORE_NODE": 52.0,
      "AFTER_NODE": 53.0,
      "BEFORE_LAT": 36.014194,
      "BEFORE_LON": 120.23452,
      "AFTER_LAT": 36.014225,
      "AFTER_LON": 120.2345,
      "SOG": 0,
      "MOVINGTIME": 1343.0,
      "ARRIVALTIME": "20251130195300"
    },
    {
      "SEQ": 53,
      "BEFORE_NODE": 53.0,
      "AFTER_NODE": 54.0,
      "BEFORE_LAT": 36.014225,
      "BEFORE_LON": 120.2345,
      "AFTER_LAT": 36.014233,
      "AFTER_LON": 120.23454,
      "SOG": 0,
      "MOVINGTIME": 2220.0,
      "ARRIVALTIME": "20251130203000"
    },
    {
      "SEQ": 54,
      "BEFORE_NODE": 54.0,
      "AFTER_NODE": 55.0,
      "BEFORE_LAT": 36.014233,
      "BEFORE_LON": 120.23454,
      "AFTER_LAT": 36.014248,
      "AFTER_LON": 120.23452,
      "SOG": 0,
      "MOVINGTIME": 1380.0,
      "ARRIVALTIME": "20251130205300"
    },
    {
      "SEQ": 55,
      "BEFORE_NODE": 55.0,
      "AFTER_NODE": 56.0,
      "BEFORE_LAT": 36.014248,
      "BEFORE_LON": 120.23452,
      "AFTER_LAT": 36.014252,
      "AFTER_LON": 120.23454,
      "SOG": 0,
      "MOVINGTIME": 1680.0,
      "ARRIVALTIME": "20251130212100"
    },
    {
      "SEQ": 56,
      "BEFORE_NODE": 56.0,
      "AFTER_NODE": 57.0,
      "BEFORE_LAT": 36.014252,
      "BEFORE_LON": 120.23454,
      "AFTER_LAT": 36.014233,
      "AFTER_LON": 120.23459,
      "SOG": 0,
      "MOVINGTIME": 1980.0,
      "ARRIVALTIME": "20251130215400"
    },
    {
      "SEQ": 57,
      "BEFORE_NODE": 57.0,
      "AFTER_NODE": 58.0,
      "BEFORE_LAT": 36.014233,
      "BEFORE_LON": 120.23459,
      "AFTER_LAT": 36.014225,
      "AFTER_LON": 120.23454,
      "SOG": 0,
      "MOVINGTIME": 2160.0,
      "ARRIVALTIME": "20251130223000"
    },
    {
      "SEQ": 58,
      "BEFORE_NODE": 58.0,
      "AFTER_NODE": 59.0,
      "BEFORE_LAT": 36.014225,
      "BEFORE_LON": 120.23454,
      "AFTER_LAT": 36.014252,
      "AFTER_LON": 120.2346,
      "SOG": 0,
      "MOVINGTIME": 1440.0,
      "ARRIVALTIME": "20251130225400"
    },
    {
      "SEQ": 59,
      "BEFORE_NODE": 59.0,
      "AFTER_NODE": 60.0,
      "BEFORE_LAT": 36.014252,
      "BEFORE_LON": 120.2346,
      "AFTER_LAT": 36.01424,
      "AFTER_LON": 120.23456,
      "SOG": 0,
      "MOVINGTIME": 1980.0,
      "ARRIVALTIME": "20251130232700"
    },
    {
      "SEQ": 60,
      "BEFORE_NODE": 60.0,
      "AFTER_NODE": 61.0,
      "BEFORE_LAT": 36.01424,
      "BEFORE_LON": 120.23456,
      "AFTER_LAT": 36.014523,
      "AFTER_LON": 120.23468,
      "SOG": 0,
      "MOVINGTIME": 1620.0,
      "ARRIVALTIME": "20251130235400"
    },
    {
      "SEQ": 61,
      "BEFORE_NODE": 61.0,
      "AFTER_NODE": 62.0,
      "BEFORE_LAT": 36.014523,
      "BEFORE_LON": 120.23468,
      "AFTER_LAT": 36.014275,
      "AFTER_LON": 120.23486,
      "SOG": 0,
      "MOVINGTIME": 23400.0,
      "ARRIVALTIME": "20251201062400"
    },
    {
      "SEQ": 62,
      "BEFORE_NODE": 62.0,
      "AFTER_NODE": 63.0,
      "BEFORE_LAT": 36.014275,
      "BEFORE_LON": 120.23486,
      "AFTER_LAT": 36.014183,
      "AFTER_LON": 120.2345,
      "SOG": 0,
      "MOVINGTIME": 1620.0,
      "ARRIVALTIME": "20251201065100"
    },
    {
      "SEQ": 63,
      "BEFORE_NODE": 63.0,
      "AFTER_NODE": 64.0,
      "BEFORE_LAT": 36.014183,
      "BEFORE_LON": 120.2345,
      "AFTER_LAT": 36.014305,
      "AFTER_LON": 120.23457,
      "SOG": 0,
      "MOVINGTIME": 1860.0,
      "ARRIVALTIME": "20251201072200"
    },
    {
      "SEQ": 64,
      "BEFORE_NODE": 64.0,
      "AFTER_NODE": 65.0,
      "BEFORE_LAT": 36.014305,
      "BEFORE_LON": 120.23457,
      "AFTER_LAT": 36.014359,
      "AFTER_LON": 120.23457,
      "SOG": 0,
      "MOVINGTIME": 1920.0,
      "ARRIVALTIME": "20251201075400"
    },
    {
      "SEQ": 65,
      "BEFORE_NODE": 65.0,
      "AFTER_NODE": 66.0,
      "BEFORE_LAT": 36.014359,
      "BEFORE_LON": 120.23457,
      "AFTER_LAT": 36.014248,
      "AFTER_LON": 120.23455,
      "SOG": 0,
      "MOVINGTIME": 1800.0,
      "ARRIVALTIME": "20251201082400"
    },
    {
      "SEQ": 66,
      "BEFORE_NODE": 66.0,
      "AFTER_NODE": 67.0,
      "BEFORE_LAT": 36.014248,
      "BEFORE_LON": 120.23455,
      "AFTER_LAT": 36.014301,
      "AFTER_LON": 120.23465,
      "SOG": 0,
      "MOVINGTIME": 1740.0,
      "ARRIVALTIME": "20251201085300"
    },
    {
      "SEQ": 67,
      "BEFORE_NODE": 67.0,
      "AFTER_NODE": 68.0,
      "BEFORE_LAT": 36.014301,
      "BEFORE_LON": 120.23465,
      "AFTER_LAT": 36.014256,
      "AFTER_LON": 120.23454,
      "SOG": 0,
      "MOVINGTIME": 1920.0,
      "ARRIVALTIME": "20251201092500"
    },
    {
      "SEQ": 68,
      "BEFORE_NODE": 68.0,
      "AFTER_NODE": 69.0,
      "BEFORE_LAT": 36.014256,
      "BEFORE_LON": 120.23454,
      "AFTER_LAT": 36.014233,
      "AFTER_LON": 120.23455,
      "SOG": 0,
      "MOVINGTIME": 1680.0,
      "ARRIVALTIME": "20251201095300"
    },
    {
      "SEQ": 69,
      "BEFORE_NODE": 69.0,
      "AFTER_NODE": 70.0,
      "BEFORE_LAT": 36.014233,
      "BEFORE_LON": 120.23455,
      "AFTER_LAT": 36.033264,
      "AFTER_LON": 120.25676,
      "SOG": 10.5,
      "MOVINGTIME": 2100.0,
      "ARRIVALTIME": "20251201102800"
    },
    {
      "SEQ": 70,
      "BEFORE_NODE": 70.0,
      "AFTER_NODE": 71.0,
      "BEFORE_LAT": 36.033264,
      "BEFORE_LON": 120.25676,
      "AFTER_LAT": 36.015308,
      "AFTER_LON": 120.35242,
      "SOG": 12.5,
      "MOVINGTIME": 1680.0,
      "ARRIVALTIME": "20251201105600"
    },
    {
      "SEQ": 71,
      "BEFORE_NODE": 71.0,
      "AFTER_NODE": 72.0,
      "BEFORE_LAT": 36.015308,
      "BEFORE_LON": 120.35242,
      "AFTER_LAT": 35.991825,
      "AFTER_LON": 120.47587,
      "SOG": 9.1,
      "MOVINGTIME": 1680.0,
      "ARRIVALTIME": "20251201112400"
    },
    {
      "SEQ": 72,
      "BEFORE_NODE": 72.0,
      "AFTER_NODE": 73.0,
      "BEFORE_LAT": 35.991825,
      "BEFORE_LON": 120.47587,
      "AFTER_LAT": 35.975933,
      "AFTER_LON": 120.55793,
      "SOG": 12.6,
      "MOVINGTIME": 1740.0,
      "ARRIVALTIME": "20251201115300"
    },
    {
      "SEQ": 73,
      "BEFORE_NODE": 73.0,
      "AFTER_NODE": 74.0,
      "BEFORE_LAT": 35.975933,
      "BEFORE_LON": 120.55793,
      "AFTER_LAT": 35.945782,
      "AFTER_LON": 120.69799,
      "SOG": 13,
      "MOVINGTIME": 1860.0,
      "ARRIVALTIME": "20251201122400"
    },
    {
      "SEQ": 74,
      "BEFORE_NODE": 74.0,
      "AFTER_NODE": 75.0,
      "BEFORE_LAT": 35.945782,
      "BEFORE_LON": 120.69799,
      "AFTER_LAT": 35.868725,
      "AFTER_LON": 120.79739,
      "SOG": 12.6,
      "MOVINGTIME": 1740.0,
      "ARRIVALTIME": "20251201125300"
    },
    {
      "SEQ": 75,
      "BEFORE_NODE": 75.0,
      "AFTER_NODE": 76.0,
      "BEFORE_LAT": 35.868725,
      "BEFORE_LON": 120.79739,
      "AFTER_LAT": 35.778858,
      "AFTER_LON": 120.84586,
      "SOG": 12.5,
      "MOVINGTIME": 1740.0,
      "ARRIVALTIME": "20251201132200"
    },
    {
      "SEQ": 76,
      "BEFORE_NODE": 76.0,
      "AFTER_NODE": 77.0,
      "BEFORE_LAT": 35.778858,
      "BEFORE_LON": 120.84586,
      "AFTER_LAT": 35.689232,
      "AFTER_LON": 120.89909,
      "SOG": 12.3,
      "MOVINGTIME": 1740.0,
      "ARRIVALTIME": "20251201135100"
    },
    {
      "SEQ": 77,
      "BEFORE_NODE": 77.0,
      "AFTER_NODE": 78.0,
      "BEFORE_LAT": 35.689232,
      "BEFORE_LON": 120.89909,
      "AFTER_LAT": 35.552032,
      "AFTER_LON": 121.05019,
      "SOG": 11.6,
      "MOVINGTIME": 2941.0,
      "ARRIVALTIME": "20251201144001"
    },
    {
      "SEQ": 78,
      "BEFORE_NODE": 78.0,
      "AFTER_NODE": 79.0,
      "BEFORE_LAT": 35.552032,
      "BEFORE_LON": 121.05019,
      "AFTER_LAT": 35.552032,
      "AFTER_LON": 121.05019,
      "SOG": 11.6,
      "MOVINGTIME": 719.0,
      "ARRIVALTIME": "20251201145200"
    },
    {
      "SEQ": 79,
      "BEFORE_NODE": 79.0,
      "AFTER_NODE": 80.0,
      "BEFORE_LAT": 35.552032,
      "BEFORE_LON": 121.05019,
      "AFTER_LAT": 35.459641,
      "AFTER_LON": 121.18031,
      "SOG": 12,
      "MOVINGTIME": 1860.0,
      "ARRIVALTIME": "20251201152300"
    },
    {
      "SEQ": 80,
      "BEFORE_NODE": 80.0,
      "AFTER_NODE": 81.0,
      "BEFORE_LAT": 35.459641,
      "BEFORE_LON": 121.18031,
      "AFTER_LAT": 35.379543,
      "AFTER_LON": 121.27654,
      "SOG": 12.1,
      "MOVINGTIME": 1860.0,
      "ARRIVALTIME": "20251201155400"
    },
    {
      "SEQ": 81,
      "BEFORE_NODE": 81.0,
      "AFTER_NODE": 82.0,
      "BEFORE_LAT": 35.379543,
      "BEFORE_LON": 121.27654,
      "AFTER_LAT": 35.325615,
      "AFTER_LON": 121.34609,
      "SOG": 12.3,
      "MOVINGTIME": 1800.0,
      "ARRIVALTIME": "20251201162400"
    },
    {
      "SEQ": 82,
      "BEFORE_NODE": 82.0,
      "AFTER_NODE": 83.0,
      "BEFORE_LAT": 35.325615,
      "BEFORE_LON": 121.34609,
      "AFTER_LAT": 35.249599,
      "AFTER_LON": 121.43936,
      "SOG": 12.3,
      "MOVINGTIME": 1740.0,
      "ARRIVALTIME": "20251201165300"
    },
    {
      "SEQ": 83,
      "BEFORE_NODE": 83.0,
      "AFTER_NODE": 84.0,
      "BEFORE_LAT": 35.249599,
      "BEFORE_LON": 121.43936,
      "AFTER_LAT": 35.166489,
      "AFTER_LON": 121.5359,
      "SOG": 12.6,
      "MOVINGTIME": 1740.0,
      "ARRIVALTIME": "20251201172200"
    },
    {
      "SEQ": 84,
      "BEFORE_NODE": 84.0,
      "AFTER_NODE": 85.0,
      "BEFORE_LAT": 35.166489,
      "BEFORE_LON": 121.5359,
      "AFTER_LAT": 35.112041,
      "AFTER_LON": 121.59666,
      "SOG": 12.6,
      "MOVINGTIME": 1800.0,
      "ARRIVALTIME": "20251201175200"
    },
    {
      "SEQ": 85,
      "BEFORE_NODE": 85.0,
      "AFTER_NODE": 86.0,
      "BEFORE_LAT": 35.112041,
      "BEFORE_LON": 121.59666,
      "AFTER_LAT": 35.034283,
      "AFTER_LON": 121.69445,
      "SOG": 12.6,
      "MOVINGTIME": 1740.0,
      "ARRIVALTIME": "20251201182100"
    },
    {
      "SEQ": 86,
      "BEFORE_NODE": 86.0,
      "AFTER_NODE": 87.0,
      "BEFORE_LAT": 35.034283,
      "BEFORE_LON": 121.69445,
      "AFTER_LAT": 34.124989,
      "AFTER_LON": 122.52779,
      "SOG": 12.3,
      "MOVINGTIME": 19620.0,
      "ARRIVALTIME": "20251201234800"
    },
    {
      "SEQ": 87,
      "BEFORE_NODE": 87.0,
      "AFTER_NODE": 88.0,
      "BEFORE_LAT": 34.124989,
      "BEFORE_LON": 122.52779,
      "AFTER_LAT": 31.741093,
      "AFTER_LON": 123.23511,
      "SOG": 11.8,
      "MOVINGTIME": 41640.0,
      "ARRIVALTIME": "20251202112200"
    },
    {
      "SEQ": 88,
      "BEFORE_NODE": 88.0,
      "AFTER_NODE": 89.0,
      "BEFORE_LAT": 31.741093,
      "BEFORE_LON": 123.23511,
      "AFTER_LAT": 31.642534,
      "AFTER_LON": 123.25665,
      "SOG": 12.1,
      "MOVINGTIME": 1560.0,
      "ARRIVALTIME": "20251202114800"
    },
    {
      "SEQ": 89,
      "BEFORE_NODE": 89.0,
      "AFTER_NODE": 90.0,
      "BEFORE_LAT": 31.642534,
      "BEFORE_LON": 123.25665,
      "AFTER_LAT": 31.5564,
      "AFTER_LON": 123.25296,
      "SOG": 12,
      "MOVINGTIME": 1980.0,
      "ARRIVALTIME": "20251202122100"
    },
    {
      "SEQ": 90,
      "BEFORE_NODE": 90.0,
      "AFTER_NODE": 91.0,
      "BEFORE_LAT": 31.5564,
      "BEFORE_LON": 123.25296,
      "AFTER_LAT": 31.460093,
      "AFTER_LON": 123.25396,
      "SOG": 11.8,
      "MOVINGTIME": 1680.0,
      "ARRIVALTIME": "20251202124900"
    },
    {
      "SEQ": 91,
      "BEFORE_NODE": 91.0,
      "AFTER_NODE": 92.0,
      "BEFORE_LAT": 31.460093,
      "BEFORE_LON": 123.25396,
      "AFTER_LAT": 31.37549,
      "AFTER_LON": 123.26665,
      "SOG": 12.1,
      "MOVINGTIME": 1920.0,
      "ARRIVALTIME": "20251202132100"
    },
    {
      "SEQ": 92,
      "BEFORE_NODE": 92.0,
      "AFTER_NODE": 93.0,
      "BEFORE_LAT": 31.37549,
      "BEFORE_LON": 123.26665,
      "AFTER_LAT": 30.802994,
      "AFTER_LON": 123.26244,
      "SOG": 13.6,
      "MOVINGTIME": 9120.0,
      "ARRIVALTIME": "20251202155300"
    },
    {
      "SEQ": 93,
      "BEFORE_NODE": 93.0,
      "AFTER_NODE": 94.0,
      "BEFORE_LAT": 30.802994,
      "BEFORE_LON": 123.26244,
      "AFTER_LAT": 30.671614,
      "AFTER_LON": 123.22669,
      "SOG": 13.8,
      "MOVINGTIME": 1860.0,
      "ARRIVALTIME": "20251202162400"
    },
    {
      "SEQ": 94,
      "BEFORE_NODE": 94.0,
      "AFTER_NODE": 95.0,
      "BEFORE_LAT": 30.671614,
      "BEFORE_LON": 123.22669,
      "AFTER_LAT": 30.591793,
      "AFTER_LON": 123.18967,
      "SOG": 14.3,
      "MOVINGTIME": 1680.0,
      "ARRIVALTIME": "20251202165200"
    },
    {
      "SEQ": 95,
      "BEFORE_NODE": 95.0,
      "AFTER_NODE": 96.0,
      "BEFORE_LAT": 30.591793,
      "BEFORE_LON": 123.18967,
      "AFTER_LAT": 30.481657,
      "AFTER_LON": 123.12844,
      "SOG": 14.1,
      "MOVINGTIME": 1860.0,
      "ARRIVALTIME": "20251202172300"
    },
    {
      "SEQ": 96,
      "BEFORE_NODE": 96.0,
      "AFTER_NODE": 97.0,
      "BEFORE_LAT": 30.481657,
      "BEFORE_LON": 123.12844,
      "AFTER_LAT": 30.361851,
      "AFTER_LON": 123.07072,
      "SOG": 15,
      "MOVINGTIME": 1800.0,
      "ARRIVALTIME": "20251202175300"
    },
    {
      "SEQ": 97,
      "BEFORE_NODE": 97.0,
      "AFTER_NODE": 98.0,
      "BEFORE_LAT": 30.361851,
      "BEFORE_LON": 123.07072,
      "AFTER_LAT": 30.223301,
      "AFTER_LON": 123.0122,
      "SOG": 14.8,
      "MOVINGTIME": 1920.0,
      "ARRIVALTIME": "20251202182500"
    },
    {
      "SEQ": 98,
      "BEFORE_NODE": 98.0,
      "AFTER_NODE": 99.0,
      "BEFORE_LAT": 30.223301,
      "BEFORE_LON": 123.0122,
      "AFTER_LAT": 30.145147,
      "AFTER_LON": 122.97672,
      "SOG": 14.8,
      "MOVINGTIME": 1620.0,
      "ARRIVALTIME": "20251202185200"
    },
    {
      "SEQ": 99,
      "BEFORE_NODE": 99.0,
      "AFTER_NODE": 100.0,
      "BEFORE_LAT": 30.145147,
      "BEFORE_LON": 122.97672,
      "AFTER_LAT": 30.019207,
      "AFTER_LON": 122.92116,
      "SOG": 15.1,
      "MOVINGTIME": 1920.0,
      "ARRIVALTIME": "20251202192400"
    },
    {
      "SEQ": 100,
      "BEFORE_NODE": 100.0,
      "AFTER_NODE": 101.0,
      "BEFORE_LAT": 30.019207,
      "BEFORE_LON": 122.92116,
      "AFTER_LAT": 29.904053,
      "AFTER_LON": 122.87703,
      "SOG": 15,
      "MOVINGTIME": 1620.0,
      "ARRIVALTIME": "20251202195100"
    },
    {
      "SEQ": 101,
      "BEFORE_NODE": 101.0,
      "AFTER_NODE": 102.0,
      "BEFORE_LAT": 29.904053,
      "BEFORE_LON": 122.87703,
      "AFTER_LAT": 29.77404,
      "AFTER_LON": 122.82378,
      "SOG": 10.6,
      "MOVINGTIME": 1980.0,
      "ARRIVALTIME": "20251202202400"
    },
    {
      "SEQ": 102,
      "BEFORE_NODE": 102.0,
      "AFTER_NODE": 103.0,
      "BEFORE_LAT": 29.77404,
      "BEFORE_LON": 122.82378,
      "AFTER_LAT": 29.79318,
      "AFTER_LON": 122.79589,
      "SOG": 2,
      "MOVINGTIME": 1860.0,
      "ARRIVALTIME": "20251202205500"
    },
    {
      "SEQ": 103,
      "BEFORE_NODE": 103.0,
      "AFTER_NODE": 104.0,
      "BEFORE_LAT": 29.79318,
      "BEFORE_LON": 122.79589,
      "AFTER_LAT": 29.792116,
      "AFTER_LON": 122.80027,
      "SOG": 0,
      "MOVINGTIME": 1680.0,
      "ARRIVALTIME": "20251202212300"
    },
    {
      "SEQ": 104,
      "BEFORE_NODE": 104.0,
      "AFTER_NODE": 105.0,
      "BEFORE_LAT": 29.792116,
      "BEFORE_LON": 122.80027,
      "AFTER_LAT": 29.792286,
      "AFTER_LON": 122.80061,
      "SOG": 0,
      "MOVINGTIME": 1740.0,
      "ARRIVALTIME": "20251202215200"
    },
    {
      "SEQ": 105,
      "BEFORE_NODE": 105.0,
      "AFTER_NODE": 106.0,
      "BEFORE_LAT": 29.792286,
      "BEFORE_LON": 122.80061,
      "AFTER_LAT": 29.792257,
      "AFTER_LON": 122.80068,
      "SOG": 0,
      "MOVINGTIME": 1920.0,
      "ARRIVALTIME": "20251202222400"
    },
    {
      "SEQ": 106,
      "BEFORE_NODE": 106.0,
      "AFTER_NODE": 107.0,
      "BEFORE_LAT": 29.792257,
      "BEFORE_LON": 122.80068,
      "AFTER_LAT": 29.792307,
      "AFTER_LON": 122.80079,
      "SOG": 0.1,
      "MOVINGTIME": 1620.0,
      "ARRIVALTIME": "20251202225100"
    },
    {
      "SEQ": 107,
      "BEFORE_NODE": 107.0,
      "AFTER_NODE": 108.0,
      "BEFORE_LAT": 29.792307,
      "BEFORE_LON": 122.80079,
      "AFTER_LAT": 29.792303,
      "AFTER_LON": 122.80133,
      "SOG": 0.8,
      "MOVINGTIME": 1920.0,
      "ARRIVALTIME": "20251202232300"
    },
    {
      "SEQ": 108,
      "BEFORE_NODE": 108.0,
      "AFTER_NODE": 109.0,
      "BEFORE_LAT": 29.792303,
      "BEFORE_LON": 122.80133,
      "AFTER_LAT": 29.787701,
      "AFTER_LON": 122.80489,
      "SOG": 0.1,
      "MOVINGTIME": 1620.0,
      "ARRIVALTIME": "20251202235000"
    },
    {
      "SEQ": 109,
      "BEFORE_NODE": 109.0,
      "AFTER_NODE": 110.0,
      "BEFORE_LAT": 29.787701,
      "BEFORE_LON": 122.80489,
      "AFTER_LAT": 29.789274,
      "AFTER_LON": 122.80453,
      "SOG": 0.5,
      "MOVINGTIME": 2040.0,
      "ARRIVALTIME": "20251203002400"
    },
    {
      "SEQ": 110,
      "BEFORE_NODE": 110.0,
      "AFTER_NODE": 111.0,
      "BEFORE_LAT": 29.789274,
      "BEFORE_LON": 122.80453,
      "AFTER_LAT": 29.785316,
      "AFTER_LON": 122.81261,
      "SOG": 2.9,
      "MOVINGTIME": 1800.0,
      "ARRIVALTIME": "20251203005400"
    },
    {
      "SEQ": 111,
      "BEFORE_NODE": 111.0,
      "AFTER_NODE": 112.0,
      "BEFORE_LAT": 29.785316,
      "BEFORE_LON": 122.81261,
      "AFTER_LAT": 29.794687,
      "AFTER_LON": 122.7972,
      "SOG": 2.5,
      "MOVINGTIME": 1800.0,
      "ARRIVALTIME": "20251203012400"
    },
    {
      "SEQ": 112,
      "BEFORE_NODE": 112.0,
      "AFTER_NODE": 113.0,
      "BEFORE_LAT": 29.794687,
      "BEFORE_LON": 122.7972,
      "AFTER_LAT": 29.789948,
      "AFTER_LON": 122.80521,
      "SOG": 1.2,
      "MOVINGTIME": 1920.0,
      "ARRIVALTIME": "20251203015600"
    },
    {
      "SEQ": 113,
      "BEFORE_NODE": 113.0,
      "AFTER_NODE": 114.0,
      "BEFORE_LAT": 29.789948,
      "BEFORE_LON": 122.80521,
      "AFTER_LAT": 29.789009,
      "AFTER_LON": 122.80428,
      "SOG": 1.3,
      "MOVINGTIME": 1860.0,
      "ARRIVALTIME": "20251203022700"
    },
    {
      "SEQ": 114,
      "BEFORE_NODE": 114.0,
      "AFTER_NODE": 115.0,
      "BEFORE_LAT": 29.789009,
      "BEFORE_LON": 122.80428,
      "AFTER_LAT": 29.78903,
      "AFTER_LON": 122.80254,
      "SOG": 0.8,
      "MOVINGTIME": 1680.0,
      "ARRIVALTIME": "20251203025500"
    },
    {
      "SEQ": 115,
      "BEFORE_NODE": 115.0,
      "AFTER_NODE": 116.0,
      "BEFORE_LAT": 29.78903,
      "BEFORE_LON": 122.80254,
      "AFTER_LAT": 29.78899,
      "AFTER_LON": 122.8045,
      "SOG": 0.8,
      "MOVINGTIME": 1620.0,
      "ARRIVALTIME": "20251203032200"
    },
    {
      "SEQ": 116,
      "BEFORE_NODE": 116.0,
      "AFTER_NODE": 117.0,
      "BEFORE_LAT": 29.78899,
      "BEFORE_LON": 122.8045,
      "AFTER_LAT": 29.7897,
      "AFTER_LON": 122.80528,
      "SOG": 0.2,
      "MOVINGTIME": 1740.0,
      "ARRIVALTIME": "20251203035100"
    },
    {
      "SEQ": 117,
      "BEFORE_NODE": 117.0,
      "AFTER_NODE": 118.0,
      "BEFORE_LAT": 29.7897,
      "BEFORE_LON": 122.80528,
      "AFTER_LAT": 29.788754,
      "AFTER_LON": 122.80338,
      "SOG": 0.5,
      "MOVINGTIME": 1740.0,
      "ARRIVALTIME": "20251203042000"
    },
    {
      "SEQ": 118,
      "BEFORE_NODE": 118.0,
      "AFTER_NODE": 119.0,
      "BEFORE_LAT": 29.788754,
      "BEFORE_LON": 122.80338,
      "AFTER_LAT": 29.788874,
      "AFTER_LON": 122.80399,
      "SOG": 1.1,
      "MOVINGTIME": 1800.0,
      "ARRIVALTIME": "20251203045000"
    },
    {
      "SEQ": 119,
      "BEFORE_NODE": 119.0,
      "AFTER_NODE": 120.0,
      "BEFORE_LAT": 29.788874,
      "BEFORE_LON": 122.80399,
      "AFTER_LAT": 29.78898,
      "AFTER_LON": 122.80286,
      "SOG": 1.1,
      "MOVINGTIME": 1920.0,
      "ARRIVALTIME": "20251203052200"
    },
    {
      "SEQ": 120,
      "BEFORE_NODE": 120.0,
      "AFTER_NODE": 121.0,
      "BEFORE_LAT": 29.78898,
      "BEFORE_LON": 122.80286,
      "AFTER_LAT": 29.789066,
      "AFTER_LON": 122.80399,
      "SOG": 0.6,
      "MOVINGTIME": 1920.0,
      "ARRIVALTIME": "20251203055400"
    },
    {
      "SEQ": 121,
      "BEFORE_NODE": 121.0,
      "AFTER_NODE": 122.0,
      "BEFORE_LAT": 29.789066,
      "BEFORE_LON": 122.80399,
      "AFTER_LAT": 29.788996,
      "AFTER_LON": 122.80344,
      "SOG": 0.6,
      "MOVINGTIME": 1620.0,
      "ARRIVALTIME": "20251203062100"
    },
    {
      "SEQ": 122,
      "BEFORE_NODE": 122.0,
      "AFTER_NODE": 123.0,
      "BEFORE_LAT": 29.788996,
      "BEFORE_LON": 122.80344,
      "AFTER_LAT": 29.788946,
      "AFTER_LON": 122.80304,
      "SOG": 0.8,
      "MOVINGTIME": 1740.0,
      "ARRIVALTIME": "20251203065000"
    },
    {
      "SEQ": 123,
      "BEFORE_NODE": 123.0,
      "AFTER_NODE": 124.0,
      "BEFORE_LAT": 29.788946,
      "BEFORE_LON": 122.80304,
      "AFTER_LAT": 29.78886,
      "AFTER_LON": 122.80215,
      "SOG": 0.8,
      "MOVINGTIME": 1980.0,
      "ARRIVALTIME": "20251203072300"
    },
    {
      "SEQ": 124,
      "BEFORE_NODE": 124.0,
      "AFTER_NODE": 125.0,
      "BEFORE_LAT": 29.78886,
      "BEFORE_LON": 122.80215,
      "AFTER_LAT": 29.789057,
      "AFTER_LON": 122.80395,
      "SOG": 0.3,
      "MOVINGTIME": 1560.0,
      "ARRIVALTIME": "20251203074900"
    },
    {
      "SEQ": 125,
      "BEFORE_NODE": 125.0,
      "AFTER_NODE": 126.0,
      "BEFORE_LAT": 29.789057,
      "BEFORE_LON": 122.80395,
      "AFTER_LAT": 29.78937,
      "AFTER_LON": 122.80393,
      "SOG": 0.2,
      "MOVINGTIME": 1920.0,
      "ARRIVALTIME": "20251203082100"
    },
    {
      "SEQ": 126,
      "BEFORE_NODE": 126.0,
      "AFTER_NODE": 127.0,
      "BEFORE_LAT": 29.78937,
      "BEFORE_LON": 122.80393,
      "AFTER_LAT": 29.789133,
      "AFTER_LON": 122.80302,
      "SOG": 0.6,
      "MOVINGTIME": 1980.0,
      "ARRIVALTIME": "20251203085400"
    },
    {
      "SEQ": 127,
      "BEFORE_NODE": 127.0,
      "AFTER_NODE": 128.0,
      "BEFORE_LAT": 29.789133,
      "BEFORE_LON": 122.80302,
      "AFTER_LAT": 29.789,
      "AFTER_LON": 122.8036,
      "SOG": 0.1,
      "MOVINGTIME": 1500.0,
      "ARRIVALTIME": "20251203091900"
    },
    {
      "SEQ": 128,
      "BEFORE_NODE": 128.0,
      "AFTER_NODE": 129.0,
      "BEFORE_LAT": 29.789,
      "BEFORE_LON": 122.8036,
      "AFTER_LAT": 29.789036,
      "AFTER_LON": 122.80267,
      "SOG": 0.3,
      "MOVINGTIME": 1680.0,
      "ARRIVALTIME": "20251203094700"
    },
    {
      "SEQ": 129,
      "BEFORE_NODE": 129.0,
      "AFTER_NODE": 130.0,
      "BEFORE_LAT": 29.789036,
      "BEFORE_LON": 122.80267,
      "AFTER_LAT": 29.789053,
      "AFTER_LON": 122.80404,
      "SOG": 0.8,
      "MOVINGTIME": 1860.0,
      "ARRIVALTIME": "20251203101800"
    },
    {
      "SEQ": 130,
      "BEFORE_NODE": 130.0,
      "AFTER_NODE": 131.0,
      "BEFORE_LAT": 29.789053,
      "BEFORE_LON": 122.80404,
      "AFTER_LAT": 29.789137,
      "AFTER_LON": 122.80201,
      "SOG": 1,
      "MOVINGTIME": 3900.0,
      "ARRIVALTIME": "20251203112300"
    },
    {
      "SEQ": 131,
      "BEFORE_NODE": 131.0,
      "AFTER_NODE": 132.0,
      "BEFORE_LAT": 29.789137,
      "BEFORE_LON": 122.80201,
      "AFTER_LAT": 29.789034,
      "AFTER_LON": 122.80224,
      "SOG": 0.6,
      "MOVINGTIME": 1740.0,
      "ARRIVALTIME": "20251203115200"
    },
    {
      "SEQ": 132,
      "BEFORE_NODE": 132.0,
      "AFTER_NODE": 133.0,
      "BEFORE_LAT": 29.789034,
      "BEFORE_LON": 122.80224,
      "AFTER_LAT": 29.789301,
      "AFTER_LON": 122.80424,
      "SOG": 0.2,
      "MOVINGTIME": 1920.0,
      "ARRIVALTIME": "20251203122400"
    },
    {
      "SEQ": 133,
      "BEFORE_NODE": 133.0,
      "AFTER_NODE": 134.0,
      "BEFORE_LAT": 29.789301,
      "BEFORE_LON": 122.80424,
      "AFTER_LAT": 29.789907,
      "AFTER_LON": 122.80463,
      "SOG": 0.1,
      "MOVINGTIME": 1440.0,
      "ARRIVALTIME": "20251203124800"
    },
    {
      "SEQ": 134,
      "BEFORE_NODE": 134.0,
      "AFTER_NODE": 135.0,
      "BEFORE_LAT": 29.789907,
      "BEFORE_LON": 122.80463,
      "AFTER_LAT": 29.789221,
      "AFTER_LON": 122.80405,
      "SOG": 0.6,
      "MOVINGTIME": 2100.0,
      "ARRIVALTIME": "20251203132300"
    },
    {
      "SEQ": 135,
      "BEFORE_NODE": 135.0,
      "AFTER_NODE": 136.0,
      "BEFORE_LAT": 29.789221,
      "BEFORE_LON": 122.80405,
      "AFTER_LAT": 29.789333,
      "AFTER_LON": 122.80232,
      "SOG": 0.3,
      "MOVINGTIME": 1680.0,
      "ARRIVALTIME": "20251203135100"
    },
    {
      "SEQ": 136,
      "BEFORE_NODE": 136.0,
      "AFTER_NODE": 137.0,
      "BEFORE_LAT": 29.789333,
      "BEFORE_LON": 122.80232,
      "AFTER_LAT": 29.789227,
      "AFTER_LON": 122.80356,
      "SOG": 0.8,
      "MOVINGTIME": 2040.0,
      "ARRIVALTIME": "20251203142500"
    },
    {
      "SEQ": 137,
      "BEFORE_NODE": 137.0,
      "AFTER_NODE": 138.0,
      "BEFORE_LAT": 29.789227,
      "BEFORE_LON": 122.80356,
      "AFTER_LAT": 29.788813,
      "AFTER_LON": 122.80288,
      "SOG": 0.1,
      "MOVINGTIME": 1620.0,
      "ARRIVALTIME": "20251203145200"
    },
    {
      "SEQ": 138,
      "BEFORE_NODE": 138.0,
      "AFTER_NODE": 139.0,
      "BEFORE_LAT": 29.788813,
      "BEFORE_LON": 122.80288,
      "AFTER_LAT": 29.788954,
      "AFTER_LON": 122.80272,
      "SOG": 0.4,
      "MOVINGTIME": 2471.0,
      "ARRIVALTIME": "20251203153311"
    },
    {
      "SEQ": 139,
      "BEFORE_NODE": 139.0,
      "AFTER_NODE": 140.0,
      "BEFORE_LAT": 29.788954,
      "BEFORE_LON": 122.80272,
      "AFTER_LAT": 29.789106,
      "AFTER_LON": 122.80367,
      "SOG": 0.1,
      "MOVINGTIME": 1009.0,
      "ARRIVALTIME": "20251203155000"
    },
    {
      "SEQ": 140,
      "BEFORE_NODE": 140.0,
      "AFTER_NODE": 141.0,
      "BEFORE_LAT": 29.789106,
      "BEFORE_LON": 122.80367,
      "AFTER_LAT": 29.788879,
      "AFTER_LON": 122.80219,
      "SOG": 0.2,
      "MOVINGTIME": 1860.0,
      "ARRIVALTIME": "20251203162100"
    },
    {
      "SEQ": 141,
      "BEFORE_NODE": 141.0,
      "AFTER_NODE": 142.0,
      "BEFORE_LAT": 29.788879,
      "BEFORE_LON": 122.80219,
      "AFTER_LAT": 29.788763,
      "AFTER_LON": 122.80248,
      "SOG": 0.5,
      "MOVINGTIME": 1920.0,
      "ARRIVALTIME": "20251203165300"
    },
    {
      "SEQ": 142,
      "BEFORE_NODE": 142.0,
      "AFTER_NODE": 143.0,
      "BEFORE_LAT": 29.788763,
      "BEFORE_LON": 122.80248,
      "AFTER_LAT": 29.788719,
      "AFTER_LON": 122.80279,
      "SOG": 0.5,
      "MOVINGTIME": 1560.0,
      "ARRIVALTIME": "20251203171900"
    },
    {
      "SEQ": 143,
      "BEFORE_NODE": 143.0,
      "AFTER_NODE": 144.0,
      "BEFORE_LAT": 29.788719,
      "BEFORE_LON": 122.80279,
      "AFTER_LAT": 29.788731,
      "AFTER_LON": 122.80222,
      "SOG": 0.3,
      "MOVINGTIME": 1920.0,
      "ARRIVALTIME": "20251203175100"
    },
    {
      "SEQ": 144,
      "BEFORE_NODE": 144.0,
      "AFTER_NODE": 145.0,
      "BEFORE_LAT": 29.788731,
      "BEFORE_LON": 122.80222,
      "AFTER_LAT": 29.788839,
      "AFTER_LON": 122.80229,
      "SOG": 0.1,
      "MOVINGTIME": 1740.0,
      "ARRIVALTIME": "20251203182000"
    },
    {
      "SEQ": 145,
      "BEFORE_NODE": 145.0,
      "AFTER_NODE": 146.0,
      "BEFORE_LAT": 29.788839,
      "BEFORE_LON": 122.80229,
      "AFTER_LAT": 29.7889,
      "AFTER_LON": 122.8027,
      "SOG": 0.3,
      "MOVINGTIME": 1980.0,
      "ARRIVALTIME": "20251203185300"
    },
    {
      "SEQ": 146,
      "BEFORE_NODE": 146.0,
      "AFTER_NODE": 147.0,
      "BEFORE_LAT": 29.7889,
      "BEFORE_LON": 122.8027,
      "AFTER_LAT": 29.78896,
      "AFTER_LON": 122.80196,
      "SOG": 0,
      "MOVINGTIME": 1920.0,
      "ARRIVALTIME": "20251203192500"
    },
    {
      "SEQ": 147,
      "BEFORE_NODE": 147.0,
      "AFTER_NODE": 148.0,
      "BEFORE_LAT": 29.78896,
      "BEFORE_LON": 122.80196,
      "AFTER_LAT": 29.788931,
      "AFTER_LON": 122.80265,
      "SOG": 0.1,
      "MOVINGTIME": 1560.0,
      "ARRIVALTIME": "20251203195100"
    },
    {
      "SEQ": 148,
      "BEFORE_NODE": 148.0,
      "AFTER_NODE": 149.0,
      "BEFORE_LAT": 29.788931,
      "BEFORE_LON": 122.80265,
      "AFTER_LAT": 29.789167,
      "AFTER_LON": 122.80172,
      "SOG": 0.2,
      "MOVINGTIME": 1800.0,
      "ARRIVALTIME": "20251203202100"
    },
    {
      "SEQ": 149,
      "BEFORE_NODE": 149.0,
      "AFTER_NODE": 150.0,
      "BEFORE_LAT": 29.789167,
      "BEFORE_LON": 122.80172,
      "AFTER_LAT": 29.789074,
      "AFTER_LON": 122.80186,
      "SOG": 0.1,
      "MOVINGTIME": 1740.0,
      "ARRIVALTIME": "20251203205000"
    },
    {
      "SEQ": 150,
      "BEFORE_NODE": 150.0,
      "AFTER_NODE": 151.0,
      "BEFORE_LAT": 29.789074,
      "BEFORE_LON": 122.80186,
      "AFTER_LAT": 29.789289,
      "AFTER_LON": 122.80196,
      "SOG": 0.1,
      "MOVINGTIME": 2100.0,
      "ARRIVALTIME": "20251203212500"
    },
    {
      "SEQ": 151,
      "BEFORE_NODE": 151.0,
      "AFTER_NODE": 152.0,
      "BEFORE_LAT": 29.789289,
      "BEFORE_LON": 122.80196,
      "AFTER_LAT": 29.789333,
      "AFTER_LON": 122.80116,
      "SOG": 0.1,
      "MOVINGTIME": 1740.0,
      "ARRIVALTIME": "20251203215400"
    },
    {
      "SEQ": 152,
      "BEFORE_NODE": 152.0,
      "AFTER_NODE": 153.0,
      "BEFORE_LAT": 29.789333,
      "BEFORE_LON": 122.80116,
      "AFTER_LAT": 29.789539,
      "AFTER_LON": 122.8017,
      "SOG": 0,
      "MOVINGTIME": 1620.0,
      "ARRIVALTIME": "20251203222100"
    },
    {
      "SEQ": 153,
      "BEFORE_NODE": 153.0,
      "AFTER_NODE": 154.0,
      "BEFORE_LAT": 29.789539,
      "BEFORE_LON": 122.8017,
      "AFTER_LAT": 29.79006,
      "AFTER_LON": 122.80109,
      "SOG": 0.2,
      "MOVINGTIME": 2040.0,
      "ARRIVALTIME": "20251203225500"
    },
    {
      "SEQ": 154,
      "BEFORE_NODE": 154.0,
      "AFTER_NODE": 155.0,
      "BEFORE_LAT": 29.79006,
      "BEFORE_LON": 122.80109,
      "AFTER_LAT": 29.790382,
      "AFTER_LON": 122.80047,
      "SOG": 0,
      "MOVINGTIME": 1560.0,
      "ARRIVALTIME": "20251203232100"
    },
    {
      "SEQ": 155,
      "BEFORE_NODE": 155.0,
      "AFTER_NODE": 156.0,
      "BEFORE_LAT": 29.790382,
      "BEFORE_LON": 122.80047,
      "AFTER_LAT": 29.791821,
      "AFTER_LON": 122.80042,
      "SOG": 0.2,
      "MOVINGTIME": 1860.0,
      "ARRIVALTIME": "20251203235200"
    },
    {
      "SEQ": 156,
      "BEFORE_NODE": 156.0,
      "AFTER_NODE": 157.0,
      "BEFORE_LAT": 29.791821,
      "BEFORE_LON": 122.80042,
      "AFTER_LAT": 29.793074,
      "AFTER_LON": 122.8014,
      "SOG": 0,
      "MOVINGTIME": 1560.0,
      "ARRIVALTIME": "20251204001800"
    },
    {
      "SEQ": 157,
      "BEFORE_NODE": 157.0,
      "AFTER_NODE": 158.0,
      "BEFORE_LAT": 29.793074,
      "BEFORE_LON": 122.8014,
      "AFTER_LAT": 29.79385,
      "AFTER_LON": 122.80124,
      "SOG": 0.3,
      "MOVINGTIME": 1980.0,
      "ARRIVALTIME": "20251204005100"
    },
    {
      "SEQ": 158,
      "BEFORE_NODE": 158.0,
      "AFTER_NODE": 159.0,
      "BEFORE_LAT": 29.79385,
      "BEFORE_LON": 122.80124,
      "AFTER_LAT": 29.790483,
      "AFTER_LON": 122.80894,
      "SOG": 7.5,
      "MOVINGTIME": 1980.0,
      "ARRIVALTIME": "20251204012400"
    },
    {
      "SEQ": 159,
      "BEFORE_NODE": 159.0,
      "AFTER_NODE": 160.0,
      "BEFORE_LAT": 29.790483,
      "BEFORE_LON": 122.80894,
      "AFTER_LAT": 29.732914,
      "AFTER_LON": 122.80447,
      "SOG": 8.8,
      "MOVINGTIME": 1980.0,
      "ARRIVALTIME": "20251204015700"
    },
    {
      "SEQ": 160,
      "BEFORE_NODE": 160.0,
      "AFTER_NODE": 161.0,
      "BEFORE_LAT": 29.732914,
      "BEFORE_LON": 122.80447,
      "AFTER_LAT": 29.708389,
      "AFTER_LON": 122.71674,
      "SOG": 8.6,
      "MOVINGTIME": 1500.0,
      "ARRIVALTIME": "20251204022200"
    },
    {
      "SEQ": 161,
      "BEFORE_NODE": 161.0,
      "AFTER_NODE": 162.0,
      "BEFORE_LAT": 29.708389,
      "BEFORE_LON": 122.71674,
      "AFTER_LAT": 29.703199,
      "AFTER_LON": 122.63475,
      "SOG": 7.5,
      "MOVINGTIME": 2040.0,
      "ARRIVALTIME": "20251204025600"
    },
    {
      "SEQ": 162,
      "BEFORE_NODE": 162.0,
      "AFTER_NODE": 163.0,
      "BEFORE_LAT": 29.703199,
      "BEFORE_LON": 122.63475,
      "AFTER_LAT": 29.700844,
      "AFTER_LON": 122.53792,
      "SOG": 8.5,
      "MOVINGTIME": 1740.0,
      "ARRIVALTIME": "20251204032500"
    },
    {
      "SEQ": 163,
      "BEFORE_NODE": 163.0,
      "AFTER_NODE": 164.0,
      "BEFORE_LAT": 29.700844,
      "BEFORE_LON": 122.53792,
      "AFTER_LAT": 29.722219,
      "AFTER_LON": 122.46472,
      "SOG": 7.3,
      "MOVINGTIME": 1680.0,
      "ARRIVALTIME": "20251204035300"
    },
    {
      "SEQ": 164,
      "BEFORE_NODE": 164.0,
      "AFTER_NODE": 165.0,
      "BEFORE_LAT": 29.722219,
      "BEFORE_LON": 122.46472,
      "AFTER_LAT": 29.734333,
      "AFTER_LON": 122.3908,
      "SOG": 7,
      "MOVINGTIME": 1860.0,
      "ARRIVALTIME": "20251204042400"
    },
    {
      "SEQ": 165,
      "BEFORE_NODE": 165.0,
      "AFTER_NODE": 166.0,
      "BEFORE_LAT": 29.734333,
      "BEFORE_LON": 122.3908,
      "AFTER_LAT": 29.746197,
      "AFTER_LON": 122.32456,
      "SOG": 7.8,
      "MOVINGTIME": 1680.0,
      "ARRIVALTIME": "20251204045200"
    },
    {
      "SEQ": 166,
      "BEFORE_NODE": 166.0,
      "AFTER_NODE": 167.0,
      "BEFORE_LAT": 29.746197,
      "BEFORE_LON": 122.32456,
      "AFTER_LAT": 29.795753,
      "AFTER_LON": 122.25671,
      "SOG": 8.6,
      "MOVINGTIME": 1920.0,
      "ARRIVALTIME": "20251204052400"
    },
    {
      "SEQ": 167,
      "BEFORE_NODE": 167.0,
      "AFTER_NODE": 168.0,
      "BEFORE_LAT": 29.795753,
      "BEFORE_LON": 122.25671,
      "AFTER_LAT": 29.866739,
      "AFTER_LON": 122.19498,
      "SOG": 11.6,
      "MOVINGTIME": 1800.0,
      "ARRIVALTIME": "20251204055400"
    },
    {
      "SEQ": 168,
      "BEFORE_NODE": 168.0,
      "AFTER_NODE": 169.0,
      "BEFORE_LAT": 29.866739,
      "BEFORE_LON": 122.19498,
      "AFTER_LAT": 29.92082,
      "AFTER_LON": 122.15837,
      "SOG": 9.8,
      "MOVINGTIME": 1380.0,
      "ARRIVALTIME": "20251204061700"
    },
    {
      "SEQ": 169,
      "BEFORE_NODE": 169.0,
      "AFTER_NODE": 170.0,
      "BEFORE_LAT": 29.92082,
      "BEFORE_LON": 122.15837,
      "AFTER_LAT": 29.930353,
      "AFTER_LON": 122.02602,
      "SOG": 7.9,
      "MOVINGTIME": 2100.0,
      "ARRIVALTIME": "20251204065200"
    },
    {
      "SEQ": 170,
      "BEFORE_NODE": 170.0,
      "AFTER_NODE": 171.0,
      "BEFORE_LAT": 29.930353,
      "BEFORE_LON": 122.02602,
      "AFTER_LAT": 29.97496,
      "AFTER_LON": 121.9501,
      "SOG": 10.3,
      "MOVINGTIME": 1860.0,
      "ARRIVALTIME": "20251204072300"
    },
    {
      "SEQ": 171,
      "BEFORE_NODE": 171.0,
      "AFTER_NODE": 172.0,
      "BEFORE_LAT": 29.97496,
      "BEFORE_LON": 121.9501,
      "AFTER_LAT": 29.964643,
      "AFTER_LON": 121.87252,
      "SOG": 7,
      "MOVINGTIME": 1740.0,
      "ARRIVALTIME": "20251204075200"
    },
    {
      "SEQ": 172,
      "BEFORE_NODE": 172.0,
      "AFTER_NODE": 173.0,
      "BEFORE_LAT": 29.964643,
      "BEFORE_LON": 121.87252,
      "AFTER_LAT": 29.983379,
      "AFTER_LON": 121.84224,
      "SOG": 0.1,
      "MOVINGTIME": 3360.0,
      "ARRIVALTIME": "20251204084800"
    },
    {
      "SEQ": 173,
      "BEFORE_NODE": 173.0,
      "AFTER_NODE": 174.0,
      "BEFORE_LAT": 29.983379,
      "BEFORE_LON": 121.84224,
      "AFTER_LAT": 29.98324,
      "AFTER_LON": 121.84233,
      "SOG": 0,
      "MOVINGTIME": 43380.0,
      "ARRIVALTIME": "20251204205100"
    },
    {
      "SEQ": 174,
      "BEFORE_NODE": 174.0,
      "AFTER_NODE": 175.0,
      "BEFORE_LAT": 29.98324,
      "BEFORE_LON": 121.84233,
      "AFTER_LAT": 29.983246,
      "AFTER_LON": 121.84232,
      "SOG": 0,
      "MOVINGTIME": 5580.0,
      "ARRIVALTIME": "20251204222400"
    },
    {
      "SEQ": 175,
      "BEFORE_NODE": 175.0,
      "AFTER_NODE": 176.0,
      "BEFORE_LAT": 29.983246,
      "BEFORE_LON": 121.84232,
      "AFTER_LAT": 29.983267,
      "AFTER_LON": 121.84231,
      "SOG": 0,
      "MOVINGTIME": 3540.0,
      "ARRIVALTIME": "20251204232300"
    },
    {
      "SEQ": 176,
      "BEFORE_NODE": 176.0,
      "AFTER_NODE": 177.0,
      "BEFORE_LAT": 29.983267,
      "BEFORE_LON": 121.84231,
      "AFTER_LAT": 29.95405,
      "AFTER_LON": 121.85128,
      "SOG": 7,
      "MOVINGTIME": 7020.0,
      "ARRIVALTIME": "20251205012000"
    },
    {
      "SEQ": 177,
      "BEFORE_NODE": 177.0,
      "AFTER_NODE": 178.0,
      "BEFORE_LAT": 29.95405,
      "BEFORE_LON": 121.85128,
      "AFTER_LAT": 29.963427,
      "AFTER_LON": 121.9735,
      "SOG": 8.6,
      "MOVINGTIME": 2220.0,
      "ARRIVALTIME": "20251205015700"
    },
    {
      "SEQ": 178,
      "BEFORE_NODE": 178.0,
      "AFTER_NODE": 179.0,
      "BEFORE_LAT": 29.963427,
      "BEFORE_LON": 121.9735,
      "AFTER_LAT": 29.919319,
      "AFTER_LON": 122.03643,
      "SOG": 8.1,
      "MOVINGTIME": 1740.0,
      "ARRIVALTIME": "20251205022600"
    },
    {
      "SEQ": 179,
      "BEFORE_NODE": 179.0,
      "AFTER_NODE": 180.0,
      "BEFORE_LAT": 29.919319,
      "BEFORE_LON": 122.03643,
      "AFTER_LAT": 29.913286,
      "AFTER_LON": 122.15532,
      "SOG": 12.6,
      "MOVINGTIME": 1860.0,
      "ARRIVALTIME": "20251205025700"
    },
    {
      "SEQ": 180,
      "BEFORE_NODE": 180.0,
      "AFTER_NODE": 181.0,
      "BEFORE_LAT": 29.913286,
      "BEFORE_LON": 122.15532,
      "AFTER_LAT": 29.821873,
      "AFTER_LON": 122.22186,
      "SOG": 9.6,
      "MOVINGTIME": 1800.0,
      "ARRIVALTIME": "20251205032700"
    },
    {
      "SEQ": 181,
      "BEFORE_NODE": 181.0,
      "AFTER_NODE": 182.0,
      "BEFORE_LAT": 29.821873,
      "BEFORE_LON": 122.22186,
      "AFTER_LAT": 29.784763,
      "AFTER_LON": 122.26328,
      "SOG": 10.5,
      "MOVINGTIME": 1500.0,
      "ARRIVALTIME": "20251205035200"
    },
    {
      "SEQ": 182,
      "BEFORE_NODE": 182.0,
      "AFTER_NODE": 183.0,
      "BEFORE_LAT": 29.784763,
      "BEFORE_LON": 122.26328,
      "AFTER_LAT": 29.724607,
      "AFTER_LON": 122.3521,
      "SOG": 13.1,
      "MOVINGTIME": 1920.0,
      "ARRIVALTIME": "20251205042400"
    },
    {
      "SEQ": 183,
      "BEFORE_NODE": 183.0,
      "AFTER_NODE": 184.0,
      "BEFORE_LAT": 29.724607,
      "BEFORE_LON": 122.3521,
      "AFTER_LAT": 29.686934,
      "AFTER_LON": 122.47002,
      "SOG": 14.3,
      "MOVINGTIME": 1860.0,
      "ARRIVALTIME": "20251205045500"
    },
    {
      "SEQ": 184,
      "BEFORE_NODE": 184.0,
      "AFTER_NODE": 185.0,
      "BEFORE_LAT": 29.686934,
      "BEFORE_LON": 122.47002,
      "AFTER_LAT": 29.653454,
      "AFTER_LON": 122.60984,
      "SOG": 13,
      "MOVINGTIME": 1740.0,
      "ARRIVALTIME": "20251205052400"
    },
    {
      "SEQ": 185,
      "BEFORE_NODE": 185.0,
      "AFTER_NODE": 186.0,
      "BEFORE_LAT": 29.653454,
      "BEFORE_LON": 122.60984,
      "AFTER_LAT": 29.660927,
      "AFTER_LON": 122.73115,
      "SOG": 13,
      "MOVINGTIME": 1740.0,
      "ARRIVALTIME": "20251205055300"
    },
    {
      "SEQ": 186,
      "BEFORE_NODE": 186.0,
      "AFTER_NODE": 187.0,
      "BEFORE_LAT": 29.660927,
      "BEFORE_LON": 122.73115,
      "AFTER_LAT": 29.693832,
      "AFTER_LON": 122.85424,
      "SOG": 12.3,
      "MOVINGTIME": 1860.0,
      "ARRIVALTIME": "20251205062400"
    },
    {
      "SEQ": 187,
      "BEFORE_NODE": 187.0,
      "AFTER_NODE": 188.0,
      "BEFORE_LAT": 29.693832,
      "BEFORE_LON": 122.85424,
      "AFTER_LAT": 29.770348,
      "AFTER_LON": 122.90628,
      "SOG": 12,
      "MOVINGTIME": 1860.0,
      "ARRIVALTIME": "20251205065500"
    },
    {
      "SEQ": 188,
      "BEFORE_NODE": 188.0,
      "AFTER_NODE": 189.0,
      "BEFORE_LAT": 29.770348,
      "BEFORE_LON": 122.90628,
      "AFTER_LAT": 29.873533,
      "AFTER_LON": 122.94448,
      "SOG": 12.1,
      "MOVINGTIME": 1620.0,
      "ARRIVALTIME": "20251205072200"
    },
    {
      "SEQ": 189,
      "BEFORE_NODE": 189.0,
      "AFTER_NODE": 190.0,
      "BEFORE_LAT": 29.873533,
      "BEFORE_LON": 122.94448,
      "AFTER_LAT": 29.962254,
      "AFTER_LON": 122.96967,
      "SOG": 12,
      "MOVINGTIME": 1800.0,
      "ARRIVALTIME": "20251205075200"
    },
    {
      "SEQ": 190,
      "BEFORE_NODE": 190.0,
      "AFTER_NODE": 191.0,
      "BEFORE_LAT": 29.962254,
      "BEFORE_LON": 122.96967,
      "AFTER_LAT": 30.072754,
      "AFTER_LON": 123.01812,
      "SOG": 12,
      "MOVINGTIME": 2040.0,
      "ARRIVALTIME": "20251205082600"
    },
    {
      "SEQ": 191,
      "BEFORE_NODE": 191.0,
      "AFTER_NODE": 192.0,
      "BEFORE_LAT": 30.072754,
      "BEFORE_LON": 123.01812,
      "AFTER_LAT": 30.257383,
      "AFTER_LON": 123.07172,
      "SOG": 12.1,
      "MOVINGTIME": 3480.0,
      "ARRIVALTIME": "20251205092400"
    },
    {
      "SEQ": 192,
      "BEFORE_NODE": 192.0,
      "AFTER_NODE": 193.0,
      "BEFORE_LAT": 30.257383,
      "BEFORE_LON": 123.07172,
      "AFTER_LAT": 30.358927,
      "AFTER_LON": 123.12773,
      "SOG": 12.3,
      "MOVINGTIME": 1800.0,
      "ARRIVALTIME": "20251205095400"
    },
    {
      "SEQ": 193,
      "BEFORE_NODE": 193.0,
      "AFTER_NODE": 194.0,
      "BEFORE_LAT": 30.358927,
      "BEFORE_LON": 123.12773,
      "AFTER_LAT": 30.447247,
      "AFTER_LON": 123.18045,
      "SOG": 13,
      "MOVINGTIME": 1800.0,
      "ARRIVALTIME": "20251205102400"
    },
    {
      "SEQ": 194,
      "BEFORE_NODE": 194.0,
      "AFTER_NODE": 195.0,
      "BEFORE_LAT": 30.447247,
      "BEFORE_LON": 123.18045,
      "AFTER_LAT": 30.523487,
      "AFTER_LON": 123.19163,
      "SOG": 13.3,
      "MOVINGTIME": 1740.0,
      "ARRIVALTIME": "20251205105300"
    },
    {
      "SEQ": 195,
      "BEFORE_NODE": 195.0,
      "AFTER_NODE": 196.0,
      "BEFORE_LAT": 30.523487,
      "BEFORE_LON": 123.19163,
      "AFTER_LAT": 30.587063,
      "AFTER_LON": 123.22202,
      "SOG": 13.3,
      "MOVINGTIME": 1740.0,
      "ARRIVALTIME": "20251205112200"
    },
    {
      "SEQ": 196,
      "BEFORE_NODE": 196.0,
      "AFTER_NODE": 197.0,
      "BEFORE_LAT": 30.587063,
      "BEFORE_LON": 123.22202,
      "AFTER_LAT": 30.744974,
      "AFTER_LON": 123.28545,
      "SOG": 13.8,
      "MOVINGTIME": 1920.0,
      "ARRIVALTIME": "20251205115400"
    },
    {
      "SEQ": 197,
      "BEFORE_NODE": 197.0,
      "AFTER_NODE": 198.0,
      "BEFORE_LAT": 30.744974,
      "BEFORE_LON": 123.28545,
      "AFTER_LAT": 30.86108,
      "AFTER_LON": 123.23634,
      "SOG": 14.6,
      "MOVINGTIME": 1740.0,
      "ARRIVALTIME": "20251205122300"
    },
    {
      "SEQ": 198,
      "BEFORE_NODE": 198.0,
      "AFTER_NODE": 199.0,
      "BEFORE_LAT": 30.86108,
      "BEFORE_LON": 123.23634,
      "AFTER_LAT": 30.94548,
      "AFTER_LON": 123.13519,
      "SOG": 14.6,
      "MOVINGTIME": 1800.0,
      "ARRIVALTIME": "20251205125300"
    },
    {
      "SEQ": 199,
      "BEFORE_NODE": 199.0,
      "AFTER_NODE": 200.0,
      "BEFORE_LAT": 30.94548,
      "BEFORE_LON": 123.13519,
      "AFTER_LAT": 30.99814,
      "AFTER_LON": 123.00685,
      "SOG": 14.1,
      "MOVINGTIME": 1680.0,
      "ARRIVALTIME": "20251205132100"
    },
    {
      "SEQ": 200,
      "BEFORE_NODE": 200.0,
      "AFTER_NODE": 201.0,
      "BEFORE_LAT": 30.99814,
      "BEFORE_LON": 123.00685,
      "AFTER_LAT": 30.995987,
      "AFTER_LON": 122.91028,
      "SOG": 13.8,
      "MOVINGTIME": 1920.0,
      "ARRIVALTIME": "20251205135300"
    },
    {
      "SEQ": 201,
      "BEFORE_NODE": 201.0,
      "AFTER_NODE": 202.0,
      "BEFORE_LAT": 30.995987,
      "BEFORE_LON": 122.91028,
      "AFTER_LAT": 31.000103,
      "AFTER_LON": 122.76936,
      "SOG": 13.1,
      "MOVINGTIME": 1800.0,
      "ARRIVALTIME": "20251205142300"
    },
    {
      "SEQ": 202,
      "BEFORE_NODE": 202.0,
      "AFTER_NODE": 203.0,
      "BEFORE_LAT": 31.000103,
      "BEFORE_LON": 122.76936,
      "AFTER_LAT": 31.063477,
      "AFTER_LON": 122.65858,
      "SOG": 0.2,
      "MOVINGTIME": 7140.0,
      "ARRIVALTIME": "20251205162200"
    },
    {
      "SEQ": 203,
      "BEFORE_NODE": 203.0,
      "AFTER_NODE": 204.0,
      "BEFORE_LAT": 31.063477,
      "BEFORE_LON": 122.65858,
      "AFTER_LAT": 31.06246,
      "AFTER_LON": 122.65999,
      "SOG": 0.1,
      "MOVINGTIME": 1740.0,
      "ARRIVALTIME": "20251205165100"
    },
    {
      "SEQ": 204,
      "BEFORE_NODE": 204.0,
      "AFTER_NODE": 205.0,
      "BEFORE_LAT": 31.06246,
      "BEFORE_LON": 122.65999,
      "AFTER_LAT": 31.061096,
      "AFTER_LON": 122.66033,
      "SOG": 0,
      "MOVINGTIME": 1560.0,
      "ARRIVALTIME": "20251205171700"
    },
    {
      "SEQ": 205,
      "BEFORE_NODE": 205.0,
      "AFTER_NODE": 206.0,
      "BEFORE_LAT": 31.061096,
      "BEFORE_LON": 122.66033,
      "AFTER_LAT": 31.060659,
      "AFTER_LON": 122.66026,
      "SOG": 0,
      "MOVINGTIME": 1920.0,
      "ARRIVALTIME": "20251205174900"
    },
    {
      "SEQ": 206,
      "BEFORE_NODE": 206.0,
      "AFTER_NODE": 207.0,
      "BEFORE_LAT": 31.060659,
      "BEFORE_LON": 122.66026,
      "AFTER_LAT": 31.05827,
      "AFTER_LON": 122.65928,
      "SOG": 0,
      "MOVINGTIME": 7200.0,
      "ARRIVALTIME": "20251205194900"
    },
    {
      "SEQ": 207,
      "BEFORE_NODE": 207.0,
      "AFTER_NODE": 208.0,
      "BEFORE_LAT": 31.05827,
      "BEFORE_LON": 122.65928,
      "AFTER_LAT": 31.058201,
      "AFTER_LON": 122.65928,
      "SOG": 0.1,
      "MOVINGTIME": 1860.0,
      "ARRIVALTIME": "20251205202000"
    },
    {
      "SEQ": 208,
      "BEFORE_NODE": 208.0,
      "AFTER_NODE": 209.0,
      "BEFORE_LAT": 31.058201,
      "BEFORE_LON": 122.65928,
      "AFTER_LAT": 31.05077,
      "AFTER_LON": 122.66247,
      "SOG": 3.2,
      "MOVINGTIME": 1920.0,
      "ARRIVALTIME": "20251205205200"
    },
    {
      "SEQ": 209,
      "BEFORE_NODE": 209.0,
      "AFTER_NODE": 210.0,
      "BEFORE_LAT": 31.05077,
      "BEFORE_LON": 122.66247,
      "AFTER_LAT": 30.996006,
      "AFTER_LON": 122.67233,
      "SOG": 5,
      "MOVINGTIME": 1620.0,
      "ARRIVALTIME": "20251205211900"
    },
    {
      "SEQ": 210,
      "BEFORE_NODE": 210.0,
      "AFTER_NODE": 211.0,
      "BEFORE_LAT": 30.996006,
      "BEFORE_LON": 122.67233,
      "AFTER_LAT": 30.995859,
      "AFTER_LON": 122.55817,
      "SOG": 6,
      "MOVINGTIME": 3333.0,
      "ARRIVALTIME": "20251205221433"
    },
    {
      "SEQ": 211,
      "BEFORE_NODE": 211.0,
      "AFTER_NODE": 212.0,
      "BEFORE_LAT": 30.995859,
      "BEFORE_LON": 122.55817,
      "AFTER_LAT": 30.998341,
      "AFTER_LON": 122.54093,
      "SOG": 6.4,
      "MOVINGTIME": 447.0,
      "ARRIVALTIME": "20251205222200"
    },
    {
      "SEQ": 212,
      "BEFORE_NODE": 212.0,
      "AFTER_NODE": 213.0,
      "BEFORE_LAT": 30.998341,
      "BEFORE_LON": 122.54093,
      "AFTER_LAT": 31.00708,
      "AFTER_LON": 122.48807,
      "SOG": 6.8,
      "MOVINGTIME": 1860.0,
      "ARRIVALTIME": "20251205225300"
    },
    {
      "SEQ": 213,
      "BEFORE_NODE": 213.0,
      "AFTER_NODE": 214.0,
      "BEFORE_LAT": 31.00708,
      "BEFORE_LON": 122.48807,
      "AFTER_LAT": 31.021486,
      "AFTER_LON": 122.41486,
      "SOG": 7.3,
      "MOVINGTIME": 1860.0,
      "ARRIVALTIME": "20251205232400"
    },
    {
      "SEQ": 214,
      "BEFORE_NODE": 214.0,
      "AFTER_NODE": 215.0,
      "BEFORE_LAT": 31.021486,
      "BEFORE_LON": 122.41486,
      "AFTER_LAT": 31.039307,
      "AFTER_LON": 122.3587,
      "SOG": 3,
      "MOVINGTIME": 1800.0,
      "ARRIVALTIME": "20251205235400"
    },
    {
      "SEQ": 215,
      "BEFORE_NODE": 215.0,
      "AFTER_NODE": 216.0,
      "BEFORE_LAT": 31.039307,
      "BEFORE_LON": 122.3587,
      "AFTER_LAT": 31.04224,
      "AFTER_LON": 122.29236,
      "SOG": 8,
      "MOVINGTIME": 1800.0,
      "ARRIVALTIME": "20251206002400"
    },
    {
      "SEQ": 216,
      "BEFORE_NODE": 216.0,
      "AFTER_NODE": 217.0,
      "BEFORE_LAT": 31.04224,
      "BEFORE_LON": 122.29236,
      "AFTER_LAT": 31.040007,
      "AFTER_LON": 122.236,
      "SOG": 9.3,
      "MOVINGTIME": 1680.0,
      "ARRIVALTIME": "20251206005200"
    },
    {
      "SEQ": 217,
      "BEFORE_NODE": 217.0,
      "AFTER_NODE": 218.0,
      "BEFORE_LAT": 31.040007,
      "BEFORE_LON": 122.236,
      "AFTER_LAT": 31.04426,
      "AFTER_LON": 122.13274,
      "SOG": 10.1,
      "MOVINGTIME": 1800.0,
      "ARRIVALTIME": "20251206012200"
    },
    {
      "SEQ": 218,
      "BEFORE_NODE": 218.0,
      "AFTER_NODE": 219.0,
      "BEFORE_LAT": 31.04426,
      "BEFORE_LON": 122.13274,
      "AFTER_LAT": 31.079777,
      "AFTER_LON": 122.03005,
      "SOG": 10.8,
      "MOVINGTIME": 1800.0,
      "ARRIVALTIME": "20251206015200"
    },
    {
      "SEQ": 219,
      "BEFORE_NODE": 219.0,
      "AFTER_NODE": 220.0,
      "BEFORE_LAT": 31.079777,
      "BEFORE_LON": 122.03005,
      "AFTER_LAT": 31.134094,
      "AFTER_LON": 121.92289,
      "SOG": 10.6,
      "MOVINGTIME": 1800.0,
      "ARRIVALTIME": "20251206022200"
    },
    {
      "SEQ": 220,
      "BEFORE_NODE": 220.0,
      "AFTER_NODE": 221.0,
      "BEFORE_LAT": 31.134094,
      "BEFORE_LON": 121.92289,
      "AFTER_LAT": 31.203117,
      "AFTER_LON": 121.82314,
      "SOG": 11.3,
      "MOVINGTIME": 1980.0,
      "ARRIVALTIME": "20251206025500"
    },
    {
      "SEQ": 221,
      "BEFORE_NODE": 221.0,
      "AFTER_NODE": 222.0,
      "BEFORE_LAT": 31.203117,
      "BEFORE_LON": 121.82314,
      "AFTER_LAT": 31.27936,
      "AFTER_LON": 121.7457,
      "SOG": 10.6,
      "MOVINGTIME": 1860.0,
      "ARRIVALTIME": "20251206032600"
    },
    {
      "SEQ": 222,
      "BEFORE_NODE": 222.0,
      "AFTER_NODE": 223.0,
      "BEFORE_LAT": 31.27936,
      "BEFORE_LON": 121.7457,
      "AFTER_LAT": 31.339754,
      "AFTER_LON": 121.68378,
      "SOG": 10,
      "MOVINGTIME": 1680.0,
      "ARRIVALTIME": "20251206035400"
    },
    {
      "SEQ": 223,
      "BEFORE_NODE": 223.0,
      "AFTER_NODE": 224.0,
      "BEFORE_LAT": 31.339754,
      "BEFORE_LON": 121.68378,
      "AFTER_LAT": 31.42605,
      "AFTER_LON": 121.50236,
      "SOG": 7.9,
      "MOVINGTIME": 3540.0,
      "ARRIVALTIME": "20251206045300"
    },
    {
      "SEQ": 224,
      "BEFORE_NODE": 224.0,
      "AFTER_NODE": 225.0,
      "BEFORE_LAT": 31.42605,
      "BEFORE_LON": 121.50236,
      "AFTER_LAT": 31.477369,
      "AFTER_LON": 121.44867,
      "SOG": 10.8,
      "MOVINGTIME": 1860.0,
      "ARRIVALTIME": "20251206052400"
    },
    {
      "SEQ": 225,
      "BEFORE_NODE": 225.0,
      "AFTER_NODE": 226.0,
      "BEFORE_LAT": 31.477369,
      "BEFORE_LON": 121.44867,
      "AFTER_LAT": 31.50561,
      "AFTER_LON": 121.47865,
      "SOG": 6.6,
      "MOVINGTIME": 1980.0,
      "ARRIVALTIME": "20251206055700"
    },
    {
      "SEQ": 226,
      "BEFORE_NODE": 226.0,
      "AFTER_NODE": 227.0,
      "BEFORE_LAT": 31.50561,
      "BEFORE_LON": 121.47865,
      "AFTER_LAT": 31.498859,
      "AFTER_LON": 121.54209,
      "SOG": 7.6,
      "MOVINGTIME": 1620.0,
      "ARRIVALTIME": "20251206062400"
    },
    {
      "SEQ": 227,
      "BEFORE_NODE": 227.0,
      "AFTER_NODE": 228.0,
      "BEFORE_LAT": 31.498859,
      "BEFORE_LON": 121.54209,
      "AFTER_LAT": 31.514393,
      "AFTER_LON": 121.60421,
      "SOG": 6.3,
      "MOVINGTIME": 1800.0,
      "ARRIVALTIME": "20251206065400"
    },
    {
      "SEQ": 228,
      "BEFORE_NODE": 228.0,
      "AFTER_NODE": 229.0,
      "BEFORE_LAT": 31.514393,
      "BEFORE_LON": 121.60421,
      "AFTER_LAT": 31.537434,
      "AFTER_LON": 121.5527,
      "SOG": 8.1,
      "MOVINGTIME": 1740.0,
      "ARRIVALTIME": "20251206072300"
    },
    {
      "SEQ": 229,
      "BEFORE_NODE": 229.0,
      "AFTER_NODE": 230.0,
      "BEFORE_LAT": 31.537434,
      "BEFORE_LON": 121.5527,
      "AFTER_LAT": 31.576019,
      "AFTER_LON": 121.47767,
      "SOG": 7,
      "MOVINGTIME": 1740.0,
      "ARRIVALTIME": "20251206075200"
    },
    {
      "SEQ": 230,
      "BEFORE_NODE": 230.0,
      "AFTER_NODE": 231.0,
      "BEFORE_LAT": 31.576019,
      "BEFORE_LON": 121.47767,
      "AFTER_LAT": 31.592939,
      "AFTER_LON": 121.44509,
      "SOG": 0.1,
      "MOVINGTIME": 2160.0,
      "ARRIVALTIME": "20251206082800"
    },
    {
      "SEQ": 231,
      "BEFORE_NODE": 231.0,
      "AFTER_NODE": 232.0,
      "BEFORE_LAT": 31.592939,
      "BEFORE_LON": 121.44509,
      "AFTER_LAT": 31.592966,
      "AFTER_LON": 121.44518,
      "SOG": 0,
      "MOVINGTIME": 1320.0,
      "ARRIVALTIME": "20251206085000"
    },
    {
      "SEQ": 232,
      "BEFORE_NODE": 232.0,
      "AFTER_NODE": 233.0,
      "BEFORE_LAT": 31.592966,
      "BEFORE_LON": 121.44518,
      "AFTER_LAT": 31.592947,
      "AFTER_LON": 121.44512,
      "SOG": 0,
      "MOVINGTIME": 2100.0,
      "ARRIVALTIME": "20251206092500"
    },
    {
      "SEQ": 233,
      "BEFORE_NODE": 233.0,
      "AFTER_NODE": 234.0,
      "BEFORE_LAT": 31.592947,
      "BEFORE_LON": 121.44512,
      "AFTER_LAT": 31.59297,
      "AFTER_LON": 121.44508,
      "SOG": 0,
      "MOVINGTIME": 1800.0,
      "ARRIVALTIME": "20251206095500"
    },
    {
      "SEQ": 234,
      "BEFORE_NODE": 234.0,
      "AFTER_NODE": 235.0,
      "BEFORE_LAT": 31.59297,
      "BEFORE_LON": 121.44508,
      "AFTER_LAT": 31.59301,
      "AFTER_LON": 121.44507,
      "SOG": 0,
      "MOVINGTIME": 1740.0,
      "ARRIVALTIME": "20251206102400"
    },
    {
      "SEQ": 235,
      "BEFORE_NODE": 235.0,
      "AFTER_NODE": 236.0,
      "BEFORE_LAT": 31.59301,
      "BEFORE_LON": 121.44507,
      "AFTER_LAT": 31.592924,
      "AFTER_LON": 121.44508,
      "SOG": 0,
      "MOVINGTIME": 1860.0,
      "ARRIVALTIME": "20251206105500"
    },
    {
      "SEQ": 236,
      "BEFORE_NODE": 236.0,
      "AFTER_NODE": 237.0,
      "BEFORE_LAT": 31.592924,
      "BEFORE_LON": 121.44508,
      "AFTER_LAT": 31.592979,
      "AFTER_LON": 121.44504,
      "SOG": 0,
      "MOVINGTIME": 1620.0,
      "ARRIVALTIME": "20251206112200"
    },
    {
      "SEQ": 237,
      "BEFORE_NODE": 237.0,
      "AFTER_NODE": 238.0,
      "BEFORE_LAT": 31.592979,
      "BEFORE_LON": 121.44504,
      "AFTER_LAT": 31.592974,
      "AFTER_LON": 121.44511,
      "SOG": 0.1,
      "MOVINGTIME": 1860.0,
      "ARRIVALTIME": "20251206115300"
    },
    {
      "SEQ": 238,
      "BEFORE_NODE": 238.0,
      "AFTER_NODE": 239.0,
      "BEFORE_LAT": 31.592974,
      "BEFORE_LON": 121.44511,
      "AFTER_LAT": 31.593006,
      "AFTER_LON": 121.44511,
      "SOG": 0.1,
      "MOVINGTIME": 1800.0,
      "ARRIVALTIME": "20251206122300"
    },
    {
      "SEQ": 239,
      "BEFORE_NODE": 239.0,
      "AFTER_NODE": 240.0,
      "BEFORE_LAT": 31.593006,
      "BEFORE_LON": 121.44511,
      "AFTER_LAT": 31.59292,
      "AFTER_LON": 121.44511,
      "SOG": 0.1,
      "MOVINGTIME": 1920.0,
      "ARRIVALTIME": "20251206125500"
    },
    {
      "SEQ": 240,
      "BEFORE_NODE": 240.0,
      "AFTER_NODE": 241.0,
      "BEFORE_LAT": 31.59292,
      "BEFORE_LON": 121.44511,
      "AFTER_LAT": 31.592934,
      "AFTER_LON": 121.44512,
      "SOG": 0,
      "MOVINGTIME": 1620.0,
      "ARRIVALTIME": "20251206132200"
    },
    {
      "SEQ": 241,
      "BEFORE_NODE": 241.0,
      "AFTER_NODE": 242.0,
      "BEFORE_LAT": 31.592934,
      "BEFORE_LON": 121.44512,
      "AFTER_LAT": 31.59297,
      "AFTER_LON": 121.44508,
      "SOG": 0,
      "MOVINGTIME": 2040.0,
      "ARRIVALTIME": "20251206135600"
    }
  ]
}