{
  "mmsi": "538007480",
  "PredResult": [
    {
      "SEQ": 0,
      "BEFORE_NODE": 0.0,
      "AFTER_NODE": 1.0,
      "BEFORE_LAT": 29.75878,
      "BEFORE_LON": 124.62794,
      "AFTER_LAT": 30.043341,
      "AFTER_LON": 124.88591,
      "SOG": 11.5,
      "MOVINGTIME": 7080.0,
      "ARRIVALTIME": "20251129184700"
    },
    {
      "SEQ": 1,
      "BEFORE_NODE": 1.0,
      "AFTER_NODE": 2.0,
      "BEFORE_LAT": 30.043341,
      "BEFORE_LON": 124.88591,
      "AFTER_LAT": 30.568817,
      "AFTER_LON": 125.37513,
      "SOG": 12,
      "MOVINGTIME": 12780.0,
      "ARRIVALTIME": "20251129222000"
    },
    {
      "SEQ": 2,
      "BEFORE_NODE": 2.0,
      "AFTER_NODE": 3.0,
      "BEFORE_LAT": 30.568817,
      "BEFORE_LON": 125.37513,
      "AFTER_LAT": 30.64772,
      "AFTER_LON": 125.4496,
      "SOG": 11.8,
      "MOVINGTIME": 1740.0,
      "ARRIVALTIME": "20251129224900"
    },
    {
      "SEQ": 3,
      "BEFORE_NODE": 3.0,
      "AFTER_NODE": 4.0,
      "BEFORE_LAT": 30.64772,
      "BEFORE_LON": 125.4496,
      "AFTER_LAT": 30.725613,
      "AFTER_LON": 125.52085,
      "SOG": 11.6,
      "MOVINGTIME": 1680.0,
      "ARRIVALTIME": "20251129231700"
    },
    {
      "SEQ": 4,
      "BEFORE_NODE": 4.0,
      "AFTER_NODE": 5.0,
      "BEFORE_LAT": 30.725613,
      "BEFORE_LON": 125.52085,
      "AFTER_LAT": 30.81583,
      "AFTER_LON": 125.60413,
      "SOG": 11.6,
      "MOVINGTIME": 1980.0,
      "ARRIVALTIME": "20251129235000"
    },
    {
      "SEQ": 5,
      "BEFORE_NODE": 5.0,
      "AFTER_NODE": 6.0,
      "BEFORE_LAT": 30.81583,
      "BEFORE_LON": 125.60413,
      "AFTER_LAT": 30.895613,
      "AFTER_LON": 125.6785,
      "SOG": 11.6,
      "MOVINGTIME": 1740.0,
      "ARRIVALTIME": "20251130001900"
    },
    {
      "SEQ": 6,
      "BEFORE_NODE": 6.0,
      "AFTER_NODE": 7.0,
      "BEFORE_LAT": 30.895613,
      "BEFORE_LON": 125.6785,
      "AFTER_LAT": 31.022297,
      "AFTER_LON": 125.79537,
      "SOG": 11.5,
      "MOVINGTIME": 3480.0,
      "ARRIVALTIME": "20251130011700"
    },
    {
      "SEQ": 7,
      "BEFORE_NODE": 7.0,
      "AFTER_NODE": 8.0,
      "BEFORE_LAT": 31.022297,
      "BEFORE_LON": 125.79537,
      "AFTER_LAT": 31.085737,
      "AFTER_LON": 125.85394,
      "SOG": 11.5,
      "MOVINGTIME": 1920.0,
      "ARRIVALTIME": "20251130014900"
    },
    {
      "SEQ": 8,
      "BEFORE_NODE": 8.0,
      "AFTER_NODE": 9.0,
      "BEFORE_LAT": 31.085737,
      "BEFORE_LON": 125.85394,
      "AFTER_LAT": 31.200546,
      "AFTER_LON": 125.95274,
      "SOG": 11,
      "MOVINGTIME": 1920.0,
      "ARRIVALTIME": "20251130022100"
    },
    {
      "SEQ": 9,
      "BEFORE_NODE": 9.0,
      "AFTER_NODE": 10.0,
      "BEFORE_LAT": 31.200546,
      "BEFORE_LON": 125.95274,
      "AFTER_LAT": 31.287603,
      "AFTER_LON": 126.01372,
      "SOG": 11.1,
      "MOVINGTIME": 1740.0,
      "ARRIVALTIME": "20251130025000"
    },
    {
      "SEQ": 10,
      "BEFORE_NODE": 10.0,
      "AFTER_NODE": 11.0,
      "BEFORE_LAT": 31.287603,
      "BEFORE_LON": 126.01372,
      "AFTER_LAT": 31.348154,
      "AFTER_LON": 126.05624,
      "SOG": 11.1,
      "MOVINGTIME": 1920.0,
      "ARRIVALTIME": "20251130032200"
    },
    {
      "SEQ": 11,
      "BEFORE_NODE": 11.0,
      "AFTER_NODE": 12.0,
      "BEFORE_LAT": 31.348154,
      "BEFORE_LON": 126.05624,
      "AFTER_LAT": 31.424284,
      "AFTER_LON": 126.11367,
      "SOG": 11.1,
      "MOVINGTIME": 1680.0,
      "ARRIVALTIME": "20251130035000"
    },
    {
      "SEQ": 12,
      "BEFORE_NODE": 12.0,
      "AFTER_NODE": 13.0,
      "BEFORE_LAT": 31.424284,
      "BEFORE_LON": 126.11367,
      "AFTER_LAT": 31.502609,
      "AFTER_LON": 126.18125,
      "SOG": 11.1,
      "MOVINGTIME": 1860.0,
      "ARRIVALTIME": "20251130042100"
    },
    {
      "SEQ": 13,
      "BEFORE_NODE": 13.0,
      "AFTER_NODE": 14.0,
      "BEFORE_LAT": 31.502609,
      "BEFORE_LON": 126.18125,
      "AFTER_LAT": 31.561594,
      "AFTER_LON": 126.21474,
      "SOG": 11.3,
      "MOVINGTIME": 1800.0,
      "ARRIVALTIME": "20251130045100"
    },
    {
      "SEQ": 14,
      "BEFORE_NODE": 14.0,
      "AFTER_NODE": 15.0,
      "BEFORE_LAT": 31.561594,
      "BEFORE_LON": 126.21474,
      "AFTER_LAT": 31.706766,
      "AFTER_LON": 126.37074,
      "SOG": 11.1,
      "MOVINGTIME": 3900.0,
      "ARRIVALTIME": "20251130055600"
    },
    {
      "SEQ": 15,
      "BEFORE_NODE": 15.0,
      "AFTER_NODE": 16.0,
      "BEFORE_LAT": 31.706766,
      "BEFORE_LON": 126.37074,
      "AFTER_LAT": 31.850691,
      "AFTER_LON": 126.53369,
      "SOG": 11.3,
      "MOVINGTIME": 3060.0,
      "ARRIVALTIME": "20251130064700"
    },
    {
      "SEQ": 16,
      "BEFORE_NODE": 16.0,
      "AFTER_NODE": 17.0,
      "BEFORE_LAT": 31.850691,
      "BEFORE_LON": 126.53369,
      "AFTER_LAT": 31.927757,
      "AFTER_LON": 126.5996,
      "SOG": 11.3,
      "MOVINGTIME": 1800.0,
      "ARRIVALTIME": "20251130071700"
    },
    {
      "SEQ": 17,
      "BEFORE_NODE": 17.0,
      "AFTER_NODE": 18.0,
      "BEFORE_LAT": 31.927757,
      "BEFORE_LON": 126.5996,
      "AFTER_LAT": 32.338493,
      "AFTER_LON": 126.96833,
      "SOG": 12,
      "MOVINGTIME": 9324.0,
      "ARRIVALTIME": "20251130095224"
    },
    {
      "SEQ": 18,
      "BEFORE_NODE": 18.0,
      "AFTER_NODE": 19.0,
      "BEFORE_LAT": 32.338493,
      "BEFORE_LON": 126.96833,
      "AFTER_LAT": 32.387875,
      "AFTER_LON": 127.02808,
      "SOG": 11.8,
      "MOVINGTIME": 1536.0,
      "ARRIVALTIME": "20251130101800"
    },
    {
      "SEQ": 19,
      "BEFORE_NODE": 19.0,
      "AFTER_NODE": 20.0,
      "BEFORE_LAT": 32.387875,
      "BEFORE_LON": 127.02808,
      "AFTER_LAT": 32.432919,
      "AFTER_LON": 127.08453,
      "SOG": 11.6,
      "MOVINGTIME": 1800.0,
      "ARRIVALTIME": "20251130104800"
    },
    {
      "SEQ": 20,
      "BEFORE_NODE": 20.0,
      "AFTER_NODE": 21.0,
      "BEFORE_LAT": 32.432919,
      "BEFORE_LON": 127.08453,
      "AFTER_LAT": 32.618252,
      "AFTER_LON": 127.53235,
      "SOG": 11.6,
      "MOVINGTIME": 7200.0,
      "ARRIVALTIME": "20251130124800"
    },
    {
      "SEQ": 21,
      "BEFORE_NODE": 21.0,
      "AFTER_NODE": 22.0,
      "BEFORE_LAT": 32.618252,
      "BEFORE_LON": 127.53235,
      "AFTER_LAT": 32.958118,
      "AFTER_LON": 127.78152,
      "SOG": 11.3,
      "MOVINGTIME": 7380.0,
      "ARRIVALTIME": "20251130145100"
    },
    {
      "SEQ": 22,
      "BEFORE_NODE": 22.0,
      "AFTER_NODE": 23.0,
      "BEFORE_LAT": 32.958118,
      "BEFORE_LON": 127.78152,
      "AFTER_LAT": 33.019268,
      "AFTER_LON": 127.82893,
      "SOG": 11.8,
      "MOVINGTIME": 1860.0,
      "ARRIVALTIME": "20251130152200"
    },
    {
      "SEQ": 23,
      "BEFORE_NODE": 23.0,
      "AFTER_NODE": 24.0,
      "BEFORE_LAT": 33.019268,
      "BEFORE_LON": 127.82893,
      "AFTER_LAT": 33.098621,
      "AFTER_LON": 127.90762,
      "SOG": 11.1,
      "MOVINGTIME": 1800.0,
      "ARRIVALTIME": "20251130155200"
    },
    {
      "SEQ": 24,
      "BEFORE_NODE": 24.0,
      "AFTER_NODE": 25.0,
      "BEFORE_LAT": 33.098621,
      "BEFORE_LON": 127.90762,
      "AFTER_LAT": 33.398972,
      "AFTER_LON": 128.1795,
      "SOG": 11.8,
      "MOVINGTIME": 7020.0,
      "ARRIVALTIME": "20251130174900"
    },
    {
      "SEQ": 25,
      "BEFORE_NODE": 25.0,
      "AFTER_NODE": 26.0,
      "BEFORE_LAT": 33.398972,
      "BEFORE_LON": 128.1795,
      "AFTER_LAT": 33.48867,
      "AFTER_LON": 128.26463,
      "SOG": 11.8,
      "MOVINGTIME": 1920.0,
      "ARRIVALTIME": "20251130182100"
    },
    {
      "SEQ": 26,
      "BEFORE_NODE": 26.0,
      "AFTER_NODE": 27.0,
      "BEFORE_LAT": 33.48867,
      "BEFORE_LON": 128.26463,
      "AFTER_LAT": 33.568787,
      "AFTER_LON": 128.34227,
      "SOG": 11.5,
      "MOVINGTIME": 1680.0,
      "ARRIVALTIME": "20251130184900"
    },
    {
      "SEQ": 27,
      "BEFORE_NODE": 27.0,
      "AFTER_NODE": 28.0,
      "BEFORE_LAT": 33.568787,
      "BEFORE_LON": 128.34227,
      "AFTER_LAT": 33.630199,
      "AFTER_LON": 128.40051,
      "SOG": 11.3,
      "MOVINGTIME": 1980.0,
      "ARRIVALTIME": "20251130192200"
    },
    {
      "SEQ": 28,
      "BEFORE_NODE": 28.0,
      "AFTER_NODE": 29.0,
      "BEFORE_LAT": 33.630199,
      "BEFORE_LON": 128.40051,
      "AFTER_LAT": 33.703991,
      "AFTER_LON": 128.47246,
      "SOG": 10.6,
      "MOVINGTIME": 1740.0,
      "ARRIVALTIME": "20251130195100"
    },
    {
      "SEQ": 29,
      "BEFORE_NODE": 29.0,
      "AFTER_NODE": 30.0,
      "BEFORE_LAT": 33.703991,
      "BEFORE_LON": 128.47246,
      "AFTER_LAT": 33.776363,
      "AFTER_LON": 128.53911,
      "SOG": 11.1,
      "MOVINGTIME": 1680.0,
      "ARRIVALTIME": "20251130201900"
    },
    {
      "SEQ": 30,
      "BEFORE_NODE": 30.0,
      "AFTER_NODE": 31.0,
      "BEFORE_LAT": 33.776363,
      "BEFORE_LON": 128.53911,
      "AFTER_LAT": 34.022739,
      "AFTER_LON": 128.75404,
      "SOG": 11.8,
      "MOVINGTIME": 5400.0,
      "ARRIVALTIME": "20251130214900"
    },
    {
      "SEQ": 31,
      "BEFORE_NODE": 31.0,
      "AFTER_NODE": 32.0,
      "BEFORE_LAT": 34.022739,
      "BEFORE_LON": 128.75404,
      "AFTER_LAT": 34.185248333333334,
      "AFTER_LON": 128.84133,
      "SOG": 11.7,
      "MOVINGTIME": 3227.0,
      "ARRIVALTIME": "20251130224247"
    },
    {
      "SEQ": 32,
      "BEFORE_NODE": 32.0,
      "AFTER_NODE": 33.0,
      "BEFORE_LAT": 34.185248333333334,
      "BEFORE_LON": 128.84133,
      "AFTER_LAT": 34.185246,
      "AFTER_LON": 128.84134,
      "SOG": 11.6,
      "MOVINGTIME": 493.0,
      "ARRIVALTIME": "20251130225100"
    },
    {
      "SEQ": 33,
      "BEFORE_NODE": 33.0,
      "AFTER_NODE": 34.0,
      "BEFORE_LAT": 34.185246,
      "BEFORE_LON": 128.84134,
      "AFTER_LAT": 34.281113,
      "AFTER_LON": 128.87218,
      "SOG": 11.6,
      "MOVINGTIME": 1920.0,
      "ARRIVALTIME": "20251130232300"
    },
    {
      "SEQ": 34,
      "BEFORE_NODE": 34.0,
      "AFTER_NODE": 35.0,
      "BEFORE_LAT": 34.281113,
      "BEFORE_LON": 128.87218,
      "AFTER_LAT": 34.360195,
      "AFTER_LON": 128.90985,
      "SOG": 5.3,
      "MOVINGTIME": 1680.0,
      "ARRIVALTIME": "20251130235100"
    },
    {
      "SEQ": 35,
      "BEFORE_NODE": 35.0,
      "AFTER_NODE": 36.0,
      "BEFORE_LAT": 34.360195,
      "BEFORE_LON": 128.90985,
      "AFTER_LAT": 34.379635,
      "AFTER_LON": 128.9174,
      "SOG": 2.4,
      "MOVINGTIME": 1860.0,
      "ARRIVALTIME": "20251201002200"
    },
    {
      "SEQ": 36,
      "BEFORE_NODE": 36.0,
      "AFTER_NODE": 37.0,
      "BEFORE_LAT": 34.379635,
      "BEFORE_LON": 128.9174,
      "AFTER_LAT": 34.396152,
      "AFTER_LON": 128.94174,
      "SOG": 2,
      "MOVINGTIME": 1800.0,
      "ARRIVALTIME": "20251201005200"
    },
    {
      "SEQ": 37,
      "BEFORE_NODE": 37.0,
      "AFTER_NODE": 38.0,
      "BEFORE_LAT": 34.396152,
      "BEFORE_LON": 128.94174,
      "AFTER_LAT": 34.406338,
      "AFTER_LON": 128.95909,
      "SOG": 1.8,
      "MOVINGTIME": 1800.0,
      "ARRIVALTIME": "20251201012200"
    },
    {
      "SEQ": 38,
      "BEFORE_NODE": 38.0,
      "AFTER_NODE": 39.0,
      "BEFORE_LAT": 34.406338,
      "BEFORE_LON": 128.95909,
      "AFTER_LAT": 34.416054,
      "AFTER_LON": 128.97432,
      "SOG": 1.7,
      "MOVINGTIME": 1680.0,
      "ARRIVALTIME": "20251201015000"
    },
    {
      "SEQ": 39,
      "BEFORE_NODE": 39.0,
      "AFTER_NODE": 40.0,
      "BEFORE_LAT": 34.416054,
      "BEFORE_LON": 128.97432,
      "AFTER_LAT": 34.425854,
      "AFTER_LON": 128.98901,
      "SOG": 1.7,
      "MOVINGTIME": 1740.0,
      "ARRIVALTIME": "20251201021900"
    },
    {
      "SEQ": 40,
      "BEFORE_NODE": 40.0,
      "AFTER_NODE": 41.0,
      "BEFORE_LAT": 34.425854,
      "BEFORE_LON": 128.98901,
      "AFTER_LAT": 34.445955,
      "AFTER_LON": 129.03569333333334,
      "SOG": 1,
      "MOVINGTIME": 6355.0,
      "ARRIVALTIME": "20251201040455"
    },
    {
      "SEQ": 41,
      "BEFORE_NODE": 41.0,
      "AFTER_NODE": 42.0,
      "BEFORE_LAT": 34.445955,
      "BEFORE_LON": 129.03569333333334,
      "AFTER_LAT": 34.44685166666667,
      "AFTER_LON": 129.04067333333333,
      "SOG": 0.9,
      "MOVINGTIME": 882.0,
      "ARRIVALTIME": "20251201041937"
    },
    {
      "SEQ": 42,
      "BEFORE_NODE": 42.0,
      "AFTER_NODE": 43.0,
      "BEFORE_LAT": 34.44685166666667,
      "BEFORE_LON": 129.04067333333333,
      "AFTER_LAT": 34.446743,
      "AFTER_LON": 129.04845,
      "SOG": 1,
      "MOVINGTIME": 1823.0,
      "ARRIVALTIME": "20251201045000"
    },
    {
      "SEQ": 43,
      "BEFORE_NODE": 43.0,
      "AFTER_NODE": 44.0,
      "BEFORE_LAT": 34.446743,
      "BEFORE_LON": 129.04845,
      "AFTER_LAT": 34.445732,
      "AFTER_LON": 129.07526,
      "SOG": 0.3,
      "MOVINGTIME": 8940.0,
      "ARRIVALTIME": "20251201071900"
    },
    {
      "SEQ": 44,
      "BEFORE_NODE": 44.0,
      "AFTER_NODE": 45.0,
      "BEFORE_LAT": 34.445732,
      "BEFORE_LON": 129.07526,
      "AFTER_LAT": 34.447575,
      "AFTER_LON": 129.07922,
      "SOG": 0.4,
      "MOVINGTIME": 1740.0,
      "ARRIVALTIME": "20251201074800"
    },
    {
      "SEQ": 45,
      "BEFORE_NODE": 45.0,
      "AFTER_NODE": 46.0,
      "BEFORE_LAT": 34.447575,
      "BEFORE_LON": 129.07922,
      "AFTER_LAT": 34.449402,
      "AFTER_LON": 129.08307,
      "SOG": 0.3,
      "MOVINGTIME": 1800.0,
      "ARRIVALTIME": "20251201081800"
    },
    {
      "SEQ": 46,
      "BEFORE_NODE": 46.0,
      "AFTER_NODE": 47.0,
      "BEFORE_LAT": 34.449402,
      "BEFORE_LON": 129.08307,
      "AFTER_LAT": 34.454281,
      "AFTER_LON": 129.08961,
      "SOG": 0.2,
      "MOVINGTIME": 3600.0,
      "ARRIVALTIME": "20251201091800"
    },
    {
      "SEQ": 47,
      "BEFORE_NODE": 47.0,
      "AFTER_NODE": 48.0,
      "BEFORE_LAT": 34.454281,
      "BEFORE_LON": 129.08961,
      "AFTER_LAT": 34.458645,
      "AFTER_LON": 129.09308,
      "SOG": 0.5,
      "MOVINGTIME": 2100.0,
      "ARRIVALTIME": "20251201095300"
    },
    {
      "SEQ": 48,
      "BEFORE_NODE": 48.0,
      "AFTER_NODE": 49.0,
      "BEFORE_LAT": 34.458645,
      "BEFORE_LON": 129.09308,
      "AFTER_LAT": 34.462921,
      "AFTER_LON": 129.09534,
      "SOG": 0.6,
      "MOVINGTIME": 1680.0,
      "ARRIVALTIME": "20251201102100"
    },
    {
      "SEQ": 49,
      "BEFORE_NODE": 49.0,
      "AFTER_NODE": 50.0,
      "BEFORE_LAT": 34.462921,
      "BEFORE_LON": 129.09534,
      "AFTER_LAT": 34.469246,
      "AFTER_LON": 129.0979,
      "SOG": 0.8,
      "MOVINGTIME": 1740.0,
      "ARRIVALTIME": "20251201105000"
    },
    {
      "SEQ": 50,
      "BEFORE_NODE": 50.0,
      "AFTER_NODE": 51.0,
      "BEFORE_LAT": 34.469246,
      "BEFORE_LON": 129.0979,
      "AFTER_LAT": 34.478344,
      "AFTER_LON": 129.10109,
      "SOG": 1.2,
      "MOVINGTIME": 1860.0,
      "ARRIVALTIME": "20251201112100"
    },
    {
      "SEQ": 51,
      "BEFORE_NODE": 51.0,
      "AFTER_NODE": 52.0,
      "BEFORE_LAT": 34.478344,
      "BEFORE_LON": 129.10109,
      "AFTER_LAT": 34.487572,
      "AFTER_LON": 129.10469,
      "SOG": 1.2,
      "MOVINGTIME": 1560.0,
      "ARRIVALTIME": "20251201114700"
    },
    {
      "SEQ": 52,
      "BEFORE_NODE": 52.0,
      "AFTER_NODE": 53.0,
      "BEFORE_LAT": 34.487572,
      "BEFORE_LON": 129.10469,
      "AFTER_LAT": 34.50491,
      "AFTER_LON": 129.11028,
      "SOG": 1.3,
      "MOVINGTIME": 2751.0,
      "ARRIVALTIME": "20251201123251"
    },
    {
      "SEQ": 53,
      "BEFORE_NODE": 53.0,
      "AFTER_NODE": 54.0,
      "BEFORE_LAT": 34.50491,
      "BEFORE_LON": 129.11028,
      "AFTER_LAT": 34.509026,
      "AFTER_LON": 129.11116,
      "SOG": 1.3,
      "MOVINGTIME": 909.0,
      "ARRIVALTIME": "20251201124800"
    },
    {
      "SEQ": 54,
      "BEFORE_NODE": 54.0,
      "AFTER_NODE": 55.0,
      "BEFORE_LAT": 34.509026,
      "BEFORE_LON": 129.11116,
      "AFTER_LAT": 34.524193,
      "AFTER_LON": 129.11482,
      "SOG": 1.5,
      "MOVINGTIME": 1980.0,
      "ARRIVALTIME": "20251201132100"
    },
    {
      "SEQ": 55,
      "BEFORE_NODE": 55.0,
      "AFTER_NODE": 56.0,
      "BEFORE_LAT": 34.524193,
      "BEFORE_LON": 129.11482,
      "AFTER_LAT": 34.537861,
      "AFTER_LON": 129.11813,
      "SOG": 1.5,
      "MOVINGTIME": 1680.0,
      "ARRIVALTIME": "20251201134900"
    },
    {
      "SEQ": 56,
      "BEFORE_NODE": 56.0,
      "AFTER_NODE": 57.0,
      "BEFORE_LAT": 34.537861,
      "BEFORE_LON": 129.11813,
      "AFTER_LAT": 34.61867,
      "AFTER_LON": 129.10254833333335,
      "SOG": 12.3,
      "MOVINGTIME": 2856.0,
      "ARRIVALTIME": "20251201143636"
    },
    {
      "SEQ": 57,
      "BEFORE_NODE": 57.0,
      "AFTER_NODE": 58.0,
      "BEFORE_LAT": 34.61867,
      "BEFORE_LON": 129.10254833333335,
      "AFTER_LAT": 34.73463,
      "AFTER_LON": 129.044185,
      "SOG": 13.7,
      "MOVINGTIME": 2170.0,
      "ARRIVALTIME": "20251201151246"
    },
    {
      "SEQ": 58,
      "BEFORE_NODE": 58.0,
      "AFTER_NODE": 59.0,
      "BEFORE_LAT": 34.73463,
      "BEFORE_LON": 129.044185,
      "AFTER_LAT": 34.829685,
      "AFTER_LON": 128.95041,
      "SOG": 14.8,
      "MOVINGTIME": 1780.0,
      "ARRIVALTIME": "20251201154226"
    },
    {
      "SEQ": 59,
      "BEFORE_NODE": 59.0,
      "AFTER_NODE": 60.0,
      "BEFORE_LAT": 34.829685,
      "BEFORE_LON": 128.95041,
      "AFTER_LAT": 34.905085,
      "AFTER_LON": 128.87142666666668,
      "SOG": 12.7,
      "MOVINGTIME": 1529.0,
      "ARRIVALTIME": "20251201160755"
    },
    {
      "SEQ": 60,
      "BEFORE_NODE": 60.0,
      "AFTER_NODE": 61.0,
      "BEFORE_LAT": 34.905085,
      "BEFORE_LON": 128.87142666666668,
      "AFTER_LAT": 34.98193,
      "AFTER_LON": 128.81384,
      "SOG": 12.4,
      "MOVINGTIME": 1790.0,
      "ARRIVALTIME": "20251201163745"
    },
    {
      "SEQ": 61,
      "BEFORE_NODE": 61.0,
      "AFTER_NODE": 62.0,
      "BEFORE_LAT": 34.98193,
      "BEFORE_LON": 128.81384,
      "AFTER_LAT": 34.997593,
      "AFTER_LON": 128.80551,
      "SOG": 13.3,
      "MOVINGTIME": 795.0,
      "ARRIVALTIME": "20251201165100"
    },
    {
      "SEQ": 62,
      "BEFORE_NODE": 62.0,
      "AFTER_NODE": 63.0,
      "BEFORE_LAT": 34.997593,
      "BEFORE_LON": 128.80551,
      "AFTER_LAT": 35.071651,
      "AFTER_LON": 128.81596,
      "SOG": 2.7,
      "MOVINGTIME": 1920.0,
      "ARRIVALTIME": "20251201172300"
    },
    {
      "SEQ": 63,
      "BEFORE_NODE": 63.0,
      "AFTER_NODE": 64.0,
      "BEFORE_LAT": 35.071651,
      "BEFORE_LON": 128.81596,
      "AFTER_LAT": 35.070175,
      "AFTER_LON": 128.8244,
      "SOG": 0,
      "MOVINGTIME": 1680.0,
      "ARRIVALTIME": "20251201175100"
    },
    {
      "SEQ": 64,
      "BEFORE_NODE": 64.0,
      "AFTER_NODE": 65.0,
      "BEFORE_LAT": 35.070175,
      "BEFORE_LON": 128.8244,
      "AFTER_LAT": 35.070137,
      "AFTER_LON": 128.82437,
      "SOG": 0,
      "MOVINGTIME": 1740.0,
      "ARRIVALTIME": "20251201182000"
    },
    {
      "SEQ": 65,
      "BEFORE_NODE": 65.0,
      "AFTER_NODE": 66.0,
      "BEFORE_LAT": 35.070137,
      "BEFORE_LON": 128.82437,
      "AFTER_LAT": 35.070133,
      "AFTER_LON": 128.82434,
      "SOG": 0,
      "MOVINGTIME": 1920.0,
      "ARRIVALTIME": "20251201185200"
    },
    {
      "SEQ": 66,
      "BEFORE_NODE": 66.0,
      "AFTER_NODE": 67.0,
      "BEFORE_LAT": 35.070133,
      "BEFORE_LON": 128.82434,
      "AFTER_LAT": 35.070122,
      "AFTER_LON": 128.82439,
      "SOG": 0,
      "MOVINGTIME": 1680.0,
      "ARRIVALTIME": "20251201192000"
    },
    {
      "SEQ": 67,
      "BEFORE_NODE": 67.0,
      "AFTER_NODE": 68.0,
      "BEFORE_LAT": 35.070122,
      "BEFORE_LON": 128.82439,
      "AFTER_LAT": 35.069534,
      "AFTER_LON": 128.82448,
      "SOG": 0,
      "MOVINGTIME": 1800.0,
      "ARRIVALTIME": "20251201195000"
    },
    {
      "SEQ": 68,
      "BEFORE_NODE": 68.0,
      "AFTER_NODE": 69.0,
      "BEFORE_LAT": 35.069534,
      "BEFORE_LON": 128.82448,
      "AFTER_LAT": 35.070225,
      "AFTER_LON": 128.82431,
      "SOG": 0,
      "MOVINGTIME": 1740.0,
      "ARRIVALTIME": "20251201201900"
    },
    {
      "SEQ": 69,
      "BEFORE_NODE": 69.0,
      "AFTER_NODE": 70.0,
      "BEFORE_LAT": 35.070225,
      "BEFORE_LON": 128.82431,
      "AFTER_LAT": 35.069939,
      "AFTER_LON": 128.82426,
      "SOG": 0,
      "MOVINGTIME": 1740.0,
      "ARRIVALTIME": "20251201204800"
    },
    {
      "SEQ": 70,
      "BEFORE_NODE": 70.0,
      "AFTER_NODE": 71.0,
      "BEFORE_LAT": 35.069939,
      "BEFORE_LON": 128.82426,
      "AFTER_LAT": 35.070126,
      "AFTER_LON": 128.82439,
      "SOG": 0,
      "MOVINGTIME": 2040.0,
      "ARRIVALTIME": "20251201212200"
    },
    {
      "SEQ": 71,
      "BEFORE_NODE": 71.0,
      "AFTER_NODE": 72.0,
      "BEFORE_LAT": 35.070126,
      "BEFORE_LON": 128.82439,
      "AFTER_LAT": 35.06979,
      "AFTER_LON": 128.82397,
      "SOG": 0,
      "MOVINGTIME": 1800.0,
      "ARRIVALTIME": "20251201215200"
    },
    {
      "SEQ": 72,
      "BEFORE_NODE": 72.0,
      "AFTER_NODE": 73.0,
      "BEFORE_LAT": 35.06979,
      "BEFORE_LON": 128.82397,
      "AFTER_LAT": 35.070232,
      "AFTER_LON": 128.82433,
      "SOG": 0,
      "MOVINGTIME": 1680.0,
      "ARRIVALTIME": "20251201222000"
    },
    {
      "SEQ": 73,
      "BEFORE_NODE": 73.0,
      "AFTER_NODE": 74.0,
      "BEFORE_LAT": 35.070232,
      "BEFORE_LON": 128.82433,
      "AFTER_LAT": 35.070213,
      "AFTER_LON": 128.82446,
      "SOG": 0,
      "MOVINGTIME": 1800.0,
      "ARRIVALTIME": "20251201225000"
    },
    {
      "SEQ": 74,
      "BEFORE_NODE": 74.0,
      "AFTER_NODE": 75.0,
      "BEFORE_LAT": 35.070213,
      "BEFORE_LON": 128.82446,
      "AFTER_LAT": 35.070202,
      "AFTER_LON": 128.82439,
      "SOG": 0,
      "MOVINGTIME": 1800.0,
      "ARRIVALTIME": "20251201232000"
    },
    {
      "SEQ": 75,
      "BEFORE_NODE": 75.0,
      "AFTER_NODE": 76.0,
      "BEFORE_LAT": 35.070202,
      "BEFORE_LON": 128.82439,
      "AFTER_LAT": 35.070118,
      "AFTER_LON": 128.8244,
      "SOG": 0,
      "MOVINGTIME": 1740.0,
      "ARRIVALTIME": "20251201234900"
    },
    {
      "SEQ": 76,
      "BEFORE_NODE": 76.0,
      "AFTER_NODE": 77.0,
      "BEFORE_LAT": 35.070118,
      "BEFORE_LON": 128.8244,
      "AFTER_LAT": 35.070145,
      "AFTER_LON": 128.82434,
      "SOG": 0,
      "MOVINGTIME": 1860.0,
      "ARRIVALTIME": "20251202002000"
    },
    {
      "SEQ": 77,
      "BEFORE_NODE": 77.0,
      "AFTER_NODE": 78.0,
      "BEFORE_LAT": 35.070145,
      "BEFORE_LON": 128.82434,
      "AFTER_LAT": 35.070168,
      "AFTER_LON": 128.8244,
      "SOG": 0,
      "MOVINGTIME": 2994.0,
      "ARRIVALTIME": "20251202010954"
    },
    {
      "SEQ": 78,
      "BEFORE_NODE": 78.0,
      "AFTER_NODE": 79.0,
      "BEFORE_LAT": 35.070168,
      "BEFORE_LON": 128.8244,
      "AFTER_LAT": 35.070152,
      "AFTER_LON": 128.82439,
      "SOG": 0,
      "MOVINGTIME": 606.0,
      "ARRIVALTIME": "20251202012000"
    },
    {
      "SEQ": 79,
      "BEFORE_NODE": 79.0,
      "AFTER_NODE": 80.0,
      "BEFORE_LAT": 35.070152,
      "BEFORE_LON": 128.82439,
      "AFTER_LAT": 35.070148,
      "AFTER_LON": 128.82446,
      "SOG": 0,
      "MOVINGTIME": 1800.0,
      "ARRIVALTIME": "20251202015000"
    },
    {
      "SEQ": 80,
      "BEFORE_NODE": 80.0,
      "AFTER_NODE": 81.0,
      "BEFORE_LAT": 35.070148,
      "BEFORE_LON": 128.82446,
      "AFTER_LAT": 35.070137,
      "AFTER_LON": 128.82442,
      "SOG": 0,
      "MOVINGTIME": 1800.0,
      "ARRIVALTIME": "20251202022000"
    },
    {
      "SEQ": 81,
      "BEFORE_NODE": 81.0,
      "AFTER_NODE": 82.0,
      "BEFORE_LAT": 35.070137,
      "BEFORE_LON": 128.82442,
      "AFTER_LAT": 35.070061,
      "AFTER_LON": 128.82434,
      "SOG": 0,
      "MOVINGTIME": 1920.0,
      "ARRIVALTIME": "20251202025200"
    },
    {
      "SEQ": 82,
      "BEFORE_NODE": 82.0,
      "AFTER_NODE": 83.0,
      "BEFORE_LAT": 35.070061,
      "BEFORE_LON": 128.82434,
      "AFTER_LAT": 35.070133,
      "AFTER_LON": 128.82437,
      "SOG": 0,
      "MOVINGTIME": 1560.0,
      "ARRIVALTIME": "20251202031800"
    },
    {
      "SEQ": 83,
      "BEFORE_NODE": 83.0,
      "AFTER_NODE": 84.0,
      "BEFORE_LAT": 35.070133,
      "BEFORE_LON": 128.82437,
      "AFTER_LAT": 35.069981,
      "AFTER_LON": 128.82405,
      "SOG": 0,
      "MOVINGTIME": 1980.0,
      "ARRIVALTIME": "20251202035100"
    },
    {
      "SEQ": 84,
      "BEFORE_NODE": 84.0,
      "AFTER_NODE": 85.0,
      "BEFORE_LAT": 35.069981,
      "BEFORE_LON": 128.82405,
      "AFTER_LAT": 35.070312,
      "AFTER_LON": 128.82423,
      "SOG": 0,
      "MOVINGTIME": 1740.0,
      "ARRIVALTIME": "20251202042000"
    },
    {
      "SEQ": 85,
      "BEFORE_NODE": 85.0,
      "AFTER_NODE": 86.0,
      "BEFORE_LAT": 35.070312,
      "BEFORE_LON": 128.82423,
      "AFTER_LAT": 35.070358,
      "AFTER_LON": 128.8242,
      "SOG": 0,
      "MOVINGTIME": 1740.0,
      "ARRIVALTIME": "20251202044900"
    },
    {
      "SEQ": 86,
      "BEFORE_NODE": 86.0,
      "AFTER_NODE": 87.0,
      "BEFORE_LAT": 35.070358,
      "BEFORE_LON": 128.8242,
      "AFTER_LAT": 35.070248,
      "AFTER_LON": 128.8244,
      "SOG": 0,
      "MOVINGTIME": 1980.0,
      "ARRIVALTIME": "20251202052200"
    },
    {
      "SEQ": 87,
      "BEFORE_NODE": 87.0,
      "AFTER_NODE": 88.0,
      "BEFORE_LAT": 35.070248,
      "BEFORE_LON": 128.8244,
      "AFTER_LAT": 35.070122,
      "AFTER_LON": 128.82436,
      "SOG": 0,
      "MOVINGTIME": 1800.0,
      "ARRIVALTIME": "20251202055200"
    },
    {
      "SEQ": 88,
      "BEFORE_NODE": 88.0,
      "AFTER_NODE": 89.0,
      "BEFORE_LAT": 35.070122,
      "BEFORE_LON": 128.82436,
      "AFTER_LAT": 35.070141,
      "AFTER_LON": 128.82442,
      "SOG": 0,
      "MOVINGTIME": 1500.0,
      "ARRIVALTIME": "20251202061700"
    },
    {
      "SEQ": 89,
      "BEFORE_NODE": 89.0,
      "AFTER_NODE": 90.0,
      "BEFORE_LAT": 35.070141,
      "BEFORE_LON": 128.82442,
      "AFTER_LAT": 35.070217,
      "AFTER_LON": 128.82434,
      "SOG": 0,
      "MOVINGTIME": 2040.0,
      "ARRIVALTIME": "20251202065100"
    },
    {
      "SEQ": 90,
      "BEFORE_NODE": 90.0,
      "AFTER_NODE": 91.0,
      "BEFORE_LAT": 35.070217,
      "BEFORE_LON": 128.82434,
      "AFTER_LAT": 35.070053,
      "AFTER_LON": 128.82442,
      "SOG": 0,
      "MOVINGTIME": 1800.0,
      "ARRIVALTIME": "20251202072100"
    },
    {
      "SEQ": 91,
      "BEFORE_NODE": 91.0,
      "AFTER_NODE": 92.0,
      "BEFORE_LAT": 35.070053,
      "BEFORE_LON": 128.82442,
      "AFTER_LAT": 35.070194,
      "AFTER_LON": 128.82433,
      "SOG": 0,
      "MOVINGTIME": 1860.0,
      "ARRIVALTIME": "20251202075200"
    },
    {
      "SEQ": 92,
      "BEFORE_NODE": 92.0,
      "AFTER_NODE": 93.0,
      "BEFORE_LAT": 35.070194,
      "BEFORE_LON": 128.82433,
      "AFTER_LAT": 35.070171,
      "AFTER_LON": 128.82439,
      "SOG": 0,
      "MOVINGTIME": 5400.0,
      "ARRIVALTIME": "20251202092200"
    },
    {
      "SEQ": 93,
      "BEFORE_NODE": 93.0,
      "AFTER_NODE": 94.0,
      "BEFORE_LAT": 35.070171,
      "BEFORE_LON": 128.82439,
      "AFTER_LAT": 35.070087,
      "AFTER_LON": 128.82437,
      "SOG": 0,
      "MOVINGTIME": 3360.0,
      "ARRIVALTIME": "20251202101800"
    },
    {
      "SEQ": 94,
      "BEFORE_NODE": 94.0,
      "AFTER_NODE": 95.0,
      "BEFORE_LAT": 35.070087,
      "BEFORE_LON": 128.82437,
      "AFTER_LAT": 35.069965,
      "AFTER_LON": 128.82431,
      "SOG": 0,
      "MOVINGTIME": 1920.0,
      "ARRIVALTIME": "20251202105000"
    },
    {
      "SEQ": 95,
      "BEFORE_NODE": 95.0,
      "AFTER_NODE": 96.0,
      "BEFORE_LAT": 35.069965,
      "BEFORE_LON": 128.82431,
      "AFTER_LAT": 35.07016,
      "AFTER_LON": 128.82445,
      "SOG": 0,
      "MOVINGTIME": 1800.0,
      "ARRIVALTIME": "20251202112000"
    },
    {
      "SEQ": 96,
      "BEFORE_NODE": 96.0,
      "AFTER_NODE": 97.0,
      "BEFORE_LAT": 35.07016,
      "BEFORE_LON": 128.82445,
      "AFTER_LAT": 35.070202,
      "AFTER_LON": 128.82426,
      "SOG": 0,
      "MOVINGTIME": 3600.0,
      "ARRIVALTIME": "20251202122000"
    },
    {
      "SEQ": 97,
      "BEFORE_NODE": 97.0,
      "AFTER_NODE": 98.0,
      "BEFORE_LAT": 35.070202,
      "BEFORE_LON": 128.82426,
      "AFTER_LAT": 35.070129,
      "AFTER_LON": 128.82437,
      "SOG": 0,
      "MOVINGTIME": 1800.0,
      "ARRIVALTIME": "20251202125000"
    },
    {
      "SEQ": 98,
      "BEFORE_NODE": 98.0,
      "AFTER_NODE": 99.0,
      "BEFORE_LAT": 35.070129,
      "BEFORE_LON": 128.82437,
      "AFTER_LAT": 35.072239,
      "AFTER_LON": 128.8203,
      "SOG": 2.2,
      "MOVINGTIME": 1920.0,
      "ARRIVALTIME": "20251202132200"
    },
    {
      "SEQ": 99,
      "BEFORE_NODE": 99.0,
      "AFTER_NODE": 100.0,
      "BEFORE_LAT": 35.072239,
      "BEFORE_LON": 128.8203,
      "AFTER_LAT": 34.96870666666667,
      "AFTER_LON": 128.80498666666668,
      "SOG": 12.1,
      "MOVINGTIME": 3030.0,
      "ARRIVALTIME": "20251202141230"
    },
    {
      "SEQ": 100,
      "BEFORE_NODE": 100.0,
      "AFTER_NODE": 101.0,
      "BEFORE_LAT": 34.96870666666667,
      "BEFORE_LON": 128.80498666666668,
      "AFTER_LAT": 34.89393166666667,
      "AFTER_LON": 128.84422,
      "SOG": 11.2,
      "MOVINGTIME": 1500.0,
      "ARRIVALTIME": "20251202143730"
    },
    {
      "SEQ": 101,
      "BEFORE_NODE": 101.0,
      "AFTER_NODE": 102.0,
      "BEFORE_LAT": 34.89393166666667,
      "BEFORE_LON": 128.84422,
      "AFTER_LAT": 34.81451333333333,
      "AFTER_LON": 128.86209833333334,
      "SOG": 11,
      "MOVINGTIME": 1539.0,
      "ARRIVALTIME": "20251202150309"
    },
    {
      "SEQ": 102,
      "BEFORE_NODE": 102.0,
      "AFTER_NODE": 103.0,
      "BEFORE_LAT": 34.81451333333333,
      "BEFORE_LON": 128.86209833333334,
      "AFTER_LAT": 34.770806666666665,
      "AFTER_LON": 128.85806166666666,
      "SOG": 11.1,
      "MOVINGTIME": 860.0,
      "ARRIVALTIME": "20251202151729"
    },
    {
      "SEQ": 103,
      "BEFORE_NODE": 103.0,
      "AFTER_NODE": 104.0,
      "BEFORE_LAT": 34.770806666666665,
      "BEFORE_LON": 128.85806166666666,
      "AFTER_LAT": 34.588852,
      "AFTER_LON": 128.84451,
      "SOG": 10.6,
      "MOVINGTIME": 3691.0,
      "ARRIVALTIME": "20251202161900"
    },
    {
      "SEQ": 104,
      "BEFORE_NODE": 104.0,
      "AFTER_NODE": 105.0,
      "BEFORE_LAT": 34.588852,
      "BEFORE_LON": 128.84451,
      "AFTER_LAT": 34.486702,
      "AFTER_LON": 128.83151,
      "SOG": 11.5,
      "MOVINGTIME": 1860.0,
      "ARRIVALTIME": "20251202165000"
    },
    {
      "SEQ": 105,
      "BEFORE_NODE": 105.0,
      "AFTER_NODE": 106.0,
      "BEFORE_LAT": 34.486702,
      "BEFORE_LON": 128.83151,
      "AFTER_LAT": 34.389801,
      "AFTER_LON": 128.80818,
      "SOG": 11.6,
      "MOVINGTIME": 1800.0,
      "ARRIVALTIME": "20251202172000"
    },
    {
      "SEQ": 106,
      "BEFORE_NODE": 106.0,
      "AFTER_NODE": 107.0,
      "BEFORE_LAT": 34.389801,
      "BEFORE_LON": 128.80818,
      "AFTER_LAT": 34.330429,
      "AFTER_LON": 128.77811,
      "SOG": 11.3,
      "MOVINGTIME": 1680.0,
      "ARRIVALTIME": "20251202174800"
    },
    {
      "SEQ": 107,
      "BEFORE_NODE": 107.0,
      "AFTER_NODE": 108.0,
      "BEFORE_LAT": 34.330429,
      "BEFORE_LON": 128.77811,
      "AFTER_LAT": 34.251255,
      "AFTER_LON": 128.70828,
      "SOG": 10.5,
      "MOVINGTIME": 1860.0,
      "ARRIVALTIME": "20251202181900"
    },
    {
      "SEQ": 108,
      "BEFORE_NODE": 108.0,
      "AFTER_NODE": 109.0,
      "BEFORE_LAT": 34.251255,
      "BEFORE_LON": 128.70828,
      "AFTER_LAT": 34.187054,
      "AFTER_LON": 128.62814,
      "SOG": 9.6,
      "MOVINGTIME": 1860.0,
      "ARRIVALTIME": "20251202185000"
    },
    {
      "SEQ": 109,
      "BEFORE_NODE": 109.0,
      "AFTER_NODE": 110.0,
      "BEFORE_LAT": 34.187054,
      "BEFORE_LON": 128.62814,
      "AFTER_LAT": 34.156605,
      "AFTER_LON": 128.57076,
      "SOG": 10.3,
      "MOVINGTIME": 1740.0,
      "ARRIVALTIME": "20251202191900"
    },
    {
      "SEQ": 110,
      "BEFORE_NODE": 110.0,
      "AFTER_NODE": 111.0,
      "BEFORE_LAT": 34.156605,
      "BEFORE_LON": 128.57076,
      "AFTER_LAT": 34.094452,
      "AFTER_LON": 128.41722,
      "SOG": 9.6,
      "MOVINGTIME": 2362.0,
      "ARRIVALTIME": "20251202195822"
    },
    {
      "SEQ": 111,
      "BEFORE_NODE": 111.0,
      "AFTER_NODE": 112.0,
      "BEFORE_LAT": 34.094452,
      "BEFORE_LON": 128.41722,
      "AFTER_LAT": 34.083294,
      "AFTER_LON": 128.38713,
      "SOG": 9.8,
      "MOVINGTIME": 1238.0,
      "ARRIVALTIME": "20251202201900"
    },
    {
      "SEQ": 112,
      "BEFORE_NODE": 112.0,
      "AFTER_NODE": 113.0,
      "BEFORE_LAT": 34.083294,
      "BEFORE_LON": 128.38713,
      "AFTER_LAT": 34.002739,
      "AFTER_LON": 128.18176,
      "SOG": 10.1,
      "MOVINGTIME": 3600.0,
      "ARRIVALTIME": "20251202211900"
    },
    {
      "SEQ": 113,
      "BEFORE_NODE": 113.0,
      "AFTER_NODE": 114.0,
      "BEFORE_LAT": 34.002739,
      "BEFORE_LON": 128.18176,
      "AFTER_LAT": 33.964401,
      "AFTER_LON": 128.08755,
      "SOG": 9.8,
      "MOVINGTIME": 1800.0,
      "ARRIVALTIME": "20251202214900"
    },
    {
      "SEQ": 114,
      "BEFORE_NODE": 114.0,
      "AFTER_NODE": 115.0,
      "BEFORE_LAT": 33.964401,
      "BEFORE_LON": 128.08755,
      "AFTER_LAT": 33.757355,
      "AFTER_LON": 126.98788,
      "SOG": 9.3,
      "MOVINGTIME": 21720.0,
      "ARRIVALTIME": "20251203035100"
    },
    {
      "SEQ": 115,
      "BEFORE_NODE": 115.0,
      "AFTER_NODE": 116.0,
      "BEFORE_LAT": 33.757355,
      "BEFORE_LON": 126.98788,
      "AFTER_LAT": 33.759506,
      "AFTER_LON": 126.90524,
      "SOG": 8.8,
      "MOVINGTIME": 1560.0,
      "ARRIVALTIME": "20251203041700"
    },
    {
      "SEQ": 116,
      "BEFORE_NODE": 116.0,
      "AFTER_NODE": 117.0,
      "BEFORE_LAT": 33.759506,
      "BEFORE_LON": 126.90524,
      "AFTER_LAT": 33.761185,
      "AFTER_LON": 126.80672,
      "SOG": 8.3,
      "MOVINGTIME": 1980.0,
      "ARRIVALTIME": "20251203045000"
    },
    {
      "SEQ": 117,
      "BEFORE_NODE": 117.0,
      "AFTER_NODE": 118.0,
      "BEFORE_LAT": 33.761185,
      "BEFORE_LON": 126.80672,
      "AFTER_LAT": 33.758835,
      "AFTER_LON": 126.72325,
      "SOG": 8.1,
      "MOVINGTIME": 1740.0,
      "ARRIVALTIME": "20251203051900"
    },
    {
      "SEQ": 118,
      "BEFORE_NODE": 118.0,
      "AFTER_NODE": 119.0,
      "BEFORE_LAT": 33.758835,
      "BEFORE_LON": 126.72325,
      "AFTER_LAT": 33.762012,
      "AFTER_LON": 126.64692,
      "SOG": 7.3,
      "MOVINGTIME": 1800.0,
      "ARRIVALTIME": "20251203054900"
    },
    {
      "SEQ": 119,
      "BEFORE_NODE": 119.0,
      "AFTER_NODE": 120.0,
      "BEFORE_LAT": 33.762012,
      "BEFORE_LON": 126.64692,
      "AFTER_LAT": 33.849323,
      "AFTER_LON": 126.09005,
      "SOG": 9.1,
      "MOVINGTIME": 12480.0,
      "ARRIVALTIME": "20251203091700"
    },
    {
      "SEQ": 120,
      "BEFORE_NODE": 120.0,
      "AFTER_NODE": 121.0,
      "BEFORE_LAT": 33.849323,
      "BEFORE_LON": 126.09005,
      "AFTER_LAT": 33.879799,
      "AFTER_LON": 126.00116,
      "SOG": 9.3,
      "MOVINGTIME": 1800.0,
      "ARRIVALTIME": "20251203094700"
    },
    {
      "SEQ": 121,
      "BEFORE_NODE": 121.0,
      "AFTER_NODE": 122.0,
      "BEFORE_LAT": 33.879799,
      "BEFORE_LON": 126.00116,
      "AFTER_LAT": 34.080399,
      "AFTER_LON": 125.426,
      "SOG": 10.3,
      "MOVINGTIME": 10920.0,
      "ARRIVALTIME": "20251203124900"
    },
    {
      "SEQ": 122,
      "BEFORE_NODE": 122.0,
      "AFTER_NODE": 123.0,
      "BEFORE_LAT": 34.080399,
      "BEFORE_LON": 125.426,
      "AFTER_LAT": 34.102085,
      "AFTER_LON": 125.35328,
      "SOG": 10.6,
      "MOVINGTIME": 1860.0,
      "ARRIVALTIME": "20251203132000"
    },
    {
      "SEQ": 123,
      "BEFORE_NODE": 123.0,
      "AFTER_NODE": 124.0,
      "BEFORE_LAT": 34.102085,
      "BEFORE_LON": 125.35328,
      "AFTER_LAT": 34.131737,
      "AFTER_LON": 125.239,
      "SOG": 10.6,
      "MOVINGTIME": 1860.0,
      "ARRIVALTIME": "20251203135100"
    },
    {
      "SEQ": 124,
      "BEFORE_NODE": 124.0,
      "AFTER_NODE": 125.0,
      "BEFORE_LAT": 34.131737,
      "BEFORE_LON": 125.239,
      "AFTER_LAT": 34.213512,
      "AFTER_LON": 125.04221,
      "SOG": 10.5,
      "MOVINGTIME": 3660.0,
      "ARRIVALTIME": "20251203145200"
    },
    {
      "SEQ": 125,
      "BEFORE_NODE": 125.0,
      "AFTER_NODE": 126.0,
      "BEFORE_LAT": 34.213512,
      "BEFORE_LON": 125.04221,
      "AFTER_LAT": 34.256001,
      "AFTER_LON": 124.94598,
      "SOG": 11,
      "MOVINGTIME": 1740.0,
      "ARRIVALTIME": "20251203152100"
    },
    {
      "SEQ": 126,
      "BEFORE_NODE": 126.0,
      "AFTER_NODE": 127.0,
      "BEFORE_LAT": 34.256001,
      "BEFORE_LON": 124.94598,
      "AFTER_LAT": 34.286987,
      "AFTER_LON": 124.87746,
      "SOG": 10.6,
      "MOVINGTIME": 1800.0,
      "ARRIVALTIME": "20251203155100"
    },
    {
      "SEQ": 127,
      "BEFORE_NODE": 127.0,
      "AFTER_NODE": 128.0,
      "BEFORE_LAT": 34.286987,
      "BEFORE_LON": 124.87746,
      "AFTER_LAT": 34.334335,
      "AFTER_LON": 124.75168,
      "SOG": 10.3,
      "MOVINGTIME": 1680.0,
      "ARRIVALTIME": "20251203161900"
    },
    {
      "SEQ": 128,
      "BEFORE_NODE": 128.0,
      "AFTER_NODE": 129.0,
      "BEFORE_LAT": 34.334335,
      "BEFORE_LON": 124.75168,
      "AFTER_LAT": 34.373047,
      "AFTER_LON": 124.6506,
      "SOG": 10.1,
      "MOVINGTIME": 1860.0,
      "ARRIVALTIME": "20251203165000"
    },
    {
      "SEQ": 129,
      "BEFORE_NODE": 129.0,
      "AFTER_NODE": 130.0,
      "BEFORE_LAT": 34.373047,
      "BEFORE_LON": 124.6506,
      "AFTER_LAT": 34.395119,
      "AFTER_LON": 124.59493,
      "SOG": 10.3,
      "MOVINGTIME": 1620.0,
      "ARRIVALTIME": "20251203171700"
    },
    {
      "SEQ": 130,
      "BEFORE_NODE": 130.0,
      "AFTER_NODE": 131.0,
      "BEFORE_LAT": 34.395119,
      "BEFORE_LON": 124.59493,
      "AFTER_LAT": 35.455803,
      "AFTER_LON": 121.97147,
      "SOG": 10.5,
      "MOVINGTIME": 48960.0,
      "ARRIVALTIME": "20251204065300"
    },
    {
      "SEQ": 131,
      "BEFORE_NODE": 131.0,
      "AFTER_NODE": 132.0,
      "BEFORE_LAT": 35.455803,
      "BEFORE_LON": 121.97147,
      "AFTER_LAT": 35.494781,
      "AFTER_LON": 121.87296,
      "SOG": 10.8,
      "MOVINGTIME": 1740.0,
      "ARRIVALTIME": "20251204072200"
    },
    {
      "SEQ": 132,
      "BEFORE_NODE": 132.0,
      "AFTER_NODE": 133.0,
      "BEFORE_LAT": 35.494781,
      "BEFORE_LON": 121.87296,
      "AFTER_LAT": 35.523193,
      "AFTER_LON": 121.80006,
      "SOG": 10.8,
      "MOVINGTIME": 1860.0,
      "ARRIVALTIME": "20251204075300"
    },
    {
      "SEQ": 133,
      "BEFORE_NODE": 133.0,
      "AFTER_NODE": 134.0,
      "BEFORE_LAT": 35.523193,
      "BEFORE_LON": 121.80006,
      "AFTER_LAT": 35.569622,
      "AFTER_LON": 121.66962,
      "SOG": 10.6,
      "MOVINGTIME": 1920.0,
      "ARRIVALTIME": "20251204082500"
    },
    {
      "SEQ": 134,
      "BEFORE_NODE": 134.0,
      "AFTER_NODE": 135.0,
      "BEFORE_LAT": 35.569622,
      "BEFORE_LON": 121.66962,
      "AFTER_LAT": 35.593048,
      "AFTER_LON": 121.58637,
      "SOG": 10.6,
      "MOVINGTIME": 1560.0,
      "ARRIVALTIME": "20251204085100"
    },
    {
      "SEQ": 135,
      "BEFORE_NODE": 135.0,
      "AFTER_NODE": 136.0,
      "BEFORE_LAT": 35.593048,
      "BEFORE_LON": 121.58637,
      "AFTER_LAT": 35.740906,
      "AFTER_LON": 120.93451,
      "SOG": 0,
      "MOVINGTIME": 17880.0,
      "ARRIVALTIME": "20251204134900"
    },
    {
      "SEQ": 136,
      "BEFORE_NODE": 136.0,
      "AFTER_NODE": 137.0,
      "BEFORE_LAT": 35.740906,
      "BEFORE_LON": 120.93451,
      "AFTER_LAT": 35.740532,
      "AFTER_LON": 120.93169,
      "SOG": 0.1,
      "MOVINGTIME": 25140.0,
      "ARRIVALTIME": "20251204204800"
    },
    {
      "SEQ": 137,
      "BEFORE_NODE": 137.0,
      "AFTER_NODE": 138.0,
      "BEFORE_LAT": 35.740532,
      "BEFORE_LON": 120.93169,
      "AFTER_LAT": 35.740582,
      "AFTER_LON": 120.9318,
      "SOG": 0,
      "MOVINGTIME": 2220.0,
      "ARRIVALTIME": "20251204212500"
    },
    {
      "SEQ": 138,
      "BEFORE_NODE": 138.0,
      "AFTER_NODE": 139.0,
      "BEFORE_LAT": 35.740582,
      "BEFORE_LON": 120.9318,
      "AFTER_LAT": 35.740627,
      "AFTER_LON": 120.93268,
      "SOG": 0,
      "MOVINGTIME": 1380.0,
      "ARRIVALTIME": "20251204214800"
    },
    {
      "SEQ": 139,
      "BEFORE_NODE": 139.0,
      "AFTER_NODE": 140.0,
      "BEFORE_LAT": 35.740627,
      "BEFORE_LON": 120.93268,
      "AFTER_LAT": 35.740631,
      "AFTER_LON": 120.9333,
      "SOG": 0.1,
      "MOVINGTIME": 2220.0,
      "ARRIVALTIME": "20251204222500"
    },
    {
      "SEQ": 140,
      "BEFORE_NODE": 140.0,
      "AFTER_NODE": 141.0,
      "BEFORE_LAT": 35.740631,
      "BEFORE_LON": 120.9333,
      "AFTER_LAT": 35.741302,
      "AFTER_LON": 120.93462,
      "SOG": 0.1,
      "MOVINGTIME": 1800.0,
      "ARRIVALTIME": "20251204225500"
    },
    {
      "SEQ": 141,
      "BEFORE_NODE": 141.0,
      "AFTER_NODE": 142.0,
      "BEFORE_LAT": 35.741302,
      "BEFORE_LON": 120.93462,
      "AFTER_LAT": 35.743237,
      "AFTER_LON": 120.93546,
      "SOG": 0.1,
      "MOVINGTIME": 5040.0,
      "ARRIVALTIME": "20251205001900"
    },
    {
      "SEQ": 142,
      "BEFORE_NODE": 142.0,
      "AFTER_NODE": 143.0,
      "BEFORE_LAT": 35.743237,
      "BEFORE_LON": 120.93546,
      "AFTER_LAT": 35.743515,
      "AFTER_LON": 120.93551,
      "SOG": 0,
      "MOVINGTIME": 1920.0,
      "ARRIVALTIME": "20251205005100"
    },
    {
      "SEQ": 143,
      "BEFORE_NODE": 143.0,
      "AFTER_NODE": 144.0,
      "BEFORE_LAT": 35.743515,
      "BEFORE_LON": 120.93551,
      "AFTER_LAT": 35.743793,
      "AFTER_LON": 120.93552,
      "SOG": 0.1,
      "MOVINGTIME": 1920.0,
      "ARRIVALTIME": "20251205012300"
    },
    {
      "SEQ": 144,
      "BEFORE_NODE": 144.0,
      "AFTER_NODE": 145.0,
      "BEFORE_LAT": 35.743793,
      "BEFORE_LON": 120.93552,
      "AFTER_LAT": 35.744232,
      "AFTER_LON": 120.93541,
      "SOG": 0,
      "MOVINGTIME": 1800.0,
      "ARRIVALTIME": "20251205015300"
    },
    {
      "SEQ": 145,
      "BEFORE_NODE": 145.0,
      "AFTER_NODE": 146.0,
      "BEFORE_LAT": 35.744232,
      "BEFORE_LON": 120.93541,
      "AFTER_LAT": 35.744606,
      "AFTER_LON": 120.93519,
      "SOG": 0.1,
      "MOVINGTIME": 2040.0,
      "ARRIVALTIME": "20251205022700"
    },
    {
      "SEQ": 146,
      "BEFORE_NODE": 146.0,
      "AFTER_NODE": 147.0,
      "BEFORE_LAT": 35.744606,
      "BEFORE_LON": 120.93519,
      "AFTER_LAT": 35.745529,
      "AFTER_LON": 120.93408,
      "SOG": 0,
      "MOVINGTIME": 3180.0,
      "ARRIVALTIME": "20251205032000"
    },
    {
      "SEQ": 147,
      "BEFORE_NODE": 147.0,
      "AFTER_NODE": 148.0,
      "BEFORE_LAT": 35.745529,
      "BEFORE_LON": 120.93408,
      "AFTER_LAT": 35.745655,
      "AFTER_LON": 120.9336,
      "SOG": 0,
      "MOVINGTIME": 1860.0,
      "ARRIVALTIME": "20251205035100"
    },
    {
      "SEQ": 148,
      "BEFORE_NODE": 148.0,
      "AFTER_NODE": 149.0,
      "BEFORE_LAT": 35.745655,
      "BEFORE_LON": 120.9336,
      "AFTER_LAT": 35.745792,
      "AFTER_LON": 120.93298,
      "SOG": 0,
      "MOVINGTIME": 1740.0,
      "ARRIVALTIME": "20251205042000"
    },
    {
      "SEQ": 149,
      "BEFORE_NODE": 149.0,
      "AFTER_NODE": 150.0,
      "BEFORE_LAT": 35.745792,
      "BEFORE_LON": 120.93298,
      "AFTER_LAT": 35.745705,
      "AFTER_LON": 120.9323,
      "SOG": 0.1,
      "MOVINGTIME": 1860.0,
      "ARRIVALTIME": "20251205045100"
    },
    {
      "SEQ": 150,
      "BEFORE_NODE": 150.0,
      "AFTER_NODE": 151.0,
      "BEFORE_LAT": 35.745705,
      "BEFORE_LON": 120.9323,
      "AFTER_LAT": 35.745426,
      "AFTER_LON": 120.9314,
      "SOG": 0.2,
      "MOVINGTIME": 1920.0,
      "ARRIVALTIME": "20251205052300"
    },
    {
      "SEQ": 151,
      "BEFORE_NODE": 151.0,
      "AFTER_NODE": 152.0,
      "BEFORE_LAT": 35.745426,
      "BEFORE_LON": 120.9314,
      "AFTER_LAT": 35.744717,
      "AFTER_LON": 120.93004,
      "SOG": 0,
      "MOVINGTIME": 1620.0,
      "ARRIVALTIME": "20251205055000"
    },
    {
      "SEQ": 152,
      "BEFORE_NODE": 152.0,
      "AFTER_NODE": 153.0,
      "BEFORE_LAT": 35.744717,
      "BEFORE_LON": 120.93004,
      "AFTER_LAT": 35.743599,
      "AFTER_LON": 120.92927,
      "SOG": 0.1,
      "MOVINGTIME": 3660.0,
      "ARRIVALTIME": "20251205065100"
    },
    {
      "SEQ": 153,
      "BEFORE_NODE": 153.0,
      "AFTER_NODE": 154.0,
      "BEFORE_LAT": 35.743599,
      "BEFORE_LON": 120.92927,
      "AFTER_LAT": 35.743324,
      "AFTER_LON": 120.92931,
      "SOG": 0.1,
      "MOVINGTIME": 2100.0,
      "ARRIVALTIME": "20251205072600"
    },
    {
      "SEQ": 154,
      "BEFORE_NODE": 154.0,
      "AFTER_NODE": 155.0,
      "BEFORE_LAT": 35.743324,
      "BEFORE_LON": 120.92931,
      "AFTER_LAT": 35.743294,
      "AFTER_LON": 120.92918,
      "SOG": 0,
      "MOVINGTIME": 1440.0,
      "ARRIVALTIME": "20251205075000"
    },
    {
      "SEQ": 155,
      "BEFORE_NODE": 155.0,
      "AFTER_NODE": 156.0,
      "BEFORE_LAT": 35.743294,
      "BEFORE_LON": 120.92918,
      "AFTER_LAT": 35.743172,
      "AFTER_LON": 120.92923,
      "SOG": 0.1,
      "MOVINGTIME": 2100.0,
      "ARRIVALTIME": "20251205082500"
    },
    {
      "SEQ": 156,
      "BEFORE_NODE": 156.0,
      "AFTER_NODE": 157.0,
      "BEFORE_LAT": 35.743172,
      "BEFORE_LON": 120.92923,
      "AFTER_LAT": 35.743801,
      "AFTER_LON": 120.92953,
      "SOG": 0,
      "MOVINGTIME": 3420.0,
      "ARRIVALTIME": "20251205092200"
    },
    {
      "SEQ": 157,
      "BEFORE_NODE": 157.0,
      "AFTER_NODE": 158.0,
      "BEFORE_LAT": 35.743801,
      "BEFORE_LON": 120.92953,
      "AFTER_LAT": 35.744896,
      "AFTER_LON": 120.93068,
      "SOG": 0.1,
      "MOVINGTIME": 1800.0,
      "ARRIVALTIME": "20251205095200"
    },
    {
      "SEQ": 158,
      "BEFORE_NODE": 158.0,
      "AFTER_NODE": 159.0,
      "BEFORE_LAT": 35.744896,
      "BEFORE_LON": 120.93068,
      "AFTER_LAT": 35.746132,
      "AFTER_LON": 120.93316,
      "SOG": 0.1,
      "MOVINGTIME": 1860.0,
      "ARRIVALTIME": "20251205102300"
    },
    {
      "SEQ": 159,
      "BEFORE_NODE": 159.0,
      "AFTER_NODE": 160.0,
      "BEFORE_LAT": 35.746132,
      "BEFORE_LON": 120.93316,
      "AFTER_LAT": 35.745865,
      "AFTER_LON": 120.93464,
      "SOG": 0.1,
      "MOVINGTIME": 1680.0,
      "ARRIVALTIME": "20251205105100"
    },
    {
      "SEQ": 160,
      "BEFORE_NODE": 160.0,
      "AFTER_NODE": 161.0,
      "BEFORE_LAT": 35.745865,
      "BEFORE_LON": 120.93464,
      "AFTER_LAT": 35.746105,
      "AFTER_LON": 120.93424,
      "SOG": 0,
      "MOVINGTIME": 1740.0,
      "ARRIVALTIME": "20251205112000"
    },
    {
      "SEQ": 161,
      "BEFORE_NODE": 161.0,
      "AFTER_NODE": 162.0,
      "BEFORE_LAT": 35.746105,
      "BEFORE_LON": 120.93424,
      "AFTER_LAT": 35.745846,
      "AFTER_LON": 120.93478,
      "SOG": 0.1,
      "MOVINGTIME": 1860.0,
      "ARRIVALTIME": "20251205115100"
    },
    {
      "SEQ": 162,
      "BEFORE_NODE": 162.0,
      "AFTER_NODE": 163.0,
      "BEFORE_LAT": 35.745846,
      "BEFORE_LON": 120.93478,
      "AFTER_LAT": 35.745872,
      "AFTER_LON": 120.93484,
      "SOG": 0.1,
      "MOVINGTIME": 1920.0,
      "ARRIVALTIME": "20251205122300"
    },
    {
      "SEQ": 163,
      "BEFORE_NODE": 163.0,
      "AFTER_NODE": 164.0,
      "BEFORE_LAT": 35.745872,
      "BEFORE_LON": 120.93484,
      "AFTER_LAT": 35.745762,
      "AFTER_LON": 120.9351,
      "SOG": 0.1,
      "MOVINGTIME": 6960.0,
      "ARRIVALTIME": "20251205141900"
    },
    {
      "SEQ": 164,
      "BEFORE_NODE": 164.0,
      "AFTER_NODE": 165.0,
      "BEFORE_LAT": 35.745762,
      "BEFORE_LON": 120.9351,
      "AFTER_LAT": 35.745922,
      "AFTER_LON": 120.93487,
      "SOG": 0,
      "MOVINGTIME": 1920.0,
      "ARRIVALTIME": "20251205145100"
    },
    {
      "SEQ": 165,
      "BEFORE_NODE": 165.0,
      "AFTER_NODE": 166.0,
      "BEFORE_LAT": 35.745922,
      "BEFORE_LON": 120.93487,
      "AFTER_LAT": 35.74588,
      "AFTER_LON": 120.93494,
      "SOG": 0,
      "MOVINGTIME": 1560.0,
      "ARRIVALTIME": "20251205151700"
    },
    {
      "SEQ": 166,
      "BEFORE_NODE": 166.0,
      "AFTER_NODE": 167.0,
      "BEFORE_LAT": 35.74588,
      "BEFORE_LON": 120.93494,
      "AFTER_LAT": 35.746449,
      "AFTER_LON": 120.93487,
      "SOG": 0.5,
      "MOVINGTIME": 3960.0,
      "ARRIVALTIME": "20251205162300"
    },
    {
      "SEQ": 167,
      "BEFORE_NODE": 167.0,
      "AFTER_NODE": 168.0,
      "BEFORE_LAT": 35.746449,
      "BEFORE_LON": 120.93487,
      "AFTER_LAT": 35.746807,
      "AFTER_LON": 120.93446,
      "SOG": 0.4,
      "MOVINGTIME": 1740.0,
      "ARRIVALTIME": "20251205165200"
    },
    {
      "SEQ": 168,
      "BEFORE_NODE": 168.0,
      "AFTER_NODE": 169.0,
      "BEFORE_LAT": 35.746807,
      "BEFORE_LON": 120.93446,
      "AFTER_LAT": 35.747108,
      "AFTER_LON": 120.93421,
      "SOG": 0,
      "MOVINGTIME": 1680.0,
      "ARRIVALTIME": "20251205172000"
    },
    {
      "SEQ": 169,
      "BEFORE_NODE": 169.0,
      "AFTER_NODE": 170.0,
      "BEFORE_LAT": 35.747108,
      "BEFORE_LON": 120.93421,
      "AFTER_LAT": 35.746952,
      "AFTER_LON": 120.93452,
      "SOG": 0.1,
      "MOVINGTIME": 1920.0,
      "ARRIVALTIME": "20251205175200"
    },
    {
      "SEQ": 170,
      "BEFORE_NODE": 170.0,
      "AFTER_NODE": 171.0,
      "BEFORE_LAT": 35.746952,
      "BEFORE_LON": 120.93452,
      "AFTER_LAT": 35.746593,
      "AFTER_LON": 120.93488,
      "SOG": 0.1,
      "MOVINGTIME": 1860.0,
      "ARRIVALTIME": "20251205182300"
    },
    {
      "SEQ": 171,
      "BEFORE_NODE": 171.0,
      "AFTER_NODE": 172.0,
      "BEFORE_LAT": 35.746593,
      "BEFORE_LON": 120.93488,
      "AFTER_LAT": 35.7467,
      "AFTER_LON": 120.93478,
      "SOG": 0,
      "MOVINGTIME": 1680.0,
      "ARRIVALTIME": "20251205185100"
    },
    {
      "SEQ": 172,
      "BEFORE_NODE": 172.0,
      "AFTER_NODE": 173.0,
      "BEFORE_LAT": 35.7467,
      "BEFORE_LON": 120.93478,
      "AFTER_LAT": 35.746799,
      "AFTER_LON": 120.93451,
      "SOG": 0.2,
      "MOVINGTIME": 1860.0,
      "ARRIVALTIME": "20251205192200"
    },
    {
      "SEQ": 173,
      "BEFORE_NODE": 173.0,
      "AFTER_NODE": 174.0,
      "BEFORE_LAT": 35.746799,
      "BEFORE_LON": 120.93451,
      "AFTER_LAT": 35.746262,
      "AFTER_LON": 120.93501,
      "SOG": 0,
      "MOVINGTIME": 1740.0,
      "ARRIVALTIME": "20251205195100"
    },
    {
      "SEQ": 174,
      "BEFORE_NODE": 174.0,
      "AFTER_NODE": 175.0,
      "BEFORE_LAT": 35.746262,
      "BEFORE_LON": 120.93501,
      "AFTER_LAT": 35.746174,
      "AFTER_LON": 120.93555,
      "SOG": 0.3,
      "MOVINGTIME": 1920.0,
      "ARRIVALTIME": "20251205202300"
    },
    {
      "SEQ": 175,
      "BEFORE_NODE": 175.0,
      "AFTER_NODE": 176.0,
      "BEFORE_LAT": 35.746174,
      "BEFORE_LON": 120.93555,
      "AFTER_LAT": 35.74612,
      "AFTER_LON": 120.93546,
      "SOG": 0.3,
      "MOVINGTIME": 1740.0,
      "ARRIVALTIME": "20251205205200"
    },
    {
      "SEQ": 176,
      "BEFORE_NODE": 176.0,
      "AFTER_NODE": 177.0,
      "BEFORE_LAT": 35.74612,
      "BEFORE_LON": 120.93546,
      "AFTER_LAT": 35.745968,
      "AFTER_LON": 120.93553,
      "SOG": 0.8,
      "MOVINGTIME": 3480.0,
      "ARRIVALTIME": "20251205215000"
    },
    {
      "SEQ": 177,
      "BEFORE_NODE": 177.0,
      "AFTER_NODE": 178.0,
      "BEFORE_LAT": 35.745968,
      "BEFORE_LON": 120.93553,
      "AFTER_LAT": 35.746986,
      "AFTER_LON": 120.93478,
      "SOG": 0.5,
      "MOVINGTIME": 1800.0,
      "ARRIVALTIME": "20251205222000"
    },
    {
      "SEQ": 178,
      "BEFORE_NODE": 178.0,
      "AFTER_NODE": 179.0,
      "BEFORE_LAT": 35.746986,
      "BEFORE_LON": 120.93478,
      "AFTER_LAT": 35.746613,
      "AFTER_LON": 120.93504,
      "SOG": 0.1,
      "MOVINGTIME": 1860.0,
      "ARRIVALTIME": "20251205225100"
    },
    {
      "SEQ": 179,
      "BEFORE_NODE": 179.0,
      "AFTER_NODE": 180.0,
      "BEFORE_LAT": 35.746613,
      "BEFORE_LON": 120.93504,
      "AFTER_LAT": 35.746399,
      "AFTER_LON": 120.93541,
      "SOG": 0.4,
      "MOVINGTIME": 1740.0,
      "ARRIVALTIME": "20251205232000"
    },
    {
      "SEQ": 180,
      "BEFORE_NODE": 180.0,
      "AFTER_NODE": 181.0,
      "BEFORE_LAT": 35.746399,
      "BEFORE_LON": 120.93541,
      "AFTER_LAT": 35.745995,
      "AFTER_LON": 120.93585,
      "SOG": 0.4,
      "MOVINGTIME": 1980.0,
      "ARRIVALTIME": "20251205235300"
    },
    {
      "SEQ": 181,
      "BEFORE_NODE": 181.0,
      "AFTER_NODE": 182.0,
      "BEFORE_LAT": 35.745995,
      "BEFORE_LON": 120.93585,
      "AFTER_LAT": 35.745338,
      "AFTER_LON": 120.93616,
      "SOG": 0.6,
      "MOVINGTIME": 10620.0,
      "ARRIVALTIME": "20251206025000"
    },
    {
      "SEQ": 182,
      "BEFORE_NODE": 182.0,
      "AFTER_NODE": 183.0,
      "BEFORE_LAT": 35.745338,
      "BEFORE_LON": 120.93616,
      "AFTER_LAT": 35.745281,
      "AFTER_LON": 120.93616,
      "SOG": 0.4,
      "MOVINGTIME": 1800.0,
      "ARRIVALTIME": "20251206032000"
    },
    {
      "SEQ": 183,
      "BEFORE_NODE": 183.0,
      "AFTER_NODE": 184.0,
      "BEFORE_LAT": 35.745281,
      "BEFORE_LON": 120.93616,
      "AFTER_LAT": 35.747036,
      "AFTER_LON": 120.93378,
      "SOG": 0.1,
      "MOVINGTIME": 10980.0,
      "ARRIVALTIME": "20251206062300"
    },
    {
      "SEQ": 184,
      "BEFORE_NODE": 184.0,
      "AFTER_NODE": 185.0,
      "BEFORE_LAT": 35.747036,
      "BEFORE_LON": 120.93378,
      "AFTER_LAT": 35.745918,
      "AFTER_LON": 120.92997,
      "SOG": 0,
      "MOVINGTIME": 5340.0,
      "ARRIVALTIME": "20251206075200"
    },
    {
      "SEQ": 185,
      "BEFORE_NODE": 185.0,
      "AFTER_NODE": 186.0,
      "BEFORE_LAT": 35.745918,
      "BEFORE_LON": 120.92997,
      "AFTER_LAT": 35.745731,
      "AFTER_LON": 120.92964,
      "SOG": 0,
      "MOVINGTIME": 7140.0,
      "ARRIVALTIME": "20251206095100"
    },
    {
      "SEQ": 186,
      "BEFORE_NODE": 186.0,
      "AFTER_NODE": 187.0,
      "BEFORE_LAT": 35.745731,
      "BEFORE_LON": 120.92964,
      "AFTER_LAT": 35.745987,
      "AFTER_LON": 120.93005,
      "SOG": 0,
      "MOVINGTIME": 1620.0,
      "ARRIVALTIME": "20251206101800"
    },
    {
      "SEQ": 187,
      "BEFORE_NODE": 187.0,
      "AFTER_NODE": 188.0,
      "BEFORE_LAT": 35.745987,
      "BEFORE_LON": 120.93005,
      "AFTER_LAT": 35.747086,
      "AFTER_LON": 120.93289,
      "SOG": 0,
      "MOVINGTIME": 3780.0,
      "ARRIVALTIME": "20251206112100"
    },
    {
      "SEQ": 188,
      "BEFORE_NODE": 188.0,
      "AFTER_NODE": 189.0,
      "BEFORE_LAT": 35.747086,
      "BEFORE_LON": 120.93289,
      "AFTER_LAT": 35.745735,
      "AFTER_LON": 120.93568,
      "SOG": 0.1,
      "MOVINGTIME": 1740.0,
      "ARRIVALTIME": "20251206115000"
    },
    {
      "SEQ": 189,
      "BEFORE_NODE": 189.0,
      "AFTER_NODE": 190.0,
      "BEFORE_LAT": 35.745735,
      "BEFORE_LON": 120.93568,
      "AFTER_LAT": 35.745934,
      "AFTER_LON": 120.93568,
      "SOG": 0,
      "MOVINGTIME": 1620.0,
      "ARRIVALTIME": "20251206121700"
    },
    {
      "SEQ": 190,
      "BEFORE_NODE": 190.0,
      "AFTER_NODE": 191.0,
      "BEFORE_LAT": 35.745934,
      "BEFORE_LON": 120.93568,
      "AFTER_LAT": 35.745823,
      "AFTER_LON": 120.93585,
      "SOG": 0,
      "MOVINGTIME": 5580.0,
      "ARRIVALTIME": "20251206135000"
    }
  ]
}