{
  "mmsi": "232024771",
  "PredResult": [
    {
      "SEQ": 0,
      "BEFORE_NODE": 0.0,
      "AFTER_NODE": 1.0,
      "BEFORE_LAT": 24.577835,
      "BEFORE_LON": -74.181732,
      "AFTER_LAT": 24.415403,
      "AFTER_LON": -74.102509,
      "SOG": 10.6,
      "MOVINGTIME": 3780.0,
      "ARRIVALTIME": "20251130055100"
    },
    {
      "SEQ": 1,
      "BEFORE_NODE": 1.0,
      "AFTER_NODE": 2.0,
      "BEFORE_LAT": 24.415403,
      "BEFORE_LON": -74.102509,
      "AFTER_LAT": 24.344151,
      "AFTER_LON": -74.066978,
      "SOG": 10.6,
      "MOVINGTIME": 1860.0,
      "ARRIVALTIME": "20251130062200"
    },
    {
      "SEQ": 2,
      "BEFORE_NODE": 2.0,
      "AFTER_NODE": 3.0,
      "BEFORE_LAT": 24.344151,
      "BEFORE_LON": -74.066978,
      "AFTER_LAT": 20.050262,
      "AFTER_LON": -74.033989,
      "SOG": 11.8,
      "MOVINGTIME": 89520.0,
      "ARRIVALTIME": "20251201071400"
    },
    {
      "SEQ": 3,
      "BEFORE_NODE": 3.0,
      "AFTER_NODE": 4.0,
      "BEFORE_LAT": 20.050262,
      "BEFORE_LON": -74.033989,
      "AFTER_LAT": 19.512716,
      "AFTER_LON": -74.324188,
      "SOG": 11.8,
      "MOVINGTIME": 10980.0,
      "ARRIVALTIME": "20251201101700"
    },
    {
      "SEQ": 4,
      "BEFORE_NODE": 4.0,
      "AFTER_NODE": 5.0,
      "BEFORE_LAT": 19.512716,
      "BEFORE_LON": -74.324188,
      "AFTER_LAT": 19.453205,
      "AFTER_LON": -74.356331,
      "SOG": 11.6,
      "MOVINGTIME": 1800.0,
      "ARRIVALTIME": "20251201104700"
    },
    {
      "SEQ": 5,
      "BEFORE_NODE": 5.0,
      "AFTER_NODE": 6.0,
      "BEFORE_LAT": 19.453205,
      "BEFORE_LON": -74.356331,
      "AFTER_LAT": 18.985102,
      "AFTER_LON": -74.597298,
      "SOG": 10.5,
      "MOVINGTIME": 9900.0,
      "ARRIVALTIME": "20251201133200"
    },
    {
      "SEQ": 6,
      "BEFORE_NODE": 6.0,
      "AFTER_NODE": 7.0,
      "BEFORE_LAT": 18.985102,
      "BEFORE_LON": -74.597298,
      "AFTER_LAT": 17.02379,
      "AFTER_LON": -75.723152,
      "SOG": 10.8,
      "MOVINGTIME": 44460.0,
      "ARRIVALTIME": "20251202015300"
    },
    {
      "SEQ": 7,
      "BEFORE_NODE": 7.0,
      "AFTER_NODE": 8.0,
      "BEFORE_LAT": 17.02379,
      "BEFORE_LON": -75.723152,
      "AFTER_LAT": 15.376285,
      "AFTER_LON": -76.664444,
      "SOG": 11.1,
      "MOVINGTIME": 37320.0,
      "ARRIVALTIME": "20251202121500"
    },
    {
      "SEQ": 8,
      "BEFORE_NODE": 8.0,
      "AFTER_NODE": 9.0,
      "BEFORE_LAT": 15.376285,
      "BEFORE_LON": -76.664444,
      "AFTER_LAT": 15.21417,
      "AFTER_LON": -76.760117,
      "SOG": 10.8,
      "MOVINGTIME": 3660.0,
      "ARRIVALTIME": "20251202131600"
    },
    {
      "SEQ": 9,
      "BEFORE_NODE": 9.0,
      "AFTER_NODE": 10.0,
      "BEFORE_LAT": 15.21417,
      "BEFORE_LON": -76.760117,
      "AFTER_LAT": 15.134104,
      "AFTER_LON": -76.807121,
      "SOG": 10.6,
      "MOVINGTIME": 1740.0,
      "ARRIVALTIME": "20251202134500"
    },
    {
      "SEQ": 10,
      "BEFORE_NODE": 10.0,
      "AFTER_NODE": 11.0,
      "BEFORE_LAT": 15.134104,
      "BEFORE_LON": -76.807121,
      "AFTER_LAT": 15.083233,
      "AFTER_LON": -76.83564,
      "SOG": 10.6,
      "MOVINGTIME": 1800.0,
      "ARRIVALTIME": "20251202141500"
    },
    {
      "SEQ": 11,
      "BEFORE_NODE": 11.0,
      "AFTER_NODE": 12.0,
      "BEFORE_LAT": 15.083233,
      "BEFORE_LON": -76.83564,
      "AFTER_LAT": 15.002107,
      "AFTER_LON": -76.87989,
      "SOG": 10.6,
      "MOVINGTIME": 1740.0,
      "ARRIVALTIME": "20251202144400"
    },
    {
      "SEQ": 12,
      "BEFORE_NODE": 12.0,
      "AFTER_NODE": 13.0,
      "BEFORE_LAT": 15.002107,
      "BEFORE_LON": -76.87989,
      "AFTER_LAT": 14.839185,
      "AFTER_LON": -76.97155,
      "SOG": 10.8,
      "MOVINGTIME": 3780.0,
      "ARRIVALTIME": "20251202154700"
    },
    {
      "SEQ": 13,
      "BEFORE_NODE": 13.0,
      "AFTER_NODE": 14.0,
      "BEFORE_LAT": 14.839185,
      "BEFORE_LON": -76.97155,
      "AFTER_LAT": 14.277245,
      "AFTER_LON": -77.290916,
      "SOG": 10.8,
      "MOVINGTIME": 12540.0,
      "ARRIVALTIME": "20251202191600"
    },
    {
      "SEQ": 14,
      "BEFORE_NODE": 14.0,
      "AFTER_NODE": 15.0,
      "BEFORE_LAT": 14.277245,
      "BEFORE_LON": -77.290916,
      "AFTER_LAT": 14.11841,
      "AFTER_LON": -77.376534,
      "SOG": 11,
      "MOVINGTIME": 3540.0,
      "ARRIVALTIME": "20251202201500"
    },
    {
      "SEQ": 15,
      "BEFORE_NODE": 15.0,
      "AFTER_NODE": 16.0,
      "BEFORE_LAT": 14.11841,
      "BEFORE_LON": -77.376534,
      "AFTER_LAT": 14.038201,
      "AFTER_LON": -77.426804,
      "SOG": 11.1,
      "MOVINGTIME": 1920.0,
      "ARRIVALTIME": "20251202204700"
    },
    {
      "SEQ": 16,
      "BEFORE_NODE": 16.0,
      "AFTER_NODE": 17.0,
      "BEFORE_LAT": 14.038201,
      "BEFORE_LON": -77.426804,
      "AFTER_LAT": 13.098832,
      "AFTER_LON": -77.951019,
      "SOG": 11,
      "MOVINGTIME": 21720.0,
      "ARRIVALTIME": "20251203024900"
    },
    {
      "SEQ": 17,
      "BEFORE_NODE": 17.0,
      "AFTER_NODE": 18.0,
      "BEFORE_LAT": 13.098832,
      "BEFORE_LON": -77.951019,
      "AFTER_LAT": 12.695115,
      "AFTER_LON": -78.176208,
      "SOG": 10.8,
      "MOVINGTIME": 8940.0,
      "ARRIVALTIME": "20251203051800"
    },
    {
      "SEQ": 18,
      "BEFORE_NODE": 18.0,
      "AFTER_NODE": 19.0,
      "BEFORE_LAT": 12.695115,
      "BEFORE_LON": -78.176208,
      "AFTER_LAT": 12.618783,
      "AFTER_LON": -78.218483,
      "SOG": 10.8,
      "MOVINGTIME": 1800.0,
      "ARRIVALTIME": "20251203054800"
    },
    {
      "SEQ": 19,
      "BEFORE_NODE": 19.0,
      "AFTER_NODE": 20.0,
      "BEFORE_LAT": 12.618783,
      "BEFORE_LON": -78.218483,
      "AFTER_LAT": 12.556235,
      "AFTER_LON": -78.253036,
      "SOG": 11,
      "MOVINGTIME": 1920.0,
      "ARRIVALTIME": "20251203062000"
    },
    {
      "SEQ": 20,
      "BEFORE_NODE": 20.0,
      "AFTER_NODE": 21.0,
      "BEFORE_LAT": 12.556235,
      "BEFORE_LON": -78.253036,
      "AFTER_LAT": 12.389664,
      "AFTER_LON": -78.343964,
      "SOG": 11.1,
      "MOVINGTIME": 3240.0,
      "ARRIVALTIME": "20251203071400"
    },
    {
      "SEQ": 21,
      "BEFORE_NODE": 21.0,
      "AFTER_NODE": 22.0,
      "BEFORE_LAT": 12.389664,
      "BEFORE_LON": -78.343964,
      "AFTER_LAT": 12.302307,
      "AFTER_LON": -78.392464,
      "SOG": 11.1,
      "MOVINGTIME": 1920.0,
      "ARRIVALTIME": "20251203074600"
    },
    {
      "SEQ": 22,
      "BEFORE_NODE": 22.0,
      "AFTER_NODE": 23.0,
      "BEFORE_LAT": 12.302307,
      "BEFORE_LON": -78.392464,
      "AFTER_LAT": 12.215834,
      "AFTER_LON": -78.439926,
      "SOG": 11,
      "MOVINGTIME": 1860.0,
      "ARRIVALTIME": "20251203081700"
    },
    {
      "SEQ": 23,
      "BEFORE_NODE": 23.0,
      "AFTER_NODE": 24.0,
      "BEFORE_LAT": 12.215834,
      "BEFORE_LON": -78.439926,
      "AFTER_LAT": 11.725503,
      "AFTER_LON": -78.709396,
      "SOG": 10.8,
      "MOVINGTIME": 10620.0,
      "ARRIVALTIME": "20251203111400"
    },
    {
      "SEQ": 24,
      "BEFORE_NODE": 24.0,
      "AFTER_NODE": 25.0,
      "BEFORE_LAT": 11.725503,
      "BEFORE_LON": -78.709396,
      "AFTER_LAT": 11.478662,
      "AFTER_LON": -78.847542,
      "SOG": 10.6,
      "MOVINGTIME": 5640.0,
      "ARRIVALTIME": "20251203124800"
    },
    {
      "SEQ": 25,
      "BEFORE_NODE": 25.0,
      "AFTER_NODE": 26.0,
      "BEFORE_LAT": 11.478662,
      "BEFORE_LON": -78.847542,
      "AFTER_LAT": 10.631472,
      "AFTER_LON": -79.305397,
      "SOG": 11.1,
      "MOVINGTIME": 19800.0,
      "ARRIVALTIME": "20251203181800"
    },
    {
      "SEQ": 26,
      "BEFORE_NODE": 26.0,
      "AFTER_NODE": 27.0,
      "BEFORE_LAT": 10.631472,
      "BEFORE_LON": -79.305397,
      "AFTER_LAT": 10.356731,
      "AFTER_LON": -79.445084,
      "SOG": 11,
      "MOVINGTIME": 5400.0,
      "ARRIVALTIME": "20251203194800"
    },
    {
      "SEQ": 27,
      "BEFORE_NODE": 27.0,
      "AFTER_NODE": 28.0,
      "BEFORE_LAT": 10.356731,
      "BEFORE_LON": -79.445084,
      "AFTER_LAT": 10.300743,
      "AFTER_LON": -79.476784,
      "SOG": 11.1,
      "MOVINGTIME": 1740.0,
      "ARRIVALTIME": "20251203201700"
    },
    {
      "SEQ": 28,
      "BEFORE_NODE": 28.0,
      "AFTER_NODE": 29.0,
      "BEFORE_LAT": 10.300743,
      "BEFORE_LON": -79.476784,
      "AFTER_LAT": 10.135854,
      "AFTER_LON": -79.572746,
      "SOG": 11.1,
      "MOVINGTIME": 3660.0,
      "ARRIVALTIME": "20251203211800"
    },
    {
      "SEQ": 29,
      "BEFORE_NODE": 29.0,
      "AFTER_NODE": 30.0,
      "BEFORE_LAT": 10.135854,
      "BEFORE_LON": -79.572746,
      "AFTER_LAT": 10.048491,
      "AFTER_LON": -79.622246,
      "SOG": 11.1,
      "MOVINGTIME": 1740.0,
      "ARRIVALTIME": "20251203214700"
    },
    {
      "SEQ": 30,
      "BEFORE_NODE": 30.0,
      "AFTER_NODE": 31.0,
      "BEFORE_LAT": 10.048491,
      "BEFORE_LON": -79.622246,
      "AFTER_LAT": 9.8740053,
      "AFTER_LON": -79.72081,
      "SOG": 11.1,
      "MOVINGTIME": 3600.0,
      "ARRIVALTIME": "20251203224700"
    },
    {
      "SEQ": 31,
      "BEFORE_NODE": 31.0,
      "AFTER_NODE": 32.0,
      "BEFORE_LAT": 9.8740053,
      "BEFORE_LON": -79.72081,
      "AFTER_LAT": 9.7919664,
      "AFTER_LON": -79.769226,
      "SOG": 11.3,
      "MOVINGTIME": 1980.0,
      "ARRIVALTIME": "20251203232000"
    },
    {
      "SEQ": 32,
      "BEFORE_NODE": 32.0,
      "AFTER_NODE": 33.0,
      "BEFORE_LAT": 9.7919664,
      "BEFORE_LON": -79.769226,
      "AFTER_LAT": 9.7328663,
      "AFTER_LON": -79.80127,
      "SOG": 11.5,
      "MOVINGTIME": 1680.0,
      "ARRIVALTIME": "20251203234800"
    },
    {
      "SEQ": 33,
      "BEFORE_NODE": 33.0,
      "AFTER_NODE": 34.0,
      "BEFORE_LAT": 9.7328663,
      "BEFORE_LON": -79.80127,
      "AFTER_LAT": 9.6070118,
      "AFTER_LON": -79.855782,
      "SOG": 11.5,
      "MOVINGTIME": 1740.0,
      "ARRIVALTIME": "20251204001700"
    },
    {
      "SEQ": 34,
      "BEFORE_NODE": 34.0,
      "AFTER_NODE": 35.0,
      "BEFORE_LAT": 9.6070118,
      "BEFORE_LON": -79.855782,
      "AFTER_LAT": 9.5258799,
      "AFTER_LON": -79.886482,
      "SOG": 9.8,
      "MOVINGTIME": 1860.0,
      "ARRIVALTIME": "20251204004800"
    },
    {
      "SEQ": 35,
      "BEFORE_NODE": 35.0,
      "AFTER_NODE": 36.0,
      "BEFORE_LAT": 9.5258799,
      "BEFORE_LON": -79.886482,
      "AFTER_LAT": 9.5004463,
      "AFTER_LON": -79.861374,
      "SOG": 4.8,
      "MOVINGTIME": 2040.0,
      "ARRIVALTIME": "20251204012200"
    },
    {
      "SEQ": 36,
      "BEFORE_NODE": 36.0,
      "AFTER_NODE": 37.0,
      "BEFORE_LAT": 9.5004463,
      "BEFORE_LON": -79.861374,
      "AFTER_LAT": 9.5190601,
      "AFTER_LON": -79.848869,
      "SOG": 0.6,
      "MOVINGTIME": 2040.0,
      "ARRIVALTIME": "20251204015600"
    },
    {
      "SEQ": 37,
      "BEFORE_NODE": 37.0,
      "AFTER_NODE": 38.0,
      "BEFORE_LAT": 9.5190601,
      "BEFORE_LON": -79.848869,
      "AFTER_LAT": 9.5135136,
      "AFTER_LON": -79.84597,
      "SOG": 0.6,
      "MOVINGTIME": 1920.0,
      "ARRIVALTIME": "20251204022800"
    },
    {
      "SEQ": 38,
      "BEFORE_NODE": 38.0,
      "AFTER_NODE": 39.0,
      "BEFORE_LAT": 9.5135136,
      "BEFORE_LON": -79.84597,
      "AFTER_LAT": 9.5254116,
      "AFTER_LON": -79.855652,
      "SOG": 3,
      "MOVINGTIME": 1860.0,
      "ARRIVALTIME": "20251204025900"
    },
    {
      "SEQ": 39,
      "BEFORE_NODE": 39.0,
      "AFTER_NODE": 40.0,
      "BEFORE_LAT": 9.5254116,
      "BEFORE_LON": -79.855652,
      "AFTER_LAT": 9.5345469,
      "AFTER_LON": -79.860886,
      "SOG": 1.2,
      "MOVINGTIME": 1560.0,
      "ARRIVALTIME": "20251204032500"
    },
    {
      "SEQ": 40,
      "BEFORE_NODE": 40.0,
      "AFTER_NODE": 41.0,
      "BEFORE_LAT": 9.5345469,
      "BEFORE_LON": -79.860886,
      "AFTER_LAT": 9.5136881,
      "AFTER_LON": -79.854172,
      "SOG": 0.8,
      "MOVINGTIME": 3180.0,
      "ARRIVALTIME": "20251204041800"
    },
    {
      "SEQ": 41,
      "BEFORE_NODE": 41.0,
      "AFTER_NODE": 42.0,
      "BEFORE_LAT": 9.5136881,
      "BEFORE_LON": -79.854172,
      "AFTER_LAT": 9.5033054,
      "AFTER_LON": -79.853043,
      "SOG": 0.8,
      "MOVINGTIME": 1860.0,
      "ARRIVALTIME": "20251204044900"
    },
    {
      "SEQ": 42,
      "BEFORE_NODE": 42.0,
      "AFTER_NODE": 43.0,
      "BEFORE_LAT": 9.5033054,
      "BEFORE_LON": -79.853043,
      "AFTER_LAT": 9.4925871,
      "AFTER_LON": -79.856697,
      "SOG": 0.6,
      "MOVINGTIME": 2359.0,
      "ARRIVALTIME": "20251204052819"
    },
    {
      "SEQ": 43,
      "BEFORE_NODE": 43.0,
      "AFTER_NODE": 44.0,
      "BEFORE_LAT": 9.4925871,
      "BEFORE_LON": -79.856697,
      "AFTER_LAT": 9.4921665,
      "AFTER_LON": -79.851303,
      "SOG": 3.7,
      "MOVINGTIME": 1301.0,
      "ARRIVALTIME": "20251204055000"
    },
    {
      "SEQ": 44,
      "BEFORE_NODE": 44.0,
      "AFTER_NODE": 45.0,
      "BEFORE_LAT": 9.4921665,
      "BEFORE_LON": -79.851303,
      "AFTER_LAT": 9.5265913,
      "AFTER_LON": -79.842377,
      "SOG": 0.8,
      "MOVINGTIME": 3420.0,
      "ARRIVALTIME": "20251204064700"
    },
    {
      "SEQ": 45,
      "BEFORE_NODE": 45.0,
      "AFTER_NODE": 46.0,
      "BEFORE_LAT": 9.5265913,
      "BEFORE_LON": -79.842377,
      "AFTER_LAT": 9.5072498,
      "AFTER_LON": -79.84745,
      "SOG": 1,
      "MOVINGTIME": 3420.0,
      "ARRIVALTIME": "20251204074400"
    },
    {
      "SEQ": 46,
      "BEFORE_NODE": 46.0,
      "AFTER_NODE": 47.0,
      "BEFORE_LAT": 9.5072498,
      "BEFORE_LON": -79.84745,
      "AFTER_LAT": 9.4781981,
      "AFTER_LON": -79.89183,
      "SOG": 9.6,
      "MOVINGTIME": 1980.0,
      "ARRIVALTIME": "20251204081700"
    },
    {
      "SEQ": 47,
      "BEFORE_NODE": 47.0,
      "AFTER_NODE": 48.0,
      "BEFORE_LAT": 9.4781981,
      "BEFORE_LON": -79.89183,
      "AFTER_LAT": 9.2845697,
      "AFTER_LON": -79.914413,
      "SOG": 0.8,
      "MOVINGTIME": 7200.0,
      "ARRIVALTIME": "20251204101700"
    },
    {
      "SEQ": 48,
      "BEFORE_NODE": 48.0,
      "AFTER_NODE": 49.0,
      "BEFORE_LAT": 9.2845697,
      "BEFORE_LON": -79.914413,
      "AFTER_LAT": 9.2540264,
      "AFTER_LON": -79.915108,
      "SOG": 0.1,
      "MOVINGTIME": 10800.0,
      "ARRIVALTIME": "20251204131700"
    },
    {
      "SEQ": 49,
      "BEFORE_NODE": 49.0,
      "AFTER_NODE": 50.0,
      "BEFORE_LAT": 9.2540264,
      "BEFORE_LON": -79.915108,
      "AFTER_LAT": 9.2534571,
      "AFTER_LON": -79.916016,
      "SOG": 0,
      "MOVINGTIME": 3780.0,
      "ARRIVALTIME": "20251204142000"
    },
    {
      "SEQ": 50,
      "BEFORE_NODE": 50.0,
      "AFTER_NODE": 51.0,
      "BEFORE_LAT": 9.2534571,
      "BEFORE_LON": -79.916016,
      "AFTER_LAT": 9.2534285,
      "AFTER_LON": -79.916145,
      "SOG": 0,
      "MOVINGTIME": 1740.0,
      "ARRIVALTIME": "20251204144900"
    },
    {
      "SEQ": 51,
      "BEFORE_NODE": 51.0,
      "AFTER_NODE": 52.0,
      "BEFORE_LAT": 9.2534285,
      "BEFORE_LON": -79.916145,
      "AFTER_LAT": 9.0838766,
      "AFTER_LON": -79.677948,
      "SOG": 8.3,
      "MOVINGTIME": 10680.0,
      "ARRIVALTIME": "20251204174700"
    },
    {
      "SEQ": 52,
      "BEFORE_NODE": 52.0,
      "AFTER_NODE": 53.0,
      "BEFORE_LAT": 9.0838766,
      "BEFORE_LON": -79.677948,
      "AFTER_LAT": 9.0189667,
      "AFTER_LON": -79.620422,
      "SOG": 6.5,
      "MOVINGTIME": 1920.0,
      "ARRIVALTIME": "20251204181900"
    },
    {
      "SEQ": 53,
      "BEFORE_NODE": 53.0,
      "AFTER_NODE": 54.0,
      "BEFORE_LAT": 9.0189667,
      "BEFORE_LON": -79.620422,
      "AFTER_LAT": 8.9903421,
      "AFTER_LON": -79.59594,
      "SOG": 1,
      "MOVINGTIME": 1740.0,
      "ARRIVALTIME": "20251204184800"
    },
    {
      "SEQ": 54,
      "BEFORE_NODE": 54.0,
      "AFTER_NODE": 55.0,
      "BEFORE_LAT": 8.9903421,
      "BEFORE_LON": -79.59594,
      "AFTER_LAT": 8.9842634,
      "AFTER_LON": -79.59108,
      "SOG": 0.6,
      "MOVINGTIME": 1800.0,
      "ARRIVALTIME": "20251204191800"
    },
    {
      "SEQ": 55,
      "BEFORE_NODE": 55.0,
      "AFTER_NODE": 56.0,
      "BEFORE_LAT": 8.9842634,
      "BEFORE_LON": -79.59108,
      "AFTER_LAT": 8.982893,
      "AFTER_LON": -79.589943,
      "SOG": 1.2,
      "MOVINGTIME": 2040.0,
      "ARRIVALTIME": "20251204195200"
    },
    {
      "SEQ": 56,
      "BEFORE_NODE": 56.0,
      "AFTER_NODE": 57.0,
      "BEFORE_LAT": 8.982893,
      "BEFORE_LON": -79.589943,
      "AFTER_LAT": 8.9782486,
      "AFTER_LON": -79.586319,
      "SOG": 0.8,
      "MOVINGTIME": 1980.0,
      "ARRIVALTIME": "20251204202500"
    },
    {
      "SEQ": 57,
      "BEFORE_NODE": 57.0,
      "AFTER_NODE": 58.0,
      "BEFORE_LAT": 8.9782486,
      "BEFORE_LON": -79.586319,
      "AFTER_LAT": 8.9750996,
      "AFTER_LON": -79.583832,
      "SOG": 1.6,
      "MOVINGTIME": 1920.0,
      "ARRIVALTIME": "20251204205700"
    },
    {
      "SEQ": 58,
      "BEFORE_NODE": 58.0,
      "AFTER_NODE": 59.0,
      "BEFORE_LAT": 8.9750996,
      "BEFORE_LON": -79.583832,
      "AFTER_LAT": 8.9443569,
      "AFTER_LON": -79.565857,
      "SOG": 5,
      "MOVINGTIME": 1740.0,
      "ARRIVALTIME": "20251204212600"
    },
    {
      "SEQ": 59,
      "BEFORE_NODE": 59.0,
      "AFTER_NODE": 60.0,
      "BEFORE_LAT": 8.9443569,
      "BEFORE_LON": -79.565857,
      "AFTER_LAT": 8.9142179,
      "AFTER_LON": -79.542313,
      "SOG": 7,
      "MOVINGTIME": 1320.0,
      "ARRIVALTIME": "20251204214800"
    },
    {
      "SEQ": 60,
      "BEFORE_NODE": 60.0,
      "AFTER_NODE": 61.0,
      "BEFORE_LAT": 8.9142179,
      "BEFORE_LON": -79.542313,
      "AFTER_LAT": 8.8718033,
      "AFTER_LON": -79.509041,
      "SOG": 12.6,
      "MOVINGTIME": 1860.0,
      "ARRIVALTIME": "20251204221900"
    },
    {
      "SEQ": 61,
      "BEFORE_NODE": 61.0,
      "AFTER_NODE": 62.0,
      "BEFORE_LAT": 8.8718033,
      "BEFORE_LON": -79.509041,
      "AFTER_LAT": 8.7110586,
      "AFTER_LON": -79.460251,
      "SOG": 18.2,
      "MOVINGTIME": 2340.0,
      "ARRIVALTIME": "20251204225800"
    },
    {
      "SEQ": 62,
      "BEFORE_NODE": 62.0,
      "AFTER_NODE": 63.0,
      "BEFORE_LAT": 8.7110586,
      "BEFORE_LON": -79.460251,
      "AFTER_LAT": 8.5573349,
      "AFTER_LON": -79.457199,
      "SOG": 14.1,
      "MOVINGTIME": 1620.0,
      "ARRIVALTIME": "20251204232500"
    },
    {
      "SEQ": 63,
      "BEFORE_NODE": 63.0,
      "AFTER_NODE": 64.0,
      "BEFORE_LAT": 8.5573349,
      "BEFORE_LON": -79.457199,
      "AFTER_LAT": 8.3865814,
      "AFTER_LON": -79.455521,
      "SOG": 12.8,
      "MOVINGTIME": 2458.0,
      "ARRIVALTIME": "20251205000558"
    },
    {
      "SEQ": 64,
      "BEFORE_NODE": 64.0,
      "AFTER_NODE": 65.0,
      "BEFORE_LAT": 8.3865814,
      "BEFORE_LON": -79.455521,
      "AFTER_LAT": 8.3562984,
      "AFTER_LON": -79.454643,
      "SOG": 12.6,
      "MOVINGTIME": 722.0,
      "ARRIVALTIME": "20251205001800"
    },
    {
      "SEQ": 65,
      "BEFORE_NODE": 65.0,
      "AFTER_NODE": 66.0,
      "BEFORE_LAT": 8.3562984,
      "BEFORE_LON": -79.454643,
      "AFTER_LAT": 8.2356052,
      "AFTER_LON": -79.454063,
      "SOG": 13,
      "MOVINGTIME": 1920.0,
      "ARRIVALTIME": "20251205005000"
    },
    {
      "SEQ": 66,
      "BEFORE_NODE": 66.0,
      "AFTER_NODE": 67.0,
      "BEFORE_LAT": 8.2356052,
      "BEFORE_LON": -79.454063,
      "AFTER_LAT": 8.117487,
      "AFTER_LON": -79.458435,
      "SOG": 13,
      "MOVINGTIME": 2100.0,
      "ARRIVALTIME": "20251205012500"
    },
    {
      "SEQ": 67,
      "BEFORE_NODE": 67.0,
      "AFTER_NODE": 68.0,
      "BEFORE_LAT": 8.117487,
      "BEFORE_LON": -79.458435,
      "AFTER_LAT": 8.0033913,
      "AFTER_LON": -79.464272,
      "SOG": 12.6,
      "MOVINGTIME": 2040.0,
      "ARRIVALTIME": "20251205015900"
    },
    {
      "SEQ": 68,
      "BEFORE_NODE": 68.0,
      "AFTER_NODE": 69.0,
      "BEFORE_LAT": 8.0033913,
      "BEFORE_LON": -79.464272,
      "AFTER_LAT": 7.8927383,
      "AFTER_LON": -79.464424,
      "SOG": 12.3,
      "MOVINGTIME": 1920.0,
      "ARRIVALTIME": "20251205023100"
    },
    {
      "SEQ": 69,
      "BEFORE_NODE": 69.0,
      "AFTER_NODE": 70.0,
      "BEFORE_LAT": 7.8927383,
      "BEFORE_LON": -79.464424,
      "AFTER_LAT": 7.7825117,
      "AFTER_LON": -79.461235,
      "SOG": 12.3,
      "MOVINGTIME": 1560.0,
      "ARRIVALTIME": "20251205025700"
    },
    {
      "SEQ": 70,
      "BEFORE_NODE": 70.0,
      "AFTER_NODE": 71.0,
      "BEFORE_LAT": 7.7825117,
      "BEFORE_LON": -79.461235,
      "AFTER_LAT": 7.7096834,
      "AFTER_LON": -79.491829,
      "SOG": 13.1,
      "MOVINGTIME": 1500.0,
      "ARRIVALTIME": "20251205032200"
    },
    {
      "SEQ": 71,
      "BEFORE_NODE": 71.0,
      "AFTER_NODE": 72.0,
      "BEFORE_LAT": 7.7096834,
      "BEFORE_LON": -79.491829,
      "AFTER_LAT": 7.6226835,
      "AFTER_LON": -79.578079,
      "SOG": 13,
      "MOVINGTIME": 1560.0,
      "ARRIVALTIME": "20251205034800"
    },
    {
      "SEQ": 72,
      "BEFORE_NODE": 72.0,
      "AFTER_NODE": 73.0,
      "BEFORE_LAT": 7.6226835,
      "BEFORE_LON": -79.578079,
      "AFTER_LAT": 7.5654082,
      "AFTER_LON": -79.633102,
      "SOG": 13.1,
      "MOVINGTIME": 1800.0,
      "ARRIVALTIME": "20251205041800"
    },
    {
      "SEQ": 73,
      "BEFORE_NODE": 73.0,
      "AFTER_NODE": 74.0,
      "BEFORE_LAT": 7.5654082,
      "BEFORE_LON": -79.633102,
      "AFTER_LAT": 7.4826932,
      "AFTER_LON": -79.715759,
      "SOG": 13.1,
      "MOVINGTIME": 1860.0,
      "ARRIVALTIME": "20251205044900"
    },
    {
      "SEQ": 74,
      "BEFORE_NODE": 74.0,
      "AFTER_NODE": 75.0,
      "BEFORE_LAT": 7.4826932,
      "BEFORE_LON": -79.715759,
      "AFTER_LAT": 7.365005,
      "AFTER_LON": -79.829033,
      "SOG": 14.1,
      "MOVINGTIME": 2100.0,
      "ARRIVALTIME": "20251205052400"
    },
    {
      "SEQ": 75,
      "BEFORE_NODE": 75.0,
      "AFTER_NODE": 76.0,
      "BEFORE_LAT": 7.365005,
      "BEFORE_LON": -79.829033,
      "AFTER_LAT": 7.3086715,
      "AFTER_LON": -79.89183,
      "SOG": 14.3,
      "MOVINGTIME": 1860.0,
      "ARRIVALTIME": "20251205055500"
    },
    {
      "SEQ": 76,
      "BEFORE_NODE": 76.0,
      "AFTER_NODE": 77.0,
      "BEFORE_LAT": 7.3086715,
      "BEFORE_LON": -79.89183,
      "AFTER_LAT": 7.2279067,
      "AFTER_LON": -79.976601,
      "SOG": 14.6,
      "MOVINGTIME": 1380.0,
      "ARRIVALTIME": "20251205061800"
    },
    {
      "SEQ": 77,
      "BEFORE_NODE": 77.0,
      "AFTER_NODE": 78.0,
      "BEFORE_LAT": 7.2279067,
      "BEFORE_LON": -79.976601,
      "AFTER_LAT": 7.1196599,
      "AFTER_LON": -80.083206,
      "SOG": 14.8,
      "MOVINGTIME": 2160.0,
      "ARRIVALTIME": "20251205065400"
    },
    {
      "SEQ": 78,
      "BEFORE_NODE": 78.0,
      "AFTER_NODE": 79.0,
      "BEFORE_LAT": 7.1196599,
      "BEFORE_LON": -80.083206,
      "AFTER_LAT": 7.0351448,
      "AFTER_LON": -80.167503,
      "SOG": 14.8,
      "MOVINGTIME": 1620.0,
      "ARRIVALTIME": "20251205072100"
    },
    {
      "SEQ": 79,
      "BEFORE_NODE": 79.0,
      "AFTER_NODE": 80.0,
      "BEFORE_LAT": 7.0351448,
      "BEFORE_LON": -80.167503,
      "AFTER_LAT": 6.9681001,
      "AFTER_LON": -81.301353,
      "SOG": 13,
      "MOVINGTIME": 17760.0,
      "ARRIVALTIME": "20251205121700"
    },
    {
      "SEQ": 80,
      "BEFORE_NODE": 80.0,
      "AFTER_NODE": 81.0,
      "BEFORE_LAT": 6.9681001,
      "BEFORE_LON": -81.301353,
      "AFTER_LAT": 6.9699035,
      "AFTER_LON": -81.417175,
      "SOG": 12.8,
      "MOVINGTIME": 1800.0,
      "ARRIVALTIME": "20251205124700"
    },
    {
      "SEQ": 81,
      "BEFORE_NODE": 81.0,
      "AFTER_NODE": 82.0,
      "BEFORE_LAT": 6.9699035,
      "BEFORE_LON": -81.417175,
      "AFTER_LAT": 6.9726615,
      "AFTER_LON": -81.539909,
      "SOG": 12.8,
      "MOVINGTIME": 1860.0,
      "ARRIVALTIME": "20251205131800"
    },
    {
      "SEQ": 82,
      "BEFORE_NODE": 82.0,
      "AFTER_NODE": 83.0,
      "BEFORE_LAT": 6.9726615,
      "BEFORE_LON": -81.539909,
      "AFTER_LAT": 7.185565,
      "AFTER_LON": -82.332573,
      "SOG": 12.6,
      "MOVINGTIME": 14340.0,
      "ARRIVALTIME": "20251205171700"
    }
  ]
}