{
  "mmsi": "352003419",
  "PredResult": [
    {
      "SEQ": 0,
      "BEFORE_NODE": 0.0,
      "AFTER_NODE": 1.0,
      "BEFORE_LAT": 26.55582,
      "BEFORE_LON": 56.334461,
      "AFTER_LAT": 26.522228,
      "AFTER_LON": 56.245934,
      "SOG": 12.5,
      "MOVINGTIME": 1560.0,
      "ARRIVALTIME": "20251129145900"
    },
    {
      "SEQ": 1,
      "BEFORE_NODE": 1.0,
      "AFTER_NODE": 2.0,
      "BEFORE_LAT": 26.522228,
      "BEFORE_LON": 56.245934,
      "AFTER_LAT": 26.443062,
      "AFTER_LON": 56.129826,
      "SOG": 12.8,
      "MOVINGTIME": 2040.0,
      "ARRIVALTIME": "20251129153300"
    },
    {
      "SEQ": 2,
      "BEFORE_NODE": 2.0,
      "AFTER_NODE": 3.0,
      "BEFORE_LAT": 26.443062,
      "BEFORE_LON": 56.129826,
      "AFTER_LAT": 26.369738,
      "AFTER_LON": 56.040173,
      "SOG": 12.3,
      "MOVINGTIME": 1920.0,
      "ARRIVALTIME": "20251129160500"
    },
    {
      "SEQ": 3,
      "BEFORE_NODE": 3.0,
      "AFTER_NODE": 4.0,
      "BEFORE_LAT": 26.369738,
      "BEFORE_LON": 56.040173,
      "AFTER_LAT": 26.310776,
      "AFTER_LON": 55.95924,
      "SOG": 11.8,
      "MOVINGTIME": 1860.0,
      "ARRIVALTIME": "20251129163600"
    },
    {
      "SEQ": 4,
      "BEFORE_NODE": 4.0,
      "AFTER_NODE": 5.0,
      "BEFORE_LAT": 26.310776,
      "BEFORE_LON": 55.95924,
      "AFTER_LAT": 26.238195,
      "AFTER_LON": 55.886848,
      "SOG": 11.6,
      "MOVINGTIME": 1620.0,
      "ARRIVALTIME": "20251129170300"
    },
    {
      "SEQ": 5,
      "BEFORE_NODE": 5.0,
      "AFTER_NODE": 6.0,
      "BEFORE_LAT": 26.238195,
      "BEFORE_LON": 55.886848,
      "AFTER_LAT": 26.159008,
      "AFTER_LON": 55.806419,
      "SOG": 11.5,
      "MOVINGTIME": 1920.0,
      "ARRIVALTIME": "20251129173500"
    },
    {
      "SEQ": 6,
      "BEFORE_NODE": 6.0,
      "AFTER_NODE": 7.0,
      "BEFORE_LAT": 26.159008,
      "BEFORE_LON": 55.806419,
      "AFTER_LAT": 26.113012,
      "AFTER_LON": 55.760113,
      "SOG": 11.6,
      "MOVINGTIME": 1680.0,
      "ARRIVALTIME": "20251129180300"
    },
    {
      "SEQ": 7,
      "BEFORE_NODE": 7.0,
      "AFTER_NODE": 8.0,
      "BEFORE_LAT": 26.113012,
      "BEFORE_LON": 55.760113,
      "AFTER_LAT": 26.041689,
      "AFTER_LON": 55.664558,
      "SOG": 12,
      "MOVINGTIME": 1920.0,
      "ARRIVALTIME": "20251129183500"
    },
    {
      "SEQ": 8,
      "BEFORE_NODE": 8.0,
      "AFTER_NODE": 9.0,
      "BEFORE_LAT": 26.041689,
      "BEFORE_LON": 55.664558,
      "AFTER_LAT": 25.973219,
      "AFTER_LON": 55.585419,
      "SOG": 11.6,
      "MOVINGTIME": 1740.0,
      "ARRIVALTIME": "20251129190400"
    },
    {
      "SEQ": 9,
      "BEFORE_NODE": 9.0,
      "AFTER_NODE": 10.0,
      "BEFORE_LAT": 25.973219,
      "BEFORE_LON": 55.585419,
      "AFTER_LAT": 25.896236,
      "AFTER_LON": 55.491779,
      "SOG": 11.8,
      "MOVINGTIME": 1800.0,
      "ARRIVALTIME": "20251129193400"
    },
    {
      "SEQ": 10,
      "BEFORE_NODE": 10.0,
      "AFTER_NODE": 11.0,
      "BEFORE_LAT": 25.896236,
      "BEFORE_LON": 55.491779,
      "AFTER_LAT": 25.860952,
      "AFTER_LON": 55.445431,
      "SOG": 11.6,
      "MOVINGTIME": 1560.0,
      "ARRIVALTIME": "20251129200000"
    },
    {
      "SEQ": 11,
      "BEFORE_NODE": 11.0,
      "AFTER_NODE": 12.0,
      "BEFORE_LAT": 25.860952,
      "BEFORE_LON": 55.445431,
      "AFTER_LAT": 25.78105,
      "AFTER_LON": 55.337345,
      "SOG": 10.6,
      "MOVINGTIME": 2160.0,
      "ARRIVALTIME": "20251129203600"
    },
    {
      "SEQ": 12,
      "BEFORE_NODE": 12.0,
      "AFTER_NODE": 13.0,
      "BEFORE_LAT": 25.78105,
      "BEFORE_LON": 55.337345,
      "AFTER_LAT": 25.711968333333335,
      "AFTER_LON": 55.21481333333333,
      "SOG": 11.4,
      "MOVINGTIME": 2179.0,
      "ARRIVALTIME": "20251129211219"
    },
    {
      "SEQ": 13,
      "BEFORE_NODE": 13.0,
      "AFTER_NODE": 14.0,
      "BEFORE_LAT": 25.711968333333335,
      "BEFORE_LON": 55.21481333333333,
      "AFTER_LAT": 25.659656666666667,
      "AFTER_LON": 55.12820166666667,
      "SOG": 11.3,
      "MOVINGTIME": 1780.0,
      "ARRIVALTIME": "20251129214159"
    },
    {
      "SEQ": 14,
      "BEFORE_NODE": 14.0,
      "AFTER_NODE": 15.0,
      "BEFORE_LAT": 25.659656666666667,
      "BEFORE_LON": 55.12820166666667,
      "AFTER_LAT": 25.604425,
      "AFTER_LON": 55.04600333333333,
      "SOG": 11.6,
      "MOVINGTIME": 1740.0,
      "ARRIVALTIME": "20251129221059"
    },
    {
      "SEQ": 15,
      "BEFORE_NODE": 15.0,
      "AFTER_NODE": 16.0,
      "BEFORE_LAT": 25.604425,
      "BEFORE_LON": 55.04600333333333,
      "AFTER_LAT": 25.522821666666665,
      "AFTER_LON": 54.995845,
      "SOG": 11.8,
      "MOVINGTIME": 1849.0,
      "ARRIVALTIME": "20251129224148"
    },
    {
      "SEQ": 16,
      "BEFORE_NODE": 16.0,
      "AFTER_NODE": 17.0,
      "BEFORE_LAT": 25.522821666666665,
      "BEFORE_LON": 54.995845,
      "AFTER_LAT": 25.426163333333335,
      "AFTER_LON": 54.959943333333335,
      "SOG": 11.7,
      "MOVINGTIME": 1870.0,
      "ARRIVALTIME": "20251129231258"
    },
    {
      "SEQ": 17,
      "BEFORE_NODE": 17.0,
      "AFTER_NODE": 18.0,
      "BEFORE_LAT": 25.426163333333335,
      "BEFORE_LON": 54.959943333333335,
      "AFTER_LAT": 25.335825,
      "AFTER_LON": 54.92255166666666,
      "SOG": 11.8,
      "MOVINGTIME": 1771.0,
      "ARRIVALTIME": "20251129234229"
    },
    {
      "SEQ": 18,
      "BEFORE_NODE": 18.0,
      "AFTER_NODE": 19.0,
      "BEFORE_LAT": 25.335825,
      "BEFORE_LON": 54.92255166666666,
      "AFTER_LAT": 25.249769,
      "AFTER_LON": 54.885559,
      "SOG": 11.6,
      "MOVINGTIME": 1831.0,
      "ARRIVALTIME": "20251130001300"
    },
    {
      "SEQ": 19,
      "BEFORE_NODE": 19.0,
      "AFTER_NODE": 20.0,
      "BEFORE_LAT": 25.249769,
      "BEFORE_LON": 54.885559,
      "AFTER_LAT": 25.166771,
      "AFTER_LON": 54.853668,
      "SOG": 6.6,
      "MOVINGTIME": 1800.0,
      "ARRIVALTIME": "20251130004300"
    },
    {
      "SEQ": 20,
      "BEFORE_NODE": 20.0,
      "AFTER_NODE": 21.0,
      "BEFORE_LAT": 25.166771,
      "BEFORE_LON": 54.853668,
      "AFTER_LAT": 25.147496666666665,
      "AFTER_LON": 54.852585,
      "SOG": 0.2,
      "MOVINGTIME": 1787.0,
      "ARRIVALTIME": "20251130011247"
    },
    {
      "SEQ": 21,
      "BEFORE_NODE": 21.0,
      "AFTER_NODE": 22.0,
      "BEFORE_LAT": 25.147496666666665,
      "BEFORE_LON": 54.852585,
      "AFTER_LAT": 25.146588333333334,
      "AFTER_LON": 54.85185833333333,
      "SOG": 0.1,
      "MOVINGTIME": 1800.0,
      "ARRIVALTIME": "20251130014247"
    },
    {
      "SEQ": 22,
      "BEFORE_NODE": 22.0,
      "AFTER_NODE": 23.0,
      "BEFORE_LAT": 25.146588333333334,
      "BEFORE_LON": 54.85185833333333,
      "AFTER_LAT": 25.146485,
      "AFTER_LON": 54.85178333333333,
      "SOG": 0,
      "MOVINGTIME": 1800.0,
      "ARRIVALTIME": "20251130021247"
    },
    {
      "SEQ": 23,
      "BEFORE_NODE": 23.0,
      "AFTER_NODE": 24.0,
      "BEFORE_LAT": 25.146485,
      "BEFORE_LON": 54.85178333333333,
      "AFTER_LAT": 25.146429,
      "AFTER_LON": 54.851807,
      "SOG": 0.1,
      "MOVINGTIME": 1693.0,
      "ARRIVALTIME": "20251130024100"
    },
    {
      "SEQ": 24,
      "BEFORE_NODE": 24.0,
      "AFTER_NODE": 25.0,
      "BEFORE_LAT": 25.146429,
      "BEFORE_LON": 54.851807,
      "AFTER_LAT": 25.146641,
      "AFTER_LON": 54.851646,
      "SOG": 0,
      "MOVINGTIME": 1560.0,
      "ARRIVALTIME": "20251130030700"
    },
    {
      "SEQ": 25,
      "BEFORE_NODE": 25.0,
      "AFTER_NODE": 26.0,
      "BEFORE_LAT": 25.146641,
      "BEFORE_LON": 54.851646,
      "AFTER_LAT": 25.14685,
      "AFTER_LON": 54.851506666666666,
      "SOG": 0,
      "MOVINGTIME": 1787.0,
      "ARRIVALTIME": "20251130033647"
    },
    {
      "SEQ": 26,
      "BEFORE_NODE": 26.0,
      "AFTER_NODE": 27.0,
      "BEFORE_LAT": 25.14685,
      "BEFORE_LON": 54.851506666666666,
      "AFTER_LAT": 25.147486666666666,
      "AFTER_LON": 54.851501666666664,
      "SOG": 0.1,
      "MOVINGTIME": 2160.0,
      "ARRIVALTIME": "20251130041247"
    },
    {
      "SEQ": 27,
      "BEFORE_NODE": 27.0,
      "AFTER_NODE": 28.0,
      "BEFORE_LAT": 25.147486666666666,
      "BEFORE_LON": 54.851501666666664,
      "AFTER_LAT": 25.147523333333332,
      "AFTER_LON": 54.85149833333333,
      "SOG": 0.1,
      "MOVINGTIME": 1800.0,
      "ARRIVALTIME": "20251130044247"
    },
    {
      "SEQ": 28,
      "BEFORE_NODE": 28.0,
      "AFTER_NODE": 29.0,
      "BEFORE_LAT": 25.147523333333332,
      "BEFORE_LON": 54.85149833333333,
      "AFTER_LAT": 25.147603333333333,
      "AFTER_LON": 54.85149166666667,
      "SOG": 0.1,
      "MOVINGTIME": 1800.0,
      "ARRIVALTIME": "20251130051247"
    },
    {
      "SEQ": 29,
      "BEFORE_NODE": 29.0,
      "AFTER_NODE": 30.0,
      "BEFORE_LAT": 25.147603333333333,
      "BEFORE_LON": 54.85149166666667,
      "AFTER_LAT": 25.14776,
      "AFTER_LON": 54.85152,
      "SOG": 0,
      "MOVINGTIME": 1800.0,
      "ARRIVALTIME": "20251130054247"
    },
    {
      "SEQ": 30,
      "BEFORE_NODE": 30.0,
      "AFTER_NODE": 31.0,
      "BEFORE_LAT": 25.14776,
      "BEFORE_LON": 54.85152,
      "AFTER_LAT": 25.147625,
      "AFTER_LON": 54.85154,
      "SOG": 0,
      "MOVINGTIME": 1440.0,
      "ARRIVALTIME": "20251130060647"
    },
    {
      "SEQ": 31,
      "BEFORE_NODE": 31.0,
      "AFTER_NODE": 32.0,
      "BEFORE_LAT": 25.147625,
      "BEFORE_LON": 54.85154,
      "AFTER_LAT": 25.147676666666666,
      "AFTER_LON": 54.85164,
      "SOG": 0,
      "MOVINGTIME": 1800.0,
      "ARRIVALTIME": "20251130063647"
    },
    {
      "SEQ": 32,
      "BEFORE_NODE": 32.0,
      "AFTER_NODE": 33.0,
      "BEFORE_LAT": 25.147676666666666,
      "BEFORE_LON": 54.85164,
      "AFTER_LAT": 25.147908333333334,
      "AFTER_LON": 54.85171833333333,
      "SOG": 0,
      "MOVINGTIME": 1620.0,
      "ARRIVALTIME": "20251130070347"
    },
    {
      "SEQ": 33,
      "BEFORE_NODE": 33.0,
      "AFTER_NODE": 34.0,
      "BEFORE_LAT": 25.147908333333334,
      "BEFORE_LON": 54.85171833333333,
      "AFTER_LAT": 25.148153333333333,
      "AFTER_LON": 54.851866666666666,
      "SOG": 0,
      "MOVINGTIME": 1800.0,
      "ARRIVALTIME": "20251130073347"
    },
    {
      "SEQ": 34,
      "BEFORE_NODE": 34.0,
      "AFTER_NODE": 35.0,
      "BEFORE_LAT": 25.148153333333333,
      "BEFORE_LON": 54.851866666666666,
      "AFTER_LAT": 25.148395,
      "AFTER_LON": 54.85213666666667,
      "SOG": 0,
      "MOVINGTIME": 1980.0,
      "ARRIVALTIME": "20251130080647"
    },
    {
      "SEQ": 35,
      "BEFORE_NODE": 35.0,
      "AFTER_NODE": 36.0,
      "BEFORE_LAT": 25.148395,
      "BEFORE_LON": 54.85213666666667,
      "AFTER_LAT": 25.148485,
      "AFTER_LON": 54.852255,
      "SOG": 0,
      "MOVINGTIME": 1980.0,
      "ARRIVALTIME": "20251130083947"
    },
    {
      "SEQ": 36,
      "BEFORE_NODE": 36.0,
      "AFTER_NODE": 37.0,
      "BEFORE_LAT": 25.148485,
      "BEFORE_LON": 54.852255,
      "AFTER_LAT": 25.14859,
      "AFTER_LON": 54.85270166666667,
      "SOG": 0.1,
      "MOVINGTIME": 1800.0,
      "ARRIVALTIME": "20251130090947"
    },
    {
      "SEQ": 37,
      "BEFORE_NODE": 37.0,
      "AFTER_NODE": 38.0,
      "BEFORE_LAT": 25.14859,
      "BEFORE_LON": 54.85270166666667,
      "AFTER_LAT": 25.148585,
      "AFTER_LON": 54.853163333333335,
      "SOG": 0,
      "MOVINGTIME": 1980.0,
      "ARRIVALTIME": "20251130094247"
    },
    {
      "SEQ": 38,
      "BEFORE_NODE": 38.0,
      "AFTER_NODE": 39.0,
      "BEFORE_LAT": 25.148585,
      "BEFORE_LON": 54.853163333333335,
      "AFTER_LAT": 25.14849,
      "AFTER_LON": 54.853388333333335,
      "SOG": 0,
      "MOVINGTIME": 1800.0,
      "ARRIVALTIME": "20251130101247"
    },
    {
      "SEQ": 39,
      "BEFORE_NODE": 39.0,
      "AFTER_NODE": 40.0,
      "BEFORE_LAT": 25.14849,
      "BEFORE_LON": 54.853388333333335,
      "AFTER_LAT": 25.148376666666667,
      "AFTER_LON": 54.853675,
      "SOG": 0,
      "MOVINGTIME": 1800.0,
      "ARRIVALTIME": "20251130104247"
    },
    {
      "SEQ": 40,
      "BEFORE_NODE": 40.0,
      "AFTER_NODE": 41.0,
      "BEFORE_LAT": 25.148376666666667,
      "BEFORE_LON": 54.853675,
      "AFTER_LAT": 25.148183333333332,
      "AFTER_LON": 54.853948333333335,
      "SOG": 0.1,
      "MOVINGTIME": 1440.0,
      "ARRIVALTIME": "20251130110647"
    },
    {
      "SEQ": 41,
      "BEFORE_NODE": 41.0,
      "AFTER_NODE": 42.0,
      "BEFORE_LAT": 25.148183333333332,
      "BEFORE_LON": 54.853948333333335,
      "AFTER_LAT": 25.14804,
      "AFTER_LON": 54.85404666666667,
      "SOG": 0,
      "MOVINGTIME": 1980.0,
      "ARRIVALTIME": "20251130113947"
    },
    {
      "SEQ": 42,
      "BEFORE_NODE": 42.0,
      "AFTER_NODE": 43.0,
      "BEFORE_LAT": 25.14804,
      "BEFORE_LON": 54.85404666666667,
      "AFTER_LAT": 25.147975,
      "AFTER_LON": 54.854063333333336,
      "SOG": 0,
      "MOVINGTIME": 1620.0,
      "ARRIVALTIME": "20251130120647"
    },
    {
      "SEQ": 43,
      "BEFORE_NODE": 43.0,
      "AFTER_NODE": 44.0,
      "BEFORE_LAT": 25.147975,
      "BEFORE_LON": 54.854063333333336,
      "AFTER_LAT": 25.147658333333332,
      "AFTER_LON": 54.854243333333336,
      "SOG": 0,
      "MOVINGTIME": 2160.0,
      "ARRIVALTIME": "20251130124247"
    },
    {
      "SEQ": 44,
      "BEFORE_NODE": 44.0,
      "AFTER_NODE": 45.0,
      "BEFORE_LAT": 25.147658333333332,
      "BEFORE_LON": 54.854243333333336,
      "AFTER_LAT": 25.147703,
      "AFTER_LON": 54.854282,
      "SOG": 0,
      "MOVINGTIME": 1273.0,
      "ARRIVALTIME": "20251130130400"
    },
    {
      "SEQ": 45,
      "BEFORE_NODE": 45.0,
      "AFTER_NODE": 46.0,
      "BEFORE_LAT": 25.147703,
      "BEFORE_LON": 54.854282,
      "AFTER_LAT": 25.147153333333332,
      "AFTER_LON": 54.85440166666667,
      "SOG": 0.1,
      "MOVINGTIME": 2327.0,
      "ARRIVALTIME": "20251130134247"
    },
    {
      "SEQ": 46,
      "BEFORE_NODE": 46.0,
      "AFTER_NODE": 47.0,
      "BEFORE_LAT": 25.147153333333332,
      "BEFORE_LON": 54.85440166666667,
      "AFTER_LAT": 25.147098333333332,
      "AFTER_LON": 54.854328333333335,
      "SOG": 0,
      "MOVINGTIME": 1440.0,
      "ARRIVALTIME": "20251130140647"
    },
    {
      "SEQ": 47,
      "BEFORE_NODE": 47.0,
      "AFTER_NODE": 48.0,
      "BEFORE_LAT": 25.147098333333332,
      "BEFORE_LON": 54.854328333333335,
      "AFTER_LAT": 25.146833333333333,
      "AFTER_LON": 54.85434166666667,
      "SOG": 0.1,
      "MOVINGTIME": 1800.0,
      "ARRIVALTIME": "20251130143647"
    },
    {
      "SEQ": 48,
      "BEFORE_NODE": 48.0,
      "AFTER_NODE": 49.0,
      "BEFORE_LAT": 25.146833333333333,
      "BEFORE_LON": 54.85434166666667,
      "AFTER_LAT": 25.146709,
      "AFTER_LON": 54.854225,
      "SOG": 0,
      "MOVINGTIME": 1633.0,
      "ARRIVALTIME": "20251130150400"
    },
    {
      "SEQ": 49,
      "BEFORE_NODE": 49.0,
      "AFTER_NODE": 50.0,
      "BEFORE_LAT": 25.146709,
      "BEFORE_LON": 54.854225,
      "AFTER_LAT": 25.1467,
      "AFTER_LON": 54.854256666666664,
      "SOG": 0,
      "MOVINGTIME": 1967.0,
      "ARRIVALTIME": "20251130153647"
    },
    {
      "SEQ": 50,
      "BEFORE_NODE": 50.0,
      "AFTER_NODE": 51.0,
      "BEFORE_LAT": 25.1467,
      "BEFORE_LON": 54.854256666666664,
      "AFTER_LAT": 25.146761666666666,
      "AFTER_LON": 54.854295,
      "SOG": 0,
      "MOVINGTIME": 1800.0,
      "ARRIVALTIME": "20251130160647"
    },
    {
      "SEQ": 51,
      "BEFORE_NODE": 51.0,
      "AFTER_NODE": 52.0,
      "BEFORE_LAT": 25.146761666666666,
      "BEFORE_LON": 54.854295,
      "AFTER_LAT": 25.146578,
      "AFTER_LON": 54.854172,
      "SOG": 0,
      "MOVINGTIME": 1573.0,
      "ARRIVALTIME": "20251130163300"
    },
    {
      "SEQ": 52,
      "BEFORE_NODE": 52.0,
      "AFTER_NODE": 53.0,
      "BEFORE_LAT": 25.146578,
      "BEFORE_LON": 54.854172,
      "AFTER_LAT": 25.146091666666667,
      "AFTER_LON": 54.853208333333335,
      "SOG": 0.1,
      "MOVINGTIME": 2027.0,
      "ARRIVALTIME": "20251130170647"
    },
    {
      "SEQ": 53,
      "BEFORE_NODE": 53.0,
      "AFTER_NODE": 54.0,
      "BEFORE_LAT": 25.146091666666667,
      "BEFORE_LON": 54.853208333333335,
      "AFTER_LAT": 25.146401666666666,
      "AFTER_LON": 54.85230333333333,
      "SOG": 0.1,
      "MOVINGTIME": 1800.0,
      "ARRIVALTIME": "20251130173647"
    },
    {
      "SEQ": 54,
      "BEFORE_NODE": 54.0,
      "AFTER_NODE": 55.0,
      "BEFORE_LAT": 25.146401666666666,
      "BEFORE_LON": 54.85230333333333,
      "AFTER_LAT": 25.146676666666668,
      "AFTER_LON": 54.85197333333333,
      "SOG": 0,
      "MOVINGTIME": 1800.0,
      "ARRIVALTIME": "20251130180647"
    },
    {
      "SEQ": 55,
      "BEFORE_NODE": 55.0,
      "AFTER_NODE": 56.0,
      "BEFORE_LAT": 25.146676666666668,
      "BEFORE_LON": 54.85197333333333,
      "AFTER_LAT": 25.146772,
      "AFTER_LON": 54.851845,
      "SOG": 0,
      "MOVINGTIME": 1873.0,
      "ARRIVALTIME": "20251130183800"
    },
    {
      "SEQ": 56,
      "BEFORE_NODE": 56.0,
      "AFTER_NODE": 57.0,
      "BEFORE_LAT": 25.146772,
      "BEFORE_LON": 54.851845,
      "AFTER_LAT": 25.146641666666667,
      "AFTER_LON": 54.85196333333333,
      "SOG": 0,
      "MOVINGTIME": 2087.0,
      "ARRIVALTIME": "20251130191247"
    },
    {
      "SEQ": 57,
      "BEFORE_NODE": 57.0,
      "AFTER_NODE": 58.0,
      "BEFORE_LAT": 25.146641666666667,
      "BEFORE_LON": 54.85196333333333,
      "AFTER_LAT": 25.146613333333335,
      "AFTER_LON": 54.852025,
      "SOG": 0,
      "MOVINGTIME": 1800.0,
      "ARRIVALTIME": "20251130194247"
    },
    {
      "SEQ": 58,
      "BEFORE_NODE": 58.0,
      "AFTER_NODE": 59.0,
      "BEFORE_LAT": 25.146613333333335,
      "BEFORE_LON": 54.852025,
      "AFTER_LAT": 25.146535,
      "AFTER_LON": 54.85196666666667,
      "SOG": 0,
      "MOVINGTIME": 1800.0,
      "ARRIVALTIME": "20251130201247"
    },
    {
      "SEQ": 59,
      "BEFORE_NODE": 59.0,
      "AFTER_NODE": 60.0,
      "BEFORE_LAT": 25.146535,
      "BEFORE_LON": 54.85196666666667,
      "AFTER_LAT": 25.147645,
      "AFTER_LON": 54.85339333333334,
      "SOG": 0.3,
      "MOVINGTIME": 1809.0,
      "ARRIVALTIME": "20251130204256"
    },
    {
      "SEQ": 60,
      "BEFORE_NODE": 60.0,
      "AFTER_NODE": 61.0,
      "BEFORE_LAT": 25.147645,
      "BEFORE_LON": 54.85339333333334,
      "AFTER_LAT": 25.148601666666668,
      "AFTER_LON": 54.882085,
      "SOG": 4.2,
      "MOVINGTIME": 1801.0,
      "ARRIVALTIME": "20251130211257"
    },
    {
      "SEQ": 61,
      "BEFORE_NODE": 61.0,
      "AFTER_NODE": 62.0,
      "BEFORE_LAT": 25.148601666666668,
      "BEFORE_LON": 54.882085,
      "AFTER_LAT": 25.134888,
      "AFTER_LON": 54.905029,
      "SOG": 2.5,
      "MOVINGTIME": 1503.0,
      "ARRIVALTIME": "20251130213800"
    },
    {
      "SEQ": 62,
      "BEFORE_NODE": 62.0,
      "AFTER_NODE": 63.0,
      "BEFORE_LAT": 25.134888,
      "BEFORE_LON": 54.905029,
      "AFTER_LAT": 25.09582,
      "AFTER_LON": 54.964135,
      "SOG": 9.7,
      "MOVINGTIME": 2095.0,
      "ARRIVALTIME": "20251130221255"
    },
    {
      "SEQ": 63,
      "BEFORE_NODE": 63.0,
      "AFTER_NODE": 64.0,
      "BEFORE_LAT": 25.09582,
      "BEFORE_LON": 54.964135,
      "AFTER_LAT": 25.035911666666667,
      "AFTER_LON": 55.03089666666666,
      "SOG": 9.9,
      "MOVINGTIME": 1800.0,
      "ARRIVALTIME": "20251130224255"
    },
    {
      "SEQ": 64,
      "BEFORE_NODE": 64.0,
      "AFTER_NODE": 65.0,
      "BEFORE_LAT": 25.035911666666667,
      "BEFORE_LON": 55.03089666666666,
      "AFTER_LAT": 24.996464,
      "AFTER_LON": 55.0504,
      "SOG": 1.2,
      "MOVINGTIME": 1685.0,
      "ARRIVALTIME": "20251130231100"
    },
    {
      "SEQ": 65,
      "BEFORE_NODE": 65.0,
      "AFTER_NODE": 66.0,
      "BEFORE_LAT": 24.996464,
      "BEFORE_LON": 55.0504,
      "AFTER_LAT": 24.995163,
      "AFTER_LON": 55.049374,
      "SOG": 0,
      "MOVINGTIME": 1980.0,
      "ARRIVALTIME": "20251130234400"
    },
    {
      "SEQ": 66,
      "BEFORE_NODE": 66.0,
      "AFTER_NODE": 67.0,
      "BEFORE_LAT": 24.995163,
      "BEFORE_LON": 55.049374,
      "AFTER_LAT": 24.995214,
      "AFTER_LON": 55.049385,
      "SOG": 0,
      "MOVINGTIME": 1620.0,
      "ARRIVALTIME": "20251201001100"
    },
    {
      "SEQ": 67,
      "BEFORE_NODE": 67.0,
      "AFTER_NODE": 68.0,
      "BEFORE_LAT": 24.995214,
      "BEFORE_LON": 55.049385,
      "AFTER_LAT": 24.995224,
      "AFTER_LON": 55.049374,
      "SOG": 0,
      "MOVINGTIME": 1800.0,
      "ARRIVALTIME": "20251201004100"
    },
    {
      "SEQ": 68,
      "BEFORE_NODE": 68.0,
      "AFTER_NODE": 69.0,
      "BEFORE_LAT": 24.995224,
      "BEFORE_LON": 55.049374,
      "AFTER_LAT": 24.995264,
      "AFTER_LON": 55.049385,
      "SOG": 0,
      "MOVINGTIME": 1500.0,
      "ARRIVALTIME": "20251201010600"
    },
    {
      "SEQ": 69,
      "BEFORE_NODE": 69.0,
      "AFTER_NODE": 70.0,
      "BEFORE_LAT": 24.995264,
      "BEFORE_LON": 55.049385,
      "AFTER_LAT": 24.995209,
      "AFTER_LON": 55.0494,
      "SOG": 0,
      "MOVINGTIME": 2160.0,
      "ARRIVALTIME": "20251201014200"
    },
    {
      "SEQ": 70,
      "BEFORE_NODE": 70.0,
      "AFTER_NODE": 71.0,
      "BEFORE_LAT": 24.995209,
      "BEFORE_LON": 55.0494,
      "AFTER_LAT": 24.995224,
      "AFTER_LON": 55.049335,
      "SOG": 0,
      "MOVINGTIME": 1920.0,
      "ARRIVALTIME": "20251201021400"
    },
    {
      "SEQ": 71,
      "BEFORE_NODE": 71.0,
      "AFTER_NODE": 72.0,
      "BEFORE_LAT": 24.995224,
      "BEFORE_LON": 55.049335,
      "AFTER_LAT": 24.995265,
      "AFTER_LON": 55.049385,
      "SOG": 0,
      "MOVINGTIME": 1629.0,
      "ARRIVALTIME": "20251201024109"
    },
    {
      "SEQ": 72,
      "BEFORE_NODE": 72.0,
      "AFTER_NODE": 73.0,
      "BEFORE_LAT": 24.995265,
      "BEFORE_LON": 55.049385,
      "AFTER_LAT": 24.995264,
      "AFTER_LON": 55.049408,
      "SOG": 0,
      "MOVINGTIME": 1431.0,
      "ARRIVALTIME": "20251201030500"
    },
    {
      "SEQ": 73,
      "BEFORE_NODE": 73.0,
      "AFTER_NODE": 74.0,
      "BEFORE_LAT": 24.995264,
      "BEFORE_LON": 55.049408,
      "AFTER_LAT": 24.995278333333335,
      "AFTER_LON": 55.049348333333334,
      "SOG": 0,
      "MOVINGTIME": 2169.0,
      "ARRIVALTIME": "20251201034109"
    },
    {
      "SEQ": 74,
      "BEFORE_NODE": 74.0,
      "AFTER_NODE": 75.0,
      "BEFORE_LAT": 24.995278333333335,
      "BEFORE_LON": 55.049348333333334,
      "AFTER_LAT": 24.995201666666667,
      "AFTER_LON": 55.04938333333333,
      "SOG": 0,
      "MOVINGTIME": 1440.0,
      "ARRIVALTIME": "20251201040509"
    },
    {
      "SEQ": 75,
      "BEFORE_NODE": 75.0,
      "AFTER_NODE": 76.0,
      "BEFORE_LAT": 24.995201666666667,
      "BEFORE_LON": 55.04938333333333,
      "AFTER_LAT": 24.99521,
      "AFTER_LON": 55.0494,
      "SOG": 0,
      "MOVINGTIME": 2160.0,
      "ARRIVALTIME": "20251201044109"
    },
    {
      "SEQ": 76,
      "BEFORE_NODE": 76.0,
      "AFTER_NODE": 77.0,
      "BEFORE_LAT": 24.99521,
      "BEFORE_LON": 55.0494,
      "AFTER_LAT": 24.99524,
      "AFTER_LON": 55.04938,
      "SOG": 0,
      "MOVINGTIME": 1800.0,
      "ARRIVALTIME": "20251201051109"
    },
    {
      "SEQ": 77,
      "BEFORE_NODE": 77.0,
      "AFTER_NODE": 78.0,
      "BEFORE_LAT": 24.99524,
      "BEFORE_LON": 55.04938,
      "AFTER_LAT": 24.995241,
      "AFTER_LON": 55.0494,
      "SOG": 0,
      "MOVINGTIME": 1131.0,
      "ARRIVALTIME": "20251201053000"
    },
    {
      "SEQ": 78,
      "BEFORE_NODE": 78.0,
      "AFTER_NODE": 79.0,
      "BEFORE_LAT": 24.995241,
      "BEFORE_LON": 55.0494,
      "AFTER_LAT": 24.99501,
      "AFTER_LON": 55.04965333333333,
      "SOG": 0,
      "MOVINGTIME": 2109.0,
      "ARRIVALTIME": "20251201060509"
    },
    {
      "SEQ": 79,
      "BEFORE_NODE": 79.0,
      "AFTER_NODE": 80.0,
      "BEFORE_LAT": 24.99501,
      "BEFORE_LON": 55.04965333333333,
      "AFTER_LAT": 24.995228333333333,
      "AFTER_LON": 55.04934333333333,
      "SOG": 0.1,
      "MOVINGTIME": 2160.0,
      "ARRIVALTIME": "20251201064109"
    },
    {
      "SEQ": 80,
      "BEFORE_NODE": 80.0,
      "AFTER_NODE": 81.0,
      "BEFORE_LAT": 24.995228333333333,
      "BEFORE_LON": 55.04934333333333,
      "AFTER_LAT": 24.995285,
      "AFTER_LON": 55.049395,
      "SOG": 0,
      "MOVINGTIME": 1440.0,
      "ARRIVALTIME": "20251201070509"
    },
    {
      "SEQ": 81,
      "BEFORE_NODE": 81.0,
      "AFTER_NODE": 82.0,
      "BEFORE_LAT": 24.995285,
      "BEFORE_LON": 55.049395,
      "AFTER_LAT": 24.99526,
      "AFTER_LON": 55.04936166666667,
      "SOG": 0,
      "MOVINGTIME": 2160.0,
      "ARRIVALTIME": "20251201074109"
    },
    {
      "SEQ": 82,
      "BEFORE_NODE": 82.0,
      "AFTER_NODE": 83.0,
      "BEFORE_LAT": 24.99526,
      "BEFORE_LON": 55.04936166666667,
      "AFTER_LAT": 24.995245,
      "AFTER_LON": 55.049371666666666,
      "SOG": 0,
      "MOVINGTIME": 1440.0,
      "ARRIVALTIME": "20251201080509"
    },
    {
      "SEQ": 83,
      "BEFORE_NODE": 83.0,
      "AFTER_NODE": 84.0,
      "BEFORE_LAT": 24.995245,
      "BEFORE_LON": 55.049371666666666,
      "AFTER_LAT": 24.995111666666666,
      "AFTER_LON": 55.04939,
      "SOG": 0,
      "MOVINGTIME": 1800.0,
      "ARRIVALTIME": "20251201083509"
    },
    {
      "SEQ": 84,
      "BEFORE_NODE": 84.0,
      "AFTER_NODE": 85.0,
      "BEFORE_LAT": 24.995111666666666,
      "BEFORE_LON": 55.04939,
      "AFTER_LAT": 24.995183333333333,
      "AFTER_LON": 55.049393333333335,
      "SOG": 0,
      "MOVINGTIME": 1800.0,
      "ARRIVALTIME": "20251201090509"
    },
    {
      "SEQ": 85,
      "BEFORE_NODE": 85.0,
      "AFTER_NODE": 86.0,
      "BEFORE_LAT": 24.995183333333333,
      "BEFORE_LON": 55.049393333333335,
      "AFTER_LAT": 24.995273333333333,
      "AFTER_LON": 55.049355,
      "SOG": 0,
      "MOVINGTIME": 1800.0,
      "ARRIVALTIME": "20251201093509"
    },
    {
      "SEQ": 86,
      "BEFORE_NODE": 86.0,
      "AFTER_NODE": 87.0,
      "BEFORE_LAT": 24.995273333333333,
      "BEFORE_LON": 55.049355,
      "AFTER_LAT": 24.99531,
      "AFTER_LON": 55.04938666666666,
      "SOG": 0,
      "MOVINGTIME": 2160.0,
      "ARRIVALTIME": "20251201101109"
    },
    {
      "SEQ": 87,
      "BEFORE_NODE": 87.0,
      "AFTER_NODE": 88.0,
      "BEFORE_LAT": 24.99531,
      "BEFORE_LON": 55.04938666666666,
      "AFTER_LAT": 24.995263333333334,
      "AFTER_LON": 55.049365,
      "SOG": 0,
      "MOVINGTIME": 1440.0,
      "ARRIVALTIME": "20251201103509"
    },
    {
      "SEQ": 88,
      "BEFORE_NODE": 88.0,
      "AFTER_NODE": 89.0,
      "BEFORE_LAT": 24.995263333333334,
      "BEFORE_LON": 55.049365,
      "AFTER_LAT": 24.995285,
      "AFTER_LON": 55.049355,
      "SOG": 0,
      "MOVINGTIME": 1731.0,
      "ARRIVALTIME": "20251201110400"
    },
    {
      "SEQ": 89,
      "BEFORE_NODE": 89.0,
      "AFTER_NODE": 90.0,
      "BEFORE_LAT": 24.995285,
      "BEFORE_LON": 55.049355,
      "AFTER_LAT": 24.995376666666665,
      "AFTER_LON": 55.049375,
      "SOG": 0,
      "MOVINGTIME": 1869.0,
      "ARRIVALTIME": "20251201113509"
    },
    {
      "SEQ": 90,
      "BEFORE_NODE": 90.0,
      "AFTER_NODE": 91.0,
      "BEFORE_LAT": 24.995376666666665,
      "BEFORE_LON": 55.049375,
      "AFTER_LAT": 24.995301666666666,
      "AFTER_LON": 55.049345,
      "SOG": 0,
      "MOVINGTIME": 1800.0,
      "ARRIVALTIME": "20251201120509"
    },
    {
      "SEQ": 91,
      "BEFORE_NODE": 91.0,
      "AFTER_NODE": 92.0,
      "BEFORE_LAT": 24.995301666666666,
      "BEFORE_LON": 55.049345,
      "AFTER_LAT": 24.995398,
      "AFTER_LON": 55.049332,
      "SOG": 0,
      "MOVINGTIME": 1671.0,
      "ARRIVALTIME": "20251201123300"
    },
    {
      "SEQ": 92,
      "BEFORE_NODE": 92.0,
      "AFTER_NODE": 93.0,
      "BEFORE_LAT": 24.995398,
      "BEFORE_LON": 55.049332,
      "AFTER_LAT": 24.995288333333335,
      "AFTER_LON": 55.049368333333334,
      "SOG": 0,
      "MOVINGTIME": 2289.0,
      "ARRIVALTIME": "20251201131109"
    },
    {
      "SEQ": 93,
      "BEFORE_NODE": 93.0,
      "AFTER_NODE": 94.0,
      "BEFORE_LAT": 24.995288333333335,
      "BEFORE_LON": 55.049368333333334,
      "AFTER_LAT": 24.995346666666666,
      "AFTER_LON": 55.04938333333333,
      "SOG": 0,
      "MOVINGTIME": 1440.0,
      "ARRIVALTIME": "20251201133509"
    },
    {
      "SEQ": 94,
      "BEFORE_NODE": 94.0,
      "AFTER_NODE": 95.0,
      "BEFORE_LAT": 24.995346666666666,
      "BEFORE_LON": 55.04938333333333,
      "AFTER_LAT": 24.99532,
      "AFTER_LON": 55.04939,
      "SOG": 0,
      "MOVINGTIME": 2160.0,
      "ARRIVALTIME": "20251201141109"
    },
    {
      "SEQ": 95,
      "BEFORE_NODE": 95.0,
      "AFTER_NODE": 96.0,
      "BEFORE_LAT": 24.99532,
      "BEFORE_LON": 55.04939,
      "AFTER_LAT": 24.995308,
      "AFTER_LON": 55.049355,
      "SOG": 0,
      "MOVINGTIME": 1251.0,
      "ARRIVALTIME": "20251201143200"
    },
    {
      "SEQ": 96,
      "BEFORE_NODE": 96.0,
      "AFTER_NODE": 97.0,
      "BEFORE_LAT": 24.995308,
      "BEFORE_LON": 55.049355,
      "AFTER_LAT": 24.995313333333332,
      "AFTER_LON": 55.04931666666667,
      "SOG": 0,
      "MOVINGTIME": 1989.0,
      "ARRIVALTIME": "20251201150509"
    },
    {
      "SEQ": 97,
      "BEFORE_NODE": 97.0,
      "AFTER_NODE": 98.0,
      "BEFORE_LAT": 24.995313333333332,
      "BEFORE_LON": 55.04931666666667,
      "AFTER_LAT": 24.995353333333334,
      "AFTER_LON": 55.04933,
      "SOG": 0,
      "MOVINGTIME": 1800.0,
      "ARRIVALTIME": "20251201153509"
    },
    {
      "SEQ": 98,
      "BEFORE_NODE": 98.0,
      "AFTER_NODE": 99.0,
      "BEFORE_LAT": 24.995353333333334,
      "BEFORE_LON": 55.04933,
      "AFTER_LAT": 24.995317,
      "AFTER_LON": 55.049355,
      "SOG": 0,
      "MOVINGTIME": 1791.0,
      "ARRIVALTIME": "20251201160500"
    },
    {
      "SEQ": 99,
      "BEFORE_NODE": 99.0,
      "AFTER_NODE": 100.0,
      "BEFORE_LAT": 24.995317,
      "BEFORE_LON": 55.049355,
      "AFTER_LAT": 24.99534,
      "AFTER_LON": 55.04937833333333,
      "SOG": 0,
      "MOVINGTIME": 2169.0,
      "ARRIVALTIME": "20251201164109"
    },
    {
      "SEQ": 100,
      "BEFORE_NODE": 100.0,
      "AFTER_NODE": 101.0,
      "BEFORE_LAT": 24.99534,
      "BEFORE_LON": 55.04937833333333,
      "AFTER_LAT": 24.99521,
      "AFTER_LON": 55.049415,
      "SOG": 0,
      "MOVINGTIME": 1800.0,
      "ARRIVALTIME": "20251201171109"
    },
    {
      "SEQ": 101,
      "BEFORE_NODE": 101.0,
      "AFTER_NODE": 102.0,
      "BEFORE_LAT": 24.99521,
      "BEFORE_LON": 55.049415,
      "AFTER_LAT": 24.99527,
      "AFTER_LON": 55.049366666666664,
      "SOG": 0,
      "MOVINGTIME": 1440.0,
      "ARRIVALTIME": "20251201173509"
    },
    {
      "SEQ": 102,
      "BEFORE_NODE": 102.0,
      "AFTER_NODE": 103.0,
      "BEFORE_LAT": 24.99527,
      "BEFORE_LON": 55.049366666666664,
      "AFTER_LAT": 24.995285,
      "AFTER_LON": 55.04940166666667,
      "SOG": 0,
      "MOVINGTIME": 2160.0,
      "ARRIVALTIME": "20251201181109"
    },
    {
      "SEQ": 103,
      "BEFORE_NODE": 103.0,
      "AFTER_NODE": 104.0,
      "BEFORE_LAT": 24.995285,
      "BEFORE_LON": 55.04940166666667,
      "AFTER_LAT": 24.995291666666667,
      "AFTER_LON": 55.04942,
      "SOG": 0,
      "MOVINGTIME": 1440.0,
      "ARRIVALTIME": "20251201183509"
    },
    {
      "SEQ": 104,
      "BEFORE_NODE": 104.0,
      "AFTER_NODE": 105.0,
      "BEFORE_LAT": 24.995291666666667,
      "BEFORE_LON": 55.04942,
      "AFTER_LAT": 24.995283333333333,
      "AFTER_LON": 55.04935666666667,
      "SOG": 0,
      "MOVINGTIME": 1800.0,
      "ARRIVALTIME": "20251201190509"
    },
    {
      "SEQ": 105,
      "BEFORE_NODE": 105.0,
      "AFTER_NODE": 106.0,
      "BEFORE_LAT": 24.995283333333333,
      "BEFORE_LON": 55.04935666666667,
      "AFTER_LAT": 24.995283333333333,
      "AFTER_LON": 55.04936,
      "SOG": 0,
      "MOVINGTIME": 1980.0,
      "ARRIVALTIME": "20251201193809"
    },
    {
      "SEQ": 106,
      "BEFORE_NODE": 106.0,
      "AFTER_NODE": 107.0,
      "BEFORE_LAT": 24.995283333333333,
      "BEFORE_LON": 55.04936,
      "AFTER_LAT": 24.995226666666667,
      "AFTER_LON": 55.04937666666667,
      "SOG": 0,
      "MOVINGTIME": 1620.0,
      "ARRIVALTIME": "20251201200509"
    },
    {
      "SEQ": 107,
      "BEFORE_NODE": 107.0,
      "AFTER_NODE": 108.0,
      "BEFORE_LAT": 24.995226666666667,
      "BEFORE_LON": 55.04937666666667,
      "AFTER_LAT": 24.995249,
      "AFTER_LON": 55.049339,
      "SOG": 0,
      "MOVINGTIME": 1791.0,
      "ARRIVALTIME": "20251201203500"
    },
    {
      "SEQ": 108,
      "BEFORE_NODE": 108.0,
      "AFTER_NODE": 109.0,
      "BEFORE_LAT": 24.995249,
      "BEFORE_LON": 55.049339,
      "AFTER_LAT": 24.995221666666666,
      "AFTER_LON": 55.049375,
      "SOG": 0,
      "MOVINGTIME": 1809.0,
      "ARRIVALTIME": "20251201210509"
    },
    {
      "SEQ": 109,
      "BEFORE_NODE": 109.0,
      "AFTER_NODE": 110.0,
      "BEFORE_LAT": 24.995221666666666,
      "BEFORE_LON": 55.049375,
      "AFTER_LAT": 24.995263333333334,
      "AFTER_LON": 55.04936166666667,
      "SOG": 0,
      "MOVINGTIME": 1980.0,
      "ARRIVALTIME": "20251201213809"
    },
    {
      "SEQ": 110,
      "BEFORE_NODE": 110.0,
      "AFTER_NODE": 111.0,
      "BEFORE_LAT": 24.995263333333334,
      "BEFORE_LON": 55.04936166666667,
      "AFTER_LAT": 24.99521,
      "AFTER_LON": 55.049258333333334,
      "SOG": 0,
      "MOVINGTIME": 1620.0,
      "ARRIVALTIME": "20251201220509"
    },
    {
      "SEQ": 111,
      "BEFORE_NODE": 111.0,
      "AFTER_NODE": 112.0,
      "BEFORE_LAT": 24.99521,
      "BEFORE_LON": 55.049258333333334,
      "AFTER_LAT": 24.995231666666665,
      "AFTER_LON": 55.049371666666666,
      "SOG": 0,
      "MOVINGTIME": 1980.0,
      "ARRIVALTIME": "20251201223809"
    },
    {
      "SEQ": 112,
      "BEFORE_NODE": 112.0,
      "AFTER_NODE": 113.0,
      "BEFORE_LAT": 24.995231666666665,
      "BEFORE_LON": 55.049371666666666,
      "AFTER_LAT": 24.995203333333333,
      "AFTER_LON": 55.049335,
      "SOG": 0,
      "MOVINGTIME": 1980.0,
      "ARRIVALTIME": "20251201231109"
    },
    {
      "SEQ": 113,
      "BEFORE_NODE": 113.0,
      "AFTER_NODE": 114.0,
      "BEFORE_LAT": 24.995203333333333,
      "BEFORE_LON": 55.049335,
      "AFTER_LAT": 24.995253333333334,
      "AFTER_LON": 55.049445,
      "SOG": 0,
      "MOVINGTIME": 1440.0,
      "ARRIVALTIME": "20251201233509"
    },
    {
      "SEQ": 114,
      "BEFORE_NODE": 114.0,
      "AFTER_NODE": 115.0,
      "BEFORE_LAT": 24.995253333333334,
      "BEFORE_LON": 55.049445,
      "AFTER_LAT": 24.99527,
      "AFTER_LON": 55.049418333333335,
      "SOG": 0,
      "MOVINGTIME": 1800.0,
      "ARRIVALTIME": "20251202000509"
    },
    {
      "SEQ": 115,
      "BEFORE_NODE": 115.0,
      "AFTER_NODE": 116.0,
      "BEFORE_LAT": 24.99527,
      "BEFORE_LON": 55.049418333333335,
      "AFTER_LAT": 24.995276666666665,
      "AFTER_LON": 55.049305,
      "SOG": 0,
      "MOVINGTIME": 1980.0,
      "ARRIVALTIME": "20251202003809"
    },
    {
      "SEQ": 116,
      "BEFORE_NODE": 116.0,
      "AFTER_NODE": 117.0,
      "BEFORE_LAT": 24.995276666666665,
      "BEFORE_LON": 55.049305,
      "AFTER_LAT": 24.995225,
      "AFTER_LON": 55.0493,
      "SOG": 0,
      "MOVINGTIME": 1620.0,
      "ARRIVALTIME": "20251202010509"
    },
    {
      "SEQ": 117,
      "BEFORE_NODE": 117.0,
      "AFTER_NODE": 118.0,
      "BEFORE_LAT": 24.995225,
      "BEFORE_LON": 55.0493,
      "AFTER_LAT": 24.99526,
      "AFTER_LON": 55.04937666666667,
      "SOG": 0,
      "MOVINGTIME": 2160.0,
      "ARRIVALTIME": "20251202014109"
    },
    {
      "SEQ": 118,
      "BEFORE_NODE": 118.0,
      "AFTER_NODE": 119.0,
      "BEFORE_LAT": 24.99526,
      "BEFORE_LON": 55.04937666666667,
      "AFTER_LAT": 24.995277,
      "AFTER_LON": 55.049377,
      "SOG": 0.1,
      "MOVINGTIME": 1671.0,
      "ARRIVALTIME": "20251202020900"
    },
    {
      "SEQ": 119,
      "BEFORE_NODE": 119.0,
      "AFTER_NODE": 120.0,
      "BEFORE_LAT": 24.995277,
      "BEFORE_LON": 55.049377,
      "AFTER_LAT": 24.995303333333332,
      "AFTER_LON": 55.049391666666665,
      "SOG": 0,
      "MOVINGTIME": 1929.0,
      "ARRIVALTIME": "20251202024109"
    },
    {
      "SEQ": 120,
      "BEFORE_NODE": 120.0,
      "AFTER_NODE": 121.0,
      "BEFORE_LAT": 24.995303333333332,
      "BEFORE_LON": 55.049391666666665,
      "AFTER_LAT": 24.995262,
      "AFTER_LON": 55.049366,
      "SOG": 0,
      "MOVINGTIME": 1551.0,
      "ARRIVALTIME": "20251202030700"
    },
    {
      "SEQ": 121,
      "BEFORE_NODE": 121.0,
      "AFTER_NODE": 122.0,
      "BEFORE_LAT": 24.995262,
      "BEFORE_LON": 55.049366,
      "AFTER_LAT": 24.99524,
      "AFTER_LON": 55.049365,
      "SOG": 0,
      "MOVINGTIME": 1689.0,
      "ARRIVALTIME": "20251202033509"
    },
    {
      "SEQ": 122,
      "BEFORE_NODE": 122.0,
      "AFTER_NODE": 123.0,
      "BEFORE_LAT": 24.99524,
      "BEFORE_LON": 55.049365,
      "AFTER_LAT": 24.995214,
      "AFTER_LON": 55.049393,
      "SOG": 0,
      "MOVINGTIME": 1551.0,
      "ARRIVALTIME": "20251202040100"
    },
    {
      "SEQ": 123,
      "BEFORE_NODE": 123.0,
      "AFTER_NODE": 124.0,
      "BEFORE_LAT": 24.995214,
      "BEFORE_LON": 55.049393,
      "AFTER_LAT": 24.995199,
      "AFTER_LON": 55.049393,
      "SOG": 0,
      "MOVINGTIME": 1920.0,
      "ARRIVALTIME": "20251202043300"
    },
    {
      "SEQ": 124,
      "BEFORE_NODE": 124.0,
      "AFTER_NODE": 125.0,
      "BEFORE_LAT": 24.995199,
      "BEFORE_LON": 55.049393,
      "AFTER_LAT": 24.995378,
      "AFTER_LON": 55.04932,
      "SOG": 0,
      "MOVINGTIME": 1800.0,
      "ARRIVALTIME": "20251202050300"
    },
    {
      "SEQ": 125,
      "BEFORE_NODE": 125.0,
      "AFTER_NODE": 126.0,
      "BEFORE_LAT": 24.995378,
      "BEFORE_LON": 55.04932,
      "AFTER_LAT": 24.995273333333333,
      "AFTER_LON": 55.049365,
      "SOG": 0,
      "MOVINGTIME": 1929.0,
      "ARRIVALTIME": "20251202053509"
    },
    {
      "SEQ": 126,
      "BEFORE_NODE": 126.0,
      "AFTER_NODE": 127.0,
      "BEFORE_LAT": 24.995273333333333,
      "BEFORE_LON": 55.049365,
      "AFTER_LAT": 24.99528,
      "AFTER_LON": 55.04938,
      "SOG": 0,
      "MOVINGTIME": 1800.0,
      "ARRIVALTIME": "20251202060509"
    },
    {
      "SEQ": 127,
      "BEFORE_NODE": 127.0,
      "AFTER_NODE": 128.0,
      "BEFORE_LAT": 24.99528,
      "BEFORE_LON": 55.04938,
      "AFTER_LAT": 24.99537,
      "AFTER_LON": 55.049308333333336,
      "SOG": 0,
      "MOVINGTIME": 1800.0,
      "ARRIVALTIME": "20251202063509"
    },
    {
      "SEQ": 128,
      "BEFORE_NODE": 128.0,
      "AFTER_NODE": 129.0,
      "BEFORE_LAT": 24.99537,
      "BEFORE_LON": 55.049308333333336,
      "AFTER_LAT": 24.995256666666666,
      "AFTER_LON": 55.04936166666667,
      "SOG": 0,
      "MOVINGTIME": 2160.0,
      "ARRIVALTIME": "20251202071109"
    },
    {
      "SEQ": 129,
      "BEFORE_NODE": 129.0,
      "AFTER_NODE": 130.0,
      "BEFORE_LAT": 24.995256666666666,
      "BEFORE_LON": 55.04936166666667,
      "AFTER_LAT": 24.995251666666668,
      "AFTER_LON": 55.04937666666667,
      "SOG": 0,
      "MOVINGTIME": 1080.0,
      "ARRIVALTIME": "20251202072909"
    },
    {
      "SEQ": 130,
      "BEFORE_NODE": 130.0,
      "AFTER_NODE": 131.0,
      "BEFORE_LAT": 24.995251666666668,
      "BEFORE_LON": 55.04937666666667,
      "AFTER_LAT": 24.995251666666668,
      "AFTER_LON": 55.04933666666667,
      "SOG": 0,
      "MOVINGTIME": 2160.0,
      "ARRIVALTIME": "20251202080509"
    },
    {
      "SEQ": 131,
      "BEFORE_NODE": 131.0,
      "AFTER_NODE": 132.0,
      "BEFORE_LAT": 24.995251666666668,
      "BEFORE_LON": 55.04933666666667,
      "AFTER_LAT": 24.995261666666668,
      "AFTER_LON": 55.049375,
      "SOG": 0,
      "MOVINGTIME": 1620.0,
      "ARRIVALTIME": "20251202083209"
    },
    {
      "SEQ": 132,
      "BEFORE_NODE": 132.0,
      "AFTER_NODE": 133.0,
      "BEFORE_LAT": 24.995261666666668,
      "BEFORE_LON": 55.049375,
      "AFTER_LAT": 24.995276666666665,
      "AFTER_LON": 55.049375,
      "SOG": 0,
      "MOVINGTIME": 2340.0,
      "ARRIVALTIME": "20251202091109"
    },
    {
      "SEQ": 133,
      "BEFORE_NODE": 133.0,
      "AFTER_NODE": 134.0,
      "BEFORE_LAT": 24.995276666666665,
      "BEFORE_LON": 55.049375,
      "AFTER_LAT": 24.993215,
      "AFTER_LON": 55.05193333333333,
      "SOG": 1.1,
      "MOVINGTIME": 1907.0,
      "ARRIVALTIME": "20251202094256"
    },
    {
      "SEQ": 134,
      "BEFORE_NODE": 134.0,
      "AFTER_NODE": 135.0,
      "BEFORE_LAT": 24.993215,
      "BEFORE_LON": 55.05193333333333,
      "AFTER_LAT": 25.04443,
      "AFTER_LON": 55.02357833333333,
      "SOG": 10.7,
      "MOVINGTIME": 1793.0,
      "ARRIVALTIME": "20251202101249"
    },
    {
      "SEQ": 135,
      "BEFORE_NODE": 135.0,
      "AFTER_NODE": 136.0,
      "BEFORE_LAT": 25.04443,
      "BEFORE_LON": 55.02357833333333,
      "AFTER_LAT": 25.10961,
      "AFTER_LON": 54.955511666666666,
      "SOG": 9.3,
      "MOVINGTIME": 1809.0,
      "ARRIVALTIME": "20251202104258"
    },
    {
      "SEQ": 136,
      "BEFORE_NODE": 136.0,
      "AFTER_NODE": 137.0,
      "BEFORE_LAT": 25.10961,
      "BEFORE_LON": 54.955511666666666,
      "AFTER_LAT": 25.176441666666665,
      "AFTER_LON": 54.90295666666667,
      "SOG": 10.2,
      "MOVINGTIME": 1799.0,
      "ARRIVALTIME": "20251202111257"
    },
    {
      "SEQ": 137,
      "BEFORE_NODE": 137.0,
      "AFTER_NODE": 138.0,
      "BEFORE_LAT": 25.176441666666665,
      "BEFORE_LON": 54.90295666666667,
      "AFTER_LAT": 25.25703,
      "AFTER_LON": 54.88459666666667,
      "SOG": 13.6,
      "MOVINGTIME": 1491.0,
      "ARRIVALTIME": "20251202113748"
    },
    {
      "SEQ": 138,
      "BEFORE_NODE": 138.0,
      "AFTER_NODE": 139.0,
      "BEFORE_LAT": 25.25703,
      "BEFORE_LON": 54.88459666666667,
      "AFTER_LAT": 25.398621666666667,
      "AFTER_LON": 54.94522666666667,
      "SOG": 16.5,
      "MOVINGTIME": 2103.0,
      "ARRIVALTIME": "20251202121251"
    },
    {
      "SEQ": 139,
      "BEFORE_NODE": 139.0,
      "AFTER_NODE": 140.0,
      "BEFORE_LAT": 25.398621666666667,
      "BEFORE_LON": 54.94522666666667,
      "AFTER_LAT": 25.522306666666665,
      "AFTER_LON": 55.01967833333333,
      "SOG": 17.6,
      "MOVINGTIME": 1807.0,
      "ARRIVALTIME": "20251202124258"
    },
    {
      "SEQ": 140,
      "BEFORE_NODE": 140.0,
      "AFTER_NODE": 141.0,
      "BEFORE_LAT": 25.522306666666665,
      "BEFORE_LON": 55.01967833333333,
      "AFTER_LAT": 25.600755,
      "AFTER_LON": 55.126035,
      "SOG": 18,
      "MOVINGTIME": 1499.0,
      "ARRIVALTIME": "20251202130757"
    },
    {
      "SEQ": 141,
      "BEFORE_NODE": 141.0,
      "AFTER_NODE": 142.0,
      "BEFORE_LAT": 25.600755,
      "BEFORE_LON": 55.126035,
      "AFTER_LAT": 25.70697,
      "AFTER_LON": 55.280026666666664,
      "SOG": 18.1,
      "MOVINGTIME": 2101.0,
      "ARRIVALTIME": "20251202134258"
    },
    {
      "SEQ": 142,
      "BEFORE_NODE": 142.0,
      "AFTER_NODE": 143.0,
      "BEFORE_LAT": 25.70697,
      "BEFORE_LON": 55.280026666666664,
      "AFTER_LAT": 25.805335,
      "AFTER_LON": 55.396345,
      "SOG": 17.9,
      "MOVINGTIME": 1799.0,
      "ARRIVALTIME": "20251202141257"
    },
    {
      "SEQ": 143,
      "BEFORE_NODE": 143.0,
      "AFTER_NODE": 144.0,
      "BEFORE_LAT": 25.805335,
      "BEFORE_LON": 55.396345,
      "AFTER_LAT": 25.885833333333334,
      "AFTER_LON": 55.49726833333333,
      "SOG": 17.6,
      "MOVINGTIME": 1501.0,
      "ARRIVALTIME": "20251202143758"
    },
    {
      "SEQ": 144,
      "BEFORE_NODE": 144.0,
      "AFTER_NODE": 145.0,
      "BEFORE_LAT": 25.885833333333334,
      "BEFORE_LON": 55.49726833333333,
      "AFTER_LAT": 26.005908333333334,
      "AFTER_LON": 55.63389166666666,
      "SOG": 18,
      "MOVINGTIME": 2100.0,
      "ARRIVALTIME": "20251202151258"
    },
    {
      "SEQ": 145,
      "BEFORE_NODE": 145.0,
      "AFTER_NODE": 146.0,
      "BEFORE_LAT": 26.005908333333334,
      "BEFORE_LON": 55.63389166666666,
      "AFTER_LAT": 26.104568333333333,
      "AFTER_LON": 55.756861666666666,
      "SOG": 17.4,
      "MOVINGTIME": 1800.0,
      "ARRIVALTIME": "20251202154258"
    },
    {
      "SEQ": 146,
      "BEFORE_NODE": 146.0,
      "AFTER_NODE": 147.0,
      "BEFORE_LAT": 26.104568333333333,
      "BEFORE_LON": 55.756861666666666,
      "AFTER_LAT": 26.21965,
      "AFTER_LON": 55.85321166666667,
      "SOG": 17.5,
      "MOVINGTIME": 1800.0,
      "ARRIVALTIME": "20251202161258"
    },
    {
      "SEQ": 147,
      "BEFORE_NODE": 147.0,
      "AFTER_NODE": 148.0,
      "BEFORE_LAT": 26.21965,
      "BEFORE_LON": 55.85321166666667,
      "AFTER_LAT": 26.31398,
      "AFTER_LON": 55.97259666666667,
      "SOG": 17.2,
      "MOVINGTIME": 1800.0,
      "ARRIVALTIME": "20251202164258"
    },
    {
      "SEQ": 148,
      "BEFORE_NODE": 148.0,
      "AFTER_NODE": 149.0,
      "BEFORE_LAT": 26.31398,
      "BEFORE_LON": 55.97259666666667,
      "AFTER_LAT": 26.391851666666668,
      "AFTER_LON": 56.07059,
      "SOG": 17.1,
      "MOVINGTIME": 1465.0,
      "ARRIVALTIME": "20251202170723"
    },
    {
      "SEQ": 149,
      "BEFORE_NODE": 149.0,
      "AFTER_NODE": 150.0,
      "BEFORE_LAT": 26.391851666666668,
      "BEFORE_LON": 56.07059,
      "AFTER_LAT": 26.479121666666668,
      "AFTER_LON": 56.16807,
      "SOG": 16.7,
      "MOVINGTIME": 1565.0,
      "ARRIVALTIME": "20251202173328"
    },
    {
      "SEQ": 150,
      "BEFORE_NODE": 150.0,
      "AFTER_NODE": 151.0,
      "BEFORE_LAT": 26.479121666666668,
      "BEFORE_LON": 56.16807,
      "AFTER_LAT": 26.50514,
      "AFTER_LON": 56.291286,
      "SOG": 16.7,
      "MOVINGTIME": 1832.0,
      "ARRIVALTIME": "20251202180400"
    },
    {
      "SEQ": 151,
      "BEFORE_NODE": 151.0,
      "AFTER_NODE": 152.0,
      "BEFORE_LAT": 26.50514,
      "BEFORE_LON": 56.291286,
      "AFTER_LAT": 26.548674,
      "AFTER_LON": 56.470486,
      "SOG": 17,
      "MOVINGTIME": 1860.0,
      "ARRIVALTIME": "20251202183500"
    },
    {
      "SEQ": 152,
      "BEFORE_NODE": 152.0,
      "AFTER_NODE": 153.0,
      "BEFORE_LAT": 26.548674,
      "BEFORE_LON": 56.470486,
      "AFTER_LAT": 26.51907,
      "AFTER_LON": 56.5718,
      "SOG": 16.7,
      "MOVINGTIME": 1680.0,
      "ARRIVALTIME": "20251202190300"
    },
    {
      "SEQ": 153,
      "BEFORE_NODE": 153.0,
      "AFTER_NODE": 154.0,
      "BEFORE_LAT": 26.51907,
      "BEFORE_LON": 56.5718,
      "AFTER_LAT": 26.39216,
      "AFTER_LON": 56.655205,
      "SOG": 17,
      "MOVINGTIME": 1860.0,
      "ARRIVALTIME": "20251202193400"
    },
    {
      "SEQ": 154,
      "BEFORE_NODE": 154.0,
      "AFTER_NODE": 155.0,
      "BEFORE_LAT": 26.39216,
      "BEFORE_LON": 56.655205,
      "AFTER_LAT": 26.265732,
      "AFTER_LON": 56.739868,
      "SOG": 17,
      "MOVINGTIME": 1620.0,
      "ARRIVALTIME": "20251202200100"
    },
    {
      "SEQ": 155,
      "BEFORE_NODE": 155.0,
      "AFTER_NODE": 156.0,
      "BEFORE_LAT": 26.265732,
      "BEFORE_LON": 56.739868,
      "AFTER_LAT": 26.118355,
      "AFTER_LON": 56.752834,
      "SOG": 17.1,
      "MOVINGTIME": 1980.0,
      "ARRIVALTIME": "20251202203400"
    },
    {
      "SEQ": 156,
      "BEFORE_NODE": 156.0,
      "AFTER_NODE": 157.0,
      "BEFORE_LAT": 26.118355,
      "BEFORE_LON": 56.752834,
      "AFTER_LAT": 25.994101,
      "AFTER_LON": 56.776966,
      "SOG": 17,
      "MOVINGTIME": 1740.0,
      "ARRIVALTIME": "20251202210300"
    },
    {
      "SEQ": 157,
      "BEFORE_NODE": 157.0,
      "AFTER_NODE": 158.0,
      "BEFORE_LAT": 25.994101,
      "BEFORE_LON": 56.776966,
      "AFTER_LAT": 25.863535,
      "AFTER_LON": 56.800426,
      "SOG": 17.1,
      "MOVINGTIME": 1920.0,
      "ARRIVALTIME": "20251202213500"
    },
    {
      "SEQ": 158,
      "BEFORE_NODE": 158.0,
      "AFTER_NODE": 159.0,
      "BEFORE_LAT": 25.863535,
      "BEFORE_LON": 56.800426,
      "AFTER_LAT": 25.725372,
      "AFTER_LON": 56.818733,
      "SOG": 17.2,
      "MOVINGTIME": 1500.0,
      "ARRIVALTIME": "20251202220000"
    },
    {
      "SEQ": 159,
      "BEFORE_NODE": 159.0,
      "AFTER_NODE": 160.0,
      "BEFORE_LAT": 25.725372,
      "BEFORE_LON": 56.818733,
      "AFTER_LAT": 25.552958,
      "AFTER_LON": 56.858372,
      "SOG": 15.8,
      "MOVINGTIME": 2100.0,
      "ARRIVALTIME": "20251202223500"
    },
    {
      "SEQ": 160,
      "BEFORE_NODE": 160.0,
      "AFTER_NODE": 161.0,
      "BEFORE_LAT": 25.552958,
      "BEFORE_LON": 56.858372,
      "AFTER_LAT": 25.490242,
      "AFTER_LON": 57.007092,
      "SOG": 16.7,
      "MOVINGTIME": 1740.0,
      "ARRIVALTIME": "20251202230400"
    },
    {
      "SEQ": 161,
      "BEFORE_NODE": 161.0,
      "AFTER_NODE": 162.0,
      "BEFORE_LAT": 25.490242,
      "BEFORE_LON": 57.007092,
      "AFTER_LAT": 25.460094,
      "AFTER_LON": 57.111034,
      "SOG": 16.7,
      "MOVINGTIME": 1860.0,
      "ARRIVALTIME": "20251202233500"
    },
    {
      "SEQ": 162,
      "BEFORE_NODE": 162.0,
      "AFTER_NODE": 163.0,
      "BEFORE_LAT": 25.460094,
      "BEFORE_LON": 57.111034,
      "AFTER_LAT": 25.413849,
      "AFTER_LON": 57.26992,
      "SOG": 16.8,
      "MOVINGTIME": 1740.0,
      "ARRIVALTIME": "20251203000400"
    },
    {
      "SEQ": 163,
      "BEFORE_NODE": 163.0,
      "AFTER_NODE": 164.0,
      "BEFORE_LAT": 25.413849,
      "BEFORE_LON": 57.26992,
      "AFTER_LAT": 25.313206,
      "AFTER_LON": 57.388447,
      "SOG": 17,
      "MOVINGTIME": 1740.0,
      "ARRIVALTIME": "20251203003300"
    },
    {
      "SEQ": 164,
      "BEFORE_NODE": 164.0,
      "AFTER_NODE": 165.0,
      "BEFORE_LAT": 25.313206,
      "BEFORE_LON": 57.388447,
      "AFTER_LAT": 25.208193,
      "AFTER_LON": 57.427635,
      "SOG": 17,
      "MOVINGTIME": 2040.0,
      "ARRIVALTIME": "20251203010700"
    },
    {
      "SEQ": 165,
      "BEFORE_NODE": 165.0,
      "AFTER_NODE": 166.0,
      "BEFORE_LAT": 25.208193,
      "BEFORE_LON": 57.427635,
      "AFTER_LAT": 25.098276,
      "AFTER_LON": 57.546219,
      "SOG": 17.5,
      "MOVINGTIME": 1860.0,
      "ARRIVALTIME": "20251203013800"
    },
    {
      "SEQ": 166,
      "BEFORE_NODE": 166.0,
      "AFTER_NODE": 167.0,
      "BEFORE_LAT": 25.098276,
      "BEFORE_LON": 57.546219,
      "AFTER_LAT": 24.977049,
      "AFTER_LON": 57.647968,
      "SOG": 17,
      "MOVINGTIME": 1680.0,
      "ARRIVALTIME": "20251203020600"
    },
    {
      "SEQ": 167,
      "BEFORE_NODE": 167.0,
      "AFTER_NODE": 168.0,
      "BEFORE_LAT": 24.977049,
      "BEFORE_LON": 57.647968,
      "AFTER_LAT": 24.853062,
      "AFTER_LON": 57.737293,
      "SOG": 17.3,
      "MOVINGTIME": 1980.0,
      "ARRIVALTIME": "20251203023900"
    },
    {
      "SEQ": 168,
      "BEFORE_NODE": 168.0,
      "AFTER_NODE": 169.0,
      "BEFORE_LAT": 24.853062,
      "BEFORE_LON": 57.737293,
      "AFTER_LAT": 24.77314,
      "AFTER_LON": 57.875713,
      "SOG": 17.5,
      "MOVINGTIME": 1680.0,
      "ARRIVALTIME": "20251203030700"
    },
    {
      "SEQ": 169,
      "BEFORE_NODE": 169.0,
      "AFTER_NODE": 170.0,
      "BEFORE_LAT": 24.77314,
      "BEFORE_LON": 57.875713,
      "AFTER_LAT": 24.694574,
      "AFTER_LON": 57.998878,
      "SOG": 17.5,
      "MOVINGTIME": 1620.0,
      "ARRIVALTIME": "20251203033400"
    },
    {
      "SEQ": 170,
      "BEFORE_NODE": 170.0,
      "AFTER_NODE": 171.0,
      "BEFORE_LAT": 24.694574,
      "BEFORE_LON": 57.998878,
      "AFTER_LAT": 24.547714,
      "AFTER_LON": 58.25692,
      "SOG": 17.7,
      "MOVINGTIME": 3540.0,
      "ARRIVALTIME": "20251203043300"
    },
    {
      "SEQ": 171,
      "BEFORE_NODE": 171.0,
      "AFTER_NODE": 172.0,
      "BEFORE_LAT": 24.547714,
      "BEFORE_LON": 58.25692,
      "AFTER_LAT": 24.476637,
      "AFTER_LON": 58.411221,
      "SOG": 17.5,
      "MOVINGTIME": 1860.0,
      "ARRIVALTIME": "20251203050400"
    },
    {
      "SEQ": 172,
      "BEFORE_NODE": 172.0,
      "AFTER_NODE": 173.0,
      "BEFORE_LAT": 24.476637,
      "BEFORE_LON": 58.411221,
      "AFTER_LAT": 24.442169,
      "AFTER_LON": 58.569912,
      "SOG": 17.5,
      "MOVINGTIME": 1860.0,
      "ARRIVALTIME": "20251203053500"
    },
    {
      "SEQ": 173,
      "BEFORE_NODE": 173.0,
      "AFTER_NODE": 174.0,
      "BEFORE_LAT": 24.442169,
      "BEFORE_LON": 58.569912,
      "AFTER_LAT": 24.428833,
      "AFTER_LON": 58.67662,
      "SOG": 17.7,
      "MOVINGTIME": 1920.0,
      "ARRIVALTIME": "20251203060700"
    },
    {
      "SEQ": 174,
      "BEFORE_NODE": 174.0,
      "AFTER_NODE": 175.0,
      "BEFORE_LAT": 24.428833,
      "BEFORE_LON": 58.67662,
      "AFTER_LAT": 24.384336,
      "AFTER_LON": 58.842079,
      "SOG": 17.7,
      "MOVINGTIME": 1680.0,
      "ARRIVALTIME": "20251203063500"
    },
    {
      "SEQ": 175,
      "BEFORE_NODE": 175.0,
      "AFTER_NODE": 176.0,
      "BEFORE_LAT": 24.384336,
      "BEFORE_LON": 58.842079,
      "AFTER_LAT": 24.332438,
      "AFTER_LON": 59.019905,
      "SOG": 17.7,
      "MOVINGTIME": 1560.0,
      "ARRIVALTIME": "20251203070100"
    },
    {
      "SEQ": 176,
      "BEFORE_NODE": 176.0,
      "AFTER_NODE": 177.0,
      "BEFORE_LAT": 24.332438,
      "BEFORE_LON": 59.019905,
      "AFTER_LAT": 24.307158,
      "AFTER_LON": 59.15308,
      "SOG": 17.8,
      "MOVINGTIME": 1740.0,
      "ARRIVALTIME": "20251203073000"
    },
    {
      "SEQ": 177,
      "BEFORE_NODE": 177.0,
      "AFTER_NODE": 178.0,
      "BEFORE_LAT": 24.307158,
      "BEFORE_LON": 59.15308,
      "AFTER_LAT": 24.3162,
      "AFTER_LON": 59.305485,
      "SOG": 17.8,
      "MOVINGTIME": 1740.0,
      "ARRIVALTIME": "20251203075900"
    },
    {
      "SEQ": 178,
      "BEFORE_NODE": 178.0,
      "AFTER_NODE": 179.0,
      "BEFORE_LAT": 24.3162,
      "BEFORE_LON": 59.305485,
      "AFTER_LAT": 24.330206,
      "AFTER_LON": 59.491875,
      "SOG": 17.7,
      "MOVINGTIME": 1980.0,
      "ARRIVALTIME": "20251203083200"
    },
    {
      "SEQ": 179,
      "BEFORE_NODE": 179.0,
      "AFTER_NODE": 180.0,
      "BEFORE_LAT": 24.330206,
      "BEFORE_LON": 59.491875,
      "AFTER_LAT": 24.345228,
      "AFTER_LON": 59.673538,
      "SOG": 17.7,
      "MOVINGTIME": 1860.0,
      "ARRIVALTIME": "20251203090300"
    },
    {
      "SEQ": 180,
      "BEFORE_NODE": 180.0,
      "AFTER_NODE": 181.0,
      "BEFORE_LAT": 24.345228,
      "BEFORE_LON": 59.673538,
      "AFTER_LAT": 24.35729,
      "AFTER_LON": 59.84156,
      "SOG": 17.3,
      "MOVINGTIME": 1860.0,
      "ARRIVALTIME": "20251203093400"
    },
    {
      "SEQ": 181,
      "BEFORE_NODE": 181.0,
      "AFTER_NODE": 182.0,
      "BEFORE_LAT": 24.35729,
      "BEFORE_LON": 59.84156,
      "AFTER_LAT": 24.363239,
      "AFTER_LON": 59.945095,
      "SOG": 17.2,
      "MOVINGTIME": 1740.0,
      "ARRIVALTIME": "20251203100300"
    },
    {
      "SEQ": 182,
      "BEFORE_NODE": 182.0,
      "AFTER_NODE": 183.0,
      "BEFORE_LAT": 24.363239,
      "BEFORE_LON": 59.945095,
      "AFTER_LAT": 24.373512,
      "AFTER_LON": 60.1012,
      "SOG": 17.6,
      "MOVINGTIME": 1680.0,
      "ARRIVALTIME": "20251203103100"
    },
    {
      "SEQ": 183,
      "BEFORE_NODE": 183.0,
      "AFTER_NODE": 184.0,
      "BEFORE_LAT": 24.373512,
      "BEFORE_LON": 60.1012,
      "AFTER_LAT": 24.385784,
      "AFTER_LON": 60.250359,
      "SOG": 17.5,
      "MOVINGTIME": 1500.0,
      "ARRIVALTIME": "20251203105600"
    },
    {
      "SEQ": 184,
      "BEFORE_NODE": 184.0,
      "AFTER_NODE": 185.0,
      "BEFORE_LAT": 24.385784,
      "BEFORE_LON": 60.250359,
      "AFTER_LAT": 24.400141,
      "AFTER_LON": 60.418571,
      "SOG": 17.3,
      "MOVINGTIME": 1860.0,
      "ARRIVALTIME": "20251203112700"
    },
    {
      "SEQ": 185,
      "BEFORE_NODE": 185.0,
      "AFTER_NODE": 186.0,
      "BEFORE_LAT": 24.400141,
      "BEFORE_LON": 60.418571,
      "AFTER_LAT": 24.411966,
      "AFTER_LON": 60.600948,
      "SOG": 17.5,
      "MOVINGTIME": 1980.0,
      "ARRIVALTIME": "20251203120000"
    },
    {
      "SEQ": 186,
      "BEFORE_NODE": 186.0,
      "AFTER_NODE": 187.0,
      "BEFORE_LAT": 24.411966,
      "BEFORE_LON": 60.600948,
      "AFTER_LAT": 24.402683,
      "AFTER_LON": 61.192425,
      "SOG": 16.2,
      "MOVINGTIME": 7140.0,
      "ARRIVALTIME": "20251203135900"
    },
    {
      "SEQ": 187,
      "BEFORE_NODE": 187.0,
      "AFTER_NODE": 188.0,
      "BEFORE_LAT": 24.402683,
      "BEFORE_LON": 61.192425,
      "AFTER_LAT": 23.45319,
      "AFTER_LON": 66.048843,
      "SOG": 15.3,
      "MOVINGTIME": 59100.0,
      "ARRIVALTIME": "20251204062400"
    },
    {
      "SEQ": 188,
      "BEFORE_NODE": 188.0,
      "AFTER_NODE": 189.0,
      "BEFORE_LAT": 23.45319,
      "BEFORE_LON": 66.048843,
      "AFTER_LAT": 23.41313,
      "AFTER_LON": 66.222672,
      "SOG": 14.6,
      "MOVINGTIME": 2340.0,
      "ARRIVALTIME": "20251204070300"
    },
    {
      "SEQ": 189,
      "BEFORE_NODE": 189.0,
      "AFTER_NODE": 190.0,
      "BEFORE_LAT": 23.41313,
      "BEFORE_LON": 66.222672,
      "AFTER_LAT": 23.391735,
      "AFTER_LON": 66.30706,
      "SOG": 14.6,
      "MOVINGTIME": 1680.0,
      "ARRIVALTIME": "20251204073100"
    },
    {
      "SEQ": 190,
      "BEFORE_NODE": 190.0,
      "AFTER_NODE": 191.0,
      "BEFORE_LAT": 23.391735,
      "BEFORE_LON": 66.30706,
      "AFTER_LAT": 23.361885,
      "AFTER_LON": 66.436539,
      "SOG": 14.6,
      "MOVINGTIME": 1740.0,
      "ARRIVALTIME": "20251204080000"
    },
    {
      "SEQ": 191,
      "BEFORE_NODE": 191.0,
      "AFTER_NODE": 192.0,
      "BEFORE_LAT": 23.361885,
      "BEFORE_LON": 66.436539,
      "AFTER_LAT": 23.329142,
      "AFTER_LON": 66.585381,
      "SOG": 14.1,
      "MOVINGTIME": 1980.0,
      "ARRIVALTIME": "20251204083300"
    },
    {
      "SEQ": 192,
      "BEFORE_NODE": 192.0,
      "AFTER_NODE": 193.0,
      "BEFORE_LAT": 23.329142,
      "BEFORE_LON": 66.585381,
      "AFTER_LAT": 23.307976,
      "AFTER_LON": 66.686417,
      "SOG": 9.6,
      "MOVINGTIME": 1800.0,
      "ARRIVALTIME": "20251204090300"
    },
    {
      "SEQ": 193,
      "BEFORE_NODE": 193.0,
      "AFTER_NODE": 194.0,
      "BEFORE_LAT": 23.307976,
      "BEFORE_LON": 66.686417,
      "AFTER_LAT": 23.2878,
      "AFTER_LON": 66.771439,
      "SOG": 9.6,
      "MOVINGTIME": 1680.0,
      "ARRIVALTIME": "20251204093100"
    },
    {
      "SEQ": 194,
      "BEFORE_NODE": 194.0,
      "AFTER_NODE": 195.0,
      "BEFORE_LAT": 23.2878,
      "BEFORE_LON": 66.771439,
      "AFTER_LAT": 23.267376,
      "AFTER_LON": 66.857079,
      "SOG": 9.8,
      "MOVINGTIME": 1680.0,
      "ARRIVALTIME": "20251204095900"
    },
    {
      "SEQ": 195,
      "BEFORE_NODE": 195.0,
      "AFTER_NODE": 196.0,
      "BEFORE_LAT": 23.267376,
      "BEFORE_LON": 66.857079,
      "AFTER_LAT": 23.249331,
      "AFTER_LON": 66.945473,
      "SOG": 10,
      "MOVINGTIME": 1800.0,
      "ARRIVALTIME": "20251204102900"
    },
    {
      "SEQ": 196,
      "BEFORE_NODE": 196.0,
      "AFTER_NODE": 197.0,
      "BEFORE_LAT": 23.249331,
      "BEFORE_LON": 66.945473,
      "AFTER_LAT": 23.230749,
      "AFTER_LON": 67.034843,
      "SOG": 10.3,
      "MOVINGTIME": 1800.0,
      "ARRIVALTIME": "20251204105900"
    },
    {
      "SEQ": 197,
      "BEFORE_NODE": 197.0,
      "AFTER_NODE": 198.0,
      "BEFORE_LAT": 23.230749,
      "BEFORE_LON": 67.034843,
      "AFTER_LAT": 23.213596,
      "AFTER_LON": 67.10627,
      "SOG": 9.1,
      "MOVINGTIME": 2040.0,
      "ARRIVALTIME": "20251204113300"
    },
    {
      "SEQ": 198,
      "BEFORE_NODE": 198.0,
      "AFTER_NODE": 199.0,
      "BEFORE_LAT": 23.213596,
      "BEFORE_LON": 67.10627,
      "AFTER_LAT": 23.189466,
      "AFTER_LON": 67.214264,
      "SOG": 9.1,
      "MOVINGTIME": 1740.0,
      "ARRIVALTIME": "20251204120200"
    },
    {
      "SEQ": 199,
      "BEFORE_NODE": 199.0,
      "AFTER_NODE": 200.0,
      "BEFORE_LAT": 23.189466,
      "BEFORE_LON": 67.214264,
      "AFTER_LAT": 23.183746,
      "AFTER_LON": 67.242332,
      "SOG": 9.1,
      "MOVINGTIME": 1140.0,
      "ARRIVALTIME": "20251204122100"
    },
    {
      "SEQ": 200,
      "BEFORE_NODE": 200.0,
      "AFTER_NODE": 201.0,
      "BEFORE_LAT": 23.183746,
      "BEFORE_LON": 67.242332,
      "AFTER_LAT": 23.133228,
      "AFTER_LON": 67.456039,
      "SOG": 11.1,
      "MOVINGTIME": 4080.0,
      "ARRIVALTIME": "20251204132900"
    },
    {
      "SEQ": 201,
      "BEFORE_NODE": 201.0,
      "AFTER_NODE": 202.0,
      "BEFORE_LAT": 23.133228,
      "BEFORE_LON": 67.456039,
      "AFTER_LAT": 23.108414,
      "AFTER_LON": 67.553993,
      "SOG": 11.3,
      "MOVINGTIME": 1740.0,
      "ARRIVALTIME": "20251204135800"
    },
    {
      "SEQ": 202,
      "BEFORE_NODE": 202.0,
      "AFTER_NODE": 203.0,
      "BEFORE_LAT": 23.108414,
      "BEFORE_LON": 67.553993,
      "AFTER_LAT": 23.077169,
      "AFTER_LON": 67.671989,
      "SOG": 11.6,
      "MOVINGTIME": 2040.0,
      "ARRIVALTIME": "20251204143200"
    },
    {
      "SEQ": 203,
      "BEFORE_NODE": 203.0,
      "AFTER_NODE": 204.0,
      "BEFORE_LAT": 23.077169,
      "BEFORE_LON": 67.671989,
      "AFTER_LAT": 23.068054,
      "AFTER_LON": 67.705788,
      "SOG": 11.6,
      "MOVINGTIME": 1560.0,
      "ARRIVALTIME": "20251204145800"
    },
    {
      "SEQ": 204,
      "BEFORE_NODE": 204.0,
      "AFTER_NODE": 205.0,
      "BEFORE_LAT": 23.068054,
      "BEFORE_LON": 67.705788,
      "AFTER_LAT": 23.04221,
      "AFTER_LON": 67.845879,
      "SOG": 11.8,
      "MOVINGTIME": 1740.0,
      "ARRIVALTIME": "20251204152700"
    },
    {
      "SEQ": 205,
      "BEFORE_NODE": 205.0,
      "AFTER_NODE": 206.0,
      "BEFORE_LAT": 23.04221,
      "BEFORE_LON": 67.845879,
      "AFTER_LAT": 23.005939,
      "AFTER_LON": 67.962784,
      "SOG": 11.6,
      "MOVINGTIME": 1860.0,
      "ARRIVALTIME": "20251204155800"
    },
    {
      "SEQ": 206,
      "BEFORE_NODE": 206.0,
      "AFTER_NODE": 207.0,
      "BEFORE_LAT": 23.005939,
      "BEFORE_LON": 67.962784,
      "AFTER_LAT": 22.983629,
      "AFTER_LON": 68.047531,
      "SOG": 11.6,
      "MOVINGTIME": 1860.0,
      "ARRIVALTIME": "20251204162900"
    },
    {
      "SEQ": 207,
      "BEFORE_NODE": 207.0,
      "AFTER_NODE": 208.0,
      "BEFORE_LAT": 22.983629,
      "BEFORE_LON": 68.047531,
      "AFTER_LAT": 22.956076,
      "AFTER_LON": 68.170151,
      "SOG": 12.1,
      "MOVINGTIME": 1800.0,
      "ARRIVALTIME": "20251204165900"
    },
    {
      "SEQ": 208,
      "BEFORE_NODE": 208.0,
      "AFTER_NODE": 209.0,
      "BEFORE_LAT": 22.956076,
      "BEFORE_LON": 68.170151,
      "AFTER_LAT": 22.929903,
      "AFTER_LON": 68.295959,
      "SOG": 12.3,
      "MOVINGTIME": 2040.0,
      "ARRIVALTIME": "20251204173300"
    },
    {
      "SEQ": 209,
      "BEFORE_NODE": 209.0,
      "AFTER_NODE": 210.0,
      "BEFORE_LAT": 22.929903,
      "BEFORE_LON": 68.295959,
      "AFTER_LAT": 22.915443,
      "AFTER_LON": 68.368469,
      "SOG": 12.3,
      "MOVINGTIME": 1620.0,
      "ARRIVALTIME": "20251204180000"
    },
    {
      "SEQ": 210,
      "BEFORE_NODE": 210.0,
      "AFTER_NODE": 211.0,
      "BEFORE_LAT": 22.915443,
      "BEFORE_LON": 68.368469,
      "AFTER_LAT": 22.895157,
      "AFTER_LON": 68.459755,
      "SOG": 12.6,
      "MOVINGTIME": 1620.0,
      "ARRIVALTIME": "20251204182700"
    },
    {
      "SEQ": 211,
      "BEFORE_NODE": 211.0,
      "AFTER_NODE": 212.0,
      "BEFORE_LAT": 22.895157,
      "BEFORE_LON": 68.459755,
      "AFTER_LAT": 22.867748,
      "AFTER_LON": 68.574738,
      "SOG": 7.5,
      "MOVINGTIME": 2040.0,
      "ARRIVALTIME": "20251204190100"
    },
    {
      "SEQ": 212,
      "BEFORE_NODE": 212.0,
      "AFTER_NODE": 213.0,
      "BEFORE_LAT": 22.867748,
      "BEFORE_LON": 68.574738,
      "AFTER_LAT": 22.856743,
      "AFTER_LON": 68.617722,
      "SOG": 7.3,
      "MOVINGTIME": 1620.0,
      "ARRIVALTIME": "20251204192800"
    },
    {
      "SEQ": 213,
      "BEFORE_NODE": 213.0,
      "AFTER_NODE": 214.0,
      "BEFORE_LAT": 22.856743,
      "BEFORE_LON": 68.617722,
      "AFTER_LAT": 22.841114,
      "AFTER_LON": 68.701775,
      "SOG": 6.6,
      "MOVINGTIME": 1980.0,
      "ARRIVALTIME": "20251204200100"
    },
    {
      "SEQ": 214,
      "BEFORE_NODE": 214.0,
      "AFTER_NODE": 215.0,
      "BEFORE_LAT": 22.841114,
      "BEFORE_LON": 68.701775,
      "AFTER_LAT": 22.816603,
      "AFTER_LON": 68.765656,
      "SOG": 6.5,
      "MOVINGTIME": 1860.0,
      "ARRIVALTIME": "20251204203200"
    },
    {
      "SEQ": 215,
      "BEFORE_NODE": 215.0,
      "AFTER_NODE": 216.0,
      "BEFORE_LAT": 22.816603,
      "BEFORE_LON": 68.765656,
      "AFTER_LAT": 22.806427,
      "AFTER_LON": 68.781891,
      "SOG": 6.5,
      "MOVINGTIME": 1200.0,
      "ARRIVALTIME": "20251204205200"
    },
    {
      "SEQ": 216,
      "BEFORE_NODE": 216.0,
      "AFTER_NODE": 217.0,
      "BEFORE_LAT": 22.806427,
      "BEFORE_LON": 68.781891,
      "AFTER_LAT": 22.775126,
      "AFTER_LON": 68.84153,
      "SOG": 5.1,
      "MOVINGTIME": 1980.0,
      "ARRIVALTIME": "20251204212500"
    },
    {
      "SEQ": 217,
      "BEFORE_NODE": 217.0,
      "AFTER_NODE": 218.0,
      "BEFORE_LAT": 22.775126,
      "BEFORE_LON": 68.84153,
      "AFTER_LAT": 22.750547,
      "AFTER_LON": 68.88414,
      "SOG": 4.8,
      "MOVINGTIME": 2400.0,
      "ARRIVALTIME": "20251204220500"
    },
    {
      "SEQ": 218,
      "BEFORE_NODE": 218.0,
      "AFTER_NODE": 219.0,
      "BEFORE_LAT": 22.750547,
      "BEFORE_LON": 68.88414,
      "AFTER_LAT": 22.740583,
      "AFTER_LON": 68.931587,
      "SOG": 7,
      "MOVINGTIME": 2040.0,
      "ARRIVALTIME": "20251204223900"
    },
    {
      "SEQ": 219,
      "BEFORE_NODE": 219.0,
      "AFTER_NODE": 220.0,
      "BEFORE_LAT": 22.740583,
      "BEFORE_LON": 68.931587,
      "AFTER_LAT": 22.689516,
      "AFTER_LON": 69.011917,
      "SOG": 8.1,
      "MOVINGTIME": 1800.0,
      "ARRIVALTIME": "20251204230900"
    },
    {
      "SEQ": 220,
      "BEFORE_NODE": 220.0,
      "AFTER_NODE": 221.0,
      "BEFORE_LAT": 22.689516,
      "BEFORE_LON": 69.011917,
      "AFTER_LAT": 22.660538,
      "AFTER_LON": 69.070503,
      "SOG": 8.5,
      "MOVINGTIME": 1620.0,
      "ARRIVALTIME": "20251204233600"
    },
    {
      "SEQ": 221,
      "BEFORE_NODE": 221.0,
      "AFTER_NODE": 222.0,
      "BEFORE_LAT": 22.660538,
      "BEFORE_LON": 69.070503,
      "AFTER_LAT": 22.642439,
      "AFTER_LON": 69.124619,
      "SOG": 8.6,
      "MOVINGTIME": 1680.0,
      "ARRIVALTIME": "20251205000400"
    },
    {
      "SEQ": 222,
      "BEFORE_NODE": 222.0,
      "AFTER_NODE": 223.0,
      "BEFORE_LAT": 22.642439,
      "BEFORE_LON": 69.124619,
      "AFTER_LAT": 22.621939,
      "AFTER_LON": 69.186363,
      "SOG": 8.6,
      "MOVINGTIME": 1740.0,
      "ARRIVALTIME": "20251205003300"
    },
    {
      "SEQ": 223,
      "BEFORE_NODE": 223.0,
      "AFTER_NODE": 224.0,
      "BEFORE_LAT": 22.621939,
      "BEFORE_LON": 69.186363,
      "AFTER_LAT": 22.582529,
      "AFTER_LON": 69.274628,
      "SOG": 9.3,
      "MOVINGTIME": 1740.0,
      "ARRIVALTIME": "20251205010200"
    },
    {
      "SEQ": 224,
      "BEFORE_NODE": 224.0,
      "AFTER_NODE": 225.0,
      "BEFORE_LAT": 22.582529,
      "BEFORE_LON": 69.274628,
      "AFTER_LAT": 22.595528,
      "AFTER_LON": 69.369011,
      "SOG": 9.3,
      "MOVINGTIME": 2059.0,
      "ARRIVALTIME": "20251205013619"
    },
    {
      "SEQ": 225,
      "BEFORE_NODE": 225.0,
      "AFTER_NODE": 226.0,
      "BEFORE_LAT": 22.595528,
      "BEFORE_LON": 69.369011,
      "AFTER_LAT": 22.614687,
      "AFTER_LON": 69.42244,
      "SOG": 9.6,
      "MOVINGTIME": 1661.0,
      "ARRIVALTIME": "20251205020400"
    },
    {
      "SEQ": 226,
      "BEFORE_NODE": 226.0,
      "AFTER_NODE": 227.0,
      "BEFORE_LAT": 22.614687,
      "BEFORE_LON": 69.42244,
      "AFTER_LAT": 22.627367,
      "AFTER_LON": 69.515244,
      "SOG": 5.4,
      "MOVINGTIME": 2100.0,
      "ARRIVALTIME": "20251205023900"
    },
    {
      "SEQ": 227,
      "BEFORE_NODE": 227.0,
      "AFTER_NODE": 228.0,
      "BEFORE_LAT": 22.627367,
      "BEFORE_LON": 69.515244,
      "AFTER_LAT": 22.618549,
      "AFTER_LON": 69.560806,
      "SOG": 5.1,
      "MOVINGTIME": 1620.0,
      "ARRIVALTIME": "20251205030600"
    },
    {
      "SEQ": 228,
      "BEFORE_NODE": 228.0,
      "AFTER_NODE": 229.0,
      "BEFORE_LAT": 22.618549,
      "BEFORE_LON": 69.560806,
      "AFTER_LAT": 22.607342,
      "AFTER_LON": 69.594833,
      "SOG": 4.9,
      "MOVINGTIME": 1740.0,
      "ARRIVALTIME": "20251205033500"
    },
    {
      "SEQ": 229,
      "BEFORE_NODE": 229.0,
      "AFTER_NODE": 230.0,
      "BEFORE_LAT": 22.607342,
      "BEFORE_LON": 69.594833,
      "AFTER_LAT": 22.606131,
      "AFTER_LON": 69.634903,
      "SOG": 4.1,
      "MOVINGTIME": 1680.0,
      "ARRIVALTIME": "20251205040300"
    },
    {
      "SEQ": 230,
      "BEFORE_NODE": 230.0,
      "AFTER_NODE": 231.0,
      "BEFORE_LAT": 22.606131,
      "BEFORE_LON": 69.634903,
      "AFTER_LAT": 22.632576,
      "AFTER_LON": 69.666649,
      "SOG": 2.7,
      "MOVINGTIME": 1860.0,
      "ARRIVALTIME": "20251205043400"
    },
    {
      "SEQ": 231,
      "BEFORE_NODE": 231.0,
      "AFTER_NODE": 232.0,
      "BEFORE_LAT": 22.632576,
      "BEFORE_LON": 69.666649,
      "AFTER_LAT": 22.631065,
      "AFTER_LON": 69.67823,
      "SOG": 0.8,
      "MOVINGTIME": 1980.0,
      "ARRIVALTIME": "20251205050700"
    },
    {
      "SEQ": 232,
      "BEFORE_NODE": 232.0,
      "AFTER_NODE": 233.0,
      "BEFORE_LAT": 22.631065,
      "BEFORE_LON": 69.67823,
      "AFTER_LAT": 22.630301,
      "AFTER_LON": 69.683784,
      "SOG": 0.6,
      "MOVINGTIME": 1620.0,
      "ARRIVALTIME": "20251205053400"
    },
    {
      "SEQ": 233,
      "BEFORE_NODE": 233.0,
      "AFTER_NODE": 234.0,
      "BEFORE_LAT": 22.630301,
      "BEFORE_LON": 69.683784,
      "AFTER_LAT": 22.631359,
      "AFTER_LON": 69.690002,
      "SOG": 0.6,
      "MOVINGTIME": 1560.0,
      "ARRIVALTIME": "20251205060000"
    },
    {
      "SEQ": 234,
      "BEFORE_NODE": 234.0,
      "AFTER_NODE": 235.0,
      "BEFORE_LAT": 22.631359,
      "BEFORE_LON": 69.690002,
      "AFTER_LAT": 22.632648,
      "AFTER_LON": 69.697388,
      "SOG": 0.6,
      "MOVINGTIME": 1920.0,
      "ARRIVALTIME": "20251205063200"
    },
    {
      "SEQ": 235,
      "BEFORE_NODE": 235.0,
      "AFTER_NODE": 236.0,
      "BEFORE_LAT": 22.632648,
      "BEFORE_LON": 69.697388,
      "AFTER_LAT": 22.632357,
      "AFTER_LON": 69.702934,
      "SOG": 0.5,
      "MOVINGTIME": 1800.0,
      "ARRIVALTIME": "20251205070200"
    },
    {
      "SEQ": 236,
      "BEFORE_NODE": 236.0,
      "AFTER_NODE": 237.0,
      "BEFORE_LAT": 22.632357,
      "BEFORE_LON": 69.702934,
      "AFTER_LAT": 22.631147,
      "AFTER_LON": 69.70565,
      "SOG": 0.3,
      "MOVINGTIME": 1620.0,
      "ARRIVALTIME": "20251205072900"
    },
    {
      "SEQ": 237,
      "BEFORE_NODE": 237.0,
      "AFTER_NODE": 238.0,
      "BEFORE_LAT": 22.631147,
      "BEFORE_LON": 69.70565,
      "AFTER_LAT": 22.631584,
      "AFTER_LON": 69.688927,
      "SOG": 4.4,
      "MOVINGTIME": 1920.0,
      "ARRIVALTIME": "20251205080100"
    },
    {
      "SEQ": 238,
      "BEFORE_NODE": 238.0,
      "AFTER_NODE": 239.0,
      "BEFORE_LAT": 22.631584,
      "BEFORE_LON": 69.688927,
      "AFTER_LAT": 22.661381,
      "AFTER_LON": 69.681625,
      "SOG": 5.5,
      "MOVINGTIME": 1980.0,
      "ARRIVALTIME": "20251205083400"
    },
    {
      "SEQ": 239,
      "BEFORE_NODE": 239.0,
      "AFTER_NODE": 240.0,
      "BEFORE_LAT": 22.661381,
      "BEFORE_LON": 69.681625,
      "AFTER_LAT": 22.735174,
      "AFTER_LON": 69.724121,
      "SOG": 5.5,
      "MOVINGTIME": 3840.0,
      "ARRIVALTIME": "20251205093800"
    },
    {
      "SEQ": 240,
      "BEFORE_NODE": 240.0,
      "AFTER_NODE": 241.0,
      "BEFORE_LAT": 22.735174,
      "BEFORE_LON": 69.724121,
      "AFTER_LAT": 22.742105,
      "AFTER_LON": 69.714798,
      "SOG": 0.1,
      "MOVINGTIME": 1800.0,
      "ARRIVALTIME": "20251205100800"
    },
    {
      "SEQ": 241,
      "BEFORE_NODE": 241.0,
      "AFTER_NODE": 242.0,
      "BEFORE_LAT": 22.742105,
      "BEFORE_LON": 69.714798,
      "AFTER_LAT": 22.742058,
      "AFTER_LON": 69.714828,
      "SOG": 0,
      "MOVINGTIME": 1320.0,
      "ARRIVALTIME": "20251205103000"
    },
    {
      "SEQ": 242,
      "BEFORE_NODE": 242.0,
      "AFTER_NODE": 243.0,
      "BEFORE_LAT": 22.742058,
      "BEFORE_LON": 69.714828,
      "AFTER_LAT": 22.742085,
      "AFTER_LON": 69.714844,
      "SOG": 0,
      "MOVINGTIME": 1800.0,
      "ARRIVALTIME": "20251205110000"
    },
    {
      "SEQ": 243,
      "BEFORE_NODE": 243.0,
      "AFTER_NODE": 244.0,
      "BEFORE_LAT": 22.742085,
      "BEFORE_LON": 69.714844,
      "AFTER_LAT": 22.742149,
      "AFTER_LON": 69.71489,
      "SOG": 0,
      "MOVINGTIME": 1620.0,
      "ARRIVALTIME": "20251205112700"
    },
    {
      "SEQ": 244,
      "BEFORE_NODE": 244.0,
      "AFTER_NODE": 245.0,
      "BEFORE_LAT": 22.742149,
      "BEFORE_LON": 69.71489,
      "AFTER_LAT": 22.742065,
      "AFTER_LON": 69.714867,
      "SOG": 0,
      "MOVINGTIME": 1860.0,
      "ARRIVALTIME": "20251205115800"
    },
    {
      "SEQ": 245,
      "BEFORE_NODE": 245.0,
      "AFTER_NODE": 246.0,
      "BEFORE_LAT": 22.742065,
      "BEFORE_LON": 69.714867,
      "AFTER_LAT": 22.742109,
      "AFTER_LON": 69.714844,
      "SOG": 0,
      "MOVINGTIME": 1980.0,
      "ARRIVALTIME": "20251205123100"
    },
    {
      "SEQ": 246,
      "BEFORE_NODE": 246.0,
      "AFTER_NODE": 247.0,
      "BEFORE_LAT": 22.742109,
      "BEFORE_LON": 69.714844,
      "AFTER_LAT": 22.742085,
      "AFTER_LON": 69.714874,
      "SOG": 0,
      "MOVINGTIME": 1620.0,
      "ARRIVALTIME": "20251205125800"
    },
    {
      "SEQ": 247,
      "BEFORE_NODE": 247.0,
      "AFTER_NODE": 248.0,
      "BEFORE_LAT": 22.742085,
      "BEFORE_LON": 69.714874,
      "AFTER_LAT": 22.742107,
      "AFTER_LON": 69.714821,
      "SOG": 0,
      "MOVINGTIME": 1740.0,
      "ARRIVALTIME": "20251205132700"
    },
    {
      "SEQ": 248,
      "BEFORE_NODE": 248.0,
      "AFTER_NODE": 249.0,
      "BEFORE_LAT": 22.742107,
      "BEFORE_LON": 69.714821,
      "AFTER_LAT": 22.742123,
      "AFTER_LON": 69.71479,
      "SOG": 0,
      "MOVINGTIME": 2040.0,
      "ARRIVALTIME": "20251205140100"
    },
    {
      "SEQ": 249,
      "BEFORE_NODE": 249.0,
      "AFTER_NODE": 250.0,
      "BEFORE_LAT": 22.742123,
      "BEFORE_LON": 69.71479,
      "AFTER_LAT": 22.742098,
      "AFTER_LON": 69.714836,
      "SOG": 0,
      "MOVINGTIME": 1860.0,
      "ARRIVALTIME": "20251205143200"
    },
    {
      "SEQ": 250,
      "BEFORE_NODE": 250.0,
      "AFTER_NODE": 251.0,
      "BEFORE_LAT": 22.742098,
      "BEFORE_LON": 69.714836,
      "AFTER_LAT": 22.742123,
      "AFTER_LON": 69.714844,
      "SOG": 0,
      "MOVINGTIME": 1440.0,
      "ARRIVALTIME": "20251205145600"
    },
    {
      "SEQ": 251,
      "BEFORE_NODE": 251.0,
      "AFTER_NODE": 252.0,
      "BEFORE_LAT": 22.742123,
      "BEFORE_LON": 69.714844,
      "AFTER_LAT": 22.742138,
      "AFTER_LON": 69.71489,
      "SOG": 0,
      "MOVINGTIME": 2100.0,
      "ARRIVALTIME": "20251205153100"
    },
    {
      "SEQ": 252,
      "BEFORE_NODE": 252.0,
      "AFTER_NODE": 253.0,
      "BEFORE_LAT": 22.742138,
      "BEFORE_LON": 69.71489,
      "AFTER_LAT": 22.742081,
      "AFTER_LON": 69.714851,
      "SOG": 0,
      "MOVINGTIME": 1740.0,
      "ARRIVALTIME": "20251205160000"
    },
    {
      "SEQ": 253,
      "BEFORE_NODE": 253.0,
      "AFTER_NODE": 254.0,
      "BEFORE_LAT": 22.742081,
      "BEFORE_LON": 69.714851,
      "AFTER_LAT": 22.742056,
      "AFTER_LON": 69.714851,
      "SOG": 0,
      "MOVINGTIME": 2100.0,
      "ARRIVALTIME": "20251205163500"
    },
    {
      "SEQ": 254,
      "BEFORE_NODE": 254.0,
      "AFTER_NODE": 255.0,
      "BEFORE_LAT": 22.742056,
      "BEFORE_LON": 69.714851,
      "AFTER_LAT": 22.743233,
      "AFTER_LON": 69.717308,
      "SOG": 2.7,
      "MOVINGTIME": 1500.0,
      "ARRIVALTIME": "20251205170000"
    },
    {
      "SEQ": 255,
      "BEFORE_NODE": 255.0,
      "AFTER_NODE": 256.0,
      "BEFORE_LAT": 22.743233,
      "BEFORE_LON": 69.717308,
      "AFTER_LAT": 22.673599,
      "AFTER_LON": 69.700111,
      "SOG": 13,
      "MOVINGTIME": 2100.0,
      "ARRIVALTIME": "20251205173500"
    },
    {
      "SEQ": 256,
      "BEFORE_NODE": 256.0,
      "AFTER_NODE": 257.0,
      "BEFORE_LAT": 22.673599,
      "BEFORE_LON": 69.700111,
      "AFTER_LAT": 22.629047,
      "AFTER_LON": 69.597748,
      "SOG": 13.1,
      "MOVINGTIME": 1800.0,
      "ARRIVALTIME": "20251205180500"
    },
    {
      "SEQ": 257,
      "BEFORE_NODE": 257.0,
      "AFTER_NODE": 258.0,
      "BEFORE_LAT": 22.629047,
      "BEFORE_LON": 69.597748,
      "AFTER_LAT": 22.645781,
      "AFTER_LON": 69.50325,
      "SOG": 13.8,
      "MOVINGTIME": 1800.0,
      "ARRIVALTIME": "20251205183500"
    },
    {
      "SEQ": 258,
      "BEFORE_NODE": 258.0,
      "AFTER_NODE": 259.0,
      "BEFORE_LAT": 22.645781,
      "BEFORE_LON": 69.50325,
      "AFTER_LAT": 22.617311,
      "AFTER_LON": 69.365791,
      "SOG": 14.3,
      "MOVINGTIME": 1620.0,
      "ARRIVALTIME": "20251205190200"
    },
    {
      "SEQ": 259,
      "BEFORE_NODE": 259.0,
      "AFTER_NODE": 260.0,
      "BEFORE_LAT": 22.617311,
      "BEFORE_LON": 69.365791,
      "AFTER_LAT": 22.612564,
      "AFTER_LON": 69.244171,
      "SOG": 14.3,
      "MOVINGTIME": 1740.0,
      "ARRIVALTIME": "20251205193100"
    },
    {
      "SEQ": 260,
      "BEFORE_NODE": 260.0,
      "AFTER_NODE": 261.0,
      "BEFORE_LAT": 22.612564,
      "BEFORE_LON": 69.244171,
      "AFTER_LAT": 22.643198,
      "AFTER_LON": 69.131882,
      "SOG": 15.3,
      "MOVINGTIME": 1920.0,
      "ARRIVALTIME": "20251205200300"
    },
    {
      "SEQ": 261,
      "BEFORE_NODE": 261.0,
      "AFTER_NODE": 262.0,
      "BEFORE_LAT": 22.643198,
      "BEFORE_LON": 69.131882,
      "AFTER_LAT": 22.635963,
      "AFTER_LON": 68.977104,
      "SOG": 16.2,
      "MOVINGTIME": 1620.0,
      "ARRIVALTIME": "20251205203000"
    },
    {
      "SEQ": 262,
      "BEFORE_NODE": 262.0,
      "AFTER_NODE": 263.0,
      "BEFORE_LAT": 22.635963,
      "BEFORE_LON": 68.977104,
      "AFTER_LAT": 22.574001,
      "AFTER_LON": 68.895332,
      "SOG": 17.1,
      "MOVINGTIME": 1860.0,
      "ARRIVALTIME": "20251205210100"
    },
    {
      "SEQ": 263,
      "BEFORE_NODE": 263.0,
      "AFTER_NODE": 264.0,
      "BEFORE_LAT": 22.574001,
      "BEFORE_LON": 68.895332,
      "AFTER_LAT": 22.392157,
      "AFTER_LON": 68.810905,
      "SOG": 18,
      "MOVINGTIME": 1860.0,
      "ARRIVALTIME": "20251205213200"
    },
    {
      "SEQ": 264,
      "BEFORE_NODE": 264.0,
      "AFTER_NODE": 265.0,
      "BEFORE_LAT": 22.392157,
      "BEFORE_LON": 68.810905,
      "AFTER_LAT": 22.274498,
      "AFTER_LON": 68.768288,
      "SOG": 18.2,
      "MOVINGTIME": 1680.0,
      "ARRIVALTIME": "20251205220000"
    },
    {
      "SEQ": 265,
      "BEFORE_NODE": 265.0,
      "AFTER_NODE": 266.0,
      "BEFORE_LAT": 22.274498,
      "BEFORE_LON": 68.768288,
      "AFTER_LAT": 22.098682,
      "AFTER_LON": 68.80085,
      "SOG": 17.3,
      "MOVINGTIME": 2220.0,
      "ARRIVALTIME": "20251205223700"
    },
    {
      "SEQ": 266,
      "BEFORE_NODE": 266.0,
      "AFTER_NODE": 267.0,
      "BEFORE_LAT": 22.098682,
      "BEFORE_LON": 68.80085,
      "AFTER_LAT": 22.036243,
      "AFTER_LON": 68.870628,
      "SOG": 17.7,
      "MOVINGTIME": 1440.0,
      "ARRIVALTIME": "20251205230100"
    },
    {
      "SEQ": 267,
      "BEFORE_NODE": 267.0,
      "AFTER_NODE": 268.0,
      "BEFORE_LAT": 22.036243,
      "BEFORE_LON": 68.870628,
      "AFTER_LAT": 21.90477,
      "AFTER_LON": 69.011757,
      "SOG": 17.6,
      "MOVINGTIME": 1860.0,
      "ARRIVALTIME": "20251205233200"
    },
    {
      "SEQ": 268,
      "BEFORE_NODE": 268.0,
      "AFTER_NODE": 269.0,
      "BEFORE_LAT": 21.90477,
      "BEFORE_LON": 69.011757,
      "AFTER_LAT": 21.852228,
      "AFTER_LON": 69.066956,
      "SOG": 17.6,
      "MOVINGTIME": 1080.0,
      "ARRIVALTIME": "20251205235000"
    },
    {
      "SEQ": 269,
      "BEFORE_NODE": 269.0,
      "AFTER_NODE": 270.0,
      "BEFORE_LAT": 21.852228,
      "BEFORE_LON": 69.066956,
      "AFTER_LAT": 21.581944,
      "AFTER_LON": 69.345627,
      "SOG": 17.1,
      "MOVINGTIME": 4320.0,
      "ARRIVALTIME": "20251206010200"
    },
    {
      "SEQ": 270,
      "BEFORE_NODE": 270.0,
      "AFTER_NODE": 271.0,
      "BEFORE_LAT": 21.581944,
      "BEFORE_LON": 69.345627,
      "AFTER_LAT": 21.525511,
      "AFTER_LON": 69.422859,
      "SOG": 16.7,
      "MOVINGTIME": 1620.0,
      "ARRIVALTIME": "20251206012900"
    },
    {
      "SEQ": 271,
      "BEFORE_NODE": 271.0,
      "AFTER_NODE": 272.0,
      "BEFORE_LAT": 21.525511,
      "BEFORE_LON": 69.422859,
      "AFTER_LAT": 21.449818,
      "AFTER_LON": 69.496567,
      "SOG": 16.7,
      "MOVINGTIME": 1140.0,
      "ARRIVALTIME": "20251206014800"
    },
    {
      "SEQ": 272,
      "BEFORE_NODE": 272.0,
      "AFTER_NODE": 273.0,
      "BEFORE_LAT": 21.449818,
      "BEFORE_LON": 69.496567,
      "AFTER_LAT": 21.274693,
      "AFTER_LON": 69.672363,
      "SOG": 16.7,
      "MOVINGTIME": 2820.0,
      "ARRIVALTIME": "20251206023500"
    },
    {
      "SEQ": 273,
      "BEFORE_NODE": 273.0,
      "AFTER_NODE": 274.0,
      "BEFORE_LAT": 21.274693,
      "BEFORE_LON": 69.672363,
      "AFTER_LAT": 21.16946,
      "AFTER_LON": 69.777519,
      "SOG": 16.5,
      "MOVINGTIME": 1920.0,
      "ARRIVALTIME": "20251206030700"
    },
    {
      "SEQ": 274,
      "BEFORE_NODE": 274.0,
      "AFTER_NODE": 275.0,
      "BEFORE_LAT": 21.16946,
      "BEFORE_LON": 69.777519,
      "AFTER_LAT": 21.081562,
      "AFTER_LON": 69.869247,
      "SOG": 16.7,
      "MOVINGTIME": 1680.0,
      "ARRIVALTIME": "20251206033500"
    },
    {
      "SEQ": 275,
      "BEFORE_NODE": 275.0,
      "AFTER_NODE": 276.0,
      "BEFORE_LAT": 21.081562,
      "BEFORE_LON": 69.869247,
      "AFTER_LAT": 20.975325,
      "AFTER_LON": 69.953484,
      "SOG": 16.7,
      "MOVINGTIME": 1800.0,
      "ARRIVALTIME": "20251206040500"
    },
    {
      "SEQ": 276,
      "BEFORE_NODE": 276.0,
      "AFTER_NODE": 277.0,
      "BEFORE_LAT": 20.975325,
      "BEFORE_LON": 69.953484,
      "AFTER_LAT": 20.928627,
      "AFTER_LON": 70.004372,
      "SOG": 17,
      "MOVINGTIME": 1080.0,
      "ARRIVALTIME": "20251206042300"
    },
    {
      "SEQ": 277,
      "BEFORE_NODE": 277.0,
      "AFTER_NODE": 278.0,
      "BEFORE_LAT": 20.928627,
      "BEFORE_LON": 70.004372,
      "AFTER_LAT": 20.686995,
      "AFTER_LON": 70.287224,
      "SOG": 17.1,
      "MOVINGTIME": 4140.0,
      "ARRIVALTIME": "20251206053200"
    },
    {
      "SEQ": 278,
      "BEFORE_NODE": 278.0,
      "AFTER_NODE": 279.0,
      "BEFORE_LAT": 20.686995,
      "BEFORE_LON": 70.287224,
      "AFTER_LAT": 20.620964,
      "AFTER_LON": 70.378906,
      "SOG": 16.8,
      "MOVINGTIME": 1860.0,
      "ARRIVALTIME": "20251206060300"
    },
    {
      "SEQ": 279,
      "BEFORE_NODE": 279.0,
      "AFTER_NODE": 280.0,
      "BEFORE_LAT": 20.620964,
      "BEFORE_LON": 70.378906,
      "AFTER_LAT": 20.51198,
      "AFTER_LON": 70.527252,
      "SOG": 17.1,
      "MOVINGTIME": 1980.0,
      "ARRIVALTIME": "20251206063600"
    },
    {
      "SEQ": 280,
      "BEFORE_NODE": 280.0,
      "AFTER_NODE": 281.0,
      "BEFORE_LAT": 20.51198,
      "BEFORE_LON": 70.527252,
      "AFTER_LAT": 20.468416,
      "AFTER_LON": 70.598099,
      "SOG": 17.1,
      "MOVINGTIME": 1440.0,
      "ARRIVALTIME": "20251206070000"
    },
    {
      "SEQ": 281,
      "BEFORE_NODE": 281.0,
      "AFTER_NODE": 282.0,
      "BEFORE_LAT": 20.468416,
      "BEFORE_LON": 70.598099,
      "AFTER_LAT": 20.38364,
      "AFTER_LON": 70.734947,
      "SOG": 16.7,
      "MOVINGTIME": 1800.0,
      "ARRIVALTIME": "20251206073000"
    },
    {
      "SEQ": 282,
      "BEFORE_NODE": 282.0,
      "AFTER_NODE": 283.0,
      "BEFORE_LAT": 20.38364,
      "BEFORE_LON": 70.734947,
      "AFTER_LAT": 20.304792,
      "AFTER_LON": 70.844963,
      "SOG": 17.2,
      "MOVINGTIME": 1620.0,
      "ARRIVALTIME": "20251206075700"
    },
    {
      "SEQ": 283,
      "BEFORE_NODE": 283.0,
      "AFTER_NODE": 284.0,
      "BEFORE_LAT": 20.304792,
      "BEFORE_LON": 70.844963,
      "AFTER_LAT": 20.216036,
      "AFTER_LON": 70.968117,
      "SOG": 16.7,
      "MOVINGTIME": 2040.0,
      "ARRIVALTIME": "20251206083100"
    },
    {
      "SEQ": 284,
      "BEFORE_NODE": 284.0,
      "AFTER_NODE": 285.0,
      "BEFORE_LAT": 20.216036,
      "BEFORE_LON": 70.968117,
      "AFTER_LAT": 20.102606,
      "AFTER_LON": 71.121635,
      "SOG": 17.2,
      "MOVINGTIME": 1800.0,
      "ARRIVALTIME": "20251206090100"
    },
    {
      "SEQ": 285,
      "BEFORE_NODE": 285.0,
      "AFTER_NODE": 286.0,
      "BEFORE_LAT": 20.102606,
      "BEFORE_LON": 71.121635,
      "AFTER_LAT": 20.018301,
      "AFTER_LON": 71.21608,
      "SOG": 15.6,
      "MOVINGTIME": 1560.0,
      "ARRIVALTIME": "20251206092700"
    },
    {
      "SEQ": 286,
      "BEFORE_NODE": 286.0,
      "AFTER_NODE": 287.0,
      "BEFORE_LAT": 20.018301,
      "BEFORE_LON": 71.21608,
      "AFTER_LAT": 19.96133,
      "AFTER_LON": 71.293922,
      "SOG": 16.2,
      "MOVINGTIME": 1680.0,
      "ARRIVALTIME": "20251206095500"
    },
    {
      "SEQ": 287,
      "BEFORE_NODE": 287.0,
      "AFTER_NODE": 288.0,
      "BEFORE_LAT": 19.96133,
      "BEFORE_LON": 71.293922,
      "AFTER_LAT": 19.90513,
      "AFTER_LON": 71.490349,
      "SOG": 16.2,
      "MOVINGTIME": 2340.0,
      "ARRIVALTIME": "20251206103400"
    },
    {
      "SEQ": 288,
      "BEFORE_NODE": 288.0,
      "AFTER_NODE": 289.0,
      "BEFORE_LAT": 19.90513,
      "BEFORE_LON": 71.490349,
      "AFTER_LAT": 19.911686,
      "AFTER_LON": 71.639519,
      "SOG": 16,
      "MOVINGTIME": 1860.0,
      "ARRIVALTIME": "20251206110500"
    },
    {
      "SEQ": 289,
      "BEFORE_NODE": 289.0,
      "AFTER_NODE": 290.0,
      "BEFORE_LAT": 19.911686,
      "BEFORE_LON": 71.639519,
      "AFTER_LAT": 19.914467,
      "AFTER_LON": 71.791992,
      "SOG": 15.8,
      "MOVINGTIME": 1800.0,
      "ARRIVALTIME": "20251206113500"
    },
    {
      "SEQ": 290,
      "BEFORE_NODE": 290.0,
      "AFTER_NODE": 291.0,
      "BEFORE_LAT": 19.914467,
      "BEFORE_LON": 71.791992,
      "AFTER_LAT": 19.908075,
      "AFTER_LON": 71.912468,
      "SOG": 15.8,
      "MOVINGTIME": 1740.0,
      "ARRIVALTIME": "20251206120400"
    },
    {
      "SEQ": 291,
      "BEFORE_NODE": 291.0,
      "AFTER_NODE": 292.0,
      "BEFORE_LAT": 19.908075,
      "BEFORE_LON": 71.912468,
      "AFTER_LAT": 19.877617,
      "AFTER_LON": 72.029747,
      "SOG": 16.1,
      "MOVINGTIME": 1860.0,
      "ARRIVALTIME": "20251206123500"
    },
    {
      "SEQ": 292,
      "BEFORE_NODE": 292.0,
      "AFTER_NODE": 293.0,
      "BEFORE_LAT": 19.877617,
      "BEFORE_LON": 72.029747,
      "AFTER_LAT": 19.835379,
      "AFTER_LON": 72.181252,
      "SOG": 16.5,
      "MOVINGTIME": 1800.0,
      "ARRIVALTIME": "20251206130500"
    },
    {
      "SEQ": 293,
      "BEFORE_NODE": 293.0,
      "AFTER_NODE": 294.0,
      "BEFORE_LAT": 19.835379,
      "BEFORE_LON": 72.181252,
      "AFTER_LAT": 19.783205,
      "AFTER_LON": 72.322922,
      "SOG": 17.7,
      "MOVINGTIME": 1740.0,
      "ARRIVALTIME": "20251206133400"
    },
    {
      "SEQ": 294,
      "BEFORE_NODE": 294.0,
      "AFTER_NODE": 295.0,
      "BEFORE_LAT": 19.783205,
      "BEFORE_LON": 72.322922,
      "AFTER_LAT": 19.656931,
      "AFTER_LON": 72.434517,
      "SOG": 19,
      "MOVINGTIME": 1800.0,
      "ARRIVALTIME": "20251206140400"
    }
  ]
}