{
  "mmsi": "440838000",
  "PredResult": [
    {
      "SEQ": 0,
      "BEFORE_NODE": 0.0,
      "AFTER_NODE": 1.0,
      "BEFORE_LAT": 22.659184,
      "BEFORE_LON": 69.711136,
      "AFTER_LAT": 22.6588,
      "AFTER_LON": 69.710854,
      "SOG": 0,
      "MOVINGTIME": 1920.0,
      "ARRIVALTIME": "20251129150300"
    },
    {
      "SEQ": 1,
      "BEFORE_NODE": 1.0,
      "AFTER_NODE": 2.0,
      "BEFORE_LAT": 22.6588,
      "BEFORE_LON": 69.710854,
      "AFTER_LAT": 22.658133,
      "AFTER_LON": 69.710518,
      "SOG": 0,
      "MOVINGTIME": 1680.0,
      "ARRIVALTIME": "20251129153100"
    },
    {
      "SEQ": 2,
      "BEFORE_NODE": 2.0,
      "AFTER_NODE": 3.0,
      "BEFORE_LAT": 22.658133,
      "BEFORE_LON": 69.710518,
      "AFTER_LAT": 22.657534,
      "AFTER_LON": 69.709236,
      "SOG": 0,
      "MOVINGTIME": 1920.0,
      "ARRIVALTIME": "20251129160300"
    },
    {
      "SEQ": 3,
      "BEFORE_NODE": 3.0,
      "AFTER_NODE": 4.0,
      "BEFORE_LAT": 22.657534,
      "BEFORE_LON": 69.709236,
      "AFTER_LAT": 22.657816,
      "AFTER_LON": 69.708183,
      "SOG": 0,
      "MOVINGTIME": 1800.0,
      "ARRIVALTIME": "20251129163300"
    },
    {
      "SEQ": 4,
      "BEFORE_NODE": 4.0,
      "AFTER_NODE": 5.0,
      "BEFORE_LAT": 22.657816,
      "BEFORE_LON": 69.708183,
      "AFTER_LAT": 22.658117,
      "AFTER_LON": 69.707718,
      "SOG": 0,
      "MOVINGTIME": 1800.0,
      "ARRIVALTIME": "20251129170300"
    },
    {
      "SEQ": 5,
      "BEFORE_NODE": 5.0,
      "AFTER_NODE": 6.0,
      "BEFORE_LAT": 22.658117,
      "BEFORE_LON": 69.707718,
      "AFTER_LAT": 22.658283,
      "AFTER_LON": 69.706596,
      "SOG": 0,
      "MOVINGTIME": 1800.0,
      "ARRIVALTIME": "20251129173300"
    },
    {
      "SEQ": 6,
      "BEFORE_NODE": 6.0,
      "AFTER_NODE": 7.0,
      "BEFORE_LAT": 22.658283,
      "BEFORE_LON": 69.706596,
      "AFTER_LAT": 22.6588,
      "AFTER_LON": 69.706123,
      "SOG": 0,
      "MOVINGTIME": 1680.0,
      "ARRIVALTIME": "20251129180100"
    },
    {
      "SEQ": 7,
      "BEFORE_NODE": 7.0,
      "AFTER_NODE": 8.0,
      "BEFORE_LAT": 22.6588,
      "BEFORE_LON": 69.706123,
      "AFTER_LAT": 22.658916,
      "AFTER_LON": 69.70607,
      "SOG": 0,
      "MOVINGTIME": 1920.0,
      "ARRIVALTIME": "20251129183300"
    },
    {
      "SEQ": 8,
      "BEFORE_NODE": 8.0,
      "AFTER_NODE": 9.0,
      "BEFORE_LAT": 22.658916,
      "BEFORE_LON": 69.70607,
      "AFTER_LAT": 22.659033,
      "AFTER_LON": 69.7061,
      "SOG": 0,
      "MOVINGTIME": 1680.0,
      "ARRIVALTIME": "20251129190100"
    },
    {
      "SEQ": 9,
      "BEFORE_NODE": 9.0,
      "AFTER_NODE": 10.0,
      "BEFORE_LAT": 22.659033,
      "BEFORE_LON": 69.7061,
      "AFTER_LAT": 22.659033,
      "AFTER_LON": 69.706032,
      "SOG": 0.1,
      "MOVINGTIME": 1980.0,
      "ARRIVALTIME": "20251129193400"
    },
    {
      "SEQ": 10,
      "BEFORE_NODE": 10.0,
      "AFTER_NODE": 11.0,
      "BEFORE_LAT": 22.659033,
      "BEFORE_LON": 69.706032,
      "AFTER_LAT": 22.659201,
      "AFTER_LON": 69.706253,
      "SOG": 0.1,
      "MOVINGTIME": 1740.0,
      "ARRIVALTIME": "20251129200300"
    },
    {
      "SEQ": 11,
      "BEFORE_NODE": 11.0,
      "AFTER_NODE": 12.0,
      "BEFORE_LAT": 22.659201,
      "BEFORE_LON": 69.706253,
      "AFTER_LAT": 22.659,
      "AFTER_LON": 69.70623,
      "SOG": 0,
      "MOVINGTIME": 1860.0,
      "ARRIVALTIME": "20251129203400"
    },
    {
      "SEQ": 12,
      "BEFORE_NODE": 12.0,
      "AFTER_NODE": 13.0,
      "BEFORE_LAT": 22.659,
      "BEFORE_LON": 69.70623,
      "AFTER_LAT": 22.658884,
      "AFTER_LON": 69.706322,
      "SOG": 0,
      "MOVINGTIME": 1800.0,
      "ARRIVALTIME": "20251129210400"
    },
    {
      "SEQ": 13,
      "BEFORE_NODE": 13.0,
      "AFTER_NODE": 14.0,
      "BEFORE_LAT": 22.658884,
      "BEFORE_LON": 69.706322,
      "AFTER_LAT": 22.658684,
      "AFTER_LON": 69.70639,
      "SOG": 0,
      "MOVINGTIME": 1740.0,
      "ARRIVALTIME": "20251129213300"
    },
    {
      "SEQ": 14,
      "BEFORE_NODE": 14.0,
      "AFTER_NODE": 15.0,
      "BEFORE_LAT": 22.658684,
      "BEFORE_LON": 69.70639,
      "AFTER_LAT": 22.658133,
      "AFTER_LON": 69.706856,
      "SOG": 0.1,
      "MOVINGTIME": 1740.0,
      "ARRIVALTIME": "20251129220200"
    },
    {
      "SEQ": 15,
      "BEFORE_NODE": 15.0,
      "AFTER_NODE": 16.0,
      "BEFORE_LAT": 22.658133,
      "BEFORE_LON": 69.706856,
      "AFTER_LAT": 22.657566,
      "AFTER_LON": 69.708015,
      "SOG": 0,
      "MOVINGTIME": 1860.0,
      "ARRIVALTIME": "20251129223300"
    },
    {
      "SEQ": 16,
      "BEFORE_NODE": 16.0,
      "AFTER_NODE": 17.0,
      "BEFORE_LAT": 22.657566,
      "BEFORE_LON": 69.708015,
      "AFTER_LAT": 22.657949,
      "AFTER_LON": 69.709747,
      "SOG": 0.2,
      "MOVINGTIME": 1980.0,
      "ARRIVALTIME": "20251129230600"
    },
    {
      "SEQ": 17,
      "BEFORE_NODE": 17.0,
      "AFTER_NODE": 18.0,
      "BEFORE_LAT": 22.657949,
      "BEFORE_LON": 69.709747,
      "AFTER_LAT": 22.659782,
      "AFTER_LON": 69.710899,
      "SOG": 0,
      "MOVINGTIME": 1980.0,
      "ARRIVALTIME": "20251129233900"
    },
    {
      "SEQ": 18,
      "BEFORE_NODE": 18.0,
      "AFTER_NODE": 19.0,
      "BEFORE_LAT": 22.659782,
      "BEFORE_LON": 69.710899,
      "AFTER_LAT": 22.659983,
      "AFTER_LON": 69.710999,
      "SOG": 0,
      "MOVINGTIME": 1740.0,
      "ARRIVALTIME": "20251130000800"
    },
    {
      "SEQ": 19,
      "BEFORE_NODE": 19.0,
      "AFTER_NODE": 20.0,
      "BEFORE_LAT": 22.659983,
      "BEFORE_LON": 69.710999,
      "AFTER_LAT": 22.660133,
      "AFTER_LON": 69.711037,
      "SOG": 0,
      "MOVINGTIME": 2040.0,
      "ARRIVALTIME": "20251130004200"
    },
    {
      "SEQ": 20,
      "BEFORE_NODE": 20.0,
      "AFTER_NODE": 21.0,
      "BEFORE_LAT": 22.660133,
      "BEFORE_LON": 69.711037,
      "AFTER_LAT": 22.660151,
      "AFTER_LON": 69.711082,
      "SOG": 0,
      "MOVINGTIME": 1620.0,
      "ARRIVALTIME": "20251130010900"
    },
    {
      "SEQ": 21,
      "BEFORE_NODE": 21.0,
      "AFTER_NODE": 22.0,
      "BEFORE_LAT": 22.660151,
      "BEFORE_LON": 69.711082,
      "AFTER_LAT": 22.659901,
      "AFTER_LON": 69.711189,
      "SOG": 0,
      "MOVINGTIME": 1620.0,
      "ARRIVALTIME": "20251130013600"
    },
    {
      "SEQ": 22,
      "BEFORE_NODE": 22.0,
      "AFTER_NODE": 23.0,
      "BEFORE_LAT": 22.659901,
      "BEFORE_LON": 69.711189,
      "AFTER_LAT": 22.659782,
      "AFTER_LON": 69.711121,
      "SOG": 0,
      "MOVINGTIME": 1920.0,
      "ARRIVALTIME": "20251130020800"
    },
    {
      "SEQ": 23,
      "BEFORE_NODE": 23.0,
      "AFTER_NODE": 24.0,
      "BEFORE_LAT": 22.659782,
      "BEFORE_LON": 69.711121,
      "AFTER_LAT": 22.659634,
      "AFTER_LON": 69.711098,
      "SOG": 0,
      "MOVINGTIME": 1740.0,
      "ARRIVALTIME": "20251130023700"
    },
    {
      "SEQ": 24,
      "BEFORE_NODE": 24.0,
      "AFTER_NODE": 25.0,
      "BEFORE_LAT": 22.659634,
      "BEFORE_LON": 69.711098,
      "AFTER_LAT": 22.659267,
      "AFTER_LON": 69.710999,
      "SOG": 0,
      "MOVINGTIME": 1740.0,
      "ARRIVALTIME": "20251130030600"
    },
    {
      "SEQ": 25,
      "BEFORE_NODE": 25.0,
      "AFTER_NODE": 26.0,
      "BEFORE_LAT": 22.659267,
      "BEFORE_LON": 69.710999,
      "AFTER_LAT": 22.65885,
      "AFTER_LON": 69.710655,
      "SOG": 0,
      "MOVINGTIME": 1620.0,
      "ARRIVALTIME": "20251130033300"
    },
    {
      "SEQ": 26,
      "BEFORE_NODE": 26.0,
      "AFTER_NODE": 27.0,
      "BEFORE_LAT": 22.65885,
      "BEFORE_LON": 69.710655,
      "AFTER_LAT": 22.65815,
      "AFTER_LON": 69.709198,
      "SOG": 0.2,
      "MOVINGTIME": 1860.0,
      "ARRIVALTIME": "20251130040400"
    },
    {
      "SEQ": 27,
      "BEFORE_NODE": 27.0,
      "AFTER_NODE": 28.0,
      "BEFORE_LAT": 22.65815,
      "BEFORE_LON": 69.709198,
      "AFTER_LAT": 22.6588,
      "AFTER_LON": 69.707802,
      "SOG": 0,
      "MOVINGTIME": 1680.0,
      "ARRIVALTIME": "20251130043200"
    },
    {
      "SEQ": 28,
      "BEFORE_NODE": 28.0,
      "AFTER_NODE": 29.0,
      "BEFORE_LAT": 22.6588,
      "BEFORE_LON": 69.707802,
      "AFTER_LAT": 22.658899,
      "AFTER_LON": 69.707611,
      "SOG": 0.1,
      "MOVINGTIME": 1860.0,
      "ARRIVALTIME": "20251130050300"
    },
    {
      "SEQ": 29,
      "BEFORE_NODE": 29.0,
      "AFTER_NODE": 30.0,
      "BEFORE_LAT": 22.658899,
      "BEFORE_LON": 69.707611,
      "AFTER_LAT": 22.6593,
      "AFTER_LON": 69.707077,
      "SOG": 0.1,
      "MOVINGTIME": 1800.0,
      "ARRIVALTIME": "20251130053300"
    },
    {
      "SEQ": 30,
      "BEFORE_NODE": 30.0,
      "AFTER_NODE": 31.0,
      "BEFORE_LAT": 22.6593,
      "BEFORE_LON": 69.707077,
      "AFTER_LAT": 22.6595,
      "AFTER_LON": 69.707069,
      "SOG": 0,
      "MOVINGTIME": 1920.0,
      "ARRIVALTIME": "20251130060500"
    },
    {
      "SEQ": 31,
      "BEFORE_NODE": 31.0,
      "AFTER_NODE": 32.0,
      "BEFORE_LAT": 22.6595,
      "BEFORE_LON": 69.707069,
      "AFTER_LAT": 22.659666,
      "AFTER_LON": 69.70668,
      "SOG": 0,
      "MOVINGTIME": 1680.0,
      "ARRIVALTIME": "20251130063300"
    },
    {
      "SEQ": 32,
      "BEFORE_NODE": 32.0,
      "AFTER_NODE": 33.0,
      "BEFORE_LAT": 22.659666,
      "BEFORE_LON": 69.70668,
      "AFTER_LAT": 22.659666,
      "AFTER_LON": 69.70652,
      "SOG": 0,
      "MOVINGTIME": 1800.0,
      "ARRIVALTIME": "20251130070300"
    },
    {
      "SEQ": 33,
      "BEFORE_NODE": 33.0,
      "AFTER_NODE": 34.0,
      "BEFORE_LAT": 22.659666,
      "BEFORE_LON": 69.70652,
      "AFTER_LAT": 22.6597,
      "AFTER_LON": 69.706589,
      "SOG": 0,
      "MOVINGTIME": 1920.0,
      "ARRIVALTIME": "20251130073500"
    },
    {
      "SEQ": 34,
      "BEFORE_NODE": 34.0,
      "AFTER_NODE": 35.0,
      "BEFORE_LAT": 22.6597,
      "BEFORE_LON": 69.706589,
      "AFTER_LAT": 22.659782,
      "AFTER_LON": 69.706589,
      "SOG": 0,
      "MOVINGTIME": 1620.0,
      "ARRIVALTIME": "20251130080200"
    },
    {
      "SEQ": 35,
      "BEFORE_NODE": 35.0,
      "AFTER_NODE": 36.0,
      "BEFORE_LAT": 22.659782,
      "BEFORE_LON": 69.706589,
      "AFTER_LAT": 22.6598,
      "AFTER_LON": 69.706566,
      "SOG": 0,
      "MOVINGTIME": 1740.0,
      "ARRIVALTIME": "20251130083100"
    },
    {
      "SEQ": 36,
      "BEFORE_NODE": 36.0,
      "AFTER_NODE": 37.0,
      "BEFORE_LAT": 22.6598,
      "BEFORE_LON": 69.706566,
      "AFTER_LAT": 22.659733,
      "AFTER_LON": 69.706596,
      "SOG": 0,
      "MOVINGTIME": 1800.0,
      "ARRIVALTIME": "20251130090100"
    },
    {
      "SEQ": 37,
      "BEFORE_NODE": 37.0,
      "AFTER_NODE": 38.0,
      "BEFORE_LAT": 22.659733,
      "BEFORE_LON": 69.706596,
      "AFTER_LAT": 22.659616,
      "AFTER_LON": 69.70665,
      "SOG": 0,
      "MOVINGTIME": 1860.0,
      "ARRIVALTIME": "20251130093200"
    },
    {
      "SEQ": 38,
      "BEFORE_NODE": 38.0,
      "AFTER_NODE": 39.0,
      "BEFORE_LAT": 22.659616,
      "BEFORE_LON": 69.70665,
      "AFTER_LAT": 22.659533,
      "AFTER_LON": 69.70665,
      "SOG": 0,
      "MOVINGTIME": 1800.0,
      "ARRIVALTIME": "20251130100200"
    },
    {
      "SEQ": 39,
      "BEFORE_NODE": 39.0,
      "AFTER_NODE": 40.0,
      "BEFORE_LAT": 22.659533,
      "BEFORE_LON": 69.70665,
      "AFTER_LAT": 22.659567,
      "AFTER_LON": 69.706718,
      "SOG": 0,
      "MOVINGTIME": 1740.0,
      "ARRIVALTIME": "20251130103100"
    },
    {
      "SEQ": 40,
      "BEFORE_NODE": 40.0,
      "AFTER_NODE": 41.0,
      "BEFORE_LAT": 22.659567,
      "BEFORE_LON": 69.706718,
      "AFTER_LAT": 22.659416,
      "AFTER_LON": 69.706917,
      "SOG": 0,
      "MOVINGTIME": 1620.0,
      "ARRIVALTIME": "20251130105800"
    },
    {
      "SEQ": 41,
      "BEFORE_NODE": 41.0,
      "AFTER_NODE": 42.0,
      "BEFORE_LAT": 22.659416,
      "BEFORE_LON": 69.706917,
      "AFTER_LAT": 22.6595,
      "AFTER_LON": 69.707069,
      "SOG": 0.1,
      "MOVINGTIME": 1860.0,
      "ARRIVALTIME": "20251130112900"
    },
    {
      "SEQ": 42,
      "BEFORE_NODE": 42.0,
      "AFTER_NODE": 43.0,
      "BEFORE_LAT": 22.6595,
      "BEFORE_LON": 69.707069,
      "AFTER_LAT": 22.658016,
      "AFTER_LON": 69.709534,
      "SOG": 0.6,
      "MOVINGTIME": 2100.0,
      "ARRIVALTIME": "20251130120400"
    },
    {
      "SEQ": 43,
      "BEFORE_NODE": 43.0,
      "AFTER_NODE": 44.0,
      "BEFORE_LAT": 22.658016,
      "BEFORE_LON": 69.709534,
      "AFTER_LAT": 22.660534,
      "AFTER_LON": 69.711304,
      "SOG": 0,
      "MOVINGTIME": 1740.0,
      "ARRIVALTIME": "20251130123300"
    },
    {
      "SEQ": 44,
      "BEFORE_NODE": 44.0,
      "AFTER_NODE": 45.0,
      "BEFORE_LAT": 22.660534,
      "BEFORE_LON": 69.711304,
      "AFTER_LAT": 22.6598,
      "AFTER_LON": 69.711655,
      "SOG": 0,
      "MOVINGTIME": 1740.0,
      "ARRIVALTIME": "20251130130200"
    },
    {
      "SEQ": 45,
      "BEFORE_NODE": 45.0,
      "AFTER_NODE": 46.0,
      "BEFORE_LAT": 22.6598,
      "BEFORE_LON": 69.711655,
      "AFTER_LAT": 22.659767,
      "AFTER_LON": 69.71167,
      "SOG": 0,
      "MOVINGTIME": 1740.0,
      "ARRIVALTIME": "20251130133100"
    },
    {
      "SEQ": 46,
      "BEFORE_NODE": 46.0,
      "AFTER_NODE": 47.0,
      "BEFORE_LAT": 22.659767,
      "BEFORE_LON": 69.71167,
      "AFTER_LAT": 22.659718,
      "AFTER_LON": 69.711746,
      "SOG": 0.1,
      "MOVINGTIME": 1920.0,
      "ARRIVALTIME": "20251130140300"
    },
    {
      "SEQ": 47,
      "BEFORE_NODE": 47.0,
      "AFTER_NODE": 48.0,
      "BEFORE_LAT": 22.659718,
      "BEFORE_LON": 69.711746,
      "AFTER_LAT": 22.66025,
      "AFTER_LON": 69.711334,
      "SOG": 0,
      "MOVINGTIME": 1800.0,
      "ARRIVALTIME": "20251130143300"
    },
    {
      "SEQ": 48,
      "BEFORE_NODE": 48.0,
      "AFTER_NODE": 49.0,
      "BEFORE_LAT": 22.66025,
      "BEFORE_LON": 69.711334,
      "AFTER_LAT": 22.660034,
      "AFTER_LON": 69.71125,
      "SOG": 0,
      "MOVINGTIME": 1800.0,
      "ARRIVALTIME": "20251130150300"
    },
    {
      "SEQ": 49,
      "BEFORE_NODE": 49.0,
      "AFTER_NODE": 50.0,
      "BEFORE_LAT": 22.660034,
      "BEFORE_LON": 69.71125,
      "AFTER_LAT": 22.658966,
      "AFTER_LON": 69.7108,
      "SOG": 0.2,
      "MOVINGTIME": 1920.0,
      "ARRIVALTIME": "20251130153500"
    },
    {
      "SEQ": 50,
      "BEFORE_NODE": 50.0,
      "AFTER_NODE": 51.0,
      "BEFORE_LAT": 22.658966,
      "BEFORE_LON": 69.7108,
      "AFTER_LAT": 22.680834,
      "AFTER_LON": 69.707031,
      "SOG": 2.9,
      "MOVINGTIME": 1680.0,
      "ARRIVALTIME": "20251130160300"
    },
    {
      "SEQ": 51,
      "BEFORE_NODE": 51.0,
      "AFTER_NODE": 52.0,
      "BEFORE_LAT": 22.680834,
      "BEFORE_LON": 69.707031,
      "AFTER_LAT": 22.697016,
      "AFTER_LON": 69.707016,
      "SOG": 2.7,
      "MOVINGTIME": 1800.0,
      "ARRIVALTIME": "20251130163300"
    },
    {
      "SEQ": 52,
      "BEFORE_NODE": 52.0,
      "AFTER_NODE": 53.0,
      "BEFORE_LAT": 22.697016,
      "BEFORE_LON": 69.707016,
      "AFTER_LAT": 22.728767,
      "AFTER_LON": 69.727318,
      "SOG": 5.8,
      "MOVINGTIME": 1860.0,
      "ARRIVALTIME": "20251130170400"
    },
    {
      "SEQ": 53,
      "BEFORE_NODE": 53.0,
      "AFTER_NODE": 54.0,
      "BEFORE_LAT": 22.728767,
      "BEFORE_LON": 69.727318,
      "AFTER_LAT": 22.738132,
      "AFTER_LON": 69.720734,
      "SOG": 0.4,
      "MOVINGTIME": 1800.0,
      "ARRIVALTIME": "20251130173400"
    },
    {
      "SEQ": 54,
      "BEFORE_NODE": 54.0,
      "AFTER_NODE": 55.0,
      "BEFORE_LAT": 22.738132,
      "BEFORE_LON": 69.720734,
      "AFTER_LAT": 22.738117,
      "AFTER_LON": 69.720497,
      "SOG": 0,
      "MOVINGTIME": 1740.0,
      "ARRIVALTIME": "20251130180300"
    },
    {
      "SEQ": 55,
      "BEFORE_NODE": 55.0,
      "AFTER_NODE": 56.0,
      "BEFORE_LAT": 22.738117,
      "BEFORE_LON": 69.720497,
      "AFTER_LAT": 22.7381,
      "AFTER_LON": 69.720497,
      "SOG": 0,
      "MOVINGTIME": 2040.0,
      "ARRIVALTIME": "20251130183700"
    },
    {
      "SEQ": 56,
      "BEFORE_NODE": 56.0,
      "AFTER_NODE": 57.0,
      "BEFORE_LAT": 22.7381,
      "BEFORE_LON": 69.720497,
      "AFTER_LAT": 22.73815,
      "AFTER_LON": 69.720482,
      "SOG": 0,
      "MOVINGTIME": 1740.0,
      "ARRIVALTIME": "20251130190600"
    },
    {
      "SEQ": 57,
      "BEFORE_NODE": 57.0,
      "AFTER_NODE": 58.0,
      "BEFORE_LAT": 22.73815,
      "BEFORE_LON": 69.720482,
      "AFTER_LAT": 22.73815,
      "AFTER_LON": 69.720535,
      "SOG": 0,
      "MOVINGTIME": 1980.0,
      "ARRIVALTIME": "20251130193900"
    },
    {
      "SEQ": 58,
      "BEFORE_NODE": 58.0,
      "AFTER_NODE": 59.0,
      "BEFORE_LAT": 22.73815,
      "BEFORE_LON": 69.720535,
      "AFTER_LAT": 22.738083,
      "AFTER_LON": 69.720566,
      "SOG": 0,
      "MOVINGTIME": 1680.0,
      "ARRIVALTIME": "20251130200700"
    },
    {
      "SEQ": 59,
      "BEFORE_NODE": 59.0,
      "AFTER_NODE": 60.0,
      "BEFORE_LAT": 22.738083,
      "BEFORE_LON": 69.720566,
      "AFTER_LAT": 22.73815,
      "AFTER_LON": 69.720467,
      "SOG": 0,
      "MOVINGTIME": 1680.0,
      "ARRIVALTIME": "20251130203500"
    },
    {
      "SEQ": 60,
      "BEFORE_NODE": 60.0,
      "AFTER_NODE": 61.0,
      "BEFORE_LAT": 22.73815,
      "BEFORE_LON": 69.720467,
      "AFTER_LAT": 22.7381,
      "AFTER_LON": 69.720467,
      "SOG": 0,
      "MOVINGTIME": 1800.0,
      "ARRIVALTIME": "20251130210500"
    },
    {
      "SEQ": 61,
      "BEFORE_NODE": 61.0,
      "AFTER_NODE": 62.0,
      "BEFORE_LAT": 22.7381,
      "BEFORE_LON": 69.720467,
      "AFTER_LAT": 22.7381,
      "AFTER_LON": 69.720482,
      "SOG": 0,
      "MOVINGTIME": 1680.0,
      "ARRIVALTIME": "20251130213300"
    },
    {
      "SEQ": 62,
      "BEFORE_NODE": 62.0,
      "AFTER_NODE": 63.0,
      "BEFORE_LAT": 22.7381,
      "BEFORE_LON": 69.720482,
      "AFTER_LAT": 22.738384,
      "AFTER_LON": 69.720566,
      "SOG": 0,
      "MOVINGTIME": 1740.0,
      "ARRIVALTIME": "20251130220200"
    },
    {
      "SEQ": 63,
      "BEFORE_NODE": 63.0,
      "AFTER_NODE": 64.0,
      "BEFORE_LAT": 22.738384,
      "BEFORE_LON": 69.720566,
      "AFTER_LAT": 22.738083,
      "AFTER_LON": 69.720497,
      "SOG": 0,
      "MOVINGTIME": 2220.0,
      "ARRIVALTIME": "20251130223900"
    },
    {
      "SEQ": 64,
      "BEFORE_NODE": 64.0,
      "AFTER_NODE": 65.0,
      "BEFORE_LAT": 22.738083,
      "BEFORE_LON": 69.720497,
      "AFTER_LAT": 22.738132,
      "AFTER_LON": 69.720482,
      "SOG": 0,
      "MOVINGTIME": 1560.0,
      "ARRIVALTIME": "20251130230500"
    },
    {
      "SEQ": 65,
      "BEFORE_NODE": 65.0,
      "AFTER_NODE": 66.0,
      "BEFORE_LAT": 22.738132,
      "BEFORE_LON": 69.720482,
      "AFTER_LAT": 22.737949,
      "AFTER_LON": 69.720543,
      "SOG": 0,
      "MOVINGTIME": 2160.0,
      "ARRIVALTIME": "20251130234100"
    },
    {
      "SEQ": 66,
      "BEFORE_NODE": 66.0,
      "AFTER_NODE": 67.0,
      "BEFORE_LAT": 22.737949,
      "BEFORE_LON": 69.720543,
      "AFTER_LAT": 22.73805,
      "AFTER_LON": 69.720543,
      "SOG": 0,
      "MOVINGTIME": 1440.0,
      "ARRIVALTIME": "20251201000500"
    },
    {
      "SEQ": 67,
      "BEFORE_NODE": 67.0,
      "AFTER_NODE": 68.0,
      "BEFORE_LAT": 22.73805,
      "BEFORE_LON": 69.720543,
      "AFTER_LAT": 22.738132,
      "AFTER_LON": 69.720284,
      "SOG": 0,
      "MOVINGTIME": 2220.0,
      "ARRIVALTIME": "20251201004200"
    },
    {
      "SEQ": 68,
      "BEFORE_NODE": 68.0,
      "AFTER_NODE": 69.0,
      "BEFORE_LAT": 22.738132,
      "BEFORE_LON": 69.720284,
      "AFTER_LAT": 22.738167,
      "AFTER_LON": 69.720215,
      "SOG": 0,
      "MOVINGTIME": 1560.0,
      "ARRIVALTIME": "20251201010800"
    },
    {
      "SEQ": 69,
      "BEFORE_NODE": 69.0,
      "AFTER_NODE": 70.0,
      "BEFORE_LAT": 22.738167,
      "BEFORE_LON": 69.720215,
      "AFTER_LAT": 22.738117,
      "AFTER_LON": 69.720596,
      "SOG": 0,
      "MOVINGTIME": 1920.0,
      "ARRIVALTIME": "20251201014000"
    },
    {
      "SEQ": 70,
      "BEFORE_NODE": 70.0,
      "AFTER_NODE": 71.0,
      "BEFORE_LAT": 22.738117,
      "BEFORE_LON": 69.720596,
      "AFTER_LAT": 22.738251,
      "AFTER_LON": 69.720451,
      "SOG": 0,
      "MOVINGTIME": 1380.0,
      "ARRIVALTIME": "20251201020300"
    },
    {
      "SEQ": 71,
      "BEFORE_NODE": 71.0,
      "AFTER_NODE": 72.0,
      "BEFORE_LAT": 22.738251,
      "BEFORE_LON": 69.720451,
      "AFTER_LAT": 22.738167,
      "AFTER_LON": 69.720436,
      "SOG": 0,
      "MOVINGTIME": 1560.0,
      "ARRIVALTIME": "20251201022900"
    },
    {
      "SEQ": 72,
      "BEFORE_NODE": 72.0,
      "AFTER_NODE": 73.0,
      "BEFORE_LAT": 22.738167,
      "BEFORE_LON": 69.720436,
      "AFTER_LAT": 22.738117,
      "AFTER_LON": 69.720497,
      "SOG": 0,
      "MOVINGTIME": 1800.0,
      "ARRIVALTIME": "20251201025900"
    },
    {
      "SEQ": 73,
      "BEFORE_NODE": 73.0,
      "AFTER_NODE": 74.0,
      "BEFORE_LAT": 22.738117,
      "BEFORE_LON": 69.720497,
      "AFTER_LAT": 22.73835,
      "AFTER_LON": 69.720413,
      "SOG": 0,
      "MOVINGTIME": 2340.0,
      "ARRIVALTIME": "20251201033800"
    },
    {
      "SEQ": 74,
      "BEFORE_NODE": 74.0,
      "AFTER_NODE": 75.0,
      "BEFORE_LAT": 22.73835,
      "BEFORE_LON": 69.720413,
      "AFTER_LAT": 22.738132,
      "AFTER_LON": 69.720497,
      "SOG": 0,
      "MOVINGTIME": 1560.0,
      "ARRIVALTIME": "20251201040400"
    },
    {
      "SEQ": 75,
      "BEFORE_NODE": 75.0,
      "AFTER_NODE": 76.0,
      "BEFORE_LAT": 22.738132,
      "BEFORE_LON": 69.720497,
      "AFTER_LAT": 22.738199,
      "AFTER_LON": 69.720482,
      "SOG": 0,
      "MOVINGTIME": 1200.0,
      "ARRIVALTIME": "20251201042400"
    },
    {
      "SEQ": 76,
      "BEFORE_NODE": 76.0,
      "AFTER_NODE": 77.0,
      "BEFORE_LAT": 22.738199,
      "BEFORE_LON": 69.720482,
      "AFTER_LAT": 22.738132,
      "AFTER_LON": 69.720566,
      "SOG": 0,
      "MOVINGTIME": 2100.0,
      "ARRIVALTIME": "20251201045900"
    },
    {
      "SEQ": 77,
      "BEFORE_NODE": 77.0,
      "AFTER_NODE": 78.0,
      "BEFORE_LAT": 22.738132,
      "BEFORE_LON": 69.720566,
      "AFTER_LAT": 22.738234,
      "AFTER_LON": 69.720436,
      "SOG": 0.1,
      "MOVINGTIME": 1860.0,
      "ARRIVALTIME": "20251201053000"
    },
    {
      "SEQ": 78,
      "BEFORE_NODE": 78.0,
      "AFTER_NODE": 79.0,
      "BEFORE_LAT": 22.738234,
      "BEFORE_LON": 69.720436,
      "AFTER_LAT": 22.738283,
      "AFTER_LON": 69.720337,
      "SOG": 0,
      "MOVINGTIME": 1860.0,
      "ARRIVALTIME": "20251201060100"
    },
    {
      "SEQ": 79,
      "BEFORE_NODE": 79.0,
      "AFTER_NODE": 80.0,
      "BEFORE_LAT": 22.738283,
      "BEFORE_LON": 69.720337,
      "AFTER_LAT": 22.73815,
      "AFTER_LON": 69.720482,
      "SOG": 0,
      "MOVINGTIME": 1860.0,
      "ARRIVALTIME": "20251201063200"
    },
    {
      "SEQ": 80,
      "BEFORE_NODE": 80.0,
      "AFTER_NODE": 81.0,
      "BEFORE_LAT": 22.73815,
      "BEFORE_LON": 69.720482,
      "AFTER_LAT": 22.738132,
      "AFTER_LON": 69.720467,
      "SOG": 0,
      "MOVINGTIME": 1380.0,
      "ARRIVALTIME": "20251201065500"
    },
    {
      "SEQ": 81,
      "BEFORE_NODE": 81.0,
      "AFTER_NODE": 82.0,
      "BEFORE_LAT": 22.738132,
      "BEFORE_LON": 69.720467,
      "AFTER_LAT": 22.738184,
      "AFTER_LON": 69.720451,
      "SOG": 0,
      "MOVINGTIME": 2160.0,
      "ARRIVALTIME": "20251201073100"
    },
    {
      "SEQ": 82,
      "BEFORE_NODE": 82.0,
      "AFTER_NODE": 83.0,
      "BEFORE_LAT": 22.738184,
      "BEFORE_LON": 69.720451,
      "AFTER_LAT": 22.738083,
      "AFTER_LON": 69.720398,
      "SOG": 0.1,
      "MOVINGTIME": 1740.0,
      "ARRIVALTIME": "20251201080000"
    },
    {
      "SEQ": 83,
      "BEFORE_NODE": 83.0,
      "AFTER_NODE": 84.0,
      "BEFORE_LAT": 22.738083,
      "BEFORE_LON": 69.720398,
      "AFTER_LAT": 22.738117,
      "AFTER_LON": 69.720451,
      "SOG": 0,
      "MOVINGTIME": 2040.0,
      "ARRIVALTIME": "20251201083400"
    },
    {
      "SEQ": 84,
      "BEFORE_NODE": 84.0,
      "AFTER_NODE": 85.0,
      "BEFORE_LAT": 22.738117,
      "BEFORE_LON": 69.720451,
      "AFTER_LAT": 22.738083,
      "AFTER_LON": 69.720413,
      "SOG": 0,
      "MOVINGTIME": 1080.0,
      "ARRIVALTIME": "20251201085200"
    },
    {
      "SEQ": 85,
      "BEFORE_NODE": 85.0,
      "AFTER_NODE": 86.0,
      "BEFORE_LAT": 22.738083,
      "BEFORE_LON": 69.720413,
      "AFTER_LAT": 22.738083,
      "AFTER_LON": 69.720398,
      "SOG": 0,
      "MOVINGTIME": 2220.0,
      "ARRIVALTIME": "20251201092900"
    },
    {
      "SEQ": 86,
      "BEFORE_NODE": 86.0,
      "AFTER_NODE": 87.0,
      "BEFORE_LAT": 22.738083,
      "BEFORE_LON": 69.720398,
      "AFTER_LAT": 22.740917,
      "AFTER_LON": 69.718834,
      "SOG": 2.2,
      "MOVINGTIME": 1800.0,
      "ARRIVALTIME": "20251201095900"
    },
    {
      "SEQ": 87,
      "BEFORE_NODE": 87.0,
      "AFTER_NODE": 88.0,
      "BEFORE_LAT": 22.740917,
      "BEFORE_LON": 69.718834,
      "AFTER_LAT": 22.681917,
      "AFTER_LON": 69.710564,
      "SOG": 16.1,
      "MOVINGTIME": 2100.0,
      "ARRIVALTIME": "20251201103400"
    },
    {
      "SEQ": 88,
      "BEFORE_NODE": 88.0,
      "AFTER_NODE": 89.0,
      "BEFORE_LAT": 22.681917,
      "BEFORE_LON": 69.710564,
      "AFTER_LAT": 22.626783,
      "AFTER_LON": 69.590401,
      "SOG": 17.5,
      "MOVINGTIME": 1800.0,
      "ARRIVALTIME": "20251201110400"
    },
    {
      "SEQ": 89,
      "BEFORE_NODE": 89.0,
      "AFTER_NODE": 90.0,
      "BEFORE_LAT": 22.626783,
      "BEFORE_LON": 69.590401,
      "AFTER_LAT": 22.6327,
      "AFTER_LON": 69.451164,
      "SOG": 16.8,
      "MOVINGTIME": 1860.0,
      "ARRIVALTIME": "20251201113500"
    },
    {
      "SEQ": 90,
      "BEFORE_NODE": 90.0,
      "AFTER_NODE": 91.0,
      "BEFORE_LAT": 22.6327,
      "BEFORE_LON": 69.451164,
      "AFTER_LAT": 22.608633,
      "AFTER_LON": 69.346497,
      "SOG": 16.6,
      "MOVINGTIME": 1740.0,
      "ARRIVALTIME": "20251201120400"
    },
    {
      "SEQ": 91,
      "BEFORE_NODE": 91.0,
      "AFTER_NODE": 92.0,
      "BEFORE_LAT": 22.608633,
      "BEFORE_LON": 69.346497,
      "AFTER_LAT": 22.639799,
      "AFTER_LON": 69.180717,
      "SOG": 14.5,
      "MOVINGTIME": 1800.0,
      "ARRIVALTIME": "20251201123400"
    },
    {
      "SEQ": 92,
      "BEFORE_NODE": 92.0,
      "AFTER_NODE": 93.0,
      "BEFORE_LAT": 22.639799,
      "BEFORE_LON": 69.180717,
      "AFTER_LAT": 22.638067,
      "AFTER_LON": 69.029602,
      "SOG": 14.6,
      "MOVINGTIME": 1860.0,
      "ARRIVALTIME": "20251201130500"
    },
    {
      "SEQ": 93,
      "BEFORE_NODE": 93.0,
      "AFTER_NODE": 94.0,
      "BEFORE_LAT": 22.638067,
      "BEFORE_LON": 69.029602,
      "AFTER_LAT": 22.622717,
      "AFTER_LON": 68.941566,
      "SOG": 14.5,
      "MOVINGTIME": 1680.0,
      "ARRIVALTIME": "20251201133300"
    },
    {
      "SEQ": 94,
      "BEFORE_NODE": 94.0,
      "AFTER_NODE": 95.0,
      "BEFORE_LAT": 22.622717,
      "BEFORE_LON": 68.941566,
      "AFTER_LAT": 22.593283,
      "AFTER_LON": 68.816521,
      "SOG": 16.5,
      "MOVINGTIME": 1680.0,
      "ARRIVALTIME": "20251201140100"
    },
    {
      "SEQ": 95,
      "BEFORE_NODE": 95.0,
      "AFTER_NODE": 96.0,
      "BEFORE_LAT": 22.593283,
      "BEFORE_LON": 68.816521,
      "AFTER_LAT": 22.535566,
      "AFTER_LON": 68.640984,
      "SOG": 17.2,
      "MOVINGTIME": 1980.0,
      "ARRIVALTIME": "20251201143400"
    },
    {
      "SEQ": 96,
      "BEFORE_NODE": 96.0,
      "AFTER_NODE": 97.0,
      "BEFORE_LAT": 22.535566,
      "BEFORE_LON": 68.640984,
      "AFTER_LAT": 22.572451,
      "AFTER_LON": 68.505524,
      "SOG": 18.2,
      "MOVINGTIME": 1560.0,
      "ARRIVALTIME": "20251201150000"
    },
    {
      "SEQ": 97,
      "BEFORE_NODE": 97.0,
      "AFTER_NODE": 98.0,
      "BEFORE_LAT": 22.572451,
      "BEFORE_LON": 68.505524,
      "AFTER_LAT": 22.674566,
      "AFTER_LON": 68.343102,
      "SOG": 16.1,
      "MOVINGTIME": 2220.0,
      "ARRIVALTIME": "20251201153700"
    },
    {
      "SEQ": 98,
      "BEFORE_NODE": 98.0,
      "AFTER_NODE": 99.0,
      "BEFORE_LAT": 22.674566,
      "BEFORE_LON": 68.343102,
      "AFTER_LAT": 22.7199,
      "AFTER_LON": 68.24855,
      "SOG": 16.2,
      "MOVINGTIME": 1680.0,
      "ARRIVALTIME": "20251201160500"
    },
    {
      "SEQ": 99,
      "BEFORE_NODE": 99.0,
      "AFTER_NODE": 100.0,
      "BEFORE_LAT": 22.7199,
      "BEFORE_LON": 68.24855,
      "AFTER_LAT": 22.793684,
      "AFTER_LON": 68.096817,
      "SOG": 16.1,
      "MOVINGTIME": 1680.0,
      "ARRIVALTIME": "20251201163300"
    },
    {
      "SEQ": 100,
      "BEFORE_NODE": 100.0,
      "AFTER_NODE": 101.0,
      "BEFORE_LAT": 22.793684,
      "BEFORE_LON": 68.096817,
      "AFTER_LAT": 22.865784,
      "AFTER_LON": 68.007568,
      "SOG": 16,
      "MOVINGTIME": 1920.0,
      "ARRIVALTIME": "20251201170500"
    },
    {
      "SEQ": 101,
      "BEFORE_NODE": 101.0,
      "AFTER_NODE": 102.0,
      "BEFORE_LAT": 22.865784,
      "BEFORE_LON": 68.007568,
      "AFTER_LAT": 22.98785,
      "AFTER_LON": 67.933655,
      "SOG": 15.8,
      "MOVINGTIME": 1740.0,
      "ARRIVALTIME": "20251201173400"
    },
    {
      "SEQ": 102,
      "BEFORE_NODE": 102.0,
      "AFTER_NODE": 103.0,
      "BEFORE_LAT": 22.98785,
      "BEFORE_LON": 67.933655,
      "AFTER_LAT": 23.114149,
      "AFTER_LON": 67.857269,
      "SOG": 16,
      "MOVINGTIME": 1800.0,
      "ARRIVALTIME": "20251201180400"
    },
    {
      "SEQ": 103,
      "BEFORE_NODE": 103.0,
      "AFTER_NODE": 104.0,
      "BEFORE_LAT": 23.114149,
      "BEFORE_LON": 67.857269,
      "AFTER_LAT": 23.208883,
      "AFTER_LON": 67.72493,
      "SOG": 16.2,
      "MOVINGTIME": 1860.0,
      "ARRIVALTIME": "20251201183500"
    },
    {
      "SEQ": 104,
      "BEFORE_NODE": 104.0,
      "AFTER_NODE": 105.0,
      "BEFORE_LAT": 23.208883,
      "BEFORE_LON": 67.72493,
      "AFTER_LAT": 23.291134,
      "AFTER_LON": 67.682098,
      "SOG": 16.1,
      "MOVINGTIME": 1740.0,
      "ARRIVALTIME": "20251201190400"
    },
    {
      "SEQ": 105,
      "BEFORE_NODE": 105.0,
      "AFTER_NODE": 106.0,
      "BEFORE_LAT": 23.291134,
      "BEFORE_LON": 67.682098,
      "AFTER_LAT": 23.354584,
      "AFTER_LON": 67.585068,
      "SOG": 16.3,
      "MOVINGTIME": 1800.0,
      "ARRIVALTIME": "20251201193400"
    },
    {
      "SEQ": 106,
      "BEFORE_NODE": 106.0,
      "AFTER_NODE": 107.0,
      "BEFORE_LAT": 23.354584,
      "BEFORE_LON": 67.585068,
      "AFTER_LAT": 23.442368,
      "AFTER_LON": 67.426468,
      "SOG": 16,
      "MOVINGTIME": 1740.0,
      "ARRIVALTIME": "20251201200300"
    },
    {
      "SEQ": 107,
      "BEFORE_NODE": 107.0,
      "AFTER_NODE": 108.0,
      "BEFORE_LAT": 23.442368,
      "BEFORE_LON": 67.426468,
      "AFTER_LAT": 23.465151,
      "AFTER_LON": 67.32885,
      "SOG": 16.2,
      "MOVINGTIME": 1980.0,
      "ARRIVALTIME": "20251201203600"
    },
    {
      "SEQ": 108,
      "BEFORE_NODE": 108.0,
      "AFTER_NODE": 109.0,
      "BEFORE_LAT": 23.465151,
      "BEFORE_LON": 67.32885,
      "AFTER_LAT": 23.574783,
      "AFTER_LON": 67.19619,
      "SOG": 16.2,
      "MOVINGTIME": 1740.0,
      "ARRIVALTIME": "20251201210500"
    },
    {
      "SEQ": 109,
      "BEFORE_NODE": 109.0,
      "AFTER_NODE": 110.0,
      "BEFORE_LAT": 23.574783,
      "BEFORE_LON": 67.19619,
      "AFTER_LAT": 23.665066,
      "AFTER_LON": 67.080544,
      "SOG": 16.2,
      "MOVINGTIME": 1800.0,
      "ARRIVALTIME": "20251201213500"
    },
    {
      "SEQ": 110,
      "BEFORE_NODE": 110.0,
      "AFTER_NODE": 111.0,
      "BEFORE_LAT": 23.665066,
      "BEFORE_LON": 67.080544,
      "AFTER_LAT": 23.757133,
      "AFTER_LON": 67.003616,
      "SOG": 16.2,
      "MOVINGTIME": 1440.0,
      "ARRIVALTIME": "20251201215900"
    },
    {
      "SEQ": 111,
      "BEFORE_NODE": 111.0,
      "AFTER_NODE": 112.0,
      "BEFORE_LAT": 23.757133,
      "BEFORE_LON": 67.003616,
      "AFTER_LAT": 23.912134,
      "AFTER_LON": 66.963921,
      "SOG": 16.2,
      "MOVINGTIME": 2040.0,
      "ARRIVALTIME": "20251201223300"
    },
    {
      "SEQ": 112,
      "BEFORE_NODE": 112.0,
      "AFTER_NODE": 113.0,
      "BEFORE_LAT": 23.912134,
      "BEFORE_LON": 66.963921,
      "AFTER_LAT": 24.06575,
      "AFTER_LON": 66.944946,
      "SOG": 13.8,
      "MOVINGTIME": 1804.0,
      "ARRIVALTIME": "20251201230304"
    },
    {
      "SEQ": 113,
      "BEFORE_NODE": 113.0,
      "AFTER_NODE": 114.0,
      "BEFORE_LAT": 24.06575,
      "BEFORE_LON": 66.944946,
      "AFTER_LAT": 24.145384,
      "AFTER_LON": 66.953453,
      "SOG": 14,
      "MOVINGTIME": 1736.0,
      "ARRIVALTIME": "20251201233200"
    },
    {
      "SEQ": 114,
      "BEFORE_NODE": 114.0,
      "AFTER_NODE": 115.0,
      "BEFORE_LAT": 24.145384,
      "BEFORE_LON": 66.953453,
      "AFTER_LAT": 24.295401,
      "AFTER_LON": 66.965401,
      "SOG": 14.1,
      "MOVINGTIME": 1980.0,
      "ARRIVALTIME": "20251202000500"
    },
    {
      "SEQ": 115,
      "BEFORE_NODE": 115.0,
      "AFTER_NODE": 116.0,
      "BEFORE_LAT": 24.295401,
      "BEFORE_LON": 66.965401,
      "AFTER_LAT": 24.400366,
      "AFTER_LON": 66.956268,
      "SOG": 14.3,
      "MOVINGTIME": 1800.0,
      "ARRIVALTIME": "20251202003500"
    },
    {
      "SEQ": 116,
      "BEFORE_NODE": 116.0,
      "AFTER_NODE": 117.0,
      "BEFORE_LAT": 24.400366,
      "BEFORE_LON": 66.956268,
      "AFTER_LAT": 24.548149,
      "AFTER_LON": 66.927231,
      "SOG": 14.1,
      "MOVINGTIME": 1800.0,
      "ARRIVALTIME": "20251202010500"
    },
    {
      "SEQ": 117,
      "BEFORE_NODE": 117.0,
      "AFTER_NODE": 118.0,
      "BEFORE_LAT": 24.548149,
      "BEFORE_LON": 66.927231,
      "AFTER_LAT": 24.6061,
      "AFTER_LON": 66.898483,
      "SOG": 8.3,
      "MOVINGTIME": 1860.0,
      "ARRIVALTIME": "20251202013600"
    },
    {
      "SEQ": 118,
      "BEFORE_NODE": 118.0,
      "AFTER_NODE": 119.0,
      "BEFORE_LAT": 24.6061,
      "BEFORE_LON": 66.898483,
      "AFTER_LAT": 24.615868,
      "AFTER_LON": 66.865036,
      "SOG": 1.2,
      "MOVINGTIME": 1800.0,
      "ARRIVALTIME": "20251202020600"
    },
    {
      "SEQ": 119,
      "BEFORE_NODE": 119.0,
      "AFTER_NODE": 120.0,
      "BEFORE_LAT": 24.615868,
      "BEFORE_LON": 66.865036,
      "AFTER_LAT": 24.61385,
      "AFTER_LON": 66.873268,
      "SOG": 0.4,
      "MOVINGTIME": 1920.0,
      "ARRIVALTIME": "20251202023800"
    },
    {
      "SEQ": 120,
      "BEFORE_NODE": 120.0,
      "AFTER_NODE": 121.0,
      "BEFORE_LAT": 24.61385,
      "BEFORE_LON": 66.873268,
      "AFTER_LAT": 24.610149,
      "AFTER_LON": 66.875267,
      "SOG": 0.3,
      "MOVINGTIME": 1740.0,
      "ARRIVALTIME": "20251202030700"
    },
    {
      "SEQ": 121,
      "BEFORE_NODE": 121.0,
      "AFTER_NODE": 122.0,
      "BEFORE_LAT": 24.610149,
      "BEFORE_LON": 66.875267,
      "AFTER_LAT": 24.608601,
      "AFTER_LON": 66.875099,
      "SOG": 0.3,
      "MOVINGTIME": 1680.0,
      "ARRIVALTIME": "20251202033500"
    },
    {
      "SEQ": 122,
      "BEFORE_NODE": 122.0,
      "AFTER_NODE": 123.0,
      "BEFORE_LAT": 24.608601,
      "BEFORE_LON": 66.875099,
      "AFTER_LAT": 24.664167,
      "AFTER_LON": 66.894386,
      "SOG": 10.6,
      "MOVINGTIME": 1860.0,
      "ARRIVALTIME": "20251202040600"
    },
    {
      "SEQ": 123,
      "BEFORE_NODE": 123.0,
      "AFTER_NODE": 124.0,
      "BEFORE_LAT": 24.664167,
      "BEFORE_LON": 66.894386,
      "AFTER_LAT": 24.737717,
      "AFTER_LON": 66.947479,
      "SOG": 11.1,
      "MOVINGTIME": 1620.0,
      "ARRIVALTIME": "20251202043300"
    },
    {
      "SEQ": 124,
      "BEFORE_NODE": 124.0,
      "AFTER_NODE": 125.0,
      "BEFORE_LAT": 24.737717,
      "BEFORE_LON": 66.947479,
      "AFTER_LAT": 24.761366,
      "AFTER_LON": 66.969147,
      "SOG": 11.3,
      "MOVINGTIME": 1860.0,
      "ARRIVALTIME": "20251202050400"
    },
    {
      "SEQ": 125,
      "BEFORE_NODE": 125.0,
      "AFTER_NODE": 126.0,
      "BEFORE_LAT": 24.761366,
      "BEFORE_LON": 66.969147,
      "AFTER_LAT": 24.799999,
      "AFTER_LON": 66.988655,
      "SOG": 0.1,
      "MOVINGTIME": 1680.0,
      "ARRIVALTIME": "20251202053200"
    },
    {
      "SEQ": 126,
      "BEFORE_NODE": 126.0,
      "AFTER_NODE": 127.0,
      "BEFORE_LAT": 24.799999,
      "BEFORE_LON": 66.988655,
      "AFTER_LAT": 24.800016,
      "AFTER_LON": 66.988457,
      "SOG": 0,
      "MOVINGTIME": 1920.0,
      "ARRIVALTIME": "20251202060400"
    },
    {
      "SEQ": 127,
      "BEFORE_NODE": 127.0,
      "AFTER_NODE": 128.0,
      "BEFORE_LAT": 24.800016,
      "BEFORE_LON": 66.988457,
      "AFTER_LAT": 24.799816,
      "AFTER_LON": 66.988869,
      "SOG": 0,
      "MOVINGTIME": 1800.0,
      "ARRIVALTIME": "20251202063400"
    },
    {
      "SEQ": 128,
      "BEFORE_NODE": 128.0,
      "AFTER_NODE": 129.0,
      "BEFORE_LAT": 24.799816,
      "BEFORE_LON": 66.988869,
      "AFTER_LAT": 24.799734,
      "AFTER_LON": 66.988655,
      "SOG": 0,
      "MOVINGTIME": 1740.0,
      "ARRIVALTIME": "20251202070300"
    },
    {
      "SEQ": 129,
      "BEFORE_NODE": 129.0,
      "AFTER_NODE": 130.0,
      "BEFORE_LAT": 24.799734,
      "BEFORE_LON": 66.988655,
      "AFTER_LAT": 24.79985,
      "AFTER_LON": 66.988747,
      "SOG": 0,
      "MOVINGTIME": 1740.0,
      "ARRIVALTIME": "20251202073200"
    },
    {
      "SEQ": 130,
      "BEFORE_NODE": 130.0,
      "AFTER_NODE": 131.0,
      "BEFORE_LAT": 24.79985,
      "BEFORE_LON": 66.988747,
      "AFTER_LAT": 24.799816,
      "AFTER_LON": 66.988922,
      "SOG": 0,
      "MOVINGTIME": 1740.0,
      "ARRIVALTIME": "20251202080100"
    },
    {
      "SEQ": 131,
      "BEFORE_NODE": 131.0,
      "AFTER_NODE": 132.0,
      "BEFORE_LAT": 24.799816,
      "BEFORE_LON": 66.988922,
      "AFTER_LAT": 24.79995,
      "AFTER_LON": 66.988785,
      "SOG": 0,
      "MOVINGTIME": 1860.0,
      "ARRIVALTIME": "20251202083200"
    },
    {
      "SEQ": 132,
      "BEFORE_NODE": 132.0,
      "AFTER_NODE": 133.0,
      "BEFORE_LAT": 24.79995,
      "BEFORE_LON": 66.988785,
      "AFTER_LAT": 24.799999,
      "AFTER_LON": 66.98877,
      "SOG": 0,
      "MOVINGTIME": 1860.0,
      "ARRIVALTIME": "20251202090300"
    },
    {
      "SEQ": 133,
      "BEFORE_NODE": 133.0,
      "AFTER_NODE": 134.0,
      "BEFORE_LAT": 24.799999,
      "BEFORE_LON": 66.98877,
      "AFTER_LAT": 24.7999,
      "AFTER_LON": 66.988815,
      "SOG": 0,
      "MOVINGTIME": 1860.0,
      "ARRIVALTIME": "20251202093400"
    },
    {
      "SEQ": 134,
      "BEFORE_NODE": 134.0,
      "AFTER_NODE": 135.0,
      "BEFORE_LAT": 24.7999,
      "BEFORE_LON": 66.988815,
      "AFTER_LAT": 24.799833,
      "AFTER_LON": 66.988899,
      "SOG": 0,
      "MOVINGTIME": 1320.0,
      "ARRIVALTIME": "20251202095600"
    },
    {
      "SEQ": 135,
      "BEFORE_NODE": 135.0,
      "AFTER_NODE": 136.0,
      "BEFORE_LAT": 24.799833,
      "BEFORE_LON": 66.988899,
      "AFTER_LAT": 24.799801,
      "AFTER_LON": 66.988831,
      "SOG": 0,
      "MOVINGTIME": 2280.0,
      "ARRIVALTIME": "20251202103400"
    },
    {
      "SEQ": 136,
      "BEFORE_NODE": 136.0,
      "AFTER_NODE": 137.0,
      "BEFORE_LAT": 24.799801,
      "BEFORE_LON": 66.988831,
      "AFTER_LAT": 24.79995,
      "AFTER_LON": 66.988785,
      "SOG": 0,
      "MOVINGTIME": 1620.0,
      "ARRIVALTIME": "20251202110100"
    },
    {
      "SEQ": 137,
      "BEFORE_NODE": 137.0,
      "AFTER_NODE": 138.0,
      "BEFORE_LAT": 24.79995,
      "BEFORE_LON": 66.988785,
      "AFTER_LAT": 24.799932,
      "AFTER_LON": 66.9888,
      "SOG": 0,
      "MOVINGTIME": 1920.0,
      "ARRIVALTIME": "20251202113300"
    },
    {
      "SEQ": 138,
      "BEFORE_NODE": 138.0,
      "AFTER_NODE": 139.0,
      "BEFORE_LAT": 24.799932,
      "BEFORE_LON": 66.9888,
      "AFTER_LAT": 24.799917,
      "AFTER_LON": 66.988747,
      "SOG": 0,
      "MOVINGTIME": 1380.0,
      "ARRIVALTIME": "20251202115600"
    },
    {
      "SEQ": 139,
      "BEFORE_NODE": 139.0,
      "AFTER_NODE": 140.0,
      "BEFORE_LAT": 24.799917,
      "BEFORE_LON": 66.988747,
      "AFTER_LAT": 24.799917,
      "AFTER_LON": 66.988853,
      "SOG": 0,
      "MOVINGTIME": 2220.0,
      "ARRIVALTIME": "20251202123300"
    },
    {
      "SEQ": 140,
      "BEFORE_NODE": 140.0,
      "AFTER_NODE": 141.0,
      "BEFORE_LAT": 24.799917,
      "BEFORE_LON": 66.988853,
      "AFTER_LAT": 24.799866,
      "AFTER_LON": 66.98877,
      "SOG": 0,
      "MOVINGTIME": 1260.0,
      "ARRIVALTIME": "20251202125400"
    },
    {
      "SEQ": 141,
      "BEFORE_NODE": 141.0,
      "AFTER_NODE": 142.0,
      "BEFORE_LAT": 24.799866,
      "BEFORE_LON": 66.98877,
      "AFTER_LAT": 24.799833,
      "AFTER_LON": 66.988815,
      "SOG": 0,
      "MOVINGTIME": 1800.0,
      "ARRIVALTIME": "20251202132400"
    },
    {
      "SEQ": 142,
      "BEFORE_NODE": 142.0,
      "AFTER_NODE": 143.0,
      "BEFORE_LAT": 24.799833,
      "BEFORE_LON": 66.988815,
      "AFTER_LAT": 24.7999,
      "AFTER_LON": 66.988747,
      "SOG": 0,
      "MOVINGTIME": 1500.0,
      "ARRIVALTIME": "20251202134900"
    },
    {
      "SEQ": 143,
      "BEFORE_NODE": 143.0,
      "AFTER_NODE": 144.0,
      "BEFORE_LAT": 24.7999,
      "BEFORE_LON": 66.988747,
      "AFTER_LAT": 24.799866,
      "AFTER_LON": 66.988731,
      "SOG": 0,
      "MOVINGTIME": 5400.0,
      "ARRIVALTIME": "20251202151900"
    },
    {
      "SEQ": 144,
      "BEFORE_NODE": 144.0,
      "AFTER_NODE": 145.0,
      "BEFORE_LAT": 24.799866,
      "BEFORE_LON": 66.988731,
      "AFTER_LAT": 24.800133,
      "AFTER_LON": 66.988983,
      "SOG": 0,
      "MOVINGTIME": 2580.0,
      "ARRIVALTIME": "20251202160200"
    },
    {
      "SEQ": 145,
      "BEFORE_NODE": 145.0,
      "AFTER_NODE": 146.0,
      "BEFORE_LAT": 24.800133,
      "BEFORE_LON": 66.988983,
      "AFTER_LAT": 24.799932,
      "AFTER_LON": 66.988815,
      "SOG": 0,
      "MOVINGTIME": 1920.0,
      "ARRIVALTIME": "20251202163400"
    },
    {
      "SEQ": 146,
      "BEFORE_NODE": 146.0,
      "AFTER_NODE": 147.0,
      "BEFORE_LAT": 24.799932,
      "BEFORE_LON": 66.988815,
      "AFTER_LAT": 24.79995,
      "AFTER_LON": 66.988785,
      "SOG": 0,
      "MOVINGTIME": 1440.0,
      "ARRIVALTIME": "20251202165800"
    },
    {
      "SEQ": 147,
      "BEFORE_NODE": 147.0,
      "AFTER_NODE": 148.0,
      "BEFORE_LAT": 24.79995,
      "BEFORE_LON": 66.988785,
      "AFTER_LAT": 24.800167,
      "AFTER_LON": 66.988586,
      "SOG": 0,
      "MOVINGTIME": 1620.0,
      "ARRIVALTIME": "20251202172500"
    },
    {
      "SEQ": 148,
      "BEFORE_NODE": 148.0,
      "AFTER_NODE": 149.0,
      "BEFORE_LAT": 24.800167,
      "BEFORE_LON": 66.988586,
      "AFTER_LAT": 24.7999,
      "AFTER_LON": 66.9888,
      "SOG": 0.1,
      "MOVINGTIME": 2280.0,
      "ARRIVALTIME": "20251202180300"
    },
    {
      "SEQ": 149,
      "BEFORE_NODE": 149.0,
      "AFTER_NODE": 150.0,
      "BEFORE_LAT": 24.7999,
      "BEFORE_LON": 66.9888,
      "AFTER_LAT": 24.799883,
      "AFTER_LON": 66.988785,
      "SOG": 0,
      "MOVINGTIME": 1440.0,
      "ARRIVALTIME": "20251202182700"
    },
    {
      "SEQ": 150,
      "BEFORE_NODE": 150.0,
      "AFTER_NODE": 151.0,
      "BEFORE_LAT": 24.799883,
      "BEFORE_LON": 66.988785,
      "AFTER_LAT": 24.799883,
      "AFTER_LON": 66.988785,
      "SOG": 0,
      "MOVINGTIME": 1980.0,
      "ARRIVALTIME": "20251202190000"
    },
    {
      "SEQ": 151,
      "BEFORE_NODE": 151.0,
      "AFTER_NODE": 152.0,
      "BEFORE_LAT": 24.799883,
      "BEFORE_LON": 66.988785,
      "AFTER_LAT": 24.799967,
      "AFTER_LON": 66.988724,
      "SOG": 0,
      "MOVINGTIME": 1800.0,
      "ARRIVALTIME": "20251202193000"
    },
    {
      "SEQ": 152,
      "BEFORE_NODE": 152.0,
      "AFTER_NODE": 153.0,
      "BEFORE_LAT": 24.799967,
      "BEFORE_LON": 66.988724,
      "AFTER_LAT": 24.7999,
      "AFTER_LON": 66.988747,
      "SOG": 0,
      "MOVINGTIME": 1800.0,
      "ARRIVALTIME": "20251202200000"
    },
    {
      "SEQ": 153,
      "BEFORE_NODE": 153.0,
      "AFTER_NODE": 154.0,
      "BEFORE_LAT": 24.7999,
      "BEFORE_LON": 66.988747,
      "AFTER_LAT": 24.7999,
      "AFTER_LON": 66.988815,
      "SOG": 0,
      "MOVINGTIME": 1260.0,
      "ARRIVALTIME": "20251202202100"
    },
    {
      "SEQ": 154,
      "BEFORE_NODE": 154.0,
      "AFTER_NODE": 155.0,
      "BEFORE_LAT": 24.7999,
      "BEFORE_LON": 66.988815,
      "AFTER_LAT": 24.799984,
      "AFTER_LON": 66.988655,
      "SOG": 0,
      "MOVINGTIME": 1920.0,
      "ARRIVALTIME": "20251202205300"
    },
    {
      "SEQ": 155,
      "BEFORE_NODE": 155.0,
      "AFTER_NODE": 156.0,
      "BEFORE_LAT": 24.799984,
      "BEFORE_LON": 66.988655,
      "AFTER_LAT": 24.800016,
      "AFTER_LON": 66.988876,
      "SOG": 0,
      "MOVINGTIME": 2220.0,
      "ARRIVALTIME": "20251202213000"
    },
    {
      "SEQ": 156,
      "BEFORE_NODE": 156.0,
      "AFTER_NODE": 157.0,
      "BEFORE_LAT": 24.800016,
      "BEFORE_LON": 66.988876,
      "AFTER_LAT": 24.799967,
      "AFTER_LON": 66.988724,
      "SOG": 0,
      "MOVINGTIME": 2100.0,
      "ARRIVALTIME": "20251202220500"
    },
    {
      "SEQ": 157,
      "BEFORE_NODE": 157.0,
      "AFTER_NODE": 158.0,
      "BEFORE_LAT": 24.799967,
      "BEFORE_LON": 66.988724,
      "AFTER_LAT": 24.79985,
      "AFTER_LON": 66.988724,
      "SOG": 0,
      "MOVINGTIME": 1680.0,
      "ARRIVALTIME": "20251202223300"
    },
    {
      "SEQ": 158,
      "BEFORE_NODE": 158.0,
      "AFTER_NODE": 159.0,
      "BEFORE_LAT": 24.79985,
      "BEFORE_LON": 66.988724,
      "AFTER_LAT": 24.799917,
      "AFTER_LON": 66.988815,
      "SOG": 0,
      "MOVINGTIME": 1920.0,
      "ARRIVALTIME": "20251202230500"
    },
    {
      "SEQ": 159,
      "BEFORE_NODE": 159.0,
      "AFTER_NODE": 160.0,
      "BEFORE_LAT": 24.799917,
      "BEFORE_LON": 66.988815,
      "AFTER_LAT": 24.800066,
      "AFTER_LON": 66.988747,
      "SOG": 0,
      "MOVINGTIME": 1608.0,
      "ARRIVALTIME": "20251202233148"
    },
    {
      "SEQ": 160,
      "BEFORE_NODE": 160.0,
      "AFTER_NODE": 161.0,
      "BEFORE_LAT": 24.800066,
      "BEFORE_LON": 66.988747,
      "AFTER_LAT": 24.799667,
      "AFTER_LON": 66.988701,
      "SOG": 0,
      "MOVINGTIME": 1752.0,
      "ARRIVALTIME": "20251203000100"
    },
    {
      "SEQ": 161,
      "BEFORE_NODE": 161.0,
      "AFTER_NODE": 162.0,
      "BEFORE_LAT": 24.799667,
      "BEFORE_LON": 66.988701,
      "AFTER_LAT": 24.799767,
      "AFTER_LON": 66.988899,
      "SOG": 0,
      "MOVINGTIME": 1740.0,
      "ARRIVALTIME": "20251203003000"
    },
    {
      "SEQ": 162,
      "BEFORE_NODE": 162.0,
      "AFTER_NODE": 163.0,
      "BEFORE_LAT": 24.799767,
      "BEFORE_LON": 66.988899,
      "AFTER_LAT": 24.79995,
      "AFTER_LON": 66.988831,
      "SOG": 0,
      "MOVINGTIME": 1740.0,
      "ARRIVALTIME": "20251203005900"
    },
    {
      "SEQ": 163,
      "BEFORE_NODE": 163.0,
      "AFTER_NODE": 164.0,
      "BEFORE_LAT": 24.79995,
      "BEFORE_LON": 66.988831,
      "AFTER_LAT": 24.799833,
      "AFTER_LON": 66.988876,
      "SOG": 0,
      "MOVINGTIME": 1920.0,
      "ARRIVALTIME": "20251203013100"
    },
    {
      "SEQ": 164,
      "BEFORE_NODE": 164.0,
      "AFTER_NODE": 165.0,
      "BEFORE_LAT": 24.799833,
      "BEFORE_LON": 66.988876,
      "AFTER_LAT": 24.800249,
      "AFTER_LON": 66.988747,
      "SOG": 0,
      "MOVINGTIME": 1680.0,
      "ARRIVALTIME": "20251203015900"
    },
    {
      "SEQ": 165,
      "BEFORE_NODE": 165.0,
      "AFTER_NODE": 166.0,
      "BEFORE_LAT": 24.800249,
      "BEFORE_LON": 66.988747,
      "AFTER_LAT": 24.8001,
      "AFTER_LON": 66.988365,
      "SOG": 0,
      "MOVINGTIME": 2160.0,
      "ARRIVALTIME": "20251203023500"
    },
    {
      "SEQ": 166,
      "BEFORE_NODE": 166.0,
      "AFTER_NODE": 167.0,
      "BEFORE_LAT": 24.8001,
      "BEFORE_LON": 66.988365,
      "AFTER_LAT": 24.800051,
      "AFTER_LON": 66.988678,
      "SOG": 0,
      "MOVINGTIME": 1440.0,
      "ARRIVALTIME": "20251203025900"
    },
    {
      "SEQ": 167,
      "BEFORE_NODE": 167.0,
      "AFTER_NODE": 168.0,
      "BEFORE_LAT": 24.800051,
      "BEFORE_LON": 66.988678,
      "AFTER_LAT": 24.79995,
      "AFTER_LON": 66.988747,
      "SOG": 0,
      "MOVINGTIME": 1920.0,
      "ARRIVALTIME": "20251203033100"
    },
    {
      "SEQ": 168,
      "BEFORE_NODE": 168.0,
      "AFTER_NODE": 169.0,
      "BEFORE_LAT": 24.79995,
      "BEFORE_LON": 66.988747,
      "AFTER_LAT": 24.799883,
      "AFTER_LON": 66.988731,
      "SOG": 0,
      "MOVINGTIME": 1860.0,
      "ARRIVALTIME": "20251203040200"
    },
    {
      "SEQ": 169,
      "BEFORE_NODE": 169.0,
      "AFTER_NODE": 170.0,
      "BEFORE_LAT": 24.799883,
      "BEFORE_LON": 66.988731,
      "AFTER_LAT": 24.79985,
      "AFTER_LON": 66.988876,
      "SOG": 0,
      "MOVINGTIME": 3060.0,
      "ARRIVALTIME": "20251203045300"
    },
    {
      "SEQ": 170,
      "BEFORE_NODE": 170.0,
      "AFTER_NODE": 171.0,
      "BEFORE_LAT": 24.79985,
      "BEFORE_LON": 66.988876,
      "AFTER_LAT": 24.799967,
      "AFTER_LON": 66.988853,
      "SOG": 0,
      "MOVINGTIME": 2280.0,
      "ARRIVALTIME": "20251203053100"
    },
    {
      "SEQ": 171,
      "BEFORE_NODE": 171.0,
      "AFTER_NODE": 172.0,
      "BEFORE_LAT": 24.799967,
      "BEFORE_LON": 66.988853,
      "AFTER_LAT": 24.799917,
      "AFTER_LON": 66.988747,
      "SOG": 0,
      "MOVINGTIME": 2040.0,
      "ARRIVALTIME": "20251203060500"
    },
    {
      "SEQ": 172,
      "BEFORE_NODE": 172.0,
      "AFTER_NODE": 173.0,
      "BEFORE_LAT": 24.799917,
      "BEFORE_LON": 66.988747,
      "AFTER_LAT": 24.799917,
      "AFTER_LON": 66.988747,
      "SOG": 0,
      "MOVINGTIME": 1560.0,
      "ARRIVALTIME": "20251203063100"
    },
    {
      "SEQ": 173,
      "BEFORE_NODE": 173.0,
      "AFTER_NODE": 174.0,
      "BEFORE_LAT": 24.799917,
      "BEFORE_LON": 66.988747,
      "AFTER_LAT": 24.79995,
      "AFTER_LON": 66.988678,
      "SOG": 0,
      "MOVINGTIME": 1380.0,
      "ARRIVALTIME": "20251203065400"
    },
    {
      "SEQ": 174,
      "BEFORE_NODE": 174.0,
      "AFTER_NODE": 175.0,
      "BEFORE_LAT": 24.79995,
      "BEFORE_LON": 66.988678,
      "AFTER_LAT": 24.79995,
      "AFTER_LON": 66.98877,
      "SOG": 0,
      "MOVINGTIME": 2280.0,
      "ARRIVALTIME": "20251203073200"
    },
    {
      "SEQ": 175,
      "BEFORE_NODE": 175.0,
      "AFTER_NODE": 176.0,
      "BEFORE_LAT": 24.79995,
      "BEFORE_LON": 66.98877,
      "AFTER_LAT": 24.7999,
      "AFTER_LON": 66.988731,
      "SOG": 0,
      "MOVINGTIME": 1380.0,
      "ARRIVALTIME": "20251203075500"
    },
    {
      "SEQ": 176,
      "BEFORE_NODE": 176.0,
      "AFTER_NODE": 177.0,
      "BEFORE_LAT": 24.7999,
      "BEFORE_LON": 66.988731,
      "AFTER_LAT": 24.799833,
      "AFTER_LON": 66.988785,
      "SOG": 0,
      "MOVINGTIME": 2100.0,
      "ARRIVALTIME": "20251203083000"
    },
    {
      "SEQ": 177,
      "BEFORE_NODE": 177.0,
      "AFTER_NODE": 178.0,
      "BEFORE_LAT": 24.799833,
      "BEFORE_LON": 66.988785,
      "AFTER_LAT": 24.799932,
      "AFTER_LON": 66.988815,
      "SOG": 0,
      "MOVINGTIME": 1440.0,
      "ARRIVALTIME": "20251203085400"
    },
    {
      "SEQ": 178,
      "BEFORE_NODE": 178.0,
      "AFTER_NODE": 179.0,
      "BEFORE_LAT": 24.799932,
      "BEFORE_LON": 66.988815,
      "AFTER_LAT": 24.801567,
      "AFTER_LON": 66.989731,
      "SOG": 2,
      "MOVINGTIME": 1980.0,
      "ARRIVALTIME": "20251203092700"
    },
    {
      "SEQ": 179,
      "BEFORE_NODE": 179.0,
      "AFTER_NODE": 180.0,
      "BEFORE_LAT": 24.801567,
      "BEFORE_LON": 66.989731,
      "AFTER_LAT": 24.720051,
      "AFTER_LON": 66.927399,
      "SOG": 16.2,
      "MOVINGTIME": 2040.0,
      "ARRIVALTIME": "20251203100100"
    },
    {
      "SEQ": 180,
      "BEFORE_NODE": 180.0,
      "AFTER_NODE": 181.0,
      "BEFORE_LAT": 24.720051,
      "BEFORE_LON": 66.927399,
      "AFTER_LAT": 24.5811,
      "AFTER_LON": 66.883331,
      "SOG": 19.2,
      "MOVINGTIME": 1860.0,
      "ARRIVALTIME": "20251203103200"
    },
    {
      "SEQ": 181,
      "BEFORE_NODE": 181.0,
      "AFTER_NODE": 182.0,
      "BEFORE_LAT": 24.5811,
      "BEFORE_LON": 66.883331,
      "AFTER_LAT": 24.497734,
      "AFTER_LON": 66.884399,
      "SOG": 19.2,
      "MOVINGTIME": 1800.0,
      "ARRIVALTIME": "20251203110200"
    },
    {
      "SEQ": 182,
      "BEFORE_NODE": 182.0,
      "AFTER_NODE": 183.0,
      "BEFORE_LAT": 24.497734,
      "BEFORE_LON": 66.884399,
      "AFTER_LAT": 24.27165,
      "AFTER_LON": 66.893364,
      "SOG": 19.5,
      "MOVINGTIME": 1860.0,
      "ARRIVALTIME": "20251203113300"
    },
    {
      "SEQ": 183,
      "BEFORE_NODE": 183.0,
      "AFTER_NODE": 184.0,
      "BEFORE_LAT": 24.27165,
      "BEFORE_LON": 66.893364,
      "AFTER_LAT": 24.164133,
      "AFTER_LON": 66.905548,
      "SOG": 19.6,
      "MOVINGTIME": 1080.0,
      "ARRIVALTIME": "20251203115100"
    },
    {
      "SEQ": 184,
      "BEFORE_NODE": 184.0,
      "AFTER_NODE": 185.0,
      "BEFORE_LAT": 24.164133,
      "BEFORE_LON": 66.905548,
      "AFTER_LAT": 23.2894,
      "AFTER_LON": 67.255478,
      "SOG": 19.2,
      "MOVINGTIME": 10740.0,
      "ARRIVALTIME": "20251203145000"
    },
    {
      "SEQ": 185,
      "BEFORE_NODE": 185.0,
      "AFTER_NODE": 186.0,
      "BEFORE_LAT": 23.2894,
      "BEFORE_LON": 67.255478,
      "AFTER_LAT": 19.596983,
      "AFTER_LON": 69.109215,
      "SOG": 19.2,
      "MOVINGTIME": 45300.0,
      "ARRIVALTIME": "20251204032500"
    },
    {
      "SEQ": 186,
      "BEFORE_NODE": 186.0,
      "AFTER_NODE": 187.0,
      "BEFORE_LAT": 19.596983,
      "BEFORE_LON": 69.109215,
      "AFTER_LAT": 19.399933,
      "AFTER_LON": 69.209015,
      "SOG": 19.6,
      "MOVINGTIME": 2280.0,
      "ARRIVALTIME": "20251204040300"
    },
    {
      "SEQ": 187,
      "BEFORE_NODE": 187.0,
      "AFTER_NODE": 188.0,
      "BEFORE_LAT": 19.399933,
      "BEFORE_LON": 69.209015,
      "AFTER_LAT": 19.244749,
      "AFTER_LON": 69.286766,
      "SOG": 19.5,
      "MOVINGTIME": 1680.0,
      "ARRIVALTIME": "20251204043100"
    },
    {
      "SEQ": 188,
      "BEFORE_NODE": 188.0,
      "AFTER_NODE": 189.0,
      "BEFORE_LAT": 19.244749,
      "BEFORE_LON": 69.286766,
      "AFTER_LAT": 19.1464,
      "AFTER_LON": 69.336319,
      "SOG": 19.2,
      "MOVINGTIME": 1800.0,
      "ARRIVALTIME": "20251204050100"
    },
    {
      "SEQ": 189,
      "BEFORE_NODE": 189.0,
      "AFTER_NODE": 190.0,
      "BEFORE_LAT": 19.1464,
      "BEFORE_LON": 69.336319,
      "AFTER_LAT": 18.914316,
      "AFTER_LON": 69.446251,
      "SOG": 19,
      "MOVINGTIME": 4620.0,
      "ARRIVALTIME": "20251204061800"
    },
    {
      "SEQ": 190,
      "BEFORE_NODE": 190.0,
      "AFTER_NODE": 191.0,
      "BEFORE_LAT": 18.914316,
      "BEFORE_LON": 69.446251,
      "AFTER_LAT": 18.746983,
      "AFTER_LON": 69.575081,
      "SOG": 19.6,
      "MOVINGTIME": 3900.0,
      "ARRIVALTIME": "20251204072300"
    },
    {
      "SEQ": 191,
      "BEFORE_NODE": 191.0,
      "AFTER_NODE": 192.0,
      "BEFORE_LAT": 18.746983,
      "BEFORE_LON": 69.575081,
      "AFTER_LAT": 18.563667,
      "AFTER_LON": 69.639969,
      "SOG": 19.7,
      "MOVINGTIME": 2040.0,
      "ARRIVALTIME": "20251204075700"
    },
    {
      "SEQ": 192,
      "BEFORE_NODE": 192.0,
      "AFTER_NODE": 193.0,
      "BEFORE_LAT": 18.563667,
      "BEFORE_LON": 69.639969,
      "AFTER_LAT": 18.243717,
      "AFTER_LON": 69.80043,
      "SOG": 19.6,
      "MOVINGTIME": 3780.0,
      "ARRIVALTIME": "20251204090000"
    },
    {
      "SEQ": 193,
      "BEFORE_NODE": 193.0,
      "AFTER_NODE": 194.0,
      "BEFORE_LAT": 18.243717,
      "BEFORE_LON": 69.80043,
      "AFTER_LAT": 18.1278,
      "AFTER_LON": 69.860336,
      "SOG": 19.6,
      "MOVINGTIME": 1380.0,
      "ARRIVALTIME": "20251204092300"
    },
    {
      "SEQ": 194,
      "BEFORE_NODE": 194.0,
      "AFTER_NODE": 195.0,
      "BEFORE_LAT": 18.1278,
      "BEFORE_LON": 69.860336,
      "AFTER_LAT": 17.9568,
      "AFTER_LON": 69.945801,
      "SOG": 19.3,
      "MOVINGTIME": 1980.0,
      "ARRIVALTIME": "20251204095600"
    },
    {
      "SEQ": 195,
      "BEFORE_NODE": 195.0,
      "AFTER_NODE": 196.0,
      "BEFORE_LAT": 17.9568,
      "BEFORE_LON": 69.945801,
      "AFTER_LAT": 17.81135,
      "AFTER_LON": 70.019547,
      "SOG": 19.6,
      "MOVINGTIME": 1680.0,
      "ARRIVALTIME": "20251204102400"
    },
    {
      "SEQ": 196,
      "BEFORE_NODE": 196.0,
      "AFTER_NODE": 197.0,
      "BEFORE_LAT": 17.81135,
      "BEFORE_LON": 70.019547,
      "AFTER_LAT": 17.270849,
      "AFTER_LON": 70.299347,
      "SOG": 19.7,
      "MOVINGTIME": 6960.0,
      "ARRIVALTIME": "20251204122000"
    },
    {
      "SEQ": 197,
      "BEFORE_NODE": 197.0,
      "AFTER_NODE": 198.0,
      "BEFORE_LAT": 17.270849,
      "BEFORE_LON": 70.299347,
      "AFTER_LAT": 17.125151,
      "AFTER_LON": 70.373055,
      "SOG": 19.2,
      "MOVINGTIME": 1680.0,
      "ARRIVALTIME": "20251204124800"
    },
    {
      "SEQ": 198,
      "BEFORE_NODE": 198.0,
      "AFTER_NODE": 199.0,
      "BEFORE_LAT": 17.125151,
      "BEFORE_LON": 70.373055,
      "AFTER_LAT": 16.885433,
      "AFTER_LON": 70.4916,
      "SOG": 19.1,
      "MOVINGTIME": 2700.0,
      "ARRIVALTIME": "20251204133300"
    },
    {
      "SEQ": 199,
      "BEFORE_NODE": 199.0,
      "AFTER_NODE": 200.0,
      "BEFORE_LAT": 16.885433,
      "BEFORE_LON": 70.4916,
      "AFTER_LAT": 16.739567,
      "AFTER_LON": 70.563866,
      "SOG": 18.7,
      "MOVINGTIME": 1860.0,
      "ARRIVALTIME": "20251204140400"
    },
    {
      "SEQ": 200,
      "BEFORE_NODE": 200.0,
      "AFTER_NODE": 201.0,
      "BEFORE_LAT": 16.739567,
      "BEFORE_LON": 70.563866,
      "AFTER_LAT": 16.590067,
      "AFTER_LON": 70.640945,
      "SOG": 18.7,
      "MOVINGTIME": 1920.0,
      "ARRIVALTIME": "20251204143600"
    },
    {
      "SEQ": 201,
      "BEFORE_NODE": 201.0,
      "AFTER_NODE": 202.0,
      "BEFORE_LAT": 16.590067,
      "BEFORE_LON": 70.640945,
      "AFTER_LAT": 16.5114,
      "AFTER_LON": 70.682098,
      "SOG": 18.7,
      "MOVINGTIME": 1200.0,
      "ARRIVALTIME": "20251204145600"
    },
    {
      "SEQ": 202,
      "BEFORE_NODE": 202.0,
      "AFTER_NODE": 203.0,
      "BEFORE_LAT": 16.5114,
      "BEFORE_LON": 70.682098,
      "AFTER_LAT": 16.349867,
      "AFTER_LON": 70.788986,
      "SOG": 19,
      "MOVINGTIME": 2280.0,
      "ARRIVALTIME": "20251204153400"
    },
    {
      "SEQ": 203,
      "BEFORE_NODE": 203.0,
      "AFTER_NODE": 204.0,
      "BEFORE_LAT": 16.349867,
      "BEFORE_LON": 70.788986,
      "AFTER_LAT": 16.198866,
      "AFTER_LON": 70.889122,
      "SOG": 19.2,
      "MOVINGTIME": 1740.0,
      "ARRIVALTIME": "20251204160300"
    },
    {
      "SEQ": 204,
      "BEFORE_NODE": 204.0,
      "AFTER_NODE": 205.0,
      "BEFORE_LAT": 16.198866,
      "BEFORE_LON": 70.889122,
      "AFTER_LAT": 16.058517,
      "AFTER_LON": 70.993546,
      "SOG": 19.5,
      "MOVINGTIME": 1860.0,
      "ARRIVALTIME": "20251204163400"
    },
    {
      "SEQ": 205,
      "BEFORE_NODE": 205.0,
      "AFTER_NODE": 206.0,
      "BEFORE_LAT": 16.058517,
      "BEFORE_LON": 70.993546,
      "AFTER_LAT": 15.961117,
      "AFTER_LON": 71.062401,
      "SOG": 19.5,
      "MOVINGTIME": 1740.0,
      "ARRIVALTIME": "20251204170300"
    },
    {
      "SEQ": 206,
      "BEFORE_NODE": 206.0,
      "AFTER_NODE": 207.0,
      "BEFORE_LAT": 15.961117,
      "BEFORE_LON": 71.062401,
      "AFTER_LAT": 15.812117,
      "AFTER_LON": 71.175499,
      "SOG": 19.5,
      "MOVINGTIME": 1920.0,
      "ARRIVALTIME": "20251204173500"
    },
    {
      "SEQ": 207,
      "BEFORE_NODE": 207.0,
      "AFTER_NODE": 208.0,
      "BEFORE_LAT": 15.812117,
      "BEFORE_LON": 71.175499,
      "AFTER_LAT": 15.677033,
      "AFTER_LON": 71.277679,
      "SOG": 19.7,
      "MOVINGTIME": 1680.0,
      "ARRIVALTIME": "20251204180300"
    },
    {
      "SEQ": 208,
      "BEFORE_NODE": 208.0,
      "AFTER_NODE": 209.0,
      "BEFORE_LAT": 15.677033,
      "BEFORE_LON": 71.277679,
      "AFTER_LAT": 15.524233,
      "AFTER_LON": 71.392586,
      "SOG": 19.7,
      "MOVINGTIME": 1920.0,
      "ARRIVALTIME": "20251204183500"
    },
    {
      "SEQ": 209,
      "BEFORE_NODE": 209.0,
      "AFTER_NODE": 210.0,
      "BEFORE_LAT": 15.524233,
      "BEFORE_LON": 71.392586,
      "AFTER_LAT": 15.384067,
      "AFTER_LON": 71.500267,
      "SOG": 19.3,
      "MOVINGTIME": 1800.0,
      "ARRIVALTIME": "20251204190500"
    },
    {
      "SEQ": 210,
      "BEFORE_NODE": 210.0,
      "AFTER_NODE": 211.0,
      "BEFORE_LAT": 15.384067,
      "BEFORE_LON": 71.500267,
      "AFTER_LAT": 15.299017,
      "AFTER_LON": 71.564903,
      "SOG": 19.7,
      "MOVINGTIME": 1680.0,
      "ARRIVALTIME": "20251204193300"
    },
    {
      "SEQ": 211,
      "BEFORE_NODE": 211.0,
      "AFTER_NODE": 212.0,
      "BEFORE_LAT": 15.299017,
      "BEFORE_LON": 71.564903,
      "AFTER_LAT": 15.09795,
      "AFTER_LON": 71.71357,
      "SOG": 19.5,
      "MOVINGTIME": 2160.0,
      "ARRIVALTIME": "20251204200900"
    },
    {
      "SEQ": 212,
      "BEFORE_NODE": 212.0,
      "AFTER_NODE": 213.0,
      "BEFORE_LAT": 15.09795,
      "BEFORE_LON": 71.71357,
      "AFTER_LAT": 15.002717,
      "AFTER_LON": 71.781303,
      "SOG": 19.3,
      "MOVINGTIME": 1800.0,
      "ARRIVALTIME": "20251204203900"
    },
    {
      "SEQ": 213,
      "BEFORE_NODE": 213.0,
      "AFTER_NODE": 214.0,
      "BEFORE_LAT": 15.002717,
      "BEFORE_LON": 71.781303,
      "AFTER_LAT": 14.8584,
      "AFTER_LON": 71.880531,
      "SOG": 19.2,
      "MOVINGTIME": 1860.0,
      "ARRIVALTIME": "20251204211000"
    },
    {
      "SEQ": 214,
      "BEFORE_NODE": 214.0,
      "AFTER_NODE": 215.0,
      "BEFORE_LAT": 14.8584,
      "BEFORE_LON": 71.880531,
      "AFTER_LAT": 14.71775,
      "AFTER_LON": 71.972801,
      "SOG": 19,
      "MOVINGTIME": 1500.0,
      "ARRIVALTIME": "20251204213500"
    },
    {
      "SEQ": 215,
      "BEFORE_NODE": 215.0,
      "AFTER_NODE": 216.0,
      "BEFORE_LAT": 14.71775,
      "BEFORE_LON": 71.972801,
      "AFTER_LAT": 14.60695,
      "AFTER_LON": 72.03257,
      "SOG": 19.2,
      "MOVINGTIME": 1620.0,
      "ARRIVALTIME": "20251204220200"
    },
    {
      "SEQ": 216,
      "BEFORE_NODE": 216.0,
      "AFTER_NODE": 217.0,
      "BEFORE_LAT": 14.60695,
      "BEFORE_LON": 72.03257,
      "AFTER_LAT": 14.481783,
      "AFTER_LON": 72.114464,
      "SOG": 19.1,
      "MOVINGTIME": 1740.0,
      "ARRIVALTIME": "20251204223100"
    },
    {
      "SEQ": 217,
      "BEFORE_NODE": 217.0,
      "AFTER_NODE": 218.0,
      "BEFORE_LAT": 14.481783,
      "BEFORE_LON": 72.114464,
      "AFTER_LAT": 14.3095,
      "AFTER_LON": 72.24295,
      "SOG": 18.7,
      "MOVINGTIME": 2220.0,
      "ARRIVALTIME": "20251204230800"
    },
    {
      "SEQ": 218,
      "BEFORE_NODE": 218.0,
      "AFTER_NODE": 219.0,
      "BEFORE_LAT": 14.3095,
      "BEFORE_LON": 72.24295,
      "AFTER_LAT": 14.2256,
      "AFTER_LON": 72.306168,
      "SOG": 18.7,
      "MOVINGTIME": 1440.0,
      "ARRIVALTIME": "20251204233200"
    },
    {
      "SEQ": 219,
      "BEFORE_NODE": 219.0,
      "AFTER_NODE": 220.0,
      "BEFORE_LAT": 14.2256,
      "BEFORE_LON": 72.306168,
      "AFTER_LAT": 14.1151,
      "AFTER_LON": 72.387215,
      "SOG": 18.5,
      "MOVINGTIME": 1560.0,
      "ARRIVALTIME": "20251204235800"
    },
    {
      "SEQ": 220,
      "BEFORE_NODE": 220.0,
      "AFTER_NODE": 221.0,
      "BEFORE_LAT": 14.1151,
      "BEFORE_LON": 72.387215,
      "AFTER_LAT": 13.96065,
      "AFTER_LON": 72.498215,
      "SOG": 18.6,
      "MOVINGTIME": 2040.0,
      "ARRIVALTIME": "20251205003200"
    },
    {
      "SEQ": 221,
      "BEFORE_NODE": 221.0,
      "AFTER_NODE": 222.0,
      "BEFORE_LAT": 13.96065,
      "BEFORE_LON": 72.498215,
      "AFTER_LAT": 13.8394,
      "AFTER_LON": 72.585014,
      "SOG": 19,
      "MOVINGTIME": 1620.0,
      "ARRIVALTIME": "20251205005900"
    },
    {
      "SEQ": 222,
      "BEFORE_NODE": 222.0,
      "AFTER_NODE": 223.0,
      "BEFORE_LAT": 13.8394,
      "BEFORE_LON": 72.585014,
      "AFTER_LAT": 13.685217,
      "AFTER_LON": 72.69239,
      "SOG": 19,
      "MOVINGTIME": 2100.0,
      "ARRIVALTIME": "20251205013400"
    },
    {
      "SEQ": 223,
      "BEFORE_NODE": 223.0,
      "AFTER_NODE": 224.0,
      "BEFORE_LAT": 13.685217,
      "BEFORE_LON": 72.69239,
      "AFTER_LAT": 13.594967,
      "AFTER_LON": 72.752502,
      "SOG": 19.2,
      "MOVINGTIME": 1740.0,
      "ARRIVALTIME": "20251205020300"
    },
    {
      "SEQ": 224,
      "BEFORE_NODE": 224.0,
      "AFTER_NODE": 225.0,
      "BEFORE_LAT": 13.594967,
      "BEFORE_LON": 72.752502,
      "AFTER_LAT": 13.41245,
      "AFTER_LON": 72.87207,
      "SOG": 19.7,
      "MOVINGTIME": 2100.0,
      "ARRIVALTIME": "20251205023800"
    },
    {
      "SEQ": 225,
      "BEFORE_NODE": 225.0,
      "AFTER_NODE": 226.0,
      "BEFORE_LAT": 13.41245,
      "BEFORE_LON": 72.87207,
      "AFTER_LAT": 13.332033,
      "AFTER_LON": 72.948433,
      "SOG": 19.7,
      "MOVINGTIME": 1320.0,
      "ARRIVALTIME": "20251205030000"
    },
    {
      "SEQ": 226,
      "BEFORE_NODE": 226.0,
      "AFTER_NODE": 227.0,
      "BEFORE_LAT": 13.332033,
      "BEFORE_LON": 72.948433,
      "AFTER_LAT": 13.253467,
      "AFTER_LON": 73.128036,
      "SOG": 19.7,
      "MOVINGTIME": 1860.0,
      "ARRIVALTIME": "20251205033100"
    },
    {
      "SEQ": 227,
      "BEFORE_NODE": 227.0,
      "AFTER_NODE": 228.0,
      "BEFORE_LAT": 13.253467,
      "BEFORE_LON": 73.128036,
      "AFTER_LAT": 13.152516,
      "AFTER_LON": 73.262283,
      "SOG": 19.7,
      "MOVINGTIME": 1500.0,
      "ARRIVALTIME": "20251205035600"
    },
    {
      "SEQ": 228,
      "BEFORE_NODE": 228.0,
      "AFTER_NODE": 229.0,
      "BEFORE_LAT": 13.152516,
      "BEFORE_LON": 73.262283,
      "AFTER_LAT": 13.032,
      "AFTER_LON": 73.378235,
      "SOG": 19.7,
      "MOVINGTIME": 1920.0,
      "ARRIVALTIME": "20251205042800"
    },
    {
      "SEQ": 229,
      "BEFORE_NODE": 229.0,
      "AFTER_NODE": 230.0,
      "BEFORE_LAT": 13.032,
      "BEFORE_LON": 73.378235,
      "AFTER_LAT": 12.8821,
      "AFTER_LON": 73.498131,
      "SOG": 19.7,
      "MOVINGTIME": 2220.0,
      "ARRIVALTIME": "20251205050500"
    },
    {
      "SEQ": 230,
      "BEFORE_NODE": 230.0,
      "AFTER_NODE": 231.0,
      "BEFORE_LAT": 12.8821,
      "BEFORE_LON": 73.498131,
      "AFTER_LAT": 12.579166,
      "AFTER_LON": 73.532936,
      "SOG": 19.3,
      "MOVINGTIME": 3660.0,
      "ARRIVALTIME": "20251205060600"
    },
    {
      "SEQ": 231,
      "BEFORE_NODE": 231.0,
      "AFTER_NODE": 232.0,
      "BEFORE_LAT": 12.579166,
      "BEFORE_LON": 73.532936,
      "AFTER_LAT": 12.429767,
      "AFTER_LON": 73.609077,
      "SOG": 19.6,
      "MOVINGTIME": 1560.0,
      "ARRIVALTIME": "20251205063200"
    },
    {
      "SEQ": 232,
      "BEFORE_NODE": 232.0,
      "AFTER_NODE": 233.0,
      "BEFORE_LAT": 12.429767,
      "BEFORE_LON": 73.609077,
      "AFTER_LAT": 12.283716,
      "AFTER_LON": 73.688698,
      "SOG": 19.8,
      "MOVINGTIME": 1920.0,
      "ARRIVALTIME": "20251205070400"
    },
    {
      "SEQ": 233,
      "BEFORE_NODE": 233.0,
      "AFTER_NODE": 234.0,
      "BEFORE_LAT": 12.283716,
      "BEFORE_LON": 73.688698,
      "AFTER_LAT": 12.135167,
      "AFTER_LON": 73.767563,
      "SOG": 19.7,
      "MOVINGTIME": 1500.0,
      "ARRIVALTIME": "20251205072900"
    },
    {
      "SEQ": 234,
      "BEFORE_NODE": 234.0,
      "AFTER_NODE": 235.0,
      "BEFORE_LAT": 12.135167,
      "BEFORE_LON": 73.767563,
      "AFTER_LAT": 11.397034,
      "AFTER_LON": 74.179436,
      "SOG": 20.1,
      "MOVINGTIME": 9360.0,
      "ARRIVALTIME": "20251205100500"
    },
    {
      "SEQ": 235,
      "BEFORE_NODE": 235.0,
      "AFTER_NODE": 236.0,
      "BEFORE_LAT": 11.397034,
      "BEFORE_LON": 74.179436,
      "AFTER_LAT": 11.2282,
      "AFTER_LON": 74.281944,
      "SOG": 20,
      "MOVINGTIME": 1800.0,
      "ARRIVALTIME": "20251205103500"
    },
    {
      "SEQ": 236,
      "BEFORE_NODE": 236.0,
      "AFTER_NODE": 237.0,
      "BEFORE_LAT": 11.2282,
      "BEFORE_LON": 74.281944,
      "AFTER_LAT": 11.133717,
      "AFTER_LON": 74.343933,
      "SOG": 20.1,
      "MOVINGTIME": 1440.0,
      "ARRIVALTIME": "20251205105900"
    },
    {
      "SEQ": 237,
      "BEFORE_NODE": 237.0,
      "AFTER_NODE": 238.0,
      "BEFORE_LAT": 11.133717,
      "BEFORE_LON": 74.343933,
      "AFTER_LAT": 11.02445,
      "AFTER_LON": 74.419281,
      "SOG": 20,
      "MOVINGTIME": 1560.0,
      "ARRIVALTIME": "20251205112500"
    },
    {
      "SEQ": 238,
      "BEFORE_NODE": 238.0,
      "AFTER_NODE": 239.0,
      "BEFORE_LAT": 11.02445,
      "BEFORE_LON": 74.419281,
      "AFTER_LAT": 8.2562666,
      "AFTER_LON": 76.27681,
      "SOG": 18.8,
      "MOVINGTIME": 35760.0,
      "ARRIVALTIME": "20251205212100"
    },
    {
      "SEQ": 239,
      "BEFORE_NODE": 239.0,
      "AFTER_NODE": 240.0,
      "BEFORE_LAT": 8.2562666,
      "BEFORE_LON": 76.27681,
      "AFTER_LAT": 8.1249838,
      "AFTER_LON": 76.449944,
      "SOG": 19.5,
      "MOVINGTIME": 2700.0,
      "ARRIVALTIME": "20251205220600"
    },
    {
      "SEQ": 240,
      "BEFORE_NODE": 240.0,
      "AFTER_NODE": 241.0,
      "BEFORE_LAT": 8.1249838,
      "BEFORE_LON": 76.449944,
      "AFTER_LAT": 8.0241337,
      "AFTER_LON": 76.588837,
      "SOG": 18.2,
      "MOVINGTIME": 1680.0,
      "ARRIVALTIME": "20251205223400"
    },
    {
      "SEQ": 241,
      "BEFORE_NODE": 241.0,
      "AFTER_NODE": 242.0,
      "BEFORE_LAT": 8.0241337,
      "BEFORE_LON": 76.588837,
      "AFTER_LAT": 7.9510999,
      "AFTER_LON": 76.691383,
      "SOG": 17.8,
      "MOVINGTIME": 1920.0,
      "ARRIVALTIME": "20251205230600"
    },
    {
      "SEQ": 242,
      "BEFORE_NODE": 242.0,
      "AFTER_NODE": 243.0,
      "BEFORE_LAT": 7.9510999,
      "BEFORE_LON": 76.691383,
      "AFTER_LAT": 7.8712668,
      "AFTER_LON": 76.799416,
      "SOG": 17.5,
      "MOVINGTIME": 1680.0,
      "ARRIVALTIME": "20251205233400"
    },
    {
      "SEQ": 243,
      "BEFORE_NODE": 243.0,
      "AFTER_NODE": 244.0,
      "BEFORE_LAT": 7.8712668,
      "BEFORE_LON": 76.799416,
      "AFTER_LAT": 7.7608833,
      "AFTER_LON": 76.941788,
      "SOG": 17.3,
      "MOVINGTIME": 1920.0,
      "ARRIVALTIME": "20251206000600"
    },
    {
      "SEQ": 244,
      "BEFORE_NODE": 244.0,
      "AFTER_NODE": 245.0,
      "BEFORE_LAT": 7.7608833,
      "BEFORE_LON": 76.941788,
      "AFTER_LAT": 7.7059999,
      "AFTER_LON": 77.018677,
      "SOG": 16.7,
      "MOVINGTIME": 1740.0,
      "ARRIVALTIME": "20251206003500"
    },
    {
      "SEQ": 245,
      "BEFORE_NODE": 245.0,
      "AFTER_NODE": 246.0,
      "BEFORE_LAT": 7.7059999,
      "BEFORE_LON": 77.018677,
      "AFTER_LAT": 7.6103334,
      "AFTER_LON": 77.151947,
      "SOG": 17.1,
      "MOVINGTIME": 1800.0,
      "ARRIVALTIME": "20251206010500"
    },
    {
      "SEQ": 246,
      "BEFORE_NODE": 246.0,
      "AFTER_NODE": 247.0,
      "BEFORE_LAT": 7.6103334,
      "BEFORE_LON": 77.151947,
      "AFTER_LAT": 7.5123668,
      "AFTER_LON": 77.290398,
      "SOG": 17.1,
      "MOVINGTIME": 1620.0,
      "ARRIVALTIME": "20251206013200"
    },
    {
      "SEQ": 247,
      "BEFORE_NODE": 247.0,
      "AFTER_NODE": 248.0,
      "BEFORE_LAT": 7.5123668,
      "BEFORE_LON": 77.290398,
      "AFTER_LAT": 7.4636335,
      "AFTER_LON": 77.380936,
      "SOG": 17,
      "MOVINGTIME": 1920.0,
      "ARRIVALTIME": "20251206020400"
    },
    {
      "SEQ": 248,
      "BEFORE_NODE": 248.0,
      "AFTER_NODE": 249.0,
      "BEFORE_LAT": 7.4636335,
      "BEFORE_LON": 77.380936,
      "AFTER_LAT": 7.3750834,
      "AFTER_LON": 77.509811,
      "SOG": 17.5,
      "MOVINGTIME": 1800.0,
      "ARRIVALTIME": "20251206023400"
    },
    {
      "SEQ": 249,
      "BEFORE_NODE": 249.0,
      "AFTER_NODE": 250.0,
      "BEFORE_LAT": 7.3750834,
      "BEFORE_LON": 77.509811,
      "AFTER_LAT": 7.2814331,
      "AFTER_LON": 77.651253,
      "SOG": 17.5,
      "MOVINGTIME": 1920.0,
      "ARRIVALTIME": "20251206030600"
    },
    {
      "SEQ": 250,
      "BEFORE_NODE": 250.0,
      "AFTER_NODE": 251.0,
      "BEFORE_LAT": 7.2814331,
      "BEFORE_LON": 77.651253,
      "AFTER_LAT": 7.2384,
      "AFTER_LON": 77.721123,
      "SOG": 17.2,
      "MOVINGTIME": 960.0,
      "ARRIVALTIME": "20251206032200"
    },
    {
      "SEQ": 251,
      "BEFORE_NODE": 251.0,
      "AFTER_NODE": 252.0,
      "BEFORE_LAT": 7.2384,
      "BEFORE_LON": 77.721123,
      "AFTER_LAT": 7.1349669,
      "AFTER_LON": 77.86599,
      "SOG": 17.8,
      "MOVINGTIME": 2400.0,
      "ARRIVALTIME": "20251206040200"
    },
    {
      "SEQ": 252,
      "BEFORE_NODE": 252.0,
      "AFTER_NODE": 253.0,
      "BEFORE_LAT": 7.1349669,
      "BEFORE_LON": 77.86599,
      "AFTER_LAT": 7.0177498,
      "AFTER_LON": 78.020256,
      "SOG": 17.7,
      "MOVINGTIME": 2040.0,
      "ARRIVALTIME": "20251206043600"
    },
    {
      "SEQ": 253,
      "BEFORE_NODE": 253.0,
      "AFTER_NODE": 254.0,
      "BEFORE_LAT": 7.0177498,
      "BEFORE_LON": 78.020256,
      "AFTER_LAT": 6.8663836,
      "AFTER_LON": 78.242599,
      "SOG": 17.8,
      "MOVINGTIME": 3300.0,
      "ARRIVALTIME": "20251206053100"
    },
    {
      "SEQ": 254,
      "BEFORE_NODE": 254.0,
      "AFTER_NODE": 255.0,
      "BEFORE_LAT": 6.8663836,
      "BEFORE_LON": 78.242599,
      "AFTER_LAT": 6.7795167,
      "AFTER_LON": 78.375748,
      "SOG": 17.7,
      "MOVINGTIME": 2100.0,
      "ARRIVALTIME": "20251206060600"
    },
    {
      "SEQ": 255,
      "BEFORE_NODE": 255.0,
      "AFTER_NODE": 256.0,
      "BEFORE_LAT": 6.7795167,
      "BEFORE_LON": 78.375748,
      "AFTER_LAT": 6.7097001,
      "AFTER_LON": 78.481331,
      "SOG": 18.2,
      "MOVINGTIME": 1620.0,
      "ARRIVALTIME": "20251206063300"
    },
    {
      "SEQ": 256,
      "BEFORE_NODE": 256.0,
      "AFTER_NODE": 257.0,
      "BEFORE_LAT": 6.7097001,
      "BEFORE_LON": 78.481331,
      "AFTER_LAT": 6.6120167,
      "AFTER_LON": 78.624588,
      "SOG": 18.2,
      "MOVINGTIME": 1740.0,
      "ARRIVALTIME": "20251206070200"
    },
    {
      "SEQ": 257,
      "BEFORE_NODE": 257.0,
      "AFTER_NODE": 258.0,
      "BEFORE_LAT": 6.6120167,
      "BEFORE_LON": 78.624588,
      "AFTER_LAT": 6.4139833,
      "AFTER_LON": 78.897346,
      "SOG": 17.7,
      "MOVINGTIME": 3780.0,
      "ARRIVALTIME": "20251206080500"
    },
    {
      "SEQ": 258,
      "BEFORE_NODE": 258.0,
      "AFTER_NODE": 259.0,
      "BEFORE_LAT": 6.4139833,
      "BEFORE_LON": 78.897346,
      "AFTER_LAT": 6.3234501,
      "AFTER_LON": 79.018768,
      "SOG": 17.2,
      "MOVINGTIME": 1920.0,
      "ARRIVALTIME": "20251206083700"
    },
    {
      "SEQ": 259,
      "BEFORE_NODE": 259.0,
      "AFTER_NODE": 260.0,
      "BEFORE_LAT": 6.3234501,
      "BEFORE_LON": 79.018768,
      "AFTER_LAT": 6.2767,
      "AFTER_LON": 79.101013,
      "SOG": 17.7,
      "MOVINGTIME": 1560.0,
      "ARRIVALTIME": "20251206090300"
    },
    {
      "SEQ": 260,
      "BEFORE_NODE": 260.0,
      "AFTER_NODE": 261.0,
      "BEFORE_LAT": 6.2767,
      "BEFORE_LON": 79.101013,
      "AFTER_LAT": 6.2380166,
      "AFTER_LON": 79.19577,
      "SOG": 17.7,
      "MOVINGTIME": 1080.0,
      "ARRIVALTIME": "20251206092100"
    },
    {
      "SEQ": 261,
      "BEFORE_NODE": 261.0,
      "AFTER_NODE": 262.0,
      "BEFORE_LAT": 6.2380166,
      "BEFORE_LON": 79.19577,
      "AFTER_LAT": 6.1470666,
      "AFTER_LON": 79.389984,
      "SOG": 18.7,
      "MOVINGTIME": 2220.0,
      "ARRIVALTIME": "20251206095800"
    },
    {
      "SEQ": 262,
      "BEFORE_NODE": 262.0,
      "AFTER_NODE": 263.0,
      "BEFORE_LAT": 6.1470666,
      "BEFORE_LON": 79.389984,
      "AFTER_LAT": 6.0774665,
      "AFTER_LON": 79.476013,
      "SOG": 19,
      "MOVINGTIME": 1440.0,
      "ARRIVALTIME": "20251206102200"
    },
    {
      "SEQ": 263,
      "BEFORE_NODE": 263.0,
      "AFTER_NODE": 264.0,
      "BEFORE_LAT": 6.0774665,
      "BEFORE_LON": 79.476013,
      "AFTER_LAT": 5.9568167,
      "AFTER_LON": 79.616501,
      "SOG": 19.2,
      "MOVINGTIME": 2400.0,
      "ARRIVALTIME": "20251206110200"
    },
    {
      "SEQ": 264,
      "BEFORE_NODE": 264.0,
      "AFTER_NODE": 265.0,
      "BEFORE_LAT": 5.9568167,
      "BEFORE_LON": 79.616501,
      "AFTER_LAT": 5.8547668,
      "AFTER_LON": 79.740211,
      "SOG": 18.6,
      "MOVINGTIME": 1680.0,
      "ARRIVALTIME": "20251206113000"
    },
    {
      "SEQ": 265,
      "BEFORE_NODE": 265.0,
      "AFTER_NODE": 266.0,
      "BEFORE_LAT": 5.8547668,
      "BEFORE_LON": 79.740211,
      "AFTER_LAT": 5.7536836,
      "AFTER_LON": 79.894035,
      "SOG": 18.7,
      "MOVINGTIME": 1860.0,
      "ARRIVALTIME": "20251206120100"
    },
    {
      "SEQ": 266,
      "BEFORE_NODE": 266.0,
      "AFTER_NODE": 267.0,
      "BEFORE_LAT": 5.7536836,
      "BEFORE_LON": 79.894035,
      "AFTER_LAT": 5.56545,
      "AFTER_LON": 80.15698333333333,
      "SOG": 16.6,
      "MOVINGTIME": 3668.0,
      "ARRIVALTIME": "20251206130208"
    },
    {
      "SEQ": 267,
      "BEFORE_NODE": 267.0,
      "AFTER_NODE": 268.0,
      "BEFORE_LAT": 5.56545,
      "BEFORE_LON": 80.15698333333333,
      "AFTER_LAT": 5.5345335,
      "AFTER_LON": 80.2854,
      "SOG": 15.8,
      "MOVINGTIME": 1972.0,
      "ARRIVALTIME": "20251206133500"
    },
    {
      "SEQ": 268,
      "BEFORE_NODE": 268.0,
      "AFTER_NODE": 269.0,
      "BEFORE_LAT": 5.5345335,
      "BEFORE_LON": 80.2854,
      "AFTER_LAT": 5.5193334,
      "AFTER_LON": 80.400284,
      "SOG": 15.6,
      "MOVINGTIME": 1680.0,
      "ARRIVALTIME": "20251206140300"
    }
  ]
}