{
  "mmsi": "431552000",
  "PredResult": [
    {
      "SEQ": 0,
      "BEFORE_NODE": 0.0,
      "AFTER_NODE": 1.0,
      "BEFORE_LAT": 40.190754,
      "BEFORE_LON": -73.616547,
      "AFTER_LAT": 40.163689,
      "AFTER_LON": -73.649117,
      "SOG": 0.5,
      "MOVINGTIME": 1860.0,
      "ARRIVALTIME": "20251129151500"
    },
    {
      "SEQ": 1,
      "BEFORE_NODE": 1.0,
      "AFTER_NODE": 2.0,
      "BEFORE_LAT": 40.163689,
      "BEFORE_LON": -73.649117,
      "AFTER_LAT": 40.163067,
      "AFTER_LON": -73.645981,
      "SOG": 0.5,
      "MOVINGTIME": 1800.0,
      "ARRIVALTIME": "20251129154500"
    },
    {
      "SEQ": 2,
      "BEFORE_NODE": 2.0,
      "AFTER_NODE": 3.0,
      "BEFORE_LAT": 40.163067,
      "BEFORE_LON": -73.645981,
      "AFTER_LAT": 40.16921166666667,
      "AFTER_LON": -73.670145,
      "SOG": 8.5,
      "MOVINGTIME": 1673.0,
      "ARRIVALTIME": "20251129161253"
    },
    {
      "SEQ": 3,
      "BEFORE_NODE": 3.0,
      "AFTER_NODE": 4.0,
      "BEFORE_LAT": 40.16921166666667,
      "BEFORE_LON": -73.670145,
      "AFTER_LAT": 40.21717,
      "AFTER_LON": -73.732595,
      "SOG": 7.4,
      "MOVINGTIME": 1801.0,
      "ARRIVALTIME": "20251129164254"
    },
    {
      "SEQ": 4,
      "BEFORE_NODE": 4.0,
      "AFTER_NODE": 5.0,
      "BEFORE_LAT": 40.21717,
      "BEFORE_LON": -73.732595,
      "AFTER_LAT": 40.27894166666667,
      "AFTER_LON": -73.7497,
      "SOG": 7.6,
      "MOVINGTIME": 1799.0,
      "ARRIVALTIME": "20251129171253"
    },
    {
      "SEQ": 5,
      "BEFORE_NODE": 5.0,
      "AFTER_NODE": 6.0,
      "BEFORE_LAT": 40.27894166666667,
      "BEFORE_LON": -73.7497,
      "AFTER_LAT": 40.33161166666667,
      "AFTER_LON": -73.76427166666667,
      "SOG": 8.1,
      "MOVINGTIME": 1503.0,
      "ARRIVALTIME": "20251129173756"
    },
    {
      "SEQ": 6,
      "BEFORE_NODE": 6.0,
      "AFTER_NODE": 7.0,
      "BEFORE_LAT": 40.33161166666667,
      "BEFORE_LON": -73.76427166666667,
      "AFTER_LAT": 40.39019,
      "AFTER_LON": -73.77976166666667,
      "SOG": 1.2,
      "MOVINGTIME": 2099.0,
      "ARRIVALTIME": "20251129181255"
    },
    {
      "SEQ": 7,
      "BEFORE_NODE": 7.0,
      "AFTER_NODE": 8.0,
      "BEFORE_LAT": 40.39019,
      "BEFORE_LON": -73.77976166666667,
      "AFTER_LAT": 40.399953333333336,
      "AFTER_LON": -73.76926333333333,
      "SOG": 6.6,
      "MOVINGTIME": 1799.0,
      "ARRIVALTIME": "20251129184254"
    },
    {
      "SEQ": 8,
      "BEFORE_NODE": 8.0,
      "AFTER_NODE": 9.0,
      "BEFORE_LAT": 40.399953333333336,
      "BEFORE_LON": -73.76926333333333,
      "AFTER_LAT": 40.451948333333334,
      "AFTER_LON": -73.80622333333334,
      "SOG": 8.4,
      "MOVINGTIME": 1800.0,
      "ARRIVALTIME": "20251129191254"
    },
    {
      "SEQ": 9,
      "BEFORE_NODE": 9.0,
      "AFTER_NODE": 10.0,
      "BEFORE_LAT": 40.451948333333334,
      "BEFORE_LON": -73.80622333333334,
      "AFTER_LAT": 40.47773,
      "AFTER_LON": -73.88550833333333,
      "SOG": 9.8,
      "MOVINGTIME": 1498.0,
      "ARRIVALTIME": "20251129193752"
    },
    {
      "SEQ": 10,
      "BEFORE_NODE": 10.0,
      "AFTER_NODE": 11.0,
      "BEFORE_LAT": 40.47773,
      "BEFORE_LON": -73.88550833333333,
      "AFTER_LAT": 40.51844666666667,
      "AFTER_LON": -73.989535,
      "SOG": 12.2,
      "MOVINGTIME": 1801.0,
      "ARRIVALTIME": "20251129200753"
    },
    {
      "SEQ": 11,
      "BEFORE_NODE": 11.0,
      "AFTER_NODE": 12.0,
      "BEFORE_LAT": 40.51844666666667,
      "BEFORE_LON": -73.989535,
      "AFTER_LAT": 40.596898333333336,
      "AFTER_LON": -74.03933,
      "SOG": 8.1,
      "MOVINGTIME": 2101.0,
      "ARRIVALTIME": "20251129204254"
    },
    {
      "SEQ": 12,
      "BEFORE_NODE": 12.0,
      "AFTER_NODE": 13.0,
      "BEFORE_LAT": 40.596898333333336,
      "BEFORE_LON": -74.03933,
      "AFTER_LAT": 40.65326666666667,
      "AFTER_LON": -74.05521333333333,
      "SOG": 5.6,
      "MOVINGTIME": 1799.0,
      "ARRIVALTIME": "20251129211253"
    },
    {
      "SEQ": 13,
      "BEFORE_NODE": 13.0,
      "AFTER_NODE": 14.0,
      "BEFORE_LAT": 40.65326666666667,
      "BEFORE_LON": -74.05521333333333,
      "AFTER_LAT": 40.67048,
      "AFTER_LON": -74.08042,
      "SOG": 0.4,
      "MOVINGTIME": 1800.0,
      "ARRIVALTIME": "20251129214253"
    },
    {
      "SEQ": 14,
      "BEFORE_NODE": 14.0,
      "AFTER_NODE": 15.0,
      "BEFORE_LAT": 40.67048,
      "BEFORE_LON": -74.08042,
      "AFTER_LAT": 40.670775,
      "AFTER_LON": -74.07993,
      "SOG": 0,
      "MOVINGTIME": 1724.0,
      "ARRIVALTIME": "20251129221137"
    },
    {
      "SEQ": 15,
      "BEFORE_NODE": 15.0,
      "AFTER_NODE": 16.0,
      "BEFORE_LAT": 40.670775,
      "BEFORE_LON": -74.07993,
      "AFTER_LAT": 40.67077166666667,
      "AFTER_LON": -74.07993,
      "SOG": 0.1,
      "MOVINGTIME": 1440.0,
      "ARRIVALTIME": "20251129223537"
    },
    {
      "SEQ": 16,
      "BEFORE_NODE": 16.0,
      "AFTER_NODE": 17.0,
      "BEFORE_LAT": 40.67077166666667,
      "BEFORE_LON": -74.07993,
      "AFTER_LAT": 40.67074,
      "AFTER_LON": -74.07991166666666,
      "SOG": 0.1,
      "MOVINGTIME": 2161.0,
      "ARRIVALTIME": "20251129231138"
    },
    {
      "SEQ": 17,
      "BEFORE_NODE": 17.0,
      "AFTER_NODE": 18.0,
      "BEFORE_LAT": 40.67074,
      "BEFORE_LON": -74.07991166666666,
      "AFTER_LAT": 40.670746666666666,
      "AFTER_LON": -74.07993166666667,
      "SOG": 0.1,
      "MOVINGTIME": 1798.0,
      "ARRIVALTIME": "20251129234136"
    },
    {
      "SEQ": 18,
      "BEFORE_NODE": 18.0,
      "AFTER_NODE": 19.0,
      "BEFORE_LAT": 40.670746666666666,
      "BEFORE_LON": -74.07993166666667,
      "AFTER_LAT": 40.670755,
      "AFTER_LON": -74.07991166666666,
      "SOG": 0,
      "MOVINGTIME": 1801.0,
      "ARRIVALTIME": "20251130001137"
    },
    {
      "SEQ": 19,
      "BEFORE_NODE": 19.0,
      "AFTER_NODE": 20.0,
      "BEFORE_LAT": 40.670755,
      "BEFORE_LON": -74.07991166666666,
      "AFTER_LAT": 40.670701666666666,
      "AFTER_LON": -74.07991333333334,
      "SOG": 0.1,
      "MOVINGTIME": 1619.0,
      "ARRIVALTIME": "20251130003836"
    },
    {
      "SEQ": 20,
      "BEFORE_NODE": 20.0,
      "AFTER_NODE": 21.0,
      "BEFORE_LAT": 40.670701666666666,
      "BEFORE_LON": -74.07991333333334,
      "AFTER_LAT": 40.67075333333333,
      "AFTER_LON": -74.07993166666667,
      "SOG": 0.1,
      "MOVINGTIME": 1980.0,
      "ARRIVALTIME": "20251130011136"
    },
    {
      "SEQ": 21,
      "BEFORE_NODE": 21.0,
      "AFTER_NODE": 22.0,
      "BEFORE_LAT": 40.67075333333333,
      "BEFORE_LON": -74.07993166666667,
      "AFTER_LAT": 40.67077333333334,
      "AFTER_LON": -74.07996,
      "SOG": 0.1,
      "MOVINGTIME": 1801.0,
      "ARRIVALTIME": "20251130014137"
    },
    {
      "SEQ": 22,
      "BEFORE_NODE": 22.0,
      "AFTER_NODE": 23.0,
      "BEFORE_LAT": 40.67077333333334,
      "BEFORE_LON": -74.07996,
      "AFTER_LAT": 40.670741666666665,
      "AFTER_LON": -74.07990166666667,
      "SOG": 0,
      "MOVINGTIME": 1800.0,
      "ARRIVALTIME": "20251130021137"
    },
    {
      "SEQ": 23,
      "BEFORE_NODE": 23.0,
      "AFTER_NODE": 24.0,
      "BEFORE_LAT": 40.670741666666665,
      "BEFORE_LON": -74.07990166666667,
      "AFTER_LAT": 40.670735,
      "AFTER_LON": -74.079935,
      "SOG": 0,
      "MOVINGTIME": 1619.0,
      "ARRIVALTIME": "20251130023836"
    },
    {
      "SEQ": 24,
      "BEFORE_NODE": 24.0,
      "AFTER_NODE": 25.0,
      "BEFORE_LAT": 40.670735,
      "BEFORE_LON": -74.079935,
      "AFTER_LAT": 40.670715,
      "AFTER_LON": -74.07991166666666,
      "SOG": 0,
      "MOVINGTIME": 1440.0,
      "ARRIVALTIME": "20251130030236"
    },
    {
      "SEQ": 25,
      "BEFORE_NODE": 25.0,
      "AFTER_NODE": 26.0,
      "BEFORE_LAT": 40.670715,
      "BEFORE_LON": -74.07991166666666,
      "AFTER_LAT": 40.67075833333333,
      "AFTER_LON": -74.0799,
      "SOG": 0,
      "MOVINGTIME": 1980.0,
      "ARRIVALTIME": "20251130033536"
    },
    {
      "SEQ": 26,
      "BEFORE_NODE": 26.0,
      "AFTER_NODE": 27.0,
      "BEFORE_LAT": 40.67075833333333,
      "BEFORE_LON": -74.0799,
      "AFTER_LAT": 40.67077166666667,
      "AFTER_LON": -74.07993,
      "SOG": 0,
      "MOVINGTIME": 2161.0,
      "ARRIVALTIME": "20251130041137"
    },
    {
      "SEQ": 27,
      "BEFORE_NODE": 27.0,
      "AFTER_NODE": 28.0,
      "BEFORE_LAT": 40.67077166666667,
      "BEFORE_LON": -74.07993,
      "AFTER_LAT": 40.670696666666664,
      "AFTER_LON": -74.07985,
      "SOG": 0,
      "MOVINGTIME": 1802.0,
      "ARRIVALTIME": "20251130044139"
    },
    {
      "SEQ": 28,
      "BEFORE_NODE": 28.0,
      "AFTER_NODE": 29.0,
      "BEFORE_LAT": 40.670696666666664,
      "BEFORE_LON": -74.07985,
      "AFTER_LAT": 40.670743333333334,
      "AFTER_LON": -74.07990333333333,
      "SOG": 0.1,
      "MOVINGTIME": 1618.0,
      "ARRIVALTIME": "20251130050837"
    },
    {
      "SEQ": 29,
      "BEFORE_NODE": 29.0,
      "AFTER_NODE": 30.0,
      "BEFORE_LAT": 40.670743333333334,
      "BEFORE_LON": -74.07990333333333,
      "AFTER_LAT": 40.67079833333333,
      "AFTER_LON": -74.07994,
      "SOG": 0,
      "MOVINGTIME": 1980.0,
      "ARRIVALTIME": "20251130054137"
    },
    {
      "SEQ": 30,
      "BEFORE_NODE": 30.0,
      "AFTER_NODE": 31.0,
      "BEFORE_LAT": 40.67079833333333,
      "BEFORE_LON": -74.07994,
      "AFTER_LAT": 40.67078333333333,
      "AFTER_LON": -74.07988666666667,
      "SOG": 0,
      "MOVINGTIME": 1439.0,
      "ARRIVALTIME": "20251130060536"
    },
    {
      "SEQ": 31,
      "BEFORE_NODE": 31.0,
      "AFTER_NODE": 32.0,
      "BEFORE_LAT": 40.67078333333333,
      "BEFORE_LON": -74.07988666666667,
      "AFTER_LAT": 40.670745,
      "AFTER_LON": -74.07993666666667,
      "SOG": 0,
      "MOVINGTIME": 1802.0,
      "ARRIVALTIME": "20251130063538"
    },
    {
      "SEQ": 32,
      "BEFORE_NODE": 32.0,
      "AFTER_NODE": 33.0,
      "BEFORE_LAT": 40.670745,
      "BEFORE_LON": -74.07993666666667,
      "AFTER_LAT": 40.670775,
      "AFTER_LON": -74.079945,
      "SOG": 0,
      "MOVINGTIME": 2159.0,
      "ARRIVALTIME": "20251130071137"
    },
    {
      "SEQ": 33,
      "BEFORE_NODE": 33.0,
      "AFTER_NODE": 34.0,
      "BEFORE_LAT": 40.670775,
      "BEFORE_LON": -74.079945,
      "AFTER_LAT": 40.67072666666667,
      "AFTER_LON": -74.079915,
      "SOG": 0.1,
      "MOVINGTIME": 1803.0,
      "ARRIVALTIME": "20251130074140"
    },
    {
      "SEQ": 34,
      "BEFORE_NODE": 34.0,
      "AFTER_NODE": 35.0,
      "BEFORE_LAT": 40.67072666666667,
      "BEFORE_LON": -74.079915,
      "AFTER_LAT": 40.67073166666667,
      "AFTER_LON": -74.079915,
      "SOG": 0,
      "MOVINGTIME": 1437.0,
      "ARRIVALTIME": "20251130080537"
    },
    {
      "SEQ": 35,
      "BEFORE_NODE": 35.0,
      "AFTER_NODE": 36.0,
      "BEFORE_LAT": 40.67073166666667,
      "BEFORE_LON": -74.079915,
      "AFTER_LAT": 40.670741666666665,
      "AFTER_LON": -74.07991166666666,
      "SOG": 0,
      "MOVINGTIME": 2160.0,
      "ARRIVALTIME": "20251130084137"
    },
    {
      "SEQ": 36,
      "BEFORE_NODE": 36.0,
      "AFTER_NODE": 37.0,
      "BEFORE_LAT": 40.670741666666665,
      "BEFORE_LON": -74.07991166666666,
      "AFTER_LAT": 40.67075166666667,
      "AFTER_LON": -74.07990833333334,
      "SOG": 0,
      "MOVINGTIME": 1803.0,
      "ARRIVALTIME": "20251130091140"
    },
    {
      "SEQ": 37,
      "BEFORE_NODE": 37.0,
      "AFTER_NODE": 38.0,
      "BEFORE_LAT": 40.67075166666667,
      "BEFORE_LON": -74.07990833333334,
      "AFTER_LAT": 40.670745,
      "AFTER_LON": -74.07992833333333,
      "SOG": 0,
      "MOVINGTIME": 1797.0,
      "ARRIVALTIME": "20251130094137"
    },
    {
      "SEQ": 38,
      "BEFORE_NODE": 38.0,
      "AFTER_NODE": 39.0,
      "BEFORE_LAT": 40.670745,
      "BEFORE_LON": -74.07992833333333,
      "AFTER_LAT": 40.670743333333334,
      "AFTER_LON": -74.07988666666667,
      "SOG": 0.1,
      "MOVINGTIME": 1801.0,
      "ARRIVALTIME": "20251130101138"
    },
    {
      "SEQ": 39,
      "BEFORE_NODE": 39.0,
      "AFTER_NODE": 40.0,
      "BEFORE_LAT": 40.670743333333334,
      "BEFORE_LON": -74.07988666666667,
      "AFTER_LAT": 40.670734,
      "AFTER_LON": -74.07991,
      "SOG": 0.1,
      "MOVINGTIME": 2062.0,
      "ARRIVALTIME": "20251130104600"
    },
    {
      "SEQ": 40,
      "BEFORE_NODE": 40.0,
      "AFTER_NODE": 41.0,
      "BEFORE_LAT": 40.670734,
      "BEFORE_LON": -74.07991,
      "AFTER_LAT": 40.67073166666667,
      "AFTER_LON": -74.07991666666666,
      "SOG": 0.1,
      "MOVINGTIME": 1177.0,
      "ARRIVALTIME": "20251130110537"
    },
    {
      "SEQ": 41,
      "BEFORE_NODE": 41.0,
      "AFTER_NODE": 42.0,
      "BEFORE_LAT": 40.67073166666667,
      "BEFORE_LON": -74.07991666666666,
      "AFTER_LAT": 40.670755,
      "AFTER_LON": -74.07990833333334,
      "SOG": 0,
      "MOVINGTIME": 1980.0,
      "ARRIVALTIME": "20251130113837"
    },
    {
      "SEQ": 42,
      "BEFORE_NODE": 42.0,
      "AFTER_NODE": 43.0,
      "BEFORE_LAT": 40.670755,
      "BEFORE_LON": -74.07990833333334,
      "AFTER_LAT": 40.67073666666667,
      "AFTER_LON": -74.07990666666667,
      "SOG": 0.1,
      "MOVINGTIME": 1983.0,
      "ARRIVALTIME": "20251130121140"
    },
    {
      "SEQ": 43,
      "BEFORE_NODE": 43.0,
      "AFTER_NODE": 44.0,
      "BEFORE_LAT": 40.67073666666667,
      "BEFORE_LON": -74.07990666666667,
      "AFTER_LAT": 40.670738,
      "AFTER_LON": -74.079926,
      "SOG": 0.1,
      "MOVINGTIME": 1940.0,
      "ARRIVALTIME": "20251130124400"
    },
    {
      "SEQ": 44,
      "BEFORE_NODE": 44.0,
      "AFTER_NODE": 45.0,
      "BEFORE_LAT": 40.670738,
      "BEFORE_LON": -74.079926,
      "AFTER_LAT": 40.670765,
      "AFTER_LON": -74.07991,
      "SOG": 0,
      "MOVINGTIME": 1800.0,
      "ARRIVALTIME": "20251130131400"
    },
    {
      "SEQ": 45,
      "BEFORE_NODE": 45.0,
      "AFTER_NODE": 46.0,
      "BEFORE_LAT": 40.670765,
      "BEFORE_LON": -74.07991,
      "AFTER_LAT": 40.670755,
      "AFTER_LON": -74.07988166666667,
      "SOG": 0,
      "MOVINGTIME": 1657.0,
      "ARRIVALTIME": "20251130134137"
    },
    {
      "SEQ": 46,
      "BEFORE_NODE": 46.0,
      "AFTER_NODE": 47.0,
      "BEFORE_LAT": 40.670755,
      "BEFORE_LON": -74.07988166666667,
      "AFTER_LAT": 40.67073833333333,
      "AFTER_LON": -74.079915,
      "SOG": 0,
      "MOVINGTIME": 1442.0,
      "ARRIVALTIME": "20251130140539"
    },
    {
      "SEQ": 47,
      "BEFORE_NODE": 47.0,
      "AFTER_NODE": 48.0,
      "BEFORE_LAT": 40.67073833333333,
      "BEFORE_LON": -74.079915,
      "AFTER_LAT": 40.670761,
      "AFTER_LON": -74.079872,
      "SOG": 0,
      "MOVINGTIME": 2301.0,
      "ARRIVALTIME": "20251130144400"
    },
    {
      "SEQ": 48,
      "BEFORE_NODE": 48.0,
      "AFTER_NODE": 49.0,
      "BEFORE_LAT": 40.670761,
      "BEFORE_LON": -74.079872,
      "AFTER_LAT": 40.670746666666666,
      "AFTER_LON": -74.07991333333334,
      "SOG": 0,
      "MOVINGTIME": 1117.0,
      "ARRIVALTIME": "20251130150237"
    },
    {
      "SEQ": 49,
      "BEFORE_NODE": 49.0,
      "AFTER_NODE": 50.0,
      "BEFORE_LAT": 40.670746666666666,
      "BEFORE_LON": -74.07991333333334,
      "AFTER_LAT": 40.670716666666664,
      "AFTER_LON": -74.07991166666666,
      "SOG": 0,
      "MOVINGTIME": 1980.0,
      "ARRIVALTIME": "20251130153537"
    },
    {
      "SEQ": 50,
      "BEFORE_NODE": 50.0,
      "AFTER_NODE": 51.0,
      "BEFORE_LAT": 40.670716666666664,
      "BEFORE_LON": -74.07991166666666,
      "AFTER_LAT": 40.670753,
      "AFTER_LON": -74.079872,
      "SOG": 0,
      "MOVINGTIME": 2363.0,
      "ARRIVALTIME": "20251130161500"
    },
    {
      "SEQ": 51,
      "BEFORE_NODE": 51.0,
      "AFTER_NODE": 52.0,
      "BEFORE_LAT": 40.670753,
      "BEFORE_LON": -74.079872,
      "AFTER_LAT": 40.670716666666664,
      "AFTER_LON": -74.07987833333334,
      "SOG": 0,
      "MOVINGTIME": 1237.0,
      "ARRIVALTIME": "20251130163537"
    },
    {
      "SEQ": 52,
      "BEFORE_NODE": 52.0,
      "AFTER_NODE": 53.0,
      "BEFORE_LAT": 40.670716666666664,
      "BEFORE_LON": -74.07987833333334,
      "AFTER_LAT": 40.670731,
      "AFTER_LON": -74.07991,
      "SOG": 0.1,
      "MOVINGTIME": 1638.0,
      "ARRIVALTIME": "20251130170255"
    },
    {
      "SEQ": 53,
      "BEFORE_NODE": 53.0,
      "AFTER_NODE": 54.0,
      "BEFORE_LAT": 40.670731,
      "BEFORE_LON": -74.07991,
      "AFTER_LAT": 40.67072833333334,
      "AFTER_LON": -74.07994333333333,
      "SOG": 0.1,
      "MOVINGTIME": 1962.0,
      "ARRIVALTIME": "20251130173537"
    },
    {
      "SEQ": 54,
      "BEFORE_NODE": 54.0,
      "AFTER_NODE": 55.0,
      "BEFORE_LAT": 40.67072833333334,
      "BEFORE_LON": -74.07994333333333,
      "AFTER_LAT": 40.670723333333335,
      "AFTER_LON": -74.07983833333333,
      "SOG": 0.1,
      "MOVINGTIME": 2161.0,
      "ARRIVALTIME": "20251130181138"
    },
    {
      "SEQ": 55,
      "BEFORE_NODE": 55.0,
      "AFTER_NODE": 56.0,
      "BEFORE_LAT": 40.670723333333335,
      "BEFORE_LON": -74.07983833333333,
      "AFTER_LAT": 40.67073,
      "AFTER_LON": -74.07990333333333,
      "SOG": 0,
      "MOVINGTIME": 1439.0,
      "ARRIVALTIME": "20251130183537"
    },
    {
      "SEQ": 56,
      "BEFORE_NODE": 56.0,
      "AFTER_NODE": 57.0,
      "BEFORE_LAT": 40.67073,
      "BEFORE_LON": -74.07990333333333,
      "AFTER_LAT": 40.67075166666667,
      "AFTER_LON": -74.079915,
      "SOG": 0,
      "MOVINGTIME": 2160.0,
      "ARRIVALTIME": "20251130191137"
    },
    {
      "SEQ": 57,
      "BEFORE_NODE": 57.0,
      "AFTER_NODE": 58.0,
      "BEFORE_LAT": 40.67075166666667,
      "BEFORE_LON": -74.079915,
      "AFTER_LAT": 40.67073166666667,
      "AFTER_LON": -74.07991,
      "SOG": 0,
      "MOVINGTIME": 1801.0,
      "ARRIVALTIME": "20251130194138"
    },
    {
      "SEQ": 58,
      "BEFORE_NODE": 58.0,
      "AFTER_NODE": 59.0,
      "BEFORE_LAT": 40.67073166666667,
      "BEFORE_LON": -74.07991,
      "AFTER_LAT": 40.67076333333333,
      "AFTER_LON": -74.07993333333333,
      "SOG": 0,
      "MOVINGTIME": 1800.0,
      "ARRIVALTIME": "20251130201138"
    },
    {
      "SEQ": 59,
      "BEFORE_NODE": 59.0,
      "AFTER_NODE": 60.0,
      "BEFORE_LAT": 40.67076333333333,
      "BEFORE_LON": -74.07993333333333,
      "AFTER_LAT": 40.67077333333334,
      "AFTER_LON": -74.07992333333333,
      "SOG": 0,
      "MOVINGTIME": 1799.0,
      "ARRIVALTIME": "20251130204137"
    },
    {
      "SEQ": 60,
      "BEFORE_NODE": 60.0,
      "AFTER_NODE": 61.0,
      "BEFORE_LAT": 40.67077333333334,
      "BEFORE_LON": -74.07992333333333,
      "AFTER_LAT": 40.67078333333333,
      "AFTER_LON": -74.07991333333334,
      "SOG": 0,
      "MOVINGTIME": 1620.0,
      "ARRIVALTIME": "20251130210837"
    },
    {
      "SEQ": 61,
      "BEFORE_NODE": 61.0,
      "AFTER_NODE": 62.0,
      "BEFORE_LAT": 40.67078333333333,
      "BEFORE_LON": -74.07991333333334,
      "AFTER_LAT": 40.670741666666665,
      "AFTER_LON": -74.07993,
      "SOG": 0,
      "MOVINGTIME": 1620.0,
      "ARRIVALTIME": "20251130213537"
    },
    {
      "SEQ": 62,
      "BEFORE_NODE": 62.0,
      "AFTER_NODE": 63.0,
      "BEFORE_LAT": 40.670741666666665,
      "BEFORE_LON": -74.07993,
      "AFTER_LAT": 40.67072666666667,
      "AFTER_LON": -74.07993,
      "SOG": 0,
      "MOVINGTIME": 2161.0,
      "ARRIVALTIME": "20251130221138"
    },
    {
      "SEQ": 63,
      "BEFORE_NODE": 63.0,
      "AFTER_NODE": 64.0,
      "BEFORE_LAT": 40.67072666666667,
      "BEFORE_LON": -74.07993,
      "AFTER_LAT": 40.67070833333333,
      "AFTER_LON": -74.07989666666667,
      "SOG": 0,
      "MOVINGTIME": 1619.0,
      "ARRIVALTIME": "20251130223837"
    },
    {
      "SEQ": 64,
      "BEFORE_NODE": 64.0,
      "AFTER_NODE": 65.0,
      "BEFORE_LAT": 40.67070833333333,
      "BEFORE_LON": -74.07989666666667,
      "AFTER_LAT": 40.67073666666667,
      "AFTER_LON": -74.07990666666667,
      "SOG": 0,
      "MOVINGTIME": 1440.0,
      "ARRIVALTIME": "20251130230237"
    },
    {
      "SEQ": 65,
      "BEFORE_NODE": 65.0,
      "AFTER_NODE": 66.0,
      "BEFORE_LAT": 40.67073666666667,
      "BEFORE_LON": -74.07990666666667,
      "AFTER_LAT": 40.67075166666667,
      "AFTER_LON": -74.07992666666667,
      "SOG": 0.1,
      "MOVINGTIME": 1980.0,
      "ARRIVALTIME": "20251130233537"
    },
    {
      "SEQ": 66,
      "BEFORE_NODE": 66.0,
      "AFTER_NODE": 67.0,
      "BEFORE_LAT": 40.67075166666667,
      "BEFORE_LON": -74.07992666666667,
      "AFTER_LAT": 40.67075333333333,
      "AFTER_LON": -74.07988666666667,
      "SOG": 0,
      "MOVINGTIME": 2159.0,
      "ARRIVALTIME": "20251201001136"
    },
    {
      "SEQ": 67,
      "BEFORE_NODE": 67.0,
      "AFTER_NODE": 68.0,
      "BEFORE_LAT": 40.67075333333333,
      "BEFORE_LON": -74.07988666666667,
      "AFTER_LAT": 40.67074,
      "AFTER_LON": -74.079905,
      "SOG": 0.1,
      "MOVINGTIME": 1441.0,
      "ARRIVALTIME": "20251201003537"
    },
    {
      "SEQ": 68,
      "BEFORE_NODE": 68.0,
      "AFTER_NODE": 69.0,
      "BEFORE_LAT": 40.67074,
      "BEFORE_LON": -74.079905,
      "AFTER_LAT": 40.67073333333333,
      "AFTER_LON": -74.07994166666667,
      "SOG": 0.1,
      "MOVINGTIME": 2160.0,
      "ARRIVALTIME": "20251201011137"
    },
    {
      "SEQ": 69,
      "BEFORE_NODE": 69.0,
      "AFTER_NODE": 70.0,
      "BEFORE_LAT": 40.67073333333333,
      "BEFORE_LON": -74.07994166666667,
      "AFTER_LAT": 40.67075666666667,
      "AFTER_LON": -74.07991333333334,
      "SOG": 0.1,
      "MOVINGTIME": 1800.0,
      "ARRIVALTIME": "20251201014137"
    },
    {
      "SEQ": 70,
      "BEFORE_NODE": 70.0,
      "AFTER_NODE": 71.0,
      "BEFORE_LAT": 40.67075666666667,
      "BEFORE_LON": -74.07991333333334,
      "AFTER_LAT": 40.670775,
      "AFTER_LON": -74.07995833333334,
      "SOG": 0,
      "MOVINGTIME": 1800.0,
      "ARRIVALTIME": "20251201021137"
    },
    {
      "SEQ": 71,
      "BEFORE_NODE": 71.0,
      "AFTER_NODE": 72.0,
      "BEFORE_LAT": 40.670775,
      "BEFORE_LON": -74.07995833333334,
      "AFTER_LAT": 40.67075833333333,
      "AFTER_LON": -74.079915,
      "SOG": 0,
      "MOVINGTIME": 1805.0,
      "ARRIVALTIME": "20251201024142"
    },
    {
      "SEQ": 72,
      "BEFORE_NODE": 72.0,
      "AFTER_NODE": 73.0,
      "BEFORE_LAT": 40.67075833333333,
      "BEFORE_LON": -74.079915,
      "AFTER_LAT": 40.67071333333333,
      "AFTER_LON": -74.07994,
      "SOG": 0,
      "MOVINGTIME": 1434.0,
      "ARRIVALTIME": "20251201030536"
    },
    {
      "SEQ": 73,
      "BEFORE_NODE": 73.0,
      "AFTER_NODE": 74.0,
      "BEFORE_LAT": 40.67071333333333,
      "BEFORE_LON": -74.07994,
      "AFTER_LAT": 40.67073833333333,
      "AFTER_LON": -74.07992166666666,
      "SOG": 0,
      "MOVINGTIME": 2161.0,
      "ARRIVALTIME": "20251201034137"
    },
    {
      "SEQ": 74,
      "BEFORE_NODE": 74.0,
      "AFTER_NODE": 75.0,
      "BEFORE_LAT": 40.67073833333333,
      "BEFORE_LON": -74.07992166666666,
      "AFTER_LAT": 40.670741666666665,
      "AFTER_LON": -74.07990333333333,
      "SOG": 0,
      "MOVINGTIME": 1440.0,
      "ARRIVALTIME": "20251201040537"
    },
    {
      "SEQ": 75,
      "BEFORE_NODE": 75.0,
      "AFTER_NODE": 76.0,
      "BEFORE_LAT": 40.670741666666665,
      "BEFORE_LON": -74.07990333333333,
      "AFTER_LAT": 40.670755,
      "AFTER_LON": -74.079945,
      "SOG": 0,
      "MOVINGTIME": 1979.0,
      "ARRIVALTIME": "20251201043836"
    },
    {
      "SEQ": 76,
      "BEFORE_NODE": 76.0,
      "AFTER_NODE": 77.0,
      "BEFORE_LAT": 40.670755,
      "BEFORE_LON": -74.079945,
      "AFTER_LAT": 40.670695,
      "AFTER_LON": -74.07985333333333,
      "SOG": 0.1,
      "MOVINGTIME": 1981.0,
      "ARRIVALTIME": "20251201051137"
    },
    {
      "SEQ": 77,
      "BEFORE_NODE": 77.0,
      "AFTER_NODE": 78.0,
      "BEFORE_LAT": 40.670695,
      "BEFORE_LON": -74.07985333333333,
      "AFTER_LAT": 40.67073333333333,
      "AFTER_LON": -74.07989666666667,
      "SOG": 0,
      "MOVINGTIME": 1800.0,
      "ARRIVALTIME": "20251201054137"
    },
    {
      "SEQ": 78,
      "BEFORE_NODE": 78.0,
      "AFTER_NODE": 79.0,
      "BEFORE_LAT": 40.67073333333333,
      "BEFORE_LON": -74.07989666666667,
      "AFTER_LAT": 40.670791666666666,
      "AFTER_LON": -74.07988666666667,
      "SOG": 0,
      "MOVINGTIME": 1442.0,
      "ARRIVALTIME": "20251201060539"
    },
    {
      "SEQ": 79,
      "BEFORE_NODE": 79.0,
      "AFTER_NODE": 80.0,
      "BEFORE_LAT": 40.670791666666666,
      "BEFORE_LON": -74.07988666666667,
      "AFTER_LAT": 40.67074,
      "AFTER_LON": -74.07995,
      "SOG": 0.1,
      "MOVINGTIME": 2158.0,
      "ARRIVALTIME": "20251201064137"
    },
    {
      "SEQ": 80,
      "BEFORE_NODE": 80.0,
      "AFTER_NODE": 81.0,
      "BEFORE_LAT": 40.67074,
      "BEFORE_LON": -74.07995,
      "AFTER_LAT": 40.67075333333333,
      "AFTER_LON": -74.07993,
      "SOG": 0.1,
      "MOVINGTIME": 1259.0,
      "ARRIVALTIME": "20251201070236"
    },
    {
      "SEQ": 81,
      "BEFORE_NODE": 81.0,
      "AFTER_NODE": 82.0,
      "BEFORE_LAT": 40.67075333333333,
      "BEFORE_LON": -74.07993,
      "AFTER_LAT": 40.670715,
      "AFTER_LON": -74.07990833333334,
      "SOG": 0.1,
      "MOVINGTIME": 2341.0,
      "ARRIVALTIME": "20251201074137"
    },
    {
      "SEQ": 82,
      "BEFORE_NODE": 82.0,
      "AFTER_NODE": 83.0,
      "BEFORE_LAT": 40.670715,
      "BEFORE_LON": -74.07990833333334,
      "AFTER_LAT": 40.67072666666667,
      "AFTER_LON": -74.07989333333333,
      "SOG": 0,
      "MOVINGTIME": 1081.0,
      "ARRIVALTIME": "20251201075938"
    },
    {
      "SEQ": 83,
      "BEFORE_NODE": 83.0,
      "AFTER_NODE": 84.0,
      "BEFORE_LAT": 40.67072666666667,
      "BEFORE_LON": -74.07989333333333,
      "AFTER_LAT": 40.67073666666667,
      "AFTER_LON": -74.07995,
      "SOG": 0,
      "MOVINGTIME": 2158.0,
      "ARRIVALTIME": "20251201083536"
    },
    {
      "SEQ": 84,
      "BEFORE_NODE": 84.0,
      "AFTER_NODE": 85.0,
      "BEFORE_LAT": 40.67073666666667,
      "BEFORE_LON": -74.07995,
      "AFTER_LAT": 40.67071166666667,
      "AFTER_LON": -74.07988833333333,
      "SOG": 0,
      "MOVINGTIME": 1801.0,
      "ARRIVALTIME": "20251201090537"
    },
    {
      "SEQ": 85,
      "BEFORE_NODE": 85.0,
      "AFTER_NODE": 86.0,
      "BEFORE_LAT": 40.67071166666667,
      "BEFORE_LON": -74.07988833333333,
      "AFTER_LAT": 40.670725,
      "AFTER_LON": -74.07991833333334,
      "SOG": 0,
      "MOVINGTIME": 1800.0,
      "ARRIVALTIME": "20251201093537"
    },
    {
      "SEQ": 86,
      "BEFORE_NODE": 86.0,
      "AFTER_NODE": 87.0,
      "BEFORE_LAT": 40.670725,
      "BEFORE_LON": -74.07991833333334,
      "AFTER_LAT": 40.670721666666665,
      "AFTER_LON": -74.0799,
      "SOG": 0.1,
      "MOVINGTIME": 2160.0,
      "ARRIVALTIME": "20251201101137"
    },
    {
      "SEQ": 87,
      "BEFORE_NODE": 87.0,
      "AFTER_NODE": 88.0,
      "BEFORE_LAT": 40.670721666666665,
      "BEFORE_LON": -74.0799,
      "AFTER_LAT": 40.67073833333333,
      "AFTER_LON": -74.07990333333333,
      "SOG": 0.1,
      "MOVINGTIME": 1440.0,
      "ARRIVALTIME": "20251201103537"
    },
    {
      "SEQ": 88,
      "BEFORE_NODE": 88.0,
      "AFTER_NODE": 89.0,
      "BEFORE_LAT": 40.67073833333333,
      "BEFORE_LON": -74.07990333333333,
      "AFTER_LAT": 40.67075666666667,
      "AFTER_LON": -74.07992166666666,
      "SOG": 0,
      "MOVINGTIME": 1800.0,
      "ARRIVALTIME": "20251201110537"
    },
    {
      "SEQ": 89,
      "BEFORE_NODE": 89.0,
      "AFTER_NODE": 90.0,
      "BEFORE_LAT": 40.67075666666667,
      "BEFORE_LON": -74.07992166666666,
      "AFTER_LAT": 40.67078,
      "AFTER_LON": -74.079895,
      "SOG": 0,
      "MOVINGTIME": 2146.0,
      "ARRIVALTIME": "20251201114123"
    },
    {
      "SEQ": 90,
      "BEFORE_NODE": 90.0,
      "AFTER_NODE": 91.0,
      "BEFORE_LAT": 40.67078,
      "BEFORE_LON": -74.079895,
      "AFTER_LAT": 40.670786666666665,
      "AFTER_LON": -74.07992333333333,
      "SOG": 0,
      "MOVINGTIME": 1814.0,
      "ARRIVALTIME": "20251201121137"
    },
    {
      "SEQ": 91,
      "BEFORE_NODE": 91.0,
      "AFTER_NODE": 92.0,
      "BEFORE_LAT": 40.670786666666665,
      "BEFORE_LON": -74.07992333333333,
      "AFTER_LAT": 40.67075166666667,
      "AFTER_LON": -74.07990333333333,
      "SOG": 0,
      "MOVINGTIME": 1261.0,
      "ARRIVALTIME": "20251201123238"
    },
    {
      "SEQ": 92,
      "BEFORE_NODE": 92.0,
      "AFTER_NODE": 93.0,
      "BEFORE_LAT": 40.67075166666667,
      "BEFORE_LON": -74.07990333333333,
      "AFTER_LAT": 40.67072833333334,
      "AFTER_LON": -74.07987833333334,
      "SOG": 0.1,
      "MOVINGTIME": 2342.0,
      "ARRIVALTIME": "20251201131140"
    },
    {
      "SEQ": 93,
      "BEFORE_NODE": 93.0,
      "AFTER_NODE": 94.0,
      "BEFORE_LAT": 40.67072833333334,
      "BEFORE_LON": -74.07987833333334,
      "AFTER_LAT": 40.670738,
      "AFTER_LON": -74.079895,
      "SOG": 0.1,
      "MOVINGTIME": 1820.0,
      "ARRIVALTIME": "20251201134200"
    },
    {
      "SEQ": 94,
      "BEFORE_NODE": 94.0,
      "AFTER_NODE": 95.0,
      "BEFORE_LAT": 40.670738,
      "BEFORE_LON": -74.079895,
      "AFTER_LAT": 40.670766666666665,
      "AFTER_LON": -74.07994333333333,
      "SOG": 0,
      "MOVINGTIME": 1777.0,
      "ARRIVALTIME": "20251201141137"
    },
    {
      "SEQ": 95,
      "BEFORE_NODE": 95.0,
      "AFTER_NODE": 96.0,
      "BEFORE_LAT": 40.670766666666665,
      "BEFORE_LON": -74.07994333333333,
      "AFTER_LAT": 40.670791666666666,
      "AFTER_LON": -74.07994,
      "SOG": 0,
      "MOVINGTIME": 1447.0,
      "ARRIVALTIME": "20251201143544"
    },
    {
      "SEQ": 96,
      "BEFORE_NODE": 96.0,
      "AFTER_NODE": 97.0,
      "BEFORE_LAT": 40.670791666666666,
      "BEFORE_LON": -74.07994,
      "AFTER_LAT": 40.67073666666667,
      "AFTER_LON": -74.07992333333333,
      "SOG": 0,
      "MOVINGTIME": 2156.0,
      "ARRIVALTIME": "20251201151140"
    },
    {
      "SEQ": 97,
      "BEFORE_NODE": 97.0,
      "AFTER_NODE": 98.0,
      "BEFORE_LAT": 40.67073666666667,
      "BEFORE_LON": -74.07992333333333,
      "AFTER_LAT": 40.670716666666664,
      "AFTER_LON": -74.07994333333333,
      "SOG": 0,
      "MOVINGTIME": 717.0,
      "ARRIVALTIME": "20251201152337"
    },
    {
      "SEQ": 98,
      "BEFORE_NODE": 98.0,
      "AFTER_NODE": 99.0,
      "BEFORE_LAT": 40.670716666666664,
      "BEFORE_LON": -74.07994333333333,
      "AFTER_LAT": 40.67075166666667,
      "AFTER_LON": -74.079935,
      "SOG": 0,
      "MOVINGTIME": 2519.0,
      "ARRIVALTIME": "20251201160536"
    },
    {
      "SEQ": 99,
      "BEFORE_NODE": 99.0,
      "AFTER_NODE": 100.0,
      "BEFORE_LAT": 40.67075166666667,
      "BEFORE_LON": -74.079935,
      "AFTER_LAT": 40.670715,
      "AFTER_LON": -74.07991833333334,
      "SOG": 0,
      "MOVINGTIME": 1441.0,
      "ARRIVALTIME": "20251201162937"
    },
    {
      "SEQ": 100,
      "BEFORE_NODE": 100.0,
      "AFTER_NODE": 101.0,
      "BEFORE_LAT": 40.670715,
      "BEFORE_LON": -74.07991833333334,
      "AFTER_LAT": 40.670725,
      "AFTER_LON": -74.07987833333334,
      "SOG": 0,
      "MOVINGTIME": 2163.0,
      "ARRIVALTIME": "20251201170540"
    },
    {
      "SEQ": 101,
      "BEFORE_NODE": 101.0,
      "AFTER_NODE": 102.0,
      "BEFORE_LAT": 40.670725,
      "BEFORE_LON": -74.07987833333334,
      "AFTER_LAT": 40.670768333333335,
      "AFTER_LON": -74.07992833333333,
      "SOG": 0.1,
      "MOVINGTIME": 1796.0,
      "ARRIVALTIME": "20251201173536"
    },
    {
      "SEQ": 102,
      "BEFORE_NODE": 102.0,
      "AFTER_NODE": 103.0,
      "BEFORE_LAT": 40.670768333333335,
      "BEFORE_LON": -74.07992833333333,
      "AFTER_LAT": 40.670785,
      "AFTER_LON": -74.07991166666666,
      "SOG": 0,
      "MOVINGTIME": 1981.0,
      "ARRIVALTIME": "20251201180837"
    },
    {
      "SEQ": 103,
      "BEFORE_NODE": 103.0,
      "AFTER_NODE": 104.0,
      "BEFORE_LAT": 40.670785,
      "BEFORE_LON": -74.07991166666666,
      "AFTER_LAT": 40.670735,
      "AFTER_LON": -74.07995166666667,
      "SOG": 0,
      "MOVINGTIME": 2880.0,
      "ARRIVALTIME": "20251201185637"
    },
    {
      "SEQ": 104,
      "BEFORE_NODE": 104.0,
      "AFTER_NODE": 105.0,
      "BEFORE_LAT": 40.670735,
      "BEFORE_LON": -74.07995166666667,
      "AFTER_LAT": 40.67071166666667,
      "AFTER_LON": -74.07989666666667,
      "SOG": 0,
      "MOVINGTIME": 2340.0,
      "ARRIVALTIME": "20251201193537"
    },
    {
      "SEQ": 105,
      "BEFORE_NODE": 105.0,
      "AFTER_NODE": 106.0,
      "BEFORE_LAT": 40.67071166666667,
      "BEFORE_LON": -74.07989666666667,
      "AFTER_LAT": 40.670766666666665,
      "AFTER_LON": -74.079935,
      "SOG": 0,
      "MOVINGTIME": 1441.0,
      "ARRIVALTIME": "20251201195938"
    },
    {
      "SEQ": 106,
      "BEFORE_NODE": 106.0,
      "AFTER_NODE": 107.0,
      "BEFORE_LAT": 40.670766666666665,
      "BEFORE_LON": -74.079935,
      "AFTER_LAT": 40.670745,
      "AFTER_LON": -74.07989,
      "SOG": 0,
      "MOVINGTIME": 2519.0,
      "ARRIVALTIME": "20251201204137"
    },
    {
      "SEQ": 107,
      "BEFORE_NODE": 107.0,
      "AFTER_NODE": 108.0,
      "BEFORE_LAT": 40.670745,
      "BEFORE_LON": -74.07989,
      "AFTER_LAT": 40.67075833333333,
      "AFTER_LON": -74.079925,
      "SOG": 0.1,
      "MOVINGTIME": 1260.0,
      "ARRIVALTIME": "20251201210237"
    },
    {
      "SEQ": 108,
      "BEFORE_NODE": 108.0,
      "AFTER_NODE": 109.0,
      "BEFORE_LAT": 40.67075833333333,
      "BEFORE_LON": -74.079925,
      "AFTER_LAT": 40.67074,
      "AFTER_LON": -74.079925,
      "SOG": 0,
      "MOVINGTIME": 1980.0,
      "ARRIVALTIME": "20251201213537"
    },
    {
      "SEQ": 109,
      "BEFORE_NODE": 109.0,
      "AFTER_NODE": 110.0,
      "BEFORE_LAT": 40.67074,
      "BEFORE_LON": -74.079925,
      "AFTER_LAT": 40.67073666666667,
      "AFTER_LON": -74.07992,
      "SOG": 0.1,
      "MOVINGTIME": 2160.0,
      "ARRIVALTIME": "20251201221137"
    },
    {
      "SEQ": 110,
      "BEFORE_NODE": 110.0,
      "AFTER_NODE": 111.0,
      "BEFORE_LAT": 40.67073666666667,
      "BEFORE_LON": -74.07992,
      "AFTER_LAT": 40.670715,
      "AFTER_LON": -74.07991666666666,
      "SOG": 0,
      "MOVINGTIME": 1800.0,
      "ARRIVALTIME": "20251201224137"
    },
    {
      "SEQ": 111,
      "BEFORE_NODE": 111.0,
      "AFTER_NODE": 112.0,
      "BEFORE_LAT": 40.670715,
      "BEFORE_LON": -74.07991666666666,
      "AFTER_LAT": 40.670746666666666,
      "AFTER_LON": -74.07992166666666,
      "SOG": 0,
      "MOVINGTIME": 1801.0,
      "ARRIVALTIME": "20251201231138"
    },
    {
      "SEQ": 112,
      "BEFORE_NODE": 112.0,
      "AFTER_NODE": 113.0,
      "BEFORE_LAT": 40.670746666666666,
      "BEFORE_LON": -74.07992166666666,
      "AFTER_LAT": 40.670741666666665,
      "AFTER_LON": -74.07994666666667,
      "SOG": 0.1,
      "MOVINGTIME": 1799.0,
      "ARRIVALTIME": "20251201234137"
    },
    {
      "SEQ": 113,
      "BEFORE_NODE": 113.0,
      "AFTER_NODE": 114.0,
      "BEFORE_LAT": 40.670741666666665,
      "BEFORE_LON": -74.07994666666667,
      "AFTER_LAT": 40.67077166666667,
      "AFTER_LON": -74.07991166666666,
      "SOG": 0,
      "MOVINGTIME": 1441.0,
      "ARRIVALTIME": "20251202000538"
    },
    {
      "SEQ": 114,
      "BEFORE_NODE": 114.0,
      "AFTER_NODE": 115.0,
      "BEFORE_LAT": 40.67077166666667,
      "BEFORE_LON": -74.07991166666666,
      "AFTER_LAT": 40.67075833333333,
      "AFTER_LON": -74.07992166666666,
      "SOG": 0.1,
      "MOVINGTIME": 1979.0,
      "ARRIVALTIME": "20251202003837"
    },
    {
      "SEQ": 115,
      "BEFORE_NODE": 115.0,
      "AFTER_NODE": 116.0,
      "BEFORE_LAT": 40.67075833333333,
      "BEFORE_LON": -74.07992166666666,
      "AFTER_LAT": 40.67076333333333,
      "AFTER_LON": -74.07992666666667,
      "SOG": 0.1,
      "MOVINGTIME": 1623.0,
      "ARRIVALTIME": "20251202010540"
    },
    {
      "SEQ": 116,
      "BEFORE_NODE": 116.0,
      "AFTER_NODE": 117.0,
      "BEFORE_LAT": 40.67076333333333,
      "BEFORE_LON": -74.07992666666667,
      "AFTER_LAT": 40.67075166666667,
      "AFTER_LON": -74.07993,
      "SOG": 0,
      "MOVINGTIME": 2157.0,
      "ARRIVALTIME": "20251202014137"
    },
    {
      "SEQ": 117,
      "BEFORE_NODE": 117.0,
      "AFTER_NODE": 118.0,
      "BEFORE_LAT": 40.67075166666667,
      "BEFORE_LON": -74.07993,
      "AFTER_LAT": 40.67075166666667,
      "AFTER_LON": -74.07992833333333,
      "SOG": 0,
      "MOVINGTIME": 1440.0,
      "ARRIVALTIME": "20251202020537"
    },
    {
      "SEQ": 118,
      "BEFORE_NODE": 118.0,
      "AFTER_NODE": 119.0,
      "BEFORE_LAT": 40.67075166666667,
      "BEFORE_LON": -74.07992833333333,
      "AFTER_LAT": 40.670765,
      "AFTER_LON": -74.07994333333333,
      "SOG": 0,
      "MOVINGTIME": 2161.0,
      "ARRIVALTIME": "20251202024138"
    },
    {
      "SEQ": 119,
      "BEFORE_NODE": 119.0,
      "AFTER_NODE": 120.0,
      "BEFORE_LAT": 40.670765,
      "BEFORE_LON": -74.07994333333333,
      "AFTER_LAT": 40.670735,
      "AFTER_LON": -74.07993333333333,
      "SOG": 0,
      "MOVINGTIME": 1444.0,
      "ARRIVALTIME": "20251202030542"
    },
    {
      "SEQ": 120,
      "BEFORE_NODE": 120.0,
      "AFTER_NODE": 121.0,
      "BEFORE_LAT": 40.670735,
      "BEFORE_LON": -74.07993333333333,
      "AFTER_LAT": 40.67074,
      "AFTER_LON": -74.07993,
      "SOG": 0,
      "MOVINGTIME": 1795.0,
      "ARRIVALTIME": "20251202033537"
    },
    {
      "SEQ": 121,
      "BEFORE_NODE": 121.0,
      "AFTER_NODE": 122.0,
      "BEFORE_LAT": 40.67074,
      "BEFORE_LON": -74.07993,
      "AFTER_LAT": 40.67075166666667,
      "AFTER_LON": -74.07991,
      "SOG": 0,
      "MOVINGTIME": 1800.0,
      "ARRIVALTIME": "20251202040537"
    },
    {
      "SEQ": 122,
      "BEFORE_NODE": 122.0,
      "AFTER_NODE": 123.0,
      "BEFORE_LAT": 40.67075166666667,
      "BEFORE_LON": -74.07991,
      "AFTER_LAT": 40.670745,
      "AFTER_LON": -74.07990666666667,
      "SOG": 0,
      "MOVINGTIME": 2160.0,
      "ARRIVALTIME": "20251202044137"
    },
    {
      "SEQ": 123,
      "BEFORE_NODE": 123.0,
      "AFTER_NODE": 124.0,
      "BEFORE_LAT": 40.670745,
      "BEFORE_LON": -74.07990666666667,
      "AFTER_LAT": 40.670723333333335,
      "AFTER_LON": -74.07990833333334,
      "SOG": 0.1,
      "MOVINGTIME": 1440.0,
      "ARRIVALTIME": "20251202050537"
    },
    {
      "SEQ": 124,
      "BEFORE_NODE": 124.0,
      "AFTER_NODE": 125.0,
      "BEFORE_LAT": 40.670723333333335,
      "BEFORE_LON": -74.07990833333334,
      "AFTER_LAT": 40.67074,
      "AFTER_LON": -74.07994,
      "SOG": 0.1,
      "MOVINGTIME": 2057.0,
      "ARRIVALTIME": "20251202053954"
    },
    {
      "SEQ": 125,
      "BEFORE_NODE": 125.0,
      "AFTER_NODE": 126.0,
      "BEFORE_LAT": 40.67074,
      "BEFORE_LON": -74.07994,
      "AFTER_LAT": 40.657985,
      "AFTER_LON": -74.05472,
      "SOG": 1.8,
      "MOVINGTIME": 1680.0,
      "ARRIVALTIME": "20251202060754"
    },
    {
      "SEQ": 126,
      "BEFORE_NODE": 126.0,
      "AFTER_NODE": 127.0,
      "BEFORE_LAT": 40.657985,
      "BEFORE_LON": -74.05472,
      "AFTER_LAT": 40.61047333333333,
      "AFTER_LON": -74.04663333333333,
      "SOG": 9.5,
      "MOVINGTIME": 1802.0,
      "ARRIVALTIME": "20251202063756"
    },
    {
      "SEQ": 127,
      "BEFORE_NODE": 127.0,
      "AFTER_NODE": 128.0,
      "BEFORE_LAT": 40.61047333333333,
      "BEFORE_LON": -74.04663333333333,
      "AFTER_LAT": 40.52567333333333,
      "AFTER_LON": -74.01058333333333,
      "SOG": 8.4,
      "MOVINGTIME": 2100.0,
      "ARRIVALTIME": "20251202071256"
    },
    {
      "SEQ": 128,
      "BEFORE_NODE": 128.0,
      "AFTER_NODE": 129.0,
      "BEFORE_LAT": 40.52567333333333,
      "BEFORE_LON": -74.01058333333333,
      "AFTER_LAT": 40.495185,
      "AFTER_LON": -73.93669166666666,
      "SOG": 9.8,
      "MOVINGTIME": 1500.0,
      "ARRIVALTIME": "20251202073756"
    },
    {
      "SEQ": 129,
      "BEFORE_NODE": 129.0,
      "AFTER_NODE": 130.0,
      "BEFORE_LAT": 40.495185,
      "BEFORE_LON": -73.93669166666666,
      "AFTER_LAT": 40.45816333333333,
      "AFTER_LON": -73.84476666666667,
      "SOG": 8.7,
      "MOVINGTIME": 1798.0,
      "ARRIVALTIME": "20251202080754"
    },
    {
      "SEQ": 130,
      "BEFORE_NODE": 130.0,
      "AFTER_NODE": 131.0,
      "BEFORE_LAT": 40.45816333333333,
      "BEFORE_LON": -73.84476666666667,
      "AFTER_LAT": 40.43626166666667,
      "AFTER_LON": -73.74138833333333,
      "SOG": 9.4,
      "MOVINGTIME": 2100.0,
      "ARRIVALTIME": "20251202084254"
    },
    {
      "SEQ": 131,
      "BEFORE_NODE": 131.0,
      "AFTER_NODE": 132.0,
      "BEFORE_LAT": 40.43626166666667,
      "BEFORE_LON": -73.74138833333333,
      "AFTER_LAT": 40.41934666666667,
      "AFTER_LON": -73.64090166666666,
      "SOG": 9.2,
      "MOVINGTIME": 1799.0,
      "ARRIVALTIME": "20251202091253"
    },
    {
      "SEQ": 132,
      "BEFORE_NODE": 132.0,
      "AFTER_NODE": 133.0,
      "BEFORE_LAT": 40.41934666666667,
      "BEFORE_LON": -73.64090166666666,
      "AFTER_LAT": 40.40649666666667,
      "AFTER_LON": -73.55095,
      "SOG": 9,
      "MOVINGTIME": 1652.0,
      "ARRIVALTIME": "20251202094025"
    },
    {
      "SEQ": 133,
      "BEFORE_NODE": 133.0,
      "AFTER_NODE": 134.0,
      "BEFORE_LAT": 40.40649666666667,
      "BEFORE_LON": -73.55095,
      "AFTER_LAT": 40.396595,
      "AFTER_LON": -73.46208833333333,
      "SOG": 12,
      "MOVINGTIME": 1530.0,
      "ARRIVALTIME": "20251202100555"
    },
    {
      "SEQ": 134,
      "BEFORE_NODE": 134.0,
      "AFTER_NODE": 135.0,
      "BEFORE_LAT": 40.396595,
      "BEFORE_LON": -73.46208833333333,
      "AFTER_LAT": 40.375278,
      "AFTER_LON": -72.839027,
      "SOG": 13.6,
      "MOVINGTIME": 7625.0,
      "ARRIVALTIME": "20251202121300"
    },
    {
      "SEQ": 135,
      "BEFORE_NODE": 135.0,
      "AFTER_NODE": 136.0,
      "BEFORE_LAT": 40.375278,
      "BEFORE_LON": -72.839027,
      "AFTER_LAT": 40.377441,
      "AFTER_LON": -72.574242,
      "SOG": 13.6,
      "MOVINGTIME": 3720.0,
      "ARRIVALTIME": "20251202131500"
    },
    {
      "SEQ": 136,
      "BEFORE_NODE": 136.0,
      "AFTER_NODE": 137.0,
      "BEFORE_LAT": 40.377441,
      "BEFORE_LON": -72.574242,
      "AFTER_LAT": 40.379211,
      "AFTER_LON": -72.44397,
      "SOG": 13.5,
      "MOVINGTIME": 1560.0,
      "ARRIVALTIME": "20251202134100"
    },
    {
      "SEQ": 137,
      "BEFORE_NODE": 137.0,
      "AFTER_NODE": 138.0,
      "BEFORE_LAT": 40.379211,
      "BEFORE_LON": -72.44397,
      "AFTER_LAT": 40.380474,
      "AFTER_LON": -72.34874,
      "SOG": 13.3,
      "MOVINGTIME": 1080.0,
      "ARRIVALTIME": "20251202135900"
    },
    {
      "SEQ": 138,
      "BEFORE_NODE": 138.0,
      "AFTER_NODE": 139.0,
      "BEFORE_LAT": 40.380474,
      "BEFORE_LON": -72.34874,
      "AFTER_LAT": 40.384365,
      "AFTER_LON": -72.241333,
      "SOG": 13.1,
      "MOVINGTIME": 1200.0,
      "ARRIVALTIME": "20251202141900"
    },
    {
      "SEQ": 139,
      "BEFORE_NODE": 139.0,
      "AFTER_NODE": 140.0,
      "BEFORE_LAT": 40.384365,
      "BEFORE_LON": -72.241333,
      "AFTER_LAT": 40.394093,
      "AFTER_LON": -71.729897,
      "SOG": 13.8,
      "MOVINGTIME": 6600.0,
      "ARRIVALTIME": "20251202160900"
    },
    {
      "SEQ": 140,
      "BEFORE_NODE": 140.0,
      "AFTER_NODE": 141.0,
      "BEFORE_LAT": 40.394093,
      "BEFORE_LON": -71.729897,
      "AFTER_LAT": 40.418724,
      "AFTER_LON": -70.461067,
      "SOG": 14.1,
      "MOVINGTIME": 14760.0,
      "ARRIVALTIME": "20251202201500"
    },
    {
      "SEQ": 141,
      "BEFORE_NODE": 141.0,
      "AFTER_NODE": 142.0,
      "BEFORE_LAT": 40.418724,
      "BEFORE_LON": -70.461067,
      "AFTER_LAT": 40.428135,
      "AFTER_LON": -69.586472,
      "SOG": 14.1,
      "MOVINGTIME": 10980.0,
      "ARRIVALTIME": "20251202231800"
    },
    {
      "SEQ": 142,
      "BEFORE_NODE": 142.0,
      "AFTER_NODE": 143.0,
      "BEFORE_LAT": 40.428135,
      "BEFORE_LON": -69.586472,
      "AFTER_LAT": 40.429325,
      "AFTER_LON": -69.42157,
      "SOG": 14,
      "MOVINGTIME": 1800.0,
      "ARRIVALTIME": "20251202234800"
    },
    {
      "SEQ": 143,
      "BEFORE_NODE": 143.0,
      "AFTER_NODE": 144.0,
      "BEFORE_LAT": 40.429325,
      "BEFORE_LON": -69.42157,
      "AFTER_LAT": 40.432381,
      "AFTER_LON": -69.213661,
      "SOG": 14,
      "MOVINGTIME": 1740.0,
      "ARRIVALTIME": "20251203001700"
    },
    {
      "SEQ": 144,
      "BEFORE_NODE": 144.0,
      "AFTER_NODE": 145.0,
      "BEFORE_LAT": 40.432381,
      "BEFORE_LON": -69.213661,
      "AFTER_LAT": 40.477272,
      "AFTER_LON": -69.12001,
      "SOG": 14.6,
      "MOVINGTIME": 1800.0,
      "ARRIVALTIME": "20251203004700"
    },
    {
      "SEQ": 145,
      "BEFORE_NODE": 145.0,
      "AFTER_NODE": 146.0,
      "BEFORE_LAT": 40.477272,
      "BEFORE_LON": -69.12001,
      "AFTER_LAT": 40.567211,
      "AFTER_LON": -68.983109,
      "SOG": 15,
      "MOVINGTIME": 2220.0,
      "ARRIVALTIME": "20251203012400"
    },
    {
      "SEQ": 146,
      "BEFORE_NODE": 146.0,
      "AFTER_NODE": 147.0,
      "BEFORE_LAT": 40.567211,
      "BEFORE_LON": -68.983109,
      "AFTER_LAT": 40.643719,
      "AFTER_LON": -68.855171,
      "SOG": 15.5,
      "MOVINGTIME": 1440.0,
      "ARRIVALTIME": "20251203014800"
    },
    {
      "SEQ": 147,
      "BEFORE_NODE": 147.0,
      "AFTER_NODE": 148.0,
      "BEFORE_LAT": 40.643719,
      "BEFORE_LON": -68.855171,
      "AFTER_LAT": 40.761452,
      "AFTER_LON": -68.75209,
      "SOG": 14.6,
      "MOVINGTIME": 2040.0,
      "ARRIVALTIME": "20251203022200"
    },
    {
      "SEQ": 148,
      "BEFORE_NODE": 148.0,
      "AFTER_NODE": 149.0,
      "BEFORE_LAT": 40.761452,
      "BEFORE_LON": -68.75209,
      "AFTER_LAT": 40.852509,
      "AFTER_LON": -68.710831,
      "SOG": 14.3,
      "MOVINGTIME": 1500.0,
      "ARRIVALTIME": "20251203024700"
    },
    {
      "SEQ": 149,
      "BEFORE_NODE": 149.0,
      "AFTER_NODE": 150.0,
      "BEFORE_LAT": 40.852509,
      "BEFORE_LON": -68.710831,
      "AFTER_LAT": 43.037258,
      "AFTER_LON": -65.750977,
      "SOG": 13.1,
      "MOVINGTIME": 57420.0,
      "ARRIVALTIME": "20251203184400"
    },
    {
      "SEQ": 150,
      "BEFORE_NODE": 150.0,
      "AFTER_NODE": 151.0,
      "BEFORE_LAT": 43.037258,
      "BEFORE_LON": -65.750977,
      "AFTER_LAT": 43.085041,
      "AFTER_LON": -65.602539,
      "SOG": 13,
      "MOVINGTIME": 1800.0,
      "ARRIVALTIME": "20251203191400"
    },
    {
      "SEQ": 151,
      "BEFORE_NODE": 151.0,
      "AFTER_NODE": 152.0,
      "BEFORE_LAT": 43.085041,
      "BEFORE_LON": -65.602539,
      "AFTER_LAT": 43.226402,
      "AFTER_LON": -65.369797,
      "SOG": 10.6,
      "MOVINGTIME": 3720.0,
      "ARRIVALTIME": "20251203201600"
    },
    {
      "SEQ": 152,
      "BEFORE_NODE": 152.0,
      "AFTER_NODE": 153.0,
      "BEFORE_LAT": 43.226402,
      "BEFORE_LON": -65.369797,
      "AFTER_LAT": 43.269314,
      "AFTER_LON": -65.256111,
      "SOG": 10.8,
      "MOVINGTIME": 1800.0,
      "ARRIVALTIME": "20251203204600"
    },
    {
      "SEQ": 153,
      "BEFORE_NODE": 153.0,
      "AFTER_NODE": 154.0,
      "BEFORE_LAT": 43.269314,
      "BEFORE_LON": -65.256111,
      "AFTER_LAT": 43.290085,
      "AFTER_LON": -65.174126,
      "SOG": 10.5,
      "MOVINGTIME": 1860.0,
      "ARRIVALTIME": "20251203211700"
    },
    {
      "SEQ": 154,
      "BEFORE_NODE": 154.0,
      "AFTER_NODE": 155.0,
      "BEFORE_LAT": 43.290085,
      "BEFORE_LON": -65.174126,
      "AFTER_LAT": 43.417694,
      "AFTER_LON": -64.958252,
      "SOG": 11.5,
      "MOVINGTIME": 3540.0,
      "ARRIVALTIME": "20251203221600"
    },
    {
      "SEQ": 155,
      "BEFORE_NODE": 155.0,
      "AFTER_NODE": 156.0,
      "BEFORE_LAT": 43.417694,
      "BEFORE_LON": -64.958252,
      "AFTER_LAT": 43.483734,
      "AFTER_LON": -64.856209,
      "SOG": 11.6,
      "MOVINGTIME": 1800.0,
      "ARRIVALTIME": "20251203224600"
    },
    {
      "SEQ": 156,
      "BEFORE_NODE": 156.0,
      "AFTER_NODE": 157.0,
      "BEFORE_LAT": 43.483734,
      "BEFORE_LON": -64.856209,
      "AFTER_LAT": 43.542816,
      "AFTER_LON": -64.753998,
      "SOG": 11.8,
      "MOVINGTIME": 1920.0,
      "ARRIVALTIME": "20251203231800"
    },
    {
      "SEQ": 157,
      "BEFORE_NODE": 157.0,
      "AFTER_NODE": 158.0,
      "BEFORE_LAT": 43.542816,
      "BEFORE_LON": -64.753998,
      "AFTER_LAT": 43.584347,
      "AFTER_LON": -64.675903,
      "SOG": 12,
      "MOVINGTIME": 1740.0,
      "ARRIVALTIME": "20251203234700"
    },
    {
      "SEQ": 158,
      "BEFORE_NODE": 158.0,
      "AFTER_NODE": 159.0,
      "BEFORE_LAT": 43.584347,
      "BEFORE_LON": -64.675903,
      "AFTER_LAT": 43.720592,
      "AFTER_LON": -64.429543,
      "SOG": 12.3,
      "MOVINGTIME": 3660.0,
      "ARRIVALTIME": "20251204004800"
    },
    {
      "SEQ": 159,
      "BEFORE_NODE": 159.0,
      "AFTER_NODE": 160.0,
      "BEFORE_LAT": 43.720592,
      "BEFORE_LON": -64.429543,
      "AFTER_LAT": 43.789814,
      "AFTER_LON": -64.314384,
      "SOG": 11.8,
      "MOVINGTIME": 1980.0,
      "ARRIVALTIME": "20251204012100"
    },
    {
      "SEQ": 160,
      "BEFORE_NODE": 160.0,
      "AFTER_NODE": 161.0,
      "BEFORE_LAT": 43.789814,
      "BEFORE_LON": -64.314384,
      "AFTER_LAT": 43.855732,
      "AFTER_LON": -64.204651,
      "SOG": 11.5,
      "MOVINGTIME": 1980.0,
      "ARRIVALTIME": "20251204015400"
    },
    {
      "SEQ": 161,
      "BEFORE_NODE": 161.0,
      "AFTER_NODE": 162.0,
      "BEFORE_LAT": 43.855732,
      "BEFORE_LON": -64.204651,
      "AFTER_LAT": 43.914394,
      "AFTER_LON": -64.1063,
      "SOG": 9.6,
      "MOVINGTIME": 1860.0,
      "ARRIVALTIME": "20251204022500"
    },
    {
      "SEQ": 162,
      "BEFORE_NODE": 162.0,
      "AFTER_NODE": 163.0,
      "BEFORE_LAT": 43.914394,
      "BEFORE_LON": -64.1063,
      "AFTER_LAT": 43.971237,
      "AFTER_LON": -64.008865,
      "SOG": 9.6,
      "MOVINGTIME": 1920.0,
      "ARRIVALTIME": "20251204025700"
    },
    {
      "SEQ": 163,
      "BEFORE_NODE": 163.0,
      "AFTER_NODE": 164.0,
      "BEFORE_LAT": 43.971237,
      "BEFORE_LON": -64.008865,
      "AFTER_LAT": 44.007668,
      "AFTER_LON": -63.945545,
      "SOG": 8,
      "MOVINGTIME": 1560.0,
      "ARRIVALTIME": "20251204032300"
    },
    {
      "SEQ": 164,
      "BEFORE_NODE": 164.0,
      "AFTER_NODE": 165.0,
      "BEFORE_LAT": 44.007668,
      "BEFORE_LON": -63.945545,
      "AFTER_LAT": 44.065131666666666,
      "AFTER_LON": -63.845191666666665,
      "SOG": 7,
      "MOVINGTIME": 2091.0,
      "ARRIVALTIME": "20251204035751"
    },
    {
      "SEQ": 165,
      "BEFORE_NODE": 165.0,
      "AFTER_NODE": 166.0,
      "BEFORE_LAT": 44.065131666666666,
      "BEFORE_LON": -63.845191666666665,
      "AFTER_LAT": 44.09241,
      "AFTER_LON": -63.80875666666667,
      "SOG": 1.5,
      "MOVINGTIME": 2400.0,
      "ARRIVALTIME": "20251204043751"
    },
    {
      "SEQ": 166,
      "BEFORE_NODE": 166.0,
      "AFTER_NODE": 167.0,
      "BEFORE_LAT": 44.09241,
      "BEFORE_LON": -63.80875666666667,
      "AFTER_LAT": 44.12865333333333,
      "AFTER_LON": -63.757798333333334,
      "SOG": 10.3,
      "MOVINGTIME": 1809.0,
      "ARRIVALTIME": "20251204050800"
    },
    {
      "SEQ": 167,
      "BEFORE_NODE": 167.0,
      "AFTER_NODE": 168.0,
      "BEFORE_LAT": 44.12865333333333,
      "BEFORE_LON": -63.757798333333334,
      "AFTER_LAT": 44.17525333333333,
      "AFTER_LON": -63.666846666666665,
      "SOG": 9.6,
      "MOVINGTIME": 1800.0,
      "ARRIVALTIME": "20251204053800"
    },
    {
      "SEQ": 168,
      "BEFORE_NODE": 168.0,
      "AFTER_NODE": 169.0,
      "BEFORE_LAT": 44.17525333333333,
      "BEFORE_LON": -63.666846666666665,
      "AFTER_LAT": 44.22212666666667,
      "AFTER_LON": -63.57568,
      "SOG": 9.7,
      "MOVINGTIME": 1801.0,
      "ARRIVALTIME": "20251204060801"
    },
    {
      "SEQ": 169,
      "BEFORE_NODE": 169.0,
      "AFTER_NODE": 170.0,
      "BEFORE_LAT": 44.22212666666667,
      "BEFORE_LON": -63.57568,
      "AFTER_LAT": 44.273129,
      "AFTER_LON": -63.486481,
      "SOG": 9.3,
      "MOVINGTIME": 2339.0,
      "ARRIVALTIME": "20251204064700"
    },
    {
      "SEQ": 170,
      "BEFORE_NODE": 170.0,
      "AFTER_NODE": 171.0,
      "BEFORE_LAT": 44.273129,
      "BEFORE_LON": -63.486481,
      "AFTER_LAT": 44.336773,
      "AFTER_LON": -63.399952,
      "SOG": 9.3,
      "MOVINGTIME": 1740.0,
      "ARRIVALTIME": "20251204071600"
    },
    {
      "SEQ": 171,
      "BEFORE_NODE": 171.0,
      "AFTER_NODE": 172.0,
      "BEFORE_LAT": 44.336773,
      "BEFORE_LON": -63.399952,
      "AFTER_LAT": 44.391335,
      "AFTER_LON": -63.396385,
      "SOG": 9.5,
      "MOVINGTIME": 1680.0,
      "ARRIVALTIME": "20251204074400"
    },
    {
      "SEQ": 172,
      "BEFORE_NODE": 172.0,
      "AFTER_NODE": 173.0,
      "BEFORE_LAT": 44.391335,
      "BEFORE_LON": -63.396385,
      "AFTER_LAT": 44.467426,
      "AFTER_LON": -63.458786,
      "SOG": 8.8,
      "MOVINGTIME": 1860.0,
      "ARRIVALTIME": "20251204081500"
    },
    {
      "SEQ": 173,
      "BEFORE_NODE": 173.0,
      "AFTER_NODE": 174.0,
      "BEFORE_LAT": 44.467426,
      "BEFORE_LON": -63.458786,
      "AFTER_LAT": 44.531994,
      "AFTER_LON": -63.5182,
      "SOG": 8.8,
      "MOVINGTIME": 1740.0,
      "ARRIVALTIME": "20251204084400"
    },
    {
      "SEQ": 174,
      "BEFORE_NODE": 174.0,
      "AFTER_NODE": 175.0,
      "BEFORE_LAT": 44.531994,
      "BEFORE_LON": -63.5182,
      "AFTER_LAT": 44.585487,
      "AFTER_LON": -63.534252,
      "SOG": 7.5,
      "MOVINGTIME": 1800.0,
      "ARRIVALTIME": "20251204091400"
    },
    {
      "SEQ": 175,
      "BEFORE_NODE": 175.0,
      "AFTER_NODE": 176.0,
      "BEFORE_LAT": 44.585487,
      "BEFORE_LON": -63.534252,
      "AFTER_LAT": 44.626785,
      "AFTER_LON": -63.553474,
      "SOG": 1.2,
      "MOVINGTIME": 1800.0,
      "ARRIVALTIME": "20251204094400"
    },
    {
      "SEQ": 176,
      "BEFORE_NODE": 176.0,
      "AFTER_NODE": 177.0,
      "BEFORE_LAT": 44.626785,
      "BEFORE_LON": -63.553474,
      "AFTER_LAT": 44.628765,
      "AFTER_LON": -63.561527,
      "SOG": 0.1,
      "MOVINGTIME": 1920.0,
      "ARRIVALTIME": "20251204101600"
    },
    {
      "SEQ": 177,
      "BEFORE_NODE": 177.0,
      "AFTER_NODE": 178.0,
      "BEFORE_LAT": 44.628765,
      "BEFORE_LON": -63.561527,
      "AFTER_LAT": 44.628746,
      "AFTER_LON": -63.561508,
      "SOG": 0,
      "MOVINGTIME": 1620.0,
      "ARRIVALTIME": "20251204104300"
    },
    {
      "SEQ": 178,
      "BEFORE_NODE": 178.0,
      "AFTER_NODE": 179.0,
      "BEFORE_LAT": 44.628746,
      "BEFORE_LON": -63.561508,
      "AFTER_LAT": 44.628746,
      "AFTER_LON": -63.561474,
      "SOG": 0,
      "MOVINGTIME": 1920.0,
      "ARRIVALTIME": "20251204111500"
    },
    {
      "SEQ": 179,
      "BEFORE_NODE": 179.0,
      "AFTER_NODE": 180.0,
      "BEFORE_LAT": 44.628746,
      "BEFORE_LON": -63.561474,
      "AFTER_LAT": 44.628742,
      "AFTER_LON": -63.561481,
      "SOG": 0,
      "MOVINGTIME": 1800.0,
      "ARRIVALTIME": "20251204114500"
    },
    {
      "SEQ": 180,
      "BEFORE_NODE": 180.0,
      "AFTER_NODE": 181.0,
      "BEFORE_LAT": 44.628742,
      "BEFORE_LON": -63.561481,
      "AFTER_LAT": 44.628735,
      "AFTER_LON": -63.56152,
      "SOG": 0.1,
      "MOVINGTIME": 1740.0,
      "ARRIVALTIME": "20251204121400"
    },
    {
      "SEQ": 181,
      "BEFORE_NODE": 181.0,
      "AFTER_NODE": 182.0,
      "BEFORE_LAT": 44.628735,
      "BEFORE_LON": -63.56152,
      "AFTER_LAT": 44.628719,
      "AFTER_LON": -63.561508,
      "SOG": 0.1,
      "MOVINGTIME": 1800.0,
      "ARRIVALTIME": "20251204124400"
    },
    {
      "SEQ": 182,
      "BEFORE_NODE": 182.0,
      "AFTER_NODE": 183.0,
      "BEFORE_LAT": 44.628719,
      "BEFORE_LON": -63.561508,
      "AFTER_LAT": 44.628725,
      "AFTER_LON": -63.56148833333334,
      "SOG": 0.1,
      "MOVINGTIME": 1625.0,
      "ARRIVALTIME": "20251204131105"
    },
    {
      "SEQ": 183,
      "BEFORE_NODE": 183.0,
      "AFTER_NODE": 184.0,
      "BEFORE_LAT": 44.628725,
      "BEFORE_LON": -63.56148833333334,
      "AFTER_LAT": 44.628735,
      "AFTER_LON": -63.561481,
      "SOG": 0.1,
      "MOVINGTIME": 1915.0,
      "ARRIVALTIME": "20251204134300"
    },
    {
      "SEQ": 184,
      "BEFORE_NODE": 184.0,
      "AFTER_NODE": 185.0,
      "BEFORE_LAT": 44.628735,
      "BEFORE_LON": -63.561481,
      "AFTER_LAT": 44.628675,
      "AFTER_LON": -63.561445,
      "SOG": 0.1,
      "MOVINGTIME": 1685.0,
      "ARRIVALTIME": "20251204141105"
    },
    {
      "SEQ": 185,
      "BEFORE_NODE": 185.0,
      "AFTER_NODE": 186.0,
      "BEFORE_LAT": 44.628675,
      "BEFORE_LON": -63.561445,
      "AFTER_LAT": 44.6287,
      "AFTER_LON": -63.56151,
      "SOG": 0,
      "MOVINGTIME": 1800.0,
      "ARRIVALTIME": "20251204144105"
    },
    {
      "SEQ": 186,
      "BEFORE_NODE": 186.0,
      "AFTER_NODE": 187.0,
      "BEFORE_LAT": 44.6287,
      "BEFORE_LON": -63.56151,
      "AFTER_LAT": 44.628788,
      "AFTER_LON": -63.561508,
      "SOG": 0,
      "MOVINGTIME": 1915.0,
      "ARRIVALTIME": "20251204151300"
    },
    {
      "SEQ": 187,
      "BEFORE_NODE": 187.0,
      "AFTER_NODE": 188.0,
      "BEFORE_LAT": 44.628788,
      "BEFORE_LON": -63.561508,
      "AFTER_LAT": 44.628765,
      "AFTER_LON": -63.56152,
      "SOG": 0,
      "MOVINGTIME": 1920.0,
      "ARRIVALTIME": "20251204154500"
    },
    {
      "SEQ": 188,
      "BEFORE_NODE": 188.0,
      "AFTER_NODE": 189.0,
      "BEFORE_LAT": 44.628765,
      "BEFORE_LON": -63.56152,
      "AFTER_LAT": 44.628746,
      "AFTER_LON": -63.561493,
      "SOG": 0.1,
      "MOVINGTIME": 1740.0,
      "ARRIVALTIME": "20251204161400"
    },
    {
      "SEQ": 189,
      "BEFORE_NODE": 189.0,
      "AFTER_NODE": 190.0,
      "BEFORE_LAT": 44.628746,
      "BEFORE_LON": -63.561493,
      "AFTER_LAT": 44.628727,
      "AFTER_LON": -63.561481,
      "SOG": 0,
      "MOVINGTIME": 1860.0,
      "ARRIVALTIME": "20251204164500"
    },
    {
      "SEQ": 190,
      "BEFORE_NODE": 190.0,
      "AFTER_NODE": 191.0,
      "BEFORE_LAT": 44.628727,
      "BEFORE_LON": -63.561481,
      "AFTER_LAT": 44.62875666666667,
      "AFTER_LON": -63.561485,
      "SOG": 0.1,
      "MOVINGTIME": 1565.0,
      "ARRIVALTIME": "20251204171105"
    },
    {
      "SEQ": 191,
      "BEFORE_NODE": 191.0,
      "AFTER_NODE": 192.0,
      "BEFORE_LAT": 44.62875666666667,
      "BEFORE_LON": -63.561485,
      "AFTER_LAT": 44.628766666666664,
      "AFTER_LON": -63.561515,
      "SOG": 0.1,
      "MOVINGTIME": 1620.0,
      "ARRIVALTIME": "20251204173805"
    },
    {
      "SEQ": 192,
      "BEFORE_NODE": 192.0,
      "AFTER_NODE": 193.0,
      "BEFORE_LAT": 44.628766666666664,
      "BEFORE_LON": -63.561515,
      "AFTER_LAT": 44.62874333333333,
      "AFTER_LON": -63.561528333333335,
      "SOG": 0,
      "MOVINGTIME": 1620.0,
      "ARRIVALTIME": "20251204180505"
    },
    {
      "SEQ": 193,
      "BEFORE_NODE": 193.0,
      "AFTER_NODE": 194.0,
      "BEFORE_LAT": 44.62874333333333,
      "BEFORE_LON": -63.561528333333335,
      "AFTER_LAT": 44.628746666666665,
      "AFTER_LON": -63.5615,
      "SOG": 0,
      "MOVINGTIME": 1800.0,
      "ARRIVALTIME": "20251204183505"
    },
    {
      "SEQ": 194,
      "BEFORE_NODE": 194.0,
      "AFTER_NODE": 195.0,
      "BEFORE_LAT": 44.628746666666665,
      "BEFORE_LON": -63.5615,
      "AFTER_LAT": 44.628745,
      "AFTER_LON": -63.56151833333333,
      "SOG": 0.1,
      "MOVINGTIME": 1800.0,
      "ARRIVALTIME": "20251204190505"
    },
    {
      "SEQ": 195,
      "BEFORE_NODE": 195.0,
      "AFTER_NODE": 196.0,
      "BEFORE_LAT": 44.628745,
      "BEFORE_LON": -63.56151833333333,
      "AFTER_LAT": 44.628701666666664,
      "AFTER_LON": -63.561458333333334,
      "SOG": 0.1,
      "MOVINGTIME": 2160.0,
      "ARRIVALTIME": "20251204194105"
    },
    {
      "SEQ": 196,
      "BEFORE_NODE": 196.0,
      "AFTER_NODE": 197.0,
      "BEFORE_LAT": 44.628701666666664,
      "BEFORE_LON": -63.561458333333334,
      "AFTER_LAT": 44.628816666666665,
      "AFTER_LON": -63.561481666666666,
      "SOG": 0,
      "MOVINGTIME": 1800.0,
      "ARRIVALTIME": "20251204201105"
    },
    {
      "SEQ": 197,
      "BEFORE_NODE": 197.0,
      "AFTER_NODE": 198.0,
      "BEFORE_LAT": 44.628816666666665,
      "BEFORE_LON": -63.561481666666666,
      "AFTER_LAT": 44.628755,
      "AFTER_LON": -63.56142333333333,
      "SOG": 0,
      "MOVINGTIME": 1800.0,
      "ARRIVALTIME": "20251204204105"
    },
    {
      "SEQ": 198,
      "BEFORE_NODE": 198.0,
      "AFTER_NODE": 199.0,
      "BEFORE_LAT": 44.628755,
      "BEFORE_LON": -63.56142333333333,
      "AFTER_LAT": 44.628726666666665,
      "AFTER_LON": -63.56146833333333,
      "SOG": 0.1,
      "MOVINGTIME": 1800.0,
      "ARRIVALTIME": "20251204211105"
    },
    {
      "SEQ": 199,
      "BEFORE_NODE": 199.0,
      "AFTER_NODE": 200.0,
      "BEFORE_LAT": 44.628726666666665,
      "BEFORE_LON": -63.56146833333333,
      "AFTER_LAT": 44.62872,
      "AFTER_LON": -63.561505,
      "SOG": 0,
      "MOVINGTIME": 1800.0,
      "ARRIVALTIME": "20251204214105"
    },
    {
      "SEQ": 200,
      "BEFORE_NODE": 200.0,
      "AFTER_NODE": 201.0,
      "BEFORE_LAT": 44.62872,
      "BEFORE_LON": -63.561505,
      "AFTER_LAT": 44.628746666666665,
      "AFTER_LON": -63.561503333333334,
      "SOG": 0,
      "MOVINGTIME": 1440.0,
      "ARRIVALTIME": "20251204220505"
    },
    {
      "SEQ": 201,
      "BEFORE_NODE": 201.0,
      "AFTER_NODE": 202.0,
      "BEFORE_LAT": 44.628746666666665,
      "BEFORE_LON": -63.561503333333334,
      "AFTER_LAT": 44.62873833333333,
      "AFTER_LON": -63.56151,
      "SOG": 0,
      "MOVINGTIME": 2160.0,
      "ARRIVALTIME": "20251204224105"
    },
    {
      "SEQ": 202,
      "BEFORE_NODE": 202.0,
      "AFTER_NODE": 203.0,
      "BEFORE_LAT": 44.62873833333333,
      "BEFORE_LON": -63.56151,
      "AFTER_LAT": 44.62875833333333,
      "AFTER_LON": -63.56152,
      "SOG": 0.1,
      "MOVINGTIME": 1800.0,
      "ARRIVALTIME": "20251204231105"
    },
    {
      "SEQ": 203,
      "BEFORE_NODE": 203.0,
      "AFTER_NODE": 204.0,
      "BEFORE_LAT": 44.62875833333333,
      "BEFORE_LON": -63.56152,
      "AFTER_LAT": 44.628726666666665,
      "AFTER_LON": -63.56151166666667,
      "SOG": 0.1,
      "MOVINGTIME": 1800.0,
      "ARRIVALTIME": "20251204234105"
    },
    {
      "SEQ": 204,
      "BEFORE_NODE": 204.0,
      "AFTER_NODE": 205.0,
      "BEFORE_LAT": 44.628726666666665,
      "BEFORE_LON": -63.56151166666667,
      "AFTER_LAT": 44.62873,
      "AFTER_LON": -63.56146833333333,
      "SOG": 0.1,
      "MOVINGTIME": 1800.0,
      "ARRIVALTIME": "20251205001105"
    },
    {
      "SEQ": 205,
      "BEFORE_NODE": 205.0,
      "AFTER_NODE": 206.0,
      "BEFORE_LAT": 44.62873,
      "BEFORE_LON": -63.56146833333333,
      "AFTER_LAT": 44.628771666666665,
      "AFTER_LON": -63.561475,
      "SOG": 0.1,
      "MOVINGTIME": 1800.0,
      "ARRIVALTIME": "20251205004105"
    },
    {
      "SEQ": 206,
      "BEFORE_NODE": 206.0,
      "AFTER_NODE": 207.0,
      "BEFORE_LAT": 44.628771666666665,
      "BEFORE_LON": -63.561475,
      "AFTER_LAT": 44.628753333333336,
      "AFTER_LON": -63.56149166666667,
      "SOG": 0.1,
      "MOVINGTIME": 1440.0,
      "ARRIVALTIME": "20251205010505"
    },
    {
      "SEQ": 207,
      "BEFORE_NODE": 207.0,
      "AFTER_NODE": 208.0,
      "BEFORE_LAT": 44.628753333333336,
      "BEFORE_LON": -63.56149166666667,
      "AFTER_LAT": 44.628726666666665,
      "AFTER_LON": -63.561506666666666,
      "SOG": 0,
      "MOVINGTIME": 2160.0,
      "ARRIVALTIME": "20251205014105"
    },
    {
      "SEQ": 208,
      "BEFORE_NODE": 208.0,
      "AFTER_NODE": 209.0,
      "BEFORE_LAT": 44.628726666666665,
      "BEFORE_LON": -63.561506666666666,
      "AFTER_LAT": 44.628746666666665,
      "AFTER_LON": -63.561506666666666,
      "SOG": 0,
      "MOVINGTIME": 1800.0,
      "ARRIVALTIME": "20251205021105"
    },
    {
      "SEQ": 209,
      "BEFORE_NODE": 209.0,
      "AFTER_NODE": 210.0,
      "BEFORE_LAT": 44.628746666666665,
      "BEFORE_LON": -63.561506666666666,
      "AFTER_LAT": 44.62871666666667,
      "AFTER_LON": -63.561483333333335,
      "SOG": 0,
      "MOVINGTIME": 1800.0,
      "ARRIVALTIME": "20251205024105"
    },
    {
      "SEQ": 210,
      "BEFORE_NODE": 210.0,
      "AFTER_NODE": 211.0,
      "BEFORE_LAT": 44.62871666666667,
      "BEFORE_LON": -63.561483333333335,
      "AFTER_LAT": 44.62874333333333,
      "AFTER_LON": -63.56149166666667,
      "SOG": 0,
      "MOVINGTIME": 1800.0,
      "ARRIVALTIME": "20251205031105"
    },
    {
      "SEQ": 211,
      "BEFORE_NODE": 211.0,
      "AFTER_NODE": 212.0,
      "BEFORE_LAT": 44.62874333333333,
      "BEFORE_LON": -63.56149166666667,
      "AFTER_LAT": 44.62873166666667,
      "AFTER_LON": -63.56151666666667,
      "SOG": 0,
      "MOVINGTIME": 1800.0,
      "ARRIVALTIME": "20251205034105"
    },
    {
      "SEQ": 212,
      "BEFORE_NODE": 212.0,
      "AFTER_NODE": 213.0,
      "BEFORE_LAT": 44.62873166666667,
      "BEFORE_LON": -63.56151666666667,
      "AFTER_LAT": 44.628725,
      "AFTER_LON": -63.56149166666667,
      "SOG": 0,
      "MOVINGTIME": 1440.0,
      "ARRIVALTIME": "20251205040505"
    },
    {
      "SEQ": 213,
      "BEFORE_NODE": 213.0,
      "AFTER_NODE": 214.0,
      "BEFORE_LAT": 44.628725,
      "BEFORE_LON": -63.56149166666667,
      "AFTER_LAT": 44.628726666666665,
      "AFTER_LON": -63.561483333333335,
      "SOG": 0,
      "MOVINGTIME": 2160.0,
      "ARRIVALTIME": "20251205044105"
    },
    {
      "SEQ": 214,
      "BEFORE_NODE": 214.0,
      "AFTER_NODE": 215.0,
      "BEFORE_LAT": 44.628726666666665,
      "BEFORE_LON": -63.561483333333335,
      "AFTER_LAT": 44.62869833333333,
      "AFTER_LON": -63.56145333333333,
      "SOG": 0.1,
      "MOVINGTIME": 1440.0,
      "ARRIVALTIME": "20251205050505"
    },
    {
      "SEQ": 215,
      "BEFORE_NODE": 215.0,
      "AFTER_NODE": 216.0,
      "BEFORE_LAT": 44.62869833333333,
      "BEFORE_LON": -63.56145333333333,
      "AFTER_LAT": 44.628726666666665,
      "AFTER_LON": -63.56149166666667,
      "SOG": 0,
      "MOVINGTIME": 2160.0,
      "ARRIVALTIME": "20251205054105"
    },
    {
      "SEQ": 216,
      "BEFORE_NODE": 216.0,
      "AFTER_NODE": 217.0,
      "BEFORE_LAT": 44.628726666666665,
      "BEFORE_LON": -63.56149166666667,
      "AFTER_LAT": 44.628746666666665,
      "AFTER_LON": -63.56149333333333,
      "SOG": 0,
      "MOVINGTIME": 1440.0,
      "ARRIVALTIME": "20251205060505"
    },
    {
      "SEQ": 217,
      "BEFORE_NODE": 217.0,
      "AFTER_NODE": 218.0,
      "BEFORE_LAT": 44.628746666666665,
      "BEFORE_LON": -63.56149333333333,
      "AFTER_LAT": 44.62873333333334,
      "AFTER_LON": -63.561503333333334,
      "SOG": 0.1,
      "MOVINGTIME": 2160.0,
      "ARRIVALTIME": "20251205064105"
    },
    {
      "SEQ": 218,
      "BEFORE_NODE": 218.0,
      "AFTER_NODE": 219.0,
      "BEFORE_LAT": 44.62873333333334,
      "BEFORE_LON": -63.561503333333334,
      "AFTER_LAT": 44.62873333333334,
      "AFTER_LON": -63.56151333333333,
      "SOG": 0,
      "MOVINGTIME": 1800.0,
      "ARRIVALTIME": "20251205071105"
    },
    {
      "SEQ": 219,
      "BEFORE_NODE": 219.0,
      "AFTER_NODE": 220.0,
      "BEFORE_LAT": 44.62873333333334,
      "BEFORE_LON": -63.56151333333333,
      "AFTER_LAT": 44.628726666666665,
      "AFTER_LON": -63.56149,
      "SOG": 0.1,
      "MOVINGTIME": 1440.0,
      "ARRIVALTIME": "20251205073505"
    },
    {
      "SEQ": 220,
      "BEFORE_NODE": 220.0,
      "AFTER_NODE": 221.0,
      "BEFORE_LAT": 44.628726666666665,
      "BEFORE_LON": -63.56149,
      "AFTER_LAT": 44.62873666666667,
      "AFTER_LON": -63.561476666666664,
      "SOG": 0,
      "MOVINGTIME": 2160.0,
      "ARRIVALTIME": "20251205081105"
    },
    {
      "SEQ": 221,
      "BEFORE_NODE": 221.0,
      "AFTER_NODE": 222.0,
      "BEFORE_LAT": 44.62873666666667,
      "BEFORE_LON": -63.561476666666664,
      "AFTER_LAT": 44.62876333333333,
      "AFTER_LON": -63.56149833333333,
      "SOG": 0,
      "MOVINGTIME": 1800.0,
      "ARRIVALTIME": "20251205084105"
    },
    {
      "SEQ": 222,
      "BEFORE_NODE": 222.0,
      "AFTER_NODE": 223.0,
      "BEFORE_LAT": 44.62876333333333,
      "BEFORE_LON": -63.56149833333333,
      "AFTER_LAT": 44.628725,
      "AFTER_LON": -63.56151666666667,
      "SOG": 0,
      "MOVINGTIME": 1440.0,
      "ARRIVALTIME": "20251205090505"
    },
    {
      "SEQ": 223,
      "BEFORE_NODE": 223.0,
      "AFTER_NODE": 224.0,
      "BEFORE_LAT": 44.628725,
      "BEFORE_LON": -63.56151666666667,
      "AFTER_LAT": 44.62872333333333,
      "AFTER_LON": -63.5615,
      "SOG": 0.1,
      "MOVINGTIME": 2160.0,
      "ARRIVALTIME": "20251205094105"
    },
    {
      "SEQ": 224,
      "BEFORE_NODE": 224.0,
      "AFTER_NODE": 225.0,
      "BEFORE_LAT": 44.62872333333333,
      "BEFORE_LON": -63.5615,
      "AFTER_LAT": 44.62873333333334,
      "AFTER_LON": -63.561501666666665,
      "SOG": 0.1,
      "MOVINGTIME": 1800.0,
      "ARRIVALTIME": "20251205101105"
    },
    {
      "SEQ": 225,
      "BEFORE_NODE": 225.0,
      "AFTER_NODE": 226.0,
      "BEFORE_LAT": 44.62873333333334,
      "BEFORE_LON": -63.561501666666665,
      "AFTER_LAT": 44.628748333333334,
      "AFTER_LON": -63.56148666666667,
      "SOG": 0,
      "MOVINGTIME": 1620.0,
      "ARRIVALTIME": "20251205103805"
    },
    {
      "SEQ": 226,
      "BEFORE_NODE": 226.0,
      "AFTER_NODE": 227.0,
      "BEFORE_LAT": 44.628748333333334,
      "BEFORE_LON": -63.56148666666667,
      "AFTER_LAT": 44.628715,
      "AFTER_LON": -63.561526666666666,
      "SOG": 0,
      "MOVINGTIME": 1980.0,
      "ARRIVALTIME": "20251205111105"
    },
    {
      "SEQ": 227,
      "BEFORE_NODE": 227.0,
      "AFTER_NODE": 228.0,
      "BEFORE_LAT": 44.628715,
      "BEFORE_LON": -63.561526666666666,
      "AFTER_LAT": 44.62875,
      "AFTER_LON": -63.561525,
      "SOG": 0,
      "MOVINGTIME": 1800.0,
      "ARRIVALTIME": "20251205114105"
    },
    {
      "SEQ": 228,
      "BEFORE_NODE": 228.0,
      "AFTER_NODE": 229.0,
      "BEFORE_LAT": 44.62875,
      "BEFORE_LON": -63.561525,
      "AFTER_LAT": 44.628738,
      "AFTER_LON": -63.561493,
      "SOG": 0,
      "MOVINGTIME": 2035.0,
      "ARRIVALTIME": "20251205121500"
    },
    {
      "SEQ": 229,
      "BEFORE_NODE": 229.0,
      "AFTER_NODE": 230.0,
      "BEFORE_LAT": 44.628738,
      "BEFORE_LON": -63.561493,
      "AFTER_LAT": 44.62874,
      "AFTER_LON": -63.561476666666664,
      "SOG": 0,
      "MOVINGTIME": 1385.0,
      "ARRIVALTIME": "20251205123805"
    },
    {
      "SEQ": 230,
      "BEFORE_NODE": 230.0,
      "AFTER_NODE": 231.0,
      "BEFORE_LAT": 44.62874,
      "BEFORE_LON": -63.561476666666664,
      "AFTER_LAT": 44.62871666666667,
      "AFTER_LON": -63.56148666666667,
      "SOG": 0.1,
      "MOVINGTIME": 1980.0,
      "ARRIVALTIME": "20251205131105"
    },
    {
      "SEQ": 231,
      "BEFORE_NODE": 231.0,
      "AFTER_NODE": 232.0,
      "BEFORE_LAT": 44.62871666666667,
      "BEFORE_LON": -63.56148666666667,
      "AFTER_LAT": 44.62873666666667,
      "AFTER_LON": -63.561483333333335,
      "SOG": 0.1,
      "MOVINGTIME": 1440.0,
      "ARRIVALTIME": "20251205133505"
    },
    {
      "SEQ": 232,
      "BEFORE_NODE": 232.0,
      "AFTER_NODE": 233.0,
      "BEFORE_LAT": 44.62873666666667,
      "BEFORE_LON": -63.561483333333335,
      "AFTER_LAT": 44.6288,
      "AFTER_LON": -63.56108166666667,
      "SOG": 0.7,
      "MOVINGTIME": 2160.0,
      "ARRIVALTIME": "20251205141105"
    },
    {
      "SEQ": 233,
      "BEFORE_NODE": 233.0,
      "AFTER_NODE": 234.0,
      "BEFORE_LAT": 44.6288,
      "BEFORE_LON": -63.56108166666667,
      "AFTER_LAT": 44.59415666666667,
      "AFTER_LON": -63.536503333333336,
      "SOG": 8,
      "MOVINGTIME": 1602.0,
      "ARRIVALTIME": "20251205143747"
    },
    {
      "SEQ": 234,
      "BEFORE_NODE": 234.0,
      "AFTER_NODE": 235.0,
      "BEFORE_LAT": 44.59415666666667,
      "BEFORE_LON": -63.536503333333336,
      "AFTER_LAT": 44.52956666666667,
      "AFTER_LON": -63.52048166666667,
      "SOG": 7.8,
      "MOVINGTIME": 1810.0,
      "ARRIVALTIME": "20251205150757"
    },
    {
      "SEQ": 235,
      "BEFORE_NODE": 235.0,
      "AFTER_NODE": 236.0,
      "BEFORE_LAT": 44.52956666666667,
      "BEFORE_LON": -63.52048166666667,
      "AFTER_LAT": 44.444266666666664,
      "AFTER_LON": -63.48282666666667,
      "SOG": 12.3,
      "MOVINGTIME": 1801.0,
      "ARRIVALTIME": "20251205153758"
    },
    {
      "SEQ": 236,
      "BEFORE_NODE": 236.0,
      "AFTER_NODE": 237.0,
      "BEFORE_LAT": 44.444266666666664,
      "BEFORE_LON": -63.48282666666667,
      "AFTER_LAT": 44.33191,
      "AFTER_LON": -63.429271666666665,
      "SOG": 12.2,
      "MOVINGTIME": 2099.0,
      "ARRIVALTIME": "20251205161257"
    },
    {
      "SEQ": 237,
      "BEFORE_NODE": 237.0,
      "AFTER_NODE": 238.0,
      "BEFORE_LAT": 44.33191,
      "BEFORE_LON": -63.429271666666665,
      "AFTER_LAT": 44.2469,
      "AFTER_LON": -63.377723333333336,
      "SOG": 12.6,
      "MOVINGTIME": 1621.0,
      "ARRIVALTIME": "20251205163958"
    },
    {
      "SEQ": 238,
      "BEFORE_NODE": 238.0,
      "AFTER_NODE": 239.0,
      "BEFORE_LAT": 44.2469,
      "BEFORE_LON": -63.377723333333336,
      "AFTER_LAT": 44.15929,
      "AFTER_LON": -63.27179,
      "SOG": 13.1,
      "MOVINGTIME": 1980.0,
      "ARRIVALTIME": "20251205171258"
    },
    {
      "SEQ": 239,
      "BEFORE_NODE": 239.0,
      "AFTER_NODE": 240.0,
      "BEFORE_LAT": 44.15929,
      "BEFORE_LON": -63.27179,
      "AFTER_LAT": 44.14438833333333,
      "AFTER_LON": -63.247123333333334,
      "SOG": 13.1,
      "MOVINGTIME": 380.0,
      "ARRIVALTIME": "20251205171918"
    },
    {
      "SEQ": 240,
      "BEFORE_NODE": 240.0,
      "AFTER_NODE": 241.0,
      "BEFORE_LAT": 44.14438833333333,
      "BEFORE_LON": -63.247123333333334,
      "AFTER_LAT": 44.089317,
      "AFTER_LON": -63.15852,
      "SOG": 13.1,
      "MOVINGTIME": 1662.0,
      "ARRIVALTIME": "20251205174700"
    }
  ]
}