{
  "mmsi": "636015465",
  "PredResult": [
    {
      "SEQ": 0,
      "BEFORE_NODE": 0.0,
      "AFTER_NODE": 1.0,
      "BEFORE_LAT": 32.830994,
      "BEFORE_LON": 133.5813,
      "AFTER_LAT": 32.869095,
      "AFTER_LON": 133.71761,
      "SOG": 12.8,
      "MOVINGTIME": 1740.0,
      "ARRIVALTIME": "20251129174800"
    },
    {
      "SEQ": 1,
      "BEFORE_NODE": 1.0,
      "AFTER_NODE": 2.0,
      "BEFORE_LAT": 32.869095,
      "BEFORE_LON": 133.71761,
      "AFTER_LAT": 32.898735,
      "AFTER_LON": 133.82101,
      "SOG": 12.5,
      "MOVINGTIME": 1860.0,
      "ARRIVALTIME": "20251129181900"
    },
    {
      "SEQ": 2,
      "BEFORE_NODE": 2.0,
      "AFTER_NODE": 3.0,
      "BEFORE_LAT": 32.898735,
      "BEFORE_LON": 133.82101,
      "AFTER_LAT": 33.004494,
      "AFTER_LON": 134.16333,
      "SOG": 13,
      "MOVINGTIME": 4953.0,
      "ARRIVALTIME": "20251129194133"
    },
    {
      "SEQ": 3,
      "BEFORE_NODE": 3.0,
      "AFTER_NODE": 4.0,
      "BEFORE_LAT": 33.004494,
      "BEFORE_LON": 134.16333,
      "AFTER_LAT": 33.015675,
      "AFTER_LON": 134.19446,
      "SOG": 12.8,
      "MOVINGTIME": 447.0,
      "ARRIVALTIME": "20251129194900"
    },
    {
      "SEQ": 4,
      "BEFORE_NODE": 4.0,
      "AFTER_NODE": 5.0,
      "BEFORE_LAT": 33.015675,
      "BEFORE_LON": 134.19446,
      "AFTER_LAT": 33.047077,
      "AFTER_LON": 134.28725,
      "SOG": 12.6,
      "MOVINGTIME": 1800.0,
      "ARRIVALTIME": "20251129201900"
    },
    {
      "SEQ": 5,
      "BEFORE_NODE": 5.0,
      "AFTER_NODE": 6.0,
      "BEFORE_LAT": 33.047077,
      "BEFORE_LON": 134.28725,
      "AFTER_LAT": 33.085442,
      "AFTER_LON": 134.41423,
      "SOG": 13.1,
      "MOVINGTIME": 1860.0,
      "ARRIVALTIME": "20251129205000"
    },
    {
      "SEQ": 6,
      "BEFORE_NODE": 6.0,
      "AFTER_NODE": 7.0,
      "BEFORE_LAT": 33.085442,
      "BEFORE_LON": 134.41423,
      "AFTER_LAT": 33.109062,
      "AFTER_LON": 134.54196,
      "SOG": 13.3,
      "MOVINGTIME": 1740.0,
      "ARRIVALTIME": "20251129211900"
    },
    {
      "SEQ": 7,
      "BEFORE_NODE": 7.0,
      "AFTER_NODE": 8.0,
      "BEFORE_LAT": 33.109062,
      "BEFORE_LON": 134.54196,
      "AFTER_LAT": 33.159763,
      "AFTER_LON": 135.0309,
      "SOG": 12.8,
      "MOVINGTIME": 7200.0,
      "ARRIVALTIME": "20251129231900"
    },
    {
      "SEQ": 8,
      "BEFORE_NODE": 8.0,
      "AFTER_NODE": 9.0,
      "BEFORE_LAT": 33.159763,
      "BEFORE_LON": 135.0309,
      "AFTER_LAT": 33.174557,
      "AFTER_LON": 135.16003,
      "SOG": 12.3,
      "MOVINGTIME": 1860.0,
      "ARRIVALTIME": "20251129235000"
    },
    {
      "SEQ": 9,
      "BEFORE_NODE": 9.0,
      "AFTER_NODE": 10.0,
      "BEFORE_LAT": 33.174557,
      "BEFORE_LON": 135.16003,
      "AFTER_LAT": 33.548332,
      "AFTER_LON": 136.52339,
      "SOG": 10.3,
      "MOVINGTIME": 21360.0,
      "ARRIVALTIME": "20251130054600"
    },
    {
      "SEQ": 10,
      "BEFORE_NODE": 10.0,
      "AFTER_NODE": 11.0,
      "BEFORE_LAT": 33.548332,
      "BEFORE_LON": 136.52339,
      "AFTER_LAT": 33.58102,
      "AFTER_LON": 136.61145,
      "SOG": 10.3,
      "MOVINGTIME": 2100.0,
      "ARRIVALTIME": "20251130062100"
    },
    {
      "SEQ": 11,
      "BEFORE_NODE": 11.0,
      "AFTER_NODE": 12.0,
      "BEFORE_LAT": 33.58102,
      "BEFORE_LON": 136.61145,
      "AFTER_LAT": 33.618549,
      "AFTER_LON": 136.70581,
      "SOG": 10.3,
      "MOVINGTIME": 1740.0,
      "ARRIVALTIME": "20251130065000"
    },
    {
      "SEQ": 12,
      "BEFORE_NODE": 12.0,
      "AFTER_NODE": 13.0,
      "BEFORE_LAT": 33.618549,
      "BEFORE_LON": 136.70581,
      "AFTER_LAT": 33.655792,
      "AFTER_LON": 136.80099,
      "SOG": 11.6,
      "MOVINGTIME": 1620.0,
      "ARRIVALTIME": "20251130071700"
    },
    {
      "SEQ": 13,
      "BEFORE_NODE": 13.0,
      "AFTER_NODE": 14.0,
      "BEFORE_LAT": 33.655792,
      "BEFORE_LON": 136.80099,
      "AFTER_LAT": 33.743408,
      "AFTER_LON": 137.02777,
      "SOG": 11.8,
      "MOVINGTIME": 3780.0,
      "ARRIVALTIME": "20251130082000"
    },
    {
      "SEQ": 14,
      "BEFORE_NODE": 14.0,
      "AFTER_NODE": 15.0,
      "BEFORE_LAT": 33.743408,
      "BEFORE_LON": 137.02777,
      "AFTER_LAT": 33.781219,
      "AFTER_LON": 137.12918,
      "SOG": 11.6,
      "MOVINGTIME": 1620.0,
      "ARRIVALTIME": "20251130084700"
    },
    {
      "SEQ": 15,
      "BEFORE_NODE": 15.0,
      "AFTER_NODE": 16.0,
      "BEFORE_LAT": 33.781219,
      "BEFORE_LON": 137.12918,
      "AFTER_LAT": 33.838406,
      "AFTER_LON": 137.31357,
      "SOG": 11.6,
      "MOVINGTIME": 3600.0,
      "ARRIVALTIME": "20251130094700"
    },
    {
      "SEQ": 16,
      "BEFORE_NODE": 16.0,
      "AFTER_NODE": 17.0,
      "BEFORE_LAT": 33.838406,
      "BEFORE_LON": 137.31357,
      "AFTER_LAT": 34.243908,
      "AFTER_LON": 138.25856,
      "SOG": 11.3,
      "MOVINGTIME": 16260.0,
      "ARRIVALTIME": "20251130141800"
    },
    {
      "SEQ": 17,
      "BEFORE_NODE": 17.0,
      "AFTER_NODE": 18.0,
      "BEFORE_LAT": 34.243908,
      "BEFORE_LON": 138.25856,
      "AFTER_LAT": 34.386665,
      "AFTER_LON": 138.60542833333332,
      "SOG": 11.6,
      "MOVINGTIME": 5797.0,
      "ARRIVALTIME": "20251130155437"
    },
    {
      "SEQ": 18,
      "BEFORE_NODE": 18.0,
      "AFTER_NODE": 19.0,
      "BEFORE_LAT": 34.386665,
      "BEFORE_LON": 138.60542833333332,
      "AFTER_LAT": 34.406719,
      "AFTER_LON": 138.65834,
      "SOG": 11.6,
      "MOVINGTIME": 1403.0,
      "ARRIVALTIME": "20251130161800"
    },
    {
      "SEQ": 19,
      "BEFORE_NODE": 19.0,
      "AFTER_NODE": 20.0,
      "BEFORE_LAT": 34.406719,
      "BEFORE_LON": 138.65834,
      "AFTER_LAT": 34.500725,
      "AFTER_LON": 138.88594,
      "SOG": 10.6,
      "MOVINGTIME": 3660.0,
      "ARRIVALTIME": "20251130171900"
    },
    {
      "SEQ": 20,
      "BEFORE_NODE": 20.0,
      "AFTER_NODE": 21.0,
      "BEFORE_LAT": 34.500725,
      "BEFORE_LON": 138.88594,
      "AFTER_LAT": 34.557072,
      "AFTER_LON": 138.98453,
      "SOG": 11,
      "MOVINGTIME": 1860.0,
      "ARRIVALTIME": "20251130175000"
    },
    {
      "SEQ": 21,
      "BEFORE_NODE": 21.0,
      "AFTER_NODE": 22.0,
      "BEFORE_LAT": 34.557072,
      "BEFORE_LON": 138.98453,
      "AFTER_LAT": 34.6026,
      "AFTER_LON": 139.04779,
      "SOG": 11.6,
      "MOVINGTIME": 1860.0,
      "ARRIVALTIME": "20251130182100"
    },
    {
      "SEQ": 22,
      "BEFORE_NODE": 22.0,
      "AFTER_NODE": 23.0,
      "BEFORE_LAT": 34.6026,
      "BEFORE_LON": 139.04779,
      "AFTER_LAT": 34.679905,
      "AFTER_LON": 139.15327,
      "SOG": 12,
      "MOVINGTIME": 1740.0,
      "ARRIVALTIME": "20251130185000"
    },
    {
      "SEQ": 23,
      "BEFORE_NODE": 23.0,
      "AFTER_NODE": 24.0,
      "BEFORE_LAT": 34.679905,
      "BEFORE_LON": 139.15327,
      "AFTER_LAT": 34.746399,
      "AFTER_LON": 139.23219,
      "SOG": 12.5,
      "MOVINGTIME": 1800.0,
      "ARRIVALTIME": "20251130192000"
    },
    {
      "SEQ": 24,
      "BEFORE_NODE": 24.0,
      "AFTER_NODE": 25.0,
      "BEFORE_LAT": 34.746399,
      "BEFORE_LON": 139.23219,
      "AFTER_LAT": 34.857841,
      "AFTER_LON": 139.39053,
      "SOG": 11,
      "MOVINGTIME": 2729.0,
      "ARRIVALTIME": "20251130200529"
    },
    {
      "SEQ": 25,
      "BEFORE_NODE": 25.0,
      "AFTER_NODE": 26.0,
      "BEFORE_LAT": 34.857841,
      "BEFORE_LON": 139.39053,
      "AFTER_LAT": 34.920253333333335,
      "AFTER_LON": 139.483435,
      "SOG": 11.1,
      "MOVINGTIME": 1909.0,
      "ARRIVALTIME": "20251130203718"
    },
    {
      "SEQ": 26,
      "BEFORE_NODE": 26.0,
      "AFTER_NODE": 27.0,
      "BEFORE_LAT": 34.920253333333335,
      "BEFORE_LON": 139.483435,
      "AFTER_LAT": 34.986666666666665,
      "AFTER_LON": 139.58302833333335,
      "SOG": 11.4,
      "MOVINGTIME": 2039.0,
      "ARRIVALTIME": "20251130211117"
    },
    {
      "SEQ": 27,
      "BEFORE_NODE": 27.0,
      "AFTER_NODE": 28.0,
      "BEFORE_LAT": 34.986666666666665,
      "BEFORE_LON": 139.58302833333335,
      "AFTER_LAT": 35.03722166666667,
      "AFTER_LON": 139.66064333333333,
      "SOG": 10.9,
      "MOVINGTIME": 1600.0,
      "ARRIVALTIME": "20251130213757"
    },
    {
      "SEQ": 28,
      "BEFORE_NODE": 28.0,
      "AFTER_NODE": 29.0,
      "BEFORE_LAT": 35.03722166666667,
      "BEFORE_LON": 139.66064333333333,
      "AFTER_LAT": 35.117195,
      "AFTER_LON": 139.756085,
      "SOG": 11.4,
      "MOVINGTIME": 2101.0,
      "ARRIVALTIME": "20251130221258"
    },
    {
      "SEQ": 29,
      "BEFORE_NODE": 29.0,
      "AFTER_NODE": 30.0,
      "BEFORE_LAT": 35.117195,
      "BEFORE_LON": 139.756085,
      "AFTER_LAT": 35.208185,
      "AFTER_LON": 139.78557833333332,
      "SOG": 11,
      "MOVINGTIME": 1800.0,
      "ARRIVALTIME": "20251130224258"
    },
    {
      "SEQ": 30,
      "BEFORE_NODE": 30.0,
      "AFTER_NODE": 31.0,
      "BEFORE_LAT": 35.208185,
      "BEFORE_LON": 139.78557833333332,
      "AFTER_LAT": 35.275686666666665,
      "AFTER_LON": 139.76491,
      "SOG": 10.3,
      "MOVINGTIME": 1500.0,
      "ARRIVALTIME": "20251130230758"
    },
    {
      "SEQ": 31,
      "BEFORE_NODE": 31.0,
      "AFTER_NODE": 32.0,
      "BEFORE_LAT": 35.275686666666665,
      "BEFORE_LON": 139.76491,
      "AFTER_LAT": 35.34963666666667,
      "AFTER_LON": 139.71425833333333,
      "SOG": 10.3,
      "MOVINGTIME": 1800.0,
      "ARRIVALTIME": "20251130233758"
    },
    {
      "SEQ": 32,
      "BEFORE_NODE": 32.0,
      "AFTER_NODE": 33.0,
      "BEFORE_LAT": 35.34963666666667,
      "BEFORE_LON": 139.71425833333333,
      "AFTER_LAT": 35.39313333333333,
      "AFTER_LON": 139.67431333333334,
      "SOG": 2.3,
      "MOVINGTIME": 2099.0,
      "ARRIVALTIME": "20251201001257"
    },
    {
      "SEQ": 33,
      "BEFORE_NODE": 33.0,
      "AFTER_NODE": 34.0,
      "BEFORE_LAT": 35.39313333333333,
      "BEFORE_LON": 139.67431333333334,
      "AFTER_LAT": 35.400708333333334,
      "AFTER_LON": 139.67785666666666,
      "SOG": 0.1,
      "MOVINGTIME": 1501.0,
      "ARRIVALTIME": "20251201003758"
    },
    {
      "SEQ": 34,
      "BEFORE_NODE": 34.0,
      "AFTER_NODE": 35.0,
      "BEFORE_LAT": 35.400708333333334,
      "BEFORE_LON": 139.67785666666666,
      "AFTER_LAT": 35.40068,
      "AFTER_LON": 139.67787333333334,
      "SOG": 0,
      "MOVINGTIME": 1880.0,
      "ARRIVALTIME": "20251201010918"
    },
    {
      "SEQ": 35,
      "BEFORE_NODE": 35.0,
      "AFTER_NODE": 36.0,
      "BEFORE_LAT": 35.40068,
      "BEFORE_LON": 139.67787333333334,
      "AFTER_LAT": 35.40069,
      "AFTER_LON": 139.67783833333334,
      "SOG": 0.1,
      "MOVINGTIME": 1618.0,
      "ARRIVALTIME": "20251201013616"
    },
    {
      "SEQ": 36,
      "BEFORE_NODE": 36.0,
      "AFTER_NODE": 37.0,
      "BEFORE_LAT": 35.40069,
      "BEFORE_LON": 139.67783833333334,
      "AFTER_LAT": 35.400708333333334,
      "AFTER_LON": 139.67783333333333,
      "SOG": 0,
      "MOVINGTIME": 2161.0,
      "ARRIVALTIME": "20251201021217"
    },
    {
      "SEQ": 37,
      "BEFORE_NODE": 37.0,
      "AFTER_NODE": 38.0,
      "BEFORE_LAT": 35.400708333333334,
      "BEFORE_LON": 139.67783333333333,
      "AFTER_LAT": 35.40069166666667,
      "AFTER_LON": 139.67784833333334,
      "SOG": 0,
      "MOVINGTIME": 1798.0,
      "ARRIVALTIME": "20251201024215"
    },
    {
      "SEQ": 38,
      "BEFORE_NODE": 38.0,
      "AFTER_NODE": 39.0,
      "BEFORE_LAT": 35.40069166666667,
      "BEFORE_LON": 139.67784833333334,
      "AFTER_LAT": 35.400711666666666,
      "AFTER_LON": 139.67784,
      "SOG": 0.1,
      "MOVINGTIME": 1443.0,
      "ARRIVALTIME": "20251201030618"
    },
    {
      "SEQ": 39,
      "BEFORE_NODE": 39.0,
      "AFTER_NODE": 40.0,
      "BEFORE_LAT": 35.400711666666666,
      "BEFORE_LON": 139.67784,
      "AFTER_LAT": 35.40071,
      "AFTER_LON": 139.67785333333333,
      "SOG": 0.1,
      "MOVINGTIME": 2160.0,
      "ARRIVALTIME": "20251201034218"
    },
    {
      "SEQ": 40,
      "BEFORE_NODE": 40.0,
      "AFTER_NODE": 41.0,
      "BEFORE_LAT": 35.40071,
      "BEFORE_LON": 139.67785333333333,
      "AFTER_LAT": 35.40069,
      "AFTER_LON": 139.67784166666667,
      "SOG": 0.1,
      "MOVINGTIME": 1258.0,
      "ARRIVALTIME": "20251201040316"
    },
    {
      "SEQ": 41,
      "BEFORE_NODE": 41.0,
      "AFTER_NODE": 42.0,
      "BEFORE_LAT": 35.40069,
      "BEFORE_LON": 139.67784166666667,
      "AFTER_LAT": 35.400685,
      "AFTER_LON": 139.67781166666666,
      "SOG": 0,
      "MOVINGTIME": 2339.0,
      "ARRIVALTIME": "20251201044215"
    },
    {
      "SEQ": 42,
      "BEFORE_NODE": 42.0,
      "AFTER_NODE": 43.0,
      "BEFORE_LAT": 35.400685,
      "BEFORE_LON": 139.67781166666666,
      "AFTER_LAT": 35.40067333333333,
      "AFTER_LON": 139.67783833333334,
      "SOG": 0,
      "MOVINGTIME": 1622.0,
      "ARRIVALTIME": "20251201050917"
    },
    {
      "SEQ": 43,
      "BEFORE_NODE": 43.0,
      "AFTER_NODE": 44.0,
      "BEFORE_LAT": 35.40067333333333,
      "BEFORE_LON": 139.67783833333334,
      "AFTER_LAT": 35.400705,
      "AFTER_LON": 139.67783666666668,
      "SOG": 0,
      "MOVINGTIME": 1982.0,
      "ARRIVALTIME": "20251201054219"
    },
    {
      "SEQ": 44,
      "BEFORE_NODE": 44.0,
      "AFTER_NODE": 45.0,
      "BEFORE_LAT": 35.400705,
      "BEFORE_LON": 139.67783666666668,
      "AFTER_LAT": 35.400686666666665,
      "AFTER_LON": 139.67785,
      "SOG": 0,
      "MOVINGTIME": 1439.0,
      "ARRIVALTIME": "20251201060618"
    },
    {
      "SEQ": 45,
      "BEFORE_NODE": 45.0,
      "AFTER_NODE": 46.0,
      "BEFORE_LAT": 35.400686666666665,
      "BEFORE_LON": 139.67785,
      "AFTER_LAT": 35.400715,
      "AFTER_LON": 139.67784166666667,
      "SOG": 0.1,
      "MOVINGTIME": 2159.0,
      "ARRIVALTIME": "20251201064217"
    },
    {
      "SEQ": 46,
      "BEFORE_NODE": 46.0,
      "AFTER_NODE": 47.0,
      "BEFORE_LAT": 35.400715,
      "BEFORE_LON": 139.67784166666667,
      "AFTER_LAT": 35.40071,
      "AFTER_LON": 139.67784666666665,
      "SOG": 0,
      "MOVINGTIME": 1441.0,
      "ARRIVALTIME": "20251201070618"
    },
    {
      "SEQ": 47,
      "BEFORE_NODE": 47.0,
      "AFTER_NODE": 48.0,
      "BEFORE_LAT": 35.40071,
      "BEFORE_LON": 139.67784666666665,
      "AFTER_LAT": 35.37981666666667,
      "AFTER_LON": 139.68772,
      "SOG": 10.1,
      "MOVINGTIME": 2189.0,
      "ARRIVALTIME": "20251201074247"
    },
    {
      "SEQ": 48,
      "BEFORE_NODE": 48.0,
      "AFTER_NODE": 49.0,
      "BEFORE_LAT": 35.37981666666667,
      "BEFORE_LON": 139.68772,
      "AFTER_LAT": 35.310428333333334,
      "AFTER_LON": 139.72599666666667,
      "SOG": 11.7,
      "MOVINGTIME": 1510.0,
      "ARRIVALTIME": "20251201080757"
    },
    {
      "SEQ": 49,
      "BEFORE_NODE": 49.0,
      "AFTER_NODE": 50.0,
      "BEFORE_LAT": 35.310428333333334,
      "BEFORE_LON": 139.72599666666667,
      "AFTER_LAT": 35.225375,
      "AFTER_LON": 139.77138833333333,
      "SOG": 10.5,
      "MOVINGTIME": 1800.0,
      "ARRIVALTIME": "20251201083757"
    },
    {
      "SEQ": 50,
      "BEFORE_NODE": 50.0,
      "AFTER_NODE": 51.0,
      "BEFORE_LAT": 35.225375,
      "BEFORE_LON": 139.77138833333333,
      "AFTER_LAT": 35.127167,
      "AFTER_LON": 139.74889,
      "SOG": 12.3,
      "MOVINGTIME": 2020.0,
      "ARRIVALTIME": "20251201091137"
    },
    {
      "SEQ": 51,
      "BEFORE_NODE": 51.0,
      "AFTER_NODE": 52.0,
      "BEFORE_LAT": 35.127167,
      "BEFORE_LON": 139.74889,
      "AFTER_LAT": 35.04402,
      "AFTER_LON": 139.72130666666666,
      "SOG": 12.4,
      "MOVINGTIME": 1550.0,
      "ARRIVALTIME": "20251201093727"
    },
    {
      "SEQ": 52,
      "BEFORE_NODE": 52.0,
      "AFTER_NODE": 53.0,
      "BEFORE_LAT": 35.04402,
      "BEFORE_LON": 139.72130666666666,
      "AFTER_LAT": 34.98319,
      "AFTER_LON": 139.714905,
      "SOG": 13.2,
      "MOVINGTIME": 1030.0,
      "ARRIVALTIME": "20251201095437"
    },
    {
      "SEQ": 53,
      "BEFORE_NODE": 53.0,
      "AFTER_NODE": 54.0,
      "BEFORE_LAT": 34.98319,
      "BEFORE_LON": 139.714905,
      "AFTER_LAT": 34.833173333333335,
      "AFTER_LON": 139.757025,
      "SOG": 10.5,
      "MOVINGTIME": 2603.0,
      "ARRIVALTIME": "20251201103800"
    },
    {
      "SEQ": 54,
      "BEFORE_NODE": 54.0,
      "AFTER_NODE": 55.0,
      "BEFORE_LAT": 34.833173333333335,
      "BEFORE_LON": 139.757025,
      "AFTER_LAT": 34.78182666666667,
      "AFTER_LON": 139.85352,
      "SOG": 11.2,
      "MOVINGTIME": 1788.0,
      "ARRIVALTIME": "20251201110748"
    },
    {
      "SEQ": 55,
      "BEFORE_NODE": 55.0,
      "AFTER_NODE": 56.0,
      "BEFORE_LAT": 34.78182666666667,
      "BEFORE_LON": 139.85352,
      "AFTER_LAT": 34.766956666666665,
      "AFTER_LON": 139.97862166666667,
      "SOG": 12.8,
      "MOVINGTIME": 1799.0,
      "ARRIVALTIME": "20251201113747"
    },
    {
      "SEQ": 56,
      "BEFORE_NODE": 56.0,
      "AFTER_NODE": 57.0,
      "BEFORE_LAT": 34.766956666666665,
      "BEFORE_LON": 139.97862166666667,
      "AFTER_LAT": 34.74224666666667,
      "AFTER_LON": 140.12692333333334,
      "SOG": 12.7,
      "MOVINGTIME": 2110.0,
      "ARRIVALTIME": "20251201121257"
    },
    {
      "SEQ": 57,
      "BEFORE_NODE": 57.0,
      "AFTER_NODE": 58.0,
      "BEFORE_LAT": 34.74224666666667,
      "BEFORE_LON": 140.12692333333334,
      "AFTER_LAT": 34.72152833333333,
      "AFTER_LON": 140.23209833333334,
      "SOG": 13.3,
      "MOVINGTIME": 1501.0,
      "ARRIVALTIME": "20251201123758"
    },
    {
      "SEQ": 58,
      "BEFORE_NODE": 58.0,
      "AFTER_NODE": 59.0,
      "BEFORE_LAT": 34.72152833333333,
      "BEFORE_LON": 140.23209833333334,
      "AFTER_LAT": 34.68949333333333,
      "AFTER_LON": 140.38206333333332,
      "SOG": 12.9,
      "MOVINGTIME": 2096.0,
      "ARRIVALTIME": "20251201131254"
    },
    {
      "SEQ": 59,
      "BEFORE_NODE": 59.0,
      "AFTER_NODE": 60.0,
      "BEFORE_LAT": 34.68949333333333,
      "BEFORE_LON": 140.38206333333332,
      "AFTER_LAT": 34.66448,
      "AFTER_LON": 140.48492833333333,
      "SOG": 13.2,
      "MOVINGTIME": 1500.0,
      "ARRIVALTIME": "20251201133754"
    },
    {
      "SEQ": 60,
      "BEFORE_NODE": 60.0,
      "AFTER_NODE": 61.0,
      "BEFORE_LAT": 34.66448,
      "BEFORE_LON": 140.48492833333333,
      "AFTER_LAT": 34.631595,
      "AFTER_LON": 140.62376166666667,
      "SOG": 11.7,
      "MOVINGTIME": 2030.0,
      "ARRIVALTIME": "20251201141144"
    },
    {
      "SEQ": 61,
      "BEFORE_NODE": 61.0,
      "AFTER_NODE": 62.0,
      "BEFORE_LAT": 34.631595,
      "BEFORE_LON": 140.62376166666667,
      "AFTER_LAT": 34.592198333333336,
      "AFTER_LON": 140.70511166666665,
      "SOG": 12.8,
      "MOVINGTIME": 1548.0,
      "ARRIVALTIME": "20251201143732"
    },
    {
      "SEQ": 62,
      "BEFORE_NODE": 62.0,
      "AFTER_NODE": 63.0,
      "BEFORE_LAT": 34.592198333333336,
      "BEFORE_LON": 140.70511166666665,
      "AFTER_LAT": 34.58015,
      "AFTER_LON": 140.85734833333333,
      "SOG": 13.2,
      "MOVINGTIME": 2092.0,
      "ARRIVALTIME": "20251201151224"
    },
    {
      "SEQ": 63,
      "BEFORE_NODE": 63.0,
      "AFTER_NODE": 64.0,
      "BEFORE_LAT": 34.58015,
      "BEFORE_LON": 140.85734833333333,
      "AFTER_LAT": 34.58231,
      "AFTER_LON": 140.83147,
      "SOG": 13.1,
      "MOVINGTIME": 396.0,
      "ARRIVALTIME": "20251201151900"
    }
  ]
}