{
  "mmsi": "636015779",
  "PredResult": [
    {
      "SEQ": 0,
      "BEFORE_NODE": 0.0,
      "AFTER_NODE": 1.0,
      "BEFORE_LAT": 34.6792,
      "BEFORE_LON": 128.891475,
      "AFTER_LAT": 34.781725,
      "AFTER_LON": 128.878145,
      "SOG": 13.2,
      "MOVINGTIME": 1772.0,
      "ARRIVALTIME": "20251129164222"
    },
    {
      "SEQ": 1,
      "BEFORE_NODE": 1.0,
      "AFTER_NODE": 2.0,
      "BEFORE_LAT": 34.781725,
      "BEFORE_LON": 128.878145,
      "AFTER_LAT": 34.892685,
      "AFTER_LON": 128.85143666666667,
      "SOG": 13.4,
      "MOVINGTIME": 1830.0,
      "ARRIVALTIME": "20251129171252"
    },
    {
      "SEQ": 2,
      "BEFORE_NODE": 2.0,
      "AFTER_NODE": 3.0,
      "BEFORE_LAT": 34.892685,
      "BEFORE_LON": 128.85143666666667,
      "AFTER_LAT": 34.97681166666667,
      "AFTER_LON": 128.81660666666667,
      "SOG": 12,
      "MOVINGTIME": 1469.0,
      "ARRIVALTIME": "20251129173721"
    },
    {
      "SEQ": 3,
      "BEFORE_NODE": 3.0,
      "AFTER_NODE": 4.0,
      "BEFORE_LAT": 34.97681166666667,
      "BEFORE_LON": 128.81660666666667,
      "AFTER_LAT": 35.005192,
      "AFTER_LON": 128.80347,
      "SOG": 11.1,
      "MOVINGTIME": 879.0,
      "ARRIVALTIME": "20251129175200"
    },
    {
      "SEQ": 4,
      "BEFORE_NODE": 4.0,
      "AFTER_NODE": 5.0,
      "BEFORE_LAT": 35.005192,
      "BEFORE_LON": 128.80347,
      "AFTER_LAT": 35.067375,
      "AFTER_LON": 128.79271,
      "SOG": 4.9,
      "MOVINGTIME": 1740.0,
      "ARRIVALTIME": "20251129182100"
    },
    {
      "SEQ": 5,
      "BEFORE_NODE": 5.0,
      "AFTER_NODE": 6.0,
      "BEFORE_LAT": 35.067375,
      "BEFORE_LON": 128.79271,
      "AFTER_LAT": 35.069679,
      "AFTER_LON": 128.82069,
      "SOG": 0.2,
      "MOVINGTIME": 1740.0,
      "ARRIVALTIME": "20251129185000"
    },
    {
      "SEQ": 6,
      "BEFORE_NODE": 6.0,
      "AFTER_NODE": 7.0,
      "BEFORE_LAT": 35.069679,
      "BEFORE_LON": 128.82069,
      "AFTER_LAT": 35.069565,
      "AFTER_LON": 128.82068,
      "SOG": 0,
      "MOVINGTIME": 1740.0,
      "ARRIVALTIME": "20251129191900"
    },
    {
      "SEQ": 7,
      "BEFORE_NODE": 7.0,
      "AFTER_NODE": 8.0,
      "BEFORE_LAT": 35.069565,
      "BEFORE_LON": 128.82068,
      "AFTER_LAT": 35.069553,
      "AFTER_LON": 128.82069,
      "SOG": 0,
      "MOVINGTIME": 1860.0,
      "ARRIVALTIME": "20251129195000"
    },
    {
      "SEQ": 8,
      "BEFORE_NODE": 8.0,
      "AFTER_NODE": 9.0,
      "BEFORE_LAT": 35.069553,
      "BEFORE_LON": 128.82069,
      "AFTER_LAT": 35.069561,
      "AFTER_LON": 128.82066,
      "SOG": 0,
      "MOVINGTIME": 1740.0,
      "ARRIVALTIME": "20251129201900"
    },
    {
      "SEQ": 9,
      "BEFORE_NODE": 9.0,
      "AFTER_NODE": 10.0,
      "BEFORE_LAT": 35.069561,
      "BEFORE_LON": 128.82066,
      "AFTER_LAT": 35.069565,
      "AFTER_LON": 128.82072,
      "SOG": 0,
      "MOVINGTIME": 1860.0,
      "ARRIVALTIME": "20251129205000"
    },
    {
      "SEQ": 10,
      "BEFORE_NODE": 10.0,
      "AFTER_NODE": 11.0,
      "BEFORE_LAT": 35.069565,
      "BEFORE_LON": 128.82072,
      "AFTER_LAT": 35.069542,
      "AFTER_LON": 128.82068,
      "SOG": 0,
      "MOVINGTIME": 1920.0,
      "ARRIVALTIME": "20251129212200"
    },
    {
      "SEQ": 11,
      "BEFORE_NODE": 11.0,
      "AFTER_NODE": 12.0,
      "BEFORE_LAT": 35.069542,
      "BEFORE_LON": 128.82068,
      "AFTER_LAT": 35.069519,
      "AFTER_LON": 128.82072,
      "SOG": 0,
      "MOVINGTIME": 1620.0,
      "ARRIVALTIME": "20251129214900"
    },
    {
      "SEQ": 12,
      "BEFORE_NODE": 12.0,
      "AFTER_NODE": 13.0,
      "BEFORE_LAT": 35.069519,
      "BEFORE_LON": 128.82072,
      "AFTER_LAT": 35.069496,
      "AFTER_LON": 128.82076,
      "SOG": 0,
      "MOVINGTIME": 1980.0,
      "ARRIVALTIME": "20251129222200"
    },
    {
      "SEQ": 13,
      "BEFORE_NODE": 13.0,
      "AFTER_NODE": 14.0,
      "BEFORE_LAT": 35.069496,
      "BEFORE_LON": 128.82076,
      "AFTER_LAT": 35.069565,
      "AFTER_LON": 128.82072,
      "SOG": 0,
      "MOVINGTIME": 1620.0,
      "ARRIVALTIME": "20251129224900"
    },
    {
      "SEQ": 14,
      "BEFORE_NODE": 14.0,
      "AFTER_NODE": 15.0,
      "BEFORE_LAT": 35.069565,
      "BEFORE_LON": 128.82072,
      "AFTER_LAT": 35.069553,
      "AFTER_LON": 128.82068,
      "SOG": 0,
      "MOVINGTIME": 1860.0,
      "ARRIVALTIME": "20251129232000"
    },
    {
      "SEQ": 15,
      "BEFORE_NODE": 15.0,
      "AFTER_NODE": 16.0,
      "BEFORE_LAT": 35.069553,
      "BEFORE_LON": 128.82068,
      "AFTER_LAT": 35.069538,
      "AFTER_LON": 128.82069,
      "SOG": 0,
      "MOVINGTIME": 1860.0,
      "ARRIVALTIME": "20251129235100"
    },
    {
      "SEQ": 16,
      "BEFORE_NODE": 16.0,
      "AFTER_NODE": 17.0,
      "BEFORE_LAT": 35.069538,
      "BEFORE_LON": 128.82069,
      "AFTER_LAT": 35.069592,
      "AFTER_LON": 128.82069,
      "SOG": 0,
      "MOVINGTIME": 1680.0,
      "ARRIVALTIME": "20251130001900"
    },
    {
      "SEQ": 17,
      "BEFORE_NODE": 17.0,
      "AFTER_NODE": 18.0,
      "BEFORE_LAT": 35.069592,
      "BEFORE_LON": 128.82069,
      "AFTER_LAT": 35.069546,
      "AFTER_LON": 128.82066,
      "SOG": 0,
      "MOVINGTIME": 1920.0,
      "ARRIVALTIME": "20251130005100"
    },
    {
      "SEQ": 18,
      "BEFORE_NODE": 18.0,
      "AFTER_NODE": 19.0,
      "BEFORE_LAT": 35.069546,
      "BEFORE_LON": 128.82066,
      "AFTER_LAT": 35.069572,
      "AFTER_LON": 128.82071,
      "SOG": 0,
      "MOVINGTIME": 1860.0,
      "ARRIVALTIME": "20251130012200"
    },
    {
      "SEQ": 19,
      "BEFORE_NODE": 19.0,
      "AFTER_NODE": 20.0,
      "BEFORE_LAT": 35.069572,
      "BEFORE_LON": 128.82071,
      "AFTER_LAT": 35.069572,
      "AFTER_LON": 128.82069,
      "SOG": 0,
      "MOVINGTIME": 1680.0,
      "ARRIVALTIME": "20251130015000"
    },
    {
      "SEQ": 20,
      "BEFORE_NODE": 20.0,
      "AFTER_NODE": 21.0,
      "BEFORE_LAT": 35.069572,
      "BEFORE_LON": 128.82069,
      "AFTER_LAT": 35.069588,
      "AFTER_LON": 128.82072,
      "SOG": 0,
      "MOVINGTIME": 1860.0,
      "ARRIVALTIME": "20251130022100"
    },
    {
      "SEQ": 21,
      "BEFORE_NODE": 21.0,
      "AFTER_NODE": 22.0,
      "BEFORE_LAT": 35.069588,
      "BEFORE_LON": 128.82072,
      "AFTER_LAT": 35.069592,
      "AFTER_LON": 128.82068,
      "SOG": 0,
      "MOVINGTIME": 1740.0,
      "ARRIVALTIME": "20251130025000"
    },
    {
      "SEQ": 22,
      "BEFORE_NODE": 22.0,
      "AFTER_NODE": 23.0,
      "BEFORE_LAT": 35.069592,
      "BEFORE_LON": 128.82068,
      "AFTER_LAT": 35.069595,
      "AFTER_LON": 128.82068,
      "SOG": 0,
      "MOVINGTIME": 1800.0,
      "ARRIVALTIME": "20251130032000"
    },
    {
      "SEQ": 23,
      "BEFORE_NODE": 23.0,
      "AFTER_NODE": 24.0,
      "BEFORE_LAT": 35.069595,
      "BEFORE_LON": 128.82068,
      "AFTER_LAT": 35.069588,
      "AFTER_LON": 128.82071,
      "SOG": 0,
      "MOVINGTIME": 1920.0,
      "ARRIVALTIME": "20251130035200"
    },
    {
      "SEQ": 24,
      "BEFORE_NODE": 24.0,
      "AFTER_NODE": 25.0,
      "BEFORE_LAT": 35.069588,
      "BEFORE_LON": 128.82071,
      "AFTER_LAT": 35.069569,
      "AFTER_LON": 128.82069,
      "SOG": 0,
      "MOVINGTIME": 1740.0,
      "ARRIVALTIME": "20251130042100"
    },
    {
      "SEQ": 25,
      "BEFORE_NODE": 25.0,
      "AFTER_NODE": 26.0,
      "BEFORE_LAT": 35.069569,
      "BEFORE_LON": 128.82069,
      "AFTER_LAT": 35.069592,
      "AFTER_LON": 128.82071,
      "SOG": 0,
      "MOVINGTIME": 1680.0,
      "ARRIVALTIME": "20251130044900"
    },
    {
      "SEQ": 26,
      "BEFORE_NODE": 26.0,
      "AFTER_NODE": 27.0,
      "BEFORE_LAT": 35.069592,
      "BEFORE_LON": 128.82071,
      "AFTER_LAT": 35.069546,
      "AFTER_LON": 128.82065,
      "SOG": 0,
      "MOVINGTIME": 1920.0,
      "ARRIVALTIME": "20251130052100"
    },
    {
      "SEQ": 27,
      "BEFORE_NODE": 27.0,
      "AFTER_NODE": 28.0,
      "BEFORE_LAT": 35.069546,
      "BEFORE_LON": 128.82065,
      "AFTER_LAT": 35.069588,
      "AFTER_LON": 128.82069,
      "SOG": 0,
      "MOVINGTIME": 1560.0,
      "ARRIVALTIME": "20251130054700"
    },
    {
      "SEQ": 28,
      "BEFORE_NODE": 28.0,
      "AFTER_NODE": 29.0,
      "BEFORE_LAT": 35.069588,
      "BEFORE_LON": 128.82069,
      "AFTER_LAT": 35.069614,
      "AFTER_LON": 128.82072,
      "SOG": 0,
      "MOVINGTIME": 2040.0,
      "ARRIVALTIME": "20251130062100"
    },
    {
      "SEQ": 29,
      "BEFORE_NODE": 29.0,
      "AFTER_NODE": 30.0,
      "BEFORE_LAT": 35.069614,
      "BEFORE_LON": 128.82072,
      "AFTER_LAT": 35.069527,
      "AFTER_LON": 128.82074,
      "SOG": 0,
      "MOVINGTIME": 1800.0,
      "ARRIVALTIME": "20251130065100"
    },
    {
      "SEQ": 30,
      "BEFORE_NODE": 30.0,
      "AFTER_NODE": 31.0,
      "BEFORE_LAT": 35.069527,
      "BEFORE_LON": 128.82074,
      "AFTER_LAT": 35.069572,
      "AFTER_LON": 128.82066,
      "SOG": 0,
      "MOVINGTIME": 1560.0,
      "ARRIVALTIME": "20251130071700"
    },
    {
      "SEQ": 31,
      "BEFORE_NODE": 31.0,
      "AFTER_NODE": 32.0,
      "BEFORE_LAT": 35.069572,
      "BEFORE_LON": 128.82066,
      "AFTER_LAT": 35.069576,
      "AFTER_LON": 128.82069,
      "SOG": 0,
      "MOVINGTIME": 1860.0,
      "ARRIVALTIME": "20251130074800"
    },
    {
      "SEQ": 32,
      "BEFORE_NODE": 32.0,
      "AFTER_NODE": 33.0,
      "BEFORE_LAT": 35.069576,
      "BEFORE_LON": 128.82069,
      "AFTER_LAT": 35.06958,
      "AFTER_LON": 128.82072,
      "SOG": 0,
      "MOVINGTIME": 2040.0,
      "ARRIVALTIME": "20251130082200"
    },
    {
      "SEQ": 33,
      "BEFORE_NODE": 33.0,
      "AFTER_NODE": 34.0,
      "BEFORE_LAT": 35.06958,
      "BEFORE_LON": 128.82072,
      "AFTER_LAT": 35.069572,
      "AFTER_LON": 128.82071,
      "SOG": 0,
      "MOVINGTIME": 1560.0,
      "ARRIVALTIME": "20251130084800"
    },
    {
      "SEQ": 34,
      "BEFORE_NODE": 34.0,
      "AFTER_NODE": 35.0,
      "BEFORE_LAT": 35.069572,
      "BEFORE_LON": 128.82071,
      "AFTER_LAT": 35.069572,
      "AFTER_LON": 128.82069,
      "SOG": 0,
      "MOVINGTIME": 2505.0,
      "ARRIVALTIME": "20251130092945"
    },
    {
      "SEQ": 35,
      "BEFORE_NODE": 35.0,
      "AFTER_NODE": 36.0,
      "BEFORE_LAT": 35.069572,
      "BEFORE_LON": 128.82069,
      "AFTER_LAT": 35.06958,
      "AFTER_LON": 128.82071,
      "SOG": 0,
      "MOVINGTIME": 1095.0,
      "ARRIVALTIME": "20251130094800"
    },
    {
      "SEQ": 36,
      "BEFORE_NODE": 36.0,
      "AFTER_NODE": 37.0,
      "BEFORE_LAT": 35.06958,
      "BEFORE_LON": 128.82071,
      "AFTER_LAT": 35.069572,
      "AFTER_LON": 128.82065,
      "SOG": 0,
      "MOVINGTIME": 1920.0,
      "ARRIVALTIME": "20251130102000"
    },
    {
      "SEQ": 37,
      "BEFORE_NODE": 37.0,
      "AFTER_NODE": 38.0,
      "BEFORE_LAT": 35.069572,
      "BEFORE_LON": 128.82065,
      "AFTER_LAT": 35.069546,
      "AFTER_LON": 128.82072,
      "SOG": 0,
      "MOVINGTIME": 1800.0,
      "ARRIVALTIME": "20251130105000"
    },
    {
      "SEQ": 38,
      "BEFORE_NODE": 38.0,
      "AFTER_NODE": 39.0,
      "BEFORE_LAT": 35.069546,
      "BEFORE_LON": 128.82072,
      "AFTER_LAT": 35.069553,
      "AFTER_LON": 128.82069,
      "SOG": 0,
      "MOVINGTIME": 3600.0,
      "ARRIVALTIME": "20251130115000"
    },
    {
      "SEQ": 39,
      "BEFORE_NODE": 39.0,
      "AFTER_NODE": 40.0,
      "BEFORE_LAT": 35.069553,
      "BEFORE_LON": 128.82069,
      "AFTER_LAT": 35.069519,
      "AFTER_LON": 128.82063,
      "SOG": 0,
      "MOVINGTIME": 1800.0,
      "ARRIVALTIME": "20251130122000"
    },
    {
      "SEQ": 40,
      "BEFORE_NODE": 40.0,
      "AFTER_NODE": 41.0,
      "BEFORE_LAT": 35.069519,
      "BEFORE_LON": 128.82063,
      "AFTER_LAT": 35.069649,
      "AFTER_LON": 128.82071,
      "SOG": 0,
      "MOVINGTIME": 1860.0,
      "ARRIVALTIME": "20251130125100"
    },
    {
      "SEQ": 41,
      "BEFORE_NODE": 41.0,
      "AFTER_NODE": 42.0,
      "BEFORE_LAT": 35.069649,
      "BEFORE_LON": 128.82071,
      "AFTER_LAT": 35.069542,
      "AFTER_LON": 128.82072,
      "SOG": 0,
      "MOVINGTIME": 1800.0,
      "ARRIVALTIME": "20251130132100"
    },
    {
      "SEQ": 42,
      "BEFORE_NODE": 42.0,
      "AFTER_NODE": 43.0,
      "BEFORE_LAT": 35.069542,
      "BEFORE_LON": 128.82072,
      "AFTER_LAT": 35.069553,
      "AFTER_LON": 128.82074,
      "SOG": 0,
      "MOVINGTIME": 1800.0,
      "ARRIVALTIME": "20251130135100"
    },
    {
      "SEQ": 43,
      "BEFORE_NODE": 43.0,
      "AFTER_NODE": 44.0,
      "BEFORE_LAT": 35.069553,
      "BEFORE_LON": 128.82074,
      "AFTER_LAT": 35.069599,
      "AFTER_LON": 128.82068,
      "SOG": 0,
      "MOVINGTIME": 3600.0,
      "ARRIVALTIME": "20251130145100"
    },
    {
      "SEQ": 44,
      "BEFORE_NODE": 44.0,
      "AFTER_NODE": 45.0,
      "BEFORE_LAT": 35.069599,
      "BEFORE_LON": 128.82068,
      "AFTER_LAT": 35.069592,
      "AFTER_LON": 128.82074,
      "SOG": 0,
      "MOVINGTIME": 1860.0,
      "ARRIVALTIME": "20251130152200"
    },
    {
      "SEQ": 45,
      "BEFORE_NODE": 45.0,
      "AFTER_NODE": 46.0,
      "BEFORE_LAT": 35.069592,
      "BEFORE_LON": 128.82074,
      "AFTER_LAT": 35.069572,
      "AFTER_LON": 128.82072,
      "SOG": 0,
      "MOVINGTIME": 1740.0,
      "ARRIVALTIME": "20251130155100"
    },
    {
      "SEQ": 46,
      "BEFORE_NODE": 46.0,
      "AFTER_NODE": 47.0,
      "BEFORE_LAT": 35.069572,
      "BEFORE_LON": 128.82072,
      "AFTER_LAT": 35.069614,
      "AFTER_LON": 128.82066,
      "SOG": 0,
      "MOVINGTIME": 1800.0,
      "ARRIVALTIME": "20251130162100"
    },
    {
      "SEQ": 47,
      "BEFORE_NODE": 47.0,
      "AFTER_NODE": 48.0,
      "BEFORE_LAT": 35.069614,
      "BEFORE_LON": 128.82066,
      "AFTER_LAT": 35.069599,
      "AFTER_LON": 128.82069,
      "SOG": 0,
      "MOVINGTIME": 1800.0,
      "ARRIVALTIME": "20251130165100"
    },
    {
      "SEQ": 48,
      "BEFORE_NODE": 48.0,
      "AFTER_NODE": 49.0,
      "BEFORE_LAT": 35.069599,
      "BEFORE_LON": 128.82069,
      "AFTER_LAT": 35.06958,
      "AFTER_LON": 128.82074,
      "SOG": 0,
      "MOVINGTIME": 1680.0,
      "ARRIVALTIME": "20251130171900"
    },
    {
      "SEQ": 49,
      "BEFORE_NODE": 49.0,
      "AFTER_NODE": 50.0,
      "BEFORE_LAT": 35.06958,
      "BEFORE_LON": 128.82074,
      "AFTER_LAT": 35.069561,
      "AFTER_LON": 128.82069,
      "SOG": 0,
      "MOVINGTIME": 1800.0,
      "ARRIVALTIME": "20251130174900"
    },
    {
      "SEQ": 50,
      "BEFORE_NODE": 50.0,
      "AFTER_NODE": 51.0,
      "BEFORE_LAT": 35.069561,
      "BEFORE_LON": 128.82069,
      "AFTER_LAT": 35.069599,
      "AFTER_LON": 128.82072,
      "SOG": 0,
      "MOVINGTIME": 1920.0,
      "ARRIVALTIME": "20251130182100"
    },
    {
      "SEQ": 51,
      "BEFORE_NODE": 51.0,
      "AFTER_NODE": 52.0,
      "BEFORE_LAT": 35.069599,
      "BEFORE_LON": 128.82072,
      "AFTER_LAT": 35.069565,
      "AFTER_LON": 128.82072,
      "SOG": 0,
      "MOVINGTIME": 1620.0,
      "ARRIVALTIME": "20251130184800"
    },
    {
      "SEQ": 52,
      "BEFORE_NODE": 52.0,
      "AFTER_NODE": 53.0,
      "BEFORE_LAT": 35.069565,
      "BEFORE_LON": 128.82072,
      "AFTER_LAT": 35.069607,
      "AFTER_LON": 128.82074,
      "SOG": 0,
      "MOVINGTIME": 1980.0,
      "ARRIVALTIME": "20251130192100"
    },
    {
      "SEQ": 53,
      "BEFORE_NODE": 53.0,
      "AFTER_NODE": 54.0,
      "BEFORE_LAT": 35.069607,
      "BEFORE_LON": 128.82074,
      "AFTER_LAT": 35.069565,
      "AFTER_LON": 128.82074,
      "SOG": 0,
      "MOVINGTIME": 1920.0,
      "ARRIVALTIME": "20251130195300"
    },
    {
      "SEQ": 54,
      "BEFORE_NODE": 54.0,
      "AFTER_NODE": 55.0,
      "BEFORE_LAT": 35.069565,
      "BEFORE_LON": 128.82074,
      "AFTER_LAT": 35.069542,
      "AFTER_LON": 128.82072,
      "SOG": 0,
      "MOVINGTIME": 1860.0,
      "ARRIVALTIME": "20251130202400"
    },
    {
      "SEQ": 55,
      "BEFORE_NODE": 55.0,
      "AFTER_NODE": 56.0,
      "BEFORE_LAT": 35.069542,
      "BEFORE_LON": 128.82072,
      "AFTER_LAT": 35.069515,
      "AFTER_LON": 128.82074,
      "SOG": 0,
      "MOVINGTIME": 1620.0,
      "ARRIVALTIME": "20251130205100"
    },
    {
      "SEQ": 56,
      "BEFORE_NODE": 56.0,
      "AFTER_NODE": 57.0,
      "BEFORE_LAT": 35.069515,
      "BEFORE_LON": 128.82074,
      "AFTER_LAT": 35.073318,
      "AFTER_LON": 128.80853,
      "SOG": 8.3,
      "MOVINGTIME": 1920.0,
      "ARRIVALTIME": "20251130212300"
    },
    {
      "SEQ": 57,
      "BEFORE_NODE": 57.0,
      "AFTER_NODE": 58.0,
      "BEFORE_LAT": 35.073318,
      "BEFORE_LON": 128.80853,
      "AFTER_LAT": 34.957006666666665,
      "AFTER_LON": 128.81231,
      "SOG": 8,
      "MOVINGTIME": 2999.0,
      "ARRIVALTIME": "20251130221259"
    },
    {
      "SEQ": 58,
      "BEFORE_NODE": 58.0,
      "AFTER_NODE": 59.0,
      "BEFORE_LAT": 34.957006666666665,
      "BEFORE_LON": 128.81231,
      "AFTER_LAT": 34.900135,
      "AFTER_LON": 128.858435,
      "SOG": 7.7,
      "MOVINGTIME": 1778.0,
      "ARRIVALTIME": "20251130224237"
    },
    {
      "SEQ": 59,
      "BEFORE_NODE": 59.0,
      "AFTER_NODE": 60.0,
      "BEFORE_LAT": 34.900135,
      "BEFORE_LON": 128.858435,
      "AFTER_LAT": 34.848815,
      "AFTER_LON": 128.86574666666667,
      "SOG": 7.7,
      "MOVINGTIME": 1524.0,
      "ARRIVALTIME": "20251130230801"
    },
    {
      "SEQ": 60,
      "BEFORE_NODE": 60.0,
      "AFTER_NODE": 61.0,
      "BEFORE_LAT": 34.848815,
      "BEFORE_LON": 128.86574666666667,
      "AFTER_LAT": 34.830471,
      "AFTER_LON": 128.86496,
      "SOG": 5,
      "MOVINGTIME": 839.0,
      "ARRIVALTIME": "20251130232200"
    },
    {
      "SEQ": 61,
      "BEFORE_NODE": 61.0,
      "AFTER_NODE": 62.0,
      "BEFORE_LAT": 34.830471,
      "BEFORE_LON": 128.86496,
      "AFTER_LAT": 34.741765,
      "AFTER_LON": 128.86548666666667,
      "SOG": 7.1,
      "MOVINGTIME": 2849.0,
      "ARRIVALTIME": "20251201000929"
    },
    {
      "SEQ": 62,
      "BEFORE_NODE": 62.0,
      "AFTER_NODE": 63.0,
      "BEFORE_LAT": 34.741765,
      "BEFORE_LON": 128.86548666666667,
      "AFTER_LAT": 34.717167,
      "AFTER_LON": 128.86513,
      "SOG": 7.1,
      "MOVINGTIME": 691.0,
      "ARRIVALTIME": "20251201002100"
    },
    {
      "SEQ": 63,
      "BEFORE_NODE": 63.0,
      "AFTER_NODE": 64.0,
      "BEFORE_LAT": 34.717167,
      "BEFORE_LON": 128.86513,
      "AFTER_LAT": 34.63458166666667,
      "AFTER_LON": 128.87736166666667,
      "SOG": 5,
      "MOVINGTIME": 2401.0,
      "ARRIVALTIME": "20251201010101"
    },
    {
      "SEQ": 64,
      "BEFORE_NODE": 64.0,
      "AFTER_NODE": 65.0,
      "BEFORE_LAT": 34.63458166666667,
      "BEFORE_LON": 128.87736166666667,
      "AFTER_LAT": 34.628391666666666,
      "AFTER_LON": 128.867835,
      "SOG": 9,
      "MOVINGTIME": 1970.0,
      "ARRIVALTIME": "20251201013351"
    },
    {
      "SEQ": 65,
      "BEFORE_NODE": 65.0,
      "AFTER_NODE": 66.0,
      "BEFORE_LAT": 34.628391666666666,
      "BEFORE_LON": 128.867835,
      "AFTER_LAT": 34.528084,
      "AFTER_LON": 128.86356,
      "SOG": 5.5,
      "MOVINGTIME": 2889.0,
      "ARRIVALTIME": "20251201022200"
    },
    {
      "SEQ": 66,
      "BEFORE_NODE": 66.0,
      "AFTER_NODE": 67.0,
      "BEFORE_LAT": 34.528084,
      "BEFORE_LON": 128.86356,
      "AFTER_LAT": 34.519527,
      "AFTER_LON": 128.87906,
      "SOG": 0.5,
      "MOVINGTIME": 1500.0,
      "ARRIVALTIME": "20251201024700"
    },
    {
      "SEQ": 67,
      "BEFORE_NODE": 67.0,
      "AFTER_NODE": 68.0,
      "BEFORE_LAT": 34.519527,
      "BEFORE_LON": 128.87906,
      "AFTER_LAT": 34.506397,
      "AFTER_LON": 128.77678,
      "SOG": 13.5,
      "MOVINGTIME": 2100.0,
      "ARRIVALTIME": "20251201032200"
    },
    {
      "SEQ": 68,
      "BEFORE_NODE": 68.0,
      "AFTER_NODE": 69.0,
      "BEFORE_LAT": 34.506397,
      "BEFORE_LON": 128.77678,
      "AFTER_LAT": 34.469048,
      "AFTER_LON": 128.64841,
      "SOG": 13.1,
      "MOVINGTIME": 1740.0,
      "ARRIVALTIME": "20251201035100"
    },
    {
      "SEQ": 69,
      "BEFORE_NODE": 69.0,
      "AFTER_NODE": 70.0,
      "BEFORE_LAT": 34.469048,
      "BEFORE_LON": 128.64841,
      "AFTER_LAT": 34.424461,
      "AFTER_LON": 128.51138,
      "SOG": 13.3,
      "MOVINGTIME": 1860.0,
      "ARRIVALTIME": "20251201042200"
    },
    {
      "SEQ": 70,
      "BEFORE_NODE": 70.0,
      "AFTER_NODE": 71.0,
      "BEFORE_LAT": 34.424461,
      "BEFORE_LON": 128.51138,
      "AFTER_LAT": 34.376942,
      "AFTER_LON": 128.39105,
      "SOG": 13.3,
      "MOVINGTIME": 1740.0,
      "ARRIVALTIME": "20251201045100"
    },
    {
      "SEQ": 71,
      "BEFORE_NODE": 71.0,
      "AFTER_NODE": 72.0,
      "BEFORE_LAT": 34.376942,
      "BEFORE_LON": 128.39105,
      "AFTER_LAT": 34.340466,
      "AFTER_LON": 128.25853,
      "SOG": 13.6,
      "MOVINGTIME": 1800.0,
      "ARRIVALTIME": "20251201052100"
    },
    {
      "SEQ": 72,
      "BEFORE_NODE": 72.0,
      "AFTER_NODE": 73.0,
      "BEFORE_LAT": 34.340466,
      "BEFORE_LON": 128.25853,
      "AFTER_LAT": 34.305618,
      "AFTER_LON": 128.12523,
      "SOG": 13.6,
      "MOVINGTIME": 1680.0,
      "ARRIVALTIME": "20251201054900"
    },
    {
      "SEQ": 73,
      "BEFORE_NODE": 73.0,
      "AFTER_NODE": 74.0,
      "BEFORE_LAT": 34.305618,
      "BEFORE_LON": 128.12523,
      "AFTER_LAT": 34.229794,
      "AFTER_LON": 127.86828,
      "SOG": 13.3,
      "MOVINGTIME": 3660.0,
      "ARRIVALTIME": "20251201065000"
    },
    {
      "SEQ": 74,
      "BEFORE_NODE": 74.0,
      "AFTER_NODE": 75.0,
      "BEFORE_LAT": 34.229794,
      "BEFORE_LON": 127.86828,
      "AFTER_LAT": 34.197388,
      "AFTER_LON": 127.73548,
      "SOG": 13.6,
      "MOVINGTIME": 1740.0,
      "ARRIVALTIME": "20251201071900"
    },
    {
      "SEQ": 75,
      "BEFORE_NODE": 75.0,
      "AFTER_NODE": 76.0,
      "BEFORE_LAT": 34.197388,
      "BEFORE_LON": 127.73548,
      "AFTER_LAT": 34.185081,
      "AFTER_LON": 127.59956,
      "SOG": 13.6,
      "MOVINGTIME": 1920.0,
      "ARRIVALTIME": "20251201075100"
    },
    {
      "SEQ": 76,
      "BEFORE_NODE": 76.0,
      "AFTER_NODE": 77.0,
      "BEFORE_LAT": 34.185081,
      "BEFORE_LON": 127.59956,
      "AFTER_LAT": 34.115292,
      "AFTER_LON": 127.08089,
      "SOG": 13.8,
      "MOVINGTIME": 6960.0,
      "ARRIVALTIME": "20251201094700"
    },
    {
      "SEQ": 77,
      "BEFORE_NODE": 77.0,
      "AFTER_NODE": 78.0,
      "BEFORE_LAT": 34.115292,
      "BEFORE_LON": 127.08089,
      "AFTER_LAT": 34.151726,
      "AFTER_LON": 125.69227,
      "SOG": 13,
      "MOVINGTIME": 18300.0,
      "ARRIVALTIME": "20251201145200"
    },
    {
      "SEQ": 78,
      "BEFORE_NODE": 78.0,
      "AFTER_NODE": 79.0,
      "BEFORE_LAT": 34.151726,
      "BEFORE_LON": 125.69227,
      "AFTER_LAT": 34.24918,
      "AFTER_LON": 125.64499,
      "SOG": 12.8,
      "MOVINGTIME": 1680.0,
      "ARRIVALTIME": "20251201152000"
    },
    {
      "SEQ": 79,
      "BEFORE_NODE": 79.0,
      "AFTER_NODE": 80.0,
      "BEFORE_LAT": 34.24918,
      "BEFORE_LON": 125.64499,
      "AFTER_LAT": 34.497128,
      "AFTER_LON": 125.62206,
      "SOG": 11.8,
      "MOVINGTIME": 3660.0,
      "ARRIVALTIME": "20251201162100"
    },
    {
      "SEQ": 80,
      "BEFORE_NODE": 80.0,
      "AFTER_NODE": 81.0,
      "BEFORE_LAT": 34.497128,
      "BEFORE_LON": 125.62206,
      "AFTER_LAT": 34.566299,
      "AFTER_LON": 125.619,
      "SOG": 11.6,
      "MOVINGTIME": 1800.0,
      "ARRIVALTIME": "20251201165100"
    },
    {
      "SEQ": 81,
      "BEFORE_NODE": 81.0,
      "AFTER_NODE": 82.0,
      "BEFORE_LAT": 34.566299,
      "BEFORE_LON": 125.619,
      "AFTER_LAT": 35.997005,
      "AFTER_LON": 124.63533,
      "SOG": 13.3,
      "MOVINGTIME": 28560.0,
      "ARRIVALTIME": "20251202004700"
    },
    {
      "SEQ": 82,
      "BEFORE_NODE": 82.0,
      "AFTER_NODE": 83.0,
      "BEFORE_LAT": 35.997005,
      "BEFORE_LON": 124.63533,
      "AFTER_LAT": 36.19191,
      "AFTER_LON": 124.46091,
      "SOG": 13.5,
      "MOVINGTIME": 3780.0,
      "ARRIVALTIME": "20251202015000"
    },
    {
      "SEQ": 83,
      "BEFORE_NODE": 83.0,
      "AFTER_NODE": 84.0,
      "BEFORE_LAT": 36.19191,
      "BEFORE_LON": 124.46091,
      "AFTER_LAT": 36.284901,
      "AFTER_LON": 124.39075,
      "SOG": 12.8,
      "MOVINGTIME": 1740.0,
      "ARRIVALTIME": "20251202021900"
    },
    {
      "SEQ": 84,
      "BEFORE_NODE": 84.0,
      "AFTER_NODE": 85.0,
      "BEFORE_LAT": 36.284901,
      "BEFORE_LON": 124.39075,
      "AFTER_LAT": 37.739223,
      "AFTER_LON": 123.01794,
      "SOG": 12.6,
      "MOVINGTIME": 30540.0,
      "ARRIVALTIME": "20251202104800"
    },
    {
      "SEQ": 85,
      "BEFORE_NODE": 85.0,
      "AFTER_NODE": 86.0,
      "BEFORE_LAT": 37.739223,
      "BEFORE_LON": 123.01794,
      "AFTER_LAT": 37.788784,
      "AFTER_LON": 122.8506,
      "SOG": 13.1,
      "MOVINGTIME": 2040.0,
      "ARRIVALTIME": "20251202112200"
    },
    {
      "SEQ": 86,
      "BEFORE_NODE": 86.0,
      "AFTER_NODE": 87.0,
      "BEFORE_LAT": 37.788784,
      "BEFORE_LON": 122.8506,
      "AFTER_LAT": 37.827656,
      "AFTER_LON": 122.73807,
      "SOG": 12.3,
      "MOVINGTIME": 1680.0,
      "ARRIVALTIME": "20251202115000"
    },
    {
      "SEQ": 87,
      "BEFORE_NODE": 87.0,
      "AFTER_NODE": 88.0,
      "BEFORE_LAT": 37.827656,
      "BEFORE_LON": 122.73807,
      "AFTER_LAT": 37.865547,
      "AFTER_LON": 122.61564,
      "SOG": 12.3,
      "MOVINGTIME": 1740.0,
      "ARRIVALTIME": "20251202121900"
    },
    {
      "SEQ": 88,
      "BEFORE_NODE": 88.0,
      "AFTER_NODE": 89.0,
      "BEFORE_LAT": 37.865547,
      "BEFORE_LON": 122.61564,
      "AFTER_LAT": 37.916367,
      "AFTER_LON": 122.50077,
      "SOG": 12.8,
      "MOVINGTIME": 1860.0,
      "ARRIVALTIME": "20251202125000"
    },
    {
      "SEQ": 89,
      "BEFORE_NODE": 89.0,
      "AFTER_NODE": 90.0,
      "BEFORE_LAT": 37.916367,
      "BEFORE_LON": 122.50077,
      "AFTER_LAT": 37.994167,
      "AFTER_LON": 122.27216,
      "SOG": 13.1,
      "MOVINGTIME": 3420.0,
      "ARRIVALTIME": "20251202134700"
    },
    {
      "SEQ": 90,
      "BEFORE_NODE": 90.0,
      "AFTER_NODE": 91.0,
      "BEFORE_LAT": 37.994167,
      "BEFORE_LON": 122.27216,
      "AFTER_LAT": 38.054119,
      "AFTER_LON": 122.13797,
      "SOG": 13,
      "MOVINGTIME": 1860.0,
      "ARRIVALTIME": "20251202141800"
    },
    {
      "SEQ": 91,
      "BEFORE_NODE": 91.0,
      "AFTER_NODE": 92.0,
      "BEFORE_LAT": 38.054119,
      "BEFORE_LON": 122.13797,
      "AFTER_LAT": 38.405952,
      "AFTER_LON": 121.2653,
      "SOG": 12.3,
      "MOVINGTIME": 12900.0,
      "ARRIVALTIME": "20251202175300"
    },
    {
      "SEQ": 92,
      "BEFORE_NODE": 92.0,
      "AFTER_NODE": 93.0,
      "BEFORE_LAT": 38.405952,
      "BEFORE_LON": 121.2653,
      "AFTER_LAT": 38.471901,
      "AFTER_LON": 121.16856,
      "SOG": 12,
      "MOVINGTIME": 1740.0,
      "ARRIVALTIME": "20251202182200"
    },
    {
      "SEQ": 93,
      "BEFORE_NODE": 93.0,
      "AFTER_NODE": 94.0,
      "BEFORE_LAT": 38.471901,
      "BEFORE_LON": 121.16856,
      "AFTER_LAT": 38.54158,
      "AFTER_LON": 121.05412,
      "SOG": 12.1,
      "MOVINGTIME": 1980.0,
      "ARRIVALTIME": "20251202185500"
    },
    {
      "SEQ": 94,
      "BEFORE_NODE": 94.0,
      "AFTER_NODE": 95.0,
      "BEFORE_LAT": 38.54158,
      "BEFORE_LON": 121.05412,
      "AFTER_LAT": 38.58543,
      "AFTER_LON": 120.95132,
      "SOG": 11.6,
      "MOVINGTIME": 1740.0,
      "ARRIVALTIME": "20251202192400"
    },
    {
      "SEQ": 95,
      "BEFORE_NODE": 95.0,
      "AFTER_NODE": 96.0,
      "BEFORE_LAT": 38.58543,
      "BEFORE_LON": 120.95132,
      "AFTER_LAT": 38.619808,
      "AFTER_LON": 120.83996,
      "SOG": 11.8,
      "MOVINGTIME": 1740.0,
      "ARRIVALTIME": "20251202195300"
    },
    {
      "SEQ": 96,
      "BEFORE_NODE": 96.0,
      "AFTER_NODE": 97.0,
      "BEFORE_LAT": 38.619808,
      "BEFORE_LON": 120.83996,
      "AFTER_LAT": 38.642235,
      "AFTER_LON": 120.7233,
      "SOG": 11.3,
      "MOVINGTIME": 1860.0,
      "ARRIVALTIME": "20251202202400"
    },
    {
      "SEQ": 97,
      "BEFORE_NODE": 97.0,
      "AFTER_NODE": 98.0,
      "BEFORE_LAT": 38.642235,
      "BEFORE_LON": 120.7233,
      "AFTER_LAT": 38.745247,
      "AFTER_LON": 119.76006,
      "SOG": 12.8,
      "MOVINGTIME": 13980.0,
      "ARRIVALTIME": "20251203001700"
    },
    {
      "SEQ": 98,
      "BEFORE_NODE": 98.0,
      "AFTER_NODE": 99.0,
      "BEFORE_LAT": 38.745247,
      "BEFORE_LON": 119.76006,
      "AFTER_LAT": 38.75568,
      "AFTER_LON": 119.59944,
      "SOG": 13.1,
      "MOVINGTIME": 2100.0,
      "ARRIVALTIME": "20251203005200"
    },
    {
      "SEQ": 99,
      "BEFORE_NODE": 99.0,
      "AFTER_NODE": 100.0,
      "BEFORE_LAT": 38.75568,
      "BEFORE_LON": 119.59944,
      "AFTER_LAT": 38.760681,
      "AFTER_LON": 119.4448,
      "SOG": 13.3,
      "MOVINGTIME": 1980.0,
      "ARRIVALTIME": "20251203012500"
    },
    {
      "SEQ": 100,
      "BEFORE_NODE": 100.0,
      "AFTER_NODE": 101.0,
      "BEFORE_LAT": 38.760681,
      "BEFORE_LON": 119.4448,
      "AFTER_LAT": 38.774555,
      "AFTER_LON": 119.29124,
      "SOG": 13.6,
      "MOVINGTIME": 1740.0,
      "ARRIVALTIME": "20251203015400"
    },
    {
      "SEQ": 101,
      "BEFORE_NODE": 101.0,
      "AFTER_NODE": 102.0,
      "BEFORE_LAT": 38.774555,
      "BEFORE_LON": 119.29124,
      "AFTER_LAT": 38.779228,
      "AFTER_LON": 119.16315,
      "SOG": 13.8,
      "MOVINGTIME": 1620.0,
      "ARRIVALTIME": "20251203022100"
    },
    {
      "SEQ": 102,
      "BEFORE_NODE": 102.0,
      "AFTER_NODE": 103.0,
      "BEFORE_LAT": 38.779228,
      "BEFORE_LON": 119.16315,
      "AFTER_LAT": 38.786579,
      "AFTER_LON": 119.02064,
      "SOG": 14.1,
      "MOVINGTIME": 1860.0,
      "ARRIVALTIME": "20251203025200"
    },
    {
      "SEQ": 103,
      "BEFORE_NODE": 103.0,
      "AFTER_NODE": 104.0,
      "BEFORE_LAT": 38.786579,
      "BEFORE_LON": 119.02064,
      "AFTER_LAT": 38.800415,
      "AFTER_LON": 118.86974,
      "SOG": 14.3,
      "MOVINGTIME": 1860.0,
      "ARRIVALTIME": "20251203032300"
    },
    {
      "SEQ": 104,
      "BEFORE_NODE": 104.0,
      "AFTER_NODE": 105.0,
      "BEFORE_LAT": 38.800415,
      "BEFORE_LON": 118.86974,
      "AFTER_LAT": 38.815273,
      "AFTER_LON": 118.75868,
      "SOG": 14,
      "MOVINGTIME": 1560.0,
      "ARRIVALTIME": "20251203034900"
    },
    {
      "SEQ": 105,
      "BEFORE_NODE": 105.0,
      "AFTER_NODE": 106.0,
      "BEFORE_LAT": 38.815273,
      "BEFORE_LON": 118.75868,
      "AFTER_LAT": 38.834881,
      "AFTER_LON": 118.57941,
      "SOG": 13.8,
      "MOVINGTIME": 2040.0,
      "ARRIVALTIME": "20251203042300"
    },
    {
      "SEQ": 106,
      "BEFORE_NODE": 106.0,
      "AFTER_NODE": 107.0,
      "BEFORE_LAT": 38.834881,
      "BEFORE_LON": 118.57941,
      "AFTER_LAT": 38.841602,
      "AFTER_LON": 118.44204,
      "SOG": 13.8,
      "MOVINGTIME": 1620.0,
      "ARRIVALTIME": "20251203045000"
    },
    {
      "SEQ": 107,
      "BEFORE_NODE": 107.0,
      "AFTER_NODE": 108.0,
      "BEFORE_LAT": 38.841602,
      "BEFORE_LON": 118.44204,
      "AFTER_LAT": 38.869801,
      "AFTER_LON": 118.27827,
      "SOG": 12.6,
      "MOVINGTIME": 1980.0,
      "ARRIVALTIME": "20251203052300"
    },
    {
      "SEQ": 108,
      "BEFORE_NODE": 108.0,
      "AFTER_NODE": 109.0,
      "BEFORE_LAT": 38.869801,
      "BEFORE_LON": 118.27827,
      "AFTER_LAT": 38.89484,
      "AFTER_LON": 118.20065,
      "SOG": 7.5,
      "MOVINGTIME": 1860.0,
      "ARRIVALTIME": "20251203055400"
    },
    {
      "SEQ": 109,
      "BEFORE_NODE": 109.0,
      "AFTER_NODE": 110.0,
      "BEFORE_LAT": 38.89484,
      "BEFORE_LON": 118.20065,
      "AFTER_LAT": 38.923916,
      "AFTER_LON": 118.17348,
      "SOG": 3,
      "MOVINGTIME": 1920.0,
      "ARRIVALTIME": "20251203062600"
    },
    {
      "SEQ": 110,
      "BEFORE_NODE": 110.0,
      "AFTER_NODE": 111.0,
      "BEFORE_LAT": 38.923916,
      "BEFORE_LON": 118.17348,
      "AFTER_LAT": 38.929134,
      "AFTER_LON": 118.17342,
      "SOG": 0.2,
      "MOVINGTIME": 1680.0,
      "ARRIVALTIME": "20251203065400"
    },
    {
      "SEQ": 111,
      "BEFORE_NODE": 111.0,
      "AFTER_NODE": 112.0,
      "BEFORE_LAT": 38.929134,
      "BEFORE_LON": 118.17342,
      "AFTER_LAT": 38.928879,
      "AFTER_LON": 118.17342,
      "SOG": 0,
      "MOVINGTIME": 1680.0,
      "ARRIVALTIME": "20251203072200"
    },
    {
      "SEQ": 112,
      "BEFORE_NODE": 112.0,
      "AFTER_NODE": 113.0,
      "BEFORE_LAT": 38.928879,
      "BEFORE_LON": 118.17342,
      "AFTER_LAT": 38.929066,
      "AFTER_LON": 118.17344,
      "SOG": 0,
      "MOVINGTIME": 1500.0,
      "ARRIVALTIME": "20251203074700"
    },
    {
      "SEQ": 113,
      "BEFORE_NODE": 113.0,
      "AFTER_NODE": 114.0,
      "BEFORE_LAT": 38.929066,
      "BEFORE_LON": 118.17344,
      "AFTER_LAT": 38.929008,
      "AFTER_LON": 118.17344,
      "SOG": 0,
      "MOVINGTIME": 2220.0,
      "ARRIVALTIME": "20251203082400"
    },
    {
      "SEQ": 114,
      "BEFORE_NODE": 114.0,
      "AFTER_NODE": 115.0,
      "BEFORE_LAT": 38.929008,
      "BEFORE_LON": 118.17344,
      "AFTER_LAT": 38.928795,
      "AFTER_LON": 118.17335,
      "SOG": 0,
      "MOVINGTIME": 1860.0,
      "ARRIVALTIME": "20251203085500"
    },
    {
      "SEQ": 115,
      "BEFORE_NODE": 115.0,
      "AFTER_NODE": 116.0,
      "BEFORE_LAT": 38.928795,
      "BEFORE_LON": 118.17335,
      "AFTER_LAT": 38.928566,
      "AFTER_LON": 118.17043,
      "SOG": 3,
      "MOVINGTIME": 1800.0,
      "ARRIVALTIME": "20251203092500"
    },
    {
      "SEQ": 116,
      "BEFORE_NODE": 116.0,
      "AFTER_NODE": 117.0,
      "BEFORE_LAT": 38.928566,
      "BEFORE_LON": 118.17043,
      "AFTER_LAT": 38.929314,
      "AFTER_LON": 118.10761,
      "SOG": 5,
      "MOVINGTIME": 1680.0,
      "ARRIVALTIME": "20251203095300"
    },
    {
      "SEQ": 117,
      "BEFORE_NODE": 117.0,
      "AFTER_NODE": 118.0,
      "BEFORE_LAT": 38.929314,
      "BEFORE_LON": 118.10761,
      "AFTER_LAT": 38.932178,
      "AFTER_LON": 118.07285,
      "SOG": 8.8,
      "MOVINGTIME": 1620.0,
      "ARRIVALTIME": "20251203102000"
    },
    {
      "SEQ": 118,
      "BEFORE_NODE": 118.0,
      "AFTER_NODE": 119.0,
      "BEFORE_LAT": 38.932178,
      "BEFORE_LON": 118.07285,
      "AFTER_LAT": 38.948215,
      "AFTER_LON": 117.93948,
      "SOG": 11.6,
      "MOVINGTIME": 2280.0,
      "ARRIVALTIME": "20251203105800"
    },
    {
      "SEQ": 119,
      "BEFORE_NODE": 119.0,
      "AFTER_NODE": 120.0,
      "BEFORE_LAT": 38.948215,
      "BEFORE_LON": 117.93948,
      "AFTER_LAT": 38.971939,
      "AFTER_LON": 117.80682,
      "SOG": 9,
      "MOVINGTIME": 1680.0,
      "ARRIVALTIME": "20251203112600"
    },
    {
      "SEQ": 120,
      "BEFORE_NODE": 120.0,
      "AFTER_NODE": 121.0,
      "BEFORE_LAT": 38.971939,
      "BEFORE_LON": 117.80682,
      "AFTER_LAT": 38.998905,
      "AFTER_LON": 117.77847,
      "SOG": 1.6,
      "MOVINGTIME": 1920.0,
      "ARRIVALTIME": "20251203115800"
    },
    {
      "SEQ": 121,
      "BEFORE_NODE": 121.0,
      "AFTER_NODE": 122.0,
      "BEFORE_LAT": 38.998905,
      "BEFORE_LON": 117.77847,
      "AFTER_LAT": 39.000717,
      "AFTER_LON": 117.77534,
      "SOG": 0,
      "MOVINGTIME": 1260.0,
      "ARRIVALTIME": "20251203121900"
    },
    {
      "SEQ": 122,
      "BEFORE_NODE": 122.0,
      "AFTER_NODE": 123.0,
      "BEFORE_LAT": 39.000717,
      "BEFORE_LON": 117.77534,
      "AFTER_LAT": 39.000702,
      "AFTER_LON": 117.77536,
      "SOG": 0,
      "MOVINGTIME": 2040.0,
      "ARRIVALTIME": "20251203125300"
    },
    {
      "SEQ": 123,
      "BEFORE_NODE": 123.0,
      "AFTER_NODE": 124.0,
      "BEFORE_LAT": 39.000702,
      "BEFORE_LON": 117.77536,
      "AFTER_LAT": 39.000702,
      "AFTER_LON": 117.77536,
      "SOG": 0,
      "MOVINGTIME": 1440.0,
      "ARRIVALTIME": "20251203131700"
    },
    {
      "SEQ": 124,
      "BEFORE_NODE": 124.0,
      "AFTER_NODE": 125.0,
      "BEFORE_LAT": 39.000702,
      "BEFORE_LON": 117.77536,
      "AFTER_LAT": 39.000786,
      "AFTER_LON": 117.77531,
      "SOG": 0,
      "MOVINGTIME": 2592.0,
      "ARRIVALTIME": "20251203140012"
    },
    {
      "SEQ": 125,
      "BEFORE_NODE": 125.0,
      "AFTER_NODE": 126.0,
      "BEFORE_LAT": 39.000786,
      "BEFORE_LON": 117.77531,
      "AFTER_LAT": 39.000732,
      "AFTER_LON": 117.77531,
      "SOG": 0,
      "MOVINGTIME": 1608.0,
      "ARRIVALTIME": "20251203142700"
    },
    {
      "SEQ": 126,
      "BEFORE_NODE": 126.0,
      "AFTER_NODE": 127.0,
      "BEFORE_LAT": 39.000732,
      "BEFORE_LON": 117.77531,
      "AFTER_LAT": 39.000744,
      "AFTER_LON": 117.77534,
      "SOG": 0,
      "MOVINGTIME": 1680.0,
      "ARRIVALTIME": "20251203145500"
    },
    {
      "SEQ": 127,
      "BEFORE_NODE": 127.0,
      "AFTER_NODE": 128.0,
      "BEFORE_LAT": 39.000744,
      "BEFORE_LON": 117.77534,
      "AFTER_LAT": 39.00071,
      "AFTER_LON": 117.77534,
      "SOG": 0,
      "MOVINGTIME": 1680.0,
      "ARRIVALTIME": "20251203152300"
    },
    {
      "SEQ": 128,
      "BEFORE_NODE": 128.0,
      "AFTER_NODE": 129.0,
      "BEFORE_LAT": 39.00071,
      "BEFORE_LON": 117.77534,
      "AFTER_LAT": 39.000771,
      "AFTER_LON": 117.77533,
      "SOG": 0,
      "MOVINGTIME": 1620.0,
      "ARRIVALTIME": "20251203155000"
    },
    {
      "SEQ": 129,
      "BEFORE_NODE": 129.0,
      "AFTER_NODE": 130.0,
      "BEFORE_LAT": 39.000771,
      "BEFORE_LON": 117.77533,
      "AFTER_LAT": 39.000729,
      "AFTER_LON": 117.77534,
      "SOG": 0,
      "MOVINGTIME": 2040.0,
      "ARRIVALTIME": "20251203162400"
    },
    {
      "SEQ": 130,
      "BEFORE_NODE": 130.0,
      "AFTER_NODE": 131.0,
      "BEFORE_LAT": 39.000729,
      "BEFORE_LON": 117.77534,
      "AFTER_LAT": 39.000767,
      "AFTER_LON": 117.77528,
      "SOG": 0,
      "MOVINGTIME": 1980.0,
      "ARRIVALTIME": "20251203165700"
    },
    {
      "SEQ": 131,
      "BEFORE_NODE": 131.0,
      "AFTER_NODE": 132.0,
      "BEFORE_LAT": 39.000767,
      "BEFORE_LON": 117.77528,
      "AFTER_LAT": 39.000721,
      "AFTER_LON": 117.77538,
      "SOG": 0,
      "MOVINGTIME": 1800.0,
      "ARRIVALTIME": "20251203172700"
    },
    {
      "SEQ": 132,
      "BEFORE_NODE": 132.0,
      "AFTER_NODE": 133.0,
      "BEFORE_LAT": 39.000721,
      "BEFORE_LON": 117.77538,
      "AFTER_LAT": 39.000668,
      "AFTER_LON": 117.77552,
      "SOG": 0,
      "MOVINGTIME": 1800.0,
      "ARRIVALTIME": "20251203175700"
    },
    {
      "SEQ": 133,
      "BEFORE_NODE": 133.0,
      "AFTER_NODE": 134.0,
      "BEFORE_LAT": 39.000668,
      "BEFORE_LON": 117.77552,
      "AFTER_LAT": 39.000637,
      "AFTER_LON": 117.77536,
      "SOG": 0,
      "MOVINGTIME": 1800.0,
      "ARRIVALTIME": "20251203182700"
    },
    {
      "SEQ": 134,
      "BEFORE_NODE": 134.0,
      "AFTER_NODE": 135.0,
      "BEFORE_LAT": 39.000637,
      "BEFORE_LON": 117.77536,
      "AFTER_LAT": 39.000641,
      "AFTER_LON": 117.77549,
      "SOG": 0,
      "MOVINGTIME": 1800.0,
      "ARRIVALTIME": "20251203185700"
    },
    {
      "SEQ": 135,
      "BEFORE_NODE": 135.0,
      "AFTER_NODE": 136.0,
      "BEFORE_LAT": 39.000641,
      "BEFORE_LON": 117.77549,
      "AFTER_LAT": 39.00069,
      "AFTER_LON": 117.77538,
      "SOG": 0,
      "MOVINGTIME": 1740.0,
      "ARRIVALTIME": "20251203192600"
    },
    {
      "SEQ": 136,
      "BEFORE_NODE": 136.0,
      "AFTER_NODE": 137.0,
      "BEFORE_LAT": 39.00069,
      "BEFORE_LON": 117.77538,
      "AFTER_LAT": 39.000702,
      "AFTER_LON": 117.77541,
      "SOG": 0,
      "MOVINGTIME": 2385.0,
      "ARRIVALTIME": "20251203200545"
    },
    {
      "SEQ": 137,
      "BEFORE_NODE": 137.0,
      "AFTER_NODE": 138.0,
      "BEFORE_LAT": 39.000702,
      "BEFORE_LON": 117.77541,
      "AFTER_LAT": 39.000725,
      "AFTER_LON": 117.77536,
      "SOG": 0,
      "MOVINGTIME": 1215.0,
      "ARRIVALTIME": "20251203202600"
    },
    {
      "SEQ": 138,
      "BEFORE_NODE": 138.0,
      "AFTER_NODE": 139.0,
      "BEFORE_LAT": 39.000725,
      "BEFORE_LON": 117.77536,
      "AFTER_LAT": 39.000736,
      "AFTER_LON": 117.77538,
      "SOG": 0,
      "MOVINGTIME": 2040.0,
      "ARRIVALTIME": "20251203210000"
    },
    {
      "SEQ": 139,
      "BEFORE_NODE": 139.0,
      "AFTER_NODE": 140.0,
      "BEFORE_LAT": 39.000736,
      "BEFORE_LON": 117.77538,
      "AFTER_LAT": 39.000732,
      "AFTER_LON": 117.77538,
      "SOG": 0,
      "MOVINGTIME": 1680.0,
      "ARRIVALTIME": "20251203212800"
    },
    {
      "SEQ": 140,
      "BEFORE_NODE": 140.0,
      "AFTER_NODE": 141.0,
      "BEFORE_LAT": 39.000732,
      "BEFORE_LON": 117.77538,
      "AFTER_LAT": 39.000687,
      "AFTER_LON": 117.77538,
      "SOG": 0,
      "MOVINGTIME": 1680.0,
      "ARRIVALTIME": "20251203215600"
    },
    {
      "SEQ": 141,
      "BEFORE_NODE": 141.0,
      "AFTER_NODE": 142.0,
      "BEFORE_LAT": 39.000687,
      "BEFORE_LON": 117.77538,
      "AFTER_LAT": 39.000751,
      "AFTER_LON": 117.77532,
      "SOG": 0,
      "MOVINGTIME": 1860.0,
      "ARRIVALTIME": "20251203222700"
    },
    {
      "SEQ": 142,
      "BEFORE_NODE": 142.0,
      "AFTER_NODE": 143.0,
      "BEFORE_LAT": 39.000751,
      "BEFORE_LON": 117.77532,
      "AFTER_LAT": 39.000816,
      "AFTER_LON": 117.77534,
      "SOG": 0,
      "MOVINGTIME": 1860.0,
      "ARRIVALTIME": "20251203225800"
    },
    {
      "SEQ": 143,
      "BEFORE_NODE": 143.0,
      "AFTER_NODE": 144.0,
      "BEFORE_LAT": 39.000816,
      "BEFORE_LON": 117.77534,
      "AFTER_LAT": 39.000759,
      "AFTER_LON": 117.77543,
      "SOG": 0,
      "MOVINGTIME": 1800.0,
      "ARRIVALTIME": "20251203232800"
    },
    {
      "SEQ": 144,
      "BEFORE_NODE": 144.0,
      "AFTER_NODE": 145.0,
      "BEFORE_LAT": 39.000759,
      "BEFORE_LON": 117.77543,
      "AFTER_LAT": 39.000721,
      "AFTER_LON": 117.77534,
      "SOG": 0,
      "MOVINGTIME": 1620.0,
      "ARRIVALTIME": "20251203235500"
    },
    {
      "SEQ": 145,
      "BEFORE_NODE": 145.0,
      "AFTER_NODE": 146.0,
      "BEFORE_LAT": 39.000721,
      "BEFORE_LON": 117.77534,
      "AFTER_LAT": 39.000736,
      "AFTER_LON": 117.77534,
      "SOG": 0,
      "MOVINGTIME": 1980.0,
      "ARRIVALTIME": "20251204002800"
    },
    {
      "SEQ": 146,
      "BEFORE_NODE": 146.0,
      "AFTER_NODE": 147.0,
      "BEFORE_LAT": 39.000736,
      "BEFORE_LON": 117.77534,
      "AFTER_LAT": 39.000725,
      "AFTER_LON": 117.77536,
      "SOG": 0,
      "MOVINGTIME": 1680.0,
      "ARRIVALTIME": "20251204005600"
    },
    {
      "SEQ": 147,
      "BEFORE_NODE": 147.0,
      "AFTER_NODE": 148.0,
      "BEFORE_LAT": 39.000725,
      "BEFORE_LON": 117.77536,
      "AFTER_LAT": 39.000763,
      "AFTER_LON": 117.77541,
      "SOG": 0,
      "MOVINGTIME": 1860.0,
      "ARRIVALTIME": "20251204012700"
    },
    {
      "SEQ": 148,
      "BEFORE_NODE": 148.0,
      "AFTER_NODE": 149.0,
      "BEFORE_LAT": 39.000763,
      "BEFORE_LON": 117.77541,
      "AFTER_LAT": 39.000751,
      "AFTER_LON": 117.77536,
      "SOG": 0,
      "MOVINGTIME": 2737.0,
      "ARRIVALTIME": "20251204021237"
    },
    {
      "SEQ": 149,
      "BEFORE_NODE": 149.0,
      "AFTER_NODE": 150.0,
      "BEFORE_LAT": 39.000751,
      "BEFORE_LON": 117.77536,
      "AFTER_LAT": 39.000668,
      "AFTER_LON": 117.77544,
      "SOG": 0,
      "MOVINGTIME": 1043.0,
      "ARRIVALTIME": "20251204023000"
    },
    {
      "SEQ": 150,
      "BEFORE_NODE": 150.0,
      "AFTER_NODE": 151.0,
      "BEFORE_LAT": 39.000668,
      "BEFORE_LON": 117.77544,
      "AFTER_LAT": 39.000725,
      "AFTER_LON": 117.7754,
      "SOG": 0,
      "MOVINGTIME": 1800.0,
      "ARRIVALTIME": "20251204030000"
    },
    {
      "SEQ": 151,
      "BEFORE_NODE": 151.0,
      "AFTER_NODE": 152.0,
      "BEFORE_LAT": 39.000725,
      "BEFORE_LON": 117.7754,
      "AFTER_LAT": 39.000721,
      "AFTER_LON": 117.77532,
      "SOG": 0,
      "MOVINGTIME": 1620.0,
      "ARRIVALTIME": "20251204032700"
    },
    {
      "SEQ": 152,
      "BEFORE_NODE": 152.0,
      "AFTER_NODE": 153.0,
      "BEFORE_LAT": 39.000721,
      "BEFORE_LON": 117.77532,
      "AFTER_LAT": 39.000813,
      "AFTER_LON": 117.77538,
      "SOG": 0,
      "MOVINGTIME": 1800.0,
      "ARRIVALTIME": "20251204035700"
    },
    {
      "SEQ": 153,
      "BEFORE_NODE": 153.0,
      "AFTER_NODE": 154.0,
      "BEFORE_LAT": 39.000813,
      "BEFORE_LON": 117.77538,
      "AFTER_LAT": 39.000774,
      "AFTER_LON": 117.77534,
      "SOG": 0,
      "MOVINGTIME": 1620.0,
      "ARRIVALTIME": "20251204042400"
    },
    {
      "SEQ": 154,
      "BEFORE_NODE": 154.0,
      "AFTER_NODE": 155.0,
      "BEFORE_LAT": 39.000774,
      "BEFORE_LON": 117.77534,
      "AFTER_LAT": 39.000748,
      "AFTER_LON": 117.77538,
      "SOG": 0,
      "MOVINGTIME": 1920.0,
      "ARRIVALTIME": "20251204045600"
    },
    {
      "SEQ": 155,
      "BEFORE_NODE": 155.0,
      "AFTER_NODE": 156.0,
      "BEFORE_LAT": 39.000748,
      "BEFORE_LON": 117.77538,
      "AFTER_LAT": 39.000805,
      "AFTER_LON": 117.77538,
      "SOG": 0,
      "MOVINGTIME": 1860.0,
      "ARRIVALTIME": "20251204052700"
    },
    {
      "SEQ": 156,
      "BEFORE_NODE": 156.0,
      "AFTER_NODE": 157.0,
      "BEFORE_LAT": 39.000805,
      "BEFORE_LON": 117.77538,
      "AFTER_LAT": 39.00074,
      "AFTER_LON": 117.77534,
      "SOG": 0,
      "MOVINGTIME": 1800.0,
      "ARRIVALTIME": "20251204055700"
    },
    {
      "SEQ": 157,
      "BEFORE_NODE": 157.0,
      "AFTER_NODE": 158.0,
      "BEFORE_LAT": 39.00074,
      "BEFORE_LON": 117.77534,
      "AFTER_LAT": 39.000748,
      "AFTER_LON": 117.77538,
      "SOG": 0,
      "MOVINGTIME": 1260.0,
      "ARRIVALTIME": "20251204061800"
    },
    {
      "SEQ": 158,
      "BEFORE_NODE": 158.0,
      "AFTER_NODE": 159.0,
      "BEFORE_LAT": 39.000748,
      "BEFORE_LON": 117.77538,
      "AFTER_LAT": 39.000713,
      "AFTER_LON": 117.77538,
      "SOG": 0,
      "MOVINGTIME": 2160.0,
      "ARRIVALTIME": "20251204065400"
    },
    {
      "SEQ": 159,
      "BEFORE_NODE": 159.0,
      "AFTER_NODE": 160.0,
      "BEFORE_LAT": 39.000713,
      "BEFORE_LON": 117.77538,
      "AFTER_LAT": 39.000732,
      "AFTER_LON": 117.77544,
      "SOG": 0,
      "MOVINGTIME": 1800.0,
      "ARRIVALTIME": "20251204072400"
    },
    {
      "SEQ": 160,
      "BEFORE_NODE": 160.0,
      "AFTER_NODE": 161.0,
      "BEFORE_LAT": 39.000732,
      "BEFORE_LON": 117.77544,
      "AFTER_LAT": 39.000759,
      "AFTER_LON": 117.77531,
      "SOG": 0,
      "MOVINGTIME": 1920.0,
      "ARRIVALTIME": "20251204075600"
    },
    {
      "SEQ": 161,
      "BEFORE_NODE": 161.0,
      "AFTER_NODE": 162.0,
      "BEFORE_LAT": 39.000759,
      "BEFORE_LON": 117.77531,
      "AFTER_LAT": 39.000774,
      "AFTER_LON": 117.77534,
      "SOG": 0,
      "MOVINGTIME": 1860.0,
      "ARRIVALTIME": "20251204082700"
    },
    {
      "SEQ": 162,
      "BEFORE_NODE": 162.0,
      "AFTER_NODE": 163.0,
      "BEFORE_LAT": 39.000774,
      "BEFORE_LON": 117.77534,
      "AFTER_LAT": 39.000778,
      "AFTER_LON": 117.77534,
      "SOG": 0,
      "MOVINGTIME": 1560.0,
      "ARRIVALTIME": "20251204085300"
    },
    {
      "SEQ": 163,
      "BEFORE_NODE": 163.0,
      "AFTER_NODE": 164.0,
      "BEFORE_LAT": 39.000778,
      "BEFORE_LON": 117.77534,
      "AFTER_LAT": 39.000805,
      "AFTER_LON": 117.77538,
      "SOG": 0,
      "MOVINGTIME": 1800.0,
      "ARRIVALTIME": "20251204092300"
    },
    {
      "SEQ": 164,
      "BEFORE_NODE": 164.0,
      "AFTER_NODE": 165.0,
      "BEFORE_LAT": 39.000805,
      "BEFORE_LON": 117.77538,
      "AFTER_LAT": 39.000759,
      "AFTER_LON": 117.77536,
      "SOG": 0,
      "MOVINGTIME": 1980.0,
      "ARRIVALTIME": "20251204095600"
    },
    {
      "SEQ": 165,
      "BEFORE_NODE": 165.0,
      "AFTER_NODE": 166.0,
      "BEFORE_LAT": 39.000759,
      "BEFORE_LON": 117.77536,
      "AFTER_LAT": 39.00074,
      "AFTER_LON": 117.77538,
      "SOG": 0,
      "MOVINGTIME": 1800.0,
      "ARRIVALTIME": "20251204102600"
    },
    {
      "SEQ": 166,
      "BEFORE_NODE": 166.0,
      "AFTER_NODE": 167.0,
      "BEFORE_LAT": 39.00074,
      "BEFORE_LON": 117.77538,
      "AFTER_LAT": 39.00074,
      "AFTER_LON": 117.77536,
      "SOG": 0,
      "MOVINGTIME": 1260.0,
      "ARRIVALTIME": "20251204104700"
    },
    {
      "SEQ": 167,
      "BEFORE_NODE": 167.0,
      "AFTER_NODE": 168.0,
      "BEFORE_LAT": 39.00074,
      "BEFORE_LON": 117.77536,
      "AFTER_LAT": 39.000748,
      "AFTER_LON": 117.77533,
      "SOG": 0,
      "MOVINGTIME": 2340.0,
      "ARRIVALTIME": "20251204112600"
    },
    {
      "SEQ": 168,
      "BEFORE_NODE": 168.0,
      "AFTER_NODE": 169.0,
      "BEFORE_LAT": 39.000748,
      "BEFORE_LON": 117.77533,
      "AFTER_LAT": 39.000748,
      "AFTER_LON": 117.77534,
      "SOG": 0,
      "MOVINGTIME": 1800.0,
      "ARRIVALTIME": "20251204115600"
    },
    {
      "SEQ": 169,
      "BEFORE_NODE": 169.0,
      "AFTER_NODE": 170.0,
      "BEFORE_LAT": 39.000748,
      "BEFORE_LON": 117.77534,
      "AFTER_LAT": 39.000751,
      "AFTER_LON": 117.77532,
      "SOG": 0,
      "MOVINGTIME": 1740.0,
      "ARRIVALTIME": "20251204122500"
    },
    {
      "SEQ": 170,
      "BEFORE_NODE": 170.0,
      "AFTER_NODE": 171.0,
      "BEFORE_LAT": 39.000751,
      "BEFORE_LON": 117.77532,
      "AFTER_LAT": 39.000748,
      "AFTER_LON": 117.77533,
      "SOG": 0,
      "MOVINGTIME": 1920.0,
      "ARRIVALTIME": "20251204125700"
    },
    {
      "SEQ": 171,
      "BEFORE_NODE": 171.0,
      "AFTER_NODE": 172.0,
      "BEFORE_LAT": 39.000748,
      "BEFORE_LON": 117.77533,
      "AFTER_LAT": 39.002838,
      "AFTER_LON": 117.77699,
      "SOG": 1.7,
      "MOVINGTIME": 1980.0,
      "ARRIVALTIME": "20251204133000"
    },
    {
      "SEQ": 172,
      "BEFORE_NODE": 172.0,
      "AFTER_NODE": 173.0,
      "BEFORE_LAT": 39.002838,
      "BEFORE_LON": 117.77699,
      "AFTER_LAT": 38.962566,
      "AFTER_LON": 117.83584,
      "SOG": 11.3,
      "MOVINGTIME": 1740.0,
      "ARRIVALTIME": "20251204135900"
    },
    {
      "SEQ": 173,
      "BEFORE_NODE": 173.0,
      "AFTER_NODE": 174.0,
      "BEFORE_LAT": 38.962566,
      "BEFORE_LON": 117.83584,
      "AFTER_LAT": 38.946667,
      "AFTER_LON": 117.94116,
      "SOG": 11,
      "MOVINGTIME": 1500.0,
      "ARRIVALTIME": "20251204142400"
    },
    {
      "SEQ": 174,
      "BEFORE_NODE": 174.0,
      "AFTER_NODE": 175.0,
      "BEFORE_LAT": 38.946667,
      "BEFORE_LON": 117.94116,
      "AFTER_LAT": 38.927906,
      "AFTER_LON": 118.05257,
      "SOG": 5.1,
      "MOVINGTIME": 1860.0,
      "ARRIVALTIME": "20251204145500"
    },
    {
      "SEQ": 175,
      "BEFORE_NODE": 175.0,
      "AFTER_NODE": 176.0,
      "BEFORE_LAT": 38.927906,
      "BEFORE_LON": 118.05257,
      "AFTER_LAT": 38.912968,
      "AFTER_LON": 118.10011,
      "SOG": 7.3,
      "MOVINGTIME": 1620.0,
      "ARRIVALTIME": "20251204152200"
    },
    {
      "SEQ": 176,
      "BEFORE_NODE": 176.0,
      "AFTER_NODE": 177.0,
      "BEFORE_LAT": 38.912968,
      "BEFORE_LON": 118.10011,
      "AFTER_LAT": 38.856827,
      "AFTER_LON": 118.20688,
      "SOG": 12.3,
      "MOVINGTIME": 1740.0,
      "ARRIVALTIME": "20251204155100"
    },
    {
      "SEQ": 177,
      "BEFORE_NODE": 177.0,
      "AFTER_NODE": 178.0,
      "BEFORE_LAT": 38.856827,
      "BEFORE_LON": 118.20688,
      "AFTER_LAT": 38.829975,
      "AFTER_LON": 118.33372,
      "SOG": 12.1,
      "MOVINGTIME": 1800.0,
      "ARRIVALTIME": "20251204162100"
    },
    {
      "SEQ": 178,
      "BEFORE_NODE": 178.0,
      "AFTER_NODE": 179.0,
      "BEFORE_LAT": 38.829975,
      "BEFORE_LON": 118.33372,
      "AFTER_LAT": 38.815067,
      "AFTER_LON": 118.45948,
      "SOG": 12.5,
      "MOVINGTIME": 1920.0,
      "ARRIVALTIME": "20251204165300"
    },
    {
      "SEQ": 179,
      "BEFORE_NODE": 179.0,
      "AFTER_NODE": 180.0,
      "BEFORE_LAT": 38.815067,
      "BEFORE_LON": 118.45948,
      "AFTER_LAT": 38.799679,
      "AFTER_LON": 118.61441,
      "SOG": 13,
      "MOVINGTIME": 1920.0,
      "ARRIVALTIME": "20251204172500"
    },
    {
      "SEQ": 180,
      "BEFORE_NODE": 180.0,
      "AFTER_NODE": 181.0,
      "BEFORE_LAT": 38.799679,
      "BEFORE_LON": 118.61441,
      "AFTER_LAT": 38.795895,
      "AFTER_LON": 118.7316,
      "SOG": 13.1,
      "MOVINGTIME": 1680.0,
      "ARRIVALTIME": "20251204175300"
    },
    {
      "SEQ": 181,
      "BEFORE_NODE": 181.0,
      "AFTER_NODE": 182.0,
      "BEFORE_LAT": 38.795895,
      "BEFORE_LON": 118.7316,
      "AFTER_LAT": 38.787186,
      "AFTER_LON": 118.87992,
      "SOG": 13.6,
      "MOVINGTIME": 1920.0,
      "ARRIVALTIME": "20251204182500"
    },
    {
      "SEQ": 182,
      "BEFORE_NODE": 182.0,
      "AFTER_NODE": 183.0,
      "BEFORE_LAT": 38.787186,
      "BEFORE_LON": 118.87992,
      "AFTER_LAT": 38.764938,
      "AFTER_LON": 119.02944,
      "SOG": 13.6,
      "MOVINGTIME": 1740.0,
      "ARRIVALTIME": "20251204185400"
    },
    {
      "SEQ": 183,
      "BEFORE_NODE": 183.0,
      "AFTER_NODE": 184.0,
      "BEFORE_LAT": 38.764938,
      "BEFORE_LON": 119.02944,
      "AFTER_LAT": 38.754635,
      "AFTER_LON": 119.15284,
      "SOG": 14.1,
      "MOVINGTIME": 1560.0,
      "ARRIVALTIME": "20251204192000"
    },
    {
      "SEQ": 184,
      "BEFORE_NODE": 184.0,
      "AFTER_NODE": 185.0,
      "BEFORE_LAT": 38.754635,
      "BEFORE_LON": 119.15284,
      "AFTER_LAT": 38.738747,
      "AFTER_LON": 119.32876,
      "SOG": 14.3,
      "MOVINGTIME": 2220.0,
      "ARRIVALTIME": "20251204195700"
    },
    {
      "SEQ": 185,
      "BEFORE_NODE": 185.0,
      "AFTER_NODE": 186.0,
      "BEFORE_LAT": 38.738747,
      "BEFORE_LON": 119.32876,
      "AFTER_LAT": 38.729546,
      "AFTER_LON": 119.45643,
      "SOG": 14.3,
      "MOVINGTIME": 1620.0,
      "ARRIVALTIME": "20251204202400"
    },
    {
      "SEQ": 186,
      "BEFORE_NODE": 186.0,
      "AFTER_NODE": 187.0,
      "BEFORE_LAT": 38.729546,
      "BEFORE_LON": 119.45643,
      "AFTER_LAT": 38.731712,
      "AFTER_LON": 119.58616,
      "SOG": 14.6,
      "MOVINGTIME": 1740.0,
      "ARRIVALTIME": "20251204205300"
    },
    {
      "SEQ": 187,
      "BEFORE_NODE": 187.0,
      "AFTER_NODE": 188.0,
      "BEFORE_LAT": 38.731712,
      "BEFORE_LON": 119.58616,
      "AFTER_LAT": 38.595947,
      "AFTER_LON": 120.71037,
      "SOG": 15.1,
      "MOVINGTIME": 12600.0,
      "ARRIVALTIME": "20251205002300"
    },
    {
      "SEQ": 188,
      "BEFORE_NODE": 188.0,
      "AFTER_NODE": 189.0,
      "BEFORE_LAT": 38.595947,
      "BEFORE_LON": 120.71037,
      "AFTER_LAT": 38.553452,
      "AFTER_LON": 120.87316,
      "SOG": 15.1,
      "MOVINGTIME": 1740.0,
      "ARRIVALTIME": "20251205005200"
    },
    {
      "SEQ": 189,
      "BEFORE_NODE": 189.0,
      "AFTER_NODE": 190.0,
      "BEFORE_LAT": 38.553452,
      "BEFORE_LON": 120.87316,
      "AFTER_LAT": 38.492214,
      "AFTER_LON": 121.01132,
      "SOG": 14.8,
      "MOVINGTIME": 1860.0,
      "ARRIVALTIME": "20251205012300"
    },
    {
      "SEQ": 190,
      "BEFORE_NODE": 190.0,
      "AFTER_NODE": 191.0,
      "BEFORE_LAT": 38.492214,
      "BEFORE_LON": 121.01132,
      "AFTER_LAT": 38.437138,
      "AFTER_LON": 121.12616,
      "SOG": 14.8,
      "MOVINGTIME": 1860.0,
      "ARRIVALTIME": "20251205015400"
    },
    {
      "SEQ": 191,
      "BEFORE_NODE": 191.0,
      "AFTER_NODE": 192.0,
      "BEFORE_LAT": 38.437138,
      "BEFORE_LON": 121.12616,
      "AFTER_LAT": 38.195988,
      "AFTER_LON": 122.18069,
      "SOG": 15.5,
      "MOVINGTIME": 12420.0,
      "ARRIVALTIME": "20251205052100"
    },
    {
      "SEQ": 192,
      "BEFORE_NODE": 192.0,
      "AFTER_NODE": 193.0,
      "BEFORE_LAT": 38.195988,
      "BEFORE_LON": 122.18069,
      "AFTER_LAT": 38.026436,
      "AFTER_LON": 122.60735,
      "SOG": 14.5,
      "MOVINGTIME": 5460.0,
      "ARRIVALTIME": "20251205065200"
    },
    {
      "SEQ": 193,
      "BEFORE_NODE": 193.0,
      "AFTER_NODE": 194.0,
      "BEFORE_LAT": 38.026436,
      "BEFORE_LON": 122.60735,
      "AFTER_LAT": 37.980644,
      "AFTER_LON": 122.68904,
      "SOG": 14.5,
      "MOVINGTIME": 1680.0,
      "ARRIVALTIME": "20251205072000"
    },
    {
      "SEQ": 194,
      "BEFORE_NODE": 194.0,
      "AFTER_NODE": 195.0,
      "BEFORE_LAT": 37.980644,
      "BEFORE_LON": 122.68904,
      "AFTER_LAT": 37.512714,
      "AFTER_LON": 123.42929,
      "SOG": 11.6,
      "MOVINGTIME": 12480.0,
      "ARRIVALTIME": "20251205104800"
    },
    {
      "SEQ": 195,
      "BEFORE_NODE": 195.0,
      "AFTER_NODE": 196.0,
      "BEFORE_LAT": 37.512714,
      "BEFORE_LON": 123.42929,
      "AFTER_LAT": 36.752892,
      "AFTER_LON": 124.02885,
      "SOG": 14,
      "MOVINGTIME": 16260.0,
      "ARRIVALTIME": "20251205151900"
    },
    {
      "SEQ": 196,
      "BEFORE_NODE": 196.0,
      "AFTER_NODE": 197.0,
      "BEFORE_LAT": 36.752892,
      "BEFORE_LON": 124.02885,
      "AFTER_LAT": 36.176586,
      "AFTER_LON": 124.49472,
      "SOG": 11.8,
      "MOVINGTIME": 10680.0,
      "ARRIVALTIME": "20251205181700"
    },
    {
      "SEQ": 197,
      "BEFORE_NODE": 197.0,
      "AFTER_NODE": 198.0,
      "BEFORE_LAT": 36.176586,
      "BEFORE_LON": 124.49472,
      "AFTER_LAT": 35.636936,
      "AFTER_LON": 124.84212,
      "SOG": 12.1,
      "MOVINGTIME": 10800.0,
      "ARRIVALTIME": "20251205211700"
    },
    {
      "SEQ": 198,
      "BEFORE_NODE": 198.0,
      "AFTER_NODE": 199.0,
      "BEFORE_LAT": 35.636936,
      "BEFORE_LON": 124.84212,
      "AFTER_LAT": 34.598419,
      "AFTER_LON": 125.56308,
      "SOG": 9.5,
      "MOVINGTIME": 25440.0,
      "ARRIVALTIME": "20251206042100"
    },
    {
      "SEQ": 199,
      "BEFORE_NODE": 199.0,
      "AFTER_NODE": 200.0,
      "BEFORE_LAT": 34.598419,
      "BEFORE_LON": 125.56308,
      "AFTER_LAT": 34.538399,
      "AFTER_LON": 125.56734,
      "SOG": 9.6,
      "MOVINGTIME": 1800.0,
      "ARRIVALTIME": "20251206045100"
    },
    {
      "SEQ": 200,
      "BEFORE_NODE": 200.0,
      "AFTER_NODE": 201.0,
      "BEFORE_LAT": 34.538399,
      "BEFORE_LON": 125.56734,
      "AFTER_LAT": 34.48262,
      "AFTER_LON": 125.5712,
      "SOG": 10.5,
      "MOVINGTIME": 1680.0,
      "ARRIVALTIME": "20251206051900"
    }
  ]
}