{
  "mmsi": "636024481",
  "PredResult": [
    {
      "SEQ": 0,
      "BEFORE_NODE": 0.0,
      "AFTER_NODE": 1.0,
      "BEFORE_LAT": 42.448689,
      "BEFORE_LON": -135.62933,
      "AFTER_LAT": 40.176498,
      "AFTER_LON": -132.039,
      "SOG": 10.8,
      "MOVINGTIME": 69631.0,
      "ARRIVALTIME": "20251203094800"
    },
    {
      "SEQ": 1,
      "BEFORE_NODE": 1.0,
      "AFTER_NODE": 2.0,
      "BEFORE_LAT": 40.176498,
      "BEFORE_LON": -132.039,
      "AFTER_LAT": 39.865128,
      "AFTER_LON": -131.57962,
      "SOG": 11,
      "MOVINGTIME": 9120.0,
      "ARRIVALTIME": "20251203122000"
    },
    {
      "SEQ": 2,
      "BEFORE_NODE": 2.0,
      "AFTER_NODE": 3.0,
      "BEFORE_LAT": 39.865128,
      "BEFORE_LON": -131.57962,
      "AFTER_LAT": 39.822613,
      "AFTER_LON": -131.51601,
      "SOG": 11.1,
      "MOVINGTIME": 1680.0,
      "ARRIVALTIME": "20251203124800"
    },
    {
      "SEQ": 3,
      "BEFORE_NODE": 3.0,
      "AFTER_NODE": 4.0,
      "BEFORE_LAT": 39.822613,
      "BEFORE_LON": -131.51601,
      "AFTER_LAT": 38.830219,
      "AFTER_LON": -130.08699,
      "SOG": 10.3,
      "MOVINGTIME": 28860.0,
      "ARRIVALTIME": "20251203204900"
    },
    {
      "SEQ": 4,
      "BEFORE_NODE": 4.0,
      "AFTER_NODE": 5.0,
      "BEFORE_LAT": 38.830219,
      "BEFORE_LON": -130.08699,
      "AFTER_LAT": 38.781078,
      "AFTER_LON": -130.01904,
      "SOG": 10.3,
      "MOVINGTIME": 1740.0,
      "ARRIVALTIME": "20251203211800"
    },
    {
      "SEQ": 5,
      "BEFORE_NODE": 5.0,
      "AFTER_NODE": 6.0,
      "BEFORE_LAT": 38.781078,
      "BEFORE_LON": -130.01904,
      "AFTER_LAT": 38.597258333333336,
      "AFTER_LON": -129.76288166666666,
      "SOG": 10.6,
      "MOVINGTIME": 5097.0,
      "ARRIVALTIME": "20251203224257"
    },
    {
      "SEQ": 6,
      "BEFORE_NODE": 6.0,
      "AFTER_NODE": 7.0,
      "BEFORE_LAT": 38.597258333333336,
      "BEFORE_LON": -129.76288166666666,
      "AFTER_LAT": 38.575475,
      "AFTER_LON": -129.73196833333333,
      "SOG": 10.5,
      "MOVINGTIME": 660.0,
      "ARRIVALTIME": "20251203225357"
    },
    {
      "SEQ": 7,
      "BEFORE_NODE": 7.0,
      "AFTER_NODE": 8.0,
      "BEFORE_LAT": 38.575475,
      "BEFORE_LON": -129.73196833333333,
      "AFTER_LAT": 38.533672,
      "AFTER_LON": -129.67374,
      "SOG": 10.3,
      "MOVINGTIME": 1563.0,
      "ARRIVALTIME": "20251203232000"
    },
    {
      "SEQ": 8,
      "BEFORE_NODE": 8.0,
      "AFTER_NODE": 9.0,
      "BEFORE_LAT": 38.533672,
      "BEFORE_LON": -129.67374,
      "AFTER_LAT": 38.466892,
      "AFTER_LON": -129.58063,
      "SOG": 10.3,
      "MOVINGTIME": 1740.0,
      "ARRIVALTIME": "20251203234900"
    },
    {
      "SEQ": 9,
      "BEFORE_NODE": 9.0,
      "AFTER_NODE": 10.0,
      "BEFORE_LAT": 38.466892,
      "BEFORE_LON": -129.58063,
      "AFTER_LAT": 38.38406166666667,
      "AFTER_LON": -129.46828833333333,
      "SOG": 9.7,
      "MOVINGTIME": 2606.0,
      "ARRIVALTIME": "20251204003226"
    },
    {
      "SEQ": 10,
      "BEFORE_NODE": 10.0,
      "AFTER_NODE": 11.0,
      "BEFORE_LAT": 38.38406166666667,
      "BEFORE_LON": -129.46828833333333,
      "AFTER_LAT": 38.349506,
      "AFTER_LON": -129.42329,
      "SOG": 9.6,
      "MOVINGTIME": 1174.0,
      "ARRIVALTIME": "20251204005200"
    },
    {
      "SEQ": 11,
      "BEFORE_NODE": 11.0,
      "AFTER_NODE": 12.0,
      "BEFORE_LAT": 38.349506,
      "BEFORE_LON": -129.42329,
      "AFTER_LAT": 38.21715,
      "AFTER_LON": -129.25638,
      "SOG": 9.5,
      "MOVINGTIME": 4098.0,
      "ARRIVALTIME": "20251204020018"
    },
    {
      "SEQ": 12,
      "BEFORE_NODE": 12.0,
      "AFTER_NODE": 13.0,
      "BEFORE_LAT": 38.21715,
      "BEFORE_LON": -129.25638,
      "AFTER_LAT": 38.179657,
      "AFTER_LON": -129.20715,
      "SOG": 9.8,
      "MOVINGTIME": 1782.0,
      "ARRIVALTIME": "20251204023000"
    },
    {
      "SEQ": 13,
      "BEFORE_NODE": 13.0,
      "AFTER_NODE": 14.0,
      "BEFORE_LAT": 38.179657,
      "BEFORE_LON": -129.20715,
      "AFTER_LAT": 38.09367833333334,
      "AFTER_LON": -129.08363666666668,
      "SOG": 10.2,
      "MOVINGTIME": 2197.0,
      "ARRIVALTIME": "20251204030637"
    },
    {
      "SEQ": 14,
      "BEFORE_NODE": 14.0,
      "AFTER_NODE": 15.0,
      "BEFORE_LAT": 38.09367833333334,
      "BEFORE_LON": -129.08363666666668,
      "AFTER_LAT": 38.025083333333335,
      "AFTER_LON": -128.98697333333334,
      "SOG": 9.9,
      "MOVINGTIME": 2181.0,
      "ARRIVALTIME": "20251204034258"
    },
    {
      "SEQ": 15,
      "BEFORE_NODE": 15.0,
      "AFTER_NODE": 16.0,
      "BEFORE_LAT": 38.025083333333335,
      "BEFORE_LON": -128.98697333333334,
      "AFTER_LAT": 37.976908333333334,
      "AFTER_LON": -128.92296666666667,
      "SOG": 10.1,
      "MOVINGTIME": 1499.0,
      "ARRIVALTIME": "20251204040757"
    },
    {
      "SEQ": 16,
      "BEFORE_NODE": 16.0,
      "AFTER_NODE": 17.0,
      "BEFORE_LAT": 37.976908333333334,
      "BEFORE_LON": -128.92296666666667,
      "AFTER_LAT": 37.921641666666666,
      "AFTER_LON": -128.84887833333335,
      "SOG": 10.1,
      "MOVINGTIME": 1721.0,
      "ARRIVALTIME": "20251204043638"
    },
    {
      "SEQ": 17,
      "BEFORE_NODE": 17.0,
      "AFTER_NODE": 18.0,
      "BEFORE_LAT": 37.921641666666666,
      "BEFORE_LON": -128.84887833333335,
      "AFTER_LAT": 37.86266833333333,
      "AFTER_LON": -128.76239333333334,
      "SOG": 10.7,
      "MOVINGTIME": 1870.0,
      "ARRIVALTIME": "20251204050748"
    },
    {
      "SEQ": 18,
      "BEFORE_NODE": 18.0,
      "AFTER_NODE": 19.0,
      "BEFORE_LAT": 37.86266833333333,
      "BEFORE_LON": -128.76239333333334,
      "AFTER_LAT": 37.820303333333335,
      "AFTER_LON": -128.700335,
      "SOG": 11,
      "MOVINGTIME": 1269.0,
      "ARRIVALTIME": "20251204052857"
    },
    {
      "SEQ": 19,
      "BEFORE_NODE": 19.0,
      "AFTER_NODE": 20.0,
      "BEFORE_LAT": 37.820303333333335,
      "BEFORE_LON": -128.700335,
      "AFTER_LAT": 37.74042,
      "AFTER_LON": -128.59350333333333,
      "SOG": 10.8,
      "MOVINGTIME": 2340.0,
      "ARRIVALTIME": "20251204060757"
    },
    {
      "SEQ": 20,
      "BEFORE_NODE": 20.0,
      "AFTER_NODE": 21.0,
      "BEFORE_LAT": 37.74042,
      "BEFORE_LON": -128.59350333333333,
      "AFTER_LAT": 37.681745,
      "AFTER_LON": -128.514895,
      "SOG": 10.6,
      "MOVINGTIME": 1721.0,
      "ARRIVALTIME": "20251204063638"
    },
    {
      "SEQ": 21,
      "BEFORE_NODE": 21.0,
      "AFTER_NODE": 22.0,
      "BEFORE_LAT": 37.681745,
      "BEFORE_LON": -128.514895,
      "AFTER_LAT": 37.61389,
      "AFTER_LON": -128.42451333333332,
      "SOG": 10.2,
      "MOVINGTIME": 2048.0,
      "ARRIVALTIME": "20251204071046"
    },
    {
      "SEQ": 22,
      "BEFORE_NODE": 22.0,
      "AFTER_NODE": 23.0,
      "BEFORE_LAT": 37.61389,
      "BEFORE_LON": -128.42451333333332,
      "AFTER_LAT": 37.562036666666664,
      "AFTER_LON": -128.357195,
      "SOG": 9.8,
      "MOVINGTIME": 1611.0,
      "ARRIVALTIME": "20251204073737"
    },
    {
      "SEQ": 23,
      "BEFORE_NODE": 23.0,
      "AFTER_NODE": 24.0,
      "BEFORE_LAT": 37.562036666666664,
      "BEFORE_LON": -128.357195,
      "AFTER_LAT": 37.527235,
      "AFTER_LON": -128.31295333333333,
      "SOG": 9.8,
      "MOVINGTIME": 1090.0,
      "ARRIVALTIME": "20251204075547"
    },
    {
      "SEQ": 24,
      "BEFORE_NODE": 24.0,
      "AFTER_NODE": 25.0,
      "BEFORE_LAT": 37.527235,
      "BEFORE_LON": -128.31295333333333,
      "AFTER_LAT": 37.437295,
      "AFTER_LON": -128.19823,
      "SOG": 9.6,
      "MOVINGTIME": 2830.0,
      "ARRIVALTIME": "20251204084257"
    },
    {
      "SEQ": 25,
      "BEFORE_NODE": 25.0,
      "AFTER_NODE": 26.0,
      "BEFORE_LAT": 37.437295,
      "BEFORE_LON": -128.19823,
      "AFTER_LAT": 37.38221166666667,
      "AFTER_LON": -128.12445,
      "SOG": 9.5,
      "MOVINGTIME": 1801.0,
      "ARRIVALTIME": "20251204091258"
    },
    {
      "SEQ": 26,
      "BEFORE_NODE": 26.0,
      "AFTER_NODE": 27.0,
      "BEFORE_LAT": 37.38221166666667,
      "BEFORE_LON": -128.12445,
      "AFTER_LAT": 37.328165,
      "AFTER_LON": -128.05137833333333,
      "SOG": 9.5,
      "MOVINGTIME": 1788.0,
      "ARRIVALTIME": "20251204094246"
    },
    {
      "SEQ": 27,
      "BEFORE_NODE": 27.0,
      "AFTER_NODE": 28.0,
      "BEFORE_LAT": 37.328165,
      "BEFORE_LON": -128.05137833333333,
      "AFTER_LAT": 37.281705,
      "AFTER_LON": -127.988915,
      "SOG": 9.6,
      "MOVINGTIME": 1512.0,
      "ARRIVALTIME": "20251204100758"
    },
    {
      "SEQ": 28,
      "BEFORE_NODE": 28.0,
      "AFTER_NODE": 29.0,
      "BEFORE_LAT": 37.281705,
      "BEFORE_LON": -127.988915,
      "AFTER_LAT": 37.22251166666667,
      "AFTER_LON": -127.91015166666666,
      "SOG": 9.8,
      "MOVINGTIME": 1919.0,
      "ARRIVALTIME": "20251204103957"
    },
    {
      "SEQ": 29,
      "BEFORE_NODE": 29.0,
      "AFTER_NODE": 30.0,
      "BEFORE_LAT": 37.22251166666667,
      "BEFORE_LON": -127.91015166666666,
      "AFTER_LAT": 37.16153333333333,
      "AFTER_LON": -127.831415,
      "SOG": 9.4,
      "MOVINGTIME": 1960.0,
      "ARRIVALTIME": "20251204111237"
    },
    {
      "SEQ": 30,
      "BEFORE_NODE": 30.0,
      "AFTER_NODE": 31.0,
      "BEFORE_LAT": 37.16153333333333,
      "BEFORE_LON": -127.831415,
      "AFTER_LAT": 37.16795,
      "AFTER_LON": -127.83972,
      "SOG": 9.3,
      "MOVINGTIME": 323.0,
      "ARRIVALTIME": "20251204111800"
    },
    {
      "SEQ": 31,
      "BEFORE_NODE": 31.0,
      "AFTER_NODE": 32.0,
      "BEFORE_LAT": 37.16795,
      "BEFORE_LON": -127.83972,
      "AFTER_LAT": 37.104755,
      "AFTER_LON": -127.7599,
      "SOG": 9.3,
      "MOVINGTIME": 1860.0,
      "ARRIVALTIME": "20251204114900"
    },
    {
      "SEQ": 32,
      "BEFORE_NODE": 32.0,
      "AFTER_NODE": 33.0,
      "BEFORE_LAT": 37.104755,
      "BEFORE_LON": -127.7599,
      "AFTER_LAT": 36.997425,
      "AFTER_LON": -127.62348833333333,
      "SOG": 9.5,
      "MOVINGTIME": 3117.0,
      "ARRIVALTIME": "20251204124057"
    },
    {
      "SEQ": 33,
      "BEFORE_NODE": 33.0,
      "AFTER_NODE": 34.0,
      "BEFORE_LAT": 36.997425,
      "BEFORE_LON": -127.62348833333333,
      "AFTER_LAT": 36.939236,
      "AFTER_LON": -127.55028,
      "SOG": 9.6,
      "MOVINGTIME": 2343.0,
      "ARRIVALTIME": "20251204132000"
    },
    {
      "SEQ": 34,
      "BEFORE_NODE": 34.0,
      "AFTER_NODE": 35.0,
      "BEFORE_LAT": 36.939236,
      "BEFORE_LON": -127.55028,
      "AFTER_LAT": 36.893955,
      "AFTER_LON": -127.49369,
      "SOG": 9.6,
      "MOVINGTIME": 1800.0,
      "ARRIVALTIME": "20251204135000"
    },
    {
      "SEQ": 35,
      "BEFORE_NODE": 35.0,
      "AFTER_NODE": 36.0,
      "BEFORE_LAT": 36.893955,
      "BEFORE_LON": -127.49369,
      "AFTER_LAT": 36.774863333333336,
      "AFTER_LON": -127.33017666666667,
      "SOG": 9.4,
      "MOVINGTIME": 3146.0,
      "ARRIVALTIME": "20251204144226"
    },
    {
      "SEQ": 36,
      "BEFORE_NODE": 36.0,
      "AFTER_NODE": 37.0,
      "BEFORE_LAT": 36.774863333333336,
      "BEFORE_LON": -127.33017666666667,
      "AFTER_LAT": 36.749595,
      "AFTER_LON": -127.29739333333333,
      "SOG": 9.5,
      "MOVINGTIME": 821.0,
      "ARRIVALTIME": "20251204145607"
    },
    {
      "SEQ": 37,
      "BEFORE_NODE": 37.0,
      "AFTER_NODE": 38.0,
      "BEFORE_LAT": 36.749595,
      "BEFORE_LON": -127.29739333333333,
      "AFTER_LAT": 36.665025,
      "AFTER_LON": -127.18910666666666,
      "SOG": 9.8,
      "MOVINGTIME": 2719.0,
      "ARRIVALTIME": "20251204154126"
    },
    {
      "SEQ": 38,
      "BEFORE_NODE": 38.0,
      "AFTER_NODE": 39.0,
      "BEFORE_LAT": 36.665025,
      "BEFORE_LON": -127.18910666666666,
      "AFTER_LAT": 36.638095,
      "AFTER_LON": -127.15354333333333,
      "SOG": 9.8,
      "MOVINGTIME": 862.0,
      "ARRIVALTIME": "20251204155548"
    },
    {
      "SEQ": 39,
      "BEFORE_NODE": 39.0,
      "AFTER_NODE": 40.0,
      "BEFORE_LAT": 36.638095,
      "BEFORE_LON": -127.15354333333333,
      "AFTER_LAT": 36.51758,
      "AFTER_LON": -126.99740166666666,
      "SOG": 9.9,
      "MOVINGTIME": 3778.0,
      "ARRIVALTIME": "20251204165846"
    },
    {
      "SEQ": 40,
      "BEFORE_NODE": 40.0,
      "AFTER_NODE": 41.0,
      "BEFORE_LAT": 36.51758,
      "BEFORE_LON": -126.99740166666666,
      "AFTER_LAT": 36.42359666666667,
      "AFTER_LON": -126.80266166666667,
      "SOG": 9.7,
      "MOVINGTIME": 4061.0,
      "ARRIVALTIME": "20251204180627"
    },
    {
      "SEQ": 41,
      "BEFORE_NODE": 41.0,
      "AFTER_NODE": 42.0,
      "BEFORE_LAT": 36.42359666666667,
      "BEFORE_LON": -126.80266166666667,
      "AFTER_LAT": 36.398938333333334,
      "AFTER_LON": -126.73641666666667,
      "SOG": 9.6,
      "MOVINGTIME": 1310.0,
      "ARRIVALTIME": "20251204182817"
    },
    {
      "SEQ": 42,
      "BEFORE_NODE": 42.0,
      "AFTER_NODE": 43.0,
      "BEFORE_LAT": 36.398938333333334,
      "BEFORE_LON": -126.73641666666667,
      "AFTER_LAT": 36.372536,
      "AFTER_LON": -126.66493,
      "SOG": 9.5,
      "MOVINGTIME": 1423.0,
      "ARRIVALTIME": "20251204185200"
    },
    {
      "SEQ": 43,
      "BEFORE_NODE": 43.0,
      "AFTER_NODE": 44.0,
      "BEFORE_LAT": 36.372536,
      "BEFORE_LON": -126.66493,
      "AFTER_LAT": 36.32008,
      "AFTER_LON": -126.51558333333334,
      "SOG": 9,
      "MOVINGTIME": 3047.0,
      "ARRIVALTIME": "20251204194247"
    },
    {
      "SEQ": 44,
      "BEFORE_NODE": 44.0,
      "AFTER_NODE": 45.0,
      "BEFORE_LAT": 36.32008,
      "BEFORE_LON": -126.51558333333334,
      "AFTER_LAT": 36.288785,
      "AFTER_LON": -126.43187833333333,
      "SOG": 9,
      "MOVINGTIME": 1759.0,
      "ARRIVALTIME": "20251204201206"
    },
    {
      "SEQ": 45,
      "BEFORE_NODE": 45.0,
      "AFTER_NODE": 46.0,
      "BEFORE_LAT": 36.288785,
      "BEFORE_LON": -126.43187833333333,
      "AFTER_LAT": 36.264041666666664,
      "AFTER_LON": -126.368095,
      "SOG": 9.2,
      "MOVINGTIME": 1351.0,
      "ARRIVALTIME": "20251204203437"
    },
    {
      "SEQ": 46,
      "BEFORE_NODE": 46.0,
      "AFTER_NODE": 47.0,
      "BEFORE_LAT": 36.264041666666664,
      "BEFORE_LON": -126.368095,
      "AFTER_LAT": 36.222278333333335,
      "AFTER_LON": -126.25891,
      "SOG": 9.4,
      "MOVINGTIME": 2249.0,
      "ARRIVALTIME": "20251204211206"
    },
    {
      "SEQ": 47,
      "BEFORE_NODE": 47.0,
      "AFTER_NODE": 48.0,
      "BEFORE_LAT": 36.222278333333335,
      "BEFORE_LON": -126.25891,
      "AFTER_LAT": 36.195058333333336,
      "AFTER_LON": -126.17845333333334,
      "SOG": 8.6,
      "MOVINGTIME": 1642.0,
      "ARRIVALTIME": "20251204213928"
    },
    {
      "SEQ": 48,
      "BEFORE_NODE": 48.0,
      "AFTER_NODE": 49.0,
      "BEFORE_LAT": 36.195058333333336,
      "BEFORE_LON": -126.17845333333334,
      "AFTER_LAT": 36.18226666666666,
      "AFTER_LON": -126.09801,
      "SOG": 9.7,
      "MOVINGTIME": 1679.0,
      "ARRIVALTIME": "20251204220727"
    },
    {
      "SEQ": 49,
      "BEFORE_NODE": 49.0,
      "AFTER_NODE": 50.0,
      "BEFORE_LAT": 36.18226666666666,
      "BEFORE_LON": -126.09801,
      "AFTER_LAT": 36.13874,
      "AFTER_LON": -125.99143333333333,
      "SOG": 9.9,
      "MOVINGTIME": 2120.0,
      "ARRIVALTIME": "20251204224247"
    },
    {
      "SEQ": 50,
      "BEFORE_NODE": 50.0,
      "AFTER_NODE": 51.0,
      "BEFORE_LAT": 36.13874,
      "BEFORE_LON": -125.99143333333333,
      "AFTER_LAT": 36.10268833333333,
      "AFTER_LON": -125.89986,
      "SOG": 9.8,
      "MOVINGTIME": 1800.0,
      "ARRIVALTIME": "20251204231247"
    },
    {
      "SEQ": 51,
      "BEFORE_NODE": 51.0,
      "AFTER_NODE": 52.0,
      "BEFORE_LAT": 36.10268833333333,
      "BEFORE_LON": -125.89986,
      "AFTER_LAT": 36.06690833333333,
      "AFTER_LON": -125.81127333333333,
      "SOG": 9.9,
      "MOVINGTIME": 1740.0,
      "ARRIVALTIME": "20251204234147"
    },
    {
      "SEQ": 52,
      "BEFORE_NODE": 52.0,
      "AFTER_NODE": 53.0,
      "BEFORE_LAT": 36.06690833333333,
      "BEFORE_LON": -125.81127333333333,
      "AFTER_LAT": 36.027651666666664,
      "AFTER_LON": -125.71548666666666,
      "SOG": 10.2,
      "MOVINGTIME": 1861.0,
      "ARRIVALTIME": "20251205001248"
    },
    {
      "SEQ": 53,
      "BEFORE_NODE": 53.0,
      "AFTER_NODE": 54.0,
      "BEFORE_LAT": 36.027651666666664,
      "BEFORE_LON": -125.71548666666666,
      "AFTER_LAT": 35.989243333333334,
      "AFTER_LON": -125.62126,
      "SOG": 10.3,
      "MOVINGTIME": 1799.0,
      "ARRIVALTIME": "20251205004247"
    },
    {
      "SEQ": 54,
      "BEFORE_NODE": 54.0,
      "AFTER_NODE": 55.0,
      "BEFORE_LAT": 35.989243333333334,
      "BEFORE_LON": -125.62126,
      "AFTER_LAT": 35.95599166666667,
      "AFTER_LON": -125.54171333333333,
      "SOG": 10.4,
      "MOVINGTIME": 1501.0,
      "ARRIVALTIME": "20251205010748"
    },
    {
      "SEQ": 55,
      "BEFORE_NODE": 55.0,
      "AFTER_NODE": 56.0,
      "BEFORE_LAT": 35.95599166666667,
      "BEFORE_LON": -125.54171333333333,
      "AFTER_LAT": 35.912555,
      "AFTER_LON": -125.42976833333333,
      "SOG": 10.2,
      "MOVINGTIME": 2099.0,
      "ARRIVALTIME": "20251205014247"
    },
    {
      "SEQ": 56,
      "BEFORE_NODE": 56.0,
      "AFTER_NODE": 57.0,
      "BEFORE_LAT": 35.912555,
      "BEFORE_LON": -125.42976833333333,
      "AFTER_LAT": 35.87674833333333,
      "AFTER_LON": -125.33574833333333,
      "SOG": 10.2,
      "MOVINGTIME": 1781.0,
      "ARRIVALTIME": "20251205021228"
    },
    {
      "SEQ": 57,
      "BEFORE_NODE": 57.0,
      "AFTER_NODE": 58.0,
      "BEFORE_LAT": 35.87674833333333,
      "BEFORE_LON": -125.33574833333333,
      "AFTER_LAT": 35.84146333333333,
      "AFTER_LON": -125.23753,
      "SOG": 10.4,
      "MOVINGTIME": 1819.0,
      "ARRIVALTIME": "20251205024247"
    },
    {
      "SEQ": 58,
      "BEFORE_NODE": 58.0,
      "AFTER_NODE": 59.0,
      "BEFORE_LAT": 35.84146333333333,
      "BEFORE_LON": -125.23753,
      "AFTER_LAT": 35.805435,
      "AFTER_LON": -125.141395,
      "SOG": 10.3,
      "MOVINGTIME": 1781.0,
      "ARRIVALTIME": "20251205031228"
    },
    {
      "SEQ": 59,
      "BEFORE_NODE": 59.0,
      "AFTER_NODE": 60.0,
      "BEFORE_LAT": 35.805435,
      "BEFORE_LON": -125.141395,
      "AFTER_LAT": 35.768501666666666,
      "AFTER_LON": -125.04477,
      "SOG": 10.3,
      "MOVINGTIME": 1819.0,
      "ARRIVALTIME": "20251205034247"
    },
    {
      "SEQ": 60,
      "BEFORE_NODE": 60.0,
      "AFTER_NODE": 61.0,
      "BEFORE_LAT": 35.768501666666666,
      "BEFORE_LON": -125.04477,
      "AFTER_LAT": 35.739063333333334,
      "AFTER_LON": -124.96483666666667,
      "SOG": 10.2,
      "MOVINGTIME": 1501.0,
      "ARRIVALTIME": "20251205040748"
    },
    {
      "SEQ": 61,
      "BEFORE_NODE": 61.0,
      "AFTER_NODE": 62.0,
      "BEFORE_LAT": 35.739063333333334,
      "BEFORE_LON": -124.96483666666667,
      "AFTER_LAT": 35.699815,
      "AFTER_LON": -124.854525,
      "SOG": 9.5,
      "MOVINGTIME": 2100.0,
      "ARRIVALTIME": "20251205044248"
    },
    {
      "SEQ": 62,
      "BEFORE_NODE": 62.0,
      "AFTER_NODE": 63.0,
      "BEFORE_LAT": 35.699815,
      "BEFORE_LON": -124.854525,
      "AFTER_LAT": 35.68128,
      "AFTER_LON": -124.77503833333333,
      "SOG": 10,
      "MOVINGTIME": 1499.0,
      "ARRIVALTIME": "20251205050747"
    },
    {
      "SEQ": 63,
      "BEFORE_NODE": 63.0,
      "AFTER_NODE": 64.0,
      "BEFORE_LAT": 35.68128,
      "BEFORE_LON": -124.77503833333333,
      "AFTER_LAT": 35.645415,
      "AFTER_LON": -124.66668833333334,
      "SOG": 10.1,
      "MOVINGTIME": 2040.0,
      "ARRIVALTIME": "20251205054147"
    },
    {
      "SEQ": 64,
      "BEFORE_NODE": 64.0,
      "AFTER_NODE": 65.0,
      "BEFORE_LAT": 35.645415,
      "BEFORE_LON": -124.66668833333334,
      "AFTER_LAT": 35.614865,
      "AFTER_LON": -124.58218333333333,
      "SOG": 10.4,
      "MOVINGTIME": 1559.0,
      "ARRIVALTIME": "20251205060746"
    },
    {
      "SEQ": 65,
      "BEFORE_NODE": 65.0,
      "AFTER_NODE": 66.0,
      "BEFORE_LAT": 35.614865,
      "BEFORE_LON": -124.58218333333333,
      "AFTER_LAT": 35.574146666666664,
      "AFTER_LON": -124.469305,
      "SOG": 10.3,
      "MOVINGTIME": 2101.0,
      "ARRIVALTIME": "20251205064247"
    },
    {
      "SEQ": 66,
      "BEFORE_NODE": 66.0,
      "AFTER_NODE": 67.0,
      "BEFORE_LAT": 35.574146666666664,
      "BEFORE_LON": -124.469305,
      "AFTER_LAT": 35.53912,
      "AFTER_LON": -124.37257,
      "SOG": 10.2,
      "MOVINGTIME": 1800.0,
      "ARRIVALTIME": "20251205071247"
    },
    {
      "SEQ": 67,
      "BEFORE_NODE": 67.0,
      "AFTER_NODE": 68.0,
      "BEFORE_LAT": 35.53912,
      "BEFORE_LON": -124.37257,
      "AFTER_LAT": 35.50831,
      "AFTER_LON": -124.29320833333334,
      "SOG": 10.2,
      "MOVINGTIME": 1500.0,
      "ARRIVALTIME": "20251205073747"
    },
    {
      "SEQ": 68,
      "BEFORE_NODE": 68.0,
      "AFTER_NODE": 69.0,
      "BEFORE_LAT": 35.50831,
      "BEFORE_LON": -124.29320833333334,
      "AFTER_LAT": 35.46812166666667,
      "AFTER_LON": -124.18459166666666,
      "SOG": 9.8,
      "MOVINGTIME": 2101.0,
      "ARRIVALTIME": "20251205081248"
    },
    {
      "SEQ": 69,
      "BEFORE_NODE": 69.0,
      "AFTER_NODE": 70.0,
      "BEFORE_LAT": 35.46812166666667,
      "BEFORE_LON": -124.18459166666666,
      "AFTER_LAT": 35.43434666666667,
      "AFTER_LON": -124.09401666666666,
      "SOG": 9.4,
      "MOVINGTIME": 1800.0,
      "ARRIVALTIME": "20251205084248"
    },
    {
      "SEQ": 70,
      "BEFORE_NODE": 70.0,
      "AFTER_NODE": 71.0,
      "BEFORE_LAT": 35.43434666666667,
      "BEFORE_LON": -124.09401666666666,
      "AFTER_LAT": 35.407593,
      "AFTER_LON": -124.01748,
      "SOG": 9.6,
      "MOVINGTIME": 1572.0,
      "ARRIVALTIME": "20251205090900"
    },
    {
      "SEQ": 71,
      "BEFORE_NODE": 71.0,
      "AFTER_NODE": 72.0,
      "BEFORE_LAT": 35.407593,
      "BEFORE_LON": -124.01748,
      "AFTER_LAT": 35.36810166666667,
      "AFTER_LON": -123.91251166666666,
      "SOG": 10.1,
      "MOVINGTIME": 2027.0,
      "ARRIVALTIME": "20251205094247"
    },
    {
      "SEQ": 72,
      "BEFORE_NODE": 72.0,
      "AFTER_NODE": 73.0,
      "BEFORE_LAT": 35.36810166666667,
      "BEFORE_LON": -123.91251166666666,
      "AFTER_LAT": 35.332258333333336,
      "AFTER_LON": -123.81802833333333,
      "SOG": 10.4,
      "MOVINGTIME": 1779.0,
      "ARRIVALTIME": "20251205101226"
    },
    {
      "SEQ": 73,
      "BEFORE_NODE": 73.0,
      "AFTER_NODE": 74.0,
      "BEFORE_LAT": 35.332258333333336,
      "BEFORE_LON": -123.81802833333333,
      "AFTER_LAT": 35.299895,
      "AFTER_LON": -123.73175333333333,
      "SOG": 10,
      "MOVINGTIME": 1641.0,
      "ARRIVALTIME": "20251205103947"
    },
    {
      "SEQ": 74,
      "BEFORE_NODE": 74.0,
      "AFTER_NODE": 75.0,
      "BEFORE_LAT": 35.299895,
      "BEFORE_LON": -123.73175333333333,
      "AFTER_LAT": 35.262966666666664,
      "AFTER_LON": -123.62922833333333,
      "SOG": 9.9,
      "MOVINGTIME": 1980.0,
      "ARRIVALTIME": "20251205111247"
    },
    {
      "SEQ": 75,
      "BEFORE_NODE": 75.0,
      "AFTER_NODE": 76.0,
      "BEFORE_LAT": 35.262966666666664,
      "BEFORE_LON": -123.62922833333333,
      "AFTER_LAT": 35.22949166666667,
      "AFTER_LON": -123.53694,
      "SOG": 9.9,
      "MOVINGTIME": 1800.0,
      "ARRIVALTIME": "20251205114247"
    },
    {
      "SEQ": 76,
      "BEFORE_NODE": 76.0,
      "AFTER_NODE": 77.0,
      "BEFORE_LAT": 35.22949166666667,
      "BEFORE_LON": -123.53694,
      "AFTER_LAT": 35.196035,
      "AFTER_LON": -123.44333666666667,
      "SOG": 10,
      "MOVINGTIME": 1810.0,
      "ARRIVALTIME": "20251205121257"
    },
    {
      "SEQ": 77,
      "BEFORE_NODE": 77.0,
      "AFTER_NODE": 78.0,
      "BEFORE_LAT": 35.196035,
      "BEFORE_LON": -123.44333666666667,
      "AFTER_LAT": 35.16526833333333,
      "AFTER_LON": -123.36133,
      "SOG": 9.8,
      "MOVINGTIME": 1610.0,
      "ARRIVALTIME": "20251205123947"
    },
    {
      "SEQ": 78,
      "BEFORE_NODE": 78.0,
      "AFTER_NODE": 79.0,
      "BEFORE_LAT": 35.16526833333333,
      "BEFORE_LON": -123.36133,
      "AFTER_LAT": 35.129886666666664,
      "AFTER_LON": -123.26120833333333,
      "SOG": 9.6,
      "MOVINGTIME": 1981.0,
      "ARRIVALTIME": "20251205131248"
    },
    {
      "SEQ": 79,
      "BEFORE_NODE": 79.0,
      "AFTER_NODE": 80.0,
      "BEFORE_LAT": 35.129886666666664,
      "BEFORE_LON": -123.26120833333333,
      "AFTER_LAT": 35.10258,
      "AFTER_LON": -123.18703,
      "SOG": 9.6,
      "MOVINGTIME": 1499.0,
      "ARRIVALTIME": "20251205133747"
    },
    {
      "SEQ": 80,
      "BEFORE_NODE": 80.0,
      "AFTER_NODE": 81.0,
      "BEFORE_LAT": 35.10258,
      "BEFORE_LON": -123.18703,
      "AFTER_LAT": 35.06426166666667,
      "AFTER_LON": -123.08207666666667,
      "SOG": 9.5,
      "MOVINGTIME": 2101.0,
      "ARRIVALTIME": "20251205141248"
    },
    {
      "SEQ": 81,
      "BEFORE_NODE": 81.0,
      "AFTER_NODE": 82.0,
      "BEFORE_LAT": 35.06426166666667,
      "BEFORE_LON": -123.08207666666667,
      "AFTER_LAT": 35.0374,
      "AFTER_LON": -123.00909166666666,
      "SOG": 9.5,
      "MOVINGTIME": 1499.0,
      "ARRIVALTIME": "20251205143747"
    },
    {
      "SEQ": 82,
      "BEFORE_NODE": 82.0,
      "AFTER_NODE": 83.0,
      "BEFORE_LAT": 35.0374,
      "BEFORE_LON": -123.00909166666666,
      "AFTER_LAT": 35.00401333333333,
      "AFTER_LON": -122.92018,
      "SOG": 9.5,
      "MOVINGTIME": 1801.0,
      "ARRIVALTIME": "20251205150748"
    },
    {
      "SEQ": 83,
      "BEFORE_NODE": 83.0,
      "AFTER_NODE": 84.0,
      "BEFORE_LAT": 35.00401333333333,
      "BEFORE_LON": -122.92018,
      "AFTER_LAT": 34.97125833333333,
      "AFTER_LON": -122.83261166666666,
      "SOG": 9.5,
      "MOVINGTIME": 1800.0,
      "ARRIVALTIME": "20251205153748"
    },
    {
      "SEQ": 84,
      "BEFORE_NODE": 84.0,
      "AFTER_NODE": 85.0,
      "BEFORE_LAT": 34.97125833333333,
      "BEFORE_LON": -122.83261166666666,
      "AFTER_LAT": 34.93472833333333,
      "AFTER_LON": -122.72807333333333,
      "SOG": 9.3,
      "MOVINGTIME": 2099.0,
      "ARRIVALTIME": "20251205161247"
    },
    {
      "SEQ": 85,
      "BEFORE_NODE": 85.0,
      "AFTER_NODE": 86.0,
      "BEFORE_LAT": 34.93472833333333,
      "BEFORE_LON": -122.72807333333333,
      "AFTER_LAT": 34.905625,
      "AFTER_LON": -122.64931666666666,
      "SOG": 9.5,
      "MOVINGTIME": 1621.0,
      "ARRIVALTIME": "20251205163948"
    },
    {
      "SEQ": 86,
      "BEFORE_NODE": 86.0,
      "AFTER_NODE": 87.0,
      "BEFORE_LAT": 34.905625,
      "BEFORE_LON": -122.64931666666666,
      "AFTER_LAT": 34.869566666666664,
      "AFTER_LON": -122.55050666666666,
      "SOG": 9.8,
      "MOVINGTIME": 1979.0,
      "ARRIVALTIME": "20251205171247"
    },
    {
      "SEQ": 87,
      "BEFORE_NODE": 87.0,
      "AFTER_NODE": 88.0,
      "BEFORE_LAT": 34.869566666666664,
      "BEFORE_LON": -122.55050666666666,
      "AFTER_LAT": 34.84186833333333,
      "AFTER_LON": -122.47471333333333,
      "SOG": 9.8,
      "MOVINGTIME": 1500.0,
      "ARRIVALTIME": "20251205173747"
    },
    {
      "SEQ": 88,
      "BEFORE_NODE": 88.0,
      "AFTER_NODE": 89.0,
      "BEFORE_LAT": 34.84186833333333,
      "BEFORE_LON": -122.47471333333333,
      "AFTER_LAT": 34.80623333333333,
      "AFTER_LON": -122.38325833333333,
      "SOG": 10,
      "MOVINGTIME": 1800.0,
      "ARRIVALTIME": "20251205180747"
    },
    {
      "SEQ": 89,
      "BEFORE_NODE": 89.0,
      "AFTER_NODE": 90.0,
      "BEFORE_LAT": 34.80623333333333,
      "BEFORE_LON": -122.38325833333333,
      "AFTER_LAT": 34.76378666666667,
      "AFTER_LON": -122.27535666666667,
      "SOG": 10.2,
      "MOVINGTIME": 2100.0,
      "ARRIVALTIME": "20251205184247"
    },
    {
      "SEQ": 90,
      "BEFORE_NODE": 90.0,
      "AFTER_NODE": 91.0,
      "BEFORE_LAT": 34.76378666666667,
      "BEFORE_LON": -122.27535666666667,
      "AFTER_LAT": 34.72873833333333,
      "AFTER_LON": -122.18011166666666,
      "SOG": 10.3,
      "MOVINGTIME": 1800.0,
      "ARRIVALTIME": "20251205191247"
    },
    {
      "SEQ": 91,
      "BEFORE_NODE": 91.0,
      "AFTER_NODE": 92.0,
      "BEFORE_LAT": 34.72873833333333,
      "BEFORE_LON": -122.18011166666666,
      "AFTER_LAT": 34.694356666666664,
      "AFTER_LON": -122.08700666666667,
      "SOG": 10.1,
      "MOVINGTIME": 1780.0,
      "ARRIVALTIME": "20251205194227"
    },
    {
      "SEQ": 92,
      "BEFORE_NODE": 92.0,
      "AFTER_NODE": 93.0,
      "BEFORE_LAT": 34.694356666666664,
      "BEFORE_LON": -122.08700666666667,
      "AFTER_LAT": 34.665531666666666,
      "AFTER_LON": -122.0074,
      "SOG": 10.2,
      "MOVINGTIME": 1521.0,
      "ARRIVALTIME": "20251205200748"
    },
    {
      "SEQ": 93,
      "BEFORE_NODE": 93.0,
      "AFTER_NODE": 94.0,
      "BEFORE_LAT": 34.665531666666666,
      "BEFORE_LON": -122.0074,
      "AFTER_LAT": 34.62581,
      "AFTER_LON": -121.89692833333334,
      "SOG": 10.2,
      "MOVINGTIME": 2099.0,
      "ARRIVALTIME": "20251205204247"
    },
    {
      "SEQ": 94,
      "BEFORE_NODE": 94.0,
      "AFTER_NODE": 95.0,
      "BEFORE_LAT": 34.62581,
      "BEFORE_LON": -121.89692833333334,
      "AFTER_LAT": 34.59802333333333,
      "AFTER_LON": -121.823715,
      "SOG": 8.4,
      "MOVINGTIME": 1399.0,
      "ARRIVALTIME": "20251205210606"
    },
    {
      "SEQ": 95,
      "BEFORE_NODE": 95.0,
      "AFTER_NODE": 96.0,
      "BEFORE_LAT": 34.59802333333333,
      "BEFORE_LON": -121.823715,
      "AFTER_LAT": 34.57383,
      "AFTER_LON": -121.831525,
      "SOG": 1,
      "MOVINGTIME": 2022.0,
      "ARRIVALTIME": "20251205213948"
    },
    {
      "SEQ": 96,
      "BEFORE_NODE": 96.0,
      "AFTER_NODE": 97.0,
      "BEFORE_LAT": 34.57383,
      "BEFORE_LON": -121.831525,
      "AFTER_LAT": 34.565221666666666,
      "AFTER_LON": -121.83235666666667,
      "SOG": 1.4,
      "MOVINGTIME": 1680.0,
      "ARRIVALTIME": "20251205220748"
    },
    {
      "SEQ": 97,
      "BEFORE_NODE": 97.0,
      "AFTER_NODE": 98.0,
      "BEFORE_LAT": 34.565221666666666,
      "BEFORE_LON": -121.83235666666667,
      "AFTER_LAT": 34.549465,
      "AFTER_LON": -121.82591,
      "SOG": 1.9,
      "MOVINGTIME": 2020.0,
      "ARRIVALTIME": "20251205224128"
    },
    {
      "SEQ": 98,
      "BEFORE_NODE": 98.0,
      "AFTER_NODE": 99.0,
      "BEFORE_LAT": 34.549465,
      "BEFORE_LON": -121.82591,
      "AFTER_LAT": 34.534121666666664,
      "AFTER_LON": -121.81730333333333,
      "SOG": 2.1,
      "MOVINGTIME": 1759.0,
      "ARRIVALTIME": "20251205231047"
    },
    {
      "SEQ": 99,
      "BEFORE_NODE": 99.0,
      "AFTER_NODE": 100.0,
      "BEFORE_LAT": 34.534121666666664,
      "BEFORE_LON": -121.81730333333333,
      "AFTER_LAT": 34.51922833333333,
      "AFTER_LON": -121.80971,
      "SOG": 3.2,
      "MOVINGTIME": 1620.0,
      "ARRIVALTIME": "20251205233747"
    },
    {
      "SEQ": 100,
      "BEFORE_NODE": 100.0,
      "AFTER_NODE": 101.0,
      "BEFORE_LAT": 34.51922833333333,
      "BEFORE_LON": -121.80971,
      "AFTER_LAT": 34.50962,
      "AFTER_LON": -121.75374333333333,
      "SOG": 9.5,
      "MOVINGTIME": 1801.0,
      "ARRIVALTIME": "20251206000748"
    },
    {
      "SEQ": 101,
      "BEFORE_NODE": 101.0,
      "AFTER_NODE": 102.0,
      "BEFORE_LAT": 34.50962,
      "BEFORE_LON": -121.75374333333333,
      "AFTER_LAT": 34.50285,
      "AFTER_LON": -121.65987833333334,
      "SOG": 9.6,
      "MOVINGTIME": 1739.0,
      "ARRIVALTIME": "20251206003647"
    },
    {
      "SEQ": 102,
      "BEFORE_NODE": 102.0,
      "AFTER_NODE": 103.0,
      "BEFORE_LAT": 34.50285,
      "BEFORE_LON": -121.65987833333334,
      "AFTER_LAT": 34.49958,
      "AFTER_LON": -121.61578,
      "SOG": 9.6,
      "MOVINGTIME": 913.0,
      "ARRIVALTIME": "20251206005200"
    },
    {
      "SEQ": 103,
      "BEFORE_NODE": 103.0,
      "AFTER_NODE": 104.0,
      "BEFORE_LAT": 34.49958,
      "BEFORE_LON": -121.61578,
      "AFTER_LAT": 34.48893,
      "AFTER_LON": -121.46414833333333,
      "SOG": 9.7,
      "MOVINGTIME": 2747.0,
      "ARRIVALTIME": "20251206013747"
    },
    {
      "SEQ": 104,
      "BEFORE_NODE": 104.0,
      "AFTER_NODE": 105.0,
      "BEFORE_LAT": 34.48893,
      "BEFORE_LON": -121.46414833333333,
      "AFTER_LAT": 34.48187166666667,
      "AFTER_LON": -121.36464166666667,
      "SOG": 9.8,
      "MOVINGTIME": 1800.0,
      "ARRIVALTIME": "20251206020747"
    },
    {
      "SEQ": 105,
      "BEFORE_NODE": 105.0,
      "AFTER_NODE": 106.0,
      "BEFORE_LAT": 34.48187166666667,
      "BEFORE_LON": -121.36464166666667,
      "AFTER_LAT": 34.47596,
      "AFTER_LON": -121.25385,
      "SOG": 9,
      "MOVINGTIME": 2100.0,
      "ARRIVALTIME": "20251206024247"
    },
    {
      "SEQ": 106,
      "BEFORE_NODE": 106.0,
      "AFTER_NODE": 107.0,
      "BEFORE_LAT": 34.47596,
      "BEFORE_LON": -121.25385,
      "AFTER_LAT": 34.475739,
      "AFTER_LON": -121.24879,
      "SOG": 9,
      "MOVINGTIME": 733.0,
      "ARRIVALTIME": "20251206025500"
    },
    {
      "SEQ": 107,
      "BEFORE_NODE": 107.0,
      "AFTER_NODE": 108.0,
      "BEFORE_LAT": 34.475739,
      "BEFORE_LON": -121.24879,
      "AFTER_LAT": 34.44685333333333,
      "AFTER_LON": -121.07574666666666,
      "SOG": 9.5,
      "MOVINGTIME": 2687.0,
      "ARRIVALTIME": "20251206033947"
    },
    {
      "SEQ": 108,
      "BEFORE_NODE": 108.0,
      "AFTER_NODE": 109.0,
      "BEFORE_LAT": 34.44685333333333,
      "BEFORE_LON": -121.07574666666666,
      "AFTER_LAT": 34.42404333333333,
      "AFTER_LON": -120.97270666666667,
      "SOG": 9.5,
      "MOVINGTIME": 1980.0,
      "ARRIVALTIME": "20251206041247"
    },
    {
      "SEQ": 109,
      "BEFORE_NODE": 109.0,
      "AFTER_NODE": 110.0,
      "BEFORE_LAT": 34.42404333333333,
      "BEFORE_LON": -120.97270666666667,
      "AFTER_LAT": 34.40805833333334,
      "AFTER_LON": -120.896725,
      "SOG": 9.2,
      "MOVINGTIME": 1500.0,
      "ARRIVALTIME": "20251206043747"
    },
    {
      "SEQ": 110,
      "BEFORE_NODE": 110.0,
      "AFTER_NODE": 111.0,
      "BEFORE_LAT": 34.40805833333334,
      "BEFORE_LON": -120.896725,
      "AFTER_LAT": 34.38383833333334,
      "AFTER_LON": -120.79301166666667,
      "SOG": 8.9,
      "MOVINGTIME": 2101.0,
      "ARRIVALTIME": "20251206051248"
    },
    {
      "SEQ": 111,
      "BEFORE_NODE": 111.0,
      "AFTER_NODE": 112.0,
      "BEFORE_LAT": 34.38383833333334,
      "BEFORE_LON": -120.79301166666667,
      "AFTER_LAT": 34.365653333333334,
      "AFTER_LON": -120.71153833333334,
      "SOG": 9.5,
      "MOVINGTIME": 1620.0,
      "ARRIVALTIME": "20251206053948"
    },
    {
      "SEQ": 112,
      "BEFORE_NODE": 112.0,
      "AFTER_NODE": 113.0,
      "BEFORE_LAT": 34.365653333333334,
      "BEFORE_LON": -120.71153833333334,
      "AFTER_LAT": 34.34339666666666,
      "AFTER_LON": -120.60891833333334,
      "SOG": 9.9,
      "MOVINGTIME": 1940.0,
      "ARRIVALTIME": "20251206061208"
    },
    {
      "SEQ": 113,
      "BEFORE_NODE": 113.0,
      "AFTER_NODE": 114.0,
      "BEFORE_LAT": 34.34339666666666,
      "BEFORE_LON": -120.60891833333334,
      "AFTER_LAT": 34.322766666666666,
      "AFTER_LON": -120.52261666666666,
      "SOG": 9.4,
      "MOVINGTIME": 1658.0,
      "ARRIVALTIME": "20251206063946"
    },
    {
      "SEQ": 114,
      "BEFORE_NODE": 114.0,
      "AFTER_NODE": 115.0,
      "BEFORE_LAT": 34.322766666666666,
      "BEFORE_LON": -120.52261666666666,
      "AFTER_LAT": 34.30280666666667,
      "AFTER_LON": -120.44014833333334,
      "SOG": 8.9,
      "MOVINGTIME": 1682.0,
      "ARRIVALTIME": "20251206070748"
    },
    {
      "SEQ": 115,
      "BEFORE_NODE": 115.0,
      "AFTER_NODE": 116.0,
      "BEFORE_LAT": 34.30280666666667,
      "BEFORE_LON": -120.44014833333334,
      "AFTER_LAT": 34.283207,
      "AFTER_LON": -120.34391,
      "SOG": 9,
      "MOVINGTIME": 2352.0,
      "ARRIVALTIME": "20251206074700"
    },
    {
      "SEQ": 116,
      "BEFORE_NODE": 116.0,
      "AFTER_NODE": 117.0,
      "BEFORE_LAT": 34.283207,
      "BEFORE_LON": -120.34391,
      "AFTER_LAT": 34.256199,
      "AFTER_LON": -120.21595,
      "SOG": 9.1,
      "MOVINGTIME": 2220.0,
      "ARRIVALTIME": "20251206082400"
    },
    {
      "SEQ": 117,
      "BEFORE_NODE": 117.0,
      "AFTER_NODE": 118.0,
      "BEFORE_LAT": 34.256199,
      "BEFORE_LON": -120.21595,
      "AFTER_LAT": 34.222993333333335,
      "AFTER_LON": -120.06730666666667,
      "SOG": 9.5,
      "MOVINGTIME": 2929.0,
      "ARRIVALTIME": "20251206091249"
    },
    {
      "SEQ": 118,
      "BEFORE_NODE": 118.0,
      "AFTER_NODE": 119.0,
      "BEFORE_LAT": 34.222993333333335,
      "BEFORE_LON": -120.06730666666667,
      "AFTER_LAT": 34.206943333333335,
      "AFTER_LON": -119.99529166666667,
      "SOG": 9,
      "MOVINGTIME": 1450.0,
      "ARRIVALTIME": "20251206093659"
    },
    {
      "SEQ": 119,
      "BEFORE_NODE": 119.0,
      "AFTER_NODE": 120.0,
      "BEFORE_LAT": 34.206943333333335,
      "BEFORE_LON": -119.99529166666667,
      "AFTER_LAT": 34.182595,
      "AFTER_LON": -119.89215,
      "SOG": 8.9,
      "MOVINGTIME": 2158.0,
      "ARRIVALTIME": "20251206101257"
    },
    {
      "SEQ": 120,
      "BEFORE_NODE": 120.0,
      "AFTER_NODE": 121.0,
      "BEFORE_LAT": 34.182595,
      "BEFORE_LON": -119.89215,
      "AFTER_LAT": 34.16484166666667,
      "AFTER_LON": -119.81282833333333,
      "SOG": 8.8,
      "MOVINGTIME": 1620.0,
      "ARRIVALTIME": "20251206103957"
    },
    {
      "SEQ": 121,
      "BEFORE_NODE": 121.0,
      "AFTER_NODE": 122.0,
      "BEFORE_LAT": 34.16484166666667,
      "BEFORE_LON": -119.81282833333333,
      "AFTER_LAT": 34.14707666666666,
      "AFTER_LON": -119.73474333333333,
      "SOG": 8.5,
      "MOVINGTIME": 1681.0,
      "ARRIVALTIME": "20251206110758"
    },
    {
      "SEQ": 122,
      "BEFORE_NODE": 122.0,
      "AFTER_NODE": 123.0,
      "BEFORE_LAT": 34.14707666666666,
      "BEFORE_LON": -119.73474333333333,
      "AFTER_LAT": 34.128886666666666,
      "AFTER_LON": -119.650425,
      "SOG": 8.6,
      "MOVINGTIME": 1801.0,
      "ARRIVALTIME": "20251206113759"
    },
    {
      "SEQ": 123,
      "BEFORE_NODE": 123.0,
      "AFTER_NODE": 124.0,
      "BEFORE_LAT": 34.128886666666666,
      "BEFORE_LON": -119.650425,
      "AFTER_LAT": 34.10939833333333,
      "AFTER_LON": -119.56563333333334,
      "SOG": 8.8,
      "MOVINGTIME": 1799.0,
      "ARRIVALTIME": "20251206120758"
    },
    {
      "SEQ": 124,
      "BEFORE_NODE": 124.0,
      "AFTER_NODE": 125.0,
      "BEFORE_LAT": 34.10939833333333,
      "BEFORE_LON": -119.56563333333334,
      "AFTER_LAT": 34.09063333333334,
      "AFTER_LON": -119.4823,
      "SOG": 8.7,
      "MOVINGTIME": 1800.0,
      "ARRIVALTIME": "20251206123758"
    },
    {
      "SEQ": 125,
      "BEFORE_NODE": 125.0,
      "AFTER_NODE": 126.0,
      "BEFORE_LAT": 34.09063333333334,
      "BEFORE_LON": -119.4823,
      "AFTER_LAT": 34.07103333333333,
      "AFTER_LON": -119.39811833333333,
      "SOG": 8.5,
      "MOVINGTIME": 1800.0,
      "ARRIVALTIME": "20251206130758"
    },
    {
      "SEQ": 126,
      "BEFORE_NODE": 126.0,
      "AFTER_NODE": 127.0,
      "BEFORE_LAT": 34.07103333333333,
      "BEFORE_LON": -119.39811833333333,
      "AFTER_LAT": 34.05321333333333,
      "AFTER_LON": -119.31586833333333,
      "SOG": 8.5,
      "MOVINGTIME": 1798.0,
      "ARRIVALTIME": "20251206133756"
    },
    {
      "SEQ": 127,
      "BEFORE_NODE": 127.0,
      "AFTER_NODE": 128.0,
      "BEFORE_LAT": 34.05321333333333,
      "BEFORE_LON": -119.31586833333333,
      "AFTER_LAT": 34.019803333333336,
      "AFTER_LON": -119.22688166666667,
      "SOG": 8.3,
      "MOVINGTIME": 2102.0,
      "ARRIVALTIME": "20251206141258"
    }
  ]
}