{
  "mmsi": "636093158",
  "PredResult": [
    {
      "SEQ": 0,
      "BEFORE_NODE": 0.0,
      "AFTER_NODE": 1.0,
      "BEFORE_LAT": -10.090062,
      "BEFORE_LON": -78.927132,
      "AFTER_LAT": -9.9618216,
      "AFTER_LON": -79.01693,
      "SOG": 14,
      "MOVINGTIME": 1860.0,
      "ARRIVALTIME": "20251129151400"
    },
    {
      "SEQ": 1,
      "BEFORE_NODE": 1.0,
      "AFTER_NODE": 2.0,
      "BEFORE_LAT": -9.9618216,
      "BEFORE_LON": -79.01693,
      "AFTER_LAT": -9.8839836,
      "AFTER_LON": -79.07061,
      "SOG": 14.1,
      "MOVINGTIME": 1800.0,
      "ARRIVALTIME": "20251129154400"
    },
    {
      "SEQ": 2,
      "BEFORE_NODE": 2.0,
      "AFTER_NODE": 3.0,
      "BEFORE_LAT": -9.8839836,
      "BEFORE_LON": -79.07061,
      "AFTER_LAT": -9.6616688,
      "AFTER_LON": -79.218483,
      "SOG": 14.1,
      "MOVINGTIME": 3780.0,
      "ARRIVALTIME": "20251129164700"
    },
    {
      "SEQ": 3,
      "BEFORE_NODE": 3.0,
      "AFTER_NODE": 4.0,
      "BEFORE_LAT": -9.6616688,
      "BEFORE_LON": -79.218483,
      "AFTER_LAT": -9.0051899,
      "AFTER_LON": -79.66629,
      "SOG": 13.8,
      "MOVINGTIME": 12600.0,
      "ARRIVALTIME": "20251129201700"
    },
    {
      "SEQ": 4,
      "BEFORE_NODE": 4.0,
      "AFTER_NODE": 5.0,
      "BEFORE_LAT": -9.0051899,
      "BEFORE_LON": -79.66629,
      "AFTER_LAT": -8.8810434,
      "AFTER_LON": -79.749962,
      "SOG": 14.1,
      "MOVINGTIME": 1860.0,
      "ARRIVALTIME": "20251129204800"
    },
    {
      "SEQ": 5,
      "BEFORE_NODE": 5.0,
      "AFTER_NODE": 6.0,
      "BEFORE_LAT": -8.8810434,
      "BEFORE_LON": -79.749962,
      "AFTER_LAT": -8.7968016,
      "AFTER_LON": -79.808563,
      "SOG": 14,
      "MOVINGTIME": 1740.0,
      "ARRIVALTIME": "20251129211700"
    },
    {
      "SEQ": 6,
      "BEFORE_NODE": 6.0,
      "AFTER_NODE": 7.0,
      "BEFORE_LAT": -8.7968016,
      "BEFORE_LON": -79.808563,
      "AFTER_LAT": -8.6861429,
      "AFTER_LON": -79.885811,
      "SOG": 14.1,
      "MOVINGTIME": 1860.0,
      "ARRIVALTIME": "20251129214800"
    },
    {
      "SEQ": 7,
      "BEFORE_NODE": 7.0,
      "AFTER_NODE": 8.0,
      "BEFORE_LAT": -8.6861429,
      "BEFORE_LON": -79.885811,
      "AFTER_LAT": -8.5846033,
      "AFTER_LON": -79.950584,
      "SOG": 14.3,
      "MOVINGTIME": 1740.0,
      "ARRIVALTIME": "20251129221700"
    },
    {
      "SEQ": 8,
      "BEFORE_NODE": 8.0,
      "AFTER_NODE": 9.0,
      "BEFORE_LAT": -8.5846033,
      "BEFORE_LON": -79.950584,
      "AFTER_LAT": -8.5091295,
      "AFTER_LON": -80.000923,
      "SOG": 14.1,
      "MOVINGTIME": 1800.0,
      "ARRIVALTIME": "20251129224700"
    },
    {
      "SEQ": 9,
      "BEFORE_NODE": 9.0,
      "AFTER_NODE": 10.0,
      "BEFORE_LAT": -8.5091295,
      "BEFORE_LON": -80.000923,
      "AFTER_LAT": -8.3894749,
      "AFTER_LON": -80.083405,
      "SOG": 14,
      "MOVINGTIME": 2040.0,
      "ARRIVALTIME": "20251129232100"
    },
    {
      "SEQ": 10,
      "BEFORE_NODE": 10.0,
      "AFTER_NODE": 11.0,
      "BEFORE_LAT": -8.3894749,
      "BEFORE_LON": -80.083405,
      "AFTER_LAT": -8.2649336,
      "AFTER_LON": -80.157234,
      "SOG": 13.8,
      "MOVINGTIME": 2220.0,
      "ARRIVALTIME": "20251129235800"
    },
    {
      "SEQ": 11,
      "BEFORE_NODE": 11.0,
      "AFTER_NODE": 12.0,
      "BEFORE_LAT": -8.2649336,
      "BEFORE_LON": -80.157234,
      "AFTER_LAT": -8.1465836,
      "AFTER_LON": -80.244225,
      "SOG": 14.1,
      "MOVINGTIME": 2040.0,
      "ARRIVALTIME": "20251130003200"
    },
    {
      "SEQ": 12,
      "BEFORE_NODE": 12.0,
      "AFTER_NODE": 13.0,
      "BEFORE_LAT": -8.1465836,
      "BEFORE_LON": -80.244225,
      "AFTER_LAT": -8.0670586,
      "AFTER_LON": -80.304581,
      "SOG": 14.1,
      "MOVINGTIME": 1680.0,
      "ARRIVALTIME": "20251130010000"
    },
    {
      "SEQ": 13,
      "BEFORE_NODE": 13.0,
      "AFTER_NODE": 14.0,
      "BEFORE_LAT": -8.0670586,
      "BEFORE_LON": -80.304581,
      "AFTER_LAT": -8.0019312,
      "AFTER_LON": -80.353271,
      "SOG": 14,
      "MOVINGTIME": 1440.0,
      "ARRIVALTIME": "20251130012400"
    },
    {
      "SEQ": 14,
      "BEFORE_NODE": 14.0,
      "AFTER_NODE": 15.0,
      "BEFORE_LAT": -8.0019312,
      "BEFORE_LON": -80.353271,
      "AFTER_LAT": -7.8811369,
      "AFTER_LON": -80.428268,
      "SOG": 13.8,
      "MOVINGTIME": 1860.0,
      "ARRIVALTIME": "20251130015500"
    },
    {
      "SEQ": 15,
      "BEFORE_NODE": 15.0,
      "AFTER_NODE": 16.0,
      "BEFORE_LAT": -7.8811369,
      "BEFORE_LON": -80.428268,
      "AFTER_LAT": -7.8051,
      "AFTER_LON": -80.478775,
      "SOG": 13.8,
      "MOVINGTIME": 1560.0,
      "ARRIVALTIME": "20251130022100"
    },
    {
      "SEQ": 16,
      "BEFORE_NODE": 16.0,
      "AFTER_NODE": 17.0,
      "BEFORE_LAT": -7.8051,
      "BEFORE_LON": -80.478775,
      "AFTER_LAT": -7.72686,
      "AFTER_LON": -80.532303,
      "SOG": 13.8,
      "MOVINGTIME": 1920.0,
      "ARRIVALTIME": "20251130025300"
    },
    {
      "SEQ": 17,
      "BEFORE_NODE": 17.0,
      "AFTER_NODE": 18.0,
      "BEFORE_LAT": -7.72686,
      "BEFORE_LON": -80.532303,
      "AFTER_LAT": -7.6103835,
      "AFTER_LON": -80.611664,
      "SOG": 13.8,
      "MOVINGTIME": 1740.0,
      "ARRIVALTIME": "20251130032200"
    },
    {
      "SEQ": 18,
      "BEFORE_NODE": 18.0,
      "AFTER_NODE": 19.0,
      "BEFORE_LAT": -7.6103835,
      "BEFORE_LON": -80.611664,
      "AFTER_LAT": -7.1435285,
      "AFTER_LON": -80.926582,
      "SOG": 13.8,
      "MOVINGTIME": 8700.0,
      "ARRIVALTIME": "20251130054700"
    },
    {
      "SEQ": 19,
      "BEFORE_NODE": 19.0,
      "AFTER_NODE": 20.0,
      "BEFORE_LAT": -7.1435285,
      "BEFORE_LON": -80.926582,
      "AFTER_LAT": -6.9993567,
      "AFTER_LON": -80.991417,
      "SOG": 14.1,
      "MOVINGTIME": 2040.0,
      "ARRIVALTIME": "20251130062100"
    },
    {
      "SEQ": 20,
      "BEFORE_NODE": 20.0,
      "AFTER_NODE": 21.0,
      "BEFORE_LAT": -6.9993567,
      "BEFORE_LON": -80.991417,
      "AFTER_LAT": -4.7893152,
      "AFTER_LON": -81.58268,
      "SOG": 20.6,
      "MOVINGTIME": 35640.0,
      "ARRIVALTIME": "20251130161500"
    },
    {
      "SEQ": 21,
      "BEFORE_NODE": 21.0,
      "AFTER_NODE": 22.0,
      "BEFORE_LAT": -4.7893152,
      "BEFORE_LON": -81.58268,
      "AFTER_LAT": -4.284955,
      "AFTER_LON": -81.653915,
      "SOG": 14.3,
      "MOVINGTIME": 7380.0,
      "ARRIVALTIME": "20251130181800"
    },
    {
      "SEQ": 22,
      "BEFORE_NODE": 22.0,
      "AFTER_NODE": 23.0,
      "BEFORE_LAT": -4.284955,
      "BEFORE_LON": -81.653915,
      "AFTER_LAT": -4.1374049,
      "AFTER_LON": -81.587097,
      "SOG": 14,
      "MOVINGTIME": 1980.0,
      "ARRIVALTIME": "20251130185100"
    },
    {
      "SEQ": 23,
      "BEFORE_NODE": 23.0,
      "AFTER_NODE": 24.0,
      "BEFORE_LAT": -4.1374049,
      "BEFORE_LON": -81.587097,
      "AFTER_LAT": -3.892405,
      "AFTER_LON": -81.402168,
      "SOG": 14,
      "MOVINGTIME": 5160.0,
      "ARRIVALTIME": "20251130201700"
    },
    {
      "SEQ": 24,
      "BEFORE_NODE": 24.0,
      "AFTER_NODE": 25.0,
      "BEFORE_LAT": -3.892405,
      "BEFORE_LON": -81.402168,
      "AFTER_LAT": -3.6847551,
      "AFTER_LON": -81.243782,
      "SOG": 13.8,
      "MOVINGTIME": 4020.0,
      "ARRIVALTIME": "20251130212400"
    },
    {
      "SEQ": 25,
      "BEFORE_NODE": 25.0,
      "AFTER_NODE": 26.0,
      "BEFORE_LAT": -3.6847551,
      "BEFORE_LON": -81.243782,
      "AFTER_LAT": -3.5894284,
      "AFTER_LON": -81.176224,
      "SOG": 13.8,
      "MOVINGTIME": 1800.0,
      "ARRIVALTIME": "20251130215400"
    },
    {
      "SEQ": 26,
      "BEFORE_NODE": 26.0,
      "AFTER_NODE": 27.0,
      "BEFORE_LAT": -3.5894284,
      "BEFORE_LON": -81.176224,
      "AFTER_LAT": -3.4815049,
      "AFTER_LON": -81.097733,
      "SOG": 14,
      "MOVINGTIME": 1860.0,
      "ARRIVALTIME": "20251130222500"
    },
    {
      "SEQ": 27,
      "BEFORE_NODE": 27.0,
      "AFTER_NODE": 28.0,
      "BEFORE_LAT": -3.4815049,
      "BEFORE_LON": -81.097733,
      "AFTER_LAT": -3.3774517,
      "AFTER_LON": -81.017807,
      "SOG": 13.8,
      "MOVINGTIME": 1800.0,
      "ARRIVALTIME": "20251130225500"
    },
    {
      "SEQ": 28,
      "BEFORE_NODE": 28.0,
      "AFTER_NODE": 29.0,
      "BEFORE_LAT": -3.3774517,
      "BEFORE_LON": -81.017807,
      "AFTER_LAT": -3.3026049,
      "AFTER_LON": -80.959869,
      "SOG": 14,
      "MOVINGTIME": 1920.0,
      "ARRIVALTIME": "20251130232700"
    },
    {
      "SEQ": 29,
      "BEFORE_NODE": 29.0,
      "AFTER_NODE": 30.0,
      "BEFORE_LAT": -3.3026049,
      "BEFORE_LON": -80.959869,
      "AFTER_LAT": -3.2118683,
      "AFTER_LON": -80.891556,
      "SOG": 14.1,
      "MOVINGTIME": 1380.0,
      "ARRIVALTIME": "20251130235000"
    },
    {
      "SEQ": 30,
      "BEFORE_NODE": 30.0,
      "AFTER_NODE": 31.0,
      "BEFORE_LAT": -3.2118683,
      "BEFORE_LON": -80.891556,
      "AFTER_LAT": -3.1115832,
      "AFTER_LON": -80.826988,
      "SOG": 14,
      "MOVINGTIME": 2220.0,
      "ARRIVALTIME": "20251201002700"
    },
    {
      "SEQ": 31,
      "BEFORE_NODE": 31.0,
      "AFTER_NODE": 32.0,
      "BEFORE_LAT": -3.1115832,
      "BEFORE_LON": -80.826988,
      "AFTER_LAT": -3.0046518,
      "AFTER_LON": -80.725883,
      "SOG": 14,
      "MOVINGTIME": 1860.0,
      "ARRIVALTIME": "20251201005800"
    },
    {
      "SEQ": 32,
      "BEFORE_NODE": 32.0,
      "AFTER_NODE": 33.0,
      "BEFORE_LAT": -3.0046518,
      "BEFORE_LON": -80.725883,
      "AFTER_LAT": -2.9291468,
      "AFTER_LON": -80.670067,
      "SOG": 13.1,
      "MOVINGTIME": 1680.0,
      "ARRIVALTIME": "20251201012600"
    },
    {
      "SEQ": 33,
      "BEFORE_NODE": 33.0,
      "AFTER_NODE": 34.0,
      "BEFORE_LAT": -2.9291468,
      "BEFORE_LON": -80.670067,
      "AFTER_LAT": -2.8382416,
      "AFTER_LON": -80.59787,
      "SOG": 12.6,
      "MOVINGTIME": 1920.0,
      "ARRIVALTIME": "20251201015800"
    },
    {
      "SEQ": 34,
      "BEFORE_NODE": 34.0,
      "AFTER_NODE": 35.0,
      "BEFORE_LAT": -2.8382416,
      "BEFORE_LON": -80.59787,
      "AFTER_LAT": -2.4449716,
      "AFTER_LON": -80.044945,
      "SOG": 13.8,
      "MOVINGTIME": 13740.0,
      "ARRIVALTIME": "20251201054700"
    },
    {
      "SEQ": 35,
      "BEFORE_NODE": 35.0,
      "AFTER_NODE": 36.0,
      "BEFORE_LAT": -2.4449716,
      "BEFORE_LON": -80.044945,
      "AFTER_LAT": -2.3596966,
      "AFTER_LON": -80.008842,
      "SOG": 12.6,
      "MOVINGTIME": 1800.0,
      "ARRIVALTIME": "20251201061700"
    },
    {
      "SEQ": 36,
      "BEFORE_NODE": 36.0,
      "AFTER_NODE": 37.0,
      "BEFORE_LAT": -2.3596966,
      "BEFORE_LON": -80.008842,
      "AFTER_LAT": -2.2497351,
      "AFTER_LON": -79.971184,
      "SOG": 7.5,
      "MOVINGTIME": 3600.0,
      "ARRIVALTIME": "20251201071700"
    },
    {
      "SEQ": 37,
      "BEFORE_NODE": 37.0,
      "AFTER_NODE": 38.0,
      "BEFORE_LAT": -2.2497351,
      "BEFORE_LON": -79.971184,
      "AFTER_LAT": -2.2367532,
      "AFTER_LON": -79.94175,
      "SOG": 5.6,
      "MOVINGTIME": 1800.0,
      "ARRIVALTIME": "20251201074700"
    },
    {
      "SEQ": 38,
      "BEFORE_NODE": 38.0,
      "AFTER_NODE": 39.0,
      "BEFORE_LAT": -2.2367532,
      "BEFORE_LON": -79.94175,
      "AFTER_LAT": -2.2458034,
      "AFTER_LON": -79.929779,
      "SOG": 0,
      "MOVINGTIME": 7200.0,
      "ARRIVALTIME": "20251201094700"
    },
    {
      "SEQ": 39,
      "BEFORE_NODE": 39.0,
      "AFTER_NODE": 40.0,
      "BEFORE_LAT": -2.2458034,
      "BEFORE_LON": -79.929779,
      "AFTER_LAT": -2.2457666,
      "AFTER_LON": -79.929695,
      "SOG": 0,
      "MOVINGTIME": 3720.0,
      "ARRIVALTIME": "20251201104900"
    },
    {
      "SEQ": 40,
      "BEFORE_NODE": 40.0,
      "AFTER_NODE": 41.0,
      "BEFORE_LAT": -2.2457666,
      "BEFORE_LON": -79.929695,
      "AFTER_LAT": -2.2457199,
      "AFTER_LON": -79.929787,
      "SOG": 0,
      "MOVINGTIME": 3540.0,
      "ARRIVALTIME": "20251201114800"
    },
    {
      "SEQ": 41,
      "BEFORE_NODE": 41.0,
      "AFTER_NODE": 42.0,
      "BEFORE_LAT": -2.2457199,
      "BEFORE_LON": -79.929787,
      "AFTER_LAT": -2.2457633,
      "AFTER_LON": -79.929733,
      "SOG": 0,
      "MOVINGTIME": 8940.0,
      "ARRIVALTIME": "20251201141700"
    },
    {
      "SEQ": 42,
      "BEFORE_NODE": 42.0,
      "AFTER_NODE": 43.0,
      "BEFORE_LAT": -2.2457633,
      "BEFORE_LON": -79.929733,
      "AFTER_LAT": -2.2457666,
      "AFTER_LON": -79.92968,
      "SOG": 0,
      "MOVINGTIME": 3600.0,
      "ARRIVALTIME": "20251201151700"
    },
    {
      "SEQ": 43,
      "BEFORE_NODE": 43.0,
      "AFTER_NODE": 44.0,
      "BEFORE_LAT": -2.2457666,
      "BEFORE_LON": -79.92968,
      "AFTER_LAT": -2.2457783,
      "AFTER_LON": -79.929756,
      "SOG": 0,
      "MOVINGTIME": 3660.0,
      "ARRIVALTIME": "20251201161800"
    },
    {
      "SEQ": 44,
      "BEFORE_NODE": 44.0,
      "AFTER_NODE": 45.0,
      "BEFORE_LAT": -2.2457783,
      "BEFORE_LON": -79.929756,
      "AFTER_LAT": -2.2457666,
      "AFTER_LON": -79.929695,
      "SOG": 0,
      "MOVINGTIME": 3600.0,
      "ARRIVALTIME": "20251201171800"
    },
    {
      "SEQ": 45,
      "BEFORE_NODE": 45.0,
      "AFTER_NODE": 46.0,
      "BEFORE_LAT": -2.2457666,
      "BEFORE_LON": -79.929695,
      "AFTER_LAT": -2.2458184,
      "AFTER_LON": -79.929672,
      "SOG": 0,
      "MOVINGTIME": 1740.0,
      "ARRIVALTIME": "20251201174700"
    },
    {
      "SEQ": 46,
      "BEFORE_NODE": 46.0,
      "AFTER_NODE": 47.0,
      "BEFORE_LAT": -2.2458184,
      "BEFORE_LON": -79.929672,
      "AFTER_LAT": -2.2457817,
      "AFTER_LON": -79.929726,
      "SOG": 0,
      "MOVINGTIME": 3610.0,
      "ARRIVALTIME": "20251201184710"
    },
    {
      "SEQ": 47,
      "BEFORE_NODE": 47.0,
      "AFTER_NODE": 48.0,
      "BEFORE_LAT": -2.2457817,
      "BEFORE_LON": -79.929726,
      "AFTER_LAT": -2.2457616,
      "AFTER_LON": -79.929695,
      "SOG": 0,
      "MOVINGTIME": 3590.0,
      "ARRIVALTIME": "20251201194700"
    },
    {
      "SEQ": 48,
      "BEFORE_NODE": 48.0,
      "AFTER_NODE": 49.0,
      "BEFORE_LAT": -2.2457616,
      "BEFORE_LON": -79.929695,
      "AFTER_LAT": -2.2457683,
      "AFTER_LON": -79.929741,
      "SOG": 0,
      "MOVINGTIME": 7260.0,
      "ARRIVALTIME": "20251201214800"
    },
    {
      "SEQ": 49,
      "BEFORE_NODE": 49.0,
      "AFTER_NODE": 50.0,
      "BEFORE_LAT": -2.2457683,
      "BEFORE_LON": -79.929741,
      "AFTER_LAT": -2.2457566,
      "AFTER_LON": -79.929726,
      "SOG": 0,
      "MOVINGTIME": 1920.0,
      "ARRIVALTIME": "20251201222000"
    },
    {
      "SEQ": 50,
      "BEFORE_NODE": 50.0,
      "AFTER_NODE": 51.0,
      "BEFORE_LAT": -2.2457566,
      "BEFORE_LON": -79.929726,
      "AFTER_LAT": -2.2457683,
      "AFTER_LON": -79.929726,
      "SOG": 0,
      "MOVINGTIME": 1620.0,
      "ARRIVALTIME": "20251201224700"
    },
    {
      "SEQ": 51,
      "BEFORE_NODE": 51.0,
      "AFTER_NODE": 52.0,
      "BEFORE_LAT": -2.2457683,
      "BEFORE_LON": -79.929726,
      "AFTER_LAT": -2.2457733,
      "AFTER_LON": -79.929718,
      "SOG": 0,
      "MOVINGTIME": 2100.0,
      "ARRIVALTIME": "20251201232200"
    },
    {
      "SEQ": 52,
      "BEFORE_NODE": 52.0,
      "AFTER_NODE": 53.0,
      "BEFORE_LAT": -2.2457733,
      "BEFORE_LON": -79.929718,
      "AFTER_LAT": -2.2457817,
      "AFTER_LON": -79.929703,
      "SOG": 0,
      "MOVINGTIME": 1680.0,
      "ARRIVALTIME": "20251201235000"
    },
    {
      "SEQ": 53,
      "BEFORE_NODE": 53.0,
      "AFTER_NODE": 54.0,
      "BEFORE_LAT": -2.2457817,
      "BEFORE_LON": -79.929703,
      "AFTER_LAT": -2.2457883,
      "AFTER_LON": -79.929703,
      "SOG": 0,
      "MOVINGTIME": 1800.0,
      "ARRIVALTIME": "20251202002000"
    },
    {
      "SEQ": 54,
      "BEFORE_NODE": 54.0,
      "AFTER_NODE": 55.0,
      "BEFORE_LAT": -2.2457883,
      "BEFORE_LON": -79.929703,
      "AFTER_LAT": -2.2458484,
      "AFTER_LON": -79.92968,
      "SOG": 0,
      "MOVINGTIME": 3935.0,
      "ARRIVALTIME": "20251202012535"
    },
    {
      "SEQ": 55,
      "BEFORE_NODE": 55.0,
      "AFTER_NODE": 56.0,
      "BEFORE_LAT": -2.2458484,
      "BEFORE_LON": -79.92968,
      "AFTER_LAT": -2.2458701,
      "AFTER_LON": -79.929703,
      "SOG": 0,
      "MOVINGTIME": 1525.0,
      "ARRIVALTIME": "20251202015100"
    },
    {
      "SEQ": 56,
      "BEFORE_NODE": 56.0,
      "AFTER_NODE": 57.0,
      "BEFORE_LAT": -2.2458701,
      "BEFORE_LON": -79.929703,
      "AFTER_LAT": -2.2458484,
      "AFTER_LON": -79.929718,
      "SOG": 0,
      "MOVINGTIME": 1980.0,
      "ARRIVALTIME": "20251202022400"
    },
    {
      "SEQ": 57,
      "BEFORE_NODE": 57.0,
      "AFTER_NODE": 58.0,
      "BEFORE_LAT": -2.2458484,
      "BEFORE_LON": -79.929718,
      "AFTER_LAT": -2.2458684,
      "AFTER_LON": -79.929695,
      "SOG": 0,
      "MOVINGTIME": 1920.0,
      "ARRIVALTIME": "20251202025600"
    },
    {
      "SEQ": 58,
      "BEFORE_NODE": 58.0,
      "AFTER_NODE": 59.0,
      "BEFORE_LAT": -2.2458684,
      "BEFORE_LON": -79.929695,
      "AFTER_LAT": -2.2458618,
      "AFTER_LON": -79.929665,
      "SOG": 0,
      "MOVINGTIME": 1560.0,
      "ARRIVALTIME": "20251202032200"
    },
    {
      "SEQ": 59,
      "BEFORE_NODE": 59.0,
      "AFTER_NODE": 60.0,
      "BEFORE_LAT": -2.2458618,
      "BEFORE_LON": -79.929665,
      "AFTER_LAT": -2.2458684,
      "AFTER_LON": -79.929665,
      "SOG": 0,
      "MOVINGTIME": 1680.0,
      "ARRIVALTIME": "20251202035000"
    },
    {
      "SEQ": 60,
      "BEFORE_NODE": 60.0,
      "AFTER_NODE": 61.0,
      "BEFORE_LAT": -2.2458684,
      "BEFORE_LON": -79.929665,
      "AFTER_LAT": -2.2458749,
      "AFTER_LON": -79.929695,
      "SOG": 0,
      "MOVINGTIME": 3420.0,
      "ARRIVALTIME": "20251202044700"
    },
    {
      "SEQ": 61,
      "BEFORE_NODE": 61.0,
      "AFTER_NODE": 62.0,
      "BEFORE_LAT": -2.2458749,
      "BEFORE_LON": -79.929695,
      "AFTER_LAT": -2.2457817,
      "AFTER_LON": -79.92971,
      "SOG": 0,
      "MOVINGTIME": 7200.0,
      "ARRIVALTIME": "20251202064700"
    },
    {
      "SEQ": 62,
      "BEFORE_NODE": 62.0,
      "AFTER_NODE": 63.0,
      "BEFORE_LAT": -2.2457817,
      "BEFORE_LON": -79.92971,
      "AFTER_LAT": -2.2457633,
      "AFTER_LON": -79.92971,
      "SOG": 0,
      "MOVINGTIME": 2181.0,
      "ARRIVALTIME": "20251202072321"
    },
    {
      "SEQ": 63,
      "BEFORE_NODE": 63.0,
      "AFTER_NODE": 64.0,
      "BEFORE_LAT": -2.2457633,
      "BEFORE_LON": -79.92971,
      "AFTER_LAT": -2.245795,
      "AFTER_LON": -79.929688,
      "SOG": 0,
      "MOVINGTIME": 5019.0,
      "ARRIVALTIME": "20251202084700"
    },
    {
      "SEQ": 64,
      "BEFORE_NODE": 64.0,
      "AFTER_NODE": 65.0,
      "BEFORE_LAT": -2.245795,
      "BEFORE_LON": -79.929688,
      "AFTER_LAT": -2.2458267,
      "AFTER_LON": -79.92971,
      "SOG": 0,
      "MOVINGTIME": 1860.0,
      "ARRIVALTIME": "20251202091800"
    },
    {
      "SEQ": 65,
      "BEFORE_NODE": 65.0,
      "AFTER_NODE": 66.0,
      "BEFORE_LAT": -2.2458267,
      "BEFORE_LON": -79.92971,
      "AFTER_LAT": -2.2458017,
      "AFTER_LON": -79.929703,
      "SOG": 0,
      "MOVINGTIME": 1800.0,
      "ARRIVALTIME": "20251202094800"
    },
    {
      "SEQ": 66,
      "BEFORE_NODE": 66.0,
      "AFTER_NODE": 67.0,
      "BEFORE_LAT": -2.2458017,
      "BEFORE_LON": -79.929703,
      "AFTER_LAT": -2.2458067,
      "AFTER_LON": -79.929718,
      "SOG": 0,
      "MOVINGTIME": 1740.0,
      "ARRIVALTIME": "20251202101700"
    },
    {
      "SEQ": 67,
      "BEFORE_NODE": 67.0,
      "AFTER_NODE": 68.0,
      "BEFORE_LAT": -2.2458067,
      "BEFORE_LON": -79.929718,
      "AFTER_LAT": -2.2458134,
      "AFTER_LON": -79.92968,
      "SOG": 0,
      "MOVINGTIME": 6780.0,
      "ARRIVALTIME": "20251202121000"
    },
    {
      "SEQ": 68,
      "BEFORE_NODE": 68.0,
      "AFTER_NODE": 69.0,
      "BEFORE_LAT": -2.2458134,
      "BEFORE_LON": -79.92968,
      "AFTER_LAT": -2.24578,
      "AFTER_LON": -79.92968,
      "SOG": 0,
      "MOVINGTIME": 5040.0,
      "ARRIVALTIME": "20251202133400"
    },
    {
      "SEQ": 69,
      "BEFORE_NODE": 69.0,
      "AFTER_NODE": 70.0,
      "BEFORE_LAT": -2.24578,
      "BEFORE_LON": -79.92968,
      "AFTER_LAT": -2.2457466,
      "AFTER_LON": -79.929703,
      "SOG": 0,
      "MOVINGTIME": 13380.0,
      "ARRIVALTIME": "20251202171700"
    },
    {
      "SEQ": 70,
      "BEFORE_NODE": 70.0,
      "AFTER_NODE": 71.0,
      "BEFORE_LAT": -2.2457466,
      "BEFORE_LON": -79.929703,
      "AFTER_LAT": -2.2457933,
      "AFTER_LON": -79.92971,
      "SOG": 0,
      "MOVINGTIME": 12600.0,
      "ARRIVALTIME": "20251202204700"
    },
    {
      "SEQ": 71,
      "BEFORE_NODE": 71.0,
      "AFTER_NODE": 72.0,
      "BEFORE_LAT": -2.2457933,
      "BEFORE_LON": -79.92971,
      "AFTER_LAT": -2.24579,
      "AFTER_LON": -79.929672,
      "SOG": 0,
      "MOVINGTIME": 5400.0,
      "ARRIVALTIME": "20251202221700"
    },
    {
      "SEQ": 72,
      "BEFORE_NODE": 72.0,
      "AFTER_NODE": 73.0,
      "BEFORE_LAT": -2.24579,
      "BEFORE_LON": -79.929672,
      "AFTER_LAT": -2.2457867,
      "AFTER_LON": -79.929695,
      "SOG": 0,
      "MOVINGTIME": 7320.0,
      "ARRIVALTIME": "20251203001900"
    },
    {
      "SEQ": 73,
      "BEFORE_NODE": 73.0,
      "AFTER_NODE": 74.0,
      "BEFORE_LAT": -2.2457867,
      "BEFORE_LON": -79.929695,
      "AFTER_LAT": -2.24582,
      "AFTER_LON": -79.92968,
      "SOG": 0,
      "MOVINGTIME": 3900.0,
      "ARRIVALTIME": "20251203012400"
    },
    {
      "SEQ": 74,
      "BEFORE_NODE": 74.0,
      "AFTER_NODE": 75.0,
      "BEFORE_LAT": -2.24582,
      "BEFORE_LON": -79.92968,
      "AFTER_LAT": -2.2458234,
      "AFTER_LON": -79.92971,
      "SOG": 0,
      "MOVINGTIME": 1620.0,
      "ARRIVALTIME": "20251203015100"
    },
    {
      "SEQ": 75,
      "BEFORE_NODE": 75.0,
      "AFTER_NODE": 76.0,
      "BEFORE_LAT": -2.2458234,
      "BEFORE_LON": -79.92971,
      "AFTER_LAT": -2.2458067,
      "AFTER_LON": -79.929703,
      "SOG": 0,
      "MOVINGTIME": 1920.0,
      "ARRIVALTIME": "20251203022300"
    },
    {
      "SEQ": 76,
      "BEFORE_NODE": 76.0,
      "AFTER_NODE": 77.0,
      "BEFORE_LAT": -2.2458067,
      "BEFORE_LON": -79.929703,
      "AFTER_LAT": -2.2458217,
      "AFTER_LON": -79.929718,
      "SOG": 0,
      "MOVINGTIME": 1740.0,
      "ARRIVALTIME": "20251203025200"
    },
    {
      "SEQ": 77,
      "BEFORE_NODE": 77.0,
      "AFTER_NODE": 78.0,
      "BEFORE_LAT": -2.2458217,
      "BEFORE_LON": -79.929718,
      "AFTER_LAT": -2.2458167,
      "AFTER_LON": -79.92971,
      "SOG": 0,
      "MOVINGTIME": 1620.0,
      "ARRIVALTIME": "20251203031900"
    },
    {
      "SEQ": 78,
      "BEFORE_NODE": 78.0,
      "AFTER_NODE": 79.0,
      "BEFORE_LAT": -2.2458167,
      "BEFORE_LON": -79.92971,
      "AFTER_LAT": -2.2458034,
      "AFTER_LON": -79.92971,
      "SOG": 0,
      "MOVINGTIME": 1860.0,
      "ARRIVALTIME": "20251203035000"
    },
    {
      "SEQ": 79,
      "BEFORE_NODE": 79.0,
      "AFTER_NODE": 80.0,
      "BEFORE_LAT": -2.2458034,
      "BEFORE_LON": -79.92971,
      "AFTER_LAT": -2.2458501,
      "AFTER_LON": -79.92971,
      "SOG": 0,
      "MOVINGTIME": 1620.0,
      "ARRIVALTIME": "20251203041700"
    },
    {
      "SEQ": 80,
      "BEFORE_NODE": 80.0,
      "AFTER_NODE": 81.0,
      "BEFORE_LAT": -2.2458501,
      "BEFORE_LON": -79.92971,
      "AFTER_LAT": -2.2457216,
      "AFTER_LON": -79.929649,
      "SOG": 0,
      "MOVINGTIME": 12420.0,
      "ARRIVALTIME": "20251203074400"
    },
    {
      "SEQ": 81,
      "BEFORE_NODE": 81.0,
      "AFTER_NODE": 82.0,
      "BEFORE_LAT": -2.2457216,
      "BEFORE_LON": -79.929649,
      "AFTER_LAT": -2.2457533,
      "AFTER_LON": -79.929619,
      "SOG": 0,
      "MOVINGTIME": 3780.0,
      "ARRIVALTIME": "20251203084700"
    },
    {
      "SEQ": 82,
      "BEFORE_NODE": 82.0,
      "AFTER_NODE": 83.0,
      "BEFORE_LAT": -2.2457533,
      "BEFORE_LON": -79.929619,
      "AFTER_LAT": -2.245785,
      "AFTER_LON": -79.929695,
      "SOG": 0,
      "MOVINGTIME": 3600.0,
      "ARRIVALTIME": "20251203094700"
    },
    {
      "SEQ": 83,
      "BEFORE_NODE": 83.0,
      "AFTER_NODE": 84.0,
      "BEFORE_LAT": -2.245785,
      "BEFORE_LON": -79.929695,
      "AFTER_LAT": -2.2458067,
      "AFTER_LON": -79.929726,
      "SOG": 0,
      "MOVINGTIME": 7200.0,
      "ARRIVALTIME": "20251203114700"
    },
    {
      "SEQ": 84,
      "BEFORE_NODE": 84.0,
      "AFTER_NODE": 85.0,
      "BEFORE_LAT": -2.2458067,
      "BEFORE_LON": -79.929726,
      "AFTER_LAT": -2.2457783,
      "AFTER_LON": -79.929726,
      "SOG": 0,
      "MOVINGTIME": 7200.0,
      "ARRIVALTIME": "20251203134700"
    },
    {
      "SEQ": 85,
      "BEFORE_NODE": 85.0,
      "AFTER_NODE": 86.0,
      "BEFORE_LAT": -2.2457783,
      "BEFORE_LON": -79.929726,
      "AFTER_LAT": -2.245765,
      "AFTER_LON": -79.929718,
      "SOG": 0,
      "MOVINGTIME": 22684.0,
      "ARRIVALTIME": "20251203200504"
    },
    {
      "SEQ": 86,
      "BEFORE_NODE": 86.0,
      "AFTER_NODE": 87.0,
      "BEFORE_LAT": -2.245765,
      "BEFORE_LON": -79.929718,
      "AFTER_LAT": -2.245795,
      "AFTER_LON": -79.929764,
      "SOG": 0,
      "MOVINGTIME": 11636.0,
      "ARRIVALTIME": "20251203231900"
    },
    {
      "SEQ": 87,
      "BEFORE_NODE": 87.0,
      "AFTER_NODE": 88.0,
      "BEFORE_LAT": -2.245795,
      "BEFORE_LON": -79.929764,
      "AFTER_LAT": -2.2457917,
      "AFTER_LON": -79.929703,
      "SOG": 0,
      "MOVINGTIME": 1740.0,
      "ARRIVALTIME": "20251203234800"
    },
    {
      "SEQ": 88,
      "BEFORE_NODE": 88.0,
      "AFTER_NODE": 89.0,
      "BEFORE_LAT": -2.2457917,
      "BEFORE_LON": -79.929703,
      "AFTER_LAT": -2.245775,
      "AFTER_LON": -79.92971,
      "SOG": 0,
      "MOVINGTIME": 5640.0,
      "ARRIVALTIME": "20251204012200"
    },
    {
      "SEQ": 89,
      "BEFORE_NODE": 89.0,
      "AFTER_NODE": 90.0,
      "BEFORE_LAT": -2.245775,
      "BEFORE_LON": -79.92971,
      "AFTER_LAT": -2.2457683,
      "AFTER_LON": -79.92968,
      "SOG": 0,
      "MOVINGTIME": 1740.0,
      "ARRIVALTIME": "20251204015100"
    },
    {
      "SEQ": 90,
      "BEFORE_NODE": 90.0,
      "AFTER_NODE": 91.0,
      "BEFORE_LAT": -2.2457683,
      "BEFORE_LON": -79.92968,
      "AFTER_LAT": -2.2457983,
      "AFTER_LON": -79.929726,
      "SOG": 0,
      "MOVINGTIME": 2100.0,
      "ARRIVALTIME": "20251204022600"
    },
    {
      "SEQ": 91,
      "BEFORE_NODE": 91.0,
      "AFTER_NODE": 92.0,
      "BEFORE_LAT": -2.2457983,
      "BEFORE_LON": -79.929726,
      "AFTER_LAT": -2.2457132,
      "AFTER_LON": -79.92968,
      "SOG": 0,
      "MOVINGTIME": 1800.0,
      "ARRIVALTIME": "20251204025600"
    },
    {
      "SEQ": 92,
      "BEFORE_NODE": 92.0,
      "AFTER_NODE": 93.0,
      "BEFORE_LAT": -2.2457132,
      "BEFORE_LON": -79.92968,
      "AFTER_LAT": -2.2457016,
      "AFTER_LON": -79.929718,
      "SOG": 0,
      "MOVINGTIME": 1380.0,
      "ARRIVALTIME": "20251204031900"
    },
    {
      "SEQ": 93,
      "BEFORE_NODE": 93.0,
      "AFTER_NODE": 94.0,
      "BEFORE_LAT": -2.2457016,
      "BEFORE_LON": -79.929718,
      "AFTER_LAT": -2.24577,
      "AFTER_LON": -79.929703,
      "SOG": 0,
      "MOVINGTIME": 3480.0,
      "ARRIVALTIME": "20251204041700"
    },
    {
      "SEQ": 94,
      "BEFORE_NODE": 94.0,
      "AFTER_NODE": 95.0,
      "BEFORE_LAT": -2.24577,
      "BEFORE_LON": -79.929703,
      "AFTER_LAT": -2.2457716,
      "AFTER_LON": -79.929726,
      "SOG": 0,
      "MOVINGTIME": 1860.0,
      "ARRIVALTIME": "20251204044800"
    },
    {
      "SEQ": 95,
      "BEFORE_NODE": 95.0,
      "AFTER_NODE": 96.0,
      "BEFORE_LAT": -2.2457716,
      "BEFORE_LON": -79.929726,
      "AFTER_LAT": -2.245775,
      "AFTER_LON": -79.929718,
      "SOG": 0,
      "MOVINGTIME": 3720.0,
      "ARRIVALTIME": "20251204055000"
    },
    {
      "SEQ": 96,
      "BEFORE_NODE": 96.0,
      "AFTER_NODE": 97.0,
      "BEFORE_LAT": -2.245775,
      "BEFORE_LON": -79.929718,
      "AFTER_LAT": -2.2457967,
      "AFTER_LON": -79.92971,
      "SOG": 0,
      "MOVINGTIME": 6900.0,
      "ARRIVALTIME": "20251204074500"
    },
    {
      "SEQ": 97,
      "BEFORE_NODE": 97.0,
      "AFTER_NODE": 98.0,
      "BEFORE_LAT": -2.2457967,
      "BEFORE_LON": -79.92971,
      "AFTER_LAT": -2.245785,
      "AFTER_LON": -79.929695,
      "SOG": 0,
      "MOVINGTIME": 5340.0,
      "ARRIVALTIME": "20251204091400"
    },
    {
      "SEQ": 98,
      "BEFORE_NODE": 98.0,
      "AFTER_NODE": 99.0,
      "BEFORE_LAT": -2.245785,
      "BEFORE_LON": -79.929695,
      "AFTER_LAT": -2.6985867,
      "AFTER_LON": -80.229111,
      "SOG": 0.1,
      "MOVINGTIME": 14580.0,
      "ARRIVALTIME": "20251204131700"
    },
    {
      "SEQ": 99,
      "BEFORE_NODE": 99.0,
      "AFTER_NODE": 100.0,
      "BEFORE_LAT": -2.6985867,
      "BEFORE_LON": -80.229111,
      "AFTER_LAT": -2.6990149,
      "AFTER_LON": -80.229553,
      "SOG": 0,
      "MOVINGTIME": 3600.0,
      "ARRIVALTIME": "20251204141700"
    },
    {
      "SEQ": 100,
      "BEFORE_NODE": 100.0,
      "AFTER_NODE": 101.0,
      "BEFORE_LAT": -2.6990149,
      "BEFORE_LON": -80.229553,
      "AFTER_LAT": -2.6989617,
      "AFTER_LON": -80.229401,
      "SOG": 0.1,
      "MOVINGTIME": 1980.0,
      "ARRIVALTIME": "20251204145000"
    },
    {
      "SEQ": 101,
      "BEFORE_NODE": 101.0,
      "AFTER_NODE": 102.0,
      "BEFORE_LAT": -2.6989617,
      "BEFORE_LON": -80.229401,
      "AFTER_LAT": -2.6946933,
      "AFTER_LON": -80.227859,
      "SOG": 0,
      "MOVINGTIME": 12480.0,
      "ARRIVALTIME": "20251204181800"
    },
    {
      "SEQ": 102,
      "BEFORE_NODE": 102.0,
      "AFTER_NODE": 103.0,
      "BEFORE_LAT": -2.6946933,
      "BEFORE_LON": -80.227859,
      "AFTER_LAT": -2.7414784,
      "AFTER_LON": -80.23497,
      "SOG": 5.5,
      "MOVINGTIME": 1800.0,
      "ARRIVALTIME": "20251204184800"
    },
    {
      "SEQ": 103,
      "BEFORE_NODE": 103.0,
      "AFTER_NODE": 104.0,
      "BEFORE_LAT": -2.7414784,
      "BEFORE_LON": -80.23497,
      "AFTER_LAT": -2.7643867,
      "AFTER_LON": -80.239159,
      "SOG": 4.8,
      "MOVINGTIME": 1740.0,
      "ARRIVALTIME": "20251204191700"
    },
    {
      "SEQ": 104,
      "BEFORE_NODE": 104.0,
      "AFTER_NODE": 105.0,
      "BEFORE_LAT": -2.7643867,
      "BEFORE_LON": -80.239159,
      "AFTER_LAT": -2.7487433,
      "AFTER_LON": -80.292732,
      "SOG": 8.3,
      "MOVINGTIME": 1980.0,
      "ARRIVALTIME": "20251204195000"
    },
    {
      "SEQ": 105,
      "BEFORE_NODE": 105.0,
      "AFTER_NODE": 106.0,
      "BEFORE_LAT": -2.7487433,
      "BEFORE_LON": -80.292732,
      "AFTER_LAT": -2.7331533,
      "AFTER_LON": -80.362534,
      "SOG": 11.6,
      "MOVINGTIME": 2040.0,
      "ARRIVALTIME": "20251204202400"
    },
    {
      "SEQ": 106,
      "BEFORE_NODE": 106.0,
      "AFTER_NODE": 107.0,
      "BEFORE_LAT": -2.7331533,
      "BEFORE_LON": -80.362534,
      "AFTER_LAT": -2.7549951,
      "AFTER_LON": -80.493103,
      "SOG": 12.8,
      "MOVINGTIME": 1860.0,
      "ARRIVALTIME": "20251204205500"
    },
    {
      "SEQ": 107,
      "BEFORE_NODE": 107.0,
      "AFTER_NODE": 108.0,
      "BEFORE_LAT": -2.7549951,
      "BEFORE_LON": -80.493103,
      "AFTER_LAT": -2.7667568,
      "AFTER_LON": -80.560738,
      "SOG": 12.3,
      "MOVINGTIME": 1500.0,
      "ARRIVALTIME": "20251204212000"
    },
    {
      "SEQ": 108,
      "BEFORE_NODE": 108.0,
      "AFTER_NODE": 109.0,
      "BEFORE_LAT": -2.7667568,
      "BEFORE_LON": -80.560738,
      "AFTER_LAT": -2.1533051,
      "AFTER_LON": -81.337212,
      "SOG": 12.1,
      "MOVINGTIME": 21600.0,
      "ARRIVALTIME": "20251205032000"
    },
    {
      "SEQ": 109,
      "BEFORE_NODE": 109.0,
      "AFTER_NODE": 110.0,
      "BEFORE_LAT": -2.1533051,
      "BEFORE_LON": -81.337212,
      "AFTER_LAT": -1.38287,
      "AFTER_LON": -81.337982,
      "SOG": 13.1,
      "MOVINGTIME": 12720.0,
      "ARRIVALTIME": "20251205065200"
    },
    {
      "SEQ": 110,
      "BEFORE_NODE": 110.0,
      "AFTER_NODE": 111.0,
      "BEFORE_LAT": -1.38287,
      "BEFORE_LON": -81.337982,
      "AFTER_LAT": -1.2928717,
      "AFTER_LON": -81.336235,
      "SOG": 12.6,
      "MOVINGTIME": 1560.0,
      "ARRIVALTIME": "20251205071800"
    },
    {
      "SEQ": 111,
      "BEFORE_NODE": 111.0,
      "AFTER_NODE": 112.0,
      "BEFORE_LAT": -1.2928717,
      "BEFORE_LON": -81.336235,
      "AFTER_LAT": -1.2106084,
      "AFTER_LON": -81.30587,
      "SOG": 12.5,
      "MOVINGTIME": 1800.0,
      "ARRIVALTIME": "20251205074800"
    },
    {
      "SEQ": 112,
      "BEFORE_NODE": 112.0,
      "AFTER_NODE": 113.0,
      "BEFORE_LAT": -1.2106084,
      "BEFORE_LON": -81.30587,
      "AFTER_LAT": -1.0856616,
      "AFTER_LON": -81.263962,
      "SOG": 12.6,
      "MOVINGTIME": 2340.0,
      "ARRIVALTIME": "20251205082700"
    },
    {
      "SEQ": 113,
      "BEFORE_NODE": 113.0,
      "AFTER_NODE": 114.0,
      "BEFORE_LAT": -1.0856616,
      "BEFORE_LON": -81.263962,
      "AFTER_LAT": -0.77499831,
      "AFTER_LON": -81.13179,
      "SOG": 12.8,
      "MOVINGTIME": 5460.0,
      "ARRIVALTIME": "20251205095800"
    },
    {
      "SEQ": 114,
      "BEFORE_NODE": 114.0,
      "AFTER_NODE": 115.0,
      "BEFORE_LAT": -0.77499831,
      "BEFORE_LON": -81.13179,
      "AFTER_LAT": -0.66598666,
      "AFTER_LON": -81.084816,
      "SOG": 12.6,
      "MOVINGTIME": 1740.0,
      "ARRIVALTIME": "20251205102700"
    },
    {
      "SEQ": 115,
      "BEFORE_NODE": 115.0,
      "AFTER_NODE": 116.0,
      "BEFORE_LAT": -0.66598666,
      "BEFORE_LON": -81.084816,
      "AFTER_LAT": -0.598535,
      "AFTER_LON": -81.055092,
      "SOG": 12.6,
      "MOVINGTIME": 1440.0,
      "ARRIVALTIME": "20251205105100"
    },
    {
      "SEQ": 116,
      "BEFORE_NODE": 116.0,
      "AFTER_NODE": 117.0,
      "BEFORE_LAT": -0.598535,
      "BEFORE_LON": -81.055092,
      "AFTER_LAT": -0.52374333,
      "AFTER_LON": -81.024246,
      "SOG": 12.6,
      "MOVINGTIME": 1620.0,
      "ARRIVALTIME": "20251205111800"
    },
    {
      "SEQ": 117,
      "BEFORE_NODE": 117.0,
      "AFTER_NODE": 118.0,
      "BEFORE_LAT": -0.52374333,
      "BEFORE_LON": -81.024246,
      "AFTER_LAT": -0.41405001,
      "AFTER_LON": -80.979576,
      "SOG": 13,
      "MOVINGTIME": 1740.0,
      "ARRIVALTIME": "20251205114700"
    }
  ]
}