{
  "mmsi": "636092827",
  "PredResult": [
    {
      "SEQ": 0,
      "BEFORE_NODE": 0.0,
      "AFTER_NODE": 1.0,
      "BEFORE_LAT": 8.2352505,
      "BEFORE_LON": 97.473045,
      "AFTER_LAT": 8.3252068,
      "AFTER_LON": 97.410187,
      "SOG": 14.8,
      "MOVINGTIME": 1500.0,
      "ARRIVALTIME": "20251129162900"
    },
    {
      "SEQ": 1,
      "BEFORE_NODE": 1.0,
      "AFTER_NODE": 2.0,
      "BEFORE_LAT": 8.3252068,
      "BEFORE_LON": 97.410187,
      "AFTER_LAT": 16.716383,
      "AFTER_LON": 96.21653,
      "SOG": 8,
      "MOVINGTIME": 136860.0,
      "ARRIVALTIME": "20251201063000"
    },
    {
      "SEQ": 2,
      "BEFORE_NODE": 2.0,
      "AFTER_NODE": 3.0,
      "BEFORE_LAT": 16.716383,
      "BEFORE_LON": 96.21653,
      "AFTER_LAT": 16.760056,
      "AFTER_LON": 96.181351,
      "SOG": 6,
      "MOVINGTIME": 1740.0,
      "ARRIVALTIME": "20251201065900"
    },
    {
      "SEQ": 3,
      "BEFORE_NODE": 3.0,
      "AFTER_NODE": 4.0,
      "BEFORE_LAT": 16.760056,
      "BEFORE_LON": 96.181351,
      "AFTER_LAT": 16.762714,
      "AFTER_LON": 96.168983,
      "SOG": 4.5,
      "MOVINGTIME": 3780.0,
      "ARRIVALTIME": "20251201080200"
    },
    {
      "SEQ": 4,
      "BEFORE_NODE": 4.0,
      "AFTER_NODE": 5.0,
      "BEFORE_LAT": 16.762714,
      "BEFORE_LON": 96.168983,
      "AFTER_LAT": 16.762264,
      "AFTER_LON": 96.169914,
      "SOG": 4.5,
      "MOVINGTIME": 1800.0,
      "ARRIVALTIME": "20251201083200"
    },
    {
      "SEQ": 5,
      "BEFORE_NODE": 5.0,
      "AFTER_NODE": 6.0,
      "BEFORE_LAT": 16.762264,
      "BEFORE_LON": 96.169914,
      "AFTER_LAT": 16.76173,
      "AFTER_LON": 96.172386,
      "SOG": 2.7,
      "MOVINGTIME": 1740.0,
      "ARRIVALTIME": "20251201090100"
    },
    {
      "SEQ": 6,
      "BEFORE_NODE": 6.0,
      "AFTER_NODE": 7.0,
      "BEFORE_LAT": 16.76173,
      "BEFORE_LON": 96.172386,
      "AFTER_LAT": 16.761597,
      "AFTER_LON": 96.172691,
      "SOG": 1.7,
      "MOVINGTIME": 1860.0,
      "ARRIVALTIME": "20251201093200"
    },
    {
      "SEQ": 7,
      "BEFORE_NODE": 7.0,
      "AFTER_NODE": 8.0,
      "BEFORE_LAT": 16.761597,
      "BEFORE_LON": 96.172691,
      "AFTER_LAT": 16.761377,
      "AFTER_LON": 96.172699,
      "SOG": 0.8,
      "MOVINGTIME": 1020.0,
      "ARRIVALTIME": "20251201094900"
    },
    {
      "SEQ": 8,
      "BEFORE_NODE": 8.0,
      "AFTER_NODE": 9.0,
      "BEFORE_LAT": 16.761377,
      "BEFORE_LON": 96.172699,
      "AFTER_LAT": 16.760426,
      "AFTER_LON": 96.172737,
      "SOG": 0.8,
      "MOVINGTIME": 2040.0,
      "ARRIVALTIME": "20251201102300"
    },
    {
      "SEQ": 9,
      "BEFORE_NODE": 9.0,
      "AFTER_NODE": 10.0,
      "BEFORE_LAT": 16.760426,
      "BEFORE_LON": 96.172737,
      "AFTER_LAT": 16.761009,
      "AFTER_LON": 96.173103,
      "SOG": 0.3,
      "MOVINGTIME": 3720.0,
      "ARRIVALTIME": "20251201112500"
    },
    {
      "SEQ": 10,
      "BEFORE_NODE": 10.0,
      "AFTER_NODE": 11.0,
      "BEFORE_LAT": 16.761009,
      "BEFORE_LON": 96.173103,
      "AFTER_LAT": 16.793964,
      "AFTER_LON": 96.119904,
      "SOG": 0.1,
      "MOVINGTIME": 18420.0,
      "ARRIVALTIME": "20251201163200"
    },
    {
      "SEQ": 11,
      "BEFORE_NODE": 11.0,
      "AFTER_NODE": 12.0,
      "BEFORE_LAT": 16.793964,
      "BEFORE_LON": 96.119904,
      "AFTER_LAT": 16.793947,
      "AFTER_LON": 96.119942,
      "SOG": 0.1,
      "MOVINGTIME": 1560.0,
      "ARRIVALTIME": "20251201165800"
    },
    {
      "SEQ": 12,
      "BEFORE_NODE": 12.0,
      "AFTER_NODE": 13.0,
      "BEFORE_LAT": 16.793947,
      "BEFORE_LON": 96.119942,
      "AFTER_LAT": 16.793989,
      "AFTER_LON": 96.119934,
      "SOG": 0.1,
      "MOVINGTIME": 1980.0,
      "ARRIVALTIME": "20251201173100"
    },
    {
      "SEQ": 13,
      "BEFORE_NODE": 13.0,
      "AFTER_NODE": 14.0,
      "BEFORE_LAT": 16.793989,
      "BEFORE_LON": 96.119934,
      "AFTER_LAT": 16.794003,
      "AFTER_LON": 96.119881,
      "SOG": 0,
      "MOVINGTIME": 1740.0,
      "ARRIVALTIME": "20251201180000"
    },
    {
      "SEQ": 14,
      "BEFORE_NODE": 14.0,
      "AFTER_NODE": 15.0,
      "BEFORE_LAT": 16.794003,
      "BEFORE_LON": 96.119881,
      "AFTER_LAT": 16.793989,
      "AFTER_LON": 96.119965,
      "SOG": 0.5,
      "MOVINGTIME": 1920.0,
      "ARRIVALTIME": "20251201183200"
    },
    {
      "SEQ": 15,
      "BEFORE_NODE": 15.0,
      "AFTER_NODE": 16.0,
      "BEFORE_LAT": 16.793989,
      "BEFORE_LON": 96.119965,
      "AFTER_LAT": 16.79401,
      "AFTER_LON": 96.119904,
      "SOG": 0.1,
      "MOVINGTIME": 1740.0,
      "ARRIVALTIME": "20251201190100"
    },
    {
      "SEQ": 16,
      "BEFORE_NODE": 16.0,
      "AFTER_NODE": 17.0,
      "BEFORE_LAT": 16.79401,
      "BEFORE_LON": 96.119904,
      "AFTER_LAT": 16.793982,
      "AFTER_LON": 96.119904,
      "SOG": 0,
      "MOVINGTIME": 1740.0,
      "ARRIVALTIME": "20251201193000"
    },
    {
      "SEQ": 17,
      "BEFORE_NODE": 17.0,
      "AFTER_NODE": 18.0,
      "BEFORE_LAT": 16.793982,
      "BEFORE_LON": 96.119904,
      "AFTER_LAT": 16.793989,
      "AFTER_LON": 96.119919,
      "SOG": 0,
      "MOVINGTIME": 3720.0,
      "ARRIVALTIME": "20251201203200"
    },
    {
      "SEQ": 18,
      "BEFORE_NODE": 18.0,
      "AFTER_NODE": 19.0,
      "BEFORE_LAT": 16.793989,
      "BEFORE_LON": 96.119919,
      "AFTER_LAT": 16.793993,
      "AFTER_LON": 96.119919,
      "SOG": 0,
      "MOVINGTIME": 1740.0,
      "ARRIVALTIME": "20251201210100"
    },
    {
      "SEQ": 19,
      "BEFORE_NODE": 19.0,
      "AFTER_NODE": 20.0,
      "BEFORE_LAT": 16.793993,
      "BEFORE_LON": 96.119919,
      "AFTER_LAT": 16.794003,
      "AFTER_LON": 96.119904,
      "SOG": 0,
      "MOVINGTIME": 5580.0,
      "ARRIVALTIME": "20251201223400"
    },
    {
      "SEQ": 20,
      "BEFORE_NODE": 20.0,
      "AFTER_NODE": 21.0,
      "BEFORE_LAT": 16.794003,
      "BEFORE_LON": 96.119904,
      "AFTER_LAT": 16.793999,
      "AFTER_LON": 96.119804,
      "SOG": 0.2,
      "MOVINGTIME": 5280.0,
      "ARRIVALTIME": "20251202000200"
    },
    {
      "SEQ": 21,
      "BEFORE_NODE": 21.0,
      "AFTER_NODE": 22.0,
      "BEFORE_LAT": 16.793999,
      "BEFORE_LON": 96.119804,
      "AFTER_LAT": 16.79398,
      "AFTER_LON": 96.119904,
      "SOG": 0.1,
      "MOVINGTIME": 1680.0,
      "ARRIVALTIME": "20251202003000"
    },
    {
      "SEQ": 22,
      "BEFORE_NODE": 22.0,
      "AFTER_NODE": 23.0,
      "BEFORE_LAT": 16.79398,
      "BEFORE_LON": 96.119904,
      "AFTER_LAT": 16.794006,
      "AFTER_LON": 96.119926,
      "SOG": 0,
      "MOVINGTIME": 3189.0,
      "ARRIVALTIME": "20251202012309"
    },
    {
      "SEQ": 23,
      "BEFORE_NODE": 23.0,
      "AFTER_NODE": 24.0,
      "BEFORE_LAT": 16.794006,
      "BEFORE_LON": 96.119926,
      "AFTER_LAT": 16.794006,
      "AFTER_LON": 96.119904,
      "SOG": 0.1,
      "MOVINGTIME": 20271.0,
      "ARRIVALTIME": "20251202070100"
    },
    {
      "SEQ": 24,
      "BEFORE_NODE": 24.0,
      "AFTER_NODE": 25.0,
      "BEFORE_LAT": 16.794006,
      "BEFORE_LON": 96.119904,
      "AFTER_LAT": 16.793983,
      "AFTER_LON": 96.119942,
      "SOG": 0,
      "MOVINGTIME": 1860.0,
      "ARRIVALTIME": "20251202073200"
    },
    {
      "SEQ": 25,
      "BEFORE_NODE": 25.0,
      "AFTER_NODE": 26.0,
      "BEFORE_LAT": 16.793983,
      "BEFORE_LON": 96.119942,
      "AFTER_LAT": 16.794046,
      "AFTER_LON": 96.119904,
      "SOG": 0.2,
      "MOVINGTIME": 1680.0,
      "ARRIVALTIME": "20251202080000"
    },
    {
      "SEQ": 26,
      "BEFORE_NODE": 26.0,
      "AFTER_NODE": 27.0,
      "BEFORE_LAT": 16.794046,
      "BEFORE_LON": 96.119904,
      "AFTER_LAT": 16.794016,
      "AFTER_LON": 96.119896,
      "SOG": 0.1,
      "MOVINGTIME": 1920.0,
      "ARRIVALTIME": "20251202083200"
    },
    {
      "SEQ": 27,
      "BEFORE_NODE": 27.0,
      "AFTER_NODE": 28.0,
      "BEFORE_LAT": 16.794016,
      "BEFORE_LON": 96.119896,
      "AFTER_LAT": 16.793968,
      "AFTER_LON": 96.119865,
      "SOG": 0.5,
      "MOVINGTIME": 1860.0,
      "ARRIVALTIME": "20251202090300"
    },
    {
      "SEQ": 28,
      "BEFORE_NODE": 28.0,
      "AFTER_NODE": 29.0,
      "BEFORE_LAT": 16.793968,
      "BEFORE_LON": 96.119865,
      "AFTER_LAT": 16.793974,
      "AFTER_LON": 96.119926,
      "SOG": 0.1,
      "MOVINGTIME": 1740.0,
      "ARRIVALTIME": "20251202093200"
    },
    {
      "SEQ": 29,
      "BEFORE_NODE": 29.0,
      "AFTER_NODE": 30.0,
      "BEFORE_LAT": 16.793974,
      "BEFORE_LON": 96.119926,
      "AFTER_LAT": 16.793989,
      "AFTER_LON": 96.119904,
      "SOG": 0.1,
      "MOVINGTIME": 1740.0,
      "ARRIVALTIME": "20251202100100"
    },
    {
      "SEQ": 30,
      "BEFORE_NODE": 30.0,
      "AFTER_NODE": 31.0,
      "BEFORE_LAT": 16.793989,
      "BEFORE_LON": 96.119904,
      "AFTER_LAT": 16.794027,
      "AFTER_LON": 96.119949,
      "SOG": 0.1,
      "MOVINGTIME": 1680.0,
      "ARRIVALTIME": "20251202102900"
    },
    {
      "SEQ": 31,
      "BEFORE_NODE": 31.0,
      "AFTER_NODE": 32.0,
      "BEFORE_LAT": 16.794027,
      "BEFORE_LON": 96.119949,
      "AFTER_LAT": 16.793953,
      "AFTER_LON": 96.119949,
      "SOG": 0.1,
      "MOVINGTIME": 1800.0,
      "ARRIVALTIME": "20251202105900"
    },
    {
      "SEQ": 32,
      "BEFORE_NODE": 32.0,
      "AFTER_NODE": 33.0,
      "BEFORE_LAT": 16.793953,
      "BEFORE_LON": 96.119949,
      "AFTER_LAT": 16.793976,
      "AFTER_LON": 96.119957,
      "SOG": 0,
      "MOVINGTIME": 2100.0,
      "ARRIVALTIME": "20251202113400"
    },
    {
      "SEQ": 33,
      "BEFORE_NODE": 33.0,
      "AFTER_NODE": 34.0,
      "BEFORE_LAT": 16.793976,
      "BEFORE_LON": 96.119957,
      "AFTER_LAT": 16.793932,
      "AFTER_LON": 96.119987,
      "SOG": 1.7,
      "MOVINGTIME": 1620.0,
      "ARRIVALTIME": "20251202120100"
    },
    {
      "SEQ": 34,
      "BEFORE_NODE": 34.0,
      "AFTER_NODE": 35.0,
      "BEFORE_LAT": 16.793932,
      "BEFORE_LON": 96.119987,
      "AFTER_LAT": 16.793791,
      "AFTER_LON": 96.120171,
      "SOG": 4.9,
      "MOVINGTIME": 1800.0,
      "ARRIVALTIME": "20251202123100"
    },
    {
      "SEQ": 35,
      "BEFORE_NODE": 35.0,
      "AFTER_NODE": 36.0,
      "BEFORE_LAT": 16.793791,
      "BEFORE_LON": 96.120171,
      "AFTER_LAT": 16.793692,
      "AFTER_LON": 96.120056,
      "SOG": 7,
      "MOVINGTIME": 1800.0,
      "ARRIVALTIME": "20251202130100"
    },
    {
      "SEQ": 36,
      "BEFORE_NODE": 36.0,
      "AFTER_NODE": 37.0,
      "BEFORE_LAT": 16.793692,
      "BEFORE_LON": 96.120056,
      "AFTER_LAT": 16.793896,
      "AFTER_LON": 96.120293,
      "SOG": 7.6,
      "MOVINGTIME": 1620.0,
      "ARRIVALTIME": "20251202132800"
    },
    {
      "SEQ": 37,
      "BEFORE_NODE": 37.0,
      "AFTER_NODE": 38.0,
      "BEFORE_LAT": 16.793896,
      "BEFORE_LON": 96.120293,
      "AFTER_LAT": 16.793951,
      "AFTER_LON": 96.119896,
      "SOG": 0.1,
      "MOVINGTIME": 1860.0,
      "ARRIVALTIME": "20251202135900"
    },
    {
      "SEQ": 38,
      "BEFORE_NODE": 38.0,
      "AFTER_NODE": 39.0,
      "BEFORE_LAT": 16.793951,
      "BEFORE_LON": 96.119896,
      "AFTER_LAT": 16.793968,
      "AFTER_LON": 96.119881,
      "SOG": 0,
      "MOVINGTIME": 1906.0,
      "ARRIVALTIME": "20251202143046"
    },
    {
      "SEQ": 39,
      "BEFORE_NODE": 39.0,
      "AFTER_NODE": 40.0,
      "BEFORE_LAT": 16.793968,
      "BEFORE_LON": 96.119881,
      "AFTER_LAT": 16.793953,
      "AFTER_LON": 96.119835,
      "SOG": 0.1,
      "MOVINGTIME": 1634.0,
      "ARRIVALTIME": "20251202145800"
    },
    {
      "SEQ": 40,
      "BEFORE_NODE": 40.0,
      "AFTER_NODE": 41.0,
      "BEFORE_LAT": 16.793953,
      "BEFORE_LON": 96.119835,
      "AFTER_LAT": 16.79393,
      "AFTER_LON": 96.119896,
      "SOG": 0.3,
      "MOVINGTIME": 1920.0,
      "ARRIVALTIME": "20251202153000"
    },
    {
      "SEQ": 41,
      "BEFORE_NODE": 41.0,
      "AFTER_NODE": 42.0,
      "BEFORE_LAT": 16.79393,
      "BEFORE_LON": 96.119896,
      "AFTER_LAT": 16.793951,
      "AFTER_LON": 96.119911,
      "SOG": 0.1,
      "MOVINGTIME": 1800.0,
      "ARRIVALTIME": "20251202160000"
    },
    {
      "SEQ": 42,
      "BEFORE_NODE": 42.0,
      "AFTER_NODE": 43.0,
      "BEFORE_LAT": 16.793951,
      "BEFORE_LON": 96.119911,
      "AFTER_LAT": 16.793795,
      "AFTER_LON": 96.119972,
      "SOG": 0.3,
      "MOVINGTIME": 1860.0,
      "ARRIVALTIME": "20251202163100"
    },
    {
      "SEQ": 43,
      "BEFORE_NODE": 43.0,
      "AFTER_NODE": 44.0,
      "BEFORE_LAT": 16.793795,
      "BEFORE_LON": 96.119972,
      "AFTER_LAT": 16.794044,
      "AFTER_LON": 96.119797,
      "SOG": 0.4,
      "MOVINGTIME": 1740.0,
      "ARRIVALTIME": "20251202170000"
    },
    {
      "SEQ": 44,
      "BEFORE_NODE": 44.0,
      "AFTER_NODE": 45.0,
      "BEFORE_LAT": 16.794044,
      "BEFORE_LON": 96.119797,
      "AFTER_LAT": 16.794098,
      "AFTER_LON": 96.119904,
      "SOG": 1,
      "MOVINGTIME": 1860.0,
      "ARRIVALTIME": "20251202173100"
    },
    {
      "SEQ": 45,
      "BEFORE_NODE": 45.0,
      "AFTER_NODE": 46.0,
      "BEFORE_LAT": 16.794098,
      "BEFORE_LON": 96.119904,
      "AFTER_LAT": 16.794039,
      "AFTER_LON": 96.119797,
      "SOG": 0.4,
      "MOVINGTIME": 1800.0,
      "ARRIVALTIME": "20251202180100"
    },
    {
      "SEQ": 46,
      "BEFORE_NODE": 46.0,
      "AFTER_NODE": 47.0,
      "BEFORE_LAT": 16.794039,
      "BEFORE_LON": 96.119797,
      "AFTER_LAT": 16.794111,
      "AFTER_LON": 96.119629,
      "SOG": 0.6,
      "MOVINGTIME": 1800.0,
      "ARRIVALTIME": "20251202183100"
    },
    {
      "SEQ": 47,
      "BEFORE_NODE": 47.0,
      "AFTER_NODE": 48.0,
      "BEFORE_LAT": 16.794111,
      "BEFORE_LON": 96.119629,
      "AFTER_LAT": 16.794107,
      "AFTER_LON": 96.119698,
      "SOG": 2.2,
      "MOVINGTIME": 1860.0,
      "ARRIVALTIME": "20251202190200"
    },
    {
      "SEQ": 48,
      "BEFORE_NODE": 48.0,
      "AFTER_NODE": 49.0,
      "BEFORE_LAT": 16.794107,
      "BEFORE_LON": 96.119698,
      "AFTER_LAT": 16.794107,
      "AFTER_LON": 96.119843,
      "SOG": 0.5,
      "MOVINGTIME": 1800.0,
      "ARRIVALTIME": "20251202193200"
    },
    {
      "SEQ": 49,
      "BEFORE_NODE": 49.0,
      "AFTER_NODE": 50.0,
      "BEFORE_LAT": 16.794107,
      "BEFORE_LON": 96.119843,
      "AFTER_LAT": 16.793709,
      "AFTER_LON": 96.120117,
      "SOG": 1.8,
      "MOVINGTIME": 1800.0,
      "ARRIVALTIME": "20251202200200"
    },
    {
      "SEQ": 50,
      "BEFORE_NODE": 50.0,
      "AFTER_NODE": 51.0,
      "BEFORE_LAT": 16.793709,
      "BEFORE_LON": 96.120117,
      "AFTER_LAT": 16.793919,
      "AFTER_LON": 96.120064,
      "SOG": 0.8,
      "MOVINGTIME": 1800.0,
      "ARRIVALTIME": "20251202203200"
    },
    {
      "SEQ": 51,
      "BEFORE_NODE": 51.0,
      "AFTER_NODE": 52.0,
      "BEFORE_LAT": 16.793919,
      "BEFORE_LON": 96.120064,
      "AFTER_LAT": 16.794001,
      "AFTER_LON": 96.119957,
      "SOG": 1.2,
      "MOVINGTIME": 1800.0,
      "ARRIVALTIME": "20251202210200"
    },
    {
      "SEQ": 52,
      "BEFORE_NODE": 52.0,
      "AFTER_NODE": 53.0,
      "BEFORE_LAT": 16.794001,
      "BEFORE_LON": 96.119957,
      "AFTER_LAT": 16.794146,
      "AFTER_LON": 96.12001,
      "SOG": 0.6,
      "MOVINGTIME": 1800.0,
      "ARRIVALTIME": "20251202213200"
    },
    {
      "SEQ": 53,
      "BEFORE_NODE": 53.0,
      "AFTER_NODE": 54.0,
      "BEFORE_LAT": 16.794146,
      "BEFORE_LON": 96.12001,
      "AFTER_LAT": 16.793741,
      "AFTER_LON": 96.119904,
      "SOG": 1.3,
      "MOVINGTIME": 1740.0,
      "ARRIVALTIME": "20251202220100"
    },
    {
      "SEQ": 54,
      "BEFORE_NODE": 54.0,
      "AFTER_NODE": 55.0,
      "BEFORE_LAT": 16.793741,
      "BEFORE_LON": 96.119904,
      "AFTER_LAT": 16.793936,
      "AFTER_LON": 96.119698,
      "SOG": 0.6,
      "MOVINGTIME": 1740.0,
      "ARRIVALTIME": "20251202223000"
    },
    {
      "SEQ": 55,
      "BEFORE_NODE": 55.0,
      "AFTER_NODE": 56.0,
      "BEFORE_LAT": 16.793936,
      "BEFORE_LON": 96.119698,
      "AFTER_LAT": 16.793976,
      "AFTER_LON": 96.119934,
      "SOG": 0.6,
      "MOVINGTIME": 1980.0,
      "ARRIVALTIME": "20251202230300"
    },
    {
      "SEQ": 56,
      "BEFORE_NODE": 56.0,
      "AFTER_NODE": 57.0,
      "BEFORE_LAT": 16.793976,
      "BEFORE_LON": 96.119934,
      "AFTER_LAT": 16.793989,
      "AFTER_LON": 96.119881,
      "SOG": 0,
      "MOVINGTIME": 1560.0,
      "ARRIVALTIME": "20251202232900"
    },
    {
      "SEQ": 57,
      "BEFORE_NODE": 57.0,
      "AFTER_NODE": 58.0,
      "BEFORE_LAT": 16.793989,
      "BEFORE_LON": 96.119881,
      "AFTER_LAT": 16.794008,
      "AFTER_LON": 96.119881,
      "SOG": 0,
      "MOVINGTIME": 1980.0,
      "ARRIVALTIME": "20251203000200"
    },
    {
      "SEQ": 58,
      "BEFORE_NODE": 58.0,
      "AFTER_NODE": 59.0,
      "BEFORE_LAT": 16.794008,
      "BEFORE_LON": 96.119881,
      "AFTER_LAT": 16.793997,
      "AFTER_LON": 96.119888,
      "SOG": 0,
      "MOVINGTIME": 1800.0,
      "ARRIVALTIME": "20251203003200"
    },
    {
      "SEQ": 59,
      "BEFORE_NODE": 59.0,
      "AFTER_NODE": 60.0,
      "BEFORE_LAT": 16.793997,
      "BEFORE_LON": 96.119888,
      "AFTER_LAT": 16.794016,
      "AFTER_LON": 96.119881,
      "SOG": 0,
      "MOVINGTIME": 1920.0,
      "ARRIVALTIME": "20251203010400"
    },
    {
      "SEQ": 60,
      "BEFORE_NODE": 60.0,
      "AFTER_NODE": 61.0,
      "BEFORE_LAT": 16.794016,
      "BEFORE_LON": 96.119881,
      "AFTER_LAT": 16.79402,
      "AFTER_LON": 96.119904,
      "SOG": 0,
      "MOVINGTIME": 1920.0,
      "ARRIVALTIME": "20251203013600"
    },
    {
      "SEQ": 61,
      "BEFORE_NODE": 61.0,
      "AFTER_NODE": 62.0,
      "BEFORE_LAT": 16.79402,
      "BEFORE_LON": 96.119904,
      "AFTER_LAT": 16.794027,
      "AFTER_LON": 96.119904,
      "SOG": 0,
      "MOVINGTIME": 1740.0,
      "ARRIVALTIME": "20251203020500"
    },
    {
      "SEQ": 62,
      "BEFORE_NODE": 62.0,
      "AFTER_NODE": 63.0,
      "BEFORE_LAT": 16.794027,
      "BEFORE_LON": 96.119904,
      "AFTER_LAT": 16.794008,
      "AFTER_LON": 96.119904,
      "SOG": 0,
      "MOVINGTIME": 1800.0,
      "ARRIVALTIME": "20251203023500"
    },
    {
      "SEQ": 63,
      "BEFORE_NODE": 63.0,
      "AFTER_NODE": 64.0,
      "BEFORE_LAT": 16.794008,
      "BEFORE_LON": 96.119904,
      "AFTER_LAT": 16.794016,
      "AFTER_LON": 96.119888,
      "SOG": 0,
      "MOVINGTIME": 1800.0,
      "ARRIVALTIME": "20251203030500"
    },
    {
      "SEQ": 64,
      "BEFORE_NODE": 64.0,
      "AFTER_NODE": 65.0,
      "BEFORE_LAT": 16.794016,
      "BEFORE_LON": 96.119888,
      "AFTER_LAT": 16.794029,
      "AFTER_LON": 96.119904,
      "SOG": 0,
      "MOVINGTIME": 1800.0,
      "ARRIVALTIME": "20251203033500"
    },
    {
      "SEQ": 65,
      "BEFORE_NODE": 65.0,
      "AFTER_NODE": 66.0,
      "BEFORE_LAT": 16.794029,
      "BEFORE_LON": 96.119904,
      "AFTER_LAT": 16.794014,
      "AFTER_LON": 96.119881,
      "SOG": 0,
      "MOVINGTIME": 1560.0,
      "ARRIVALTIME": "20251203040100"
    },
    {
      "SEQ": 66,
      "BEFORE_NODE": 66.0,
      "AFTER_NODE": 67.0,
      "BEFORE_LAT": 16.794014,
      "BEFORE_LON": 96.119881,
      "AFTER_LAT": 16.794039,
      "AFTER_LON": 96.119858,
      "SOG": 0,
      "MOVINGTIME": 1860.0,
      "ARRIVALTIME": "20251203043200"
    },
    {
      "SEQ": 67,
      "BEFORE_NODE": 67.0,
      "AFTER_NODE": 68.0,
      "BEFORE_LAT": 16.794039,
      "BEFORE_LON": 96.119858,
      "AFTER_LAT": 16.794027,
      "AFTER_LON": 96.119942,
      "SOG": 0.1,
      "MOVINGTIME": 1860.0,
      "ARRIVALTIME": "20251203050300"
    },
    {
      "SEQ": 68,
      "BEFORE_NODE": 68.0,
      "AFTER_NODE": 69.0,
      "BEFORE_LAT": 16.794027,
      "BEFORE_LON": 96.119942,
      "AFTER_LAT": 16.79401,
      "AFTER_LON": 96.119904,
      "SOG": 0,
      "MOVINGTIME": 1800.0,
      "ARRIVALTIME": "20251203053300"
    },
    {
      "SEQ": 69,
      "BEFORE_NODE": 69.0,
      "AFTER_NODE": 70.0,
      "BEFORE_LAT": 16.79401,
      "BEFORE_LON": 96.119904,
      "AFTER_LAT": 16.794014,
      "AFTER_LON": 96.119919,
      "SOG": 0,
      "MOVINGTIME": 1920.0,
      "ARRIVALTIME": "20251203060500"
    },
    {
      "SEQ": 70,
      "BEFORE_NODE": 70.0,
      "AFTER_NODE": 71.0,
      "BEFORE_LAT": 16.794014,
      "BEFORE_LON": 96.119919,
      "AFTER_LAT": 16.794016,
      "AFTER_LON": 96.119896,
      "SOG": 0,
      "MOVINGTIME": 1620.0,
      "ARRIVALTIME": "20251203063200"
    },
    {
      "SEQ": 71,
      "BEFORE_NODE": 71.0,
      "AFTER_NODE": 72.0,
      "BEFORE_LAT": 16.794016,
      "BEFORE_LON": 96.119896,
      "AFTER_LAT": 16.79405,
      "AFTER_LON": 96.119873,
      "SOG": 0,
      "MOVINGTIME": 1740.0,
      "ARRIVALTIME": "20251203070100"
    },
    {
      "SEQ": 72,
      "BEFORE_NODE": 72.0,
      "AFTER_NODE": 73.0,
      "BEFORE_LAT": 16.79405,
      "BEFORE_LON": 96.119873,
      "AFTER_LAT": 16.794018,
      "AFTER_LON": 96.119896,
      "SOG": 0,
      "MOVINGTIME": 1800.0,
      "ARRIVALTIME": "20251203073100"
    },
    {
      "SEQ": 73,
      "BEFORE_NODE": 73.0,
      "AFTER_NODE": 74.0,
      "BEFORE_LAT": 16.794018,
      "BEFORE_LON": 96.119896,
      "AFTER_LAT": 16.794064,
      "AFTER_LON": 96.119896,
      "SOG": 0,
      "MOVINGTIME": 1620.0,
      "ARRIVALTIME": "20251203075800"
    },
    {
      "SEQ": 74,
      "BEFORE_NODE": 74.0,
      "AFTER_NODE": 75.0,
      "BEFORE_LAT": 16.794064,
      "BEFORE_LON": 96.119896,
      "AFTER_LAT": 16.794033,
      "AFTER_LON": 96.119865,
      "SOG": 0,
      "MOVINGTIME": 1800.0,
      "ARRIVALTIME": "20251203082800"
    },
    {
      "SEQ": 75,
      "BEFORE_NODE": 75.0,
      "AFTER_NODE": 76.0,
      "BEFORE_LAT": 16.794033,
      "BEFORE_LON": 96.119865,
      "AFTER_LAT": 16.794043,
      "AFTER_LON": 96.119904,
      "SOG": 0,
      "MOVINGTIME": 1920.0,
      "ARRIVALTIME": "20251203090000"
    },
    {
      "SEQ": 76,
      "BEFORE_NODE": 76.0,
      "AFTER_NODE": 77.0,
      "BEFORE_LAT": 16.794043,
      "BEFORE_LON": 96.119904,
      "AFTER_LAT": 16.794039,
      "AFTER_LON": 96.119904,
      "SOG": 0,
      "MOVINGTIME": 1920.0,
      "ARRIVALTIME": "20251203093200"
    },
    {
      "SEQ": 77,
      "BEFORE_NODE": 77.0,
      "AFTER_NODE": 78.0,
      "BEFORE_LAT": 16.794039,
      "BEFORE_LON": 96.119904,
      "AFTER_LAT": 16.793976,
      "AFTER_LON": 96.119949,
      "SOG": 0.5,
      "MOVINGTIME": 1740.0,
      "ARRIVALTIME": "20251203100100"
    },
    {
      "SEQ": 78,
      "BEFORE_NODE": 78.0,
      "AFTER_NODE": 79.0,
      "BEFORE_LAT": 16.793976,
      "BEFORE_LON": 96.119949,
      "AFTER_LAT": 16.794018,
      "AFTER_LON": 96.119904,
      "SOG": 0,
      "MOVINGTIME": 3480.0,
      "ARRIVALTIME": "20251203105900"
    },
    {
      "SEQ": 79,
      "BEFORE_NODE": 79.0,
      "AFTER_NODE": 80.0,
      "BEFORE_LAT": 16.794018,
      "BEFORE_LON": 96.119904,
      "AFTER_LAT": 16.79401,
      "AFTER_LON": 96.119896,
      "SOG": 0,
      "MOVINGTIME": 3720.0,
      "ARRIVALTIME": "20251203120100"
    },
    {
      "SEQ": 80,
      "BEFORE_NODE": 80.0,
      "AFTER_NODE": 81.0,
      "BEFORE_LAT": 16.79401,
      "BEFORE_LON": 96.119896,
      "AFTER_LAT": 16.793997,
      "AFTER_LON": 96.119911,
      "SOG": 0,
      "MOVINGTIME": 5460.0,
      "ARRIVALTIME": "20251203133200"
    },
    {
      "SEQ": 81,
      "BEFORE_NODE": 81.0,
      "AFTER_NODE": 82.0,
      "BEFORE_LAT": 16.793997,
      "BEFORE_LON": 96.119911,
      "AFTER_LAT": 16.793976,
      "AFTER_LON": 96.119911,
      "SOG": 0,
      "MOVINGTIME": 1740.0,
      "ARRIVALTIME": "20251203140100"
    },
    {
      "SEQ": 82,
      "BEFORE_NODE": 82.0,
      "AFTER_NODE": 83.0,
      "BEFORE_LAT": 16.793976,
      "BEFORE_LON": 96.119911,
      "AFTER_LAT": 16.789429,
      "AFTER_LON": 96.11644,
      "SOG": 0.3,
      "MOVINGTIME": 1560.0,
      "ARRIVALTIME": "20251203142700"
    },
    {
      "SEQ": 83,
      "BEFORE_NODE": 83.0,
      "AFTER_NODE": 84.0,
      "BEFORE_LAT": 16.789429,
      "BEFORE_LON": 96.11644,
      "AFTER_LAT": 16.789635,
      "AFTER_LON": 96.116989,
      "SOG": 0,
      "MOVINGTIME": 2040.0,
      "ARRIVALTIME": "20251203150100"
    },
    {
      "SEQ": 84,
      "BEFORE_NODE": 84.0,
      "AFTER_NODE": 85.0,
      "BEFORE_LAT": 16.789635,
      "BEFORE_LON": 96.116989,
      "AFTER_LAT": 16.789679,
      "AFTER_LON": 96.11705,
      "SOG": 0.1,
      "MOVINGTIME": 1740.0,
      "ARRIVALTIME": "20251203153000"
    },
    {
      "SEQ": 85,
      "BEFORE_NODE": 85.0,
      "AFTER_NODE": 86.0,
      "BEFORE_LAT": 16.789679,
      "BEFORE_LON": 96.11705,
      "AFTER_LAT": 16.789671,
      "AFTER_LON": 96.116928,
      "SOG": 0,
      "MOVINGTIME": 1740.0,
      "ARRIVALTIME": "20251203155900"
    },
    {
      "SEQ": 86,
      "BEFORE_NODE": 86.0,
      "AFTER_NODE": 87.0,
      "BEFORE_LAT": 16.789671,
      "BEFORE_LON": 96.116928,
      "AFTER_LAT": 16.771509,
      "AFTER_LON": 96.129303,
      "SOG": 6.5,
      "MOVINGTIME": 9120.0,
      "ARRIVALTIME": "20251203183100"
    },
    {
      "SEQ": 87,
      "BEFORE_NODE": 87.0,
      "AFTER_NODE": 88.0,
      "BEFORE_LAT": 16.771509,
      "BEFORE_LON": 96.129303,
      "AFTER_LAT": 16.759974,
      "AFTER_LON": 96.180161,
      "SOG": 6,
      "MOVINGTIME": 1680.0,
      "ARRIVALTIME": "20251203185900"
    },
    {
      "SEQ": 88,
      "BEFORE_NODE": 88.0,
      "AFTER_NODE": 89.0,
      "BEFORE_LAT": 16.759974,
      "BEFORE_LON": 96.180161,
      "AFTER_LAT": 16.724741,
      "AFTER_LON": 96.212677,
      "SOG": 6.9,
      "MOVINGTIME": 1500.0,
      "ARRIVALTIME": "20251203192400"
    },
    {
      "SEQ": 89,
      "BEFORE_NODE": 89.0,
      "AFTER_NODE": 90.0,
      "BEFORE_LAT": 16.724741,
      "BEFORE_LON": 96.212677,
      "AFTER_LAT": 14.849862,
      "AFTER_LON": 96.569122,
      "SOG": 15.1,
      "MOVINGTIME": 71640.0,
      "ARRIVALTIME": "20251204151800"
    },
    {
      "SEQ": 90,
      "BEFORE_NODE": 90.0,
      "AFTER_NODE": 91.0,
      "BEFORE_LAT": 14.849862,
      "BEFORE_LON": 96.569122,
      "AFTER_LAT": 14.680502,
      "AFTER_LON": 96.57843,
      "SOG": 15.3,
      "MOVINGTIME": 2340.0,
      "ARRIVALTIME": "20251204155700"
    },
    {
      "SEQ": 91,
      "BEFORE_NODE": 91.0,
      "AFTER_NODE": 92.0,
      "BEFORE_LAT": 14.680502,
      "BEFORE_LON": 96.57843,
      "AFTER_LAT": 14.263588,
      "AFTER_LON": 96.600807,
      "SOG": 16.2,
      "MOVINGTIME": 5460.0,
      "ARRIVALTIME": "20251204172800"
    },
    {
      "SEQ": 92,
      "BEFORE_NODE": 92.0,
      "AFTER_NODE": 93.0,
      "BEFORE_LAT": 14.263588,
      "BEFORE_LON": 96.600807,
      "AFTER_LAT": 14.035192,
      "AFTER_LON": 96.612083,
      "SOG": 16.7,
      "MOVINGTIME": 3180.0,
      "ARRIVALTIME": "20251204182100"
    },
    {
      "SEQ": 93,
      "BEFORE_NODE": 93.0,
      "AFTER_NODE": 94.0,
      "BEFORE_LAT": 14.035192,
      "BEFORE_LON": 96.612083,
      "AFTER_LAT": 13.758906,
      "AFTER_LON": 96.629234,
      "SOG": 16.7,
      "MOVINGTIME": 3600.0,
      "ARRIVALTIME": "20251204192100"
    },
    {
      "SEQ": 94,
      "BEFORE_NODE": 94.0,
      "AFTER_NODE": 95.0,
      "BEFORE_LAT": 13.758906,
      "BEFORE_LON": 96.629234,
      "AFTER_LAT": 9.465785,
      "AFTER_LON": 97.061798,
      "SOG": 14.1,
      "MOVINGTIME": 56160.0,
      "ARRIVALTIME": "20251205105700"
    },
    {
      "SEQ": 95,
      "BEFORE_NODE": 95.0,
      "AFTER_NODE": 96.0,
      "BEFORE_LAT": 9.465785,
      "BEFORE_LON": 97.061798,
      "AFTER_LAT": 9.3469915,
      "AFTER_LON": 97.072578,
      "SOG": 13.8,
      "MOVINGTIME": 1740.0,
      "ARRIVALTIME": "20251205112600"
    },
    {
      "SEQ": 96,
      "BEFORE_NODE": 96.0,
      "AFTER_NODE": 97.0,
      "BEFORE_LAT": 9.3469915,
      "BEFORE_LON": 97.072578,
      "AFTER_LAT": 7.7321348,
      "AFTER_LON": 97.796829,
      "SOG": 13.1,
      "MOVINGTIME": 28560.0,
      "ARRIVALTIME": "20251205192200"
    },
    {
      "SEQ": 97,
      "BEFORE_NODE": 97.0,
      "AFTER_NODE": 98.0,
      "BEFORE_LAT": 7.7321348,
      "BEFORE_LON": 97.796829,
      "AFTER_LAT": 5.8190618,
      "AFTER_LON": 99.04097,
      "SOG": 13.8,
      "MOVINGTIME": 35760.0,
      "ARRIVALTIME": "20251206051800"
    },
    {
      "SEQ": 98,
      "BEFORE_NODE": 98.0,
      "AFTER_NODE": 99.0,
      "BEFORE_LAT": 5.8190618,
      "BEFORE_LON": 99.04097,
      "AFTER_LAT": 5.3884101,
      "AFTER_LON": 99.320099,
      "SOG": 14.1,
      "MOVINGTIME": 7500.0,
      "ARRIVALTIME": "20251206072300"
    },
    {
      "SEQ": 99,
      "BEFORE_NODE": 99.0,
      "AFTER_NODE": 100.0,
      "BEFORE_LAT": 5.3884101,
      "BEFORE_LON": 99.320099,
      "AFTER_LAT": 5.0701718,
      "AFTER_LON": 99.524498,
      "SOG": 14.5,
      "MOVINGTIME": 6000.0,
      "ARRIVALTIME": "20251206090300"
    },
    {
      "SEQ": 100,
      "BEFORE_NODE": 100.0,
      "AFTER_NODE": 101.0,
      "BEFORE_LAT": 5.0701718,
      "BEFORE_LON": 99.524498,
      "AFTER_LAT": 4.9626784,
      "AFTER_LON": 99.593178,
      "SOG": 14.1,
      "MOVINGTIME": 1800.0,
      "ARRIVALTIME": "20251206093300"
    },
    {
      "SEQ": 101,
      "BEFORE_NODE": 101.0,
      "AFTER_NODE": 102.0,
      "BEFORE_LAT": 4.9626784,
      "BEFORE_LON": 99.593178,
      "AFTER_LAT": 4.882,
      "AFTER_LON": 99.645905,
      "SOG": 14,
      "MOVINGTIME": 1320.0,
      "ARRIVALTIME": "20251206095500"
    },
    {
      "SEQ": 102,
      "BEFORE_NODE": 102.0,
      "AFTER_NODE": 103.0,
      "BEFORE_LAT": 4.882,
      "BEFORE_LON": 99.645905,
      "AFTER_LAT": 4.78227,
      "AFTER_LON": 99.71273,
      "SOG": 14,
      "MOVINGTIME": 1860.0,
      "ARRIVALTIME": "20251206102600"
    },
    {
      "SEQ": 103,
      "BEFORE_NODE": 103.0,
      "AFTER_NODE": 104.0,
      "BEFORE_LAT": 4.78227,
      "BEFORE_LON": 99.71273,
      "AFTER_LAT": 4.67308,
      "AFTER_LON": 99.782532,
      "SOG": 13.6,
      "MOVINGTIME": 1980.0,
      "ARRIVALTIME": "20251206105900"
    },
    {
      "SEQ": 104,
      "BEFORE_NODE": 104.0,
      "AFTER_NODE": 105.0,
      "BEFORE_LAT": 4.67308,
      "BEFORE_LON": 99.782532,
      "AFTER_LAT": 4.4149652,
      "AFTER_LON": 99.941689,
      "SOG": 13.1,
      "MOVINGTIME": 5040.0,
      "ARRIVALTIME": "20251206122300"
    },
    {
      "SEQ": 105,
      "BEFORE_NODE": 105.0,
      "AFTER_NODE": 106.0,
      "BEFORE_LAT": 4.4149652,
      "BEFORE_LON": 99.941689,
      "AFTER_LAT": 4.3026733,
      "AFTER_LON": 100.00732,
      "SOG": 13.1,
      "MOVINGTIME": 1860.0,
      "ARRIVALTIME": "20251206125400"
    },
    {
      "SEQ": 106,
      "BEFORE_NODE": 106.0,
      "AFTER_NODE": 107.0,
      "BEFORE_LAT": 4.3026733,
      "BEFORE_LON": 100.00732,
      "AFTER_LAT": 4.1946616,
      "AFTER_LON": 100.07737,
      "SOG": 13.1,
      "MOVINGTIME": 2160.0,
      "ARRIVALTIME": "20251206133000"
    },
    {
      "SEQ": 107,
      "BEFORE_NODE": 107.0,
      "AFTER_NODE": 108.0,
      "BEFORE_LAT": 4.1946616,
      "BEFORE_LON": 100.07737,
      "AFTER_LAT": 4.1316152,
      "AFTER_LON": 100.11475,
      "SOG": 13.1,
      "MOVINGTIME": 1620.0,
      "ARRIVALTIME": "20251206135700"
    }
  ]
}