{
  "mmsi": "440761000",
  "PredResult": [
    {
      "SEQ": 0,
      "BEFORE_NODE": 0.0,
      "AFTER_NODE": 1.0,
      "BEFORE_LAT": 21.947451,
      "BEFORE_LON": 114.40305,
      "AFTER_LAT": 21.813601,
      "AFTER_LON": 114.40955,
      "SOG": 15.8,
      "MOVINGTIME": 1860.0,
      "ARRIVALTIME": "20251129152700"
    },
    {
      "SEQ": 1,
      "BEFORE_NODE": 1.0,
      "AFTER_NODE": 2.0,
      "BEFORE_LAT": 21.813601,
      "BEFORE_LON": 114.40955,
      "AFTER_LAT": 21.667833,
      "AFTER_LON": 114.39407,
      "SOG": 15.6,
      "MOVINGTIME": 1920.0,
      "ARRIVALTIME": "20251129155900"
    },
    {
      "SEQ": 2,
      "BEFORE_NODE": 2.0,
      "AFTER_NODE": 3.0,
      "BEFORE_LAT": 21.667833,
      "BEFORE_LON": 114.39407,
      "AFTER_LAT": 21.576151,
      "AFTER_LON": 114.39221,
      "SOG": 15.6,
      "MOVINGTIME": 1800.0,
      "ARRIVALTIME": "20251129162900"
    },
    {
      "SEQ": 3,
      "BEFORE_NODE": 3.0,
      "AFTER_NODE": 4.0,
      "BEFORE_LAT": 21.576151,
      "BEFORE_LON": 114.39221,
      "AFTER_LAT": 21.439217,
      "AFTER_LON": 114.38968,
      "SOG": 15.6,
      "MOVINGTIME": 1740.0,
      "ARRIVALTIME": "20251129165800"
    },
    {
      "SEQ": 4,
      "BEFORE_NODE": 4.0,
      "AFTER_NODE": 5.0,
      "BEFORE_LAT": 21.439217,
      "BEFORE_LON": 114.38968,
      "AFTER_LAT": 21.305267,
      "AFTER_LON": 114.44787,
      "SOG": 15.3,
      "MOVINGTIME": 1740.0,
      "ARRIVALTIME": "20251129172700"
    },
    {
      "SEQ": 5,
      "BEFORE_NODE": 5.0,
      "AFTER_NODE": 6.0,
      "BEFORE_LAT": 21.305267,
      "BEFORE_LON": 114.44787,
      "AFTER_LAT": 21.182699,
      "AFTER_LON": 114.46301,
      "SOG": 15.5,
      "MOVINGTIME": 1620.0,
      "ARRIVALTIME": "20251129175400"
    },
    {
      "SEQ": 6,
      "BEFORE_NODE": 6.0,
      "AFTER_NODE": 7.0,
      "BEFORE_LAT": 21.182699,
      "BEFORE_LON": 114.46301,
      "AFTER_LAT": 21.075916,
      "AFTER_LON": 114.47218,
      "SOG": 15.6,
      "MOVINGTIME": 1980.0,
      "ARRIVALTIME": "20251129182700"
    },
    {
      "SEQ": 7,
      "BEFORE_NODE": 7.0,
      "AFTER_NODE": 8.0,
      "BEFORE_LAT": 21.075916,
      "BEFORE_LON": 114.47218,
      "AFTER_LAT": 20.929483,
      "AFTER_LON": 114.47646,
      "SOG": 15.6,
      "MOVINGTIME": 1680.0,
      "ARRIVALTIME": "20251129185500"
    },
    {
      "SEQ": 8,
      "BEFORE_NODE": 8.0,
      "AFTER_NODE": 9.0,
      "BEFORE_LAT": 20.929483,
      "BEFORE_LON": 114.47646,
      "AFTER_LAT": 20.784367,
      "AFTER_LON": 114.48079,
      "SOG": 15.5,
      "MOVINGTIME": 1920.0,
      "ARRIVALTIME": "20251129192700"
    },
    {
      "SEQ": 9,
      "BEFORE_NODE": 9.0,
      "AFTER_NODE": 10.0,
      "BEFORE_LAT": 20.784367,
      "BEFORE_LON": 114.48079,
      "AFTER_LAT": 20.679001,
      "AFTER_LON": 114.49465,
      "SOG": 15.6,
      "MOVINGTIME": 1800.0,
      "ARRIVALTIME": "20251129195700"
    },
    {
      "SEQ": 10,
      "BEFORE_NODE": 10.0,
      "AFTER_NODE": 11.0,
      "BEFORE_LAT": 20.679001,
      "BEFORE_LON": 114.49465,
      "AFTER_LAT": 20.544083,
      "AFTER_LON": 114.47792,
      "SOG": 15.6,
      "MOVINGTIME": 1860.0,
      "ARRIVALTIME": "20251129202800"
    },
    {
      "SEQ": 11,
      "BEFORE_NODE": 11.0,
      "AFTER_NODE": 12.0,
      "BEFORE_LAT": 20.544083,
      "BEFORE_LON": 114.47792,
      "AFTER_LAT": 20.410549,
      "AFTER_LON": 114.41808,
      "SOG": 15.6,
      "MOVINGTIME": 1860.0,
      "ARRIVALTIME": "20251129205900"
    },
    {
      "SEQ": 12,
      "BEFORE_NODE": 12.0,
      "AFTER_NODE": 13.0,
      "BEFORE_LAT": 20.410549,
      "BEFORE_LON": 114.41808,
      "AFTER_LAT": 20.274851,
      "AFTER_LON": 114.3762,
      "SOG": 15.8,
      "MOVINGTIME": 1680.0,
      "ARRIVALTIME": "20251129212700"
    },
    {
      "SEQ": 13,
      "BEFORE_NODE": 13.0,
      "AFTER_NODE": 14.0,
      "BEFORE_LAT": 20.274851,
      "BEFORE_LON": 114.3762,
      "AFTER_LAT": 20.140301,
      "AFTER_LON": 114.35767,
      "SOG": 15.8,
      "MOVINGTIME": 1920.0,
      "ARRIVALTIME": "20251129215900"
    },
    {
      "SEQ": 14,
      "BEFORE_NODE": 14.0,
      "AFTER_NODE": 15.0,
      "BEFORE_LAT": 20.140301,
      "BEFORE_LON": 114.35767,
      "AFTER_LAT": 20.016317,
      "AFTER_LON": 114.3452,
      "SOG": 15.8,
      "MOVINGTIME": 1800.0,
      "ARRIVALTIME": "20251129222900"
    },
    {
      "SEQ": 15,
      "BEFORE_NODE": 15.0,
      "AFTER_NODE": 16.0,
      "BEFORE_LAT": 20.016317,
      "BEFORE_LON": 114.3452,
      "AFTER_LAT": 19.870132,
      "AFTER_LON": 114.32963,
      "SOG": 15.8,
      "MOVINGTIME": 1920.0,
      "ARRIVALTIME": "20251129230100"
    },
    {
      "SEQ": 16,
      "BEFORE_NODE": 16.0,
      "AFTER_NODE": 17.0,
      "BEFORE_LAT": 19.870132,
      "BEFORE_LON": 114.32963,
      "AFTER_LAT": 19.772499,
      "AFTER_LON": 114.32128,
      "SOG": 15.8,
      "MOVINGTIME": 1800.0,
      "ARRIVALTIME": "20251129233100"
    },
    {
      "SEQ": 17,
      "BEFORE_NODE": 17.0,
      "AFTER_NODE": 18.0,
      "BEFORE_LAT": 19.772499,
      "BEFORE_LON": 114.32128,
      "AFTER_LAT": 19.627867,
      "AFTER_LON": 114.30534,
      "SOG": 15.5,
      "MOVINGTIME": 1860.0,
      "ARRIVALTIME": "20251130000200"
    },
    {
      "SEQ": 18,
      "BEFORE_NODE": 18.0,
      "AFTER_NODE": 19.0,
      "BEFORE_LAT": 19.627867,
      "BEFORE_LON": 114.30534,
      "AFTER_LAT": 19.494917,
      "AFTER_LON": 114.27621,
      "SOG": 15.6,
      "MOVINGTIME": 1800.0,
      "ARRIVALTIME": "20251130003200"
    },
    {
      "SEQ": 19,
      "BEFORE_NODE": 19.0,
      "AFTER_NODE": 20.0,
      "BEFORE_LAT": 19.494917,
      "BEFORE_LON": 114.27621,
      "AFTER_LAT": 19.350584,
      "AFTER_LON": 114.24253,
      "SOG": 15.6,
      "MOVINGTIME": 1680.0,
      "ARRIVALTIME": "20251130010000"
    },
    {
      "SEQ": 20,
      "BEFORE_NODE": 20.0,
      "AFTER_NODE": 21.0,
      "BEFORE_LAT": 19.350584,
      "BEFORE_LON": 114.24253,
      "AFTER_LAT": 19.263849,
      "AFTER_LON": 114.22224,
      "SOG": 12.8,
      "MOVINGTIME": 1860.0,
      "ARRIVALTIME": "20251130013100"
    },
    {
      "SEQ": 21,
      "BEFORE_NODE": 21.0,
      "AFTER_NODE": 22.0,
      "BEFORE_LAT": 19.263849,
      "BEFORE_LON": 114.22224,
      "AFTER_LAT": 19.152283,
      "AFTER_LON": 114.19887,
      "SOG": 13.3,
      "MOVINGTIME": 1560.0,
      "ARRIVALTIME": "20251130015700"
    },
    {
      "SEQ": 22,
      "BEFORE_NODE": 22.0,
      "AFTER_NODE": 23.0,
      "BEFORE_LAT": 19.152283,
      "BEFORE_LON": 114.19887,
      "AFTER_LAT": 19.043501,
      "AFTER_LON": 114.17321,
      "SOG": 13.3,
      "MOVINGTIME": 1680.0,
      "ARRIVALTIME": "20251130022500"
    },
    {
      "SEQ": 23,
      "BEFORE_NODE": 23.0,
      "AFTER_NODE": 24.0,
      "BEFORE_LAT": 19.043501,
      "BEFORE_LON": 114.17321,
      "AFTER_LAT": 18.919683,
      "AFTER_LON": 114.14144,
      "SOG": 13,
      "MOVINGTIME": 2040.0,
      "ARRIVALTIME": "20251130025900"
    },
    {
      "SEQ": 24,
      "BEFORE_NODE": 24.0,
      "AFTER_NODE": 25.0,
      "BEFORE_LAT": 18.919683,
      "BEFORE_LON": 114.14144,
      "AFTER_LAT": 18.849916,
      "AFTER_LON": 114.12224,
      "SOG": 12.8,
      "MOVINGTIME": 1740.0,
      "ARRIVALTIME": "20251130032800"
    },
    {
      "SEQ": 25,
      "BEFORE_NODE": 25.0,
      "AFTER_NODE": 26.0,
      "BEFORE_LAT": 18.849916,
      "BEFORE_LON": 114.12224,
      "AFTER_LAT": 18.746033,
      "AFTER_LON": 114.09448,
      "SOG": 12.6,
      "MOVINGTIME": 1620.0,
      "ARRIVALTIME": "20251130035500"
    },
    {
      "SEQ": 26,
      "BEFORE_NODE": 26.0,
      "AFTER_NODE": 27.0,
      "BEFORE_LAT": 18.746033,
      "BEFORE_LON": 114.09448,
      "AFTER_LAT": 18.659883,
      "AFTER_LON": 114.07612,
      "SOG": 12.6,
      "MOVINGTIME": 1920.0,
      "ARRIVALTIME": "20251130042700"
    },
    {
      "SEQ": 27,
      "BEFORE_NODE": 27.0,
      "AFTER_NODE": 28.0,
      "BEFORE_LAT": 18.659883,
      "BEFORE_LON": 114.07612,
      "AFTER_LAT": 18.539049,
      "AFTER_LON": 114.0496,
      "SOG": 12.6,
      "MOVINGTIME": 1860.0,
      "ARRIVALTIME": "20251130045800"
    },
    {
      "SEQ": 28,
      "BEFORE_NODE": 28.0,
      "AFTER_NODE": 29.0,
      "BEFORE_LAT": 18.539049,
      "BEFORE_LON": 114.0496,
      "AFTER_LAT": 18.418034,
      "AFTER_LON": 114.02243,
      "SOG": 12.5,
      "MOVINGTIME": 1800.0,
      "ARRIVALTIME": "20251130052800"
    },
    {
      "SEQ": 29,
      "BEFORE_NODE": 29.0,
      "AFTER_NODE": 30.0,
      "BEFORE_LAT": 18.418034,
      "BEFORE_LON": 114.02243,
      "AFTER_LAT": 18.1957,
      "AFTER_LON": 113.97212,
      "SOG": 12.6,
      "MOVINGTIME": 3600.0,
      "ARRIVALTIME": "20251130062800"
    },
    {
      "SEQ": 30,
      "BEFORE_NODE": 30.0,
      "AFTER_NODE": 31.0,
      "BEFORE_LAT": 18.1957,
      "BEFORE_LON": 113.97212,
      "AFTER_LAT": 18.127649,
      "AFTER_LON": 113.95605,
      "SOG": 12.6,
      "MOVINGTIME": 1620.0,
      "ARRIVALTIME": "20251130065500"
    },
    {
      "SEQ": 31,
      "BEFORE_NODE": 31.0,
      "AFTER_NODE": 32.0,
      "BEFORE_LAT": 18.127649,
      "BEFORE_LON": 113.95605,
      "AFTER_LAT": 18.009199,
      "AFTER_LON": 113.92775,
      "SOG": 12.8,
      "MOVINGTIME": 1920.0,
      "ARRIVALTIME": "20251130072700"
    },
    {
      "SEQ": 32,
      "BEFORE_NODE": 32.0,
      "AFTER_NODE": 33.0,
      "BEFORE_LAT": 18.009199,
      "BEFORE_LON": 113.92775,
      "AFTER_LAT": 17.896749,
      "AFTER_LON": 113.90128,
      "SOG": 15.5,
      "MOVINGTIME": 1800.0,
      "ARRIVALTIME": "20251130075700"
    },
    {
      "SEQ": 33,
      "BEFORE_NODE": 33.0,
      "AFTER_NODE": 34.0,
      "BEFORE_LAT": 17.896749,
      "BEFORE_LON": 113.90128,
      "AFTER_LAT": 17.762783,
      "AFTER_LON": 113.87061,
      "SOG": 15.6,
      "MOVINGTIME": 1620.0,
      "ARRIVALTIME": "20251130082400"
    },
    {
      "SEQ": 34,
      "BEFORE_NODE": 34.0,
      "AFTER_NODE": 35.0,
      "BEFORE_LAT": 17.762783,
      "BEFORE_LON": 113.87061,
      "AFTER_LAT": 17.6679,
      "AFTER_LON": 113.85251,
      "SOG": 15.1,
      "MOVINGTIME": 2040.0,
      "ARRIVALTIME": "20251130085800"
    },
    {
      "SEQ": 35,
      "BEFORE_NODE": 35.0,
      "AFTER_NODE": 36.0,
      "BEFORE_LAT": 17.6679,
      "BEFORE_LON": 113.85251,
      "AFTER_LAT": 17.537466,
      "AFTER_LON": 113.82874,
      "SOG": 15.3,
      "MOVINGTIME": 1680.0,
      "ARRIVALTIME": "20251130092600"
    },
    {
      "SEQ": 36,
      "BEFORE_NODE": 36.0,
      "AFTER_NODE": 37.0,
      "BEFORE_LAT": 17.537466,
      "BEFORE_LON": 113.82874,
      "AFTER_LAT": 17.029533,
      "AFTER_LON": 113.70766,
      "SOG": 15.1,
      "MOVINGTIME": 7200.0,
      "ARRIVALTIME": "20251130112600"
    },
    {
      "SEQ": 37,
      "BEFORE_NODE": 37.0,
      "AFTER_NODE": 38.0,
      "BEFORE_LAT": 17.029533,
      "BEFORE_LON": 113.70766,
      "AFTER_LAT": 16.93195,
      "AFTER_LON": 113.6832,
      "SOG": 14.6,
      "MOVINGTIME": 1260.0,
      "ARRIVALTIME": "20251130114700"
    },
    {
      "SEQ": 38,
      "BEFORE_NODE": 38.0,
      "AFTER_NODE": 39.0,
      "BEFORE_LAT": 16.93195,
      "BEFORE_LON": 113.6832,
      "AFTER_LAT": 16.8269,
      "AFTER_LON": 113.65332,
      "SOG": 14.6,
      "MOVINGTIME": 2280.0,
      "ARRIVALTIME": "20251130122500"
    },
    {
      "SEQ": 39,
      "BEFORE_NODE": 39.0,
      "AFTER_NODE": 40.0,
      "BEFORE_LAT": 16.8269,
      "BEFORE_LON": 113.65332,
      "AFTER_LAT": 11.467684,
      "AFTER_LON": 111.09768,
      "SOG": 18.5,
      "MOVINGTIME": 81240.0,
      "ARRIVALTIME": "20251201105900"
    },
    {
      "SEQ": 40,
      "BEFORE_NODE": 40.0,
      "AFTER_NODE": 41.0,
      "BEFORE_LAT": 11.467684,
      "BEFORE_LON": 111.09768,
      "AFTER_LAT": 11.306334,
      "AFTER_LON": 111.02026,
      "SOG": 18.2,
      "MOVINGTIME": 2067.0,
      "ARRIVALTIME": "20251201113327"
    },
    {
      "SEQ": 41,
      "BEFORE_NODE": 41.0,
      "AFTER_NODE": 42.0,
      "BEFORE_LAT": 11.306334,
      "BEFORE_LON": 111.02026,
      "AFTER_LAT": 11.25295,
      "AFTER_LON": 110.99355,
      "SOG": 18.5,
      "MOVINGTIME": 1233.0,
      "ARRIVALTIME": "20251201115400"
    },
    {
      "SEQ": 42,
      "BEFORE_NODE": 42.0,
      "AFTER_NODE": 43.0,
      "BEFORE_LAT": 11.25295,
      "BEFORE_LON": 110.99355,
      "AFTER_LAT": 11.073833,
      "AFTER_LON": 110.90385,
      "SOG": 18.7,
      "MOVINGTIME": 2160.0,
      "ARRIVALTIME": "20251201123000"
    },
    {
      "SEQ": 43,
      "BEFORE_NODE": 43.0,
      "AFTER_NODE": 44.0,
      "BEFORE_LAT": 11.073833,
      "BEFORE_LON": 110.90385,
      "AFTER_LAT": 10.955967,
      "AFTER_LON": 110.85123,
      "SOG": 19.5,
      "MOVINGTIME": 1560.0,
      "ARRIVALTIME": "20251201125600"
    },
    {
      "SEQ": 44,
      "BEFORE_NODE": 44.0,
      "AFTER_NODE": 45.0,
      "BEFORE_LAT": 10.955967,
      "BEFORE_LON": 110.85123,
      "AFTER_LAT": 10.778717,
      "AFTER_LON": 110.77036,
      "SOG": 19.7,
      "MOVINGTIME": 2040.0,
      "ARRIVALTIME": "20251201133000"
    },
    {
      "SEQ": 45,
      "BEFORE_NODE": 45.0,
      "AFTER_NODE": 46.0,
      "BEFORE_LAT": 10.778717,
      "BEFORE_LON": 110.77036,
      "AFTER_LAT": 10.623517,
      "AFTER_LON": 110.69888,
      "SOG": 20.2,
      "MOVINGTIME": 1800.0,
      "ARRIVALTIME": "20251201140000"
    },
    {
      "SEQ": 46,
      "BEFORE_NODE": 46.0,
      "AFTER_NODE": 47.0,
      "BEFORE_LAT": 10.623517,
      "BEFORE_LON": 110.69888,
      "AFTER_LAT": 10.44435,
      "AFTER_LON": 110.6179,
      "SOG": 20.1,
      "MOVINGTIME": 1800.0,
      "ARRIVALTIME": "20251201143000"
    },
    {
      "SEQ": 47,
      "BEFORE_NODE": 47.0,
      "AFTER_NODE": 48.0,
      "BEFORE_LAT": 10.44435,
      "BEFORE_LON": 110.6179,
      "AFTER_LAT": 10.317717,
      "AFTER_LON": 110.55997,
      "SOG": 19.7,
      "MOVINGTIME": 1680.0,
      "ARRIVALTIME": "20251201145800"
    },
    {
      "SEQ": 48,
      "BEFORE_NODE": 48.0,
      "AFTER_NODE": 49.0,
      "BEFORE_LAT": 10.317717,
      "BEFORE_LON": 110.55997,
      "AFTER_LAT": 10.1668,
      "AFTER_LON": 110.48788,
      "SOG": 20,
      "MOVINGTIME": 1920.0,
      "ARRIVALTIME": "20251201153000"
    },
    {
      "SEQ": 49,
      "BEFORE_NODE": 49.0,
      "AFTER_NODE": 50.0,
      "BEFORE_LAT": 10.1668,
      "BEFORE_LON": 110.48788,
      "AFTER_LAT": 10.015034,
      "AFTER_LON": 110.41499,
      "SOG": 20.2,
      "MOVINGTIME": 1560.0,
      "ARRIVALTIME": "20251201155600"
    },
    {
      "SEQ": 50,
      "BEFORE_NODE": 50.0,
      "AFTER_NODE": 51.0,
      "BEFORE_LAT": 10.015034,
      "BEFORE_LON": 110.41499,
      "AFTER_LAT": 9.8364,
      "AFTER_LON": 110.32815,
      "SOG": 20.3,
      "MOVINGTIME": 2040.0,
      "ARRIVALTIME": "20251201163000"
    },
    {
      "SEQ": 51,
      "BEFORE_NODE": 51.0,
      "AFTER_NODE": 52.0,
      "BEFORE_LAT": 9.8364,
      "BEFORE_LON": 110.32815,
      "AFTER_LAT": 9.6759329,
      "AFTER_LON": 110.24995,
      "SOG": 20.2,
      "MOVINGTIME": 1800.0,
      "ARRIVALTIME": "20251201170000"
    },
    {
      "SEQ": 52,
      "BEFORE_NODE": 52.0,
      "AFTER_NODE": 53.0,
      "BEFORE_LAT": 9.6759329,
      "BEFORE_LON": 110.24995,
      "AFTER_LAT": 9.5553503,
      "AFTER_LON": 110.19147,
      "SOG": 20.2,
      "MOVINGTIME": 1740.0,
      "ARRIVALTIME": "20251201172900"
    },
    {
      "SEQ": 53,
      "BEFORE_NODE": 53.0,
      "AFTER_NODE": 54.0,
      "BEFORE_LAT": 9.5553503,
      "BEFORE_LON": 110.19147,
      "AFTER_LAT": 9.4018164,
      "AFTER_LON": 110.11832,
      "SOG": 20.2,
      "MOVINGTIME": 1620.0,
      "ARRIVALTIME": "20251201175600"
    },
    {
      "SEQ": 54,
      "BEFORE_NODE": 54.0,
      "AFTER_NODE": 55.0,
      "BEFORE_LAT": 9.4018164,
      "BEFORE_LON": 110.11832,
      "AFTER_LAT": 9.2729998,
      "AFTER_LON": 110.05746,
      "SOG": 20.3,
      "MOVINGTIME": 2100.0,
      "ARRIVALTIME": "20251201183100"
    },
    {
      "SEQ": 55,
      "BEFORE_NODE": 55.0,
      "AFTER_NODE": 56.0,
      "BEFORE_LAT": 9.2729998,
      "BEFORE_LON": 110.05746,
      "AFTER_LAT": 9.1189833,
      "AFTER_LON": 109.98444,
      "SOG": 20.2,
      "MOVINGTIME": 1680.0,
      "ARRIVALTIME": "20251201185900"
    },
    {
      "SEQ": 56,
      "BEFORE_NODE": 56.0,
      "AFTER_NODE": 57.0,
      "BEFORE_LAT": 9.1189833,
      "BEFORE_LON": 109.98444,
      "AFTER_LAT": 8.9394999,
      "AFTER_LON": 109.9006,
      "SOG": 20.2,
      "MOVINGTIME": 1860.0,
      "ARRIVALTIME": "20251201193000"
    },
    {
      "SEQ": 57,
      "BEFORE_NODE": 57.0,
      "AFTER_NODE": 58.0,
      "BEFORE_LAT": 8.9394999,
      "BEFORE_LON": 109.9006,
      "AFTER_LAT": 8.8101835,
      "AFTER_LON": 109.83977,
      "SOG": 20.5,
      "MOVINGTIME": 1440.0,
      "ARRIVALTIME": "20251201195400"
    },
    {
      "SEQ": 58,
      "BEFORE_NODE": 58.0,
      "AFTER_NODE": 59.0,
      "BEFORE_LAT": 8.8101835,
      "BEFORE_LON": 109.83977,
      "AFTER_LAT": 8.6230001,
      "AFTER_LON": 109.75297,
      "SOG": 20.2,
      "MOVINGTIME": 1980.0,
      "ARRIVALTIME": "20251201202700"
    },
    {
      "SEQ": 59,
      "BEFORE_NODE": 59.0,
      "AFTER_NODE": 60.0,
      "BEFORE_LAT": 8.6230001,
      "BEFORE_LON": 109.75297,
      "AFTER_LAT": 8.4455338,
      "AFTER_LON": 109.67262,
      "SOG": 20.7,
      "MOVINGTIME": 1920.0,
      "ARRIVALTIME": "20251201205900"
    },
    {
      "SEQ": 60,
      "BEFORE_NODE": 60.0,
      "AFTER_NODE": 61.0,
      "BEFORE_LAT": 8.4455338,
      "BEFORE_LON": 109.67262,
      "AFTER_LAT": 8.2845335,
      "AFTER_LON": 109.60201,
      "SOG": 20.8,
      "MOVINGTIME": 1740.0,
      "ARRIVALTIME": "20251201212800"
    },
    {
      "SEQ": 61,
      "BEFORE_NODE": 61.0,
      "AFTER_NODE": 62.0,
      "BEFORE_LAT": 8.2845335,
      "BEFORE_LON": 109.60201,
      "AFTER_LAT": 8.1784496,
      "AFTER_LON": 109.55532,
      "SOG": 20.8,
      "MOVINGTIME": 1740.0,
      "ARRIVALTIME": "20251201215700"
    },
    {
      "SEQ": 62,
      "BEFORE_NODE": 62.0,
      "AFTER_NODE": 63.0,
      "BEFORE_LAT": 8.1784496,
      "BEFORE_LON": 109.55532,
      "AFTER_LAT": 7.9989333,
      "AFTER_LON": 109.47213,
      "SOG": 20.8,
      "MOVINGTIME": 1980.0,
      "ARRIVALTIME": "20251201223000"
    },
    {
      "SEQ": 63,
      "BEFORE_NODE": 63.0,
      "AFTER_NODE": 64.0,
      "BEFORE_LAT": 7.9989333,
      "BEFORE_LON": 109.47213,
      "AFTER_LAT": 7.8361335,
      "AFTER_LON": 109.39143,
      "SOG": 20.8,
      "MOVINGTIME": 1800.0,
      "ARRIVALTIME": "20251201230000"
    },
    {
      "SEQ": 64,
      "BEFORE_NODE": 64.0,
      "AFTER_NODE": 65.0,
      "BEFORE_LAT": 7.8361335,
      "BEFORE_LON": 109.39143,
      "AFTER_LAT": 7.6746783,
      "AFTER_LON": 109.29588,
      "SOG": 21,
      "MOVINGTIME": 1860.0,
      "ARRIVALTIME": "20251201233100"
    },
    {
      "SEQ": 65,
      "BEFORE_NODE": 65.0,
      "AFTER_NODE": 66.0,
      "BEFORE_LAT": 7.6746783,
      "BEFORE_LON": 109.29588,
      "AFTER_LAT": 7.5257168,
      "AFTER_LON": 109.16306,
      "SOG": 21.2,
      "MOVINGTIME": 1740.0,
      "ARRIVALTIME": "20251202000000"
    },
    {
      "SEQ": 66,
      "BEFORE_NODE": 66.0,
      "AFTER_NODE": 67.0,
      "BEFORE_LAT": 7.5257168,
      "BEFORE_LON": 109.16306,
      "AFTER_LAT": 7.44665,
      "AFTER_LON": 109.07381,
      "SOG": 21.2,
      "MOVINGTIME": 1680.0,
      "ARRIVALTIME": "20251202002800"
    },
    {
      "SEQ": 67,
      "BEFORE_NODE": 67.0,
      "AFTER_NODE": 68.0,
      "BEFORE_LAT": 7.44665,
      "BEFORE_LON": 109.07381,
      "AFTER_LAT": 7.3306332,
      "AFTER_LON": 108.9405,
      "SOG": 21.3,
      "MOVINGTIME": 1800.0,
      "ARRIVALTIME": "20251202005800"
    },
    {
      "SEQ": 68,
      "BEFORE_NODE": 68.0,
      "AFTER_NODE": 69.0,
      "BEFORE_LAT": 7.3306332,
      "BEFORE_LON": 108.9405,
      "AFTER_LAT": 7.1418252,
      "AFTER_LON": 108.76401,
      "SOG": 21.5,
      "MOVINGTIME": 1980.0,
      "ARRIVALTIME": "20251202013100"
    },
    {
      "SEQ": 69,
      "BEFORE_NODE": 69.0,
      "AFTER_NODE": 70.0,
      "BEFORE_LAT": 7.1418252,
      "BEFORE_LON": 108.76401,
      "AFTER_LAT": 7.0448985,
      "AFTER_LON": 108.67418,
      "SOG": 21.5,
      "MOVINGTIME": 1920.0,
      "ARRIVALTIME": "20251202020300"
    },
    {
      "SEQ": 70,
      "BEFORE_NODE": 70.0,
      "AFTER_NODE": 71.0,
      "BEFORE_LAT": 7.0448985,
      "BEFORE_LON": 108.67418,
      "AFTER_LAT": 6.9015665,
      "AFTER_LON": 108.54193,
      "SOG": 21.3,
      "MOVINGTIME": 1800.0,
      "ARRIVALTIME": "20251202023300"
    },
    {
      "SEQ": 71,
      "BEFORE_NODE": 71.0,
      "AFTER_NODE": 72.0,
      "BEFORE_LAT": 6.9015665,
      "BEFORE_LON": 108.54193,
      "AFTER_LAT": 6.7641416,
      "AFTER_LON": 108.413,
      "SOG": 21.1,
      "MOVINGTIME": 1860.0,
      "ARRIVALTIME": "20251202030400"
    },
    {
      "SEQ": 72,
      "BEFORE_NODE": 72.0,
      "AFTER_NODE": 73.0,
      "BEFORE_LAT": 6.7641416,
      "BEFORE_LON": 108.413,
      "AFTER_LAT": 6.6463685,
      "AFTER_LON": 108.29832,
      "SOG": 20.7,
      "MOVINGTIME": 1500.0,
      "ARRIVALTIME": "20251202032900"
    },
    {
      "SEQ": 73,
      "BEFORE_NODE": 73.0,
      "AFTER_NODE": 74.0,
      "BEFORE_LAT": 6.6463685,
      "BEFORE_LON": 108.29832,
      "AFTER_LAT": 6.5500965,
      "AFTER_LON": 108.19692,
      "SOG": 20.7,
      "MOVINGTIME": 1860.0,
      "ARRIVALTIME": "20251202040000"
    },
    {
      "SEQ": 74,
      "BEFORE_NODE": 74.0,
      "AFTER_NODE": 75.0,
      "BEFORE_LAT": 6.5500965,
      "BEFORE_LON": 108.19692,
      "AFTER_LAT": 6.3888502,
      "AFTER_LON": 108.03506,
      "SOG": 21,
      "MOVINGTIME": 1740.0,
      "ARRIVALTIME": "20251202042900"
    },
    {
      "SEQ": 75,
      "BEFORE_NODE": 75.0,
      "AFTER_NODE": 76.0,
      "BEFORE_LAT": 6.3888502,
      "BEFORE_LON": 108.03506,
      "AFTER_LAT": 6.2951918,
      "AFTER_LON": 107.93913,
      "SOG": 20.6,
      "MOVINGTIME": 1740.0,
      "ARRIVALTIME": "20251202045800"
    },
    {
      "SEQ": 76,
      "BEFORE_NODE": 76.0,
      "AFTER_NODE": 77.0,
      "BEFORE_LAT": 6.2951918,
      "BEFORE_LON": 107.93913,
      "AFTER_LAT": 6.1961665,
      "AFTER_LON": 107.85864,
      "SOG": 21,
      "MOVINGTIME": 1860.0,
      "ARRIVALTIME": "20251202052900"
    },
    {
      "SEQ": 77,
      "BEFORE_NODE": 77.0,
      "AFTER_NODE": 78.0,
      "BEFORE_LAT": 6.1961665,
      "BEFORE_LON": 107.85864,
      "AFTER_LAT": 6.0029502,
      "AFTER_LON": 107.71114,
      "SOG": 20.8,
      "MOVINGTIME": 1860.0,
      "ARRIVALTIME": "20251202060000"
    },
    {
      "SEQ": 78,
      "BEFORE_NODE": 78.0,
      "AFTER_NODE": 79.0,
      "BEFORE_LAT": 6.0029502,
      "BEFORE_LON": 107.71114,
      "AFTER_LAT": 5.8635669,
      "AFTER_LON": 107.60601,
      "SOG": 20.7,
      "MOVINGTIME": 1620.0,
      "ARRIVALTIME": "20251202062700"
    },
    {
      "SEQ": 79,
      "BEFORE_NODE": 79.0,
      "AFTER_NODE": 80.0,
      "BEFORE_LAT": 5.8635669,
      "BEFORE_LON": 107.60601,
      "AFTER_LAT": 5.7772999,
      "AFTER_LON": 107.52998,
      "SOG": 20.5,
      "MOVINGTIME": 1800.0,
      "ARRIVALTIME": "20251202065700"
    },
    {
      "SEQ": 80,
      "BEFORE_NODE": 80.0,
      "AFTER_NODE": 81.0,
      "BEFORE_LAT": 5.7772999,
      "BEFORE_LON": 107.52998,
      "AFTER_LAT": 5.5900664,
      "AFTER_LON": 107.3629,
      "SOG": 20.7,
      "MOVINGTIME": 1920.0,
      "ARRIVALTIME": "20251202072900"
    },
    {
      "SEQ": 81,
      "BEFORE_NODE": 81.0,
      "AFTER_NODE": 82.0,
      "BEFORE_LAT": 5.5900664,
      "BEFORE_LON": 107.3629,
      "AFTER_LAT": 5.5053668,
      "AFTER_LON": 107.28457,
      "SOG": 20.6,
      "MOVINGTIME": 1800.0,
      "ARRIVALTIME": "20251202075900"
    },
    {
      "SEQ": 82,
      "BEFORE_NODE": 82.0,
      "AFTER_NODE": 83.0,
      "BEFORE_LAT": 5.5053668,
      "BEFORE_LON": 107.28457,
      "AFTER_LAT": 5.3690333,
      "AFTER_LON": 107.1674,
      "SOG": 20.2,
      "MOVINGTIME": 1800.0,
      "ARRIVALTIME": "20251202082900"
    },
    {
      "SEQ": 83,
      "BEFORE_NODE": 83.0,
      "AFTER_NODE": 84.0,
      "BEFORE_LAT": 5.3690333,
      "BEFORE_LON": 107.1674,
      "AFTER_LAT": 5.2469501,
      "AFTER_LON": 107.06126,
      "SOG": 20.3,
      "MOVINGTIME": 1740.0,
      "ARRIVALTIME": "20251202085800"
    },
    {
      "SEQ": 84,
      "BEFORE_NODE": 84.0,
      "AFTER_NODE": 85.0,
      "BEFORE_LAT": 5.2469501,
      "BEFORE_LON": 107.06126,
      "AFTER_LAT": 5.1066833,
      "AFTER_LON": 106.92859,
      "SOG": 20.3,
      "MOVINGTIME": 1980.0,
      "ARRIVALTIME": "20251202093100"
    },
    {
      "SEQ": 85,
      "BEFORE_NODE": 85.0,
      "AFTER_NODE": 86.0,
      "BEFORE_LAT": 5.1066833,
      "BEFORE_LON": 106.92859,
      "AFTER_LAT": 4.9781165,
      "AFTER_LON": 106.80608,
      "SOG": 20.3,
      "MOVINGTIME": 1740.0,
      "ARRIVALTIME": "20251202100000"
    },
    {
      "SEQ": 86,
      "BEFORE_NODE": 86.0,
      "AFTER_NODE": 87.0,
      "BEFORE_LAT": 4.9781165,
      "BEFORE_LON": 106.80608,
      "AFTER_LAT": 4.8543501,
      "AFTER_LON": 106.68977,
      "SOG": 20.5,
      "MOVINGTIME": 1680.0,
      "ARRIVALTIME": "20251202102800"
    },
    {
      "SEQ": 87,
      "BEFORE_NODE": 87.0,
      "AFTER_NODE": 88.0,
      "BEFORE_LAT": 4.8543501,
      "BEFORE_LON": 106.68977,
      "AFTER_LAT": 4.7288666,
      "AFTER_LON": 106.5725,
      "SOG": 20.7,
      "MOVINGTIME": 1740.0,
      "ARRIVALTIME": "20251202105700"
    },
    {
      "SEQ": 88,
      "BEFORE_NODE": 88.0,
      "AFTER_NODE": 89.0,
      "BEFORE_LAT": 4.7288666,
      "BEFORE_LON": 106.5725,
      "AFTER_LAT": 4.5610166,
      "AFTER_LON": 106.41853,
      "SOG": 20.5,
      "MOVINGTIME": 2220.0,
      "ARRIVALTIME": "20251202113400"
    },
    {
      "SEQ": 89,
      "BEFORE_NODE": 89.0,
      "AFTER_NODE": 90.0,
      "BEFORE_LAT": 4.5610166,
      "BEFORE_LON": 106.41853,
      "AFTER_LAT": 4.4839334,
      "AFTER_LON": 106.34492,
      "SOG": 17.6,
      "MOVINGTIME": 1620.0,
      "ARRIVALTIME": "20251202120100"
    },
    {
      "SEQ": 90,
      "BEFORE_NODE": 90.0,
      "AFTER_NODE": 91.0,
      "BEFORE_LAT": 4.4839334,
      "BEFORE_LON": 106.34492,
      "AFTER_LAT": 4.3951168,
      "AFTER_LON": 106.25446,
      "SOG": 14.3,
      "MOVINGTIME": 1740.0,
      "ARRIVALTIME": "20251202123000"
    },
    {
      "SEQ": 91,
      "BEFORE_NODE": 91.0,
      "AFTER_NODE": 92.0,
      "BEFORE_LAT": 4.3951168,
      "BEFORE_LON": 106.25446,
      "AFTER_LAT": 4.3379335,
      "AFTER_LON": 106.1993,
      "SOG": 14.3,
      "MOVINGTIME": 1560.0,
      "ARRIVALTIME": "20251202125600"
    },
    {
      "SEQ": 92,
      "BEFORE_NODE": 92.0,
      "AFTER_NODE": 93.0,
      "BEFORE_LAT": 4.3379335,
      "BEFORE_LON": 106.1993,
      "AFTER_LAT": 4.2126331,
      "AFTER_LON": 106.0995,
      "SOG": 14.5,
      "MOVINGTIME": 1680.0,
      "ARRIVALTIME": "20251202132400"
    },
    {
      "SEQ": 93,
      "BEFORE_NODE": 93.0,
      "AFTER_NODE": 94.0,
      "BEFORE_LAT": 4.2126331,
      "BEFORE_LON": 106.0995,
      "AFTER_LAT": 4.1368833,
      "AFTER_LON": 106.0352,
      "SOG": 14.1,
      "MOVINGTIME": 1680.0,
      "ARRIVALTIME": "20251202135200"
    },
    {
      "SEQ": 94,
      "BEFORE_NODE": 94.0,
      "AFTER_NODE": 95.0,
      "BEFORE_LAT": 4.1368833,
      "BEFORE_LON": 106.0352,
      "AFTER_LAT": 4.0600166,
      "AFTER_LON": 105.97446,
      "SOG": 13.8,
      "MOVINGTIME": 1800.0,
      "ARRIVALTIME": "20251202142200"
    },
    {
      "SEQ": 95,
      "BEFORE_NODE": 95.0,
      "AFTER_NODE": 96.0,
      "BEFORE_LAT": 4.0600166,
      "BEFORE_LON": 105.97446,
      "AFTER_LAT": 3.8750184,
      "AFTER_LON": 105.82793,
      "SOG": 13.8,
      "MOVINGTIME": 3480.0,
      "ARRIVALTIME": "20251202152000"
    },
    {
      "SEQ": 96,
      "BEFORE_NODE": 96.0,
      "AFTER_NODE": 97.0,
      "BEFORE_LAT": 3.8750184,
      "BEFORE_LON": 105.82793,
      "AFTER_LAT": 3.7359166,
      "AFTER_LON": 105.72514,
      "SOG": 13.8,
      "MOVINGTIME": 2280.0,
      "ARRIVALTIME": "20251202155800"
    },
    {
      "SEQ": 97,
      "BEFORE_NODE": 97.0,
      "AFTER_NODE": 98.0,
      "BEFORE_LAT": 3.7359166,
      "BEFORE_LON": 105.72514,
      "AFTER_LAT": 3.6427333,
      "AFTER_LON": 105.65877,
      "SOG": 14.1,
      "MOVINGTIME": 2100.0,
      "ARRIVALTIME": "20251202163300"
    },
    {
      "SEQ": 98,
      "BEFORE_NODE": 98.0,
      "AFTER_NODE": 99.0,
      "BEFORE_LAT": 3.6427333,
      "BEFORE_LON": 105.65877,
      "AFTER_LAT": 3.5645833,
      "AFTER_LON": 105.60747,
      "SOG": 14.1,
      "MOVINGTIME": 1380.0,
      "ARRIVALTIME": "20251202165600"
    },
    {
      "SEQ": 99,
      "BEFORE_NODE": 99.0,
      "AFTER_NODE": 100.0,
      "BEFORE_LAT": 3.5645833,
      "BEFORE_LON": 105.60747,
      "AFTER_LAT": 3.4461668,
      "AFTER_LON": 105.52775,
      "SOG": 14,
      "MOVINGTIME": 2160.0,
      "ARRIVALTIME": "20251202173200"
    },
    {
      "SEQ": 100,
      "BEFORE_NODE": 100.0,
      "AFTER_NODE": 101.0,
      "BEFORE_LAT": 3.4461668,
      "BEFORE_LON": 105.52775,
      "AFTER_LAT": 3.3518834,
      "AFTER_LON": 105.45718,
      "SOG": 14.1,
      "MOVINGTIME": 1560.0,
      "ARRIVALTIME": "20251202175800"
    },
    {
      "SEQ": 101,
      "BEFORE_NODE": 101.0,
      "AFTER_NODE": 102.0,
      "BEFORE_LAT": 3.3518834,
      "BEFORE_LON": 105.45718,
      "AFTER_LAT": 3.2944334,
      "AFTER_LON": 105.41768,
      "SOG": 14,
      "MOVINGTIME": 1680.0,
      "ARRIVALTIME": "20251202182600"
    },
    {
      "SEQ": 102,
      "BEFORE_NODE": 102.0,
      "AFTER_NODE": 103.0,
      "BEFORE_LAT": 3.2944334,
      "BEFORE_LON": 105.41768,
      "AFTER_LAT": 3.1456001,
      "AFTER_LON": 105.34116,
      "SOG": 14.3,
      "MOVINGTIME": 2040.0,
      "ARRIVALTIME": "20251202190000"
    },
    {
      "SEQ": 103,
      "BEFORE_NODE": 103.0,
      "AFTER_NODE": 104.0,
      "BEFORE_LAT": 3.1456001,
      "BEFORE_LON": 105.34116,
      "AFTER_LAT": 3.0540333,
      "AFTER_LON": 105.29597,
      "SOG": 14.3,
      "MOVINGTIME": 1920.0,
      "ARRIVALTIME": "20251202193200"
    },
    {
      "SEQ": 104,
      "BEFORE_NODE": 104.0,
      "AFTER_NODE": 105.0,
      "BEFORE_LAT": 3.0540333,
      "BEFORE_LON": 105.29597,
      "AFTER_LAT": 2.9284999,
      "AFTER_LON": 105.2313,
      "SOG": 14.5,
      "MOVINGTIME": 1740.0,
      "ARRIVALTIME": "20251202200100"
    },
    {
      "SEQ": 105,
      "BEFORE_NODE": 105.0,
      "AFTER_NODE": 106.0,
      "BEFORE_LAT": 2.9284999,
      "BEFORE_LON": 105.2313,
      "AFTER_LAT": 2.81445,
      "AFTER_LON": 105.18767,
      "SOG": 14.5,
      "MOVINGTIME": 1740.0,
      "ARRIVALTIME": "20251202203000"
    },
    {
      "SEQ": 106,
      "BEFORE_NODE": 106.0,
      "AFTER_NODE": 107.0,
      "BEFORE_LAT": 2.81445,
      "BEFORE_LON": 105.18767,
      "AFTER_LAT": 2.70155,
      "AFTER_LON": 105.14194,
      "SOG": 14.3,
      "MOVINGTIME": 1860.0,
      "ARRIVALTIME": "20251202210100"
    },
    {
      "SEQ": 107,
      "BEFORE_NODE": 107.0,
      "AFTER_NODE": 108.0,
      "BEFORE_LAT": 2.70155,
      "BEFORE_LON": 105.14194,
      "AFTER_LAT": 2.6073999,
      "AFTER_LON": 105.08775,
      "SOG": 14.3,
      "MOVINGTIME": 1620.0,
      "ARRIVALTIME": "20251202212800"
    },
    {
      "SEQ": 108,
      "BEFORE_NODE": 108.0,
      "AFTER_NODE": 109.0,
      "BEFORE_LAT": 2.6073999,
      "BEFORE_LON": 105.08775,
      "AFTER_LAT": 2.49435,
      "AFTER_LON": 105.01704,
      "SOG": 14.3,
      "MOVINGTIME": 1980.0,
      "ARRIVALTIME": "20251202220100"
    },
    {
      "SEQ": 109,
      "BEFORE_NODE": 109.0,
      "AFTER_NODE": 110.0,
      "BEFORE_LAT": 2.49435,
      "BEFORE_LON": 105.01704,
      "AFTER_LAT": 2.3907001,
      "AFTER_LON": 104.97108,
      "SOG": 14.6,
      "MOVINGTIME": 1800.0,
      "ARRIVALTIME": "20251202223100"
    },
    {
      "SEQ": 110,
      "BEFORE_NODE": 110.0,
      "AFTER_NODE": 111.0,
      "BEFORE_LAT": 2.3907001,
      "BEFORE_LON": 104.97108,
      "AFTER_LAT": 2.26175,
      "AFTER_LON": 104.94878,
      "SOG": 14.6,
      "MOVINGTIME": 1680.0,
      "ARRIVALTIME": "20251202225900"
    },
    {
      "SEQ": 111,
      "BEFORE_NODE": 111.0,
      "AFTER_NODE": 112.0,
      "BEFORE_LAT": 2.26175,
      "BEFORE_LON": 104.94878,
      "AFTER_LAT": 2.1425333,
      "AFTER_LON": 104.92673,
      "SOG": 14.6,
      "MOVINGTIME": 1920.0,
      "ARRIVALTIME": "20251202233100"
    },
    {
      "SEQ": 112,
      "BEFORE_NODE": 112.0,
      "AFTER_NODE": 113.0,
      "BEFORE_LAT": 2.1425333,
      "BEFORE_LON": 104.92673,
      "AFTER_LAT": 2.0468833,
      "AFTER_LON": 104.90862,
      "SOG": 13.5,
      "MOVINGTIME": 1560.0,
      "ARRIVALTIME": "20251202235700"
    },
    {
      "SEQ": 113,
      "BEFORE_NODE": 113.0,
      "AFTER_NODE": 114.0,
      "BEFORE_LAT": 2.0468833,
      "BEFORE_LON": 104.90862,
      "AFTER_LAT": 1.9272833,
      "AFTER_LON": 104.8836,
      "SOG": 13.3,
      "MOVINGTIME": 1920.0,
      "ARRIVALTIME": "20251203002900"
    },
    {
      "SEQ": 114,
      "BEFORE_NODE": 114.0,
      "AFTER_NODE": 115.0,
      "BEFORE_LAT": 1.9272833,
      "BEFORE_LON": 104.8836,
      "AFTER_LAT": 1.82245,
      "AFTER_LON": 104.82557,
      "SOG": 12.8,
      "MOVINGTIME": 1920.0,
      "ARRIVALTIME": "20251203010100"
    },
    {
      "SEQ": 115,
      "BEFORE_NODE": 115.0,
      "AFTER_NODE": 116.0,
      "BEFORE_LAT": 1.82245,
      "BEFORE_LON": 104.82557,
      "AFTER_LAT": 1.7350334,
      "AFTER_LON": 104.76234,
      "SOG": 12.8,
      "MOVINGTIME": 1740.0,
      "ARRIVALTIME": "20251203013000"
    },
    {
      "SEQ": 116,
      "BEFORE_NODE": 116.0,
      "AFTER_NODE": 117.0,
      "BEFORE_LAT": 1.7350334,
      "BEFORE_LON": 104.76234,
      "AFTER_LAT": 1.5912666,
      "AFTER_LON": 104.66333,
      "SOG": 14.8,
      "MOVINGTIME": 2606.0,
      "ARRIVALTIME": "20251203021326"
    },
    {
      "SEQ": 117,
      "BEFORE_NODE": 117.0,
      "AFTER_NODE": 118.0,
      "BEFORE_LAT": 1.5912666,
      "BEFORE_LON": 104.66333,
      "AFTER_LAT": 1.5359833,
      "AFTER_LON": 104.61341,
      "SOG": 15.1,
      "MOVINGTIME": 1234.0,
      "ARRIVALTIME": "20251203023400"
    },
    {
      "SEQ": 118,
      "BEFORE_NODE": 118.0,
      "AFTER_NODE": 119.0,
      "BEFORE_LAT": 1.5359833,
      "BEFORE_LON": 104.61341,
      "AFTER_LAT": 1.4547666,
      "AFTER_LON": 104.50365,
      "SOG": 14.8,
      "MOVINGTIME": 1740.0,
      "ARRIVALTIME": "20251203030300"
    },
    {
      "SEQ": 119,
      "BEFORE_NODE": 119.0,
      "AFTER_NODE": 120.0,
      "BEFORE_LAT": 1.4547666,
      "BEFORE_LON": 104.50365,
      "AFTER_LAT": 1.3586833333333332,
      "AFTER_LON": 104.38368333333334,
      "SOG": 14.5,
      "MOVINGTIME": 2306.0,
      "ARRIVALTIME": "20251203034126"
    },
    {
      "SEQ": 120,
      "BEFORE_NODE": 120.0,
      "AFTER_NODE": 121.0,
      "BEFORE_LAT": 1.3586833333333332,
      "BEFORE_LON": 104.38368333333334,
      "AFTER_LAT": 1.297,
      "AFTER_LON": 104.28561666666667,
      "SOG": 13.7,
      "MOVINGTIME": 1843.0,
      "ARRIVALTIME": "20251203041209"
    },
    {
      "SEQ": 121,
      "BEFORE_NODE": 121.0,
      "AFTER_NODE": 122.0,
      "BEFORE_LAT": 1.297,
      "BEFORE_LON": 104.28561666666667,
      "AFTER_LAT": 1.2790333333333332,
      "AFTER_LON": 104.19006666666667,
      "SOG": 13.9,
      "MOVINGTIME": 1550.0,
      "ARRIVALTIME": "20251203043759"
    },
    {
      "SEQ": 122,
      "BEFORE_NODE": 122.0,
      "AFTER_NODE": 123.0,
      "BEFORE_LAT": 1.2790333333333332,
      "BEFORE_LON": 104.19006666666667,
      "AFTER_LAT": 1.2655166666666666,
      "AFTER_LON": 104.0657,
      "SOG": 16.4,
      "MOVINGTIME": 1798.0,
      "ARRIVALTIME": "20251203050757"
    },
    {
      "SEQ": 123,
      "BEFORE_NODE": 123.0,
      "AFTER_NODE": 124.0,
      "BEFORE_LAT": 1.2655166666666666,
      "BEFORE_LON": 104.0657,
      "AFTER_LAT": 1.2388166666666667,
      "AFTER_LON": 103.93786666666666,
      "SOG": 10.5,
      "MOVINGTIME": 2097.0,
      "ARRIVALTIME": "20251203054254"
    },
    {
      "SEQ": 124,
      "BEFORE_NODE": 124.0,
      "AFTER_NODE": 125.0,
      "BEFORE_LAT": 1.2388166666666667,
      "BEFORE_LON": 103.93786666666666,
      "AFTER_LAT": 1.2306,
      "AFTER_LON": 103.90383333333334,
      "SOG": 4.9,
      "MOVINGTIME": 1500.0,
      "ARRIVALTIME": "20251203060754"
    },
    {
      "SEQ": 125,
      "BEFORE_NODE": 125.0,
      "AFTER_NODE": 126.0,
      "BEFORE_LAT": 1.2306,
      "BEFORE_LON": 103.90383333333334,
      "AFTER_LAT": 1.25615,
      "AFTER_LON": 103.85616666666667,
      "SOG": 1.9,
      "MOVINGTIME": 2090.0,
      "ARRIVALTIME": "20251203064244"
    },
    {
      "SEQ": 126,
      "BEFORE_NODE": 126.0,
      "AFTER_NODE": 127.0,
      "BEFORE_LAT": 1.25615,
      "BEFORE_LON": 103.85616666666667,
      "AFTER_LAT": 1.2572333333333332,
      "AFTER_LON": 103.8485,
      "SOG": 2.7,
      "MOVINGTIME": 1509.0,
      "ARRIVALTIME": "20251203070753"
    },
    {
      "SEQ": 127,
      "BEFORE_NODE": 127.0,
      "AFTER_NODE": 128.0,
      "BEFORE_LAT": 1.2572333333333332,
      "BEFORE_LON": 103.8485,
      "AFTER_LAT": 1.2628666666666668,
      "AFTER_LON": 103.84431666666667,
      "SOG": 0,
      "MOVINGTIME": 2101.0,
      "ARRIVALTIME": "20251203074254"
    },
    {
      "SEQ": 128,
      "BEFORE_NODE": 128.0,
      "AFTER_NODE": 129.0,
      "BEFORE_LAT": 1.2628666666666668,
      "BEFORE_LON": 103.84431666666667,
      "AFTER_LAT": 1.2628833333333334,
      "AFTER_LON": 103.84423333333334,
      "SOG": 0,
      "MOVINGTIME": 1342.0,
      "ARRIVALTIME": "20251203080516"
    },
    {
      "SEQ": 129,
      "BEFORE_NODE": 129.0,
      "AFTER_NODE": 130.0,
      "BEFORE_LAT": 1.2628833333333334,
      "BEFORE_LON": 103.84423333333334,
      "AFTER_LAT": 1.26315,
      "AFTER_LON": 103.84381666666667,
      "SOG": 0,
      "MOVINGTIME": 2160.0,
      "ARRIVALTIME": "20251203084116"
    },
    {
      "SEQ": 130,
      "BEFORE_NODE": 130.0,
      "AFTER_NODE": 131.0,
      "BEFORE_LAT": 1.26315,
      "BEFORE_LON": 103.84381666666667,
      "AFTER_LAT": 1.2629166666666667,
      "AFTER_LON": 103.84421666666667,
      "SOG": 0,
      "MOVINGTIME": 1800.0,
      "ARRIVALTIME": "20251203091116"
    },
    {
      "SEQ": 131,
      "BEFORE_NODE": 131.0,
      "AFTER_NODE": 132.0,
      "BEFORE_LAT": 1.2629166666666667,
      "BEFORE_LON": 103.84421666666667,
      "AFTER_LAT": 1.2629333333333332,
      "AFTER_LON": 103.84418333333333,
      "SOG": 0,
      "MOVINGTIME": 1800.0,
      "ARRIVALTIME": "20251203094116"
    },
    {
      "SEQ": 132,
      "BEFORE_NODE": 132.0,
      "AFTER_NODE": 133.0,
      "BEFORE_LAT": 1.2629333333333332,
      "BEFORE_LON": 103.84418333333333,
      "AFTER_LAT": 1.26295,
      "AFTER_LON": 103.84425,
      "SOG": 0,
      "MOVINGTIME": 1440.0,
      "ARRIVALTIME": "20251203100516"
    },
    {
      "SEQ": 133,
      "BEFORE_NODE": 133.0,
      "AFTER_NODE": 134.0,
      "BEFORE_LAT": 1.26295,
      "BEFORE_LON": 103.84425,
      "AFTER_LAT": 1.2628666666666668,
      "AFTER_LON": 103.84426666666667,
      "SOG": 0,
      "MOVINGTIME": 1800.0,
      "ARRIVALTIME": "20251203103516"
    },
    {
      "SEQ": 134,
      "BEFORE_NODE": 134.0,
      "AFTER_NODE": 135.0,
      "BEFORE_LAT": 1.2628666666666668,
      "BEFORE_LON": 103.84426666666667,
      "AFTER_LAT": 1.2628666666666668,
      "AFTER_LON": 103.84428333333334,
      "SOG": 0,
      "MOVINGTIME": 1800.0,
      "ARRIVALTIME": "20251203110516"
    },
    {
      "SEQ": 135,
      "BEFORE_NODE": 135.0,
      "AFTER_NODE": 136.0,
      "BEFORE_LAT": 1.2628666666666668,
      "BEFORE_LON": 103.84428333333334,
      "AFTER_LAT": 1.2628833333333334,
      "AFTER_LON": 103.84433333333334,
      "SOG": 0,
      "MOVINGTIME": 1980.0,
      "ARRIVALTIME": "20251203113816"
    },
    {
      "SEQ": 136,
      "BEFORE_NODE": 136.0,
      "AFTER_NODE": 137.0,
      "BEFORE_LAT": 1.2628833333333334,
      "BEFORE_LON": 103.84433333333334,
      "AFTER_LAT": 1.26285,
      "AFTER_LON": 103.84436666666667,
      "SOG": 0.1,
      "MOVINGTIME": 1620.0,
      "ARRIVALTIME": "20251203120516"
    },
    {
      "SEQ": 137,
      "BEFORE_NODE": 137.0,
      "AFTER_NODE": 138.0,
      "BEFORE_LAT": 1.26285,
      "BEFORE_LON": 103.84436666666667,
      "AFTER_LAT": 1.2629833333333333,
      "AFTER_LON": 103.84423333333334,
      "SOG": 0,
      "MOVINGTIME": 2160.0,
      "ARRIVALTIME": "20251203124116"
    },
    {
      "SEQ": 138,
      "BEFORE_NODE": 138.0,
      "AFTER_NODE": 139.0,
      "BEFORE_LAT": 1.2629833333333333,
      "BEFORE_LON": 103.84423333333334,
      "AFTER_LAT": 1.2629166666666667,
      "AFTER_LON": 103.8442,
      "SOG": 0.1,
      "MOVINGTIME": 1440.0,
      "ARRIVALTIME": "20251203130516"
    },
    {
      "SEQ": 139,
      "BEFORE_NODE": 139.0,
      "AFTER_NODE": 140.0,
      "BEFORE_LAT": 1.2629166666666667,
      "BEFORE_LON": 103.8442,
      "AFTER_LAT": 1.2629,
      "AFTER_LON": 103.84426666666667,
      "SOG": 0,
      "MOVINGTIME": 2160.0,
      "ARRIVALTIME": "20251203134116"
    },
    {
      "SEQ": 140,
      "BEFORE_NODE": 140.0,
      "AFTER_NODE": 141.0,
      "BEFORE_LAT": 1.2629,
      "BEFORE_LON": 103.84426666666667,
      "AFTER_LAT": 1.2630166666666667,
      "AFTER_LON": 103.84416666666667,
      "SOG": 0,
      "MOVINGTIME": 1440.0,
      "ARRIVALTIME": "20251203140516"
    },
    {
      "SEQ": 141,
      "BEFORE_NODE": 141.0,
      "AFTER_NODE": 142.0,
      "BEFORE_LAT": 1.2630166666666667,
      "BEFORE_LON": 103.84416666666667,
      "AFTER_LAT": 1.2629166666666667,
      "AFTER_LON": 103.8443,
      "SOG": 0,
      "MOVINGTIME": 2160.0,
      "ARRIVALTIME": "20251203144116"
    },
    {
      "SEQ": 142,
      "BEFORE_NODE": 142.0,
      "AFTER_NODE": 143.0,
      "BEFORE_LAT": 1.2629166666666667,
      "BEFORE_LON": 103.8443,
      "AFTER_LAT": 1.2629166666666667,
      "AFTER_LON": 103.8443,
      "SOG": 0,
      "MOVINGTIME": 1440.0,
      "ARRIVALTIME": "20251203150516"
    },
    {
      "SEQ": 143,
      "BEFORE_NODE": 143.0,
      "AFTER_NODE": 144.0,
      "BEFORE_LAT": 1.2629166666666667,
      "BEFORE_LON": 103.8443,
      "AFTER_LAT": 1.2629166666666667,
      "AFTER_LON": 103.8443,
      "SOG": 0,
      "MOVINGTIME": 2160.0,
      "ARRIVALTIME": "20251203154116"
    },
    {
      "SEQ": 144,
      "BEFORE_NODE": 144.0,
      "AFTER_NODE": 145.0,
      "BEFORE_LAT": 1.2629166666666667,
      "BEFORE_LON": 103.8443,
      "AFTER_LAT": 1.26295,
      "AFTER_LON": 103.84428333333334,
      "SOG": 0,
      "MOVINGTIME": 1440.0,
      "ARRIVALTIME": "20251203160516"
    },
    {
      "SEQ": 145,
      "BEFORE_NODE": 145.0,
      "AFTER_NODE": 146.0,
      "BEFORE_LAT": 1.26295,
      "BEFORE_LON": 103.84428333333334,
      "AFTER_LAT": 1.2613,
      "AFTER_LON": 103.84436666666667,
      "SOG": 2,
      "MOVINGTIME": 2079.0,
      "ARRIVALTIME": "20251203163955"
    },
    {
      "SEQ": 146,
      "BEFORE_NODE": 146.0,
      "AFTER_NODE": 147.0,
      "BEFORE_LAT": 1.2613,
      "BEFORE_LON": 103.84436666666667,
      "AFTER_LAT": 1.2406833333333334,
      "AFTER_LON": 103.87045,
      "SOG": 4.8,
      "MOVINGTIME": 1980.0,
      "ARRIVALTIME": "20251203171255"
    },
    {
      "SEQ": 147,
      "BEFORE_NODE": 147.0,
      "AFTER_NODE": 148.0,
      "BEFORE_LAT": 1.2406833333333334,
      "BEFORE_LON": 103.87045,
      "AFTER_LAT": 1.2408166666666667,
      "AFTER_LON": 103.88525,
      "SOG": 0.3,
      "MOVINGTIME": 1620.0,
      "ARRIVALTIME": "20251203173955"
    },
    {
      "SEQ": 148,
      "BEFORE_NODE": 148.0,
      "AFTER_NODE": 149.0,
      "BEFORE_LAT": 1.2408166666666667,
      "BEFORE_LON": 103.88525,
      "AFTER_LAT": 1.2410666666666668,
      "AFTER_LON": 103.88513333333333,
      "SOG": 0,
      "MOVINGTIME": 1866.0,
      "ARRIVALTIME": "20251203181101"
    },
    {
      "SEQ": 149,
      "BEFORE_NODE": 149.0,
      "AFTER_NODE": 150.0,
      "BEFORE_LAT": 1.2410666666666668,
      "BEFORE_LON": 103.88513333333333,
      "AFTER_LAT": 1.24105,
      "AFTER_LON": 103.88518333333333,
      "SOG": 0,
      "MOVINGTIME": 1800.0,
      "ARRIVALTIME": "20251203184101"
    },
    {
      "SEQ": 150,
      "BEFORE_NODE": 150.0,
      "AFTER_NODE": 151.0,
      "BEFORE_LAT": 1.24105,
      "BEFORE_LON": 103.88518333333333,
      "AFTER_LAT": 1.2411333333333332,
      "AFTER_LON": 103.88511666666666,
      "SOG": 0,
      "MOVINGTIME": 1440.0,
      "ARRIVALTIME": "20251203190501"
    },
    {
      "SEQ": 151,
      "BEFORE_NODE": 151.0,
      "AFTER_NODE": 152.0,
      "BEFORE_LAT": 1.2411333333333332,
      "BEFORE_LON": 103.88511666666666,
      "AFTER_LAT": 1.2410166666666667,
      "AFTER_LON": 103.88515,
      "SOG": 0,
      "MOVINGTIME": 1980.0,
      "ARRIVALTIME": "20251203193801"
    },
    {
      "SEQ": 152,
      "BEFORE_NODE": 152.0,
      "AFTER_NODE": 153.0,
      "BEFORE_LAT": 1.2410166666666667,
      "BEFORE_LON": 103.88515,
      "AFTER_LAT": 1.2410666666666668,
      "AFTER_LON": 103.88513333333333,
      "SOG": 0,
      "MOVINGTIME": 1800.0,
      "ARRIVALTIME": "20251203200801"
    },
    {
      "SEQ": 153,
      "BEFORE_NODE": 153.0,
      "AFTER_NODE": 154.0,
      "BEFORE_LAT": 1.2410666666666668,
      "BEFORE_LON": 103.88513333333333,
      "AFTER_LAT": 1.2412,
      "AFTER_LON": 103.88498333333334,
      "SOG": 0,
      "MOVINGTIME": 1800.0,
      "ARRIVALTIME": "20251203203801"
    },
    {
      "SEQ": 154,
      "BEFORE_NODE": 154.0,
      "AFTER_NODE": 155.0,
      "BEFORE_LAT": 1.2412,
      "BEFORE_LON": 103.88498333333334,
      "AFTER_LAT": 1.2412166666666666,
      "AFTER_LON": 103.88506666666666,
      "SOG": 0,
      "MOVINGTIME": 1980.0,
      "ARRIVALTIME": "20251203211101"
    },
    {
      "SEQ": 155,
      "BEFORE_NODE": 155.0,
      "AFTER_NODE": 156.0,
      "BEFORE_LAT": 1.2412166666666666,
      "BEFORE_LON": 103.88506666666666,
      "AFTER_LAT": 1.2413333333333334,
      "AFTER_LON": 103.88506666666666,
      "SOG": 0,
      "MOVINGTIME": 1800.0,
      "ARRIVALTIME": "20251203214101"
    },
    {
      "SEQ": 156,
      "BEFORE_NODE": 156.0,
      "AFTER_NODE": 157.0,
      "BEFORE_LAT": 1.2413333333333334,
      "BEFORE_LON": 103.88506666666666,
      "AFTER_LAT": 1.24125,
      "AFTER_LON": 103.88501666666667,
      "SOG": 0,
      "MOVINGTIME": 1620.0,
      "ARRIVALTIME": "20251203220801"
    },
    {
      "SEQ": 157,
      "BEFORE_NODE": 157.0,
      "AFTER_NODE": 158.0,
      "BEFORE_LAT": 1.24125,
      "BEFORE_LON": 103.88501666666667,
      "AFTER_LAT": 1.2413333333333334,
      "AFTER_LON": 103.885,
      "SOG": 0,
      "MOVINGTIME": 1980.0,
      "ARRIVALTIME": "20251203224101"
    },
    {
      "SEQ": 158,
      "BEFORE_NODE": 158.0,
      "AFTER_NODE": 159.0,
      "BEFORE_LAT": 1.2413333333333334,
      "BEFORE_LON": 103.885,
      "AFTER_LAT": 1.2413666666666667,
      "AFTER_LON": 103.88501666666667,
      "SOG": 0.1,
      "MOVINGTIME": 1620.0,
      "ARRIVALTIME": "20251203230801"
    },
    {
      "SEQ": 159,
      "BEFORE_NODE": 159.0,
      "AFTER_NODE": 160.0,
      "BEFORE_LAT": 1.2413666666666667,
      "BEFORE_LON": 103.88501666666667,
      "AFTER_LAT": 1.2414,
      "AFTER_LON": 103.88496666666667,
      "SOG": 0,
      "MOVINGTIME": 1800.0,
      "ARRIVALTIME": "20251203233801"
    },
    {
      "SEQ": 160,
      "BEFORE_NODE": 160.0,
      "AFTER_NODE": 161.0,
      "BEFORE_LAT": 1.2414,
      "BEFORE_LON": 103.88496666666667,
      "AFTER_LAT": 1.2413166666666666,
      "AFTER_LON": 103.88493333333334,
      "SOG": 0,
      "MOVINGTIME": 1800.0,
      "ARRIVALTIME": "20251204000801"
    },
    {
      "SEQ": 161,
      "BEFORE_NODE": 161.0,
      "AFTER_NODE": 162.0,
      "BEFORE_LAT": 1.2413166666666666,
      "BEFORE_LON": 103.88493333333334,
      "AFTER_LAT": 1.2412166666666666,
      "AFTER_LON": 103.88508333333333,
      "SOG": 0,
      "MOVINGTIME": 1980.0,
      "ARRIVALTIME": "20251204004101"
    },
    {
      "SEQ": 162,
      "BEFORE_NODE": 162.0,
      "AFTER_NODE": 163.0,
      "BEFORE_LAT": 1.2412166666666666,
      "BEFORE_LON": 103.88508333333333,
      "AFTER_LAT": 1.2412166666666666,
      "AFTER_LON": 103.88518333333333,
      "SOG": 0,
      "MOVINGTIME": 1620.0,
      "ARRIVALTIME": "20251204010801"
    },
    {
      "SEQ": 163,
      "BEFORE_NODE": 163.0,
      "AFTER_NODE": 164.0,
      "BEFORE_LAT": 1.2412166666666666,
      "BEFORE_LON": 103.88518333333333,
      "AFTER_LAT": 1.2409666666666668,
      "AFTER_LON": 103.88553333333333,
      "SOG": 0.1,
      "MOVINGTIME": 1980.0,
      "ARRIVALTIME": "20251204014101"
    },
    {
      "SEQ": 164,
      "BEFORE_NODE": 164.0,
      "AFTER_NODE": 165.0,
      "BEFORE_LAT": 1.2409666666666668,
      "BEFORE_LON": 103.88553333333333,
      "AFTER_LAT": 1.2408333333333332,
      "AFTER_LON": 103.88603333333333,
      "SOG": 0.1,
      "MOVINGTIME": 1620.0,
      "ARRIVALTIME": "20251204020801"
    },
    {
      "SEQ": 165,
      "BEFORE_NODE": 165.0,
      "AFTER_NODE": 166.0,
      "BEFORE_LAT": 1.2408333333333332,
      "BEFORE_LON": 103.88603333333333,
      "AFTER_LAT": 1.2408666666666668,
      "AFTER_LON": 103.88706666666667,
      "SOG": 0.1,
      "MOVINGTIME": 1980.0,
      "ARRIVALTIME": "20251204024101"
    },
    {
      "SEQ": 166,
      "BEFORE_NODE": 166.0,
      "AFTER_NODE": 167.0,
      "BEFORE_LAT": 1.2408666666666668,
      "BEFORE_LON": 103.88706666666667,
      "AFTER_LAT": 1.2427,
      "AFTER_LON": 103.88871666666667,
      "SOG": 0.3,
      "MOVINGTIME": 1440.0,
      "ARRIVALTIME": "20251204030501"
    },
    {
      "SEQ": 167,
      "BEFORE_NODE": 167.0,
      "AFTER_NODE": 168.0,
      "BEFORE_LAT": 1.2427,
      "BEFORE_LON": 103.88871666666667,
      "AFTER_LAT": 1.2439666666666667,
      "AFTER_LON": 103.88773333333333,
      "SOG": 1.2,
      "MOVINGTIME": 2276.0,
      "ARRIVALTIME": "20251204034257"
    },
    {
      "SEQ": 168,
      "BEFORE_NODE": 168.0,
      "AFTER_NODE": 169.0,
      "BEFORE_LAT": 1.2439666666666667,
      "BEFORE_LON": 103.88773333333333,
      "AFTER_LAT": 1.2123833333333334,
      "AFTER_LON": 103.87753333333333,
      "SOG": 9.7,
      "MOVINGTIME": 1500.0,
      "ARRIVALTIME": "20251204040757"
    },
    {
      "SEQ": 169,
      "BEFORE_NODE": 169.0,
      "AFTER_NODE": 170.0,
      "BEFORE_LAT": 1.2123833333333334,
      "BEFORE_LON": 103.87753333333333,
      "AFTER_LAT": 1.1757666666666666,
      "AFTER_LON": 103.80651666666667,
      "SOG": 10,
      "MOVINGTIME": 1799.0,
      "ARRIVALTIME": "20251204043756"
    },
    {
      "SEQ": 170,
      "BEFORE_NODE": 170.0,
      "AFTER_NODE": 171.0,
      "BEFORE_LAT": 1.1757666666666666,
      "BEFORE_LON": 103.80651666666667,
      "AFTER_LAT": 1.1407833333333333,
      "AFTER_LON": 103.72725,
      "SOG": 12.3,
      "MOVINGTIME": 1802.0,
      "ARRIVALTIME": "20251204050758"
    },
    {
      "SEQ": 171,
      "BEFORE_NODE": 171.0,
      "AFTER_NODE": 172.0,
      "BEFORE_LAT": 1.1407833333333333,
      "BEFORE_LON": 103.72725,
      "AFTER_LAT": 1.1783833333333333,
      "AFTER_LON": 103.66083333333333,
      "SOG": 11.4,
      "MOVINGTIME": 1379.0,
      "ARRIVALTIME": "20251204053057"
    },
    {
      "SEQ": 172,
      "BEFORE_NODE": 172.0,
      "AFTER_NODE": 173.0,
      "BEFORE_LAT": 1.1783833333333333,
      "BEFORE_LON": 103.66083333333333,
      "AFTER_LAT": 1.19705,
      "AFTER_LON": 103.55632,
      "SOG": 12.6,
      "MOVINGTIME": 1863.0,
      "ARRIVALTIME": "20251204060200"
    },
    {
      "SEQ": 173,
      "BEFORE_NODE": 173.0,
      "AFTER_NODE": 174.0,
      "BEFORE_LAT": 1.19705,
      "BEFORE_LON": 103.55632,
      "AFTER_LAT": 1.2219334,
      "AFTER_LON": 103.45885,
      "SOG": 13.3,
      "MOVINGTIME": 1740.0,
      "ARRIVALTIME": "20251204063100"
    },
    {
      "SEQ": 174,
      "BEFORE_NODE": 174.0,
      "AFTER_NODE": 175.0,
      "BEFORE_LAT": 1.2219334,
      "BEFORE_LON": 103.45885,
      "AFTER_LAT": 1.2799166666666666,
      "AFTER_LON": 103.34346666666667,
      "SOG": 13.2,
      "MOVINGTIME": 2088.0,
      "ARRIVALTIME": "20251204070548"
    },
    {
      "SEQ": 175,
      "BEFORE_NODE": 175.0,
      "AFTER_NODE": 176.0,
      "BEFORE_LAT": 1.2799166666666666,
      "BEFORE_LON": 103.34346666666667,
      "AFTER_LAT": 1.3448833333333332,
      "AFTER_LON": 103.2617,
      "SOG": 13.5,
      "MOVINGTIME": 1694.0,
      "ARRIVALTIME": "20251204073402"
    },
    {
      "SEQ": 176,
      "BEFORE_NODE": 176.0,
      "AFTER_NODE": 177.0,
      "BEFORE_LAT": 1.3448833333333332,
      "BEFORE_LON": 103.2617,
      "AFTER_LAT": 1.4163333333333332,
      "AFTER_LON": 103.1649,
      "SOG": 13.8,
      "MOVINGTIME": 1887.0,
      "ARRIVALTIME": "20251204080529"
    },
    {
      "SEQ": 177,
      "BEFORE_NODE": 177.0,
      "AFTER_NODE": 178.0,
      "BEFORE_LAT": 1.4163333333333332,
      "BEFORE_LON": 103.1649,
      "AFTER_LAT": 1.4935,
      "AFTER_LON": 103.05085,
      "SOG": 15.8,
      "MOVINGTIME": 2106.0,
      "ARRIVALTIME": "20251204084035"
    },
    {
      "SEQ": 178,
      "BEFORE_NODE": 178.0,
      "AFTER_NODE": 179.0,
      "BEFORE_LAT": 1.4935,
      "BEFORE_LON": 103.05085,
      "AFTER_LAT": 1.5393167,
      "AFTER_LON": 102.98415,
      "SOG": 16.1,
      "MOVINGTIME": 1225.0,
      "ARRIVALTIME": "20251204090100"
    },
    {
      "SEQ": 179,
      "BEFORE_NODE": 179.0,
      "AFTER_NODE": 180.0,
      "BEFORE_LAT": 1.5393167,
      "BEFORE_LON": 102.98415,
      "AFTER_LAT": 1.6415333333333333,
      "AFTER_LON": 102.8413,
      "SOG": 15.4,
      "MOVINGTIME": 2218.0,
      "ARRIVALTIME": "20251204093758"
    },
    {
      "SEQ": 180,
      "BEFORE_NODE": 180.0,
      "AFTER_NODE": 181.0,
      "BEFORE_LAT": 1.6415333333333333,
      "BEFORE_LON": 102.8413,
      "AFTER_LAT": 1.7033666666666667,
      "AFTER_LON": 102.7335,
      "SOG": 15.2,
      "MOVINGTIME": 1746.0,
      "ARRIVALTIME": "20251204100704"
    },
    {
      "SEQ": 181,
      "BEFORE_NODE": 181.0,
      "AFTER_NODE": 182.0,
      "BEFORE_LAT": 1.7033666666666667,
      "BEFORE_LON": 102.7335,
      "AFTER_LAT": 1.7604333333333333,
      "AFTER_LON": 102.61208333333333,
      "SOG": 14.3,
      "MOVINGTIME": 1954.0,
      "ARRIVALTIME": "20251204103938"
    },
    {
      "SEQ": 182,
      "BEFORE_NODE": 182.0,
      "AFTER_NODE": 183.0,
      "BEFORE_LAT": 1.7604333333333333,
      "BEFORE_LON": 102.61208333333333,
      "AFTER_LAT": 1.8167,
      "AFTER_LON": 102.49333333333334,
      "SOG": 14.2,
      "MOVINGTIME": 1995.0,
      "ARRIVALTIME": "20251204111253"
    },
    {
      "SEQ": 183,
      "BEFORE_NODE": 183.0,
      "AFTER_NODE": 184.0,
      "BEFORE_LAT": 1.8167,
      "BEFORE_LON": 102.49333333333334,
      "AFTER_LAT": 1.8659666666666668,
      "AFTER_LON": 102.39038333333333,
      "SOG": 13.6,
      "MOVINGTIME": 1747.0,
      "ARRIVALTIME": "20251204114200"
    },
    {
      "SEQ": 184,
      "BEFORE_NODE": 184.0,
      "AFTER_NODE": 185.0,
      "BEFORE_LAT": 1.8659666666666668,
      "BEFORE_LON": 102.39038333333333,
      "AFTER_LAT": 1.91655,
      "AFTER_LON": 102.28583333333333,
      "SOG": 13.6,
      "MOVINGTIME": 1821.0,
      "ARRIVALTIME": "20251204121221"
    },
    {
      "SEQ": 185,
      "BEFORE_NODE": 185.0,
      "AFTER_NODE": 186.0,
      "BEFORE_LAT": 1.91655,
      "BEFORE_LON": 102.28583333333333,
      "AFTER_LAT": 1.988,
      "AFTER_LON": 102.194,
      "SOG": 13.8,
      "MOVINGTIME": 1821.0,
      "ARRIVALTIME": "20251204124242"
    },
    {
      "SEQ": 186,
      "BEFORE_NODE": 186.0,
      "AFTER_NODE": 187.0,
      "BEFORE_LAT": 1.988,
      "BEFORE_LON": 102.194,
      "AFTER_LAT": 2.0281999,
      "AFTER_LON": 102.14735,
      "SOG": 14,
      "MOVINGTIME": 1158.0,
      "ARRIVALTIME": "20251204130200"
    },
    {
      "SEQ": 187,
      "BEFORE_NODE": 187.0,
      "AFTER_NODE": 188.0,
      "BEFORE_LAT": 2.0281999,
      "BEFORE_LON": 102.14735,
      "AFTER_LAT": 2.1067333,
      "AFTER_LON": 102.05843,
      "SOG": 14.3,
      "MOVINGTIME": 1740.0,
      "ARRIVALTIME": "20251204133100"
    },
    {
      "SEQ": 188,
      "BEFORE_NODE": 188.0,
      "AFTER_NODE": 189.0,
      "BEFORE_LAT": 2.1067333,
      "BEFORE_LON": 102.05843,
      "AFTER_LAT": 2.1981332,
      "AFTER_LON": 101.97828,
      "SOG": 14.6,
      "MOVINGTIME": 1800.0,
      "ARRIVALTIME": "20251204140100"
    },
    {
      "SEQ": 189,
      "BEFORE_NODE": 189.0,
      "AFTER_NODE": 190.0,
      "BEFORE_LAT": 2.1981332,
      "BEFORE_LON": 101.97828,
      "AFTER_LAT": 2.28495,
      "AFTER_LON": 101.8823,
      "SOG": 15.1,
      "MOVINGTIME": 1980.0,
      "ARRIVALTIME": "20251204143400"
    },
    {
      "SEQ": 190,
      "BEFORE_NODE": 190.0,
      "AFTER_NODE": 191.0,
      "BEFORE_LAT": 2.28495,
      "BEFORE_LON": 101.8823,
      "AFTER_LAT": 2.3545499,
      "AFTER_LON": 101.80453,
      "SOG": 15.6,
      "MOVINGTIME": 1620.0,
      "ARRIVALTIME": "20251204150100"
    },
    {
      "SEQ": 191,
      "BEFORE_NODE": 191.0,
      "AFTER_NODE": 192.0,
      "BEFORE_LAT": 2.3545499,
      "BEFORE_LON": 101.80453,
      "AFTER_LAT": 2.4514501,
      "AFTER_LON": 101.6755,
      "SOG": 15.6,
      "MOVINGTIME": 1920.0,
      "ARRIVALTIME": "20251204153300"
    },
    {
      "SEQ": 192,
      "BEFORE_NODE": 192.0,
      "AFTER_NODE": 193.0,
      "BEFORE_LAT": 2.4514501,
      "BEFORE_LON": 101.6755,
      "AFTER_LAT": 2.5174832,
      "AFTER_LON": 101.58748,
      "SOG": 16.1,
      "MOVINGTIME": 1620.0,
      "ARRIVALTIME": "20251204160000"
    },
    {
      "SEQ": 193,
      "BEFORE_NODE": 193.0,
      "AFTER_NODE": 194.0,
      "BEFORE_LAT": 2.5174832,
      "BEFORE_LON": 101.58748,
      "AFTER_LAT": 2.5744834,
      "AFTER_LON": 101.51707,
      "SOG": 16.2,
      "MOVINGTIME": 1800.0,
      "ARRIVALTIME": "20251204163000"
    },
    {
      "SEQ": 194,
      "BEFORE_NODE": 194.0,
      "AFTER_NODE": 195.0,
      "BEFORE_LAT": 2.5744834,
      "BEFORE_LON": 101.51707,
      "AFTER_LAT": 2.6719501,
      "AFTER_LON": 101.34919,
      "SOG": 16.7,
      "MOVINGTIME": 1800.0,
      "ARRIVALTIME": "20251204170000"
    },
    {
      "SEQ": 195,
      "BEFORE_NODE": 195.0,
      "AFTER_NODE": 196.0,
      "BEFORE_LAT": 2.6719501,
      "BEFORE_LON": 101.34919,
      "AFTER_LAT": 2.7439167,
      "AFTER_LON": 101.22728,
      "SOG": 13.3,
      "MOVINGTIME": 1860.0,
      "ARRIVALTIME": "20251204173100"
    },
    {
      "SEQ": 196,
      "BEFORE_NODE": 196.0,
      "AFTER_NODE": 197.0,
      "BEFORE_LAT": 2.7439167,
      "BEFORE_LON": 101.22728,
      "AFTER_LAT": 2.7931166,
      "AFTER_LON": 101.15552,
      "SOG": 7,
      "MOVINGTIME": 1800.0,
      "ARRIVALTIME": "20251204180100"
    },
    {
      "SEQ": 197,
      "BEFORE_NODE": 197.0,
      "AFTER_NODE": 198.0,
      "BEFORE_LAT": 2.7931166,
      "BEFORE_LON": 101.15552,
      "AFTER_LAT": 2.8145001,
      "AFTER_LON": 101.15257,
      "SOG": 1,
      "MOVINGTIME": 1980.0,
      "ARRIVALTIME": "20251204183400"
    },
    {
      "SEQ": 198,
      "BEFORE_NODE": 198.0,
      "AFTER_NODE": 199.0,
      "BEFORE_LAT": 2.8145001,
      "BEFORE_LON": 101.15257,
      "AFTER_LAT": 2.8154833,
      "AFTER_LON": 101.15287,
      "SOG": 0.2,
      "MOVINGTIME": 1680.0,
      "ARRIVALTIME": "20251204190200"
    },
    {
      "SEQ": 199,
      "BEFORE_NODE": 199.0,
      "AFTER_NODE": 200.0,
      "BEFORE_LAT": 2.8154833,
      "BEFORE_LON": 101.15287,
      "AFTER_LAT": 2.8134167,
      "AFTER_LON": 101.15643,
      "SOG": 0.6,
      "MOVINGTIME": 1740.0,
      "ARRIVALTIME": "20251204193100"
    },
    {
      "SEQ": 200,
      "BEFORE_NODE": 200.0,
      "AFTER_NODE": 201.0,
      "BEFORE_LAT": 2.8134167,
      "BEFORE_LON": 101.15643,
      "AFTER_LAT": 2.8131499,
      "AFTER_LON": 101.15617,
      "SOG": 0.1,
      "MOVINGTIME": 2160.0,
      "ARRIVALTIME": "20251204200700"
    },
    {
      "SEQ": 201,
      "BEFORE_NODE": 201.0,
      "AFTER_NODE": 202.0,
      "BEFORE_LAT": 2.8131499,
      "BEFORE_LON": 101.15617,
      "AFTER_LAT": 2.8132999,
      "AFTER_LON": 101.15608,
      "SOG": 0,
      "MOVINGTIME": 1380.0,
      "ARRIVALTIME": "20251204203000"
    },
    {
      "SEQ": 202,
      "BEFORE_NODE": 202.0,
      "AFTER_NODE": 203.0,
      "BEFORE_LAT": 2.8132999,
      "BEFORE_LON": 101.15608,
      "AFTER_LAT": 2.8133166,
      "AFTER_LON": 101.15632,
      "SOG": 0.1,
      "MOVINGTIME": 1980.0,
      "ARRIVALTIME": "20251204210300"
    },
    {
      "SEQ": 203,
      "BEFORE_NODE": 203.0,
      "AFTER_NODE": 204.0,
      "BEFORE_LAT": 2.8133166,
      "BEFORE_LON": 101.15632,
      "AFTER_LAT": 2.8134167,
      "AFTER_LON": 101.15635,
      "SOG": 0,
      "MOVINGTIME": 1560.0,
      "ARRIVALTIME": "20251204212900"
    },
    {
      "SEQ": 204,
      "BEFORE_NODE": 204.0,
      "AFTER_NODE": 205.0,
      "BEFORE_LAT": 2.8134167,
      "BEFORE_LON": 101.15635,
      "AFTER_LAT": 2.8133667,
      "AFTER_LON": 101.15632,
      "SOG": 0,
      "MOVINGTIME": 1980.0,
      "ARRIVALTIME": "20251204220200"
    },
    {
      "SEQ": 205,
      "BEFORE_NODE": 205.0,
      "AFTER_NODE": 206.0,
      "BEFORE_LAT": 2.8133667,
      "BEFORE_LON": 101.15632,
      "AFTER_LAT": 2.8133667,
      "AFTER_LON": 101.15632,
      "SOG": 0,
      "MOVINGTIME": 1740.0,
      "ARRIVALTIME": "20251204223100"
    },
    {
      "SEQ": 206,
      "BEFORE_NODE": 206.0,
      "AFTER_NODE": 207.0,
      "BEFORE_LAT": 2.8133667,
      "BEFORE_LON": 101.15632,
      "AFTER_LAT": 2.8133667,
      "AFTER_LON": 101.15621,
      "SOG": 0,
      "MOVINGTIME": 2108.0,
      "ARRIVALTIME": "20251204230608"
    },
    {
      "SEQ": 207,
      "BEFORE_NODE": 207.0,
      "AFTER_NODE": 208.0,
      "BEFORE_LAT": 2.8133667,
      "BEFORE_LON": 101.15621,
      "AFTER_LAT": 2.8133667,
      "AFTER_LON": 101.15617,
      "SOG": 0.1,
      "MOVINGTIME": 1732.0,
      "ARRIVALTIME": "20251204233500"
    },
    {
      "SEQ": 208,
      "BEFORE_NODE": 208.0,
      "AFTER_NODE": 209.0,
      "BEFORE_LAT": 2.8133667,
      "BEFORE_LON": 101.15617,
      "AFTER_LAT": 2.8135166,
      "AFTER_LON": 101.156,
      "SOG": 0,
      "MOVINGTIME": 1560.0,
      "ARRIVALTIME": "20251205000100"
    },
    {
      "SEQ": 209,
      "BEFORE_NODE": 209.0,
      "AFTER_NODE": 210.0,
      "BEFORE_LAT": 2.8135166,
      "BEFORE_LON": 101.156,
      "AFTER_LAT": 2.8134665,
      "AFTER_LON": 101.15533,
      "SOG": 0,
      "MOVINGTIME": 1680.0,
      "ARRIVALTIME": "20251205002900"
    },
    {
      "SEQ": 210,
      "BEFORE_NODE": 210.0,
      "AFTER_NODE": 211.0,
      "BEFORE_LAT": 2.8134665,
      "BEFORE_LON": 101.15533,
      "AFTER_LAT": 2.8401833,
      "AFTER_LON": 101.13447,
      "SOG": 5,
      "MOVINGTIME": 2040.0,
      "ARRIVALTIME": "20251205010300"
    },
    {
      "SEQ": 211,
      "BEFORE_NODE": 211.0,
      "AFTER_NODE": 212.0,
      "BEFORE_LAT": 2.8401833,
      "BEFORE_LON": 101.13447,
      "AFTER_LAT": 2.8519001,
      "AFTER_LON": 101.1226,
      "SOG": 1.2,
      "MOVINGTIME": 2100.0,
      "ARRIVALTIME": "20251205013800"
    },
    {
      "SEQ": 212,
      "BEFORE_NODE": 212.0,
      "AFTER_NODE": 213.0,
      "BEFORE_LAT": 2.8519001,
      "BEFORE_LON": 101.1226,
      "AFTER_LAT": 2.8584666,
      "AFTER_LON": 101.11414,
      "SOG": 1.5,
      "MOVINGTIME": 1740.0,
      "ARRIVALTIME": "20251205020700"
    },
    {
      "SEQ": 213,
      "BEFORE_NODE": 213.0,
      "AFTER_NODE": 214.0,
      "BEFORE_LAT": 2.8584666,
      "BEFORE_LON": 101.11414,
      "AFTER_LAT": 2.86975,
      "AFTER_LON": 101.10132,
      "SOG": 1.8,
      "MOVINGTIME": 1920.0,
      "ARRIVALTIME": "20251205023900"
    },
    {
      "SEQ": 214,
      "BEFORE_NODE": 214.0,
      "AFTER_NODE": 215.0,
      "BEFORE_LAT": 2.86975,
      "BEFORE_LON": 101.10132,
      "AFTER_LAT": 2.8787,
      "AFTER_LON": 101.09208,
      "SOG": 2,
      "MOVINGTIME": 1440.0,
      "ARRIVALTIME": "20251205030300"
    },
    {
      "SEQ": 215,
      "BEFORE_NODE": 215.0,
      "AFTER_NODE": 216.0,
      "BEFORE_LAT": 2.8787,
      "BEFORE_LON": 101.09208,
      "AFTER_LAT": 2.8932333,
      "AFTER_LON": 101.07772,
      "SOG": 2.5,
      "MOVINGTIME": 1800.0,
      "ARRIVALTIME": "20251205033300"
    },
    {
      "SEQ": 216,
      "BEFORE_NODE": 216.0,
      "AFTER_NODE": 217.0,
      "BEFORE_LAT": 2.8932333,
      "BEFORE_LON": 101.07772,
      "AFTER_LAT": 2.90995,
      "AFTER_LON": 101.06252,
      "SOG": 2.9,
      "MOVINGTIME": 1680.0,
      "ARRIVALTIME": "20251205040100"
    },
    {
      "SEQ": 217,
      "BEFORE_NODE": 217.0,
      "AFTER_NODE": 218.0,
      "BEFORE_LAT": 2.90995,
      "BEFORE_LON": 101.06252,
      "AFTER_LAT": 2.9321167,
      "AFTER_LON": 101.0429,
      "SOG": 3,
      "MOVINGTIME": 1920.0,
      "ARRIVALTIME": "20251205043300"
    },
    {
      "SEQ": 218,
      "BEFORE_NODE": 218.0,
      "AFTER_NODE": 219.0,
      "BEFORE_LAT": 2.9321167,
      "BEFORE_LON": 101.0429,
      "AFTER_LAT": 2.9486334,
      "AFTER_LON": 101.02917,
      "SOG": 1.8,
      "MOVINGTIME": 1980.0,
      "ARRIVALTIME": "20251205050600"
    },
    {
      "SEQ": 219,
      "BEFORE_NODE": 219.0,
      "AFTER_NODE": 220.0,
      "BEFORE_LAT": 2.9486334,
      "BEFORE_LON": 101.02917,
      "AFTER_LAT": 2.9145834,
      "AFTER_LON": 101.05175,
      "SOG": 10.5,
      "MOVINGTIME": 1680.0,
      "ARRIVALTIME": "20251205053400"
    },
    {
      "SEQ": 220,
      "BEFORE_NODE": 220.0,
      "AFTER_NODE": 221.0,
      "BEFORE_LAT": 2.9145834,
      "BEFORE_LON": 101.05175,
      "AFTER_LAT": 2.8461001,
      "AFTER_LON": 101.09653,
      "SOG": 2,
      "MOVINGTIME": 1860.0,
      "ARRIVALTIME": "20251205060500"
    },
    {
      "SEQ": 221,
      "BEFORE_NODE": 221.0,
      "AFTER_NODE": 222.0,
      "BEFORE_LAT": 2.8461001,
      "BEFORE_LON": 101.09653,
      "AFTER_LAT": 2.8511,
      "AFTER_LON": 101.07806,
      "SOG": 2.2,
      "MOVINGTIME": 1680.0,
      "ARRIVALTIME": "20251205063300"
    },
    {
      "SEQ": 222,
      "BEFORE_NODE": 222.0,
      "AFTER_NODE": 223.0,
      "BEFORE_LAT": 2.8511,
      "BEFORE_LON": 101.07806,
      "AFTER_LAT": 2.8527334,
      "AFTER_LON": 101.0946,
      "SOG": 9.1,
      "MOVINGTIME": 1860.0,
      "ARRIVALTIME": "20251205070400"
    },
    {
      "SEQ": 223,
      "BEFORE_NODE": 223.0,
      "AFTER_NODE": 224.0,
      "BEFORE_LAT": 2.8527334,
      "BEFORE_LON": 101.0946,
      "AFTER_LAT": 2.8468499,
      "AFTER_LON": 101.12061,
      "SOG": 0.3,
      "MOVINGTIME": 1680.0,
      "ARRIVALTIME": "20251205073200"
    },
    {
      "SEQ": 224,
      "BEFORE_NODE": 224.0,
      "AFTER_NODE": 225.0,
      "BEFORE_LAT": 2.8468499,
      "BEFORE_LON": 101.12061,
      "AFTER_LAT": 2.8462501,
      "AFTER_LON": 101.12065,
      "SOG": 0.2,
      "MOVINGTIME": 1860.0,
      "ARRIVALTIME": "20251205080300"
    },
    {
      "SEQ": 225,
      "BEFORE_NODE": 225.0,
      "AFTER_NODE": 226.0,
      "BEFORE_LAT": 2.8462501,
      "BEFORE_LON": 101.12065,
      "AFTER_LAT": 2.8439333,
      "AFTER_LON": 101.12183,
      "SOG": 0.3,
      "MOVINGTIME": 1860.0,
      "ARRIVALTIME": "20251205083400"
    },
    {
      "SEQ": 226,
      "BEFORE_NODE": 226.0,
      "AFTER_NODE": 227.0,
      "BEFORE_LAT": 2.8439333,
      "BEFORE_LON": 101.12183,
      "AFTER_LAT": 2.8436,
      "AFTER_LON": 101.12163333333334,
      "SOG": 0,
      "MOVINGTIME": 924.0,
      "ARRIVALTIME": "20251205084924"
    },
    {
      "SEQ": 227,
      "BEFORE_NODE": 227.0,
      "AFTER_NODE": 228.0,
      "BEFORE_LAT": 2.8436,
      "BEFORE_LON": 101.12163333333334,
      "AFTER_LAT": 2.8379333,
      "AFTER_LON": 101.12755,
      "SOG": 1.1,
      "MOVINGTIME": 2736.0,
      "ARRIVALTIME": "20251205093500"
    },
    {
      "SEQ": 228,
      "BEFORE_NODE": 228.0,
      "AFTER_NODE": 229.0,
      "BEFORE_LAT": 2.8379333,
      "BEFORE_LON": 101.12755,
      "AFTER_LAT": 2.8310499,
      "AFTER_LON": 101.1355,
      "SOG": 1.1,
      "MOVINGTIME": 1920.0,
      "ARRIVALTIME": "20251205100700"
    },
    {
      "SEQ": 229,
      "BEFORE_NODE": 229.0,
      "AFTER_NODE": 230.0,
      "BEFORE_LAT": 2.8310499,
      "BEFORE_LON": 101.1355,
      "AFTER_LAT": 2.8237,
      "AFTER_LON": 101.14263,
      "SOG": 1.2,
      "MOVINGTIME": 1740.0,
      "ARRIVALTIME": "20251205103600"
    },
    {
      "SEQ": 230,
      "BEFORE_NODE": 230.0,
      "AFTER_NODE": 231.0,
      "BEFORE_LAT": 2.8237,
      "BEFORE_LON": 101.14263,
      "AFTER_LAT": 2.8203666,
      "AFTER_LON": 101.14612,
      "SOG": 0.2,
      "MOVINGTIME": 1380.0,
      "ARRIVALTIME": "20251205105900"
    },
    {
      "SEQ": 231,
      "BEFORE_NODE": 231.0,
      "AFTER_NODE": 232.0,
      "BEFORE_LAT": 2.8203666,
      "BEFORE_LON": 101.14612,
      "AFTER_LAT": 2.8175333,
      "AFTER_LON": 101.14472,
      "SOG": 0.6,
      "MOVINGTIME": 1980.0,
      "ARRIVALTIME": "20251205113200"
    },
    {
      "SEQ": 232,
      "BEFORE_NODE": 232.0,
      "AFTER_NODE": 233.0,
      "BEFORE_LAT": 2.8175333,
      "BEFORE_LON": 101.14472,
      "AFTER_LAT": 2.8127999,
      "AFTER_LON": 101.14526,
      "SOG": 0.4,
      "MOVINGTIME": 1680.0,
      "ARRIVALTIME": "20251205120000"
    },
    {
      "SEQ": 233,
      "BEFORE_NODE": 233.0,
      "AFTER_NODE": 234.0,
      "BEFORE_LAT": 2.8127999,
      "BEFORE_LON": 101.14526,
      "AFTER_LAT": 2.8113832,
      "AFTER_LON": 101.14806,
      "SOG": 0.3,
      "MOVINGTIME": 1800.0,
      "ARRIVALTIME": "20251205123000"
    },
    {
      "SEQ": 234,
      "BEFORE_NODE": 234.0,
      "AFTER_NODE": 235.0,
      "BEFORE_LAT": 2.8113832,
      "BEFORE_LON": 101.14806,
      "AFTER_LAT": 2.8100333,
      "AFTER_LON": 101.15005,
      "SOG": 0.3,
      "MOVINGTIME": 1740.0,
      "ARRIVALTIME": "20251205125900"
    },
    {
      "SEQ": 235,
      "BEFORE_NODE": 235.0,
      "AFTER_NODE": 236.0,
      "BEFORE_LAT": 2.8100333,
      "BEFORE_LON": 101.15005,
      "AFTER_LAT": 2.8087833,
      "AFTER_LON": 101.1509,
      "SOG": 0,
      "MOVINGTIME": 1800.0,
      "ARRIVALTIME": "20251205132900"
    },
    {
      "SEQ": 236,
      "BEFORE_NODE": 236.0,
      "AFTER_NODE": 237.0,
      "BEFORE_LAT": 2.8087833,
      "BEFORE_LON": 101.1509,
      "AFTER_LAT": 2.8089499,
      "AFTER_LON": 101.15079,
      "SOG": 0.1,
      "MOVINGTIME": 1980.0,
      "ARRIVALTIME": "20251205140200"
    },
    {
      "SEQ": 237,
      "BEFORE_NODE": 237.0,
      "AFTER_NODE": 238.0,
      "BEFORE_LAT": 2.8089499,
      "BEFORE_LON": 101.15079,
      "AFTER_LAT": 2.8110166,
      "AFTER_LON": 101.14937,
      "SOG": 0.4,
      "MOVINGTIME": 1620.0,
      "ARRIVALTIME": "20251205142900"
    },
    {
      "SEQ": 238,
      "BEFORE_NODE": 238.0,
      "AFTER_NODE": 239.0,
      "BEFORE_LAT": 2.8110166,
      "BEFORE_LON": 101.14937,
      "AFTER_LAT": 2.8150666,
      "AFTER_LON": 101.1461,
      "SOG": 0.6,
      "MOVINGTIME": 2040.0,
      "ARRIVALTIME": "20251205150300"
    },
    {
      "SEQ": 239,
      "BEFORE_NODE": 239.0,
      "AFTER_NODE": 240.0,
      "BEFORE_LAT": 2.8150666,
      "BEFORE_LON": 101.1461,
      "AFTER_LAT": 2.8208334,
      "AFTER_LON": 101.1409,
      "SOG": 1,
      "MOVINGTIME": 1740.0,
      "ARRIVALTIME": "20251205153200"
    },
    {
      "SEQ": 240,
      "BEFORE_NODE": 240.0,
      "AFTER_NODE": 241.0,
      "BEFORE_LAT": 2.8208334,
      "BEFORE_LON": 101.1409,
      "AFTER_LAT": 2.8258333,
      "AFTER_LON": 101.1365,
      "SOG": 0.8,
      "MOVINGTIME": 1800.0,
      "ARRIVALTIME": "20251205160200"
    },
    {
      "SEQ": 241,
      "BEFORE_NODE": 241.0,
      "AFTER_NODE": 242.0,
      "BEFORE_LAT": 2.8258333,
      "BEFORE_LON": 101.1365,
      "AFTER_LAT": 2.8331001,
      "AFTER_LON": 101.13,
      "SOG": 1,
      "MOVINGTIME": 1860.0,
      "ARRIVALTIME": "20251205163300"
    },
    {
      "SEQ": 242,
      "BEFORE_NODE": 242.0,
      "AFTER_NODE": 243.0,
      "BEFORE_LAT": 2.8331001,
      "BEFORE_LON": 101.13,
      "AFTER_LAT": 2.8387001,
      "AFTER_LON": 101.12493,
      "SOG": 0.6,
      "MOVINGTIME": 1740.0,
      "ARRIVALTIME": "20251205170200"
    },
    {
      "SEQ": 243,
      "BEFORE_NODE": 243.0,
      "AFTER_NODE": 244.0,
      "BEFORE_LAT": 2.8387001,
      "BEFORE_LON": 101.12493,
      "AFTER_LAT": 2.8419001,
      "AFTER_LON": 101.12128,
      "SOG": 0.3,
      "MOVINGTIME": 1800.0,
      "ARRIVALTIME": "20251205173200"
    },
    {
      "SEQ": 244,
      "BEFORE_NODE": 244.0,
      "AFTER_NODE": 245.0,
      "BEFORE_LAT": 2.8419001,
      "BEFORE_LON": 101.12128,
      "AFTER_LAT": 2.8419333,
      "AFTER_LON": 101.12033,
      "SOG": 0.5,
      "MOVINGTIME": 1860.0,
      "ARRIVALTIME": "20251205180300"
    },
    {
      "SEQ": 245,
      "BEFORE_NODE": 245.0,
      "AFTER_NODE": 246.0,
      "BEFORE_LAT": 2.8419333,
      "BEFORE_LON": 101.12033,
      "AFTER_LAT": 2.8416166,
      "AFTER_LON": 101.12138,
      "SOG": 0.8,
      "MOVINGTIME": 1740.0,
      "ARRIVALTIME": "20251205183200"
    },
    {
      "SEQ": 246,
      "BEFORE_NODE": 246.0,
      "AFTER_NODE": 247.0,
      "BEFORE_LAT": 2.8416166,
      "BEFORE_LON": 101.12138,
      "AFTER_LAT": 2.8354166,
      "AFTER_LON": 101.1215,
      "SOG": 0.6,
      "MOVINGTIME": 1800.0,
      "ARRIVALTIME": "20251205190200"
    },
    {
      "SEQ": 247,
      "BEFORE_NODE": 247.0,
      "AFTER_NODE": 248.0,
      "BEFORE_LAT": 2.8354166,
      "BEFORE_LON": 101.1215,
      "AFTER_LAT": 2.8265333,
      "AFTER_LON": 101.12612,
      "SOG": 1.1,
      "MOVINGTIME": 1860.0,
      "ARRIVALTIME": "20251205193300"
    },
    {
      "SEQ": 248,
      "BEFORE_NODE": 248.0,
      "AFTER_NODE": 249.0,
      "BEFORE_LAT": 2.8265333,
      "BEFORE_LON": 101.12612,
      "AFTER_LAT": 2.8183,
      "AFTER_LON": 101.13293,
      "SOG": 1.3,
      "MOVINGTIME": 1800.0,
      "ARRIVALTIME": "20251205200300"
    },
    {
      "SEQ": 249,
      "BEFORE_NODE": 249.0,
      "AFTER_NODE": 250.0,
      "BEFORE_LAT": 2.8183,
      "BEFORE_LON": 101.13293,
      "AFTER_LAT": 2.8098333,
      "AFTER_LON": 101.14135,
      "SOG": 1.5,
      "MOVINGTIME": 1740.0,
      "ARRIVALTIME": "20251205203200"
    },
    {
      "SEQ": 250,
      "BEFORE_NODE": 250.0,
      "AFTER_NODE": 251.0,
      "BEFORE_LAT": 2.8098333,
      "BEFORE_LON": 101.14135,
      "AFTER_LAT": 2.8025334,
      "AFTER_LON": 101.15253,
      "SOG": 1.7,
      "MOVINGTIME": 1860.0,
      "ARRIVALTIME": "20251205210300"
    },
    {
      "SEQ": 251,
      "BEFORE_NODE": 251.0,
      "AFTER_NODE": 252.0,
      "BEFORE_LAT": 2.8025334,
      "BEFORE_LON": 101.15253,
      "AFTER_LAT": 2.7941334,
      "AFTER_LON": 101.1674,
      "SOG": 2,
      "MOVINGTIME": 1800.0,
      "ARRIVALTIME": "20251205213300"
    },
    {
      "SEQ": 252,
      "BEFORE_NODE": 252.0,
      "AFTER_NODE": 253.0,
      "BEFORE_LAT": 2.7941334,
      "BEFORE_LON": 101.1674,
      "AFTER_LAT": 2.7913499,
      "AFTER_LON": 101.1771,
      "SOG": 4.1,
      "MOVINGTIME": 1680.0,
      "ARRIVALTIME": "20251205220100"
    },
    {
      "SEQ": 253,
      "BEFORE_NODE": 253.0,
      "AFTER_NODE": 254.0,
      "BEFORE_LAT": 2.7913499,
      "BEFORE_LON": 101.1771,
      "AFTER_LAT": 2.8454666,
      "AFTER_LON": 101.1344,
      "SOG": 4,
      "MOVINGTIME": 1860.0,
      "ARRIVALTIME": "20251205223200"
    },
    {
      "SEQ": 254,
      "BEFORE_NODE": 254.0,
      "AFTER_NODE": 255.0,
      "BEFORE_LAT": 2.8454666,
      "BEFORE_LON": 101.1344,
      "AFTER_LAT": 2.8331332,
      "AFTER_LON": 101.13312,
      "SOG": 2.5,
      "MOVINGTIME": 1920.0,
      "ARRIVALTIME": "20251205230400"
    },
    {
      "SEQ": 255,
      "BEFORE_NODE": 255.0,
      "AFTER_NODE": 256.0,
      "BEFORE_LAT": 2.8331332,
      "BEFORE_LON": 101.13312,
      "AFTER_LAT": 2.8183,
      "AFTER_LON": 101.14133,
      "SOG": 1.2,
      "MOVINGTIME": 1920.0,
      "ARRIVALTIME": "20251205233600"
    },
    {
      "SEQ": 256,
      "BEFORE_NODE": 256.0,
      "AFTER_NODE": 257.0,
      "BEFORE_LAT": 2.8183,
      "BEFORE_LON": 101.14133,
      "AFTER_LAT": 2.8120501,
      "AFTER_LON": 101.14695,
      "SOG": 0.8,
      "MOVINGTIME": 1620.0,
      "ARRIVALTIME": "20251206000300"
    },
    {
      "SEQ": 257,
      "BEFORE_NODE": 257.0,
      "AFTER_NODE": 258.0,
      "BEFORE_LAT": 2.8120501,
      "BEFORE_LON": 101.14695,
      "AFTER_LAT": 2.8097999,
      "AFTER_LON": 101.14964,
      "SOG": 0.6,
      "MOVINGTIME": 1680.0,
      "ARRIVALTIME": "20251206003100"
    },
    {
      "SEQ": 258,
      "BEFORE_NODE": 258.0,
      "AFTER_NODE": 259.0,
      "BEFORE_LAT": 2.8097999,
      "BEFORE_LON": 101.14964,
      "AFTER_LAT": 2.79615,
      "AFTER_LON": 101.16375,
      "SOG": 11.6,
      "MOVINGTIME": 1920.0,
      "ARRIVALTIME": "20251206010300"
    },
    {
      "SEQ": 259,
      "BEFORE_NODE": 259.0,
      "AFTER_NODE": 260.0,
      "BEFORE_LAT": 2.79615,
      "BEFORE_LON": 101.16375,
      "AFTER_LAT": 2.7997832,
      "AFTER_LON": 101.23846,
      "SOG": 8.5,
      "MOVINGTIME": 1680.0,
      "ARRIVALTIME": "20251206013100"
    },
    {
      "SEQ": 260,
      "BEFORE_NODE": 260.0,
      "AFTER_NODE": 261.0,
      "BEFORE_LAT": 2.7997832,
      "BEFORE_LON": 101.23846,
      "AFTER_LAT": 2.8816667,
      "AFTER_LON": 101.26192,
      "SOG": 13.3,
      "MOVINGTIME": 1740.0,
      "ARRIVALTIME": "20251206020000"
    },
    {
      "SEQ": 261,
      "BEFORE_NODE": 261.0,
      "AFTER_NODE": 262.0,
      "BEFORE_LAT": 2.8816667,
      "BEFORE_LON": 101.26192,
      "AFTER_LAT": 2.9220333,
      "AFTER_LON": 101.28613,
      "SOG": 0.6,
      "MOVINGTIME": 1980.0,
      "ARRIVALTIME": "20251206023300"
    },
    {
      "SEQ": 262,
      "BEFORE_NODE": 262.0,
      "AFTER_NODE": 263.0,
      "BEFORE_LAT": 2.9220333,
      "BEFORE_LON": 101.28613,
      "AFTER_LAT": 2.9218333,
      "AFTER_LON": 101.2868,
      "SOG": 0,
      "MOVINGTIME": 1980.0,
      "ARRIVALTIME": "20251206030600"
    },
    {
      "SEQ": 263,
      "BEFORE_NODE": 263.0,
      "AFTER_NODE": 264.0,
      "BEFORE_LAT": 2.9218333,
      "BEFORE_LON": 101.2868,
      "AFTER_LAT": 2.9218667,
      "AFTER_LON": 101.28667,
      "SOG": 0,
      "MOVINGTIME": 1440.0,
      "ARRIVALTIME": "20251206033000"
    },
    {
      "SEQ": 264,
      "BEFORE_NODE": 264.0,
      "AFTER_NODE": 265.0,
      "BEFORE_LAT": 2.9218667,
      "BEFORE_LON": 101.28667,
      "AFTER_LAT": 2.9217668,
      "AFTER_LON": 101.28685,
      "SOG": 0,
      "MOVINGTIME": 1920.0,
      "ARRIVALTIME": "20251206040200"
    },
    {
      "SEQ": 265,
      "BEFORE_NODE": 265.0,
      "AFTER_NODE": 266.0,
      "BEFORE_LAT": 2.9217668,
      "BEFORE_LON": 101.28685,
      "AFTER_LAT": 2.9218667,
      "AFTER_LON": 101.28685,
      "SOG": 0,
      "MOVINGTIME": 2160.0,
      "ARRIVALTIME": "20251206043800"
    },
    {
      "SEQ": 266,
      "BEFORE_NODE": 266.0,
      "AFTER_NODE": 267.0,
      "BEFORE_LAT": 2.9218667,
      "BEFORE_LON": 101.28685,
      "AFTER_LAT": 2.9218833,
      "AFTER_LON": 101.28688,
      "SOG": 0,
      "MOVINGTIME": 2820.0,
      "ARRIVALTIME": "20251206052500"
    },
    {
      "SEQ": 267,
      "BEFORE_NODE": 267.0,
      "AFTER_NODE": 268.0,
      "BEFORE_LAT": 2.9218833,
      "BEFORE_LON": 101.28688,
      "AFTER_LAT": 2.9217834,
      "AFTER_LON": 101.28703,
      "SOG": 0,
      "MOVINGTIME": 2580.0,
      "ARRIVALTIME": "20251206060800"
    },
    {
      "SEQ": 268,
      "BEFORE_NODE": 268.0,
      "AFTER_NODE": 269.0,
      "BEFORE_LAT": 2.9217834,
      "BEFORE_LON": 101.28703,
      "AFTER_LAT": 2.9219501,
      "AFTER_LON": 101.28681,
      "SOG": 0,
      "MOVINGTIME": 1740.0,
      "ARRIVALTIME": "20251206063700"
    },
    {
      "SEQ": 269,
      "BEFORE_NODE": 269.0,
      "AFTER_NODE": 270.0,
      "BEFORE_LAT": 2.9219501,
      "BEFORE_LON": 101.28681,
      "AFTER_LAT": 2.9217999,
      "AFTER_LON": 101.28695,
      "SOG": 0,
      "MOVINGTIME": 1320.0,
      "ARRIVALTIME": "20251206065900"
    },
    {
      "SEQ": 270,
      "BEFORE_NODE": 270.0,
      "AFTER_NODE": 271.0,
      "BEFORE_LAT": 2.9217999,
      "BEFORE_LON": 101.28695,
      "AFTER_LAT": 2.9218166,
      "AFTER_LON": 101.28683,
      "SOG": 0,
      "MOVINGTIME": 1980.0,
      "ARRIVALTIME": "20251206073200"
    },
    {
      "SEQ": 271,
      "BEFORE_NODE": 271.0,
      "AFTER_NODE": 272.0,
      "BEFORE_LAT": 2.9218166,
      "BEFORE_LON": 101.28683,
      "AFTER_LAT": 2.92185,
      "AFTER_LON": 101.28687,
      "SOG": 0,
      "MOVINGTIME": 1740.0,
      "ARRIVALTIME": "20251206080100"
    },
    {
      "SEQ": 272,
      "BEFORE_NODE": 272.0,
      "AFTER_NODE": 273.0,
      "BEFORE_LAT": 2.92185,
      "BEFORE_LON": 101.28687,
      "AFTER_LAT": 2.9218833,
      "AFTER_LON": 101.28674,
      "SOG": 0,
      "MOVINGTIME": 1680.0,
      "ARRIVALTIME": "20251206082900"
    },
    {
      "SEQ": 273,
      "BEFORE_NODE": 273.0,
      "AFTER_NODE": 274.0,
      "BEFORE_LAT": 2.9218833,
      "BEFORE_LON": 101.28674,
      "AFTER_LAT": 2.92185,
      "AFTER_LON": 101.28683,
      "SOG": 0,
      "MOVINGTIME": 1800.0,
      "ARRIVALTIME": "20251206085900"
    },
    {
      "SEQ": 274,
      "BEFORE_NODE": 274.0,
      "AFTER_NODE": 275.0,
      "BEFORE_LAT": 2.92185,
      "BEFORE_LON": 101.28683,
      "AFTER_LAT": 2.92185,
      "AFTER_LON": 101.28681,
      "SOG": 0.1,
      "MOVINGTIME": 1860.0,
      "ARRIVALTIME": "20251206093000"
    },
    {
      "SEQ": 275,
      "BEFORE_NODE": 275.0,
      "AFTER_NODE": 276.0,
      "BEFORE_LAT": 2.92185,
      "BEFORE_LON": 101.28681,
      "AFTER_LAT": 2.9218333,
      "AFTER_LON": 101.28683,
      "SOG": 0,
      "MOVINGTIME": 1920.0,
      "ARRIVALTIME": "20251206100200"
    },
    {
      "SEQ": 276,
      "BEFORE_NODE": 276.0,
      "AFTER_NODE": 277.0,
      "BEFORE_LAT": 2.9218333,
      "BEFORE_LON": 101.28683,
      "AFTER_LAT": 2.9218833,
      "AFTER_LON": 101.28685,
      "SOG": 0,
      "MOVINGTIME": 1740.0,
      "ARRIVALTIME": "20251206103100"
    },
    {
      "SEQ": 277,
      "BEFORE_NODE": 277.0,
      "AFTER_NODE": 278.0,
      "BEFORE_LAT": 2.9218833,
      "BEFORE_LON": 101.28685,
      "AFTER_LAT": 2.9217668,
      "AFTER_LON": 101.28685,
      "SOG": 0,
      "MOVINGTIME": 1920.0,
      "ARRIVALTIME": "20251206110300"
    },
    {
      "SEQ": 278,
      "BEFORE_NODE": 278.0,
      "AFTER_NODE": 279.0,
      "BEFORE_LAT": 2.9217668,
      "BEFORE_LON": 101.28685,
      "AFTER_LAT": 2.9219999,
      "AFTER_LON": 101.2868,
      "SOG": 0,
      "MOVINGTIME": 1800.0,
      "ARRIVALTIME": "20251206113300"
    },
    {
      "SEQ": 279,
      "BEFORE_NODE": 279.0,
      "AFTER_NODE": 280.0,
      "BEFORE_LAT": 2.9219999,
      "BEFORE_LON": 101.2868,
      "AFTER_LAT": 2.8973501,
      "AFTER_LON": 101.26405,
      "SOG": 9.8,
      "MOVINGTIME": 1800.0,
      "ARRIVALTIME": "20251206120300"
    },
    {
      "SEQ": 280,
      "BEFORE_NODE": 280.0,
      "AFTER_NODE": 281.0,
      "BEFORE_LAT": 2.8973501,
      "BEFORE_LON": 101.26405,
      "AFTER_LAT": 2.8113832,
      "AFTER_LON": 101.2314,
      "SOG": 16.1,
      "MOVINGTIME": 1680.0,
      "ARRIVALTIME": "20251206123100"
    },
    {
      "SEQ": 281,
      "BEFORE_NODE": 281.0,
      "AFTER_NODE": 282.0,
      "BEFORE_LAT": 2.8113832,
      "BEFORE_LON": 101.2314,
      "AFTER_LAT": 2.7850001,
      "AFTER_LON": 101.12704,
      "SOG": 15.6,
      "MOVINGTIME": 1860.0,
      "ARRIVALTIME": "20251206130200"
    },
    {
      "SEQ": 282,
      "BEFORE_NODE": 282.0,
      "AFTER_NODE": 283.0,
      "BEFORE_LAT": 2.7850001,
      "BEFORE_LON": 101.12704,
      "AFTER_LAT": 2.8239,
      "AFTER_LON": 101.01548,
      "SOG": 15.6,
      "MOVINGTIME": 1440.0,
      "ARRIVALTIME": "20251206132600"
    },
    {
      "SEQ": 283,
      "BEFORE_NODE": 283.0,
      "AFTER_NODE": 284.0,
      "BEFORE_LAT": 2.8239,
      "BEFORE_LON": 101.01548,
      "AFTER_LAT": 2.8856833,
      "AFTER_LON": 100.95348,
      "SOG": 16.2,
      "MOVINGTIME": 1680.0,
      "ARRIVALTIME": "20251206135400"
    }
  ]
}