{
  "mmsi": "636023645",
  "PredResult": [
    {
      "SEQ": 0,
      "BEFORE_NODE": 0.0,
      "AFTER_NODE": 1.0,
      "BEFORE_LAT": 32.778858,
      "BEFORE_LON": -79.903053,
      "AFTER_LAT": 32.83593666666667,
      "AFTER_LON": -79.89243666666667,
      "SOG": 1.5,
      "MOVINGTIME": 1554.0,
      "ARRIVALTIME": "20251129151254"
    },
    {
      "SEQ": 1,
      "BEFORE_NODE": 1.0,
      "AFTER_NODE": 2.0,
      "BEFORE_LAT": 32.83593666666667,
      "BEFORE_LON": -79.89243666666667,
      "AFTER_LAT": 32.837316666666666,
      "AFTER_LON": -79.88988166666667,
      "SOG": 0,
      "MOVINGTIME": 1421.0,
      "ARRIVALTIME": "20251129153635"
    },
    {
      "SEQ": 2,
      "BEFORE_NODE": 2.0,
      "AFTER_NODE": 3.0,
      "BEFORE_LAT": 32.837316666666666,
      "BEFORE_LON": -79.88988166666667,
      "AFTER_LAT": 32.83734,
      "AFTER_LON": -79.88992333333333,
      "SOG": 0,
      "MOVINGTIME": 2162.0,
      "ARRIVALTIME": "20251129161237"
    },
    {
      "SEQ": 3,
      "BEFORE_NODE": 3.0,
      "AFTER_NODE": 4.0,
      "BEFORE_LAT": 32.83734,
      "BEFORE_LON": -79.88992333333333,
      "AFTER_LAT": 32.837336666666666,
      "AFTER_LON": -79.88993,
      "SOG": 0,
      "MOVINGTIME": 1799.0,
      "ARRIVALTIME": "20251129164236"
    },
    {
      "SEQ": 4,
      "BEFORE_NODE": 4.0,
      "AFTER_NODE": 5.0,
      "BEFORE_LAT": 32.837336666666666,
      "BEFORE_LON": -79.88993,
      "AFTER_LAT": 32.83732666666667,
      "AFTER_LON": -79.88992166666667,
      "SOG": 0,
      "MOVINGTIME": 1804.0,
      "ARRIVALTIME": "20251129171240"
    },
    {
      "SEQ": 5,
      "BEFORE_NODE": 5.0,
      "AFTER_NODE": 6.0,
      "BEFORE_LAT": 32.83732666666667,
      "BEFORE_LON": -79.88992166666667,
      "AFTER_LAT": 32.83733,
      "AFTER_LON": -79.88989833333333,
      "SOG": 0,
      "MOVINGTIME": 1442.0,
      "ARRIVALTIME": "20251129173642"
    },
    {
      "SEQ": 6,
      "BEFORE_NODE": 6.0,
      "AFTER_NODE": 7.0,
      "BEFORE_LAT": 32.83733,
      "BEFORE_LON": -79.88989833333333,
      "AFTER_LAT": 32.83734333333334,
      "AFTER_LON": -79.88990166666666,
      "SOG": 0,
      "MOVINGTIME": 2155.0,
      "ARRIVALTIME": "20251129181237"
    },
    {
      "SEQ": 7,
      "BEFORE_NODE": 7.0,
      "AFTER_NODE": 8.0,
      "BEFORE_LAT": 32.83734333333334,
      "BEFORE_LON": -79.88990166666666,
      "AFTER_LAT": 32.83732,
      "AFTER_LON": -79.88990333333334,
      "SOG": 0,
      "MOVINGTIME": 1803.0,
      "ARRIVALTIME": "20251129184240"
    },
    {
      "SEQ": 8,
      "BEFORE_NODE": 8.0,
      "AFTER_NODE": 9.0,
      "BEFORE_LAT": 32.83732,
      "BEFORE_LON": -79.88990333333334,
      "AFTER_LAT": 32.83730333333333,
      "AFTER_LON": -79.88993666666667,
      "SOG": 0,
      "MOVINGTIME": 1253.0,
      "ARRIVALTIME": "20251129190333"
    },
    {
      "SEQ": 9,
      "BEFORE_NODE": 9.0,
      "AFTER_NODE": 10.0,
      "BEFORE_LAT": 32.83730333333333,
      "BEFORE_LON": -79.88993666666667,
      "AFTER_LAT": 32.837368,
      "AFTER_LON": -79.889931,
      "SOG": 0,
      "MOVINGTIME": 6207.0,
      "ARRIVALTIME": "20251129204700"
    },
    {
      "SEQ": 10,
      "BEFORE_NODE": 10.0,
      "AFTER_NODE": 11.0,
      "BEFORE_LAT": 32.837368,
      "BEFORE_LON": -79.889931,
      "AFTER_LAT": 32.837269,
      "AFTER_LON": -79.889923,
      "SOG": 0,
      "MOVINGTIME": 1920.0,
      "ARRIVALTIME": "20251129211900"
    },
    {
      "SEQ": 11,
      "BEFORE_NODE": 11.0,
      "AFTER_NODE": 12.0,
      "BEFORE_LAT": 32.837269,
      "BEFORE_LON": -79.889923,
      "AFTER_LAT": 32.83733,
      "AFTER_LON": -79.889908,
      "SOG": 0,
      "MOVINGTIME": 3480.0,
      "ARRIVALTIME": "20251129221700"
    },
    {
      "SEQ": 12,
      "BEFORE_NODE": 12.0,
      "AFTER_NODE": 13.0,
      "BEFORE_LAT": 32.83733,
      "BEFORE_LON": -79.889908,
      "AFTER_LAT": 32.837276,
      "AFTER_LON": -79.8899,
      "SOG": 0,
      "MOVINGTIME": 1800.0,
      "ARRIVALTIME": "20251129224700"
    },
    {
      "SEQ": 13,
      "BEFORE_NODE": 13.0,
      "AFTER_NODE": 14.0,
      "BEFORE_LAT": 32.837276,
      "BEFORE_LON": -79.8899,
      "AFTER_LAT": 32.837318,
      "AFTER_LON": -79.889923,
      "SOG": 0,
      "MOVINGTIME": 2100.0,
      "ARRIVALTIME": "20251129232200"
    },
    {
      "SEQ": 14,
      "BEFORE_NODE": 14.0,
      "AFTER_NODE": 15.0,
      "BEFORE_LAT": 32.837318,
      "BEFORE_LON": -79.889923,
      "AFTER_LAT": 32.83736,
      "AFTER_LON": -79.889931,
      "SOG": 0,
      "MOVINGTIME": 2100.0,
      "ARRIVALTIME": "20251129235700"
    },
    {
      "SEQ": 15,
      "BEFORE_NODE": 15.0,
      "AFTER_NODE": 16.0,
      "BEFORE_LAT": 32.83736,
      "BEFORE_LON": -79.889931,
      "AFTER_LAT": 32.837315,
      "AFTER_LON": -79.889931,
      "SOG": 0,
      "MOVINGTIME": 2040.0,
      "ARRIVALTIME": "20251130003100"
    },
    {
      "SEQ": 16,
      "BEFORE_NODE": 16.0,
      "AFTER_NODE": 17.0,
      "BEFORE_LAT": 32.837315,
      "BEFORE_LON": -79.889931,
      "AFTER_LAT": 32.83732,
      "AFTER_LON": -79.88989166666667,
      "SOG": 0,
      "MOVINGTIME": 1961.0,
      "ARRIVALTIME": "20251130010341"
    },
    {
      "SEQ": 17,
      "BEFORE_NODE": 17.0,
      "AFTER_NODE": 18.0,
      "BEFORE_LAT": 32.83732,
      "BEFORE_LON": -79.88989166666667,
      "AFTER_LAT": 32.837292,
      "AFTER_LON": -79.889946,
      "SOG": 0,
      "MOVINGTIME": 1219.0,
      "ARRIVALTIME": "20251130012400"
    },
    {
      "SEQ": 18,
      "BEFORE_NODE": 18.0,
      "AFTER_NODE": 19.0,
      "BEFORE_LAT": 32.837292,
      "BEFORE_LON": -79.889946,
      "AFTER_LAT": 32.837341,
      "AFTER_LON": -79.889977,
      "SOG": 0,
      "MOVINGTIME": 1980.0,
      "ARRIVALTIME": "20251130015700"
    },
    {
      "SEQ": 19,
      "BEFORE_NODE": 19.0,
      "AFTER_NODE": 20.0,
      "BEFORE_LAT": 32.837341,
      "BEFORE_LON": -79.889977,
      "AFTER_LAT": 32.837349,
      "AFTER_LON": -79.889854,
      "SOG": 0,
      "MOVINGTIME": 1620.0,
      "ARRIVALTIME": "20251130022400"
    },
    {
      "SEQ": 20,
      "BEFORE_NODE": 20.0,
      "AFTER_NODE": 21.0,
      "BEFORE_LAT": 32.837349,
      "BEFORE_LON": -79.889854,
      "AFTER_LAT": 32.83733,
      "AFTER_LON": -79.889931,
      "SOG": 0,
      "MOVINGTIME": 1800.0,
      "ARRIVALTIME": "20251130025400"
    },
    {
      "SEQ": 21,
      "BEFORE_NODE": 21.0,
      "AFTER_NODE": 22.0,
      "BEFORE_LAT": 32.83733,
      "BEFORE_LON": -79.889931,
      "AFTER_LAT": 32.837353,
      "AFTER_LON": -79.889946,
      "SOG": 0,
      "MOVINGTIME": 1740.0,
      "ARRIVALTIME": "20251130032300"
    },
    {
      "SEQ": 22,
      "BEFORE_NODE": 22.0,
      "AFTER_NODE": 23.0,
      "BEFORE_LAT": 32.837353,
      "BEFORE_LON": -79.889946,
      "AFTER_LAT": 32.837334,
      "AFTER_LON": -79.889908,
      "SOG": 0,
      "MOVINGTIME": 1680.0,
      "ARRIVALTIME": "20251130035100"
    },
    {
      "SEQ": 23,
      "BEFORE_NODE": 23.0,
      "AFTER_NODE": 24.0,
      "BEFORE_LAT": 32.837334,
      "BEFORE_LON": -79.889908,
      "AFTER_LAT": 32.837334,
      "AFTER_LON": -79.889946,
      "SOG": 0,
      "MOVINGTIME": 3360.0,
      "ARRIVALTIME": "20251130044700"
    },
    {
      "SEQ": 24,
      "BEFORE_NODE": 24.0,
      "AFTER_NODE": 25.0,
      "BEFORE_LAT": 32.837334,
      "BEFORE_LON": -79.889946,
      "AFTER_LAT": 32.837318,
      "AFTER_LON": -79.889893,
      "SOG": 0,
      "MOVINGTIME": 3840.0,
      "ARRIVALTIME": "20251130055100"
    },
    {
      "SEQ": 25,
      "BEFORE_NODE": 25.0,
      "AFTER_NODE": 26.0,
      "BEFORE_LAT": 32.837318,
      "BEFORE_LON": -79.889893,
      "AFTER_LAT": 32.837334,
      "AFTER_LON": -79.889961,
      "SOG": 0,
      "MOVINGTIME": 1740.0,
      "ARRIVALTIME": "20251130062000"
    },
    {
      "SEQ": 26,
      "BEFORE_NODE": 26.0,
      "AFTER_NODE": 27.0,
      "BEFORE_LAT": 32.837334,
      "BEFORE_LON": -79.889961,
      "AFTER_LAT": 32.837318,
      "AFTER_LON": -79.889923,
      "SOG": 0,
      "MOVINGTIME": 3684.0,
      "ARRIVALTIME": "20251130072124"
    },
    {
      "SEQ": 27,
      "BEFORE_NODE": 27.0,
      "AFTER_NODE": 28.0,
      "BEFORE_LAT": 32.837318,
      "BEFORE_LON": -79.889923,
      "AFTER_LAT": 32.837295,
      "AFTER_LON": -79.8899,
      "SOG": 0,
      "MOVINGTIME": 11353.0,
      "ARRIVALTIME": "20251130103037"
    },
    {
      "SEQ": 28,
      "BEFORE_NODE": 28.0,
      "AFTER_NODE": 29.0,
      "BEFORE_LAT": 32.837295,
      "BEFORE_LON": -79.8899,
      "AFTER_LAT": 32.83733333333333,
      "AFTER_LON": -79.88993666666667,
      "SOG": 0,
      "MOVINGTIME": 1983.0,
      "ARRIVALTIME": "20251130110340"
    },
    {
      "SEQ": 29,
      "BEFORE_NODE": 29.0,
      "AFTER_NODE": 30.0,
      "BEFORE_LAT": 32.83733333333333,
      "BEFORE_LON": -79.88993666666667,
      "AFTER_LAT": 32.83727833333333,
      "AFTER_LON": -79.88994666666666,
      "SOG": 0,
      "MOVINGTIME": 1985.0,
      "ARRIVALTIME": "20251130113645"
    },
    {
      "SEQ": 30,
      "BEFORE_NODE": 30.0,
      "AFTER_NODE": 31.0,
      "BEFORE_LAT": 32.83727833333333,
      "BEFORE_LON": -79.88994666666666,
      "AFTER_LAT": 32.820385,
      "AFTER_LON": -79.905005,
      "SOG": 7.1,
      "MOVINGTIME": 2155.0,
      "ARRIVALTIME": "20251130121240"
    },
    {
      "SEQ": 31,
      "BEFORE_NODE": 31.0,
      "AFTER_NODE": 32.0,
      "BEFORE_LAT": 32.820385,
      "BEFORE_LON": -79.905005,
      "AFTER_LAT": 32.76897833333334,
      "AFTER_LON": -79.88383333333333,
      "SOG": 10,
      "MOVINGTIME": 1751.0,
      "ARRIVALTIME": "20251130124151"
    },
    {
      "SEQ": 32,
      "BEFORE_NODE": 32.0,
      "AFTER_NODE": 33.0,
      "BEFORE_LAT": 32.76897833333334,
      "BEFORE_LON": -79.88383333333333,
      "AFTER_LAT": 32.73393,
      "AFTER_LON": -79.83493166666666,
      "SOG": 9.9,
      "MOVINGTIME": 1149.0,
      "ARRIVALTIME": "20251130130100"
    },
    {
      "SEQ": 33,
      "BEFORE_NODE": 33.0,
      "AFTER_NODE": 34.0,
      "BEFORE_LAT": 32.73393,
      "BEFORE_LON": -79.83493166666666,
      "AFTER_LAT": 32.600193,
      "AFTER_LON": -79.5765,
      "SOG": 6.6,
      "MOVINGTIME": 4560.0,
      "ARRIVALTIME": "20251130141700"
    },
    {
      "SEQ": 34,
      "BEFORE_NODE": 34.0,
      "AFTER_NODE": 35.0,
      "BEFORE_LAT": 32.600193,
      "BEFORE_LON": -79.5765,
      "AFTER_LAT": 32.598385,
      "AFTER_LON": -79.213417,
      "SOG": 13.1,
      "MOVINGTIME": 7200.0,
      "ARRIVALTIME": "20251130161700"
    },
    {
      "SEQ": 35,
      "BEFORE_NODE": 35.0,
      "AFTER_NODE": 36.0,
      "BEFORE_LAT": 32.598385,
      "BEFORE_LON": -79.213417,
      "AFTER_LAT": 32.626564,
      "AFTER_LON": -79.057045,
      "SOG": 13,
      "MOVINGTIME": 1680.0,
      "ARRIVALTIME": "20251130164500"
    },
    {
      "SEQ": 36,
      "BEFORE_NODE": 36.0,
      "AFTER_NODE": 37.0,
      "BEFORE_LAT": 32.626564,
      "BEFORE_LON": -79.057045,
      "AFTER_LAT": 32.776226,
      "AFTER_LON": -78.680588,
      "SOG": 12.3,
      "MOVINGTIME": 5580.0,
      "ARRIVALTIME": "20251130181800"
    },
    {
      "SEQ": 37,
      "BEFORE_NODE": 37.0,
      "AFTER_NODE": 38.0,
      "BEFORE_LAT": 32.776226,
      "BEFORE_LON": -78.680588,
      "AFTER_LAT": 32.821209,
      "AFTER_LON": -78.567932,
      "SOG": 12.8,
      "MOVINGTIME": 2100.0,
      "ARRIVALTIME": "20251130185300"
    },
    {
      "SEQ": 38,
      "BEFORE_NODE": 38.0,
      "AFTER_NODE": 39.0,
      "BEFORE_LAT": 32.821209,
      "BEFORE_LON": -78.567932,
      "AFTER_LAT": 33.105133,
      "AFTER_LON": -77.856239,
      "SOG": 12.6,
      "MOVINGTIME": 10980.0,
      "ARRIVALTIME": "20251130215600"
    },
    {
      "SEQ": 39,
      "BEFORE_NODE": 39.0,
      "AFTER_NODE": 40.0,
      "BEFORE_LAT": 33.105133,
      "BEFORE_LON": -77.856239,
      "AFTER_LAT": 33.159061,
      "AFTER_LON": -77.737244,
      "SOG": 12.8,
      "MOVINGTIME": 1800.0,
      "ARRIVALTIME": "20251130222600"
    },
    {
      "SEQ": 40,
      "BEFORE_NODE": 40.0,
      "AFTER_NODE": 41.0,
      "BEFORE_LAT": 33.159061,
      "BEFORE_LON": -77.737244,
      "AFTER_LAT": 33.194302,
      "AFTER_LON": -77.664024,
      "SOG": 12.8,
      "MOVINGTIME": 1740.0,
      "ARRIVALTIME": "20251130225500"
    },
    {
      "SEQ": 41,
      "BEFORE_NODE": 41.0,
      "AFTER_NODE": 42.0,
      "BEFORE_LAT": 33.194302,
      "BEFORE_LON": -77.664024,
      "AFTER_LAT": 33.254025,
      "AFTER_LON": -77.542137,
      "SOG": 12.8,
      "MOVINGTIME": 1920.0,
      "ARRIVALTIME": "20251130232700"
    },
    {
      "SEQ": 42,
      "BEFORE_NODE": 42.0,
      "AFTER_NODE": 43.0,
      "BEFORE_LAT": 33.254025,
      "BEFORE_LON": -77.542137,
      "AFTER_LAT": 33.298538,
      "AFTER_LON": -77.452461,
      "SOG": 12.6,
      "MOVINGTIME": 1680.0,
      "ARRIVALTIME": "20251130235500"
    },
    {
      "SEQ": 43,
      "BEFORE_NODE": 43.0,
      "AFTER_NODE": 44.0,
      "BEFORE_LAT": 33.298538,
      "BEFORE_LON": -77.452461,
      "AFTER_LAT": 35.58596,
      "AFTER_LON": -74.838272,
      "SOG": 13.1,
      "MOVINGTIME": 55320.0,
      "ARRIVALTIME": "20251201151700"
    },
    {
      "SEQ": 44,
      "BEFORE_NODE": 44.0,
      "AFTER_NODE": 45.0,
      "BEFORE_LAT": 35.58596,
      "BEFORE_LON": -74.838272,
      "AFTER_LAT": 35.689381,
      "AFTER_LON": -74.803581,
      "SOG": 12.8,
      "MOVINGTIME": 1920.0,
      "ARRIVALTIME": "20251201154900"
    },
    {
      "SEQ": 45,
      "BEFORE_NODE": 45.0,
      "AFTER_NODE": 46.0,
      "BEFORE_LAT": 35.689381,
      "BEFORE_LON": -74.803581,
      "AFTER_LAT": 37.794796,
      "AFTER_LON": -74.212959,
      "SOG": 11.6,
      "MOVINGTIME": 36180.0,
      "ARRIVALTIME": "20251202015200"
    },
    {
      "SEQ": 46,
      "BEFORE_NODE": 46.0,
      "AFTER_NODE": 47.0,
      "BEFORE_LAT": 37.794796,
      "BEFORE_LON": -74.212959,
      "AFTER_LAT": 37.898453,
      "AFTER_LON": -74.187263,
      "SOG": 12.1,
      "MOVINGTIME": 1920.0,
      "ARRIVALTIME": "20251202022400"
    },
    {
      "SEQ": 47,
      "BEFORE_NODE": 47.0,
      "AFTER_NODE": 48.0,
      "BEFORE_LAT": 37.898453,
      "BEFORE_LON": -74.187263,
      "AFTER_LAT": 37.998562,
      "AFTER_LON": -74.158905,
      "SOG": 11.6,
      "MOVINGTIME": 1800.0,
      "ARRIVALTIME": "20251202025400"
    },
    {
      "SEQ": 48,
      "BEFORE_NODE": 48.0,
      "AFTER_NODE": 49.0,
      "BEFORE_LAT": 37.998562,
      "BEFORE_LON": -74.158905,
      "AFTER_LAT": 38.068989,
      "AFTER_LON": -74.139519,
      "SOG": 11.6,
      "MOVINGTIME": 1560.0,
      "ARRIVALTIME": "20251202032000"
    },
    {
      "SEQ": 49,
      "BEFORE_NODE": 49.0,
      "AFTER_NODE": 50.0,
      "BEFORE_LAT": 38.068989,
      "BEFORE_LON": -74.139519,
      "AFTER_LAT": 38.208828,
      "AFTER_LON": -74.101357,
      "SOG": 12,
      "MOVINGTIME": 1800.0,
      "ARRIVALTIME": "20251202035000"
    },
    {
      "SEQ": 50,
      "BEFORE_NODE": 50.0,
      "AFTER_NODE": 51.0,
      "BEFORE_LAT": 38.208828,
      "BEFORE_LON": -74.101357,
      "AFTER_LAT": 38.85922,
      "AFTER_LON": -73.91091,
      "SOG": 11.5,
      "MOVINGTIME": 12107.0,
      "ARRIVALTIME": "20251202071147"
    },
    {
      "SEQ": 51,
      "BEFORE_NODE": 51.0,
      "AFTER_NODE": 52.0,
      "BEFORE_LAT": 38.85922,
      "BEFORE_LON": -73.91091,
      "AFTER_LAT": 38.90462,
      "AFTER_LON": -73.89627666666667,
      "SOG": 11.5,
      "MOVINGTIME": 871.0,
      "ARRIVALTIME": "20251202072618"
    },
    {
      "SEQ": 52,
      "BEFORE_NODE": 52.0,
      "AFTER_NODE": 53.0,
      "BEFORE_LAT": 38.90462,
      "BEFORE_LON": -73.89627666666667,
      "AFTER_LAT": 39.32115833333334,
      "AFTER_LON": -73.77907333333333,
      "SOG": 11.6,
      "MOVINGTIME": 7950.0,
      "ARRIVALTIME": "20251202093848"
    },
    {
      "SEQ": 53,
      "BEFORE_NODE": 53.0,
      "AFTER_NODE": 54.0,
      "BEFORE_LAT": 39.32115833333334,
      "BEFORE_LON": -73.77907333333333,
      "AFTER_LAT": 39.42799,
      "AFTER_LON": -73.74503,
      "SOG": 11.6,
      "MOVINGTIME": 2039.0,
      "ARRIVALTIME": "20251202101247"
    },
    {
      "SEQ": 54,
      "BEFORE_NODE": 54.0,
      "AFTER_NODE": 55.0,
      "BEFORE_LAT": 39.42799,
      "BEFORE_LON": -73.74503,
      "AFTER_LAT": 39.52054166666667,
      "AFTER_LON": -73.71634833333333,
      "SOG": 11.6,
      "MOVINGTIME": 1760.0,
      "ARRIVALTIME": "20251202104207"
    },
    {
      "SEQ": 55,
      "BEFORE_NODE": 55.0,
      "AFTER_NODE": 56.0,
      "BEFORE_LAT": 39.52054166666667,
      "BEFORE_LON": -73.71634833333333,
      "AFTER_LAT": 39.61694166666667,
      "AFTER_LON": -73.68984,
      "SOG": 11.3,
      "MOVINGTIME": 1841.0,
      "ARRIVALTIME": "20251202111248"
    },
    {
      "SEQ": 56,
      "BEFORE_NODE": 56.0,
      "AFTER_NODE": 57.0,
      "BEFORE_LAT": 39.61694166666667,
      "BEFORE_LON": -73.68984,
      "AFTER_LAT": 39.69331666666667,
      "AFTER_LON": -73.669275,
      "SOG": 11.2,
      "MOVINGTIME": 1500.0,
      "ARRIVALTIME": "20251202113748"
    },
    {
      "SEQ": 57,
      "BEFORE_NODE": 57.0,
      "AFTER_NODE": 58.0,
      "BEFORE_LAT": 39.69331666666667,
      "BEFORE_LON": -73.669275,
      "AFTER_LAT": 39.799202,
      "AFTER_LON": -73.679977,
      "SOG": 11.3,
      "MOVINGTIME": 2232.0,
      "ARRIVALTIME": "20251202121500"
    },
    {
      "SEQ": 58,
      "BEFORE_NODE": 58.0,
      "AFTER_NODE": 59.0,
      "BEFORE_LAT": 39.799202,
      "BEFORE_LON": -73.679977,
      "AFTER_LAT": 39.867915,
      "AFTER_LON": -73.690755,
      "SOG": 11.5,
      "MOVINGTIME": 1107.0,
      "ARRIVALTIME": "20251202123327"
    },
    {
      "SEQ": 59,
      "BEFORE_NODE": 59.0,
      "AFTER_NODE": 60.0,
      "BEFORE_LAT": 39.867915,
      "BEFORE_LON": -73.690755,
      "AFTER_LAT": 39.978941666666664,
      "AFTER_LON": -73.70948333333334,
      "SOG": 11.6,
      "MOVINGTIME": 2071.0,
      "ARRIVALTIME": "20251202130758"
    },
    {
      "SEQ": 60,
      "BEFORE_NODE": 60.0,
      "AFTER_NODE": 61.0,
      "BEFORE_LAT": 39.978941666666664,
      "BEFORE_LON": -73.70948333333334,
      "AFTER_LAT": 40.063831,
      "AFTER_LON": -73.724907,
      "SOG": 9.6,
      "MOVINGTIME": 2162.0,
      "ARRIVALTIME": "20251202134400"
    },
    {
      "SEQ": 61,
      "BEFORE_NODE": 61.0,
      "AFTER_NODE": 62.0,
      "BEFORE_LAT": 40.063831,
      "BEFORE_LON": -73.724907,
      "AFTER_LAT": 40.143661,
      "AFTER_LON": -73.739075,
      "SOG": 9.6,
      "MOVINGTIME": 1800.0,
      "ARRIVALTIME": "20251202141400"
    },
    {
      "SEQ": 62,
      "BEFORE_NODE": 62.0,
      "AFTER_NODE": 63.0,
      "BEFORE_LAT": 40.143661,
      "BEFORE_LON": -73.739075,
      "AFTER_LAT": 40.220646,
      "AFTER_LON": -73.75193,
      "SOG": 9.5,
      "MOVINGTIME": 1620.0,
      "ARRIVALTIME": "20251202144100"
    },
    {
      "SEQ": 63,
      "BEFORE_NODE": 63.0,
      "AFTER_NODE": 64.0,
      "BEFORE_LAT": 40.220646,
      "BEFORE_LON": -73.75193,
      "AFTER_LAT": 40.32134166666667,
      "AFTER_LON": -73.76801666666667,
      "SOG": 9.5,
      "MOVINGTIME": 1918.0,
      "ARRIVALTIME": "20251202151258"
    },
    {
      "SEQ": 64,
      "BEFORE_NODE": 64.0,
      "AFTER_NODE": 65.0,
      "BEFORE_LAT": 40.32134166666667,
      "BEFORE_LON": -73.76801666666667,
      "AFTER_LAT": 40.388263333333335,
      "AFTER_LON": -73.77662833333333,
      "SOG": 6.9,
      "MOVINGTIME": 1799.0,
      "ARRIVALTIME": "20251202154257"
    },
    {
      "SEQ": 65,
      "BEFORE_NODE": 65.0,
      "AFTER_NODE": 66.0,
      "BEFORE_LAT": 40.388263333333335,
      "BEFORE_LON": -73.77662833333333,
      "AFTER_LAT": 40.44232,
      "AFTER_LON": -73.79699833333333,
      "SOG": 7.5,
      "MOVINGTIME": 1799.0,
      "ARRIVALTIME": "20251202161256"
    },
    {
      "SEQ": 66,
      "BEFORE_NODE": 66.0,
      "AFTER_NODE": 67.0,
      "BEFORE_LAT": 40.44232,
      "BEFORE_LON": -73.79699833333333,
      "AFTER_LAT": 40.47647666666667,
      "AFTER_LON": -73.88326666666667,
      "SOG": 9.3,
      "MOVINGTIME": 1792.0,
      "ARRIVALTIME": "20251202164248"
    },
    {
      "SEQ": 67,
      "BEFORE_NODE": 67.0,
      "AFTER_NODE": 68.0,
      "BEFORE_LAT": 40.47647666666667,
      "BEFORE_LON": -73.88326666666667,
      "AFTER_LAT": 40.50629333333333,
      "AFTER_LON": -73.95920166666667,
      "SOG": 9.5,
      "MOVINGTIME": 1511.0,
      "ARRIVALTIME": "20251202170759"
    },
    {
      "SEQ": 68,
      "BEFORE_NODE": 68.0,
      "AFTER_NODE": 69.0,
      "BEFORE_LAT": 40.50629333333333,
      "BEFORE_LON": -73.95920166666667,
      "AFTER_LAT": 40.57404833333333,
      "AFTER_LON": -74.032095,
      "SOG": 11,
      "MOVINGTIME": 2100.0,
      "ARRIVALTIME": "20251202174259"
    },
    {
      "SEQ": 69,
      "BEFORE_NODE": 69.0,
      "AFTER_NODE": 70.0,
      "BEFORE_LAT": 40.57404833333333,
      "BEFORE_LON": -74.032095,
      "AFTER_LAT": 40.638313333333336,
      "AFTER_LON": -74.05446666666667,
      "SOG": 7.1,
      "MOVINGTIME": 1800.0,
      "ARRIVALTIME": "20251202181259"
    },
    {
      "SEQ": 70,
      "BEFORE_NODE": 70.0,
      "AFTER_NODE": 71.0,
      "BEFORE_LAT": 40.638313333333336,
      "BEFORE_LON": -74.05446666666667,
      "AFTER_LAT": 40.66840166666667,
      "AFTER_LON": -74.07599,
      "SOG": 1.8,
      "MOVINGTIME": 1799.0,
      "ARRIVALTIME": "20251202184258"
    },
    {
      "SEQ": 71,
      "BEFORE_NODE": 71.0,
      "AFTER_NODE": 72.0,
      "BEFORE_LAT": 40.66840166666667,
      "BEFORE_LON": -74.07599,
      "AFTER_LAT": 40.670925,
      "AFTER_LON": -74.079857,
      "SOG": 0.1,
      "MOVINGTIME": 1802.0,
      "ARRIVALTIME": "20251202191300"
    },
    {
      "SEQ": 72,
      "BEFORE_NODE": 72.0,
      "AFTER_NODE": 73.0,
      "BEFORE_LAT": 40.670925,
      "BEFORE_LON": -74.079857,
      "AFTER_LAT": 40.670955,
      "AFTER_LON": -74.07979333333333,
      "SOG": 0,
      "MOVINGTIME": 1684.0,
      "ARRIVALTIME": "20251202194104"
    },
    {
      "SEQ": 73,
      "BEFORE_NODE": 73.0,
      "AFTER_NODE": 74.0,
      "BEFORE_LAT": 40.670955,
      "BEFORE_LON": -74.07979333333333,
      "AFTER_LAT": 40.67094,
      "AFTER_LON": -74.079811,
      "SOG": 0,
      "MOVINGTIME": 2036.0,
      "ARRIVALTIME": "20251202201500"
    },
    {
      "SEQ": 74,
      "BEFORE_NODE": 74.0,
      "AFTER_NODE": 75.0,
      "BEFORE_LAT": 40.67094,
      "BEFORE_LON": -74.079811,
      "AFTER_LAT": 40.670923333333334,
      "AFTER_LON": -74.07987,
      "SOG": 0,
      "MOVINGTIME": 1201.0,
      "ARRIVALTIME": "20251202203501"
    },
    {
      "SEQ": 75,
      "BEFORE_NODE": 75.0,
      "AFTER_NODE": 76.0,
      "BEFORE_LAT": 40.670923333333334,
      "BEFORE_LON": -74.07987,
      "AFTER_LAT": 40.670905,
      "AFTER_LON": -74.07977,
      "SOG": 0,
      "MOVINGTIME": 1623.0,
      "ARRIVALTIME": "20251202210204"
    },
    {
      "SEQ": 76,
      "BEFORE_NODE": 76.0,
      "AFTER_NODE": 77.0,
      "BEFORE_LAT": 40.670905,
      "BEFORE_LON": -74.07977,
      "AFTER_LAT": 40.670973333333336,
      "AFTER_LON": -74.079845,
      "SOG": 0,
      "MOVINGTIME": 2344.0,
      "ARRIVALTIME": "20251202214108"
    },
    {
      "SEQ": 77,
      "BEFORE_NODE": 77.0,
      "AFTER_NODE": 78.0,
      "BEFORE_LAT": 40.670973333333336,
      "BEFORE_LON": -74.079845,
      "AFTER_LAT": 40.670948333333335,
      "AFTER_LON": -74.07978833333334,
      "SOG": 0,
      "MOVINGTIME": 1617.0,
      "ARRIVALTIME": "20251202220805"
    },
    {
      "SEQ": 78,
      "BEFORE_NODE": 78.0,
      "AFTER_NODE": 79.0,
      "BEFORE_LAT": 40.670948333333335,
      "BEFORE_LON": -74.07978833333334,
      "AFTER_LAT": 40.67092,
      "AFTER_LON": -74.07979833333333,
      "SOG": 0,
      "MOVINGTIME": 902.0,
      "ARRIVALTIME": "20251202222307"
    },
    {
      "SEQ": 79,
      "BEFORE_NODE": 79.0,
      "AFTER_NODE": 80.0,
      "BEFORE_LAT": 40.67092,
      "BEFORE_LON": -74.07979833333333,
      "AFTER_LAT": 40.670925,
      "AFTER_LON": -74.07977666666666,
      "SOG": 0,
      "MOVINGTIME": 3779.0,
      "ARRIVALTIME": "20251202232606"
    },
    {
      "SEQ": 80,
      "BEFORE_NODE": 80.0,
      "AFTER_NODE": 81.0,
      "BEFORE_LAT": 40.670925,
      "BEFORE_LON": -74.07977666666666,
      "AFTER_LAT": 40.67093666666667,
      "AFTER_LON": -74.079805,
      "SOG": 0,
      "MOVINGTIME": 2701.0,
      "ARRIVALTIME": "20251203001107"
    },
    {
      "SEQ": 81,
      "BEFORE_NODE": 81.0,
      "AFTER_NODE": 82.0,
      "BEFORE_LAT": 40.67093666666667,
      "BEFORE_LON": -74.079805,
      "AFTER_LAT": 40.67093666666667,
      "AFTER_LON": -74.07982333333334,
      "SOG": 0,
      "MOVINGTIME": 1615.0,
      "ARRIVALTIME": "20251203003802"
    },
    {
      "SEQ": 82,
      "BEFORE_NODE": 82.0,
      "AFTER_NODE": 83.0,
      "BEFORE_LAT": 40.67093666666667,
      "BEFORE_LON": -74.07982333333334,
      "AFTER_LAT": 40.670945,
      "AFTER_LON": -74.07982166666666,
      "SOG": 0,
      "MOVINGTIME": 1800.0,
      "ARRIVALTIME": "20251203010802"
    },
    {
      "SEQ": 83,
      "BEFORE_NODE": 83.0,
      "AFTER_NODE": 84.0,
      "BEFORE_LAT": 40.670945,
      "BEFORE_LON": -74.07982166666666,
      "AFTER_LAT": 40.67092666666667,
      "AFTER_LON": -74.07981666666667,
      "SOG": 0,
      "MOVINGTIME": 1443.0,
      "ARRIVALTIME": "20251203013205"
    },
    {
      "SEQ": 84,
      "BEFORE_NODE": 84.0,
      "AFTER_NODE": 85.0,
      "BEFORE_LAT": 40.67092666666667,
      "BEFORE_LON": -74.07981666666667,
      "AFTER_LAT": 40.671058333333335,
      "AFTER_LON": -74.07990333333333,
      "SOG": 0,
      "MOVINGTIME": 1978.0,
      "ARRIVALTIME": "20251203020503"
    },
    {
      "SEQ": 85,
      "BEFORE_NODE": 85.0,
      "AFTER_NODE": 86.0,
      "BEFORE_LAT": 40.671058333333335,
      "BEFORE_LON": -74.07990333333333,
      "AFTER_LAT": 40.67095,
      "AFTER_LON": -74.079845,
      "SOG": 0,
      "MOVINGTIME": 1804.0,
      "ARRIVALTIME": "20251203023507"
    },
    {
      "SEQ": 86,
      "BEFORE_NODE": 86.0,
      "AFTER_NODE": 87.0,
      "BEFORE_LAT": 40.67095,
      "BEFORE_LON": -74.079845,
      "AFTER_LAT": 40.670935,
      "AFTER_LON": -74.07981166666667,
      "SOG": 0,
      "MOVINGTIME": 1799.0,
      "ARRIVALTIME": "20251203030506"
    },
    {
      "SEQ": 87,
      "BEFORE_NODE": 87.0,
      "AFTER_NODE": 88.0,
      "BEFORE_LAT": 40.670935,
      "BEFORE_LON": -74.07981166666667,
      "AFTER_LAT": 40.67094,
      "AFTER_LON": -74.07982166666666,
      "SOG": 0,
      "MOVINGTIME": 2157.0,
      "ARRIVALTIME": "20251203034103"
    },
    {
      "SEQ": 88,
      "BEFORE_NODE": 88.0,
      "AFTER_NODE": 89.0,
      "BEFORE_LAT": 40.67094,
      "BEFORE_LON": -74.07982166666666,
      "AFTER_LAT": 40.670943333333334,
      "AFTER_LON": -74.079805,
      "SOG": 0,
      "MOVINGTIME": 1800.0,
      "ARRIVALTIME": "20251203041103"
    },
    {
      "SEQ": 89,
      "BEFORE_NODE": 89.0,
      "AFTER_NODE": 90.0,
      "BEFORE_LAT": 40.670943333333334,
      "BEFORE_LON": -74.079805,
      "AFTER_LAT": 40.67093666666667,
      "AFTER_LON": -74.07981333333333,
      "SOG": 0,
      "MOVINGTIME": 1264.0,
      "ARRIVALTIME": "20251203043207"
    },
    {
      "SEQ": 90,
      "BEFORE_NODE": 90.0,
      "AFTER_NODE": 91.0,
      "BEFORE_LAT": 40.67093666666667,
      "BEFORE_LON": -74.07981333333333,
      "AFTER_LAT": 40.670943333333334,
      "AFTER_LON": -74.079835,
      "SOG": 0,
      "MOVINGTIME": 1983.0,
      "ARRIVALTIME": "20251203050510"
    },
    {
      "SEQ": 91,
      "BEFORE_NODE": 91.0,
      "AFTER_NODE": 92.0,
      "BEFORE_LAT": 40.670943333333334,
      "BEFORE_LON": -74.079835,
      "AFTER_LAT": 40.67093,
      "AFTER_LON": -74.07978333333334,
      "SOG": 0,
      "MOVINGTIME": 2153.0,
      "ARRIVALTIME": "20251203054103"
    },
    {
      "SEQ": 92,
      "BEFORE_NODE": 92.0,
      "AFTER_NODE": 93.0,
      "BEFORE_LAT": 40.67093,
      "BEFORE_LON": -74.07978333333334,
      "AFTER_LAT": 40.670985,
      "AFTER_LON": -74.07982,
      "SOG": 0,
      "MOVINGTIME": 1445.0,
      "ARRIVALTIME": "20251203060508"
    },
    {
      "SEQ": 93,
      "BEFORE_NODE": 93.0,
      "AFTER_NODE": 94.0,
      "BEFORE_LAT": 40.670985,
      "BEFORE_LON": -74.07982,
      "AFTER_LAT": 40.67095166666667,
      "AFTER_LON": -74.07983,
      "SOG": 0,
      "MOVINGTIME": 1622.0,
      "ARRIVALTIME": "20251203063210"
    },
    {
      "SEQ": 94,
      "BEFORE_NODE": 94.0,
      "AFTER_NODE": 95.0,
      "BEFORE_LAT": 40.67095166666667,
      "BEFORE_LON": -74.07983,
      "AFTER_LAT": 40.670952,
      "AFTER_LON": -74.079811,
      "SOG": 0,
      "MOVINGTIME": 2390.0,
      "ARRIVALTIME": "20251203071200"
    },
    {
      "SEQ": 95,
      "BEFORE_NODE": 95.0,
      "AFTER_NODE": 96.0,
      "BEFORE_LAT": 40.670952,
      "BEFORE_LON": -74.079811,
      "AFTER_LAT": 40.670963,
      "AFTER_LON": -74.079811,
      "SOG": 0,
      "MOVINGTIME": 1980.0,
      "ARRIVALTIME": "20251203074500"
    },
    {
      "SEQ": 96,
      "BEFORE_NODE": 96.0,
      "AFTER_NODE": 97.0,
      "BEFORE_LAT": 40.670963,
      "BEFORE_LON": -74.079811,
      "AFTER_LAT": 40.67094,
      "AFTER_LON": -74.07979833333333,
      "SOG": 0,
      "MOVINGTIME": 1209.0,
      "ARRIVALTIME": "20251203080509"
    },
    {
      "SEQ": 97,
      "BEFORE_NODE": 97.0,
      "AFTER_NODE": 98.0,
      "BEFORE_LAT": 40.67094,
      "BEFORE_LON": -74.07979833333333,
      "AFTER_LAT": 40.670955,
      "AFTER_LON": -74.079825,
      "SOG": 0,
      "MOVINGTIME": 1980.0,
      "ARRIVALTIME": "20251203083809"
    },
    {
      "SEQ": 98,
      "BEFORE_NODE": 98.0,
      "AFTER_NODE": 99.0,
      "BEFORE_LAT": 40.670955,
      "BEFORE_LON": -74.079825,
      "AFTER_LAT": 40.67096,
      "AFTER_LON": -74.07979833333333,
      "SOG": 0,
      "MOVINGTIME": 1801.0,
      "ARRIVALTIME": "20251203090810"
    },
    {
      "SEQ": 99,
      "BEFORE_NODE": 99.0,
      "AFTER_NODE": 100.0,
      "BEFORE_LAT": 40.67096,
      "BEFORE_LON": -74.07979833333333,
      "AFTER_LAT": 40.67093833333333,
      "AFTER_LON": -74.07982833333334,
      "SOG": 0,
      "MOVINGTIME": 1795.0,
      "ARRIVALTIME": "20251203093805"
    },
    {
      "SEQ": 100,
      "BEFORE_NODE": 100.0,
      "AFTER_NODE": 101.0,
      "BEFORE_LAT": 40.67093833333333,
      "BEFORE_LON": -74.07982833333334,
      "AFTER_LAT": 40.67092666666667,
      "AFTER_LON": -74.07983,
      "SOG": 0,
      "MOVINGTIME": 1264.0,
      "ARRIVALTIME": "20251203095909"
    },
    {
      "SEQ": 101,
      "BEFORE_NODE": 101.0,
      "AFTER_NODE": 102.0,
      "BEFORE_LAT": 40.67092666666667,
      "BEFORE_LON": -74.07983,
      "AFTER_LAT": 40.67093,
      "AFTER_LON": -74.07980166666667,
      "SOG": 0,
      "MOVINGTIME": 1628.0,
      "ARRIVALTIME": "20251203102617"
    },
    {
      "SEQ": 102,
      "BEFORE_NODE": 102.0,
      "AFTER_NODE": 103.0,
      "BEFORE_LAT": 40.67093,
      "BEFORE_LON": -74.07980166666667,
      "AFTER_LAT": 40.67099,
      "AFTER_LON": -74.079811,
      "SOG": 0,
      "MOVINGTIME": 2743.0,
      "ARRIVALTIME": "20251203111200"
    },
    {
      "SEQ": 103,
      "BEFORE_NODE": 103.0,
      "AFTER_NODE": 104.0,
      "BEFORE_LAT": 40.67099,
      "BEFORE_LON": -74.079811,
      "AFTER_LAT": 40.67095666666667,
      "AFTER_LON": -74.079835,
      "SOG": 0,
      "MOVINGTIME": 1749.0,
      "ARRIVALTIME": "20251203114109"
    },
    {
      "SEQ": 104,
      "BEFORE_NODE": 104.0,
      "AFTER_NODE": 105.0,
      "BEFORE_LAT": 40.67095666666667,
      "BEFORE_LON": -74.079835,
      "AFTER_LAT": 40.670965,
      "AFTER_LON": -74.07983166666666,
      "SOG": 0,
      "MOVINGTIME": 2352.0,
      "ARRIVALTIME": "20251203122021"
    },
    {
      "SEQ": 105,
      "BEFORE_NODE": 105.0,
      "AFTER_NODE": 106.0,
      "BEFORE_LAT": 40.670965,
      "BEFORE_LON": -74.07983166666666,
      "AFTER_LAT": 40.670968333333334,
      "AFTER_LON": -74.07983333333334,
      "SOG": 0,
      "MOVINGTIME": 1799.0,
      "ARRIVALTIME": "20251203125020"
    },
    {
      "SEQ": 106,
      "BEFORE_NODE": 106.0,
      "AFTER_NODE": 107.0,
      "BEFORE_LAT": 40.670968333333334,
      "BEFORE_LON": -74.07983333333334,
      "AFTER_LAT": 40.67095,
      "AFTER_LON": -74.07980166666667,
      "SOG": 0,
      "MOVINGTIME": 2878.0,
      "ARRIVALTIME": "20251203133818"
    },
    {
      "SEQ": 107,
      "BEFORE_NODE": 107.0,
      "AFTER_NODE": 108.0,
      "BEFORE_LAT": 40.67095,
      "BEFORE_LON": -74.07980166666667,
      "AFTER_LAT": 40.670945,
      "AFTER_LON": -74.07982333333334,
      "SOG": 0,
      "MOVINGTIME": 1614.0,
      "ARRIVALTIME": "20251203140512"
    },
    {
      "SEQ": 108,
      "BEFORE_NODE": 108.0,
      "AFTER_NODE": 109.0,
      "BEFORE_LAT": 40.670945,
      "BEFORE_LON": -74.07982333333334,
      "AFTER_LAT": 40.67095833333333,
      "AFTER_LON": -74.07976166666667,
      "SOG": 0,
      "MOVINGTIME": 2160.0,
      "ARRIVALTIME": "20251203144112"
    },
    {
      "SEQ": 109,
      "BEFORE_NODE": 109.0,
      "AFTER_NODE": 110.0,
      "BEFORE_LAT": 40.67095833333333,
      "BEFORE_LON": -74.07976166666667,
      "AFTER_LAT": 40.67091833333333,
      "AFTER_LON": -74.07979333333333,
      "SOG": 0,
      "MOVINGTIME": 1446.0,
      "ARRIVALTIME": "20251203150518"
    },
    {
      "SEQ": 110,
      "BEFORE_NODE": 110.0,
      "AFTER_NODE": 111.0,
      "BEFORE_LAT": 40.67091833333333,
      "BEFORE_LON": -74.07979333333333,
      "AFTER_LAT": 40.67093833333333,
      "AFTER_LON": -74.07983666666667,
      "SOG": 0,
      "MOVINGTIME": 1800.0,
      "ARRIVALTIME": "20251203153518"
    },
    {
      "SEQ": 111,
      "BEFORE_NODE": 111.0,
      "AFTER_NODE": 112.0,
      "BEFORE_LAT": 40.67093833333333,
      "BEFORE_LON": -74.07983666666667,
      "AFTER_LAT": 40.67093833333333,
      "AFTER_LON": -74.07981666666667,
      "SOG": 0,
      "MOVINGTIME": 1262.0,
      "ARRIVALTIME": "20251203155620"
    },
    {
      "SEQ": 112,
      "BEFORE_NODE": 112.0,
      "AFTER_NODE": 113.0,
      "BEFORE_LAT": 40.67093833333333,
      "BEFORE_LON": -74.07981666666667,
      "AFTER_LAT": 40.670959,
      "AFTER_LON": -74.079819,
      "SOG": 0,
      "MOVINGTIME": 2860.0,
      "ARRIVALTIME": "20251203164400"
    },
    {
      "SEQ": 113,
      "BEFORE_NODE": 113.0,
      "AFTER_NODE": 114.0,
      "BEFORE_LAT": 40.670959,
      "BEFORE_LON": -74.079819,
      "AFTER_LAT": 40.670928333333336,
      "AFTER_LON": -74.079815,
      "SOG": 0,
      "MOVINGTIME": 1452.0,
      "ARRIVALTIME": "20251203170812"
    },
    {
      "SEQ": 114,
      "BEFORE_NODE": 114.0,
      "AFTER_NODE": 115.0,
      "BEFORE_LAT": 40.670928333333336,
      "BEFORE_LON": -74.079815,
      "AFTER_LAT": 40.670941666666664,
      "AFTER_LON": -74.079805,
      "SOG": 0,
      "MOVINGTIME": 1804.0,
      "ARRIVALTIME": "20251203173816"
    },
    {
      "SEQ": 115,
      "BEFORE_NODE": 115.0,
      "AFTER_NODE": 116.0,
      "BEFORE_LAT": 40.670941666666664,
      "BEFORE_LON": -74.079805,
      "AFTER_LAT": 40.670975,
      "AFTER_LON": -74.079845,
      "SOG": 0,
      "MOVINGTIME": 1971.0,
      "ARRIVALTIME": "20251203181107"
    },
    {
      "SEQ": 116,
      "BEFORE_NODE": 116.0,
      "AFTER_NODE": 117.0,
      "BEFORE_LAT": 40.670975,
      "BEFORE_LON": -74.079845,
      "AFTER_LAT": 40.67091833333333,
      "AFTER_LON": -74.07982166666666,
      "SOG": 0,
      "MOVINGTIME": 1799.0,
      "ARRIVALTIME": "20251203184106"
    },
    {
      "SEQ": 117,
      "BEFORE_NODE": 117.0,
      "AFTER_NODE": 118.0,
      "BEFORE_LAT": 40.67091833333333,
      "BEFORE_LON": -74.07982166666666,
      "AFTER_LAT": 40.67093666666667,
      "AFTER_LON": -74.07982,
      "SOG": 0,
      "MOVINGTIME": 1441.0,
      "ARRIVALTIME": "20251203190507"
    },
    {
      "SEQ": 118,
      "BEFORE_NODE": 118.0,
      "AFTER_NODE": 119.0,
      "BEFORE_LAT": 40.67093666666667,
      "BEFORE_LON": -74.07982,
      "AFTER_LAT": 40.67092666666667,
      "AFTER_LON": -74.07982,
      "SOG": 0,
      "MOVINGTIME": 1805.0,
      "ARRIVALTIME": "20251203193512"
    },
    {
      "SEQ": 119,
      "BEFORE_NODE": 119.0,
      "AFTER_NODE": 120.0,
      "BEFORE_LAT": 40.67092666666667,
      "BEFORE_LON": -74.07982,
      "AFTER_LAT": 40.67094,
      "AFTER_LON": -74.079803,
      "SOG": 0,
      "MOVINGTIME": 2268.0,
      "ARRIVALTIME": "20251203201300"
    },
    {
      "SEQ": 120,
      "BEFORE_NODE": 120.0,
      "AFTER_NODE": 121.0,
      "BEFORE_LAT": 40.67094,
      "BEFORE_LON": -74.079803,
      "AFTER_LAT": 40.67094,
      "AFTER_LON": -74.07979333333333,
      "SOG": 0,
      "MOVINGTIME": 1332.0,
      "ARRIVALTIME": "20251203203512"
    },
    {
      "SEQ": 121,
      "BEFORE_NODE": 121.0,
      "AFTER_NODE": 122.0,
      "BEFORE_LAT": 40.67094,
      "BEFORE_LON": -74.07979333333333,
      "AFTER_LAT": 40.670945,
      "AFTER_LON": -74.07975333333333,
      "SOG": 0,
      "MOVINGTIME": 2158.0,
      "ARRIVALTIME": "20251203211110"
    },
    {
      "SEQ": 122,
      "BEFORE_NODE": 122.0,
      "AFTER_NODE": 123.0,
      "BEFORE_LAT": 40.670945,
      "BEFORE_LON": -74.07975333333333,
      "AFTER_LAT": 40.67093,
      "AFTER_LON": -74.079755,
      "SOG": 0,
      "MOVINGTIME": 1621.0,
      "ARRIVALTIME": "20251203213811"
    },
    {
      "SEQ": 123,
      "BEFORE_NODE": 123.0,
      "AFTER_NODE": 124.0,
      "BEFORE_LAT": 40.67093,
      "BEFORE_LON": -74.079755,
      "AFTER_LAT": 40.670925,
      "AFTER_LON": -74.07982166666666,
      "SOG": 0,
      "MOVINGTIME": 1621.0,
      "ARRIVALTIME": "20251203220512"
    },
    {
      "SEQ": 124,
      "BEFORE_NODE": 124.0,
      "AFTER_NODE": 125.0,
      "BEFORE_LAT": 40.670925,
      "BEFORE_LON": -74.07982166666666,
      "AFTER_LAT": 40.670948333333335,
      "AFTER_LON": -74.07979,
      "SOG": 0,
      "MOVINGTIME": 2162.0,
      "ARRIVALTIME": "20251203224114"
    },
    {
      "SEQ": 125,
      "BEFORE_NODE": 125.0,
      "AFTER_NODE": 126.0,
      "BEFORE_LAT": 40.670948333333335,
      "BEFORE_LON": -74.07979,
      "AFTER_LAT": 40.67090833333334,
      "AFTER_LON": -74.07981166666667,
      "SOG": 0,
      "MOVINGTIME": 1260.0,
      "ARRIVALTIME": "20251203230214"
    },
    {
      "SEQ": 126,
      "BEFORE_NODE": 126.0,
      "AFTER_NODE": 127.0,
      "BEFORE_LAT": 40.67090833333334,
      "BEFORE_LON": -74.07981166666667,
      "AFTER_LAT": 40.67089166666667,
      "AFTER_LON": -74.07974333333334,
      "SOG": 0,
      "MOVINGTIME": 1978.0,
      "ARRIVALTIME": "20251203233512"
    },
    {
      "SEQ": 127,
      "BEFORE_NODE": 127.0,
      "AFTER_NODE": 128.0,
      "BEFORE_LAT": 40.67089166666667,
      "BEFORE_LON": -74.07974333333334,
      "AFTER_LAT": 40.67093666666667,
      "AFTER_LON": -74.07979,
      "SOG": 0,
      "MOVINGTIME": 1801.0,
      "ARRIVALTIME": "20251204000513"
    },
    {
      "SEQ": 128,
      "BEFORE_NODE": 128.0,
      "AFTER_NODE": 129.0,
      "BEFORE_LAT": 40.67093666666667,
      "BEFORE_LON": -74.07979,
      "AFTER_LAT": 40.67100833333333,
      "AFTER_LON": -74.07982833333334,
      "SOG": 0,
      "MOVINGTIME": 1975.0,
      "ARRIVALTIME": "20251204003808"
    },
    {
      "SEQ": 129,
      "BEFORE_NODE": 129.0,
      "AFTER_NODE": 130.0,
      "BEFORE_LAT": 40.67100833333333,
      "BEFORE_LON": -74.07982833333334,
      "AFTER_LAT": 40.67094,
      "AFTER_LON": -74.07982333333334,
      "SOG": 0,
      "MOVINGTIME": 1625.0,
      "ARRIVALTIME": "20251204010513"
    },
    {
      "SEQ": 130,
      "BEFORE_NODE": 130.0,
      "AFTER_NODE": 131.0,
      "BEFORE_LAT": 40.67094,
      "BEFORE_LON": -74.07982333333334,
      "AFTER_LAT": 40.67093333333333,
      "AFTER_LON": -74.07982833333334,
      "SOG": 0,
      "MOVINGTIME": 716.0,
      "ARRIVALTIME": "20251204011709"
    },
    {
      "SEQ": 131,
      "BEFORE_NODE": 131.0,
      "AFTER_NODE": 132.0,
      "BEFORE_LAT": 40.67093333333333,
      "BEFORE_LON": -74.07982833333334,
      "AFTER_LAT": 40.670883,
      "AFTER_LON": -74.079872,
      "SOG": 0,
      "MOVINGTIME": 2151.0,
      "ARRIVALTIME": "20251204015300"
    },
    {
      "SEQ": 132,
      "BEFORE_NODE": 132.0,
      "AFTER_NODE": 133.0,
      "BEFORE_LAT": 40.670883,
      "BEFORE_LON": -74.079872,
      "AFTER_LAT": 40.671055,
      "AFTER_LON": -74.079842,
      "SOG": 0,
      "MOVINGTIME": 1740.0,
      "ARRIVALTIME": "20251204022200"
    },
    {
      "SEQ": 133,
      "BEFORE_NODE": 133.0,
      "AFTER_NODE": 134.0,
      "BEFORE_LAT": 40.671055,
      "BEFORE_LON": -74.079842,
      "AFTER_LAT": 40.670959,
      "AFTER_LON": -74.079773,
      "SOG": 0,
      "MOVINGTIME": 1920.0,
      "ARRIVALTIME": "20251204025400"
    },
    {
      "SEQ": 134,
      "BEFORE_NODE": 134.0,
      "AFTER_NODE": 135.0,
      "BEFORE_LAT": 40.670959,
      "BEFORE_LON": -74.079773,
      "AFTER_LAT": 40.670956,
      "AFTER_LON": -74.079811,
      "SOG": 0,
      "MOVINGTIME": 1680.0,
      "ARRIVALTIME": "20251204032200"
    },
    {
      "SEQ": 135,
      "BEFORE_NODE": 135.0,
      "AFTER_NODE": 136.0,
      "BEFORE_LAT": 40.670956,
      "BEFORE_LON": -74.079811,
      "AFTER_LAT": 40.670975,
      "AFTER_LON": -74.079825,
      "SOG": 0,
      "MOVINGTIME": 2414.0,
      "ARRIVALTIME": "20251204040214"
    },
    {
      "SEQ": 136,
      "BEFORE_NODE": 136.0,
      "AFTER_NODE": 137.0,
      "BEFORE_LAT": 40.670975,
      "BEFORE_LON": -74.079825,
      "AFTER_LAT": 40.670945,
      "AFTER_LON": -74.079815,
      "SOG": 0,
      "MOVINGTIME": 1984.0,
      "ARRIVALTIME": "20251204043518"
    },
    {
      "SEQ": 137,
      "BEFORE_NODE": 137.0,
      "AFTER_NODE": 138.0,
      "BEFORE_LAT": 40.670945,
      "BEFORE_LON": -74.079815,
      "AFTER_LAT": 40.67095333333334,
      "AFTER_LON": -74.07984666666667,
      "SOG": 0,
      "MOVINGTIME": 1796.0,
      "ARRIVALTIME": "20251204050514"
    },
    {
      "SEQ": 138,
      "BEFORE_NODE": 138.0,
      "AFTER_NODE": 139.0,
      "BEFORE_LAT": 40.67095333333334,
      "BEFORE_LON": -74.07984666666667,
      "AFTER_LAT": 40.670993333333335,
      "AFTER_LON": -74.07984,
      "SOG": 0,
      "MOVINGTIME": 1798.0,
      "ARRIVALTIME": "20251204053512"
    },
    {
      "SEQ": 139,
      "BEFORE_NODE": 139.0,
      "AFTER_NODE": 140.0,
      "BEFORE_LAT": 40.670993333333335,
      "BEFORE_LON": -74.07984,
      "AFTER_LAT": 40.67097833333333,
      "AFTER_LON": -74.07982,
      "SOG": 0,
      "MOVINGTIME": 1617.0,
      "ARRIVALTIME": "20251204060209"
    },
    {
      "SEQ": 140,
      "BEFORE_NODE": 140.0,
      "AFTER_NODE": 141.0,
      "BEFORE_LAT": 40.67097833333333,
      "BEFORE_LON": -74.07982,
      "AFTER_LAT": 40.670935,
      "AFTER_LON": -74.07980833333333,
      "SOG": 0,
      "MOVINGTIME": 1986.0,
      "ARRIVALTIME": "20251204063515"
    },
    {
      "SEQ": 141,
      "BEFORE_NODE": 141.0,
      "AFTER_NODE": 142.0,
      "BEFORE_LAT": 40.670935,
      "BEFORE_LON": -74.07980833333333,
      "AFTER_LAT": 40.67095166666667,
      "AFTER_LON": -74.079835,
      "SOG": 0,
      "MOVINGTIME": 1804.0,
      "ARRIVALTIME": "20251204070519"
    },
    {
      "SEQ": 142,
      "BEFORE_NODE": 142.0,
      "AFTER_NODE": 143.0,
      "BEFORE_LAT": 40.67095166666667,
      "BEFORE_LON": -74.079835,
      "AFTER_LAT": 40.670952,
      "AFTER_LON": -74.079842,
      "SOG": 0,
      "MOVINGTIME": 2381.0,
      "ARRIVALTIME": "20251204074500"
    },
    {
      "SEQ": 143,
      "BEFORE_NODE": 143.0,
      "AFTER_NODE": 144.0,
      "BEFORE_LAT": 40.670952,
      "BEFORE_LON": -74.079842,
      "AFTER_LAT": 40.67098333333333,
      "AFTER_LON": -74.07980333333333,
      "SOG": 0,
      "MOVINGTIME": 853.0,
      "ARRIVALTIME": "20251204075913"
    },
    {
      "SEQ": 144,
      "BEFORE_NODE": 144.0,
      "AFTER_NODE": 145.0,
      "BEFORE_LAT": 40.67098333333333,
      "BEFORE_LON": -74.07980333333333,
      "AFTER_LAT": 40.670963,
      "AFTER_LON": -74.079796,
      "SOG": 0,
      "MOVINGTIME": 2687.0,
      "ARRIVALTIME": "20251204084400"
    },
    {
      "SEQ": 145,
      "BEFORE_NODE": 145.0,
      "AFTER_NODE": 146.0,
      "BEFORE_LAT": 40.670963,
      "BEFORE_LON": -74.079796,
      "AFTER_LAT": 40.670944,
      "AFTER_LON": -74.079803,
      "SOG": 0,
      "MOVINGTIME": 1680.0,
      "ARRIVALTIME": "20251204091200"
    },
    {
      "SEQ": 146,
      "BEFORE_NODE": 146.0,
      "AFTER_NODE": 147.0,
      "BEFORE_LAT": 40.670944,
      "BEFORE_LON": -74.079803,
      "AFTER_LAT": 40.670948,
      "AFTER_LON": -74.079803,
      "SOG": 0,
      "MOVINGTIME": 3720.0,
      "ARRIVALTIME": "20251204101400"
    },
    {
      "SEQ": 147,
      "BEFORE_NODE": 147.0,
      "AFTER_NODE": 148.0,
      "BEFORE_LAT": 40.670948,
      "BEFORE_LON": -74.079803,
      "AFTER_LAT": 40.670959,
      "AFTER_LON": -74.079811,
      "SOG": 0,
      "MOVINGTIME": 3540.0,
      "ARRIVALTIME": "20251204111300"
    },
    {
      "SEQ": 148,
      "BEFORE_NODE": 148.0,
      "AFTER_NODE": 149.0,
      "BEFORE_LAT": 40.670959,
      "BEFORE_LON": -74.079811,
      "AFTER_LAT": 40.670941666666664,
      "AFTER_LON": -74.07984666666667,
      "SOG": 0,
      "MOVINGTIME": 1162.0,
      "ARRIVALTIME": "20251204113222"
    },
    {
      "SEQ": 149,
      "BEFORE_NODE": 149.0,
      "AFTER_NODE": 150.0,
      "BEFORE_LAT": 40.670941666666664,
      "BEFORE_LON": -74.07984666666667,
      "AFTER_LAT": 40.670952,
      "AFTER_LON": -74.079803,
      "SOG": 0,
      "MOVINGTIME": 2438.0,
      "ARRIVALTIME": "20251204121300"
    },
    {
      "SEQ": 150,
      "BEFORE_NODE": 150.0,
      "AFTER_NODE": 151.0,
      "BEFORE_LAT": 40.670952,
      "BEFORE_LON": -74.079803,
      "AFTER_LAT": 40.67094,
      "AFTER_LON": -74.07977,
      "SOG": 0,
      "MOVINGTIME": 3497.0,
      "ARRIVALTIME": "20251204131117"
    },
    {
      "SEQ": 151,
      "BEFORE_NODE": 151.0,
      "AFTER_NODE": 152.0,
      "BEFORE_LAT": 40.67094,
      "BEFORE_LON": -74.07977,
      "AFTER_LAT": 40.670993333333335,
      "AFTER_LON": -74.07986333333334,
      "SOG": 0,
      "MOVINGTIME": 1442.0,
      "ARRIVALTIME": "20251204133519"
    },
    {
      "SEQ": 152,
      "BEFORE_NODE": 152.0,
      "AFTER_NODE": 153.0,
      "BEFORE_LAT": 40.670993333333335,
      "BEFORE_LON": -74.07986333333334,
      "AFTER_LAT": 40.67095333333334,
      "AFTER_LON": -74.07985,
      "SOG": 0,
      "MOVINGTIME": 1981.0,
      "ARRIVALTIME": "20251204140820"
    },
    {
      "SEQ": 153,
      "BEFORE_NODE": 153.0,
      "AFTER_NODE": 154.0,
      "BEFORE_LAT": 40.67095333333334,
      "BEFORE_LON": -74.07985,
      "AFTER_LAT": 40.670955,
      "AFTER_LON": -74.07984833333333,
      "SOG": 0,
      "MOVINGTIME": 1974.0,
      "ARRIVALTIME": "20251204144114"
    },
    {
      "SEQ": 154,
      "BEFORE_NODE": 154.0,
      "AFTER_NODE": 155.0,
      "BEFORE_LAT": 40.670955,
      "BEFORE_LON": -74.07984833333333,
      "AFTER_LAT": 40.67093,
      "AFTER_LON": -74.07978833333334,
      "SOG": 0,
      "MOVINGTIME": 1438.0,
      "ARRIVALTIME": "20251204150512"
    },
    {
      "SEQ": 155,
      "BEFORE_NODE": 155.0,
      "AFTER_NODE": 156.0,
      "BEFORE_LAT": 40.67093,
      "BEFORE_LON": -74.07978833333334,
      "AFTER_LAT": 40.670948333333335,
      "AFTER_LON": -74.07981833333334,
      "SOG": 0,
      "MOVINGTIME": 1986.0,
      "ARRIVALTIME": "20251204153818"
    },
    {
      "SEQ": 156,
      "BEFORE_NODE": 156.0,
      "AFTER_NODE": 157.0,
      "BEFORE_LAT": 40.670948333333335,
      "BEFORE_LON": -74.07981833333334,
      "AFTER_LAT": 40.67095833333333,
      "AFTER_LON": -74.07982166666666,
      "SOG": 0,
      "MOVINGTIME": 1438.0,
      "ARRIVALTIME": "20251204160216"
    },
    {
      "SEQ": 157,
      "BEFORE_NODE": 157.0,
      "AFTER_NODE": 158.0,
      "BEFORE_LAT": 40.67095833333333,
      "BEFORE_LON": -74.07982166666666,
      "AFTER_LAT": 40.670915,
      "AFTER_LON": -74.07978833333334,
      "SOG": 0,
      "MOVINGTIME": 1977.0,
      "ARRIVALTIME": "20251204163513"
    },
    {
      "SEQ": 158,
      "BEFORE_NODE": 158.0,
      "AFTER_NODE": 159.0,
      "BEFORE_LAT": 40.670915,
      "BEFORE_LON": -74.07978833333334,
      "AFTER_LAT": 40.670948333333335,
      "AFTER_LON": -74.079815,
      "SOG": 0,
      "MOVINGTIME": 7206.0,
      "ARRIVALTIME": "20251204183519"
    },
    {
      "SEQ": 159,
      "BEFORE_NODE": 159.0,
      "AFTER_NODE": 160.0,
      "BEFORE_LAT": 40.670948333333335,
      "BEFORE_LON": -74.079815,
      "AFTER_LAT": 40.670941666666664,
      "AFTER_LON": -74.07985833333333,
      "SOG": 0,
      "MOVINGTIME": 1439.0,
      "ARRIVALTIME": "20251204185918"
    },
    {
      "SEQ": 160,
      "BEFORE_NODE": 160.0,
      "AFTER_NODE": 161.0,
      "BEFORE_LAT": 40.670941666666664,
      "BEFORE_LON": -74.07985833333333,
      "AFTER_LAT": 40.670965,
      "AFTER_LON": -74.07980166666667,
      "SOG": 0,
      "MOVINGTIME": 4316.0,
      "ARRIVALTIME": "20251204201114"
    },
    {
      "SEQ": 161,
      "BEFORE_NODE": 161.0,
      "AFTER_NODE": 162.0,
      "BEFORE_LAT": 40.670965,
      "BEFORE_LON": -74.07980166666667,
      "AFTER_LAT": 40.670923333333334,
      "AFTER_LON": -74.07984,
      "SOG": 0,
      "MOVINGTIME": 1805.0,
      "ARRIVALTIME": "20251204204119"
    },
    {
      "SEQ": 162,
      "BEFORE_NODE": 162.0,
      "AFTER_NODE": 163.0,
      "BEFORE_LAT": 40.670923333333334,
      "BEFORE_LON": -74.07984,
      "AFTER_LAT": 40.67092,
      "AFTER_LON": -74.07981666666667,
      "SOG": 0,
      "MOVINGTIME": 1796.0,
      "ARRIVALTIME": "20251204211115"
    },
    {
      "SEQ": 163,
      "BEFORE_NODE": 163.0,
      "AFTER_NODE": 164.0,
      "BEFORE_LAT": 40.67092,
      "BEFORE_LON": -74.07981666666667,
      "AFTER_LAT": 40.670925,
      "AFTER_LON": -74.079803,
      "SOG": 0,
      "MOVINGTIME": 705.0,
      "ARRIVALTIME": "20251204212300"
    },
    {
      "SEQ": 164,
      "BEFORE_NODE": 164.0,
      "AFTER_NODE": 165.0,
      "BEFORE_LAT": 40.670925,
      "BEFORE_LON": -74.079803,
      "AFTER_LAT": 40.670943333333334,
      "AFTER_LON": -74.07979666666667,
      "SOG": 0,
      "MOVINGTIME": 1817.0,
      "ARRIVALTIME": "20251204215317"
    },
    {
      "SEQ": 165,
      "BEFORE_NODE": 165.0,
      "AFTER_NODE": 166.0,
      "BEFORE_LAT": 40.670943333333334,
      "BEFORE_LON": -74.07979666666667,
      "AFTER_LAT": 40.670941666666664,
      "AFTER_LON": -74.07981833333334,
      "SOG": 0,
      "MOVINGTIME": 2880.0,
      "ARRIVALTIME": "20251204224117"
    },
    {
      "SEQ": 166,
      "BEFORE_NODE": 166.0,
      "AFTER_NODE": 167.0,
      "BEFORE_LAT": 40.670941666666664,
      "BEFORE_LON": -74.07981833333334,
      "AFTER_LAT": 40.670935,
      "AFTER_LON": -74.07980833333333,
      "SOG": 0,
      "MOVINGTIME": 1082.0,
      "ARRIVALTIME": "20251204225919"
    },
    {
      "SEQ": 167,
      "BEFORE_NODE": 167.0,
      "AFTER_NODE": 168.0,
      "BEFORE_LAT": 40.670935,
      "BEFORE_LON": -74.07980833333333,
      "AFTER_LAT": 40.67091666666666,
      "AFTER_LON": -74.079815,
      "SOG": 0,
      "MOVINGTIME": 2519.0,
      "ARRIVALTIME": "20251204234118"
    },
    {
      "SEQ": 168,
      "BEFORE_NODE": 168.0,
      "AFTER_NODE": 169.0,
      "BEFORE_LAT": 40.67091666666666,
      "BEFORE_LON": -74.079815,
      "AFTER_LAT": 40.67090666666667,
      "AFTER_LON": -74.07978333333334,
      "SOG": 0,
      "MOVINGTIME": 1439.0,
      "ARRIVALTIME": "20251205000517"
    },
    {
      "SEQ": 169,
      "BEFORE_NODE": 169.0,
      "AFTER_NODE": 170.0,
      "BEFORE_LAT": 40.67090666666667,
      "BEFORE_LON": -74.07978333333334,
      "AFTER_LAT": 40.670928333333336,
      "AFTER_LON": -74.07979666666667,
      "SOG": 0,
      "MOVINGTIME": 2166.0,
      "ARRIVALTIME": "20251205004123"
    },
    {
      "SEQ": 170,
      "BEFORE_NODE": 170.0,
      "AFTER_NODE": 171.0,
      "BEFORE_LAT": 40.670928333333336,
      "BEFORE_LON": -74.07979666666667,
      "AFTER_LAT": 40.670941666666664,
      "AFTER_LON": -74.07982,
      "SOG": 0,
      "MOVINGTIME": 1073.0,
      "ARRIVALTIME": "20251205005916"
    },
    {
      "SEQ": 171,
      "BEFORE_NODE": 171.0,
      "AFTER_NODE": 172.0,
      "BEFORE_LAT": 40.670941666666664,
      "BEFORE_LON": -74.07982,
      "AFTER_LAT": 40.67093,
      "AFTER_LON": -74.07981,
      "SOG": 0,
      "MOVINGTIME": 1441.0,
      "ARRIVALTIME": "20251205012317"
    },
    {
      "SEQ": 172,
      "BEFORE_NODE": 172.0,
      "AFTER_NODE": 173.0,
      "BEFORE_LAT": 40.67093,
      "BEFORE_LON": -74.07981,
      "AFTER_LAT": 40.670937,
      "AFTER_LON": -74.079842,
      "SOG": 0,
      "MOVINGTIME": 2023.0,
      "ARRIVALTIME": "20251205015700"
    },
    {
      "SEQ": 173,
      "BEFORE_NODE": 173.0,
      "AFTER_NODE": 174.0,
      "BEFORE_LAT": 40.670937,
      "BEFORE_LON": -74.079842,
      "AFTER_LAT": 40.67091,
      "AFTER_LON": -74.079781,
      "SOG": 0,
      "MOVINGTIME": 1860.0,
      "ARRIVALTIME": "20251205022800"
    },
    {
      "SEQ": 174,
      "BEFORE_NODE": 174.0,
      "AFTER_NODE": 175.0,
      "BEFORE_LAT": 40.67091,
      "BEFORE_LON": -74.079781,
      "AFTER_LAT": 40.67094,
      "AFTER_LON": -74.079834,
      "SOG": 0,
      "MOVINGTIME": 1680.0,
      "ARRIVALTIME": "20251205025600"
    },
    {
      "SEQ": 175,
      "BEFORE_NODE": 175.0,
      "AFTER_NODE": 176.0,
      "BEFORE_LAT": 40.67094,
      "BEFORE_LON": -74.079834,
      "AFTER_LAT": 40.67093666666667,
      "AFTER_LON": -74.07980666666667,
      "SOG": 0,
      "MOVINGTIME": 2001.0,
      "ARRIVALTIME": "20251205032921"
    },
    {
      "SEQ": 176,
      "BEFORE_NODE": 176.0,
      "AFTER_NODE": 177.0,
      "BEFORE_LAT": 40.67093666666667,
      "BEFORE_LON": -74.07980666666667,
      "AFTER_LAT": 40.670941666666664,
      "AFTER_LON": -74.07981833333334,
      "SOG": 0,
      "MOVINGTIME": 3960.0,
      "ARRIVALTIME": "20251205043521"
    },
    {
      "SEQ": 177,
      "BEFORE_NODE": 177.0,
      "AFTER_NODE": 178.0,
      "BEFORE_LAT": 40.670941666666664,
      "BEFORE_LON": -74.07981833333334,
      "AFTER_LAT": 40.670928333333336,
      "AFTER_LON": -74.07981833333334,
      "SOG": 0,
      "MOVINGTIME": 3957.0,
      "ARRIVALTIME": "20251205054118"
    },
    {
      "SEQ": 178,
      "BEFORE_NODE": 178.0,
      "AFTER_NODE": 179.0,
      "BEFORE_LAT": 40.670928333333336,
      "BEFORE_LON": -74.07981833333334,
      "AFTER_LAT": 40.67094,
      "AFTER_LON": -74.07982333333334,
      "SOG": 0,
      "MOVINGTIME": 1084.0,
      "ARRIVALTIME": "20251205055922"
    },
    {
      "SEQ": 179,
      "BEFORE_NODE": 179.0,
      "AFTER_NODE": 180.0,
      "BEFORE_LAT": 40.67094,
      "BEFORE_LON": -74.07982333333334,
      "AFTER_LAT": 40.67096166666666,
      "AFTER_LON": -74.079825,
      "SOG": 0,
      "MOVINGTIME": 2519.0,
      "ARRIVALTIME": "20251205064121"
    },
    {
      "SEQ": 180,
      "BEFORE_NODE": 180.0,
      "AFTER_NODE": 181.0,
      "BEFORE_LAT": 40.67096166666666,
      "BEFORE_LON": -74.079825,
      "AFTER_LAT": 40.67095166666667,
      "AFTER_LON": -74.07980666666667,
      "SOG": 0,
      "MOVINGTIME": 1440.0,
      "ARRIVALTIME": "20251205070521"
    },
    {
      "SEQ": 181,
      "BEFORE_NODE": 181.0,
      "AFTER_NODE": 182.0,
      "BEFORE_LAT": 40.67095166666667,
      "BEFORE_LON": -74.07980666666667,
      "AFTER_LAT": 40.67093833333333,
      "AFTER_LON": -74.07981666666667,
      "SOG": 0,
      "MOVINGTIME": 1801.0,
      "ARRIVALTIME": "20251205073522"
    },
    {
      "SEQ": 182,
      "BEFORE_NODE": 182.0,
      "AFTER_NODE": 183.0,
      "BEFORE_LAT": 40.67093833333333,
      "BEFORE_LON": -74.07981666666667,
      "AFTER_LAT": 40.67098166666667,
      "AFTER_LON": -74.07985,
      "SOG": 0,
      "MOVINGTIME": 2157.0,
      "ARRIVALTIME": "20251205081119"
    },
    {
      "SEQ": 183,
      "BEFORE_NODE": 183.0,
      "AFTER_NODE": 184.0,
      "BEFORE_LAT": 40.67098166666667,
      "BEFORE_LON": -74.07985,
      "AFTER_LAT": 40.67099833333333,
      "AFTER_LON": -74.07983,
      "SOG": 0,
      "MOVINGTIME": 1802.0,
      "ARRIVALTIME": "20251205084121"
    },
    {
      "SEQ": 184,
      "BEFORE_NODE": 184.0,
      "AFTER_NODE": 185.0,
      "BEFORE_LAT": 40.67099833333333,
      "BEFORE_LON": -74.07983,
      "AFTER_LAT": 40.67093166666667,
      "AFTER_LON": -74.0798,
      "SOG": 0,
      "MOVINGTIME": 1440.0,
      "ARRIVALTIME": "20251205090521"
    },
    {
      "SEQ": 185,
      "BEFORE_NODE": 185.0,
      "AFTER_NODE": 186.0,
      "BEFORE_LAT": 40.67093166666667,
      "BEFORE_LON": -74.0798,
      "AFTER_LAT": 40.670943333333334,
      "AFTER_LON": -74.07979666666667,
      "SOG": 0,
      "MOVINGTIME": 721.0,
      "ARRIVALTIME": "20251205091722"
    },
    {
      "SEQ": 186,
      "BEFORE_NODE": 186.0,
      "AFTER_NODE": 187.0,
      "BEFORE_LAT": 40.670943333333334,
      "BEFORE_LON": -74.07979666666667,
      "AFTER_LAT": 40.670905,
      "AFTER_LON": -74.079795,
      "SOG": 0,
      "MOVINGTIME": 3241.0,
      "ARRIVALTIME": "20251205101123"
    },
    {
      "SEQ": 187,
      "BEFORE_NODE": 187.0,
      "AFTER_NODE": 188.0,
      "BEFORE_LAT": 40.670905,
      "BEFORE_LON": -74.079795,
      "AFTER_LAT": 40.67095166666667,
      "AFTER_LON": -74.079815,
      "SOG": 0,
      "MOVINGTIME": 1435.0,
      "ARRIVALTIME": "20251205103518"
    },
    {
      "SEQ": 188,
      "BEFORE_NODE": 188.0,
      "AFTER_NODE": 189.0,
      "BEFORE_LAT": 40.67095166666667,
      "BEFORE_LON": -74.079815,
      "AFTER_LAT": 40.67101,
      "AFTER_LON": -74.079805,
      "SOG": 0,
      "MOVINGTIME": 2163.0,
      "ARRIVALTIME": "20251205111121"
    },
    {
      "SEQ": 189,
      "BEFORE_NODE": 189.0,
      "AFTER_NODE": 190.0,
      "BEFORE_LAT": 40.67101,
      "BEFORE_LON": -74.079805,
      "AFTER_LAT": 40.670935,
      "AFTER_LON": -74.07979666666667,
      "SOG": 0,
      "MOVINGTIME": 1804.0,
      "ARRIVALTIME": "20251205114125"
    },
    {
      "SEQ": 190,
      "BEFORE_NODE": 190.0,
      "AFTER_NODE": 191.0,
      "BEFORE_LAT": 40.670935,
      "BEFORE_LON": -74.07979666666667,
      "AFTER_LAT": 40.670948333333335,
      "AFTER_LON": -74.07981,
      "SOG": 0,
      "MOVINGTIME": 1615.0,
      "ARRIVALTIME": "20251205120820"
    },
    {
      "SEQ": 191,
      "BEFORE_NODE": 191.0,
      "AFTER_NODE": 192.0,
      "BEFORE_LAT": 40.670948333333335,
      "BEFORE_LON": -74.07981,
      "AFTER_LAT": 40.670941666666664,
      "AFTER_LON": -74.07979833333333,
      "SOG": 0,
      "MOVINGTIME": 1803.0,
      "ARRIVALTIME": "20251205123823"
    },
    {
      "SEQ": 192,
      "BEFORE_NODE": 192.0,
      "AFTER_NODE": 193.0,
      "BEFORE_LAT": 40.670941666666664,
      "BEFORE_LON": -74.07979833333333,
      "AFTER_LAT": 40.670945,
      "AFTER_LON": -74.07982333333334,
      "SOG": 0,
      "MOVINGTIME": 1979.0,
      "ARRIVALTIME": "20251205131122"
    },
    {
      "SEQ": 193,
      "BEFORE_NODE": 193.0,
      "AFTER_NODE": 194.0,
      "BEFORE_LAT": 40.670945,
      "BEFORE_LON": -74.07982333333334,
      "AFTER_LAT": 40.67096166666666,
      "AFTER_LON": -74.07981833333334,
      "SOG": 0,
      "MOVINGTIME": 1437.0,
      "ARRIVALTIME": "20251205133519"
    },
    {
      "SEQ": 194,
      "BEFORE_NODE": 194.0,
      "AFTER_NODE": 195.0,
      "BEFORE_LAT": 40.67096166666666,
      "BEFORE_LON": -74.07981833333334,
      "AFTER_LAT": 40.67091833333333,
      "AFTER_LON": -74.079815,
      "SOG": 0,
      "MOVINGTIME": 2163.0,
      "ARRIVALTIME": "20251205141122"
    },
    {
      "SEQ": 195,
      "BEFORE_NODE": 195.0,
      "AFTER_NODE": 196.0,
      "BEFORE_LAT": 40.67091833333333,
      "BEFORE_LON": -74.079815,
      "AFTER_LAT": 40.665333333333336,
      "AFTER_LON": -74.06917166666666,
      "SOG": 3.9,
      "MOVINGTIME": 1591.0,
      "ARRIVALTIME": "20251205143753"
    },
    {
      "SEQ": 196,
      "BEFORE_NODE": 196.0,
      "AFTER_NODE": 197.0,
      "BEFORE_LAT": 40.665333333333336,
      "BEFORE_LON": -74.06917166666666,
      "AFTER_LAT": 40.62446,
      "AFTER_LON": -74.05277333333333,
      "SOG": 10.2,
      "MOVINGTIME": 1804.0,
      "ARRIVALTIME": "20251205150757"
    },
    {
      "SEQ": 197,
      "BEFORE_NODE": 197.0,
      "AFTER_NODE": 198.0,
      "BEFORE_LAT": 40.62446,
      "BEFORE_LON": -74.05277333333333,
      "AFTER_LAT": 40.521255,
      "AFTER_LON": -74.00265333333333,
      "SOG": 13.9,
      "MOVINGTIME": 1799.0,
      "ARRIVALTIME": "20251205153756"
    },
    {
      "SEQ": 198,
      "BEFORE_NODE": 198.0,
      "AFTER_NODE": 199.0,
      "BEFORE_LAT": 40.521255,
      "BEFORE_LON": -74.00265333333333,
      "AFTER_LAT": 40.47523833333333,
      "AFTER_LON": -73.88391,
      "SOG": 9.4,
      "MOVINGTIME": 2102.0,
      "ARRIVALTIME": "20251205161258"
    },
    {
      "SEQ": 199,
      "BEFORE_NODE": 199.0,
      "AFTER_NODE": 200.0,
      "BEFORE_LAT": 40.47523833333333,
      "BEFORE_LON": -73.88391,
      "AFTER_LAT": 40.441255,
      "AFTER_LON": -73.818885,
      "SOG": 9.6,
      "MOVINGTIME": 1609.0,
      "ARRIVALTIME": "20251205163947"
    },
    {
      "SEQ": 200,
      "BEFORE_NODE": 200.0,
      "AFTER_NODE": 201.0,
      "BEFORE_LAT": 40.441255,
      "BEFORE_LON": -73.818885,
      "AFTER_LAT": 40.428913333333334,
      "AFTER_LON": -73.72396833333333,
      "SOG": 9.5,
      "MOVINGTIME": 1661.0,
      "ARRIVALTIME": "20251205170728"
    },
    {
      "SEQ": 201,
      "BEFORE_NODE": 201.0,
      "AFTER_NODE": 202.0,
      "BEFORE_LAT": 40.428913333333334,
      "BEFORE_LON": -73.72396833333333,
      "AFTER_LAT": 40.41114833333334,
      "AFTER_LON": -73.62427,
      "SOG": 9.6,
      "MOVINGTIME": 1798.0,
      "ARRIVALTIME": "20251205173726"
    },
    {
      "SEQ": 202,
      "BEFORE_NODE": 202.0,
      "AFTER_NODE": 203.0,
      "BEFORE_LAT": 40.41114833333334,
      "BEFORE_LON": -73.62427,
      "AFTER_LAT": 40.396386666666665,
      "AFTER_LON": -73.421665,
      "SOG": 10.8,
      "MOVINGTIME": 3380.0,
      "ARRIVALTIME": "20251205183346"
    },
    {
      "SEQ": 203,
      "BEFORE_NODE": 203.0,
      "AFTER_NODE": 204.0,
      "BEFORE_LAT": 40.396386666666665,
      "BEFORE_LON": -73.421665,
      "AFTER_LAT": 40.380085,
      "AFTER_LON": -72.426361,
      "SOG": 10,
      "MOVINGTIME": 17114.0,
      "ARRIVALTIME": "20251205231900"
    },
    {
      "SEQ": 204,
      "BEFORE_NODE": 204.0,
      "AFTER_NODE": 205.0,
      "BEFORE_LAT": 40.380085,
      "BEFORE_LON": -72.426361,
      "AFTER_LAT": 40.382439,
      "AFTER_LON": -72.264481,
      "SOG": 9.8,
      "MOVINGTIME": 1860.0,
      "ARRIVALTIME": "20251205235000"
    },
    {
      "SEQ": 205,
      "BEFORE_NODE": 205.0,
      "AFTER_NODE": 206.0,
      "BEFORE_LAT": 40.382439,
      "BEFORE_LON": -72.264481,
      "AFTER_LAT": 40.384933,
      "AFTER_LON": -72.140503,
      "SOG": 10,
      "MOVINGTIME": 1740.0,
      "ARRIVALTIME": "20251206001900"
    }
  ]
}