{
  "mmsi": "538009631",
  "PredResult": [
    {
      "SEQ": 0,
      "BEFORE_NODE": 0.0,
      "AFTER_NODE": 1.0,
      "BEFORE_LAT": 34.653439,
      "BEFORE_LON": 135.24382,
      "AFTER_LAT": 34.653442,
      "AFTER_LON": 135.24377,
      "SOG": 0,
      "MOVINGTIME": 1740.0,
      "ARRIVALTIME": "20251129151700"
    },
    {
      "SEQ": 1,
      "BEFORE_NODE": 1.0,
      "AFTER_NODE": 2.0,
      "BEFORE_LAT": 34.653442,
      "BEFORE_LON": 135.24377,
      "AFTER_LAT": 34.653442,
      "AFTER_LON": 135.2438,
      "SOG": 0,
      "MOVINGTIME": 1920.0,
      "ARRIVALTIME": "20251129154900"
    },
    {
      "SEQ": 2,
      "BEFORE_NODE": 2.0,
      "AFTER_NODE": 3.0,
      "BEFORE_LAT": 34.653442,
      "BEFORE_LON": 135.2438,
      "AFTER_LAT": 34.653473,
      "AFTER_LON": 135.2438,
      "SOG": 0,
      "MOVINGTIME": 1740.0,
      "ARRIVALTIME": "20251129161800"
    },
    {
      "SEQ": 3,
      "BEFORE_NODE": 3.0,
      "AFTER_NODE": 4.0,
      "BEFORE_LAT": 34.653473,
      "BEFORE_LON": 135.2438,
      "AFTER_LAT": 34.653454,
      "AFTER_LON": 135.24379,
      "SOG": 0,
      "MOVINGTIME": 1800.0,
      "ARRIVALTIME": "20251129164800"
    },
    {
      "SEQ": 4,
      "BEFORE_NODE": 4.0,
      "AFTER_NODE": 5.0,
      "BEFORE_LAT": 34.653454,
      "BEFORE_LON": 135.24379,
      "AFTER_LAT": 34.653461,
      "AFTER_LON": 135.2438,
      "SOG": 0,
      "MOVINGTIME": 1860.0,
      "ARRIVALTIME": "20251129171900"
    },
    {
      "SEQ": 5,
      "BEFORE_NODE": 5.0,
      "AFTER_NODE": 6.0,
      "BEFORE_LAT": 34.653461,
      "BEFORE_LON": 135.2438,
      "AFTER_LAT": 34.653419,
      "AFTER_LON": 135.2438,
      "SOG": 0,
      "MOVINGTIME": 1860.0,
      "ARRIVALTIME": "20251129175000"
    },
    {
      "SEQ": 6,
      "BEFORE_NODE": 6.0,
      "AFTER_NODE": 7.0,
      "BEFORE_LAT": 34.653419,
      "BEFORE_LON": 135.2438,
      "AFTER_LAT": 34.653439,
      "AFTER_LON": 135.24379,
      "SOG": 0,
      "MOVINGTIME": 1680.0,
      "ARRIVALTIME": "20251129181800"
    },
    {
      "SEQ": 7,
      "BEFORE_NODE": 7.0,
      "AFTER_NODE": 8.0,
      "BEFORE_LAT": 34.653439,
      "BEFORE_LON": 135.24379,
      "AFTER_LAT": 34.653454,
      "AFTER_LON": 135.24377,
      "SOG": 0,
      "MOVINGTIME": 2921.0,
      "ARRIVALTIME": "20251129190641"
    },
    {
      "SEQ": 8,
      "BEFORE_NODE": 8.0,
      "AFTER_NODE": 9.0,
      "BEFORE_LAT": 34.653454,
      "BEFORE_LON": 135.24377,
      "AFTER_LAT": 34.653446,
      "AFTER_LON": 135.24379,
      "SOG": 0,
      "MOVINGTIME": 739.0,
      "ARRIVALTIME": "20251129191900"
    },
    {
      "SEQ": 9,
      "BEFORE_NODE": 9.0,
      "AFTER_NODE": 10.0,
      "BEFORE_LAT": 34.653446,
      "BEFORE_LON": 135.24379,
      "AFTER_LAT": 34.653439,
      "AFTER_LON": 135.24382,
      "SOG": 0,
      "MOVINGTIME": 3600.0,
      "ARRIVALTIME": "20251129201900"
    },
    {
      "SEQ": 10,
      "BEFORE_NODE": 10.0,
      "AFTER_NODE": 11.0,
      "BEFORE_LAT": 34.653439,
      "BEFORE_LON": 135.24382,
      "AFTER_LAT": 34.653416,
      "AFTER_LON": 135.24379,
      "SOG": 0,
      "MOVINGTIME": 1680.0,
      "ARRIVALTIME": "20251129204700"
    },
    {
      "SEQ": 11,
      "BEFORE_NODE": 11.0,
      "AFTER_NODE": 12.0,
      "BEFORE_LAT": 34.653416,
      "BEFORE_LON": 135.24379,
      "AFTER_LAT": 34.624214,
      "AFTER_LON": 135.28169,
      "SOG": 12.8,
      "MOVINGTIME": 1980.0,
      "ARRIVALTIME": "20251129212000"
    },
    {
      "SEQ": 12,
      "BEFORE_NODE": 12.0,
      "AFTER_NODE": 13.0,
      "BEFORE_LAT": 34.624214,
      "BEFORE_LON": 135.28169,
      "AFTER_LAT": 34.62756,
      "AFTER_LON": 135.37344,
      "SOG": 10.8,
      "MOVINGTIME": 1800.0,
      "ARRIVALTIME": "20251129215000"
    },
    {
      "SEQ": 13,
      "BEFORE_NODE": 13.0,
      "AFTER_NODE": 14.0,
      "BEFORE_LAT": 34.62756,
      "BEFORE_LON": 135.37344,
      "AFTER_LAT": 34.637402,
      "AFTER_LON": 135.44141,
      "SOG": 2.5,
      "MOVINGTIME": 1860.0,
      "ARRIVALTIME": "20251129222100"
    },
    {
      "SEQ": 14,
      "BEFORE_NODE": 14.0,
      "AFTER_NODE": 15.0,
      "BEFORE_LAT": 34.637402,
      "BEFORE_LON": 135.44141,
      "AFTER_LAT": 34.635361,
      "AFTER_LON": 135.44054,
      "SOG": 0,
      "MOVINGTIME": 1620.0,
      "ARRIVALTIME": "20251129224800"
    },
    {
      "SEQ": 15,
      "BEFORE_NODE": 15.0,
      "AFTER_NODE": 16.0,
      "BEFORE_LAT": 34.635361,
      "BEFORE_LON": 135.44054,
      "AFTER_LAT": 34.63538,
      "AFTER_LON": 135.4406,
      "SOG": 0,
      "MOVINGTIME": 1860.0,
      "ARRIVALTIME": "20251129231900"
    },
    {
      "SEQ": 16,
      "BEFORE_NODE": 16.0,
      "AFTER_NODE": 17.0,
      "BEFORE_LAT": 34.63538,
      "BEFORE_LON": 135.4406,
      "AFTER_LAT": 34.63538,
      "AFTER_LON": 135.44052,
      "SOG": 0,
      "MOVINGTIME": 1680.0,
      "ARRIVALTIME": "20251129234700"
    },
    {
      "SEQ": 17,
      "BEFORE_NODE": 17.0,
      "AFTER_NODE": 18.0,
      "BEFORE_LAT": 34.63538,
      "BEFORE_LON": 135.44052,
      "AFTER_LAT": 34.635326,
      "AFTER_LON": 135.44037,
      "SOG": 0,
      "MOVINGTIME": 1980.0,
      "ARRIVALTIME": "20251130002000"
    },
    {
      "SEQ": 18,
      "BEFORE_NODE": 18.0,
      "AFTER_NODE": 19.0,
      "BEFORE_LAT": 34.635326,
      "BEFORE_LON": 135.44037,
      "AFTER_LAT": 34.635406,
      "AFTER_LON": 135.44061,
      "SOG": 0,
      "MOVINGTIME": 1740.0,
      "ARRIVALTIME": "20251130004900"
    },
    {
      "SEQ": 19,
      "BEFORE_NODE": 19.0,
      "AFTER_NODE": 20.0,
      "BEFORE_LAT": 34.635406,
      "BEFORE_LON": 135.44061,
      "AFTER_LAT": 34.63541,
      "AFTER_LON": 135.44057,
      "SOG": 0,
      "MOVINGTIME": 2311.0,
      "ARRIVALTIME": "20251130012731"
    },
    {
      "SEQ": 20,
      "BEFORE_NODE": 20.0,
      "AFTER_NODE": 21.0,
      "BEFORE_LAT": 34.63541,
      "BEFORE_LON": 135.44057,
      "AFTER_LAT": 34.63541,
      "AFTER_LON": 135.44057,
      "SOG": 0,
      "MOVINGTIME": 1229.0,
      "ARRIVALTIME": "20251130014800"
    },
    {
      "SEQ": 21,
      "BEFORE_NODE": 21.0,
      "AFTER_NODE": 22.0,
      "BEFORE_LAT": 34.63541,
      "BEFORE_LON": 135.44057,
      "AFTER_LAT": 34.63538,
      "AFTER_LON": 135.44052,
      "SOG": 0,
      "MOVINGTIME": 1800.0,
      "ARRIVALTIME": "20251130021800"
    },
    {
      "SEQ": 22,
      "BEFORE_NODE": 22.0,
      "AFTER_NODE": 23.0,
      "BEFORE_LAT": 34.63538,
      "BEFORE_LON": 135.44052,
      "AFTER_LAT": 34.635426,
      "AFTER_LON": 135.44054,
      "SOG": 0,
      "MOVINGTIME": 1860.0,
      "ARRIVALTIME": "20251130024900"
    },
    {
      "SEQ": 23,
      "BEFORE_NODE": 23.0,
      "AFTER_NODE": 24.0,
      "BEFORE_LAT": 34.635426,
      "BEFORE_LON": 135.44054,
      "AFTER_LAT": 34.635426,
      "AFTER_LON": 135.44057,
      "SOG": 0,
      "MOVINGTIME": 1680.0,
      "ARRIVALTIME": "20251130031700"
    },
    {
      "SEQ": 24,
      "BEFORE_NODE": 24.0,
      "AFTER_NODE": 25.0,
      "BEFORE_LAT": 34.635426,
      "BEFORE_LON": 135.44057,
      "AFTER_LAT": 34.635426,
      "AFTER_LON": 135.44057,
      "SOG": 0,
      "MOVINGTIME": 1920.0,
      "ARRIVALTIME": "20251130034900"
    },
    {
      "SEQ": 25,
      "BEFORE_NODE": 25.0,
      "AFTER_NODE": 26.0,
      "BEFORE_LAT": 34.635426,
      "BEFORE_LON": 135.44057,
      "AFTER_LAT": 34.635368,
      "AFTER_LON": 135.44057,
      "SOG": 0,
      "MOVINGTIME": 1800.0,
      "ARRIVALTIME": "20251130041900"
    },
    {
      "SEQ": 26,
      "BEFORE_NODE": 26.0,
      "AFTER_NODE": 27.0,
      "BEFORE_LAT": 34.635368,
      "BEFORE_LON": 135.44057,
      "AFTER_LAT": 34.635349,
      "AFTER_LON": 135.4406,
      "SOG": 0,
      "MOVINGTIME": 1800.0,
      "ARRIVALTIME": "20251130044900"
    },
    {
      "SEQ": 27,
      "BEFORE_NODE": 27.0,
      "AFTER_NODE": 28.0,
      "BEFORE_LAT": 34.635349,
      "BEFORE_LON": 135.4406,
      "AFTER_LAT": 34.635395,
      "AFTER_LON": 135.44057,
      "SOG": 0,
      "MOVINGTIME": 1920.0,
      "ARRIVALTIME": "20251130052100"
    },
    {
      "SEQ": 28,
      "BEFORE_NODE": 28.0,
      "AFTER_NODE": 29.0,
      "BEFORE_LAT": 34.635395,
      "BEFORE_LON": 135.44057,
      "AFTER_LAT": 34.635368,
      "AFTER_LON": 135.44058,
      "SOG": 0,
      "MOVINGTIME": 3600.0,
      "ARRIVALTIME": "20251130062100"
    },
    {
      "SEQ": 29,
      "BEFORE_NODE": 29.0,
      "AFTER_NODE": 30.0,
      "BEFORE_LAT": 34.635368,
      "BEFORE_LON": 135.44058,
      "AFTER_LAT": 34.635342,
      "AFTER_LON": 135.44057,
      "SOG": 0,
      "MOVINGTIME": 1560.0,
      "ARRIVALTIME": "20251130064700"
    },
    {
      "SEQ": 30,
      "BEFORE_NODE": 30.0,
      "AFTER_NODE": 31.0,
      "BEFORE_LAT": 34.635342,
      "BEFORE_LON": 135.44057,
      "AFTER_LAT": 34.644413,
      "AFTER_LON": 135.40559,
      "SOG": 9.3,
      "MOVINGTIME": 1980.0,
      "ARRIVALTIME": "20251130072000"
    },
    {
      "SEQ": 31,
      "BEFORE_NODE": 31.0,
      "AFTER_NODE": 32.0,
      "BEFORE_LAT": 34.644413,
      "BEFORE_LON": 135.40559,
      "AFTER_LAT": 34.538936666666665,
      "AFTER_LON": 135.23906333333332,
      "SOG": 15.4,
      "MOVINGTIME": 2815.0,
      "ARRIVALTIME": "20251130080655"
    },
    {
      "SEQ": 32,
      "BEFORE_NODE": 32.0,
      "AFTER_NODE": 33.0,
      "BEFORE_LAT": 34.538936666666665,
      "BEFORE_LON": 135.23906333333332,
      "AFTER_LAT": 34.477585,
      "AFTER_LON": 135.15491833333334,
      "SOG": 16.3,
      "MOVINGTIME": 1248.0,
      "ARRIVALTIME": "20251130082743"
    },
    {
      "SEQ": 33,
      "BEFORE_NODE": 33.0,
      "AFTER_NODE": 34.0,
      "BEFORE_LAT": 34.477585,
      "BEFORE_LON": 135.15491833333334,
      "AFTER_LAT": 34.416176,
      "AFTER_LON": 135.06793,
      "SOG": 16,
      "MOVINGTIME": 1277.0,
      "ARRIVALTIME": "20251130084900"
    },
    {
      "SEQ": 34,
      "BEFORE_NODE": 34.0,
      "AFTER_NODE": 35.0,
      "BEFORE_LAT": 34.416176,
      "BEFORE_LON": 135.06793,
      "AFTER_LAT": 34.237455,
      "AFTER_LON": 134.96635666666666,
      "SOG": 16.1,
      "MOVINGTIME": 2803.0,
      "ARRIVALTIME": "20251130093543"
    },
    {
      "SEQ": 35,
      "BEFORE_NODE": 35.0,
      "AFTER_NODE": 36.0,
      "BEFORE_LAT": 34.237455,
      "BEFORE_LON": 134.96635666666666,
      "AFTER_LAT": 34.220493,
      "AFTER_LON": 134.96117,
      "SOG": 16.2,
      "MOVINGTIME": 737.0,
      "ARRIVALTIME": "20251130094800"
    },
    {
      "SEQ": 36,
      "BEFORE_NODE": 36.0,
      "AFTER_NODE": 37.0,
      "BEFORE_LAT": 34.220493,
      "BEFORE_LON": 134.96117,
      "AFTER_LAT": 34.07259,
      "AFTER_LON": 134.91508,
      "SOG": 16.1,
      "MOVINGTIME": 1920.0,
      "ARRIVALTIME": "20251130102000"
    },
    {
      "SEQ": 37,
      "BEFORE_NODE": 37.0,
      "AFTER_NODE": 38.0,
      "BEFORE_LAT": 34.07259,
      "BEFORE_LON": 134.91508,
      "AFTER_LAT": 33.92683,
      "AFTER_LON": 134.87558,
      "SOG": 16.2,
      "MOVINGTIME": 1740.0,
      "ARRIVALTIME": "20251130104900"
    },
    {
      "SEQ": 38,
      "BEFORE_NODE": 38.0,
      "AFTER_NODE": 39.0,
      "BEFORE_LAT": 33.92683,
      "BEFORE_LON": 134.87558,
      "AFTER_LAT": 33.790833,
      "AFTER_LON": 134.80528,
      "SOG": 17,
      "MOVINGTIME": 1860.0,
      "ARRIVALTIME": "20251130112000"
    },
    {
      "SEQ": 39,
      "BEFORE_NODE": 39.0,
      "AFTER_NODE": 40.0,
      "BEFORE_LAT": 33.790833,
      "BEFORE_LON": 134.80528,
      "AFTER_LAT": 33.711113,
      "AFTER_LON": 134.73103,
      "SOG": 16.8,
      "MOVINGTIME": 1740.0,
      "ARRIVALTIME": "20251130114900"
    },
    {
      "SEQ": 40,
      "BEFORE_NODE": 40.0,
      "AFTER_NODE": 41.0,
      "BEFORE_LAT": 33.711113,
      "BEFORE_LON": 134.73103,
      "AFTER_LAT": 33.585499,
      "AFTER_LON": 134.61891,
      "SOG": 16.3,
      "MOVINGTIME": 1860.0,
      "ARRIVALTIME": "20251130122000"
    },
    {
      "SEQ": 41,
      "BEFORE_NODE": 41.0,
      "AFTER_NODE": 42.0,
      "BEFORE_LAT": 33.585499,
      "BEFORE_LON": 134.61891,
      "AFTER_LAT": 33.48074,
      "AFTER_LON": 134.515,
      "SOG": 16.7,
      "MOVINGTIME": 1740.0,
      "ARRIVALTIME": "20251130124900"
    },
    {
      "SEQ": 42,
      "BEFORE_NODE": 42.0,
      "AFTER_NODE": 43.0,
      "BEFORE_LAT": 33.48074,
      "BEFORE_LON": 134.515,
      "AFTER_LAT": 33.015289,
      "AFTER_LON": 132.23749,
      "SOG": 13.8,
      "MOVINGTIME": 32280.0,
      "ARRIVALTIME": "20251130214700"
    },
    {
      "SEQ": 43,
      "BEFORE_NODE": 43.0,
      "AFTER_NODE": 44.0,
      "BEFORE_LAT": 33.015289,
      "BEFORE_LON": 132.23749,
      "AFTER_LAT": 33.694214,
      "AFTER_LON": 131.76221,
      "SOG": 13.6,
      "MOVINGTIME": 12900.0,
      "ARRIVALTIME": "20251201012200"
    },
    {
      "SEQ": 44,
      "BEFORE_NODE": 44.0,
      "AFTER_NODE": 45.0,
      "BEFORE_LAT": 33.694214,
      "BEFORE_LON": 131.76221,
      "AFTER_LAT": 33.800087,
      "AFTER_LON": 131.57324,
      "SOG": 13.6,
      "MOVINGTIME": 3480.0,
      "ARRIVALTIME": "20251201022000"
    },
    {
      "SEQ": 45,
      "BEFORE_NODE": 45.0,
      "AFTER_NODE": 46.0,
      "BEFORE_LAT": 33.800087,
      "BEFORE_LON": 131.57324,
      "AFTER_LAT": 33.8326,
      "AFTER_LON": 131.41504,
      "SOG": 13.8,
      "MOVINGTIME": 1860.0,
      "ARRIVALTIME": "20251201025100"
    },
    {
      "SEQ": 46,
      "BEFORE_NODE": 46.0,
      "AFTER_NODE": 47.0,
      "BEFORE_LAT": 33.8326,
      "BEFORE_LON": 131.41504,
      "AFTER_LAT": 33.887684,
      "AFTER_LON": 131.16457,
      "SOG": 8.3,
      "MOVINGTIME": 5280.0,
      "ARRIVALTIME": "20251201041900"
    },
    {
      "SEQ": 47,
      "BEFORE_NODE": 47.0,
      "AFTER_NODE": 48.0,
      "BEFORE_LAT": 33.887684,
      "BEFORE_LON": 131.16457,
      "AFTER_LAT": 33.937527,
      "AFTER_LON": 131.06914,
      "SOG": 12.1,
      "MOVINGTIME": 1860.0,
      "ARRIVALTIME": "20251201045000"
    },
    {
      "SEQ": 48,
      "BEFORE_NODE": 48.0,
      "AFTER_NODE": 49.0,
      "BEFORE_LAT": 33.937527,
      "BEFORE_LON": 131.06914,
      "AFTER_LAT": 33.974087,
      "AFTER_LON": 130.98033,
      "SOG": 9.8,
      "MOVINGTIME": 1800.0,
      "ARRIVALTIME": "20251201052000"
    },
    {
      "SEQ": 49,
      "BEFORE_NODE": 49.0,
      "AFTER_NODE": 50.0,
      "BEFORE_LAT": 33.974087,
      "BEFORE_LON": 130.98033,
      "AFTER_LAT": 33.907688,
      "AFTER_LON": 130.91493,
      "SOG": 10.6,
      "MOVINGTIME": 1740.0,
      "ARRIVALTIME": "20251201054900"
    },
    {
      "SEQ": 50,
      "BEFORE_NODE": 50.0,
      "AFTER_NODE": 51.0,
      "BEFORE_LAT": 33.907688,
      "BEFORE_LON": 130.91493,
      "AFTER_LAT": 33.958836,
      "AFTER_LON": 130.87144,
      "SOG": 6.6,
      "MOVINGTIME": 1680.0,
      "ARRIVALTIME": "20251201061700"
    },
    {
      "SEQ": 51,
      "BEFORE_NODE": 51.0,
      "AFTER_NODE": 52.0,
      "BEFORE_LAT": 33.958836,
      "BEFORE_LON": 130.87144,
      "AFTER_LAT": 34.027599,
      "AFTER_LON": 130.68237,
      "SOG": 14.3,
      "MOVINGTIME": 3467.0,
      "ARRIVALTIME": "20251201071447"
    },
    {
      "SEQ": 52,
      "BEFORE_NODE": 52.0,
      "AFTER_NODE": 53.0,
      "BEFORE_LAT": 34.027599,
      "BEFORE_LON": 130.68237,
      "AFTER_LAT": 34.023594,
      "AFTER_LON": 130.6689,
      "SOG": 14.3,
      "MOVINGTIME": 313.0,
      "ARRIVALTIME": "20251201072000"
    },
    {
      "SEQ": 53,
      "BEFORE_NODE": 53.0,
      "AFTER_NODE": 54.0,
      "BEFORE_LAT": 34.023594,
      "BEFORE_LON": 130.6689,
      "AFTER_LAT": 33.98679,
      "AFTER_LON": 130.53661,
      "SOG": 14.1,
      "MOVINGTIME": 1680.0,
      "ARRIVALTIME": "20251201074800"
    },
    {
      "SEQ": 54,
      "BEFORE_NODE": 54.0,
      "AFTER_NODE": 55.0,
      "BEFORE_LAT": 33.98679,
      "BEFORE_LON": 130.53661,
      "AFTER_LAT": 33.936253,
      "AFTER_LON": 130.40175,
      "SOG": 14.1,
      "MOVINGTIME": 1860.0,
      "ARRIVALTIME": "20251201081900"
    },
    {
      "SEQ": 55,
      "BEFORE_NODE": 55.0,
      "AFTER_NODE": 56.0,
      "BEFORE_LAT": 33.936253,
      "BEFORE_LON": 130.40175,
      "AFTER_LAT": 33.878159,
      "AFTER_LON": 130.34413,
      "SOG": 14.1,
      "MOVINGTIME": 1680.0,
      "ARRIVALTIME": "20251201084700"
    },
    {
      "SEQ": 56,
      "BEFORE_NODE": 56.0,
      "AFTER_NODE": 57.0,
      "BEFORE_LAT": 33.878159,
      "BEFORE_LON": 130.34413,
      "AFTER_LAT": 33.742817,
      "AFTER_LON": 130.26155,
      "SOG": 12.6,
      "MOVINGTIME": 1980.0,
      "ARRIVALTIME": "20251201092000"
    },
    {
      "SEQ": 57,
      "BEFORE_NODE": 57.0,
      "AFTER_NODE": 58.0,
      "BEFORE_LAT": 33.742817,
      "BEFORE_LON": 130.26155,
      "AFTER_LAT": 33.6618,
      "AFTER_LON": 130.28011,
      "SOG": 12.3,
      "MOVINGTIME": 1740.0,
      "ARRIVALTIME": "20251201094900"
    },
    {
      "SEQ": 58,
      "BEFORE_NODE": 58.0,
      "AFTER_NODE": 59.0,
      "BEFORE_LAT": 33.6618,
      "BEFORE_LON": 130.28011,
      "AFTER_LAT": 33.630482,
      "AFTER_LON": 130.32945,
      "SOG": 0.3,
      "MOVINGTIME": 1920.0,
      "ARRIVALTIME": "20251201102100"
    },
    {
      "SEQ": 59,
      "BEFORE_NODE": 59.0,
      "AFTER_NODE": 60.0,
      "BEFORE_LAT": 33.630482,
      "BEFORE_LON": 130.32945,
      "AFTER_LAT": 33.630199,
      "AFTER_LON": 130.32899,
      "SOG": 0.1,
      "MOVINGTIME": 1680.0,
      "ARRIVALTIME": "20251201104900"
    },
    {
      "SEQ": 60,
      "BEFORE_NODE": 60.0,
      "AFTER_NODE": 61.0,
      "BEFORE_LAT": 33.630199,
      "BEFORE_LON": 130.32899,
      "AFTER_LAT": 33.629803,
      "AFTER_LON": 130.3278,
      "SOG": 0,
      "MOVINGTIME": 1920.0,
      "ARRIVALTIME": "20251201112100"
    },
    {
      "SEQ": 61,
      "BEFORE_NODE": 61.0,
      "AFTER_NODE": 62.0,
      "BEFORE_LAT": 33.629803,
      "BEFORE_LON": 130.3278,
      "AFTER_LAT": 33.630131,
      "AFTER_LON": 130.32826,
      "SOG": 0.1,
      "MOVINGTIME": 1740.0,
      "ARRIVALTIME": "20251201115000"
    },
    {
      "SEQ": 62,
      "BEFORE_NODE": 62.0,
      "AFTER_NODE": 63.0,
      "BEFORE_LAT": 33.630131,
      "BEFORE_LON": 130.32826,
      "AFTER_LAT": 33.630081,
      "AFTER_LON": 130.32811,
      "SOG": 0,
      "MOVINGTIME": 1740.0,
      "ARRIVALTIME": "20251201121900"
    },
    {
      "SEQ": 63,
      "BEFORE_NODE": 63.0,
      "AFTER_NODE": 64.0,
      "BEFORE_LAT": 33.630081,
      "BEFORE_LON": 130.32811,
      "AFTER_LAT": 33.630074,
      "AFTER_LON": 130.32811,
      "SOG": 0,
      "MOVINGTIME": 3968.0,
      "ARRIVALTIME": "20251201132508"
    },
    {
      "SEQ": 64,
      "BEFORE_NODE": 64.0,
      "AFTER_NODE": 65.0,
      "BEFORE_LAT": 33.630074,
      "BEFORE_LON": 130.32811,
      "AFTER_LAT": 33.629757,
      "AFTER_LON": 130.3277,
      "SOG": 0.1,
      "MOVINGTIME": 1372.0,
      "ARRIVALTIME": "20251201134800"
    },
    {
      "SEQ": 65,
      "BEFORE_NODE": 65.0,
      "AFTER_NODE": 66.0,
      "BEFORE_LAT": 33.629757,
      "BEFORE_LON": 130.3277,
      "AFTER_LAT": 33.629848,
      "AFTER_LON": 130.32765,
      "SOG": 0,
      "MOVINGTIME": 1800.0,
      "ARRIVALTIME": "20251201141800"
    },
    {
      "SEQ": 66,
      "BEFORE_NODE": 66.0,
      "AFTER_NODE": 67.0,
      "BEFORE_LAT": 33.629848,
      "BEFORE_LON": 130.32765,
      "AFTER_LAT": 33.629993,
      "AFTER_LON": 130.32796,
      "SOG": 0,
      "MOVINGTIME": 1860.0,
      "ARRIVALTIME": "20251201144900"
    },
    {
      "SEQ": 67,
      "BEFORE_NODE": 67.0,
      "AFTER_NODE": 68.0,
      "BEFORE_LAT": 33.629993,
      "BEFORE_LON": 130.32796,
      "AFTER_LAT": 33.629902,
      "AFTER_LON": 130.32782,
      "SOG": 0,
      "MOVINGTIME": 1740.0,
      "ARRIVALTIME": "20251201151800"
    },
    {
      "SEQ": 68,
      "BEFORE_NODE": 68.0,
      "AFTER_NODE": 69.0,
      "BEFORE_LAT": 33.629902,
      "BEFORE_LON": 130.32782,
      "AFTER_LAT": 33.629906,
      "AFTER_LON": 130.328,
      "SOG": 0,
      "MOVINGTIME": 1920.0,
      "ARRIVALTIME": "20251201155000"
    },
    {
      "SEQ": 69,
      "BEFORE_NODE": 69.0,
      "AFTER_NODE": 70.0,
      "BEFORE_LAT": 33.629906,
      "BEFORE_LON": 130.328,
      "AFTER_LAT": 33.630047,
      "AFTER_LON": 130.32829,
      "SOG": 0,
      "MOVINGTIME": 1740.0,
      "ARRIVALTIME": "20251201161900"
    },
    {
      "SEQ": 70,
      "BEFORE_NODE": 70.0,
      "AFTER_NODE": 71.0,
      "BEFORE_LAT": 33.630047,
      "BEFORE_LON": 130.32829,
      "AFTER_LAT": 33.630081,
      "AFTER_LON": 130.32881,
      "SOG": 0,
      "MOVINGTIME": 1860.0,
      "ARRIVALTIME": "20251201165000"
    },
    {
      "SEQ": 71,
      "BEFORE_NODE": 71.0,
      "AFTER_NODE": 72.0,
      "BEFORE_LAT": 33.630081,
      "BEFORE_LON": 130.32881,
      "AFTER_LAT": 33.629826,
      "AFTER_LON": 130.32973,
      "SOG": 0.1,
      "MOVINGTIME": 1740.0,
      "ARRIVALTIME": "20251201171900"
    },
    {
      "SEQ": 72,
      "BEFORE_NODE": 72.0,
      "AFTER_NODE": 73.0,
      "BEFORE_LAT": 33.629826,
      "BEFORE_LON": 130.32973,
      "AFTER_LAT": 33.629509,
      "AFTER_LON": 130.32994,
      "SOG": 0,
      "MOVINGTIME": 1860.0,
      "ARRIVALTIME": "20251201175000"
    },
    {
      "SEQ": 73,
      "BEFORE_NODE": 73.0,
      "AFTER_NODE": 74.0,
      "BEFORE_LAT": 33.629509,
      "BEFORE_LON": 130.32994,
      "AFTER_LAT": 33.630081,
      "AFTER_LON": 130.32918,
      "SOG": 0,
      "MOVINGTIME": 3660.0,
      "ARRIVALTIME": "20251201185100"
    },
    {
      "SEQ": 74,
      "BEFORE_NODE": 74.0,
      "AFTER_NODE": 75.0,
      "BEFORE_LAT": 33.630081,
      "BEFORE_LON": 130.32918,
      "AFTER_LAT": 33.629734,
      "AFTER_LON": 130.32979,
      "SOG": 0.1,
      "MOVINGTIME": 2948.0,
      "ARRIVALTIME": "20251201194008"
    },
    {
      "SEQ": 75,
      "BEFORE_NODE": 75.0,
      "AFTER_NODE": 76.0,
      "BEFORE_LAT": 33.629734,
      "BEFORE_LON": 130.32979,
      "AFTER_LAT": 33.629608,
      "AFTER_LON": 130.3299,
      "SOG": 0.1,
      "MOVINGTIME": 652.0,
      "ARRIVALTIME": "20251201195100"
    },
    {
      "SEQ": 76,
      "BEFORE_NODE": 76.0,
      "AFTER_NODE": 77.0,
      "BEFORE_LAT": 33.629608,
      "BEFORE_LON": 130.3299,
      "AFTER_LAT": 33.62973,
      "AFTER_LON": 130.32979,
      "SOG": 0,
      "MOVINGTIME": 1680.0,
      "ARRIVALTIME": "20251201201900"
    },
    {
      "SEQ": 77,
      "BEFORE_NODE": 77.0,
      "AFTER_NODE": 78.0,
      "BEFORE_LAT": 33.62973,
      "BEFORE_LON": 130.32979,
      "AFTER_LAT": 33.630009,
      "AFTER_LON": 130.32938,
      "SOG": 0,
      "MOVINGTIME": 1740.0,
      "ARRIVALTIME": "20251201204800"
    },
    {
      "SEQ": 78,
      "BEFORE_NODE": 78.0,
      "AFTER_NODE": 79.0,
      "BEFORE_LAT": 33.630009,
      "BEFORE_LON": 130.32938,
      "AFTER_LAT": 33.630119,
      "AFTER_LON": 130.32878,
      "SOG": 0,
      "MOVINGTIME": 1800.0,
      "ARRIVALTIME": "20251201211800"
    },
    {
      "SEQ": 79,
      "BEFORE_NODE": 79.0,
      "AFTER_NODE": 80.0,
      "BEFORE_LAT": 33.630119,
      "BEFORE_LON": 130.32878,
      "AFTER_LAT": 33.630074,
      "AFTER_LON": 130.32927,
      "SOG": 0,
      "MOVINGTIME": 1920.0,
      "ARRIVALTIME": "20251201215000"
    },
    {
      "SEQ": 80,
      "BEFORE_NODE": 80.0,
      "AFTER_NODE": 81.0,
      "BEFORE_LAT": 33.630074,
      "BEFORE_LON": 130.32927,
      "AFTER_LAT": 33.630074,
      "AFTER_LON": 130.32915,
      "SOG": 0,
      "MOVINGTIME": 1740.0,
      "ARRIVALTIME": "20251201221900"
    },
    {
      "SEQ": 81,
      "BEFORE_NODE": 81.0,
      "AFTER_NODE": 82.0,
      "BEFORE_LAT": 33.630074,
      "BEFORE_LON": 130.32915,
      "AFTER_LAT": 33.630074,
      "AFTER_LON": 130.32912,
      "SOG": 0,
      "MOVINGTIME": 1800.0,
      "ARRIVALTIME": "20251201224900"
    },
    {
      "SEQ": 82,
      "BEFORE_NODE": 82.0,
      "AFTER_NODE": 83.0,
      "BEFORE_LAT": 33.630074,
      "BEFORE_LON": 130.32912,
      "AFTER_LAT": 33.630112,
      "AFTER_LON": 130.32903,
      "SOG": 0,
      "MOVINGTIME": 1800.0,
      "ARRIVALTIME": "20251201231900"
    },
    {
      "SEQ": 83,
      "BEFORE_NODE": 83.0,
      "AFTER_NODE": 84.0,
      "BEFORE_LAT": 33.630112,
      "BEFORE_LON": 130.32903,
      "AFTER_LAT": 33.629978,
      "AFTER_LON": 130.32794,
      "SOG": 0,
      "MOVINGTIME": 1860.0,
      "ARRIVALTIME": "20251201235000"
    },
    {
      "SEQ": 84,
      "BEFORE_NODE": 84.0,
      "AFTER_NODE": 85.0,
      "BEFORE_LAT": 33.629978,
      "BEFORE_LON": 130.32794,
      "AFTER_LAT": 33.629932,
      "AFTER_LON": 130.32784,
      "SOG": 0.1,
      "MOVINGTIME": 1800.0,
      "ARRIVALTIME": "20251202002000"
    },
    {
      "SEQ": 85,
      "BEFORE_NODE": 85.0,
      "AFTER_NODE": 86.0,
      "BEFORE_LAT": 33.629932,
      "BEFORE_LON": 130.32784,
      "AFTER_LAT": 33.629868,
      "AFTER_LON": 130.32782,
      "SOG": 0,
      "MOVINGTIME": 1620.0,
      "ARRIVALTIME": "20251202004700"
    },
    {
      "SEQ": 86,
      "BEFORE_NODE": 86.0,
      "AFTER_NODE": 87.0,
      "BEFORE_LAT": 33.629868,
      "BEFORE_LON": 130.32782,
      "AFTER_LAT": 33.629478,
      "AFTER_LON": 130.32744,
      "SOG": 0,
      "MOVINGTIME": 4064.0,
      "ARRIVALTIME": "20251202015444"
    },
    {
      "SEQ": 87,
      "BEFORE_NODE": 87.0,
      "AFTER_NODE": 88.0,
      "BEFORE_LAT": 33.629478,
      "BEFORE_LON": 130.32744,
      "AFTER_LAT": 33.629395,
      "AFTER_LON": 130.32738,
      "SOG": 0,
      "MOVINGTIME": 1636.0,
      "ARRIVALTIME": "20251202022200"
    },
    {
      "SEQ": 88,
      "BEFORE_NODE": 88.0,
      "AFTER_NODE": 89.0,
      "BEFORE_LAT": 33.629395,
      "BEFORE_LON": 130.32738,
      "AFTER_LAT": 33.629646,
      "AFTER_LON": 130.32758,
      "SOG": 0,
      "MOVINGTIME": 1560.0,
      "ARRIVALTIME": "20251202024800"
    },
    {
      "SEQ": 89,
      "BEFORE_NODE": 89.0,
      "AFTER_NODE": 90.0,
      "BEFORE_LAT": 33.629646,
      "BEFORE_LON": 130.32758,
      "AFTER_LAT": 33.629665,
      "AFTER_LON": 130.32771,
      "SOG": 0,
      "MOVINGTIME": 1800.0,
      "ARRIVALTIME": "20251202031800"
    },
    {
      "SEQ": 90,
      "BEFORE_NODE": 90.0,
      "AFTER_NODE": 91.0,
      "BEFORE_LAT": 33.629665,
      "BEFORE_LON": 130.32771,
      "AFTER_LAT": 33.627602,
      "AFTER_LON": 130.32829,
      "SOG": 0.2,
      "MOVINGTIME": 2040.0,
      "ARRIVALTIME": "20251202035200"
    },
    {
      "SEQ": 91,
      "BEFORE_NODE": 91.0,
      "AFTER_NODE": 92.0,
      "BEFORE_LAT": 33.627602,
      "BEFORE_LON": 130.32829,
      "AFTER_LAT": 33.627228,
      "AFTER_LON": 130.32896,
      "SOG": 0.1,
      "MOVINGTIME": 1620.0,
      "ARRIVALTIME": "20251202041900"
    },
    {
      "SEQ": 92,
      "BEFORE_NODE": 92.0,
      "AFTER_NODE": 93.0,
      "BEFORE_LAT": 33.627228,
      "BEFORE_LON": 130.32896,
      "AFTER_LAT": 33.627102,
      "AFTER_LON": 130.32909,
      "SOG": 0,
      "MOVINGTIME": 1860.0,
      "ARRIVALTIME": "20251202045000"
    },
    {
      "SEQ": 93,
      "BEFORE_NODE": 93.0,
      "AFTER_NODE": 94.0,
      "BEFORE_LAT": 33.627102,
      "BEFORE_LON": 130.32909,
      "AFTER_LAT": 33.62693,
      "AFTER_LON": 130.3288,
      "SOG": 0.2,
      "MOVINGTIME": 1740.0,
      "ARRIVALTIME": "20251202051900"
    },
    {
      "SEQ": 94,
      "BEFORE_NODE": 94.0,
      "AFTER_NODE": 95.0,
      "BEFORE_LAT": 33.62693,
      "BEFORE_LON": 130.3288,
      "AFTER_LAT": 33.626823,
      "AFTER_LON": 130.32869,
      "SOG": 0.1,
      "MOVINGTIME": 1800.0,
      "ARRIVALTIME": "20251202054900"
    },
    {
      "SEQ": 95,
      "BEFORE_NODE": 95.0,
      "AFTER_NODE": 96.0,
      "BEFORE_LAT": 33.626823,
      "BEFORE_LON": 130.32869,
      "AFTER_LAT": 33.626724,
      "AFTER_LON": 130.32881,
      "SOG": 0.1,
      "MOVINGTIME": 3660.0,
      "ARRIVALTIME": "20251202065000"
    },
    {
      "SEQ": 96,
      "BEFORE_NODE": 96.0,
      "AFTER_NODE": 97.0,
      "BEFORE_LAT": 33.626724,
      "BEFORE_LON": 130.32881,
      "AFTER_LAT": 33.62672,
      "AFTER_LON": 130.32855,
      "SOG": 0.2,
      "MOVINGTIME": 1680.0,
      "ARRIVALTIME": "20251202071800"
    },
    {
      "SEQ": 97,
      "BEFORE_NODE": 97.0,
      "AFTER_NODE": 98.0,
      "BEFORE_LAT": 33.62672,
      "BEFORE_LON": 130.32855,
      "AFTER_LAT": 33.626728,
      "AFTER_LON": 130.3287,
      "SOG": 0.2,
      "MOVINGTIME": 2382.0,
      "ARRIVALTIME": "20251202075742"
    },
    {
      "SEQ": 98,
      "BEFORE_NODE": 98.0,
      "AFTER_NODE": 99.0,
      "BEFORE_LAT": 33.626728,
      "BEFORE_LON": 130.3287,
      "AFTER_LAT": 33.62672,
      "AFTER_LON": 130.32903,
      "SOG": 0,
      "MOVINGTIME": 1218.0,
      "ARRIVALTIME": "20251202081800"
    },
    {
      "SEQ": 99,
      "BEFORE_NODE": 99.0,
      "AFTER_NODE": 100.0,
      "BEFORE_LAT": 33.62672,
      "BEFORE_LON": 130.32903,
      "AFTER_LAT": 33.626713,
      "AFTER_LON": 130.32901,
      "SOG": 0,
      "MOVINGTIME": 3600.0,
      "ARRIVALTIME": "20251202091800"
    },
    {
      "SEQ": 100,
      "BEFORE_NODE": 100.0,
      "AFTER_NODE": 101.0,
      "BEFORE_LAT": 33.626713,
      "BEFORE_LON": 130.32901,
      "AFTER_LAT": 33.626755,
      "AFTER_LON": 130.32845,
      "SOG": 0,
      "MOVINGTIME": 1980.0,
      "ARRIVALTIME": "20251202095100"
    },
    {
      "SEQ": 101,
      "BEFORE_NODE": 101.0,
      "AFTER_NODE": 102.0,
      "BEFORE_LAT": 33.626755,
      "BEFORE_LON": 130.32845,
      "AFTER_LAT": 33.626732,
      "AFTER_LON": 130.32846,
      "SOG": 0,
      "MOVINGTIME": 1680.0,
      "ARRIVALTIME": "20251202101900"
    },
    {
      "SEQ": 102,
      "BEFORE_NODE": 102.0,
      "AFTER_NODE": 103.0,
      "BEFORE_LAT": 33.626732,
      "BEFORE_LON": 130.32846,
      "AFTER_LAT": 33.626869,
      "AFTER_LON": 130.32959,
      "SOG": 0,
      "MOVINGTIME": 1860.0,
      "ARRIVALTIME": "20251202105000"
    },
    {
      "SEQ": 103,
      "BEFORE_NODE": 103.0,
      "AFTER_NODE": 104.0,
      "BEFORE_LAT": 33.626869,
      "BEFORE_LON": 130.32959,
      "AFTER_LAT": 33.626759,
      "AFTER_LON": 130.32928,
      "SOG": 0.1,
      "MOVINGTIME": 1740.0,
      "ARRIVALTIME": "20251202111900"
    },
    {
      "SEQ": 104,
      "BEFORE_NODE": 104.0,
      "AFTER_NODE": 105.0,
      "BEFORE_LAT": 33.626759,
      "BEFORE_LON": 130.32928,
      "AFTER_LAT": 33.626698,
      "AFTER_LON": 130.3288,
      "SOG": 0,
      "MOVINGTIME": 1920.0,
      "ARRIVALTIME": "20251202115100"
    },
    {
      "SEQ": 105,
      "BEFORE_NODE": 105.0,
      "AFTER_NODE": 106.0,
      "BEFORE_LAT": 33.626698,
      "BEFORE_LON": 130.3288,
      "AFTER_LAT": 33.626713,
      "AFTER_LON": 130.32898,
      "SOG": 0,
      "MOVINGTIME": 1740.0,
      "ARRIVALTIME": "20251202122000"
    },
    {
      "SEQ": 106,
      "BEFORE_NODE": 106.0,
      "AFTER_NODE": 107.0,
      "BEFORE_LAT": 33.626713,
      "BEFORE_LON": 130.32898,
      "AFTER_LAT": 33.626701,
      "AFTER_LON": 130.32912,
      "SOG": 0,
      "MOVINGTIME": 1680.0,
      "ARRIVALTIME": "20251202124800"
    },
    {
      "SEQ": 107,
      "BEFORE_NODE": 107.0,
      "AFTER_NODE": 108.0,
      "BEFORE_LAT": 33.626701,
      "BEFORE_LON": 130.32912,
      "AFTER_LAT": 33.626694,
      "AFTER_LON": 130.32854,
      "SOG": 0,
      "MOVINGTIME": 1860.0,
      "ARRIVALTIME": "20251202131900"
    },
    {
      "SEQ": 108,
      "BEFORE_NODE": 108.0,
      "AFTER_NODE": 109.0,
      "BEFORE_LAT": 33.626694,
      "BEFORE_LON": 130.32854,
      "AFTER_LAT": 33.626781,
      "AFTER_LON": 130.32948,
      "SOG": 0,
      "MOVINGTIME": 9000.0,
      "ARRIVALTIME": "20251202154900"
    },
    {
      "SEQ": 109,
      "BEFORE_NODE": 109.0,
      "AFTER_NODE": 110.0,
      "BEFORE_LAT": 33.626781,
      "BEFORE_LON": 130.32948,
      "AFTER_LAT": 33.626793,
      "AFTER_LON": 130.32948,
      "SOG": 0.1,
      "MOVINGTIME": 1800.0,
      "ARRIVALTIME": "20251202161900"
    },
    {
      "SEQ": 110,
      "BEFORE_NODE": 110.0,
      "AFTER_NODE": 111.0,
      "BEFORE_LAT": 33.626793,
      "BEFORE_LON": 130.32948,
      "AFTER_LAT": 33.626915,
      "AFTER_LON": 130.32983,
      "SOG": 0,
      "MOVINGTIME": 1860.0,
      "ARRIVALTIME": "20251202165000"
    },
    {
      "SEQ": 111,
      "BEFORE_NODE": 111.0,
      "AFTER_NODE": 112.0,
      "BEFORE_LAT": 33.626915,
      "BEFORE_LON": 130.32983,
      "AFTER_LAT": 33.626961,
      "AFTER_LON": 130.32985,
      "SOG": 0,
      "MOVINGTIME": 1740.0,
      "ARRIVALTIME": "20251202171900"
    },
    {
      "SEQ": 112,
      "BEFORE_NODE": 112.0,
      "AFTER_NODE": 113.0,
      "BEFORE_LAT": 33.626961,
      "BEFORE_LON": 130.32985,
      "AFTER_LAT": 33.62685,
      "AFTER_LON": 130.32971,
      "SOG": 0,
      "MOVINGTIME": 1800.0,
      "ARRIVALTIME": "20251202174900"
    },
    {
      "SEQ": 113,
      "BEFORE_NODE": 113.0,
      "AFTER_NODE": 114.0,
      "BEFORE_LAT": 33.62685,
      "BEFORE_LON": 130.32971,
      "AFTER_LAT": 33.627094,
      "AFTER_LON": 130.33005,
      "SOG": 0.1,
      "MOVINGTIME": 1740.0,
      "ARRIVALTIME": "20251202181800"
    },
    {
      "SEQ": 114,
      "BEFORE_NODE": 114.0,
      "AFTER_NODE": 115.0,
      "BEFORE_LAT": 33.627094,
      "BEFORE_LON": 130.33005,
      "AFTER_LAT": 33.627743,
      "AFTER_LON": 130.32993,
      "SOG": 0.5,
      "MOVINGTIME": 1860.0,
      "ARRIVALTIME": "20251202184900"
    },
    {
      "SEQ": 115,
      "BEFORE_NODE": 115.0,
      "AFTER_NODE": 116.0,
      "BEFORE_LAT": 33.627743,
      "BEFORE_LON": 130.32993,
      "AFTER_LAT": 33.639706,
      "AFTER_LON": 130.36752,
      "SOG": 10.1,
      "MOVINGTIME": 1920.0,
      "ARRIVALTIME": "20251202192100"
    },
    {
      "SEQ": 116,
      "BEFORE_NODE": 116.0,
      "AFTER_NODE": 117.0,
      "BEFORE_LAT": 33.639706,
      "BEFORE_LON": 130.36752,
      "AFTER_LAT": 33.65398,
      "AFTER_LON": 130.40916,
      "SOG": 0,
      "MOVINGTIME": 1620.0,
      "ARRIVALTIME": "20251202194800"
    },
    {
      "SEQ": 117,
      "BEFORE_NODE": 117.0,
      "AFTER_NODE": 118.0,
      "BEFORE_LAT": 33.65398,
      "BEFORE_LON": 130.40916,
      "AFTER_LAT": 33.653946,
      "AFTER_LON": 130.40918,
      "SOG": 0,
      "MOVINGTIME": 1860.0,
      "ARRIVALTIME": "20251202201900"
    },
    {
      "SEQ": 118,
      "BEFORE_NODE": 118.0,
      "AFTER_NODE": 119.0,
      "BEFORE_LAT": 33.653946,
      "BEFORE_LON": 130.40918,
      "AFTER_LAT": 33.653965,
      "AFTER_LON": 130.40918,
      "SOG": 0,
      "MOVINGTIME": 1860.0,
      "ARRIVALTIME": "20251202205000"
    },
    {
      "SEQ": 119,
      "BEFORE_NODE": 119.0,
      "AFTER_NODE": 120.0,
      "BEFORE_LAT": 33.653965,
      "BEFORE_LON": 130.40918,
      "AFTER_LAT": 33.653946,
      "AFTER_LON": 130.40921,
      "SOG": 0,
      "MOVINGTIME": 1800.0,
      "ARRIVALTIME": "20251202212000"
    },
    {
      "SEQ": 120,
      "BEFORE_NODE": 120.0,
      "AFTER_NODE": 121.0,
      "BEFORE_LAT": 33.653946,
      "BEFORE_LON": 130.40921,
      "AFTER_LAT": 33.653946,
      "AFTER_LON": 130.40918,
      "SOG": 0,
      "MOVINGTIME": 1860.0,
      "ARRIVALTIME": "20251202215100"
    },
    {
      "SEQ": 121,
      "BEFORE_NODE": 121.0,
      "AFTER_NODE": 122.0,
      "BEFORE_LAT": 33.653946,
      "BEFORE_LON": 130.40918,
      "AFTER_LAT": 33.653934,
      "AFTER_LON": 130.40926,
      "SOG": 0,
      "MOVINGTIME": 1620.0,
      "ARRIVALTIME": "20251202221800"
    },
    {
      "SEQ": 122,
      "BEFORE_NODE": 122.0,
      "AFTER_NODE": 123.0,
      "BEFORE_LAT": 33.653934,
      "BEFORE_LON": 130.40926,
      "AFTER_LAT": 33.653934,
      "AFTER_LON": 130.40918,
      "SOG": 0,
      "MOVINGTIME": 1860.0,
      "ARRIVALTIME": "20251202224900"
    },
    {
      "SEQ": 123,
      "BEFORE_NODE": 123.0,
      "AFTER_NODE": 124.0,
      "BEFORE_LAT": 33.653934,
      "BEFORE_LON": 130.40918,
      "AFTER_LAT": 33.653961,
      "AFTER_LON": 130.40919,
      "SOG": 0,
      "MOVINGTIME": 1860.0,
      "ARRIVALTIME": "20251202232000"
    },
    {
      "SEQ": 124,
      "BEFORE_NODE": 124.0,
      "AFTER_NODE": 125.0,
      "BEFORE_LAT": 33.653961,
      "BEFORE_LON": 130.40919,
      "AFTER_LAT": 33.653961,
      "AFTER_LON": 130.40918,
      "SOG": 0,
      "MOVINGTIME": 1740.0,
      "ARRIVALTIME": "20251202234900"
    },
    {
      "SEQ": 125,
      "BEFORE_NODE": 125.0,
      "AFTER_NODE": 126.0,
      "BEFORE_LAT": 33.653961,
      "BEFORE_LON": 130.40918,
      "AFTER_LAT": 33.653973,
      "AFTER_LON": 130.40918,
      "SOG": 0,
      "MOVINGTIME": 1740.0,
      "ARRIVALTIME": "20251203001800"
    },
    {
      "SEQ": 126,
      "BEFORE_NODE": 126.0,
      "AFTER_NODE": 127.0,
      "BEFORE_LAT": 33.653973,
      "BEFORE_LON": 130.40918,
      "AFTER_LAT": 33.653965,
      "AFTER_LON": 130.40924,
      "SOG": 0,
      "MOVINGTIME": 5580.0,
      "ARRIVALTIME": "20251203015100"
    },
    {
      "SEQ": 127,
      "BEFORE_NODE": 127.0,
      "AFTER_NODE": 128.0,
      "BEFORE_LAT": 33.653965,
      "BEFORE_LON": 130.40924,
      "AFTER_LAT": 33.653976,
      "AFTER_LON": 130.40915,
      "SOG": 0,
      "MOVINGTIME": 2307.0,
      "ARRIVALTIME": "20251203022927"
    },
    {
      "SEQ": 128,
      "BEFORE_NODE": 128.0,
      "AFTER_NODE": 129.0,
      "BEFORE_LAT": 33.653976,
      "BEFORE_LON": 130.40915,
      "AFTER_LAT": 33.653976,
      "AFTER_LON": 130.40916,
      "SOG": 0,
      "MOVINGTIME": 1173.0,
      "ARRIVALTIME": "20251203024900"
    },
    {
      "SEQ": 129,
      "BEFORE_NODE": 129.0,
      "AFTER_NODE": 130.0,
      "BEFORE_LAT": 33.653976,
      "BEFORE_LON": 130.40916,
      "AFTER_LAT": 33.653946,
      "AFTER_LON": 130.40918,
      "SOG": 0,
      "MOVINGTIME": 1920.0,
      "ARRIVALTIME": "20251203032100"
    },
    {
      "SEQ": 130,
      "BEFORE_NODE": 130.0,
      "AFTER_NODE": 131.0,
      "BEFORE_LAT": 33.653946,
      "BEFORE_LON": 130.40918,
      "AFTER_LAT": 33.646648,
      "AFTER_LON": 130.38361,
      "SOG": 11.6,
      "MOVINGTIME": 1740.0,
      "ARRIVALTIME": "20251203035000"
    },
    {
      "SEQ": 131,
      "BEFORE_NODE": 131.0,
      "AFTER_NODE": 132.0,
      "BEFORE_LAT": 33.646648,
      "BEFORE_LON": 130.38361,
      "AFTER_LAT": 33.670609,
      "AFTER_LON": 130.27318,
      "SOG": 13.6,
      "MOVINGTIME": 1860.0,
      "ARRIVALTIME": "20251203042100"
    },
    {
      "SEQ": 132,
      "BEFORE_NODE": 132.0,
      "AFTER_NODE": 133.0,
      "BEFORE_LAT": 33.670609,
      "BEFORE_LON": 130.27318,
      "AFTER_LAT": 33.768372,
      "AFTER_LON": 130.2435,
      "SOG": 12.8,
      "MOVINGTIME": 1800.0,
      "ARRIVALTIME": "20251203045100"
    },
    {
      "SEQ": 133,
      "BEFORE_NODE": 133.0,
      "AFTER_NODE": 134.0,
      "BEFORE_LAT": 33.768372,
      "BEFORE_LON": 130.2435,
      "AFTER_LAT": 33.850121,
      "AFTER_LON": 130.14793,
      "SOG": 13.1,
      "MOVINGTIME": 1800.0,
      "ARRIVALTIME": "20251203052100"
    },
    {
      "SEQ": 134,
      "BEFORE_NODE": 134.0,
      "AFTER_NODE": 135.0,
      "BEFORE_LAT": 33.850121,
      "BEFORE_LON": 130.14793,
      "AFTER_LAT": 33.9268,
      "AFTER_LON": 130.05435,
      "SOG": 13.1,
      "MOVINGTIME": 1860.0,
      "ARRIVALTIME": "20251203055200"
    },
    {
      "SEQ": 135,
      "BEFORE_NODE": 135.0,
      "AFTER_NODE": 136.0,
      "BEFORE_LAT": 33.9268,
      "BEFORE_LON": 130.05435,
      "AFTER_LAT": 34.199924,
      "AFTER_LON": 129.65927,
      "SOG": 12.8,
      "MOVINGTIME": 7080.0,
      "ARRIVALTIME": "20251203075000"
    },
    {
      "SEQ": 136,
      "BEFORE_NODE": 136.0,
      "AFTER_NODE": 137.0,
      "BEFORE_LAT": 34.199924,
      "BEFORE_LON": 129.65927,
      "AFTER_LAT": 34.247875,
      "AFTER_LON": 129.62135,
      "SOG": 2.9,
      "MOVINGTIME": 1740.0,
      "ARRIVALTIME": "20251203081900"
    },
    {
      "SEQ": 137,
      "BEFORE_NODE": 137.0,
      "AFTER_NODE": 138.0,
      "BEFORE_LAT": 34.247875,
      "BEFORE_LON": 129.62135,
      "AFTER_LAT": 34.275806,
      "AFTER_LON": 129.60037,
      "SOG": 1.3,
      "MOVINGTIME": 1800.0,
      "ARRIVALTIME": "20251203084900"
    },
    {
      "SEQ": 138,
      "BEFORE_NODE": 138.0,
      "AFTER_NODE": 139.0,
      "BEFORE_LAT": 34.275806,
      "BEFORE_LON": 129.60037,
      "AFTER_LAT": 34.272133,
      "AFTER_LON": 129.61649,
      "SOG": 1.7,
      "MOVINGTIME": 1680.0,
      "ARRIVALTIME": "20251203091700"
    },
    {
      "SEQ": 139,
      "BEFORE_NODE": 139.0,
      "AFTER_NODE": 140.0,
      "BEFORE_LAT": 34.272133,
      "BEFORE_LON": 129.61649,
      "AFTER_LAT": 34.26807,
      "AFTER_LON": 129.63521,
      "SOG": 1.7,
      "MOVINGTIME": 2040.0,
      "ARRIVALTIME": "20251203095100"
    },
    {
      "SEQ": 140,
      "BEFORE_NODE": 140.0,
      "AFTER_NODE": 141.0,
      "BEFORE_LAT": 34.26807,
      "BEFORE_LON": 129.63521,
      "AFTER_LAT": 34.26582,
      "AFTER_LON": 129.65068,
      "SOG": 1.5,
      "MOVINGTIME": 1740.0,
      "ARRIVALTIME": "20251203102000"
    },
    {
      "SEQ": 141,
      "BEFORE_NODE": 141.0,
      "AFTER_NODE": 142.0,
      "BEFORE_LAT": 34.26582,
      "BEFORE_LON": 129.65068,
      "AFTER_LAT": 34.265175,
      "AFTER_LON": 129.67065,
      "SOG": 1.6,
      "MOVINGTIME": 2236.0,
      "ARRIVALTIME": "20251203105716"
    },
    {
      "SEQ": 142,
      "BEFORE_NODE": 142.0,
      "AFTER_NODE": 143.0,
      "BEFORE_LAT": 34.265175,
      "BEFORE_LON": 129.67065,
      "AFTER_LAT": 34.242062,
      "AFTER_LON": 129.78513,
      "SOG": 1.6,
      "MOVINGTIME": 11984.0,
      "ARRIVALTIME": "20251203141700"
    },
    {
      "SEQ": 143,
      "BEFORE_NODE": 143.0,
      "AFTER_NODE": 144.0,
      "BEFORE_LAT": 34.242062,
      "BEFORE_LON": 129.78513,
      "AFTER_LAT": 34.223988,
      "AFTER_LON": 129.59798,
      "SOG": 2,
      "MOVINGTIME": 16200.0,
      "ARRIVALTIME": "20251203184700"
    },
    {
      "SEQ": 144,
      "BEFORE_NODE": 144.0,
      "AFTER_NODE": 145.0,
      "BEFORE_LAT": 34.223988,
      "BEFORE_LON": 129.59798,
      "AFTER_LAT": 34.759281,
      "AFTER_LON": 129.51575,
      "SOG": 13.1,
      "MOVINGTIME": 48720.0,
      "ARRIVALTIME": "20251204081900"
    },
    {
      "SEQ": 145,
      "BEFORE_NODE": 145.0,
      "AFTER_NODE": 146.0,
      "BEFORE_LAT": 34.759281,
      "BEFORE_LON": 129.51575,
      "AFTER_LAT": 34.78344,
      "AFTER_LON": 129.36682,
      "SOG": 13.8,
      "MOVINGTIME": 1860.0,
      "ARRIVALTIME": "20251204085000"
    },
    {
      "SEQ": 146,
      "BEFORE_NODE": 146.0,
      "AFTER_NODE": 147.0,
      "BEFORE_LAT": 34.78344,
      "BEFORE_LON": 129.36682,
      "AFTER_LAT": 34.82116833333333,
      "AFTER_LON": 129.132955,
      "SOG": 10.7,
      "MOVINGTIME": 3157.0,
      "ARRIVALTIME": "20251204094237"
    },
    {
      "SEQ": 147,
      "BEFORE_NODE": 147.0,
      "AFTER_NODE": 148.0,
      "BEFORE_LAT": 34.82116833333333,
      "BEFORE_LON": 129.132955,
      "AFTER_LAT": 34.83468666666667,
      "AFTER_LON": 129.058585,
      "SOG": 8.8,
      "MOVINGTIME": 1500.0,
      "ARRIVALTIME": "20251204100737"
    },
    {
      "SEQ": 148,
      "BEFORE_NODE": 148.0,
      "AFTER_NODE": 149.0,
      "BEFORE_LAT": 34.83468666666667,
      "BEFORE_LON": 129.058585,
      "AFTER_LAT": 34.85451666666667,
      "AFTER_LON": 128.98270666666667,
      "SOG": 8.6,
      "MOVINGTIME": 1921.0,
      "ARRIVALTIME": "20251204103938"
    },
    {
      "SEQ": 149,
      "BEFORE_NODE": 149.0,
      "AFTER_NODE": 150.0,
      "BEFORE_LAT": 34.85451666666667,
      "BEFORE_LON": 128.98270666666667,
      "AFTER_LAT": 34.89001666666667,
      "AFTER_LON": 128.90172833333332,
      "SOG": 3.6,
      "MOVINGTIME": 1970.0,
      "ARRIVALTIME": "20251204111228"
    },
    {
      "SEQ": 150,
      "BEFORE_NODE": 150.0,
      "AFTER_NODE": 151.0,
      "BEFORE_LAT": 34.89001666666667,
      "BEFORE_LON": 128.90172833333332,
      "AFTER_LAT": 34.912725,
      "AFTER_LON": 128.86438166666667,
      "SOG": 3.2,
      "MOVINGTIME": 1800.0,
      "ARRIVALTIME": "20251204114228"
    },
    {
      "SEQ": 151,
      "BEFORE_NODE": 151.0,
      "AFTER_NODE": 152.0,
      "BEFORE_LAT": 34.912725,
      "BEFORE_LON": 128.86438166666667,
      "AFTER_LAT": 34.93523,
      "AFTER_LON": 128.84602666666666,
      "SOG": 3.8,
      "MOVINGTIME": 1810.0,
      "ARRIVALTIME": "20251204121238"
    },
    {
      "SEQ": 152,
      "BEFORE_NODE": 152.0,
      "AFTER_NODE": 153.0,
      "BEFORE_LAT": 34.93523,
      "BEFORE_LON": 128.84602666666666,
      "AFTER_LAT": 34.977075,
      "AFTER_LON": 128.81711333333334,
      "SOG": 6.9,
      "MOVINGTIME": 1451.0,
      "ARRIVALTIME": "20251204123649"
    },
    {
      "SEQ": 153,
      "BEFORE_NODE": 153.0,
      "AFTER_NODE": 154.0,
      "BEFORE_LAT": 34.977075,
      "BEFORE_LON": 128.81711333333334,
      "AFTER_LAT": 35.008747,
      "AFTER_LON": 128.80022,
      "SOG": 12,
      "MOVINGTIME": 791.0,
      "ARRIVALTIME": "20251204125000"
    },
    {
      "SEQ": 154,
      "BEFORE_NODE": 154.0,
      "AFTER_NODE": 155.0,
      "BEFORE_LAT": 35.008747,
      "BEFORE_LON": 128.80022,
      "AFTER_LAT": 35.074593,
      "AFTER_LON": 128.79301,
      "SOG": 1.3,
      "MOVINGTIME": 1860.0,
      "ARRIVALTIME": "20251204132100"
    },
    {
      "SEQ": 155,
      "BEFORE_NODE": 155.0,
      "AFTER_NODE": 156.0,
      "BEFORE_LAT": 35.074593,
      "BEFORE_LON": 128.79301,
      "AFTER_LAT": 35.077507,
      "AFTER_LON": 128.79187,
      "SOG": 0,
      "MOVINGTIME": 1800.0,
      "ARRIVALTIME": "20251204135100"
    },
    {
      "SEQ": 156,
      "BEFORE_NODE": 156.0,
      "AFTER_NODE": 157.0,
      "BEFORE_LAT": 35.077507,
      "BEFORE_LON": 128.79187,
      "AFTER_LAT": 35.077465,
      "AFTER_LON": 128.79184,
      "SOG": 0,
      "MOVINGTIME": 1680.0,
      "ARRIVALTIME": "20251204141900"
    },
    {
      "SEQ": 157,
      "BEFORE_NODE": 157.0,
      "AFTER_NODE": 158.0,
      "BEFORE_LAT": 35.077465,
      "BEFORE_LON": 128.79184,
      "AFTER_LAT": 35.077488,
      "AFTER_LON": 128.79189,
      "SOG": 0,
      "MOVINGTIME": 1980.0,
      "ARRIVALTIME": "20251204145200"
    },
    {
      "SEQ": 158,
      "BEFORE_NODE": 158.0,
      "AFTER_NODE": 159.0,
      "BEFORE_LAT": 35.077488,
      "BEFORE_LON": 128.79189,
      "AFTER_LAT": 35.077492,
      "AFTER_LON": 128.79195,
      "SOG": 0,
      "MOVINGTIME": 2297.0,
      "ARRIVALTIME": "20251204153017"
    },
    {
      "SEQ": 159,
      "BEFORE_NODE": 159.0,
      "AFTER_NODE": 160.0,
      "BEFORE_LAT": 35.077492,
      "BEFORE_LON": 128.79195,
      "AFTER_LAT": 35.07748,
      "AFTER_LON": 128.79187,
      "SOG": 0.1,
      "MOVINGTIME": 1303.0,
      "ARRIVALTIME": "20251204155200"
    },
    {
      "SEQ": 160,
      "BEFORE_NODE": 160.0,
      "AFTER_NODE": 161.0,
      "BEFORE_LAT": 35.07748,
      "BEFORE_LON": 128.79187,
      "AFTER_LAT": 35.077518,
      "AFTER_LON": 128.79189,
      "SOG": 0,
      "MOVINGTIME": 1800.0,
      "ARRIVALTIME": "20251204162200"
    },
    {
      "SEQ": 161,
      "BEFORE_NODE": 161.0,
      "AFTER_NODE": 162.0,
      "BEFORE_LAT": 35.077518,
      "BEFORE_LON": 128.79189,
      "AFTER_LAT": 35.077564,
      "AFTER_LON": 128.7919,
      "SOG": 0,
      "MOVINGTIME": 1800.0,
      "ARRIVALTIME": "20251204165200"
    },
    {
      "SEQ": 162,
      "BEFORE_NODE": 162.0,
      "AFTER_NODE": 163.0,
      "BEFORE_LAT": 35.077564,
      "BEFORE_LON": 128.7919,
      "AFTER_LAT": 35.077461,
      "AFTER_LON": 128.7919,
      "SOG": 0,
      "MOVINGTIME": 1500.0,
      "ARRIVALTIME": "20251204171700"
    },
    {
      "SEQ": 163,
      "BEFORE_NODE": 163.0,
      "AFTER_NODE": 164.0,
      "BEFORE_LAT": 35.077461,
      "BEFORE_LON": 128.7919,
      "AFTER_LAT": 35.077499,
      "AFTER_LON": 128.7919,
      "SOG": 0,
      "MOVINGTIME": 1980.0,
      "ARRIVALTIME": "20251204175000"
    },
    {
      "SEQ": 164,
      "BEFORE_NODE": 164.0,
      "AFTER_NODE": 165.0,
      "BEFORE_LAT": 35.077499,
      "BEFORE_LON": 128.7919,
      "AFTER_LAT": 35.077465,
      "AFTER_LON": 128.79192,
      "SOG": 0,
      "MOVINGTIME": 1740.0,
      "ARRIVALTIME": "20251204181900"
    },
    {
      "SEQ": 165,
      "BEFORE_NODE": 165.0,
      "AFTER_NODE": 166.0,
      "BEFORE_LAT": 35.077465,
      "BEFORE_LON": 128.79192,
      "AFTER_LAT": 35.077499,
      "AFTER_LON": 128.79192,
      "SOG": 0,
      "MOVINGTIME": 2040.0,
      "ARRIVALTIME": "20251204185300"
    },
    {
      "SEQ": 166,
      "BEFORE_NODE": 166.0,
      "AFTER_NODE": 167.0,
      "BEFORE_LAT": 35.077499,
      "BEFORE_LON": 128.79192,
      "AFTER_LAT": 35.077507,
      "AFTER_LON": 128.79185,
      "SOG": 0,
      "MOVINGTIME": 1680.0,
      "ARRIVALTIME": "20251204192100"
    },
    {
      "SEQ": 167,
      "BEFORE_NODE": 167.0,
      "AFTER_NODE": 168.0,
      "BEFORE_LAT": 35.077507,
      "BEFORE_LON": 128.79185,
      "AFTER_LAT": 35.077534,
      "AFTER_LON": 128.79178,
      "SOG": 0,
      "MOVINGTIME": 1800.0,
      "ARRIVALTIME": "20251204195100"
    },
    {
      "SEQ": 168,
      "BEFORE_NODE": 168.0,
      "AFTER_NODE": 169.0,
      "BEFORE_LAT": 35.077534,
      "BEFORE_LON": 128.79178,
      "AFTER_LAT": 35.077427,
      "AFTER_LON": 128.7919,
      "SOG": 0,
      "MOVINGTIME": 1680.0,
      "ARRIVALTIME": "20251204201900"
    },
    {
      "SEQ": 169,
      "BEFORE_NODE": 169.0,
      "AFTER_NODE": 170.0,
      "BEFORE_LAT": 35.077427,
      "BEFORE_LON": 128.7919,
      "AFTER_LAT": 35.077419,
      "AFTER_LON": 128.79184,
      "SOG": 0.1,
      "MOVINGTIME": 2100.0,
      "ARRIVALTIME": "20251204205400"
    },
    {
      "SEQ": 170,
      "BEFORE_NODE": 170.0,
      "AFTER_NODE": 171.0,
      "BEFORE_LAT": 35.077419,
      "BEFORE_LON": 128.79184,
      "AFTER_LAT": 35.07748,
      "AFTER_LON": 128.7919,
      "SOG": 0,
      "MOVINGTIME": 1380.0,
      "ARRIVALTIME": "20251204211700"
    },
    {
      "SEQ": 171,
      "BEFORE_NODE": 171.0,
      "AFTER_NODE": 172.0,
      "BEFORE_LAT": 35.07748,
      "BEFORE_LON": 128.7919,
      "AFTER_LAT": 35.077435,
      "AFTER_LON": 128.79185,
      "SOG": 0,
      "MOVINGTIME": 2413.0,
      "ARRIVALTIME": "20251204215713"
    },
    {
      "SEQ": 172,
      "BEFORE_NODE": 172.0,
      "AFTER_NODE": 173.0,
      "BEFORE_LAT": 35.077435,
      "BEFORE_LON": 128.79185,
      "AFTER_LAT": 35.077446,
      "AFTER_LON": 128.79192,
      "SOG": 0,
      "MOVINGTIME": 1307.0,
      "ARRIVALTIME": "20251204221900"
    },
    {
      "SEQ": 173,
      "BEFORE_NODE": 173.0,
      "AFTER_NODE": 174.0,
      "BEFORE_LAT": 35.077446,
      "BEFORE_LON": 128.79192,
      "AFTER_LAT": 35.077507,
      "AFTER_LON": 128.7919,
      "SOG": 0,
      "MOVINGTIME": 2040.0,
      "ARRIVALTIME": "20251204225300"
    },
    {
      "SEQ": 174,
      "BEFORE_NODE": 174.0,
      "AFTER_NODE": 175.0,
      "BEFORE_LAT": 35.077507,
      "BEFORE_LON": 128.7919,
      "AFTER_LAT": 35.077492,
      "AFTER_LON": 128.7919,
      "SOG": 0,
      "MOVINGTIME": 1620.0,
      "ARRIVALTIME": "20251204232000"
    },
    {
      "SEQ": 175,
      "BEFORE_NODE": 175.0,
      "AFTER_NODE": 176.0,
      "BEFORE_LAT": 35.077492,
      "BEFORE_LON": 128.7919,
      "AFTER_LAT": 35.077515,
      "AFTER_LON": 128.7919,
      "SOG": 0,
      "MOVINGTIME": 1680.0,
      "ARRIVALTIME": "20251204234800"
    },
    {
      "SEQ": 176,
      "BEFORE_NODE": 176.0,
      "AFTER_NODE": 177.0,
      "BEFORE_LAT": 35.077515,
      "BEFORE_LON": 128.7919,
      "AFTER_LAT": 35.077499,
      "AFTER_LON": 128.79185,
      "SOG": 0,
      "MOVINGTIME": 1980.0,
      "ARRIVALTIME": "20251205002100"
    },
    {
      "SEQ": 177,
      "BEFORE_NODE": 177.0,
      "AFTER_NODE": 178.0,
      "BEFORE_LAT": 35.077499,
      "BEFORE_LON": 128.79185,
      "AFTER_LAT": 35.077511,
      "AFTER_LON": 128.7919,
      "SOG": 0,
      "MOVINGTIME": 1800.0,
      "ARRIVALTIME": "20251205005100"
    },
    {
      "SEQ": 178,
      "BEFORE_NODE": 178.0,
      "AFTER_NODE": 179.0,
      "BEFORE_LAT": 35.077511,
      "BEFORE_LON": 128.7919,
      "AFTER_LAT": 35.077511,
      "AFTER_LON": 128.79185,
      "SOG": 0,
      "MOVINGTIME": 1980.0,
      "ARRIVALTIME": "20251205012400"
    },
    {
      "SEQ": 179,
      "BEFORE_NODE": 179.0,
      "AFTER_NODE": 180.0,
      "BEFORE_LAT": 35.077511,
      "BEFORE_LON": 128.79185,
      "AFTER_LAT": 35.077518,
      "AFTER_LON": 128.79187,
      "SOG": 0,
      "MOVINGTIME": 1560.0,
      "ARRIVALTIME": "20251205015000"
    },
    {
      "SEQ": 180,
      "BEFORE_NODE": 180.0,
      "AFTER_NODE": 181.0,
      "BEFORE_LAT": 35.077518,
      "BEFORE_LON": 128.79187,
      "AFTER_LAT": 35.077518,
      "AFTER_LON": 128.7919,
      "SOG": 0,
      "MOVINGTIME": 1860.0,
      "ARRIVALTIME": "20251205022100"
    },
    {
      "SEQ": 181,
      "BEFORE_NODE": 181.0,
      "AFTER_NODE": 182.0,
      "BEFORE_LAT": 35.077518,
      "BEFORE_LON": 128.7919,
      "AFTER_LAT": 35.077484,
      "AFTER_LON": 128.79189,
      "SOG": 0,
      "MOVINGTIME": 1800.0,
      "ARRIVALTIME": "20251205025100"
    },
    {
      "SEQ": 182,
      "BEFORE_NODE": 182.0,
      "AFTER_NODE": 183.0,
      "BEFORE_LAT": 35.077484,
      "BEFORE_LON": 128.79189,
      "AFTER_LAT": 35.077499,
      "AFTER_LON": 128.7919,
      "SOG": 0,
      "MOVINGTIME": 1620.0,
      "ARRIVALTIME": "20251205031800"
    },
    {
      "SEQ": 183,
      "BEFORE_NODE": 183.0,
      "AFTER_NODE": 184.0,
      "BEFORE_LAT": 35.077499,
      "BEFORE_LON": 128.7919,
      "AFTER_LAT": 35.077618,
      "AFTER_LON": 128.79181,
      "SOG": 0,
      "MOVINGTIME": 2178.0,
      "ARRIVALTIME": "20251205035418"
    },
    {
      "SEQ": 184,
      "BEFORE_NODE": 184.0,
      "AFTER_NODE": 185.0,
      "BEFORE_LAT": 35.077618,
      "BEFORE_LON": 128.79181,
      "AFTER_LAT": 35.077518,
      "AFTER_LON": 128.79185,
      "SOG": 0,
      "MOVINGTIME": 1722.0,
      "ARRIVALTIME": "20251205042300"
    },
    {
      "SEQ": 185,
      "BEFORE_NODE": 185.0,
      "AFTER_NODE": 186.0,
      "BEFORE_LAT": 35.077518,
      "BEFORE_LON": 128.79185,
      "AFTER_LAT": 35.077511,
      "AFTER_LON": 128.79181,
      "SOG": 0,
      "MOVINGTIME": 1620.0,
      "ARRIVALTIME": "20251205045000"
    },
    {
      "SEQ": 186,
      "BEFORE_NODE": 186.0,
      "AFTER_NODE": 187.0,
      "BEFORE_LAT": 35.077511,
      "BEFORE_LON": 128.79181,
      "AFTER_LAT": 35.076866,
      "AFTER_LON": 128.79179,
      "SOG": 1.2,
      "MOVINGTIME": 3960.0,
      "ARRIVALTIME": "20251205055600"
    },
    {
      "SEQ": 187,
      "BEFORE_NODE": 187.0,
      "AFTER_NODE": 188.0,
      "BEFORE_LAT": 35.076866,
      "BEFORE_LON": 128.79179,
      "AFTER_LAT": 34.957118333333334,
      "AFTER_LON": 128.81565,
      "SOG": 12.4,
      "MOVINGTIME": 2820.0,
      "ARRIVALTIME": "20251205064300"
    },
    {
      "SEQ": 188,
      "BEFORE_NODE": 188.0,
      "AFTER_NODE": 189.0,
      "BEFORE_LAT": 34.957118333333334,
      "BEFORE_LON": 128.81565,
      "AFTER_LAT": 34.88187333333333,
      "AFTER_LON": 128.90127333333334,
      "SOG": 12.6,
      "MOVINGTIME": 1768.0,
      "ARRIVALTIME": "20251205071228"
    },
    {
      "SEQ": 189,
      "BEFORE_NODE": 189.0,
      "AFTER_NODE": 190.0,
      "BEFORE_LAT": 34.88187333333333,
      "BEFORE_LON": 128.90127333333334,
      "AFTER_LAT": 34.82544,
      "AFTER_LON": 128.97744,
      "SOG": 12.3,
      "MOVINGTIME": 1511.0,
      "ARRIVALTIME": "20251205073739"
    },
    {
      "SEQ": 190,
      "BEFORE_NODE": 190.0,
      "AFTER_NODE": 191.0,
      "BEFORE_LAT": 34.82544,
      "BEFORE_LON": 128.97744,
      "AFTER_LAT": 34.79331,
      "AFTER_LON": 129.11218333333332,
      "SOG": 13,
      "MOVINGTIME": 2100.0,
      "ARRIVALTIME": "20251205081239"
    },
    {
      "SEQ": 191,
      "BEFORE_NODE": 191.0,
      "AFTER_NODE": 192.0,
      "BEFORE_LAT": 34.79331,
      "BEFORE_LON": 129.11218333333332,
      "AFTER_LAT": 34.792118333333335,
      "AFTER_LON": 129.18332333333333,
      "SOG": 14.5,
      "MOVINGTIME": 946.0,
      "ARRIVALTIME": "20251205082825"
    },
    {
      "SEQ": 192,
      "BEFORE_NODE": 192.0,
      "AFTER_NODE": 193.0,
      "BEFORE_LAT": 34.792118333333335,
      "BEFORE_LON": 129.18332333333333,
      "AFTER_LAT": 34.660801,
      "AFTER_LON": 129.60802,
      "SOG": 13.8,
      "MOVINGTIME": 5632.0,
      "ARRIVALTIME": "20251205100217"
    },
    {
      "SEQ": 193,
      "BEFORE_NODE": 193.0,
      "AFTER_NODE": 194.0,
      "BEFORE_LAT": 34.660801,
      "BEFORE_LON": 129.60802,
      "AFTER_LAT": 34.440804,
      "AFTER_LON": 129.75018,
      "SOG": 0.3,
      "MOVINGTIME": 6283.0,
      "ARRIVALTIME": "20251205114700"
    },
    {
      "SEQ": 194,
      "BEFORE_NODE": 194.0,
      "AFTER_NODE": 195.0,
      "BEFORE_LAT": 34.440804,
      "BEFORE_LON": 129.75018,
      "AFTER_LAT": 34.438969,
      "AFTER_LON": 129.77464,
      "SOG": 0.8,
      "MOVINGTIME": 9120.0,
      "ARRIVALTIME": "20251205141900"
    },
    {
      "SEQ": 195,
      "BEFORE_NODE": 195.0,
      "AFTER_NODE": 196.0,
      "BEFORE_LAT": 34.438969,
      "BEFORE_LON": 129.77464,
      "AFTER_LAT": 34.42104,
      "AFTER_LON": 129.8253,
      "SOG": 0.8,
      "MOVINGTIME": 14460.0,
      "ARRIVALTIME": "20251205182000"
    },
    {
      "SEQ": 196,
      "BEFORE_NODE": 196.0,
      "AFTER_NODE": 197.0,
      "BEFORE_LAT": 34.42104,
      "BEFORE_LON": 129.8253,
      "AFTER_LAT": 34.414375,
      "AFTER_LON": 129.82793,
      "SOG": 0.8,
      "MOVINGTIME": 1800.0,
      "ARRIVALTIME": "20251205185000"
    },
    {
      "SEQ": 197,
      "BEFORE_NODE": 197.0,
      "AFTER_NODE": 198.0,
      "BEFORE_LAT": 34.414375,
      "BEFORE_LON": 129.82793,
      "AFTER_LAT": 34.254353,
      "AFTER_LON": 130.2316,
      "SOG": 13.6,
      "MOVINGTIME": 16260.0,
      "ARRIVALTIME": "20251205232100"
    },
    {
      "SEQ": 198,
      "BEFORE_NODE": 198.0,
      "AFTER_NODE": 199.0,
      "BEFORE_LAT": 34.254353,
      "BEFORE_LON": 130.2316,
      "AFTER_LAT": 34.218895,
      "AFTER_LON": 130.36481,
      "SOG": 13.6,
      "MOVINGTIME": 1680.0,
      "ARRIVALTIME": "20251205234900"
    },
    {
      "SEQ": 199,
      "BEFORE_NODE": 199.0,
      "AFTER_NODE": 200.0,
      "BEFORE_LAT": 34.218895,
      "BEFORE_LON": 130.36481,
      "AFTER_LAT": 34.179188,
      "AFTER_LON": 130.50627,
      "SOG": 13.5,
      "MOVINGTIME": 1800.0,
      "ARRIVALTIME": "20251206001900"
    },
    {
      "SEQ": 200,
      "BEFORE_NODE": 200.0,
      "AFTER_NODE": 201.0,
      "BEFORE_LAT": 34.179188,
      "BEFORE_LON": 130.50627,
      "AFTER_LAT": 34.135014,
      "AFTER_LON": 130.63695,
      "SOG": 13.6,
      "MOVINGTIME": 1860.0,
      "ARRIVALTIME": "20251206005000"
    },
    {
      "SEQ": 201,
      "BEFORE_NODE": 201.0,
      "AFTER_NODE": 202.0,
      "BEFORE_LAT": 34.135014,
      "BEFORE_LON": 130.63695,
      "AFTER_LAT": 34.042488,
      "AFTER_LON": 130.80153,
      "SOG": 4.6,
      "MOVINGTIME": 3660.0,
      "ARRIVALTIME": "20251206015100"
    },
    {
      "SEQ": 202,
      "BEFORE_NODE": 202.0,
      "AFTER_NODE": 203.0,
      "BEFORE_LAT": 34.042488,
      "BEFORE_LON": 130.80153,
      "AFTER_LAT": 33.966293,
      "AFTER_LON": 130.87125,
      "SOG": 11.1,
      "MOVINGTIME": 1740.0,
      "ARRIVALTIME": "20251206022000"
    },
    {
      "SEQ": 203,
      "BEFORE_NODE": 203.0,
      "AFTER_NODE": 204.0,
      "BEFORE_LAT": 33.966293,
      "BEFORE_LON": 130.87125,
      "AFTER_LAT": 33.902626,
      "AFTER_LON": 130.90601,
      "SOG": 8.8,
      "MOVINGTIME": 1800.0,
      "ARRIVALTIME": "20251206025000"
    },
    {
      "SEQ": 204,
      "BEFORE_NODE": 204.0,
      "AFTER_NODE": 205.0,
      "BEFORE_LAT": 33.902626,
      "BEFORE_LON": 130.90601,
      "AFTER_LAT": 33.955673,
      "AFTER_LON": 130.95494,
      "SOG": 11.6,
      "MOVINGTIME": 1740.0,
      "ARRIVALTIME": "20251206031900"
    },
    {
      "SEQ": 205,
      "BEFORE_NODE": 205.0,
      "AFTER_NODE": 206.0,
      "BEFORE_LAT": 33.955673,
      "BEFORE_LON": 130.95494,
      "AFTER_LAT": 33.970852,
      "AFTER_LON": 131.00227,
      "SOG": 0.6,
      "MOVINGTIME": 1860.0,
      "ARRIVALTIME": "20251206035000"
    },
    {
      "SEQ": 206,
      "BEFORE_NODE": 206.0,
      "AFTER_NODE": 207.0,
      "BEFORE_LAT": 33.970852,
      "BEFORE_LON": 131.00227,
      "AFTER_LAT": 33.969872,
      "AFTER_LON": 131.00255,
      "SOG": 0,
      "MOVINGTIME": 1680.0,
      "ARRIVALTIME": "20251206041800"
    },
    {
      "SEQ": 207,
      "BEFORE_NODE": 207.0,
      "AFTER_NODE": 208.0,
      "BEFORE_LAT": 33.969872,
      "BEFORE_LON": 131.00255,
      "AFTER_LAT": 33.969868,
      "AFTER_LON": 131.00256,
      "SOG": 0,
      "MOVINGTIME": 1740.0,
      "ARRIVALTIME": "20251206044700"
    },
    {
      "SEQ": 208,
      "BEFORE_NODE": 208.0,
      "AFTER_NODE": 209.0,
      "BEFORE_LAT": 33.969868,
      "BEFORE_LON": 131.00256,
      "AFTER_LAT": 33.969933,
      "AFTER_LON": 131.00259,
      "SOG": 0,
      "MOVINGTIME": 2040.0,
      "ARRIVALTIME": "20251206052100"
    },
    {
      "SEQ": 209,
      "BEFORE_NODE": 209.0,
      "AFTER_NODE": 210.0,
      "BEFORE_LAT": 33.969933,
      "BEFORE_LON": 131.00259,
      "AFTER_LAT": 33.969841,
      "AFTER_LON": 131.00253,
      "SOG": 0,
      "MOVINGTIME": 1740.0,
      "ARRIVALTIME": "20251206055000"
    },
    {
      "SEQ": 210,
      "BEFORE_NODE": 210.0,
      "AFTER_NODE": 211.0,
      "BEFORE_LAT": 33.969841,
      "BEFORE_LON": 131.00253,
      "AFTER_LAT": 33.969837,
      "AFTER_LON": 131.00255,
      "SOG": 0,
      "MOVINGTIME": 1860.0,
      "ARRIVALTIME": "20251206062100"
    },
    {
      "SEQ": 211,
      "BEFORE_NODE": 211.0,
      "AFTER_NODE": 212.0,
      "BEFORE_LAT": 33.969837,
      "BEFORE_LON": 131.00255,
      "AFTER_LAT": 33.96981,
      "AFTER_LON": 131.00258,
      "SOG": 0,
      "MOVINGTIME": 1620.0,
      "ARRIVALTIME": "20251206064800"
    },
    {
      "SEQ": 212,
      "BEFORE_NODE": 212.0,
      "AFTER_NODE": 213.0,
      "BEFORE_LAT": 33.96981,
      "BEFORE_LON": 131.00258,
      "AFTER_LAT": 33.969795,
      "AFTER_LON": 131.00255,
      "SOG": 0,
      "MOVINGTIME": 10800.0,
      "ARRIVALTIME": "20251206094800"
    },
    {
      "SEQ": 213,
      "BEFORE_NODE": 213.0,
      "AFTER_NODE": 214.0,
      "BEFORE_LAT": 33.969795,
      "BEFORE_LON": 131.00255,
      "AFTER_LAT": 33.969814,
      "AFTER_LON": 131.0025,
      "SOG": 0,
      "MOVINGTIME": 1920.0,
      "ARRIVALTIME": "20251206102000"
    },
    {
      "SEQ": 214,
      "BEFORE_NODE": 214.0,
      "AFTER_NODE": 215.0,
      "BEFORE_LAT": 33.969814,
      "BEFORE_LON": 131.0025,
      "AFTER_LAT": 33.969761,
      "AFTER_LON": 131.00258,
      "SOG": 0,
      "MOVINGTIME": 8880.0,
      "ARRIVALTIME": "20251206124800"
    }
  ]
}