{
  "mmsi": "413405430",
  "PredResult": [
    {
      "SEQ": 0,
      "BEFORE_NODE": 0.0,
      "AFTER_NODE": 1.0,
      "BEFORE_LAT": 37.721848,
      "BEFORE_LON": 138.5096,
      "AFTER_LAT": 37.774548,
      "AFTER_LON": 138.5943,
      "SOG": 9.3,
      "MOVINGTIME": 1920.0,
      "ARRIVALTIME": "20251129155000"
    },
    {
      "SEQ": 1,
      "BEFORE_NODE": 1.0,
      "AFTER_NODE": 2.0,
      "BEFORE_LAT": 37.774548,
      "BEFORE_LON": 138.5943,
      "AFTER_LAT": 37.81226,
      "AFTER_LON": 138.6507,
      "SOG": 9.6,
      "MOVINGTIME": 1800.0,
      "ARRIVALTIME": "20251129162000"
    },
    {
      "SEQ": 2,
      "BEFORE_NODE": 2.0,
      "AFTER_NODE": 3.0,
      "BEFORE_LAT": 37.81226,
      "BEFORE_LON": 138.6507,
      "AFTER_LAT": 37.86533,
      "AFTER_LON": 138.73862,
      "SOG": 10.3,
      "MOVINGTIME": 1860.0,
      "ARRIVALTIME": "20251129165100"
    },
    {
      "SEQ": 3,
      "BEFORE_NODE": 3.0,
      "AFTER_NODE": 4.0,
      "BEFORE_LAT": 37.86533,
      "BEFORE_LON": 138.73862,
      "AFTER_LAT": 37.919167,
      "AFTER_LON": 138.8187,
      "SOG": 7.3,
      "MOVINGTIME": 1740.0,
      "ARRIVALTIME": "20251129172000"
    },
    {
      "SEQ": 4,
      "BEFORE_NODE": 4.0,
      "AFTER_NODE": 5.0,
      "BEFORE_LAT": 37.919167,
      "BEFORE_LON": 138.8187,
      "AFTER_LAT": 37.959896,
      "AFTER_LON": 138.88191,
      "SOG": 7,
      "MOVINGTIME": 1800.0,
      "ARRIVALTIME": "20251129175000"
    },
    {
      "SEQ": 5,
      "BEFORE_NODE": 5.0,
      "AFTER_NODE": 6.0,
      "BEFORE_LAT": 37.959896,
      "BEFORE_LON": 138.88191,
      "AFTER_LAT": 37.995899,
      "AFTER_LON": 138.94223,
      "SOG": 6.6,
      "MOVINGTIME": 1740.0,
      "ARRIVALTIME": "20251129181900"
    },
    {
      "SEQ": 6,
      "BEFORE_NODE": 6.0,
      "AFTER_NODE": 7.0,
      "BEFORE_LAT": 37.995899,
      "BEFORE_LON": 138.94223,
      "AFTER_LAT": 38.023415,
      "AFTER_LON": 138.98904,
      "SOG": 6.6,
      "MOVINGTIME": 1860.0,
      "ARRIVALTIME": "20251129185000"
    },
    {
      "SEQ": 7,
      "BEFORE_NODE": 7.0,
      "AFTER_NODE": 8.0,
      "BEFORE_LAT": 38.023415,
      "BEFORE_LON": 138.98904,
      "AFTER_LAT": 38.055164,
      "AFTER_LON": 139.0612,
      "SOG": 7,
      "MOVINGTIME": 1740.0,
      "ARRIVALTIME": "20251129191900"
    },
    {
      "SEQ": 8,
      "BEFORE_NODE": 8.0,
      "AFTER_NODE": 9.0,
      "BEFORE_LAT": 38.055164,
      "BEFORE_LON": 139.0612,
      "AFTER_LAT": 38.069778,
      "AFTER_LON": 139.12685,
      "SOG": 2.5,
      "MOVINGTIME": 1800.0,
      "ARRIVALTIME": "20251129194900"
    },
    {
      "SEQ": 9,
      "BEFORE_NODE": 9.0,
      "AFTER_NODE": 10.0,
      "BEFORE_LAT": 38.069778,
      "BEFORE_LON": 139.12685,
      "AFTER_LAT": 38.076244,
      "AFTER_LON": 139.14082,
      "SOG": 2.2,
      "MOVINGTIME": 1740.0,
      "ARRIVALTIME": "20251129201800"
    },
    {
      "SEQ": 10,
      "BEFORE_NODE": 10.0,
      "AFTER_NODE": 11.0,
      "BEFORE_LAT": 38.076244,
      "BEFORE_LON": 139.14082,
      "AFTER_LAT": 38.101715,
      "AFTER_LON": 139.17903,
      "SOG": 2,
      "MOVINGTIME": 3780.0,
      "ARRIVALTIME": "20251129212100"
    },
    {
      "SEQ": 11,
      "BEFORE_NODE": 11.0,
      "AFTER_NODE": 12.0,
      "BEFORE_LAT": 38.101715,
      "BEFORE_LON": 139.17903,
      "AFTER_LAT": 38.106834,
      "AFTER_LON": 139.19731,
      "SOG": 4,
      "MOVINGTIME": 1560.0,
      "ARRIVALTIME": "20251129214700"
    },
    {
      "SEQ": 12,
      "BEFORE_NODE": 12.0,
      "AFTER_NODE": 13.0,
      "BEFORE_LAT": 38.106834,
      "BEFORE_LON": 139.19731,
      "AFTER_LAT": 38.052212,
      "AFTER_LON": 139.23045,
      "SOG": 6.5,
      "MOVINGTIME": 1860.0,
      "ARRIVALTIME": "20251129221800"
    },
    {
      "SEQ": 13,
      "BEFORE_NODE": 13.0,
      "AFTER_NODE": 14.0,
      "BEFORE_LAT": 38.052212,
      "BEFORE_LON": 139.23045,
      "AFTER_LAT": 37.999004,
      "AFTER_LON": 139.22137,
      "SOG": 6.5,
      "MOVINGTIME": 1920.0,
      "ARRIVALTIME": "20251129225000"
    },
    {
      "SEQ": 14,
      "BEFORE_NODE": 14.0,
      "AFTER_NODE": 15.0,
      "BEFORE_LAT": 37.999004,
      "BEFORE_LON": 139.22137,
      "AFTER_LAT": 37.973595,
      "AFTER_LON": 139.23051,
      "SOG": 1,
      "MOVINGTIME": 1620.0,
      "ARRIVALTIME": "20251129231700"
    },
    {
      "SEQ": 15,
      "BEFORE_NODE": 15.0,
      "AFTER_NODE": 16.0,
      "BEFORE_LAT": 37.973595,
      "BEFORE_LON": 139.23051,
      "AFTER_LAT": 37.969814,
      "AFTER_LON": 139.2254,
      "SOG": 0,
      "MOVINGTIME": 5400.0,
      "ARRIVALTIME": "20251130004700"
    },
    {
      "SEQ": 16,
      "BEFORE_NODE": 16.0,
      "AFTER_NODE": 17.0,
      "BEFORE_LAT": 37.969814,
      "BEFORE_LON": 139.2254,
      "AFTER_LAT": 37.969776,
      "AFTER_LON": 139.22542,
      "SOG": 0,
      "MOVINGTIME": 7260.0,
      "ARRIVALTIME": "20251130024800"
    },
    {
      "SEQ": 17,
      "BEFORE_NODE": 17.0,
      "AFTER_NODE": 18.0,
      "BEFORE_LAT": 37.969776,
      "BEFORE_LON": 139.22542,
      "AFTER_LAT": 37.969799,
      "AFTER_LON": 139.2254,
      "SOG": 0,
      "MOVINGTIME": 5745.0,
      "ARRIVALTIME": "20251130042345"
    },
    {
      "SEQ": 18,
      "BEFORE_NODE": 18.0,
      "AFTER_NODE": 19.0,
      "BEFORE_LAT": 37.969799,
      "BEFORE_LON": 139.2254,
      "AFTER_LAT": 37.96978,
      "AFTER_LON": 139.2254,
      "SOG": 0,
      "MOVINGTIME": 15855.0,
      "ARRIVALTIME": "20251130084800"
    },
    {
      "SEQ": 19,
      "BEFORE_NODE": 19.0,
      "AFTER_NODE": 20.0,
      "BEFORE_LAT": 37.96978,
      "BEFORE_LON": 139.2254,
      "AFTER_LAT": 37.969795,
      "AFTER_LON": 139.22542,
      "SOG": 0,
      "MOVINGTIME": 3660.0,
      "ARRIVALTIME": "20251130094900"
    },
    {
      "SEQ": 20,
      "BEFORE_NODE": 20.0,
      "AFTER_NODE": 21.0,
      "BEFORE_LAT": 37.969795,
      "BEFORE_LON": 139.22542,
      "AFTER_LAT": 37.976742,
      "AFTER_LON": 139.23091,
      "SOG": 5.8,
      "MOVINGTIME": 1920.0,
      "ARRIVALTIME": "20251130102100"
    },
    {
      "SEQ": 21,
      "BEFORE_NODE": 21.0,
      "AFTER_NODE": 22.0,
      "BEFORE_LAT": 37.976742,
      "BEFORE_LON": 139.23091,
      "AFTER_LAT": 38.012146,
      "AFTER_LON": 139.08131,
      "SOG": 9.3,
      "MOVINGTIME": 4113.0,
      "ARRIVALTIME": "20251130112933"
    },
    {
      "SEQ": 22,
      "BEFORE_NODE": 22.0,
      "AFTER_NODE": 23.0,
      "BEFORE_LAT": 38.012146,
      "BEFORE_LON": 139.08131,
      "AFTER_LAT": 37.992008,
      "AFTER_LON": 139.01917,
      "SOG": 9.5,
      "MOVINGTIME": 1227.0,
      "ARRIVALTIME": "20251130115000"
    },
    {
      "SEQ": 23,
      "BEFORE_NODE": 23.0,
      "AFTER_NODE": 24.0,
      "BEFORE_LAT": 37.992008,
      "BEFORE_LON": 139.01917,
      "AFTER_LAT": 37.967052,
      "AFTER_LON": 138.95369,
      "SOG": 9.8,
      "MOVINGTIME": 1800.0,
      "ARRIVALTIME": "20251130122000"
    },
    {
      "SEQ": 24,
      "BEFORE_NODE": 24.0,
      "AFTER_NODE": 25.0,
      "BEFORE_LAT": 37.967052,
      "BEFORE_LON": 138.95369,
      "AFTER_LAT": 37.931511,
      "AFTER_LON": 138.85999,
      "SOG": 9.5,
      "MOVINGTIME": 1680.0,
      "ARRIVALTIME": "20251130124800"
    },
    {
      "SEQ": 25,
      "BEFORE_NODE": 25.0,
      "AFTER_NODE": 26.0,
      "BEFORE_LAT": 37.931511,
      "BEFORE_LON": 138.85999,
      "AFTER_LAT": 37.897648,
      "AFTER_LON": 138.76701,
      "SOG": 9,
      "MOVINGTIME": 1800.0,
      "ARRIVALTIME": "20251130131800"
    },
    {
      "SEQ": 26,
      "BEFORE_NODE": 26.0,
      "AFTER_NODE": 27.0,
      "BEFORE_LAT": 37.897648,
      "BEFORE_LON": 138.76701,
      "AFTER_LAT": 37.71812,
      "AFTER_LON": 138.35830666666666,
      "SOG": 9,
      "MOVINGTIME": 8341.0,
      "ARRIVALTIME": "20251130153701"
    },
    {
      "SEQ": 27,
      "BEFORE_NODE": 27.0,
      "AFTER_NODE": 28.0,
      "BEFORE_LAT": 37.71812,
      "BEFORE_LON": 138.35830666666666,
      "AFTER_LAT": 37.694183333333335,
      "AFTER_LON": 138.26996,
      "SOG": 9.2,
      "MOVINGTIME": 1820.0,
      "ARRIVALTIME": "20251130160721"
    },
    {
      "SEQ": 28,
      "BEFORE_NODE": 28.0,
      "AFTER_NODE": 29.0,
      "BEFORE_LAT": 37.694183333333335,
      "BEFORE_LON": 138.26996,
      "AFTER_LAT": 37.68019,
      "AFTER_LON": 138.17506666666668,
      "SOG": 9.2,
      "MOVINGTIME": 1780.0,
      "ARRIVALTIME": "20251130163701"
    },
    {
      "SEQ": 29,
      "BEFORE_NODE": 29.0,
      "AFTER_NODE": 30.0,
      "BEFORE_LAT": 37.68019,
      "BEFORE_LON": 138.17506666666668,
      "AFTER_LAT": 37.67306,
      "AFTER_LON": 138.10014666666666,
      "SOG": 9.2,
      "MOVINGTIME": 1401.0,
      "ARRIVALTIME": "20251130170022"
    },
    {
      "SEQ": 30,
      "BEFORE_NODE": 30.0,
      "AFTER_NODE": 31.0,
      "BEFORE_LAT": 37.67306,
      "BEFORE_LON": 138.10014666666666,
      "AFTER_LAT": 37.66779,
      "AFTER_LON": 137.98554666666666,
      "SOG": 8.6,
      "MOVINGTIME": 2200.0,
      "ARRIVALTIME": "20251130173702"
    },
    {
      "SEQ": 31,
      "BEFORE_NODE": 31.0,
      "AFTER_NODE": 32.0,
      "BEFORE_LAT": 37.66779,
      "BEFORE_LON": 137.98554666666666,
      "AFTER_LAT": 37.660426666666666,
      "AFTER_LON": 137.87982666666667,
      "SOG": 8.3,
      "MOVINGTIME": 2150.0,
      "ARRIVALTIME": "20251130181252"
    },
    {
      "SEQ": 32,
      "BEFORE_NODE": 32.0,
      "AFTER_NODE": 33.0,
      "BEFORE_LAT": 37.660426666666666,
      "BEFORE_LON": 137.87982666666667,
      "AFTER_LAT": 37.65662,
      "AFTER_LON": 137.82505333333333,
      "SOG": 8,
      "MOVINGTIME": 1150.0,
      "ARRIVALTIME": "20251130183202"
    },
    {
      "SEQ": 33,
      "BEFORE_NODE": 33.0,
      "AFTER_NODE": 34.0,
      "BEFORE_LAT": 37.65662,
      "BEFORE_LON": 137.82505333333333,
      "AFTER_LAT": 37.649663333333336,
      "AFTER_LON": 137.7122,
      "SOG": 8.1,
      "MOVINGTIME": 2420.0,
      "ARRIVALTIME": "20251130191222"
    },
    {
      "SEQ": 34,
      "BEFORE_NODE": 34.0,
      "AFTER_NODE": 35.0,
      "BEFORE_LAT": 37.649663333333336,
      "BEFORE_LON": 137.7122,
      "AFTER_LAT": 37.64192333333333,
      "AFTER_LON": 137.63324,
      "SOG": 7.8,
      "MOVINGTIME": 1701.0,
      "ARRIVALTIME": "20251130194043"
    },
    {
      "SEQ": 35,
      "BEFORE_NODE": 35.0,
      "AFTER_NODE": 36.0,
      "BEFORE_LAT": 37.64192333333333,
      "BEFORE_LON": 137.63324,
      "AFTER_LAT": 37.639473333333335,
      "AFTER_LON": 137.5536,
      "SOG": 7.7,
      "MOVINGTIME": 1769.0,
      "ARRIVALTIME": "20251130201012"
    },
    {
      "SEQ": 36,
      "BEFORE_NODE": 36.0,
      "AFTER_NODE": 37.0,
      "BEFORE_LAT": 37.639473333333335,
      "BEFORE_LON": 137.5536,
      "AFTER_LAT": 37.634766666666664,
      "AFTER_LON": 137.47578666666666,
      "SOG": 7.9,
      "MOVINGTIME": 1730.0,
      "ARRIVALTIME": "20251130203902"
    },
    {
      "SEQ": 37,
      "BEFORE_NODE": 37.0,
      "AFTER_NODE": 38.0,
      "BEFORE_LAT": 37.634766666666664,
      "BEFORE_LON": 137.47578666666666,
      "AFTER_LAT": 37.62371666666667,
      "AFTER_LON": 137.40072,
      "SOG": 7.8,
      "MOVINGTIME": 1660.0,
      "ARRIVALTIME": "20251130210642"
    },
    {
      "SEQ": 38,
      "BEFORE_NODE": 38.0,
      "AFTER_NODE": 39.0,
      "BEFORE_LAT": 37.62371666666667,
      "BEFORE_LON": 137.40072,
      "AFTER_LAT": 37.621635,
      "AFTER_LON": 137.38768,
      "SOG": 8,
      "MOVINGTIME": 858.0,
      "ARRIVALTIME": "20251130212100"
    },
    {
      "SEQ": 39,
      "BEFORE_NODE": 39.0,
      "AFTER_NODE": 40.0,
      "BEFORE_LAT": 37.621635,
      "BEFORE_LON": 137.38768,
      "AFTER_LAT": 37.608753,
      "AFTER_LON": 137.2946,
      "SOG": 8.6,
      "MOVINGTIME": 1620.0,
      "ARRIVALTIME": "20251130214800"
    },
    {
      "SEQ": 40,
      "BEFORE_NODE": 40.0,
      "AFTER_NODE": 41.0,
      "BEFORE_LAT": 37.608753,
      "BEFORE_LON": 137.2946,
      "AFTER_LAT": 37.598324,
      "AFTER_LON": 137.19507,
      "SOG": 8.1,
      "MOVINGTIME": 1860.0,
      "ARRIVALTIME": "20251130221900"
    },
    {
      "SEQ": 41,
      "BEFORE_NODE": 41.0,
      "AFTER_NODE": 42.0,
      "BEFORE_LAT": 37.598324,
      "BEFORE_LON": 137.19507,
      "AFTER_LAT": 37.570683,
      "AFTER_LON": 137.05112,
      "SOG": 8,
      "MOVINGTIME": 3660.0,
      "ARRIVALTIME": "20251130232000"
    },
    {
      "SEQ": 42,
      "BEFORE_NODE": 42.0,
      "AFTER_NODE": 43.0,
      "BEFORE_LAT": 37.570683,
      "BEFORE_LON": 137.05112,
      "AFTER_LAT": 37.461296,
      "AFTER_LON": 136.75308,
      "SOG": 7.3,
      "MOVINGTIME": 7080.0,
      "ARRIVALTIME": "20251201011800"
    },
    {
      "SEQ": 43,
      "BEFORE_NODE": 43.0,
      "AFTER_NODE": 44.0,
      "BEFORE_LAT": 37.461296,
      "BEFORE_LON": 136.75308,
      "AFTER_LAT": 37.184879,
      "AFTER_LON": 136.12045,
      "SOG": 9.5,
      "MOVINGTIME": 16260.0,
      "ARRIVALTIME": "20251201054900"
    },
    {
      "SEQ": 44,
      "BEFORE_NODE": 44.0,
      "AFTER_NODE": 45.0,
      "BEFORE_LAT": 37.184879,
      "BEFORE_LON": 136.12045,
      "AFTER_LAT": 37.070854,
      "AFTER_LON": 135.86017,
      "SOG": 9.6,
      "MOVINGTIME": 5280.0,
      "ARRIVALTIME": "20251201071700"
    },
    {
      "SEQ": 45,
      "BEFORE_NODE": 45.0,
      "AFTER_NODE": 46.0,
      "BEFORE_LAT": 37.070854,
      "BEFORE_LON": 135.86017,
      "AFTER_LAT": 37.032482,
      "AFTER_LON": 135.76692,
      "SOG": 9.6,
      "MOVINGTIME": 1800.0,
      "ARRIVALTIME": "20251201074700"
    },
    {
      "SEQ": 46,
      "BEFORE_NODE": 46.0,
      "AFTER_NODE": 47.0,
      "BEFORE_LAT": 37.032482,
      "BEFORE_LON": 135.76692,
      "AFTER_LAT": 36.101952,
      "AFTER_LON": 133.8141,
      "SOG": 7.8,
      "MOVINGTIME": 46800.0,
      "ARRIVALTIME": "20251201204700"
    },
    {
      "SEQ": 47,
      "BEFORE_NODE": 47.0,
      "AFTER_NODE": 48.0,
      "BEFORE_LAT": 36.101952,
      "BEFORE_LON": 133.8141,
      "AFTER_LAT": 35.940643,
      "AFTER_LON": 133.53154,
      "SOG": 8.5,
      "MOVINGTIME": 7440.0,
      "ARRIVALTIME": "20251201225100"
    },
    {
      "SEQ": 48,
      "BEFORE_NODE": 48.0,
      "AFTER_NODE": 49.0,
      "BEFORE_LAT": 35.940643,
      "BEFORE_LON": 133.53154,
      "AFTER_LAT": 35.889191,
      "AFTER_LON": 133.36745,
      "SOG": 8.3,
      "MOVINGTIME": 3480.0,
      "ARRIVALTIME": "20251201234900"
    },
    {
      "SEQ": 49,
      "BEFORE_NODE": 49.0,
      "AFTER_NODE": 50.0,
      "BEFORE_LAT": 35.889191,
      "BEFORE_LON": 133.36745,
      "AFTER_LAT": 35.866943,
      "AFTER_LON": 133.27692,
      "SOG": 9.1,
      "MOVINGTIME": 1860.0,
      "ARRIVALTIME": "20251202002000"
    },
    {
      "SEQ": 50,
      "BEFORE_NODE": 50.0,
      "AFTER_NODE": 51.0,
      "BEFORE_LAT": 35.866943,
      "BEFORE_LON": 133.27692,
      "AFTER_LAT": 35.853245,
      "AFTER_LON": 133.21437,
      "SOG": 9,
      "MOVINGTIME": 1740.0,
      "ARRIVALTIME": "20251202004900"
    },
    {
      "SEQ": 51,
      "BEFORE_NODE": 51.0,
      "AFTER_NODE": 52.0,
      "BEFORE_LAT": 35.853245,
      "BEFORE_LON": 133.21437,
      "AFTER_LAT": 35.822559,
      "AFTER_LON": 133.09366,
      "SOG": 9.1,
      "MOVINGTIME": 1740.0,
      "ARRIVALTIME": "20251202011800"
    },
    {
      "SEQ": 52,
      "BEFORE_NODE": 52.0,
      "AFTER_NODE": 53.0,
      "BEFORE_LAT": 35.822559,
      "BEFORE_LON": 133.09366,
      "AFTER_LAT": 34.987385,
      "AFTER_LON": 129.48817,
      "SOG": 9.1,
      "MOVINGTIME": 73920.0,
      "ARRIVALTIME": "20251202215000"
    },
    {
      "SEQ": 53,
      "BEFORE_NODE": 53.0,
      "AFTER_NODE": 54.0,
      "BEFORE_LAT": 34.987385,
      "BEFORE_LON": 129.48817,
      "AFTER_LAT": 34.971992,
      "AFTER_LON": 129.39439,
      "SOG": 8.8,
      "MOVINGTIME": 1680.0,
      "ARRIVALTIME": "20251202221800"
    },
    {
      "SEQ": 54,
      "BEFORE_NODE": 54.0,
      "AFTER_NODE": 55.0,
      "BEFORE_LAT": 34.971992,
      "BEFORE_LON": 129.39439,
      "AFTER_LAT": 34.942608,
      "AFTER_LON": 129.30258,
      "SOG": 9.1,
      "MOVINGTIME": 1920.0,
      "ARRIVALTIME": "20251202225000"
    },
    {
      "SEQ": 55,
      "BEFORE_NODE": 55.0,
      "AFTER_NODE": 56.0,
      "BEFORE_LAT": 34.942608,
      "BEFORE_LON": 129.30258,
      "AFTER_LAT": 34.9104,
      "AFTER_LON": 129.22708,
      "SOG": 9,
      "MOVINGTIME": 1680.0,
      "ARRIVALTIME": "20251202231800"
    },
    {
      "SEQ": 56,
      "BEFORE_NODE": 56.0,
      "AFTER_NODE": 57.0,
      "BEFORE_LAT": 34.9104,
      "BEFORE_LON": 129.22708,
      "AFTER_LAT": 34.84933,
      "AFTER_LON": 129.07661333333334,
      "SOG": 8.5,
      "MOVINGTIME": 3263.0,
      "ARRIVALTIME": "20251203001223"
    },
    {
      "SEQ": 57,
      "BEFORE_NODE": 57.0,
      "AFTER_NODE": 58.0,
      "BEFORE_LAT": 34.84933,
      "BEFORE_LON": 129.07661333333334,
      "AFTER_LAT": 34.83123333333333,
      "AFTER_LON": 128.99684,
      "SOG": 7.6,
      "MOVINGTIME": 1829.0,
      "ARRIVALTIME": "20251203004252"
    },
    {
      "SEQ": 58,
      "BEFORE_NODE": 58.0,
      "AFTER_NODE": 59.0,
      "BEFORE_LAT": 34.83123333333333,
      "BEFORE_LON": 128.99684,
      "AFTER_LAT": 34.87162,
      "AFTER_LON": 128.93968,
      "SOG": 6.9,
      "MOVINGTIME": 1801.0,
      "ARRIVALTIME": "20251203011253"
    },
    {
      "SEQ": 59,
      "BEFORE_NODE": 59.0,
      "AFTER_NODE": 60.0,
      "BEFORE_LAT": 34.87162,
      "BEFORE_LON": 128.93968,
      "AFTER_LAT": 34.901853333333335,
      "AFTER_LON": 128.90121333333335,
      "SOG": 5.3,
      "MOVINGTIME": 1471.0,
      "ARRIVALTIME": "20251203013724"
    },
    {
      "SEQ": 60,
      "BEFORE_NODE": 60.0,
      "AFTER_NODE": 61.0,
      "BEFORE_LAT": 34.901853333333335,
      "BEFORE_LON": 128.90121333333335,
      "AFTER_LAT": 34.93393666666667,
      "AFTER_LON": 128.85737333333333,
      "SOG": 6.7,
      "MOVINGTIME": 1800.0,
      "ARRIVALTIME": "20251203020724"
    },
    {
      "SEQ": 61,
      "BEFORE_NODE": 61.0,
      "AFTER_NODE": 62.0,
      "BEFORE_LAT": 34.93393666666667,
      "BEFORE_LON": 128.85737333333333,
      "AFTER_LAT": 34.95925666666667,
      "AFTER_LON": 128.83765333333332,
      "SOG": 4.6,
      "MOVINGTIME": 1930.0,
      "ARRIVALTIME": "20251203023934"
    },
    {
      "SEQ": 62,
      "BEFORE_NODE": 62.0,
      "AFTER_NODE": 63.0,
      "BEFORE_LAT": 34.95925666666667,
      "BEFORE_LON": 128.83765333333332,
      "AFTER_LAT": 34.9761,
      "AFTER_LON": 128.81729333333334,
      "SOG": 6.5,
      "MOVINGTIME": 891.0,
      "ARRIVALTIME": "20251203025425"
    },
    {
      "SEQ": 63,
      "BEFORE_NODE": 63.0,
      "AFTER_NODE": 64.0,
      "BEFORE_LAT": 34.9761,
      "BEFORE_LON": 128.81729333333334,
      "AFTER_LAT": 35.022301,
      "AFTER_LON": 128.79274,
      "SOG": 8.5,
      "MOVINGTIME": 1655.0,
      "ARRIVALTIME": "20251203032200"
    },
    {
      "SEQ": 64,
      "BEFORE_NODE": 64.0,
      "AFTER_NODE": 65.0,
      "BEFORE_LAT": 35.022301,
      "BEFORE_LON": 128.79274,
      "AFTER_LAT": 35.077065,
      "AFTER_LON": 128.79254,
      "SOG": 1.2,
      "MOVINGTIME": 1740.0,
      "ARRIVALTIME": "20251203035100"
    },
    {
      "SEQ": 65,
      "BEFORE_NODE": 65.0,
      "AFTER_NODE": 66.0,
      "BEFORE_LAT": 35.077065,
      "BEFORE_LON": 128.79254,
      "AFTER_LAT": 35.077511,
      "AFTER_LON": 128.7916,
      "SOG": 0,
      "MOVINGTIME": 1800.0,
      "ARRIVALTIME": "20251203042100"
    },
    {
      "SEQ": 66,
      "BEFORE_NODE": 66.0,
      "AFTER_NODE": 67.0,
      "BEFORE_LAT": 35.077511,
      "BEFORE_LON": 128.7916,
      "AFTER_LAT": 35.077503,
      "AFTER_LON": 128.79161,
      "SOG": 0,
      "MOVINGTIME": 1740.0,
      "ARRIVALTIME": "20251203045000"
    },
    {
      "SEQ": 67,
      "BEFORE_NODE": 67.0,
      "AFTER_NODE": 68.0,
      "BEFORE_LAT": 35.077503,
      "BEFORE_LON": 128.79161,
      "AFTER_LAT": 35.077499,
      "AFTER_LON": 128.79167,
      "SOG": 0,
      "MOVINGTIME": 1800.0,
      "ARRIVALTIME": "20251203052000"
    },
    {
      "SEQ": 68,
      "BEFORE_NODE": 68.0,
      "AFTER_NODE": 69.0,
      "BEFORE_LAT": 35.077499,
      "BEFORE_LON": 128.79167,
      "AFTER_LAT": 35.077484,
      "AFTER_LON": 128.79161,
      "SOG": 0,
      "MOVINGTIME": 1800.0,
      "ARRIVALTIME": "20251203055000"
    },
    {
      "SEQ": 69,
      "BEFORE_NODE": 69.0,
      "AFTER_NODE": 70.0,
      "BEFORE_LAT": 35.077484,
      "BEFORE_LON": 128.79161,
      "AFTER_LAT": 35.077518,
      "AFTER_LON": 128.79164,
      "SOG": 0,
      "MOVINGTIME": 3480.0,
      "ARRIVALTIME": "20251203064800"
    },
    {
      "SEQ": 70,
      "BEFORE_NODE": 70.0,
      "AFTER_NODE": 71.0,
      "BEFORE_LAT": 35.077518,
      "BEFORE_LON": 128.79164,
      "AFTER_LAT": 35.077518,
      "AFTER_LON": 128.79161,
      "SOG": 0,
      "MOVINGTIME": 1920.0,
      "ARRIVALTIME": "20251203072000"
    },
    {
      "SEQ": 71,
      "BEFORE_NODE": 71.0,
      "AFTER_NODE": 72.0,
      "BEFORE_LAT": 35.077518,
      "BEFORE_LON": 128.79161,
      "AFTER_LAT": 35.077499,
      "AFTER_LON": 128.79161,
      "SOG": 0,
      "MOVINGTIME": 1920.0,
      "ARRIVALTIME": "20251203075200"
    },
    {
      "SEQ": 72,
      "BEFORE_NODE": 72.0,
      "AFTER_NODE": 73.0,
      "BEFORE_LAT": 35.077499,
      "BEFORE_LON": 128.79161,
      "AFTER_LAT": 35.077507,
      "AFTER_LON": 128.79161,
      "SOG": 0,
      "MOVINGTIME": 1680.0,
      "ARRIVALTIME": "20251203082000"
    },
    {
      "SEQ": 73,
      "BEFORE_NODE": 73.0,
      "AFTER_NODE": 74.0,
      "BEFORE_LAT": 35.077507,
      "BEFORE_LON": 128.79161,
      "AFTER_LAT": 35.077503,
      "AFTER_LON": 128.79161,
      "SOG": 0,
      "MOVINGTIME": 1800.0,
      "ARRIVALTIME": "20251203085000"
    },
    {
      "SEQ": 74,
      "BEFORE_NODE": 74.0,
      "AFTER_NODE": 75.0,
      "BEFORE_LAT": 35.077503,
      "BEFORE_LON": 128.79161,
      "AFTER_LAT": 35.077499,
      "AFTER_LON": 128.79161,
      "SOG": 0,
      "MOVINGTIME": 1920.0,
      "ARRIVALTIME": "20251203092200"
    },
    {
      "SEQ": 75,
      "BEFORE_NODE": 75.0,
      "AFTER_NODE": 76.0,
      "BEFORE_LAT": 35.077499,
      "BEFORE_LON": 128.79161,
      "AFTER_LAT": 35.077503,
      "AFTER_LON": 128.79164,
      "SOG": 0,
      "MOVINGTIME": 1680.0,
      "ARRIVALTIME": "20251203095000"
    },
    {
      "SEQ": 76,
      "BEFORE_NODE": 76.0,
      "AFTER_NODE": 77.0,
      "BEFORE_LAT": 35.077503,
      "BEFORE_LON": 128.79164,
      "AFTER_LAT": 35.07748,
      "AFTER_LON": 128.79164,
      "SOG": 0,
      "MOVINGTIME": 1800.0,
      "ARRIVALTIME": "20251203102000"
    },
    {
      "SEQ": 77,
      "BEFORE_NODE": 77.0,
      "AFTER_NODE": 78.0,
      "BEFORE_LAT": 35.07748,
      "BEFORE_LON": 128.79164,
      "AFTER_LAT": 35.077499,
      "AFTER_LON": 128.79161,
      "SOG": 0,
      "MOVINGTIME": 1800.0,
      "ARRIVALTIME": "20251203105000"
    },
    {
      "SEQ": 78,
      "BEFORE_NODE": 78.0,
      "AFTER_NODE": 79.0,
      "BEFORE_LAT": 35.077499,
      "BEFORE_LON": 128.79161,
      "AFTER_LAT": 35.077507,
      "AFTER_LON": 128.79161,
      "SOG": 0,
      "MOVINGTIME": 1800.0,
      "ARRIVALTIME": "20251203112000"
    },
    {
      "SEQ": 79,
      "BEFORE_NODE": 79.0,
      "AFTER_NODE": 80.0,
      "BEFORE_LAT": 35.077507,
      "BEFORE_LON": 128.79161,
      "AFTER_LAT": 35.077496,
      "AFTER_LON": 128.79164,
      "SOG": 0,
      "MOVINGTIME": 1860.0,
      "ARRIVALTIME": "20251203115100"
    },
    {
      "SEQ": 80,
      "BEFORE_NODE": 80.0,
      "AFTER_NODE": 81.0,
      "BEFORE_LAT": 35.077496,
      "BEFORE_LON": 128.79164,
      "AFTER_LAT": 35.077492,
      "AFTER_LON": 128.79164,
      "SOG": 0,
      "MOVINGTIME": 1800.0,
      "ARRIVALTIME": "20251203122100"
    },
    {
      "SEQ": 81,
      "BEFORE_NODE": 81.0,
      "AFTER_NODE": 82.0,
      "BEFORE_LAT": 35.077492,
      "BEFORE_LON": 128.79164,
      "AFTER_LAT": 35.077492,
      "AFTER_LON": 128.79161,
      "SOG": 0,
      "MOVINGTIME": 1800.0,
      "ARRIVALTIME": "20251203125100"
    },
    {
      "SEQ": 82,
      "BEFORE_NODE": 82.0,
      "AFTER_NODE": 83.0,
      "BEFORE_LAT": 35.077492,
      "BEFORE_LON": 128.79161,
      "AFTER_LAT": 35.077507,
      "AFTER_LON": 128.79164,
      "SOG": 0,
      "MOVINGTIME": 1800.0,
      "ARRIVALTIME": "20251203132100"
    },
    {
      "SEQ": 83,
      "BEFORE_NODE": 83.0,
      "AFTER_NODE": 84.0,
      "BEFORE_LAT": 35.077507,
      "BEFORE_LON": 128.79164,
      "AFTER_LAT": 35.077492,
      "AFTER_LON": 128.7916,
      "SOG": 0,
      "MOVINGTIME": 1800.0,
      "ARRIVALTIME": "20251203135100"
    },
    {
      "SEQ": 84,
      "BEFORE_NODE": 84.0,
      "AFTER_NODE": 85.0,
      "BEFORE_LAT": 35.077492,
      "BEFORE_LON": 128.7916,
      "AFTER_LAT": 35.077499,
      "AFTER_LON": 128.79161,
      "SOG": 0,
      "MOVINGTIME": 1800.0,
      "ARRIVALTIME": "20251203142100"
    },
    {
      "SEQ": 85,
      "BEFORE_NODE": 85.0,
      "AFTER_NODE": 86.0,
      "BEFORE_LAT": 35.077499,
      "BEFORE_LON": 128.79161,
      "AFTER_LAT": 35.077488,
      "AFTER_LON": 128.79167,
      "SOG": 0,
      "MOVINGTIME": 1800.0,
      "ARRIVALTIME": "20251203145100"
    },
    {
      "SEQ": 86,
      "BEFORE_NODE": 86.0,
      "AFTER_NODE": 87.0,
      "BEFORE_LAT": 35.077488,
      "BEFORE_LON": 128.79167,
      "AFTER_LAT": 35.077499,
      "AFTER_LON": 128.79161,
      "SOG": 0,
      "MOVINGTIME": 1800.0,
      "ARRIVALTIME": "20251203152100"
    },
    {
      "SEQ": 87,
      "BEFORE_NODE": 87.0,
      "AFTER_NODE": 88.0,
      "BEFORE_LAT": 35.077499,
      "BEFORE_LON": 128.79161,
      "AFTER_LAT": 35.077496,
      "AFTER_LON": 128.79164,
      "SOG": 0,
      "MOVINGTIME": 1800.0,
      "ARRIVALTIME": "20251203155100"
    },
    {
      "SEQ": 88,
      "BEFORE_NODE": 88.0,
      "AFTER_NODE": 89.0,
      "BEFORE_LAT": 35.077496,
      "BEFORE_LON": 128.79164,
      "AFTER_LAT": 35.077488,
      "AFTER_LON": 128.79169,
      "SOG": 0,
      "MOVINGTIME": 2000.0,
      "ARRIVALTIME": "20251203162420"
    },
    {
      "SEQ": 89,
      "BEFORE_NODE": 89.0,
      "AFTER_NODE": 90.0,
      "BEFORE_LAT": 35.077488,
      "BEFORE_LON": 128.79169,
      "AFTER_LAT": 35.077496,
      "AFTER_LON": 128.79161,
      "SOG": 0.1,
      "MOVINGTIME": 1480.0,
      "ARRIVALTIME": "20251203164900"
    },
    {
      "SEQ": 90,
      "BEFORE_NODE": 90.0,
      "AFTER_NODE": 91.0,
      "BEFORE_LAT": 35.077496,
      "BEFORE_LON": 128.79161,
      "AFTER_LAT": 35.077492,
      "AFTER_LON": 128.79164,
      "SOG": 0.1,
      "MOVINGTIME": 1980.0,
      "ARRIVALTIME": "20251203172200"
    },
    {
      "SEQ": 91,
      "BEFORE_NODE": 91.0,
      "AFTER_NODE": 92.0,
      "BEFORE_LAT": 35.077492,
      "BEFORE_LON": 128.79164,
      "AFTER_LAT": 35.077503,
      "AFTER_LON": 128.7916,
      "SOG": 0,
      "MOVINGTIME": 1680.0,
      "ARRIVALTIME": "20251203175000"
    },
    {
      "SEQ": 92,
      "BEFORE_NODE": 92.0,
      "AFTER_NODE": 93.0,
      "BEFORE_LAT": 35.077503,
      "BEFORE_LON": 128.7916,
      "AFTER_LAT": 35.077496,
      "AFTER_LON": 128.79164,
      "SOG": 0,
      "MOVINGTIME": 1980.0,
      "ARRIVALTIME": "20251203182300"
    },
    {
      "SEQ": 93,
      "BEFORE_NODE": 93.0,
      "AFTER_NODE": 94.0,
      "BEFORE_LAT": 35.077496,
      "BEFORE_LON": 128.79164,
      "AFTER_LAT": 35.077374,
      "AFTER_LON": 128.79158,
      "SOG": 0.5,
      "MOVINGTIME": 1800.0,
      "ARRIVALTIME": "20251203185300"
    },
    {
      "SEQ": 94,
      "BEFORE_NODE": 94.0,
      "AFTER_NODE": 95.0,
      "BEFORE_LAT": 35.077374,
      "BEFORE_LON": 128.79158,
      "AFTER_LAT": 35.018803,
      "AFTER_LON": 128.78789,
      "SOG": 8.1,
      "MOVINGTIME": 1680.0,
      "ARRIVALTIME": "20251203192100"
    },
    {
      "SEQ": 95,
      "BEFORE_NODE": 95.0,
      "AFTER_NODE": 96.0,
      "BEFORE_LAT": 35.018803,
      "BEFORE_LON": 128.78789,
      "AFTER_LAT": 34.954762,
      "AFTER_LON": 128.81471,
      "SOG": 9.1,
      "MOVINGTIME": 1800.0,
      "ARRIVALTIME": "20251203195100"
    },
    {
      "SEQ": 96,
      "BEFORE_NODE": 96.0,
      "AFTER_NODE": 97.0,
      "BEFORE_LAT": 34.954762,
      "BEFORE_LON": 128.81471,
      "AFTER_LAT": 34.85731,
      "AFTER_LON": 128.92410666666666,
      "SOG": 9.7,
      "MOVINGTIME": 2757.0,
      "ARRIVALTIME": "20251203203657"
    },
    {
      "SEQ": 97,
      "BEFORE_NODE": 97.0,
      "AFTER_NODE": 98.0,
      "BEFORE_LAT": 34.85731,
      "BEFORE_LON": 128.92410666666666,
      "AFTER_LAT": 34.82639666666667,
      "AFTER_LON": 129.02733333333333,
      "SOG": 9.6,
      "MOVINGTIME": 2062.0,
      "ARRIVALTIME": "20251203211119"
    },
    {
      "SEQ": 98,
      "BEFORE_NODE": 98.0,
      "AFTER_NODE": 99.0,
      "BEFORE_LAT": 34.82639666666667,
      "BEFORE_LON": 129.02733333333333,
      "AFTER_LAT": 34.830753,
      "AFTER_LON": 129.01082,
      "SOG": 9.6,
      "MOVINGTIME": 521.0,
      "ARRIVALTIME": "20251203212000"
    },
    {
      "SEQ": 99,
      "BEFORE_NODE": 99.0,
      "AFTER_NODE": 100.0,
      "BEFORE_LAT": 34.830753,
      "BEFORE_LON": 129.01082,
      "AFTER_LAT": 34.85281333333333,
      "AFTER_LON": 129.17356,
      "SOG": 10.3,
      "MOVINGTIME": 2149.0,
      "ARRIVALTIME": "20251203215549"
    },
    {
      "SEQ": 100,
      "BEFORE_NODE": 100.0,
      "AFTER_NODE": 101.0,
      "BEFORE_LAT": 34.85281333333333,
      "BEFORE_LON": 129.17356,
      "AFTER_LAT": 34.878124,
      "AFTER_LON": 129.28847,
      "SOG": 10.6,
      "MOVINGTIME": 2000.0,
      "ARRIVALTIME": "20251203222909"
    },
    {
      "SEQ": 101,
      "BEFORE_NODE": 101.0,
      "AFTER_NODE": 102.0,
      "BEFORE_LAT": 34.878124,
      "BEFORE_LON": 129.28847,
      "AFTER_LAT": 34.924942,
      "AFTER_LON": 129.45876,
      "SOG": 10,
      "MOVINGTIME": 3051.0,
      "ARRIVALTIME": "20251203232000"
    },
    {
      "SEQ": 102,
      "BEFORE_NODE": 102.0,
      "AFTER_NODE": 103.0,
      "BEFORE_LAT": 34.924942,
      "BEFORE_LON": 129.45876,
      "AFTER_LAT": 34.948208,
      "AFTER_LON": 129.53899,
      "SOG": 10,
      "MOVINGTIME": 1680.0,
      "ARRIVALTIME": "20251203234800"
    },
    {
      "SEQ": 103,
      "BEFORE_NODE": 103.0,
      "AFTER_NODE": 104.0,
      "BEFORE_LAT": 34.948208,
      "BEFORE_LON": 129.53899,
      "AFTER_LAT": 34.974556,
      "AFTER_LON": 129.63606,
      "SOG": 9.8,
      "MOVINGTIME": 1740.0,
      "ARRIVALTIME": "20251204001700"
    },
    {
      "SEQ": 104,
      "BEFORE_NODE": 104.0,
      "AFTER_NODE": 105.0,
      "BEFORE_LAT": 34.974556,
      "BEFORE_LON": 129.63606,
      "AFTER_LAT": 35.116467,
      "AFTER_LON": 130.19463,
      "SOG": 9.3,
      "MOVINGTIME": 10860.0,
      "ARRIVALTIME": "20251204031800"
    },
    {
      "SEQ": 105,
      "BEFORE_NODE": 105.0,
      "AFTER_NODE": 106.0,
      "BEFORE_LAT": 35.116467,
      "BEFORE_LON": 130.19463,
      "AFTER_LAT": 35.127693,
      "AFTER_LON": 130.25674,
      "SOG": 9.1,
      "MOVINGTIME": 1800.0,
      "ARRIVALTIME": "20251204034800"
    },
    {
      "SEQ": 106,
      "BEFORE_NODE": 106.0,
      "AFTER_NODE": 107.0,
      "BEFORE_LAT": 35.127693,
      "BEFORE_LON": 130.25674,
      "AFTER_LAT": 35.910904,
      "AFTER_LON": 133.1512,
      "SOG": 10,
      "MOVINGTIME": 54060.0,
      "ARRIVALTIME": "20251204184900"
    },
    {
      "SEQ": 107,
      "BEFORE_NODE": 107.0,
      "AFTER_NODE": 108.0,
      "BEFORE_LAT": 35.910904,
      "BEFORE_LON": 133.1512,
      "AFTER_LAT": 35.937084,
      "AFTER_LON": 133.24228,
      "SOG": 9.8,
      "MOVINGTIME": 1680.0,
      "ARRIVALTIME": "20251204191700"
    },
    {
      "SEQ": 108,
      "BEFORE_NODE": 108.0,
      "AFTER_NODE": 109.0,
      "BEFORE_LAT": 35.937084,
      "BEFORE_LON": 133.24228,
      "AFTER_LAT": 35.966373,
      "AFTER_LON": 133.32101,
      "SOG": 9.6,
      "MOVINGTIME": 1980.0,
      "ARRIVALTIME": "20251204195000"
    },
    {
      "SEQ": 109,
      "BEFORE_NODE": 109.0,
      "AFTER_NODE": 110.0,
      "BEFORE_LAT": 35.966373,
      "BEFORE_LON": 133.32101,
      "AFTER_LAT": 35.9995,
      "AFTER_LON": 133.41644,
      "SOG": 9.5,
      "MOVINGTIME": 1740.0,
      "ARRIVALTIME": "20251204201900"
    },
    {
      "SEQ": 110,
      "BEFORE_NODE": 110.0,
      "AFTER_NODE": 111.0,
      "BEFORE_LAT": 35.9995,
      "BEFORE_LON": 133.41644,
      "AFTER_LAT": 36.035664,
      "AFTER_LON": 133.50803,
      "SOG": 9.1,
      "MOVINGTIME": 1860.0,
      "ARRIVALTIME": "20251204205000"
    },
    {
      "SEQ": 111,
      "BEFORE_NODE": 111.0,
      "AFTER_NODE": 112.0,
      "BEFORE_LAT": 36.035664,
      "BEFORE_LON": 133.50803,
      "AFTER_LAT": 36.076763,
      "AFTER_LON": 133.60873,
      "SOG": 9.8,
      "MOVINGTIME": 1740.0,
      "ARRIVALTIME": "20251204211900"
    },
    {
      "SEQ": 112,
      "BEFORE_NODE": 112.0,
      "AFTER_NODE": 113.0,
      "BEFORE_LAT": 36.076763,
      "BEFORE_LON": 133.60873,
      "AFTER_LAT": 36.122086,
      "AFTER_LON": 133.70146,
      "SOG": 9.6,
      "MOVINGTIME": 1920.0,
      "ARRIVALTIME": "20251204215100"
    },
    {
      "SEQ": 113,
      "BEFORE_NODE": 113.0,
      "AFTER_NODE": 114.0,
      "BEFORE_LAT": 36.122086,
      "BEFORE_LON": 133.70146,
      "AFTER_LAT": 36.186653,
      "AFTER_LON": 133.84422,
      "SOG": 9.1,
      "MOVINGTIME": 3420.0,
      "ARRIVALTIME": "20251204224800"
    },
    {
      "SEQ": 114,
      "BEFORE_NODE": 114.0,
      "AFTER_NODE": 115.0,
      "BEFORE_LAT": 36.186653,
      "BEFORE_LON": 133.84422,
      "AFTER_LAT": 37.158943,
      "AFTER_LON": 136.09445,
      "SOG": 8.6,
      "MOVINGTIME": 52320.0,
      "ARRIVALTIME": "20251205132000"
    },
    {
      "SEQ": 115,
      "BEFORE_NODE": 115.0,
      "AFTER_NODE": 116.0,
      "BEFORE_LAT": 37.158943,
      "BEFORE_LON": 136.09445,
      "AFTER_LAT": 37.229939,
      "AFTER_LON": 136.2563,
      "SOG": 8.3,
      "MOVINGTIME": 3420.0,
      "ARRIVALTIME": "20251205141700"
    },
    {
      "SEQ": 116,
      "BEFORE_NODE": 116.0,
      "AFTER_NODE": 117.0,
      "BEFORE_LAT": 37.229939,
      "BEFORE_LON": 136.2563,
      "AFTER_LAT": 37.256729,
      "AFTER_LON": 136.31654,
      "SOG": 8.5,
      "MOVINGTIME": 1980.0,
      "ARRIVALTIME": "20251205145000"
    },
    {
      "SEQ": 117,
      "BEFORE_NODE": 117.0,
      "AFTER_NODE": 118.0,
      "BEFORE_LAT": 37.256729,
      "BEFORE_LON": 136.31654,
      "AFTER_LAT": 37.303318,
      "AFTER_LON": 136.42883,
      "SOG": 8.8,
      "MOVINGTIME": 1800.0,
      "ARRIVALTIME": "20251205152000"
    },
    {
      "SEQ": 118,
      "BEFORE_NODE": 118.0,
      "AFTER_NODE": 119.0,
      "BEFORE_LAT": 37.303318,
      "BEFORE_LON": 136.42883,
      "AFTER_LAT": 37.327534,
      "AFTER_LON": 136.49217,
      "SOG": 9.1,
      "MOVINGTIME": 1740.0,
      "ARRIVALTIME": "20251205154900"
    },
    {
      "SEQ": 119,
      "BEFORE_NODE": 119.0,
      "AFTER_NODE": 120.0,
      "BEFORE_LAT": 37.327534,
      "BEFORE_LON": 136.49217,
      "AFTER_LAT": 37.361683,
      "AFTER_LON": 136.5768,
      "SOG": 9,
      "MOVINGTIME": 1680.0,
      "ARRIVALTIME": "20251205161700"
    },
    {
      "SEQ": 120,
      "BEFORE_NODE": 120.0,
      "AFTER_NODE": 121.0,
      "BEFORE_LAT": 37.361683,
      "BEFORE_LON": 136.5768,
      "AFTER_LAT": 37.400085,
      "AFTER_LON": 136.67256,
      "SOG": 8.6,
      "MOVINGTIME": 2040.0,
      "ARRIVALTIME": "20251205165100"
    },
    {
      "SEQ": 121,
      "BEFORE_NODE": 121.0,
      "AFTER_NODE": 122.0,
      "BEFORE_LAT": 37.400085,
      "BEFORE_LON": 136.67256,
      "AFTER_LAT": 37.435501,
      "AFTER_LON": 136.758,
      "SOG": 8.3,
      "MOVINGTIME": 1740.0,
      "ARRIVALTIME": "20251205172000"
    },
    {
      "SEQ": 122,
      "BEFORE_NODE": 122.0,
      "AFTER_NODE": 123.0,
      "BEFORE_LAT": 37.435501,
      "BEFORE_LON": 136.758,
      "AFTER_LAT": 37.659653,
      "AFTER_LON": 137.25623,
      "SOG": 8.6,
      "MOVINGTIME": 12480.0,
      "ARRIVALTIME": "20251205204800"
    }
  ]
}