{
  "mmsi": "477846600",
  "PredResult": [
    {
      "SEQ": 0,
      "BEFORE_NODE": 0.0,
      "AFTER_NODE": 1.0,
      "BEFORE_LAT": -1.424735,
      "BEFORE_LON": 82.360367,
      "AFTER_LAT": -1.1110966,
      "AFTER_LON": 82.907043,
      "SOG": 11.5,
      "MOVINGTIME": 10740.0,
      "ARRIVALTIME": "20251201091700"
    },
    {
      "SEQ": 1,
      "BEFORE_NODE": 1.0,
      "AFTER_NODE": 2.0,
      "BEFORE_LAT": -1.1110966,
      "BEFORE_LON": 82.907043,
      "AFTER_LAT": 1.427205,
      "AFTER_LON": 87.165283,
      "SOG": 10.6,
      "MOVINGTIME": 98040.0,
      "ARRIVALTIME": "20251202123100"
    },
    {
      "SEQ": 2,
      "BEFORE_NODE": 2.0,
      "AFTER_NODE": 3.0,
      "BEFORE_LAT": 1.427205,
      "BEFORE_LON": 87.165283,
      "AFTER_LAT": 1.4732417,
      "AFTER_LON": 87.24929,
      "SOG": 10.6,
      "MOVINGTIME": 1920.0,
      "ARRIVALTIME": "20251202130300"
    },
    {
      "SEQ": 3,
      "BEFORE_NODE": 3.0,
      "AFTER_NODE": 4.0,
      "BEFORE_LAT": 1.4732417,
      "BEFORE_LON": 87.24929,
      "AFTER_LAT": 1.5142317,
      "AFTER_LON": 87.322441,
      "SOG": 10.8,
      "MOVINGTIME": 1380.0,
      "ARRIVALTIME": "20251202132600"
    },
    {
      "SEQ": 4,
      "BEFORE_NODE": 4.0,
      "AFTER_NODE": 5.0,
      "BEFORE_LAT": 1.5142317,
      "BEFORE_LON": 87.322441,
      "AFTER_LAT": 1.54994,
      "AFTER_LON": 87.385384,
      "SOG": 10.6,
      "MOVINGTIME": 1260.0,
      "ARRIVALTIME": "20251202134700"
    },
    {
      "SEQ": 5,
      "BEFORE_NODE": 5.0,
      "AFTER_NODE": 6.0,
      "BEFORE_LAT": 1.54994,
      "BEFORE_LON": 87.385384,
      "AFTER_LAT": 1.74953,
      "AFTER_LON": 87.739632,
      "SOG": 10.8,
      "MOVINGTIME": 8160.0,
      "ARRIVALTIME": "20251202160300"
    },
    {
      "SEQ": 6,
      "BEFORE_NODE": 6.0,
      "AFTER_NODE": 7.0,
      "BEFORE_LAT": 1.74953,
      "BEFORE_LON": 87.739632,
      "AFTER_LAT": 1.7871534,
      "AFTER_LON": 87.796593,
      "SOG": 10.8,
      "MOVINGTIME": 1740.0,
      "ARRIVALTIME": "20251202163200"
    },
    {
      "SEQ": 7,
      "BEFORE_NODE": 7.0,
      "AFTER_NODE": 8.0,
      "BEFORE_LAT": 1.7871534,
      "BEFORE_LON": 87.796593,
      "AFTER_LAT": 1.8278717,
      "AFTER_LON": 87.857773,
      "SOG": 11.1,
      "MOVINGTIME": 1200.0,
      "ARRIVALTIME": "20251202165200"
    },
    {
      "SEQ": 8,
      "BEFORE_NODE": 8.0,
      "AFTER_NODE": 9.0,
      "BEFORE_LAT": 1.8278717,
      "BEFORE_LON": 87.857773,
      "AFTER_LAT": 1.8837583,
      "AFTER_LON": 87.944481,
      "SOG": 11.1,
      "MOVINGTIME": 2400.0,
      "ARRIVALTIME": "20251202173200"
    },
    {
      "SEQ": 9,
      "BEFORE_NODE": 9.0,
      "AFTER_NODE": 10.0,
      "BEFORE_LAT": 1.8837583,
      "BEFORE_LON": 87.944481,
      "AFTER_LAT": 1.939945,
      "AFTER_LON": 88.037781,
      "SOG": 11.3,
      "MOVINGTIME": 1920.0,
      "ARRIVALTIME": "20251202180400"
    },
    {
      "SEQ": 10,
      "BEFORE_NODE": 10.0,
      "AFTER_NODE": 11.0,
      "BEFORE_LAT": 1.939945,
      "BEFORE_LON": 88.037781,
      "AFTER_LAT": 1.9914833,
      "AFTER_LON": 88.125969,
      "SOG": 11.1,
      "MOVINGTIME": 1620.0,
      "ARRIVALTIME": "20251202183100"
    },
    {
      "SEQ": 11,
      "BEFORE_NODE": 11.0,
      "AFTER_NODE": 12.0,
      "BEFORE_LAT": 1.9914833,
      "BEFORE_LON": 88.125969,
      "AFTER_LAT": 2.0414917,
      "AFTER_LON": 88.210701,
      "SOG": 11.3,
      "MOVINGTIME": 1860.0,
      "ARRIVALTIME": "20251202190200"
    },
    {
      "SEQ": 12,
      "BEFORE_NODE": 12.0,
      "AFTER_NODE": 13.0,
      "BEFORE_LAT": 2.0414917,
      "BEFORE_LON": 88.210701,
      "AFTER_LAT": 2.0851634,
      "AFTER_LON": 88.284355,
      "SOG": 11.3,
      "MOVINGTIME": 1740.0,
      "ARRIVALTIME": "20251202193100"
    },
    {
      "SEQ": 13,
      "BEFORE_NODE": 13.0,
      "AFTER_NODE": 14.0,
      "BEFORE_LAT": 2.0851634,
      "BEFORE_LON": 88.284355,
      "AFTER_LAT": 2.1400149,
      "AFTER_LON": 88.37748,
      "SOG": 11.3,
      "MOVINGTIME": 1860.0,
      "ARRIVALTIME": "20251202200200"
    },
    {
      "SEQ": 14,
      "BEFORE_NODE": 14.0,
      "AFTER_NODE": 15.0,
      "BEFORE_LAT": 2.1400149,
      "BEFORE_LON": 88.37748,
      "AFTER_LAT": 2.1807067,
      "AFTER_LON": 88.447304,
      "SOG": 11.5,
      "MOVINGTIME": 1860.0,
      "ARRIVALTIME": "20251202203300"
    },
    {
      "SEQ": 15,
      "BEFORE_NODE": 15.0,
      "AFTER_NODE": 16.0,
      "BEFORE_LAT": 2.1807067,
      "BEFORE_LON": 88.447304,
      "AFTER_LAT": 2.2343082,
      "AFTER_LON": 88.5392,
      "SOG": 11.5,
      "MOVINGTIME": 1860.0,
      "ARRIVALTIME": "20251202210400"
    },
    {
      "SEQ": 16,
      "BEFORE_NODE": 16.0,
      "AFTER_NODE": 17.0,
      "BEFORE_LAT": 2.2343082,
      "BEFORE_LON": 88.5392,
      "AFTER_LAT": 2.2859917,
      "AFTER_LON": 88.627991,
      "SOG": 11.6,
      "MOVINGTIME": 1680.0,
      "ARRIVALTIME": "20251202213200"
    },
    {
      "SEQ": 17,
      "BEFORE_NODE": 17.0,
      "AFTER_NODE": 18.0,
      "BEFORE_LAT": 2.2859917,
      "BEFORE_LON": 88.627991,
      "AFTER_LAT": 2.3299882,
      "AFTER_LON": 88.704948,
      "SOG": 11.6,
      "MOVINGTIME": 1800.0,
      "ARRIVALTIME": "20251202220200"
    },
    {
      "SEQ": 18,
      "BEFORE_NODE": 18.0,
      "AFTER_NODE": 19.0,
      "BEFORE_LAT": 2.3299882,
      "BEFORE_LON": 88.704948,
      "AFTER_LAT": 2.3738699,
      "AFTER_LON": 88.778465,
      "SOG": 11.6,
      "MOVINGTIME": 1920.0,
      "ARRIVALTIME": "20251202223400"
    },
    {
      "SEQ": 19,
      "BEFORE_NODE": 19.0,
      "AFTER_NODE": 20.0,
      "BEFORE_LAT": 2.3738699,
      "BEFORE_LON": 88.778465,
      "AFTER_LAT": 2.4319668,
      "AFTER_LON": 88.876625,
      "SOG": 11.6,
      "MOVINGTIME": 1740.0,
      "ARRIVALTIME": "20251202230300"
    },
    {
      "SEQ": 20,
      "BEFORE_NODE": 20.0,
      "AFTER_NODE": 21.0,
      "BEFORE_LAT": 2.4319668,
      "BEFORE_LON": 88.876625,
      "AFTER_LAT": 2.4740567,
      "AFTER_LON": 88.948402,
      "SOG": 11.6,
      "MOVINGTIME": 1800.0,
      "ARRIVALTIME": "20251202233300"
    },
    {
      "SEQ": 21,
      "BEFORE_NODE": 21.0,
      "AFTER_NODE": 22.0,
      "BEFORE_LAT": 2.4740567,
      "BEFORE_LON": 88.948402,
      "AFTER_LAT": 2.5329649,
      "AFTER_LON": 89.048729,
      "SOG": 11.6,
      "MOVINGTIME": 1860.0,
      "ARRIVALTIME": "20251203000400"
    },
    {
      "SEQ": 22,
      "BEFORE_NODE": 22.0,
      "AFTER_NODE": 23.0,
      "BEFORE_LAT": 2.5329649,
      "BEFORE_LON": 89.048729,
      "AFTER_LAT": 2.5696917,
      "AFTER_LON": 89.11132,
      "SOG": 11.6,
      "MOVINGTIME": 1680.0,
      "ARRIVALTIME": "20251203003200"
    },
    {
      "SEQ": 23,
      "BEFORE_NODE": 23.0,
      "AFTER_NODE": 24.0,
      "BEFORE_LAT": 2.5696917,
      "BEFORE_LON": 89.11132,
      "AFTER_LAT": 2.6236517,
      "AFTER_LON": 89.202225,
      "SOG": 11.6,
      "MOVINGTIME": 1980.0,
      "ARRIVALTIME": "20251203010500"
    },
    {
      "SEQ": 24,
      "BEFORE_NODE": 24.0,
      "AFTER_NODE": 25.0,
      "BEFORE_LAT": 2.6236517,
      "BEFORE_LON": 89.202225,
      "AFTER_LAT": 2.6822033,
      "AFTER_LON": 89.302917,
      "SOG": 11.5,
      "MOVINGTIME": 1680.0,
      "ARRIVALTIME": "20251203013300"
    },
    {
      "SEQ": 25,
      "BEFORE_NODE": 25.0,
      "AFTER_NODE": 26.0,
      "BEFORE_LAT": 2.6822033,
      "BEFORE_LON": 89.302917,
      "AFTER_LAT": 2.7256334,
      "AFTER_LON": 89.380203,
      "SOG": 11.6,
      "MOVINGTIME": 1980.0,
      "ARRIVALTIME": "20251203020600"
    },
    {
      "SEQ": 26,
      "BEFORE_NODE": 26.0,
      "AFTER_NODE": 27.0,
      "BEFORE_LAT": 2.7256334,
      "BEFORE_LON": 89.380203,
      "AFTER_LAT": 2.7786133,
      "AFTER_LON": 89.473122,
      "SOG": 11.8,
      "MOVINGTIME": 1920.0,
      "ARRIVALTIME": "20251203023800"
    },
    {
      "SEQ": 27,
      "BEFORE_NODE": 27.0,
      "AFTER_NODE": 28.0,
      "BEFORE_LAT": 2.7786133,
      "BEFORE_LON": 89.473122,
      "AFTER_LAT": 2.8282733,
      "AFTER_LON": 89.558319,
      "SOG": 11.8,
      "MOVINGTIME": 1440.0,
      "ARRIVALTIME": "20251203030200"
    },
    {
      "SEQ": 28,
      "BEFORE_NODE": 28.0,
      "AFTER_NODE": 29.0,
      "BEFORE_LAT": 2.8282733,
      "BEFORE_LON": 89.558319,
      "AFTER_LAT": 2.8631151,
      "AFTER_LON": 89.617577,
      "SOG": 11.6,
      "MOVINGTIME": 1380.0,
      "ARRIVALTIME": "20251203032500"
    },
    {
      "SEQ": 29,
      "BEFORE_NODE": 29.0,
      "AFTER_NODE": 30.0,
      "BEFORE_LAT": 2.8631151,
      "BEFORE_LON": 89.617577,
      "AFTER_LAT": 3.1656983,
      "AFTER_LON": 90.124725,
      "SOG": 11.6,
      "MOVINGTIME": 10920.0,
      "ARRIVALTIME": "20251203062700"
    },
    {
      "SEQ": 30,
      "BEFORE_NODE": 30.0,
      "AFTER_NODE": 31.0,
      "BEFORE_LAT": 3.1656983,
      "BEFORE_LON": 90.124725,
      "AFTER_LAT": 3.4069884,
      "AFTER_LON": 90.524574,
      "SOG": 11.5,
      "MOVINGTIME": 8820.0,
      "ARRIVALTIME": "20251203085400"
    },
    {
      "SEQ": 31,
      "BEFORE_NODE": 31.0,
      "AFTER_NODE": 32.0,
      "BEFORE_LAT": 3.4069884,
      "BEFORE_LON": 90.524574,
      "AFTER_LAT": 3.6078351,
      "AFTER_LON": 90.862053,
      "SOG": 11.3,
      "MOVINGTIME": 6960.0,
      "ARRIVALTIME": "20251203105000"
    },
    {
      "SEQ": 32,
      "BEFORE_NODE": 32.0,
      "AFTER_NODE": 33.0,
      "BEFORE_LAT": 3.6078351,
      "BEFORE_LON": 90.862053,
      "AFTER_LAT": 3.6523433,
      "AFTER_LON": 90.947617,
      "SOG": 11,
      "MOVINGTIME": 1740.0,
      "ARRIVALTIME": "20251203111900"
    },
    {
      "SEQ": 33,
      "BEFORE_NODE": 33.0,
      "AFTER_NODE": 34.0,
      "BEFORE_LAT": 3.6523433,
      "BEFORE_LON": 90.947617,
      "AFTER_LAT": 3.7070067,
      "AFTER_LON": 91.043243,
      "SOG": 11.3,
      "MOVINGTIME": 2640.0,
      "ARRIVALTIME": "20251203120300"
    },
    {
      "SEQ": 34,
      "BEFORE_NODE": 34.0,
      "AFTER_NODE": 35.0,
      "BEFORE_LAT": 3.7070067,
      "BEFORE_LON": 91.043243,
      "AFTER_LAT": 3.7457983,
      "AFTER_LON": 91.108185,
      "SOG": 11.3,
      "MOVINGTIME": 1440.0,
      "ARRIVALTIME": "20251203122700"
    },
    {
      "SEQ": 35,
      "BEFORE_NODE": 35.0,
      "AFTER_NODE": 36.0,
      "BEFORE_LAT": 3.7457983,
      "BEFORE_LON": 91.108185,
      "AFTER_LAT": 3.90503,
      "AFTER_LON": 91.375938,
      "SOG": 10.6,
      "MOVINGTIME": 5700.0,
      "ARRIVALTIME": "20251203140200"
    },
    {
      "SEQ": 36,
      "BEFORE_NODE": 36.0,
      "AFTER_NODE": 37.0,
      "BEFORE_LAT": 3.90503,
      "BEFORE_LON": 91.375938,
      "AFTER_LAT": 3.9492216,
      "AFTER_LON": 91.450638,
      "SOG": 10.6,
      "MOVINGTIME": 1680.0,
      "ARRIVALTIME": "20251203143000"
    },
    {
      "SEQ": 37,
      "BEFORE_NODE": 37.0,
      "AFTER_NODE": 38.0,
      "BEFORE_LAT": 3.9492216,
      "BEFORE_LON": 91.450638,
      "AFTER_LAT": 3.9812434,
      "AFTER_LON": 91.503799,
      "SOG": 10.6,
      "MOVINGTIME": 1740.0,
      "ARRIVALTIME": "20251203145900"
    },
    {
      "SEQ": 38,
      "BEFORE_NODE": 38.0,
      "AFTER_NODE": 39.0,
      "BEFORE_LAT": 3.9812434,
      "BEFORE_LON": 91.503799,
      "AFTER_LAT": 4.1279249,
      "AFTER_LON": 91.761154,
      "SOG": 10.6,
      "MOVINGTIME": 5580.0,
      "ARRIVALTIME": "20251203163200"
    },
    {
      "SEQ": 39,
      "BEFORE_NODE": 39.0,
      "AFTER_NODE": 40.0,
      "BEFORE_LAT": 4.1279249,
      "BEFORE_LON": 91.761154,
      "AFTER_LAT": 4.1768131,
      "AFTER_LON": 91.850151,
      "SOG": 10.3,
      "MOVINGTIME": 1800.0,
      "ARRIVALTIME": "20251203170200"
    },
    {
      "SEQ": 40,
      "BEFORE_NODE": 40.0,
      "AFTER_NODE": 41.0,
      "BEFORE_LAT": 4.1768131,
      "BEFORE_LON": 91.850151,
      "AFTER_LAT": 4.1877031,
      "AFTER_LON": 91.869507,
      "SOG": 10.3,
      "MOVINGTIME": 1020.0,
      "ARRIVALTIME": "20251203171900"
    },
    {
      "SEQ": 41,
      "BEFORE_NODE": 41.0,
      "AFTER_NODE": 42.0,
      "BEFORE_LAT": 4.1877031,
      "BEFORE_LON": 91.869507,
      "AFTER_LAT": 4.2505002,
      "AFTER_LON": 91.97821,
      "SOG": 10.1,
      "MOVINGTIME": 2520.0,
      "ARRIVALTIME": "20251203180100"
    },
    {
      "SEQ": 42,
      "BEFORE_NODE": 42.0,
      "AFTER_NODE": 43.0,
      "BEFORE_LAT": 4.2505002,
      "BEFORE_LON": 91.97821,
      "AFTER_LAT": 4.6817899,
      "AFTER_LON": 92.692123,
      "SOG": 9.6,
      "MOVINGTIME": 17580.0,
      "ARRIVALTIME": "20251203225400"
    },
    {
      "SEQ": 43,
      "BEFORE_NODE": 43.0,
      "AFTER_NODE": 44.0,
      "BEFORE_LAT": 4.6817899,
      "BEFORE_LON": 92.692123,
      "AFTER_LAT": 4.8244033,
      "AFTER_LON": 92.919128,
      "SOG": 10.3,
      "MOVINGTIME": 6000.0,
      "ARRIVALTIME": "20251204003400"
    },
    {
      "SEQ": 44,
      "BEFORE_NODE": 44.0,
      "AFTER_NODE": 45.0,
      "BEFORE_LAT": 4.8244033,
      "BEFORE_LON": 92.919128,
      "AFTER_LAT": 4.8696952,
      "AFTER_LON": 92.995331,
      "SOG": 10.5,
      "MOVINGTIME": 1620.0,
      "ARRIVALTIME": "20251204010100"
    },
    {
      "SEQ": 45,
      "BEFORE_NODE": 45.0,
      "AFTER_NODE": 46.0,
      "BEFORE_LAT": 4.8696952,
      "BEFORE_LON": 92.995331,
      "AFTER_LAT": 4.9243035,
      "AFTER_LON": 93.092781,
      "SOG": 10.6,
      "MOVINGTIME": 2100.0,
      "ARRIVALTIME": "20251204013600"
    },
    {
      "SEQ": 46,
      "BEFORE_NODE": 46.0,
      "AFTER_NODE": 47.0,
      "BEFORE_LAT": 4.9243035,
      "BEFORE_LON": 93.092781,
      "AFTER_LAT": 4.953835,
      "AFTER_LON": 93.148041,
      "SOG": 10.3,
      "MOVINGTIME": 1800.0,
      "ARRIVALTIME": "20251204020600"
    },
    {
      "SEQ": 47,
      "BEFORE_NODE": 47.0,
      "AFTER_NODE": 48.0,
      "BEFORE_LAT": 4.953835,
      "BEFORE_LON": 93.148041,
      "AFTER_LAT": 5.0130568,
      "AFTER_LON": 93.258049,
      "SOG": 10.3,
      "MOVINGTIME": 1980.0,
      "ARRIVALTIME": "20251204023900"
    },
    {
      "SEQ": 48,
      "BEFORE_NODE": 48.0,
      "AFTER_NODE": 49.0,
      "BEFORE_LAT": 5.0130568,
      "BEFORE_LON": 93.258049,
      "AFTER_LAT": 5.0447898,
      "AFTER_LON": 93.311287,
      "SOG": 10.6,
      "MOVINGTIME": 1680.0,
      "ARRIVALTIME": "20251204030700"
    },
    {
      "SEQ": 49,
      "BEFORE_NODE": 49.0,
      "AFTER_NODE": 50.0,
      "BEFORE_LAT": 5.0447898,
      "BEFORE_LON": 93.311287,
      "AFTER_LAT": 5.0991902,
      "AFTER_LON": 93.38903,
      "SOG": 10.6,
      "MOVINGTIME": 1500.0,
      "ARRIVALTIME": "20251204033200"
    },
    {
      "SEQ": 50,
      "BEFORE_NODE": 50.0,
      "AFTER_NODE": 51.0,
      "BEFORE_LAT": 5.0991902,
      "BEFORE_LON": 93.38903,
      "AFTER_LAT": 5.149065,
      "AFTER_LON": 93.466225,
      "SOG": 10.8,
      "MOVINGTIME": 1800.0,
      "ARRIVALTIME": "20251204040200"
    },
    {
      "SEQ": 51,
      "BEFORE_NODE": 51.0,
      "AFTER_NODE": 52.0,
      "BEFORE_LAT": 5.149065,
      "BEFORE_LON": 93.466225,
      "AFTER_LAT": 5.1784101,
      "AFTER_LON": 93.528152,
      "SOG": 10.6,
      "MOVINGTIME": 1860.0,
      "ARRIVALTIME": "20251204043300"
    },
    {
      "SEQ": 52,
      "BEFORE_NODE": 52.0,
      "AFTER_NODE": 53.0,
      "BEFORE_LAT": 5.1784101,
      "BEFORE_LON": 93.528152,
      "AFTER_LAT": 5.2067251,
      "AFTER_LON": 93.630341,
      "SOG": 10.6,
      "MOVINGTIME": 1800.0,
      "ARRIVALTIME": "20251204050300"
    },
    {
      "SEQ": 53,
      "BEFORE_NODE": 53.0,
      "AFTER_NODE": 54.0,
      "BEFORE_LAT": 5.2067251,
      "BEFORE_LON": 93.630341,
      "AFTER_LAT": 5.2545633,
      "AFTER_LON": 93.709084,
      "SOG": 10.3,
      "MOVINGTIME": 1860.0,
      "ARRIVALTIME": "20251204053400"
    },
    {
      "SEQ": 54,
      "BEFORE_NODE": 54.0,
      "AFTER_NODE": 55.0,
      "BEFORE_LAT": 5.2545633,
      "BEFORE_LON": 93.709084,
      "AFTER_LAT": 5.2993016,
      "AFTER_LON": 93.78289,
      "SOG": 10.1,
      "MOVINGTIME": 1800.0,
      "ARRIVALTIME": "20251204060400"
    },
    {
      "SEQ": 55,
      "BEFORE_NODE": 55.0,
      "AFTER_NODE": 56.0,
      "BEFORE_LAT": 5.2993016,
      "BEFORE_LON": 93.78289,
      "AFTER_LAT": 5.32972,
      "AFTER_LON": 93.837624,
      "SOG": 10.8,
      "MOVINGTIME": 1740.0,
      "ARRIVALTIME": "20251204063300"
    },
    {
      "SEQ": 56,
      "BEFORE_NODE": 56.0,
      "AFTER_NODE": 57.0,
      "BEFORE_LAT": 5.32972,
      "BEFORE_LON": 93.837624,
      "AFTER_LAT": 5.3778381,
      "AFTER_LON": 93.919617,
      "SOG": 11.1,
      "MOVINGTIME": 1740.0,
      "ARRIVALTIME": "20251204070200"
    },
    {
      "SEQ": 57,
      "BEFORE_NODE": 57.0,
      "AFTER_NODE": 58.0,
      "BEFORE_LAT": 5.3778381,
      "BEFORE_LON": 93.919617,
      "AFTER_LAT": 5.4451251,
      "AFTER_LON": 94.03347,
      "SOG": 11.1,
      "MOVINGTIME": 2042.0,
      "ARRIVALTIME": "20251204073602"
    },
    {
      "SEQ": 58,
      "BEFORE_NODE": 58.0,
      "AFTER_NODE": 59.0,
      "BEFORE_LAT": 5.4451251,
      "BEFORE_LON": 94.03347,
      "AFTER_LAT": 5.4615984,
      "AFTER_LON": 94.060608,
      "SOG": 11.3,
      "MOVINGTIME": 1558.0,
      "ARRIVALTIME": "20251204080200"
    },
    {
      "SEQ": 59,
      "BEFORE_NODE": 59.0,
      "AFTER_NODE": 60.0,
      "BEFORE_LAT": 5.4615984,
      "BEFORE_LON": 94.060608,
      "AFTER_LAT": 5.5393267,
      "AFTER_LON": 94.183685,
      "SOG": 11.5,
      "MOVINGTIME": 1800.0,
      "ARRIVALTIME": "20251204083200"
    },
    {
      "SEQ": 60,
      "BEFORE_NODE": 60.0,
      "AFTER_NODE": 61.0,
      "BEFORE_LAT": 5.5393267,
      "BEFORE_LON": 94.183685,
      "AFTER_LAT": 5.5853186,
      "AFTER_LON": 94.258553,
      "SOG": 11.3,
      "MOVINGTIME": 1740.0,
      "ARRIVALTIME": "20251204090100"
    },
    {
      "SEQ": 61,
      "BEFORE_NODE": 61.0,
      "AFTER_NODE": 62.0,
      "BEFORE_LAT": 5.5853186,
      "BEFORE_LON": 94.258553,
      "AFTER_LAT": 5.6254249,
      "AFTER_LON": 94.327896,
      "SOG": 10.6,
      "MOVINGTIME": 1860.0,
      "ARRIVALTIME": "20251204093200"
    },
    {
      "SEQ": 62,
      "BEFORE_NODE": 62.0,
      "AFTER_NODE": 63.0,
      "BEFORE_LAT": 5.6254249,
      "BEFORE_LON": 94.327896,
      "AFTER_LAT": 5.6745701,
      "AFTER_LON": 94.41256,
      "SOG": 9.8,
      "MOVINGTIME": 1740.0,
      "ARRIVALTIME": "20251204100100"
    },
    {
      "SEQ": 63,
      "BEFORE_NODE": 63.0,
      "AFTER_NODE": 64.0,
      "BEFORE_LAT": 5.6745701,
      "BEFORE_LON": 94.41256,
      "AFTER_LAT": 5.7130499,
      "AFTER_LON": 94.477051,
      "SOG": 9.6,
      "MOVINGTIME": 1860.0,
      "ARRIVALTIME": "20251204103200"
    },
    {
      "SEQ": 64,
      "BEFORE_NODE": 64.0,
      "AFTER_NODE": 65.0,
      "BEFORE_LAT": 5.7130499,
      "BEFORE_LON": 94.477051,
      "AFTER_LAT": 5.7710319,
      "AFTER_LON": 94.568825,
      "SOG": 10.1,
      "MOVINGTIME": 1860.0,
      "ARRIVALTIME": "20251204110300"
    },
    {
      "SEQ": 65,
      "BEFORE_NODE": 65.0,
      "AFTER_NODE": 66.0,
      "BEFORE_LAT": 5.7710319,
      "BEFORE_LON": 94.568825,
      "AFTER_LAT": 5.8148532,
      "AFTER_LON": 94.64415,
      "SOG": 10.6,
      "MOVINGTIME": 1740.0,
      "ARRIVALTIME": "20251204113200"
    },
    {
      "SEQ": 66,
      "BEFORE_NODE": 66.0,
      "AFTER_NODE": 67.0,
      "BEFORE_LAT": 5.8148532,
      "BEFORE_LON": 94.64415,
      "AFTER_LAT": 5.84025,
      "AFTER_LON": 94.701767,
      "SOG": 10.3,
      "MOVINGTIME": 1740.0,
      "ARRIVALTIME": "20251204120100"
    },
    {
      "SEQ": 67,
      "BEFORE_NODE": 67.0,
      "AFTER_NODE": 68.0,
      "BEFORE_LAT": 5.84025,
      "BEFORE_LON": 94.701767,
      "AFTER_LAT": 5.8825598,
      "AFTER_LON": 94.799812,
      "SOG": 10.6,
      "MOVINGTIME": 1800.0,
      "ARRIVALTIME": "20251204123100"
    },
    {
      "SEQ": 68,
      "BEFORE_NODE": 68.0,
      "AFTER_NODE": 69.0,
      "BEFORE_LAT": 5.8825598,
      "BEFORE_LON": 94.799812,
      "AFTER_LAT": 5.9120851,
      "AFTER_LON": 94.876236,
      "SOG": 11.3,
      "MOVINGTIME": 1860.0,
      "ARRIVALTIME": "20251204130200"
    },
    {
      "SEQ": 69,
      "BEFORE_NODE": 69.0,
      "AFTER_NODE": 70.0,
      "BEFORE_LAT": 5.9120851,
      "BEFORE_LON": 94.876236,
      "AFTER_LAT": 5.9232883,
      "AFTER_LON": 94.988388,
      "SOG": 11,
      "MOVINGTIME": 1740.0,
      "ARRIVALTIME": "20251204133100"
    },
    {
      "SEQ": 70,
      "BEFORE_NODE": 70.0,
      "AFTER_NODE": 71.0,
      "BEFORE_LAT": 5.9232883,
      "BEFORE_LON": 94.988388,
      "AFTER_LAT": 5.9392748,
      "AFTER_LON": 95.072151,
      "SOG": 11,
      "MOVINGTIME": 1920.0,
      "ARRIVALTIME": "20251204140300"
    },
    {
      "SEQ": 71,
      "BEFORE_NODE": 71.0,
      "AFTER_NODE": 72.0,
      "BEFORE_LAT": 5.9392748,
      "BEFORE_LON": 95.072151,
      "AFTER_LAT": 5.9514151,
      "AFTER_LON": 95.174423,
      "SOG": 11.1,
      "MOVINGTIME": 1860.0,
      "ARRIVALTIME": "20251204143400"
    },
    {
      "SEQ": 72,
      "BEFORE_NODE": 72.0,
      "AFTER_NODE": 73.0,
      "BEFORE_LAT": 5.9514151,
      "BEFORE_LON": 95.174423,
      "AFTER_LAT": 5.9574418,
      "AFTER_LON": 95.268219,
      "SOG": 11.1,
      "MOVINGTIME": 1740.0,
      "ARRIVALTIME": "20251204150300"
    },
    {
      "SEQ": 73,
      "BEFORE_NODE": 73.0,
      "AFTER_NODE": 74.0,
      "BEFORE_LAT": 5.9574418,
      "BEFORE_LON": 95.268219,
      "AFTER_LAT": 5.9685202,
      "AFTER_LON": 95.352943,
      "SOG": 11.3,
      "MOVINGTIME": 1740.0,
      "ARRIVALTIME": "20251204153200"
    },
    {
      "SEQ": 74,
      "BEFORE_NODE": 74.0,
      "AFTER_NODE": 75.0,
      "BEFORE_LAT": 5.9685202,
      "BEFORE_LON": 95.352943,
      "AFTER_LAT": 5.9720802,
      "AFTER_LON": 95.445023,
      "SOG": 11.3,
      "MOVINGTIME": 1800.0,
      "ARRIVALTIME": "20251204160200"
    },
    {
      "SEQ": 75,
      "BEFORE_NODE": 75.0,
      "AFTER_NODE": 76.0,
      "BEFORE_LAT": 5.9720802,
      "BEFORE_LON": 95.445023,
      "AFTER_LAT": 5.9544468,
      "AFTER_LON": 95.538666,
      "SOG": 11.3,
      "MOVINGTIME": 1860.0,
      "ARRIVALTIME": "20251204163300"
    },
    {
      "SEQ": 76,
      "BEFORE_NODE": 76.0,
      "AFTER_NODE": 77.0,
      "BEFORE_LAT": 5.9544468,
      "BEFORE_LON": 95.538666,
      "AFTER_LAT": 5.9318533,
      "AFTER_LON": 95.640297,
      "SOG": 11.1,
      "MOVINGTIME": 1740.0,
      "ARRIVALTIME": "20251204170200"
    },
    {
      "SEQ": 77,
      "BEFORE_NODE": 77.0,
      "AFTER_NODE": 78.0,
      "BEFORE_LAT": 5.9318533,
      "BEFORE_LON": 95.640297,
      "AFTER_LAT": 5.9199219,
      "AFTER_LON": 95.722786,
      "SOG": 11,
      "MOVINGTIME": 1860.0,
      "ARRIVALTIME": "20251204173300"
    },
    {
      "SEQ": 78,
      "BEFORE_NODE": 78.0,
      "AFTER_NODE": 79.0,
      "BEFORE_LAT": 5.9199219,
      "BEFORE_LON": 95.722786,
      "AFTER_LAT": 5.9091702,
      "AFTER_LON": 95.821983,
      "SOG": 11,
      "MOVINGTIME": 1740.0,
      "ARRIVALTIME": "20251204180200"
    },
    {
      "SEQ": 79,
      "BEFORE_NODE": 79.0,
      "AFTER_NODE": 80.0,
      "BEFORE_LAT": 5.9091702,
      "BEFORE_LON": 95.821983,
      "AFTER_LAT": 5.8970933,
      "AFTER_LON": 95.908424,
      "SOG": 11.1,
      "MOVINGTIME": 1680.0,
      "ARRIVALTIME": "20251204183000"
    },
    {
      "SEQ": 80,
      "BEFORE_NODE": 80.0,
      "AFTER_NODE": 81.0,
      "BEFORE_LAT": 5.8970933,
      "BEFORE_LON": 95.908424,
      "AFTER_LAT": 5.89327,
      "AFTER_LON": 95.940269,
      "SOG": 11,
      "MOVINGTIME": 1020.0,
      "ARRIVALTIME": "20251204184700"
    },
    {
      "SEQ": 81,
      "BEFORE_NODE": 81.0,
      "AFTER_NODE": 82.0,
      "BEFORE_LAT": 5.89327,
      "BEFORE_LON": 95.940269,
      "AFTER_LAT": 5.8850918,
      "AFTER_LON": 96.040375,
      "SOG": 11.1,
      "MOVINGTIME": 2400.0,
      "ARRIVALTIME": "20251204192700"
    },
    {
      "SEQ": 82,
      "BEFORE_NODE": 82.0,
      "AFTER_NODE": 83.0,
      "BEFORE_LAT": 5.8850918,
      "BEFORE_LON": 96.040375,
      "AFTER_LAT": 5.8519216,
      "AFTER_LON": 96.15918,
      "SOG": 11.1,
      "MOVINGTIME": 1860.0,
      "ARRIVALTIME": "20251204195800"
    },
    {
      "SEQ": 83,
      "BEFORE_NODE": 83.0,
      "AFTER_NODE": 84.0,
      "BEFORE_LAT": 5.8519216,
      "BEFORE_LON": 96.15918,
      "AFTER_LAT": 5.8176484,
      "AFTER_LON": 96.294594,
      "SOG": 11.1,
      "MOVINGTIME": 2280.0,
      "ARRIVALTIME": "20251204203600"
    },
    {
      "SEQ": 84,
      "BEFORE_NODE": 84.0,
      "AFTER_NODE": 85.0,
      "BEFORE_LAT": 5.8176484,
      "BEFORE_LON": 96.294594,
      "AFTER_LAT": 5.7977667,
      "AFTER_LON": 96.360695,
      "SOG": 11.1,
      "MOVINGTIME": 1980.0,
      "ARRIVALTIME": "20251204210900"
    },
    {
      "SEQ": 85,
      "BEFORE_NODE": 85.0,
      "AFTER_NODE": 86.0,
      "BEFORE_LAT": 5.7977667,
      "BEFORE_LON": 96.360695,
      "AFTER_LAT": 5.7619052,
      "AFTER_LON": 96.459877,
      "SOG": 10.6,
      "MOVINGTIME": 1500.0,
      "ARRIVALTIME": "20251204213400"
    },
    {
      "SEQ": 86,
      "BEFORE_NODE": 86.0,
      "AFTER_NODE": 87.0,
      "BEFORE_LAT": 5.7619052,
      "BEFORE_LON": 96.459877,
      "AFTER_LAT": 5.7408981,
      "AFTER_LON": 96.539314,
      "SOG": 10.8,
      "MOVINGTIME": 1740.0,
      "ARRIVALTIME": "20251204220300"
    },
    {
      "SEQ": 87,
      "BEFORE_NODE": 87.0,
      "AFTER_NODE": 88.0,
      "BEFORE_LAT": 5.7408981,
      "BEFORE_LON": 96.539314,
      "AFTER_LAT": 5.7102518,
      "AFTER_LON": 96.64225,
      "SOG": 11.1,
      "MOVINGTIME": 2040.0,
      "ARRIVALTIME": "20251204223700"
    },
    {
      "SEQ": 88,
      "BEFORE_NODE": 88.0,
      "AFTER_NODE": 89.0,
      "BEFORE_LAT": 5.7102518,
      "BEFORE_LON": 96.64225,
      "AFTER_LAT": 5.6992617,
      "AFTER_LON": 96.712616,
      "SOG": 10.8,
      "MOVINGTIME": 1800.0,
      "ARRIVALTIME": "20251204230700"
    },
    {
      "SEQ": 89,
      "BEFORE_NODE": 89.0,
      "AFTER_NODE": 90.0,
      "BEFORE_LAT": 5.6992617,
      "BEFORE_LON": 96.712616,
      "AFTER_LAT": 5.6913486,
      "AFTER_LON": 96.821106,
      "SOG": 11.3,
      "MOVINGTIME": 1680.0,
      "ARRIVALTIME": "20251204233500"
    },
    {
      "SEQ": 90,
      "BEFORE_NODE": 90.0,
      "AFTER_NODE": 91.0,
      "BEFORE_LAT": 5.6913486,
      "BEFORE_LON": 96.821106,
      "AFTER_LAT": 5.6776032,
      "AFTER_LON": 96.882828,
      "SOG": 11.1,
      "MOVINGTIME": 1740.0,
      "ARRIVALTIME": "20251205000400"
    },
    {
      "SEQ": 91,
      "BEFORE_NODE": 91.0,
      "AFTER_NODE": 92.0,
      "BEFORE_LAT": 5.6776032,
      "BEFORE_LON": 96.882828,
      "AFTER_LAT": 5.6497631,
      "AFTER_LON": 96.975845,
      "SOG": 11.1,
      "MOVINGTIME": 1800.0,
      "ARRIVALTIME": "20251205003400"
    },
    {
      "SEQ": 92,
      "BEFORE_NODE": 92.0,
      "AFTER_NODE": 93.0,
      "BEFORE_LAT": 5.6497631,
      "BEFORE_LON": 96.975845,
      "AFTER_LAT": 5.6082568,
      "AFTER_LON": 97.06147,
      "SOG": 11.1,
      "MOVINGTIME": 1740.0,
      "ARRIVALTIME": "20251205010300"
    },
    {
      "SEQ": 93,
      "BEFORE_NODE": 93.0,
      "AFTER_NODE": 94.0,
      "BEFORE_LAT": 5.6082568,
      "BEFORE_LON": 97.06147,
      "AFTER_LAT": 5.5722132,
      "AFTER_LON": 97.17662,
      "SOG": 10.6,
      "MOVINGTIME": 2040.0,
      "ARRIVALTIME": "20251205013700"
    },
    {
      "SEQ": 94,
      "BEFORE_NODE": 94.0,
      "AFTER_NODE": 95.0,
      "BEFORE_LAT": 5.5722132,
      "BEFORE_LON": 97.17662,
      "AFTER_LAT": 5.5661602,
      "AFTER_LON": 97.24205,
      "SOG": 10.8,
      "MOVINGTIME": 1740.0,
      "ARRIVALTIME": "20251205020600"
    },
    {
      "SEQ": 95,
      "BEFORE_NODE": 95.0,
      "AFTER_NODE": 96.0,
      "BEFORE_LAT": 5.5661602,
      "BEFORE_LON": 97.24205,
      "AFTER_LAT": 5.55651,
      "AFTER_LON": 97.35363,
      "SOG": 11.1,
      "MOVINGTIME": 1980.0,
      "ARRIVALTIME": "20251205023900"
    },
    {
      "SEQ": 96,
      "BEFORE_NODE": 96.0,
      "AFTER_NODE": 97.0,
      "BEFORE_LAT": 5.55651,
      "BEFORE_LON": 97.35363,
      "AFTER_LAT": 5.548265,
      "AFTER_LON": 97.436653,
      "SOG": 11.3,
      "MOVINGTIME": 1440.0,
      "ARRIVALTIME": "20251205030300"
    },
    {
      "SEQ": 97,
      "BEFORE_NODE": 97.0,
      "AFTER_NODE": 98.0,
      "BEFORE_LAT": 5.548265,
      "BEFORE_LON": 97.436653,
      "AFTER_LAT": 5.5417132,
      "AFTER_LON": 97.494492,
      "SOG": 11.6,
      "MOVINGTIME": 960.0,
      "ARRIVALTIME": "20251205031900"
    },
    {
      "SEQ": 98,
      "BEFORE_NODE": 98.0,
      "AFTER_NODE": 99.0,
      "BEFORE_LAT": 5.5417132,
      "BEFORE_LON": 97.494492,
      "AFTER_LAT": 5.3591566,
      "AFTER_LON": 97.863449,
      "SOG": 10.8,
      "MOVINGTIME": 8160.0,
      "ARRIVALTIME": "20251205053500"
    },
    {
      "SEQ": 99,
      "BEFORE_NODE": 99.0,
      "AFTER_NODE": 100.0,
      "BEFORE_LAT": 5.3591566,
      "BEFORE_LON": 97.863449,
      "AFTER_LAT": 5.3188281,
      "AFTER_LON": 97.929916,
      "SOG": 11.1,
      "MOVINGTIME": 1740.0,
      "ARRIVALTIME": "20251205060400"
    },
    {
      "SEQ": 100,
      "BEFORE_NODE": 100.0,
      "AFTER_NODE": 101.0,
      "BEFORE_LAT": 5.3188281,
      "BEFORE_LON": 97.929916,
      "AFTER_LAT": 5.20016,
      "AFTER_LON": 98.080017,
      "SOG": 8.1,
      "MOVINGTIME": 3480.0,
      "ARRIVALTIME": "20251205070200"
    },
    {
      "SEQ": 101,
      "BEFORE_NODE": 101.0,
      "AFTER_NODE": 102.0,
      "BEFORE_LAT": 5.20016,
      "BEFORE_LON": 98.080017,
      "AFTER_LAT": 5.1564069,
      "AFTER_LON": 98.138481,
      "SOG": 8.8,
      "MOVINGTIME": 1800.0,
      "ARRIVALTIME": "20251205073200"
    },
    {
      "SEQ": 102,
      "BEFORE_NODE": 102.0,
      "AFTER_NODE": 103.0,
      "BEFORE_LAT": 5.1564069,
      "BEFORE_LON": 98.138481,
      "AFTER_LAT": 5.0961432,
      "AFTER_LON": 98.219894,
      "SOG": 9.6,
      "MOVINGTIME": 1860.0,
      "ARRIVALTIME": "20251205080300"
    },
    {
      "SEQ": 103,
      "BEFORE_NODE": 103.0,
      "AFTER_NODE": 104.0,
      "BEFORE_LAT": 5.0961432,
      "BEFORE_LON": 98.219894,
      "AFTER_LAT": 5.0594115,
      "AFTER_LON": 98.264824,
      "SOG": 10.8,
      "MOVINGTIME": 1860.0,
      "ARRIVALTIME": "20251205083400"
    },
    {
      "SEQ": 104,
      "BEFORE_NODE": 104.0,
      "AFTER_NODE": 105.0,
      "BEFORE_LAT": 5.0594115,
      "BEFORE_LON": 98.264824,
      "AFTER_LAT": 4.9365668,
      "AFTER_LON": 98.415169,
      "SOG": 11,
      "MOVINGTIME": 3240.0,
      "ARRIVALTIME": "20251205092800"
    },
    {
      "SEQ": 105,
      "BEFORE_NODE": 105.0,
      "AFTER_NODE": 106.0,
      "BEFORE_LAT": 4.9365668,
      "BEFORE_LON": 98.415169,
      "AFTER_LAT": 4.8147898,
      "AFTER_LON": 98.540024,
      "SOG": 10.6,
      "MOVINGTIME": 3780.0,
      "ARRIVALTIME": "20251205103100"
    },
    {
      "SEQ": 106,
      "BEFORE_NODE": 106.0,
      "AFTER_NODE": 107.0,
      "BEFORE_LAT": 4.8147898,
      "BEFORE_LON": 98.540024,
      "AFTER_LAT": 4.7494249,
      "AFTER_LON": 98.623085,
      "SOG": 10.5,
      "MOVINGTIME": 1920.0,
      "ARRIVALTIME": "20251205110300"
    },
    {
      "SEQ": 107,
      "BEFORE_NODE": 107.0,
      "AFTER_NODE": 108.0,
      "BEFORE_LAT": 4.7494249,
      "BEFORE_LON": 98.623085,
      "AFTER_LAT": 4.697155,
      "AFTER_LON": 98.698631,
      "SOG": 10.5,
      "MOVINGTIME": 1800.0,
      "ARRIVALTIME": "20251205113300"
    },
    {
      "SEQ": 108,
      "BEFORE_NODE": 108.0,
      "AFTER_NODE": 109.0,
      "BEFORE_LAT": 4.697155,
      "BEFORE_LON": 98.698631,
      "AFTER_LAT": 4.6366048,
      "AFTER_LON": 98.767174,
      "SOG": 10.5,
      "MOVINGTIME": 1800.0,
      "ARRIVALTIME": "20251205120300"
    },
    {
      "SEQ": 109,
      "BEFORE_NODE": 109.0,
      "AFTER_NODE": 110.0,
      "BEFORE_LAT": 4.6366048,
      "BEFORE_LON": 98.767174,
      "AFTER_LAT": 4.5806298,
      "AFTER_LON": 98.83728,
      "SOG": 10.3,
      "MOVINGTIME": 1680.0,
      "ARRIVALTIME": "20251205123100"
    },
    {
      "SEQ": 110,
      "BEFORE_NODE": 110.0,
      "AFTER_NODE": 111.0,
      "BEFORE_LAT": 4.5806298,
      "BEFORE_LON": 98.83728,
      "AFTER_LAT": 4.5446301,
      "AFTER_LON": 98.88913,
      "SOG": 10.3,
      "MOVINGTIME": 1920.0,
      "ARRIVALTIME": "20251205130300"
    },
    {
      "SEQ": 111,
      "BEFORE_NODE": 111.0,
      "AFTER_NODE": 112.0,
      "BEFORE_LAT": 4.5446301,
      "BEFORE_LON": 98.88913,
      "AFTER_LAT": 4.4955416,
      "AFTER_LON": 98.963379,
      "SOG": 10.6,
      "MOVINGTIME": 1680.0,
      "ARRIVALTIME": "20251205133100"
    },
    {
      "SEQ": 112,
      "BEFORE_NODE": 112.0,
      "AFTER_NODE": 113.0,
      "BEFORE_LAT": 4.4955416,
      "BEFORE_LON": 98.963379,
      "AFTER_LAT": 4.4401417,
      "AFTER_LON": 99.040215,
      "SOG": 10.8,
      "MOVINGTIME": 1860.0,
      "ARRIVALTIME": "20251205140200"
    },
    {
      "SEQ": 113,
      "BEFORE_NODE": 113.0,
      "AFTER_NODE": 114.0,
      "BEFORE_LAT": 4.4401417,
      "BEFORE_LON": 99.040215,
      "AFTER_LAT": 4.3792481,
      "AFTER_LON": 99.111519,
      "SOG": 10.8,
      "MOVINGTIME": 1800.0,
      "ARRIVALTIME": "20251205143200"
    },
    {
      "SEQ": 114,
      "BEFORE_NODE": 114.0,
      "AFTER_NODE": 115.0,
      "BEFORE_LAT": 4.3792481,
      "BEFORE_LON": 99.111519,
      "AFTER_LAT": 4.3000784,
      "AFTER_LON": 99.171562,
      "SOG": 10.8,
      "MOVINGTIME": 1860.0,
      "ARRIVALTIME": "20251205150300"
    },
    {
      "SEQ": 115,
      "BEFORE_NODE": 115.0,
      "AFTER_NODE": 116.0,
      "BEFORE_LAT": 4.3000784,
      "BEFORE_LON": 99.171562,
      "AFTER_LAT": 4.2401733,
      "AFTER_LON": 99.245537,
      "SOG": 11.1,
      "MOVINGTIME": 1680.0,
      "ARRIVALTIME": "20251205153100"
    },
    {
      "SEQ": 116,
      "BEFORE_NODE": 116.0,
      "AFTER_NODE": 117.0,
      "BEFORE_LAT": 4.2401733,
      "BEFORE_LON": 99.245537,
      "AFTER_LAT": 4.2016535,
      "AFTER_LON": 99.293373,
      "SOG": 11.1,
      "MOVINGTIME": 1680.0,
      "ARRIVALTIME": "20251205155900"
    },
    {
      "SEQ": 117,
      "BEFORE_NODE": 117.0,
      "AFTER_NODE": 118.0,
      "BEFORE_LAT": 4.2016535,
      "BEFORE_LON": 99.293373,
      "AFTER_LAT": 4.1229968,
      "AFTER_LON": 99.395157,
      "SOG": 11.5,
      "MOVINGTIME": 1800.0,
      "ARRIVALTIME": "20251205162900"
    },
    {
      "SEQ": 118,
      "BEFORE_NODE": 118.0,
      "AFTER_NODE": 119.0,
      "BEFORE_LAT": 4.1229968,
      "BEFORE_LON": 99.395157,
      "AFTER_LAT": 4.0631652,
      "AFTER_LON": 99.448296,
      "SOG": 11.6,
      "MOVINGTIME": 2040.0,
      "ARRIVALTIME": "20251205170300"
    },
    {
      "SEQ": 119,
      "BEFORE_NODE": 119.0,
      "AFTER_NODE": 120.0,
      "BEFORE_LAT": 4.0631652,
      "BEFORE_LON": 99.448296,
      "AFTER_LAT": 3.9805117,
      "AFTER_LON": 99.526428,
      "SOG": 12,
      "MOVINGTIME": 1740.0,
      "ARRIVALTIME": "20251205173200"
    },
    {
      "SEQ": 120,
      "BEFORE_NODE": 120.0,
      "AFTER_NODE": 121.0,
      "BEFORE_LAT": 3.9805117,
      "BEFORE_LON": 99.526428,
      "AFTER_LAT": 3.9168684,
      "AFTER_LON": 99.613503,
      "SOG": 12.1,
      "MOVINGTIME": 1860.0,
      "ARRIVALTIME": "20251205180300"
    },
    {
      "SEQ": 121,
      "BEFORE_NODE": 121.0,
      "AFTER_NODE": 122.0,
      "BEFORE_LAT": 3.9168684,
      "BEFORE_LON": 99.613503,
      "AFTER_LAT": 3.8578916,
      "AFTER_LON": 99.688171,
      "SOG": 11.6,
      "MOVINGTIME": 1860.0,
      "ARRIVALTIME": "20251205183400"
    },
    {
      "SEQ": 122,
      "BEFORE_NODE": 122.0,
      "AFTER_NODE": 123.0,
      "BEFORE_LAT": 3.8578916,
      "BEFORE_LON": 99.688171,
      "AFTER_LAT": 3.7960865,
      "AFTER_LON": 99.739319,
      "SOG": 12.3,
      "MOVINGTIME": 1740.0,
      "ARRIVALTIME": "20251205190300"
    },
    {
      "SEQ": 123,
      "BEFORE_NODE": 123.0,
      "AFTER_NODE": 124.0,
      "BEFORE_LAT": 3.7960865,
      "BEFORE_LON": 99.739319,
      "AFTER_LAT": 3.731945,
      "AFTER_LON": 99.820801,
      "SOG": 12.1,
      "MOVINGTIME": 1740.0,
      "ARRIVALTIME": "20251205193200"
    },
    {
      "SEQ": 124,
      "BEFORE_NODE": 124.0,
      "AFTER_NODE": 125.0,
      "BEFORE_LAT": 3.731945,
      "BEFORE_LON": 99.820801,
      "AFTER_LAT": 3.6837516,
      "AFTER_LON": 99.905128,
      "SOG": 12,
      "MOVINGTIME": 1680.0,
      "ARRIVALTIME": "20251205200000"
    },
    {
      "SEQ": 125,
      "BEFORE_NODE": 125.0,
      "AFTER_NODE": 126.0,
      "BEFORE_LAT": 3.6837516,
      "BEFORE_LON": 99.905128,
      "AFTER_LAT": 3.6243784,
      "AFTER_LON": 100.00675,
      "SOG": 12.1,
      "MOVINGTIME": 1860.0,
      "ARRIVALTIME": "20251205203100"
    },
    {
      "SEQ": 126,
      "BEFORE_NODE": 126.0,
      "AFTER_NODE": 127.0,
      "BEFORE_LAT": 3.6243784,
      "BEFORE_LON": 100.00675,
      "AFTER_LAT": 3.5680716,
      "AFTER_LON": 100.09052,
      "SOG": 11.8,
      "MOVINGTIME": 1740.0,
      "ARRIVALTIME": "20251205210000"
    },
    {
      "SEQ": 127,
      "BEFORE_NODE": 127.0,
      "AFTER_NODE": 128.0,
      "BEFORE_LAT": 3.5680716,
      "BEFORE_LON": 100.09052,
      "AFTER_LAT": 3.515285,
      "AFTER_LON": 100.1532,
      "SOG": 11.6,
      "MOVINGTIME": 1980.0,
      "ARRIVALTIME": "20251205213300"
    },
    {
      "SEQ": 128,
      "BEFORE_NODE": 128.0,
      "AFTER_NODE": 129.0,
      "BEFORE_LAT": 3.515285,
      "BEFORE_LON": 100.1532,
      "AFTER_LAT": 3.4545851,
      "AFTER_LON": 100.22704,
      "SOG": 11.3,
      "MOVINGTIME": 1560.0,
      "ARRIVALTIME": "20251205215900"
    },
    {
      "SEQ": 129,
      "BEFORE_NODE": 129.0,
      "AFTER_NODE": 130.0,
      "BEFORE_LAT": 3.4545851,
      "BEFORE_LON": 100.22704,
      "AFTER_LAT": 3.3944483,
      "AFTER_LON": 100.30416,
      "SOG": 10.8,
      "MOVINGTIME": 1980.0,
      "ARRIVALTIME": "20251205223200"
    },
    {
      "SEQ": 130,
      "BEFORE_NODE": 130.0,
      "AFTER_NODE": 131.0,
      "BEFORE_LAT": 3.3944483,
      "BEFORE_LON": 100.30416,
      "AFTER_LAT": 3.3315101,
      "AFTER_LON": 100.3811,
      "SOG": 10.5,
      "MOVINGTIME": 1920.0,
      "ARRIVALTIME": "20251205230400"
    },
    {
      "SEQ": 131,
      "BEFORE_NODE": 131.0,
      "AFTER_NODE": 132.0,
      "BEFORE_LAT": 3.3315101,
      "BEFORE_LON": 100.3811,
      "AFTER_LAT": 3.2763083,
      "AFTER_LON": 100.44857,
      "SOG": 10.1,
      "MOVINGTIME": 1680.0,
      "ARRIVALTIME": "20251205233200"
    },
    {
      "SEQ": 132,
      "BEFORE_NODE": 132.0,
      "AFTER_NODE": 133.0,
      "BEFORE_LAT": 3.2763083,
      "BEFORE_LON": 100.44857,
      "AFTER_LAT": 3.2323949,
      "AFTER_LON": 100.50253,
      "SOG": 9.6,
      "MOVINGTIME": 1740.0,
      "ARRIVALTIME": "20251206000100"
    },
    {
      "SEQ": 133,
      "BEFORE_NODE": 133.0,
      "AFTER_NODE": 134.0,
      "BEFORE_LAT": 3.2323949,
      "BEFORE_LON": 100.50253,
      "AFTER_LAT": 3.1835318,
      "AFTER_LON": 100.56331,
      "SOG": 9.1,
      "MOVINGTIME": 1740.0,
      "ARRIVALTIME": "20251206003000"
    },
    {
      "SEQ": 134,
      "BEFORE_NODE": 134.0,
      "AFTER_NODE": 135.0,
      "BEFORE_LAT": 3.1835318,
      "BEFORE_LON": 100.56331,
      "AFTER_LAT": 3.1258767,
      "AFTER_LON": 100.63236,
      "SOG": 9.1,
      "MOVINGTIME": 1980.0,
      "ARRIVALTIME": "20251206010300"
    },
    {
      "SEQ": 135,
      "BEFORE_NODE": 135.0,
      "AFTER_NODE": 136.0,
      "BEFORE_LAT": 3.1258767,
      "BEFORE_LON": 100.63236,
      "AFTER_LAT": 3.0801084,
      "AFTER_LON": 100.68689,
      "SOG": 8.8,
      "MOVINGTIME": 1800.0,
      "ARRIVALTIME": "20251206013300"
    },
    {
      "SEQ": 136,
      "BEFORE_NODE": 136.0,
      "AFTER_NODE": 137.0,
      "BEFORE_LAT": 3.0801084,
      "BEFORE_LON": 100.68689,
      "AFTER_LAT": 3.0404716,
      "AFTER_LON": 100.73683,
      "SOG": 9.1,
      "MOVINGTIME": 1800.0,
      "ARRIVALTIME": "20251206020300"
    },
    {
      "SEQ": 137,
      "BEFORE_NODE": 137.0,
      "AFTER_NODE": 138.0,
      "BEFORE_LAT": 3.0404716,
      "BEFORE_LON": 100.73683,
      "AFTER_LAT": 2.98298,
      "AFTER_LON": 100.79942,
      "SOG": 8,
      "MOVINGTIME": 1740.0,
      "ARRIVALTIME": "20251206023200"
    },
    {
      "SEQ": 138,
      "BEFORE_NODE": 138.0,
      "AFTER_NODE": 139.0,
      "BEFORE_LAT": 2.98298,
      "BEFORE_LON": 100.79942,
      "AFTER_LAT": 2.9418933,
      "AFTER_LON": 100.84917,
      "SOG": 7.5,
      "MOVINGTIME": 2100.0,
      "ARRIVALTIME": "20251206030700"
    },
    {
      "SEQ": 139,
      "BEFORE_NODE": 139.0,
      "AFTER_NODE": 140.0,
      "BEFORE_LAT": 2.9418933,
      "BEFORE_LON": 100.84917,
      "AFTER_LAT": 2.8947582,
      "AFTER_LON": 100.9002,
      "SOG": 7.3,
      "MOVINGTIME": 1500.0,
      "ARRIVALTIME": "20251206033200"
    },
    {
      "SEQ": 140,
      "BEFORE_NODE": 140.0,
      "AFTER_NODE": 141.0,
      "BEFORE_LAT": 2.8947582,
      "BEFORE_LON": 100.9002,
      "AFTER_LAT": 2.8522568,
      "AFTER_LON": 100.94406,
      "SOG": 7.4,
      "MOVINGTIME": 1740.0,
      "ARRIVALTIME": "20251206040100"
    },
    {
      "SEQ": 141,
      "BEFORE_NODE": 141.0,
      "AFTER_NODE": 142.0,
      "BEFORE_LAT": 2.8522568,
      "BEFORE_LON": 100.94406,
      "AFTER_LAT": 2.8165851,
      "AFTER_LON": 100.98031,
      "SOG": 7.9,
      "MOVINGTIME": 1980.0,
      "ARRIVALTIME": "20251206043400"
    },
    {
      "SEQ": 142,
      "BEFORE_NODE": 142.0,
      "AFTER_NODE": 143.0,
      "BEFORE_LAT": 2.8165851,
      "BEFORE_LON": 100.98031,
      "AFTER_LAT": 2.7697716,
      "AFTER_LON": 101.06066,
      "SOG": 8,
      "MOVINGTIME": 1980.0,
      "ARRIVALTIME": "20251206050700"
    },
    {
      "SEQ": 143,
      "BEFORE_NODE": 143.0,
      "AFTER_NODE": 144.0,
      "BEFORE_LAT": 2.7697716,
      "BEFORE_LON": 101.06066,
      "AFTER_LAT": 2.7458899,
      "AFTER_LON": 101.10548,
      "SOG": 7.8,
      "MOVINGTIME": 1620.0,
      "ARRIVALTIME": "20251206053400"
    },
    {
      "SEQ": 144,
      "BEFORE_NODE": 144.0,
      "AFTER_NODE": 145.0,
      "BEFORE_LAT": 2.7458899,
      "BEFORE_LON": 101.10548,
      "AFTER_LAT": 2.7141533,
      "AFTER_LON": 101.16596,
      "SOG": 8.1,
      "MOVINGTIME": 2040.0,
      "ARRIVALTIME": "20251206060800"
    },
    {
      "SEQ": 145,
      "BEFORE_NODE": 145.0,
      "AFTER_NODE": 146.0,
      "BEFORE_LAT": 2.7141533,
      "BEFORE_LON": 101.16596,
      "AFTER_LAT": 2.6795316,
      "AFTER_LON": 101.23268,
      "SOG": 8,
      "MOVINGTIME": 1680.0,
      "ARRIVALTIME": "20251206063600"
    },
    {
      "SEQ": 146,
      "BEFORE_NODE": 146.0,
      "AFTER_NODE": 147.0,
      "BEFORE_LAT": 2.6795316,
      "BEFORE_LON": 101.23268,
      "AFTER_LAT": 2.6507215,
      "AFTER_LON": 101.28401,
      "SOG": 8.5,
      "MOVINGTIME": 1680.0,
      "ARRIVALTIME": "20251206070400"
    },
    {
      "SEQ": 147,
      "BEFORE_NODE": 147.0,
      "AFTER_NODE": 148.0,
      "BEFORE_LAT": 2.6507215,
      "BEFORE_LON": 101.28401,
      "AFTER_LAT": 2.6179533,
      "AFTER_LON": 101.34174,
      "SOG": 8.6,
      "MOVINGTIME": 1620.0,
      "ARRIVALTIME": "20251206073100"
    },
    {
      "SEQ": 148,
      "BEFORE_NODE": 148.0,
      "AFTER_NODE": 149.0,
      "BEFORE_LAT": 2.6179533,
      "BEFORE_LON": 101.34174,
      "AFTER_LAT": 2.5707734,
      "AFTER_LON": 101.42094,
      "SOG": 9,
      "MOVINGTIME": 1920.0,
      "ARRIVALTIME": "20251206080300"
    },
    {
      "SEQ": 149,
      "BEFORE_NODE": 149.0,
      "AFTER_NODE": 150.0,
      "BEFORE_LAT": 2.5707734,
      "BEFORE_LON": 101.42094,
      "AFTER_LAT": 2.5240116,
      "AFTER_LON": 101.48252,
      "SOG": 8.6,
      "MOVINGTIME": 1920.0,
      "ARRIVALTIME": "20251206083500"
    },
    {
      "SEQ": 150,
      "BEFORE_NODE": 150.0,
      "AFTER_NODE": 151.0,
      "BEFORE_LAT": 2.5240116,
      "BEFORE_LON": 101.48252,
      "AFTER_LAT": 2.4794884,
      "AFTER_LON": 101.53849,
      "SOG": 9.1,
      "MOVINGTIME": 1740.0,
      "ARRIVALTIME": "20251206090400"
    },
    {
      "SEQ": 151,
      "BEFORE_NODE": 151.0,
      "AFTER_NODE": 152.0,
      "BEFORE_LAT": 2.4794884,
      "BEFORE_LON": 101.53849,
      "AFTER_LAT": 2.4453232,
      "AFTER_LON": 101.581,
      "SOG": 10,
      "MOVINGTIME": 1680.0,
      "ARRIVALTIME": "20251206093200"
    },
    {
      "SEQ": 152,
      "BEFORE_NODE": 152.0,
      "AFTER_NODE": 153.0,
      "BEFORE_LAT": 2.4453232,
      "BEFORE_LON": 101.581,
      "AFTER_LAT": 2.3736601,
      "AFTER_LON": 101.666,
      "SOG": 10.5,
      "MOVINGTIME": 1920.0,
      "ARRIVALTIME": "20251206100400"
    },
    {
      "SEQ": 153,
      "BEFORE_NODE": 153.0,
      "AFTER_NODE": 154.0,
      "BEFORE_LAT": 2.3736601,
      "BEFORE_LON": 101.666,
      "AFTER_LAT": 2.3339601,
      "AFTER_LON": 101.71089,
      "SOG": 10.8,
      "MOVINGTIME": 1680.0,
      "ARRIVALTIME": "20251206103200"
    },
    {
      "SEQ": 154,
      "BEFORE_NODE": 154.0,
      "AFTER_NODE": 155.0,
      "BEFORE_LAT": 2.3339601,
      "BEFORE_LON": 101.71089,
      "AFTER_LAT": 2.2686067,
      "AFTER_LON": 101.78307,
      "SOG": 10.8,
      "MOVINGTIME": 1860.0,
      "ARRIVALTIME": "20251206110300"
    },
    {
      "SEQ": 155,
      "BEFORE_NODE": 155.0,
      "AFTER_NODE": 156.0,
      "BEFORE_LAT": 2.2686067,
      "BEFORE_LON": 101.78307,
      "AFTER_LAT": 2.2084932,
      "AFTER_LON": 101.86156,
      "SOG": 10.5,
      "MOVINGTIME": 1740.0,
      "ARRIVALTIME": "20251206113200"
    },
    {
      "SEQ": 156,
      "BEFORE_NODE": 156.0,
      "AFTER_NODE": 157.0,
      "BEFORE_LAT": 2.2084932,
      "BEFORE_LON": 101.86156,
      "AFTER_LAT": 2.1462133,
      "AFTER_LON": 101.93959,
      "SOG": 10.8,
      "MOVINGTIME": 1800.0,
      "ARRIVALTIME": "20251206120200"
    },
    {
      "SEQ": 157,
      "BEFORE_NODE": 157.0,
      "AFTER_NODE": 158.0,
      "BEFORE_LAT": 2.1462133,
      "BEFORE_LON": 101.93959,
      "AFTER_LAT": 2.0910201,
      "AFTER_LON": 102.00922,
      "SOG": 11.1,
      "MOVINGTIME": 1800.0,
      "ARRIVALTIME": "20251206123200"
    },
    {
      "SEQ": 158,
      "BEFORE_NODE": 158.0,
      "AFTER_NODE": 159.0,
      "BEFORE_LAT": 2.0910201,
      "BEFORE_LON": 102.00922,
      "AFTER_LAT": 2.0281284,
      "AFTER_LON": 102.08693,
      "SOG": 11.3,
      "MOVINGTIME": 1740.0,
      "ARRIVALTIME": "20251206130100"
    },
    {
      "SEQ": 159,
      "BEFORE_NODE": 159.0,
      "AFTER_NODE": 160.0,
      "BEFORE_LAT": 2.0281284,
      "BEFORE_LON": 102.08693,
      "AFTER_LAT": 1.9556583333333333,
      "AFTER_LON": 102.17726166666667,
      "SOG": 11.3,
      "MOVINGTIME": 2181.0,
      "ARRIVALTIME": "20251206133721"
    },
    {
      "SEQ": 160,
      "BEFORE_NODE": 160.0,
      "AFTER_NODE": 161.0,
      "BEFORE_LAT": 1.9556583333333333,
      "BEFORE_LON": 102.17726166666667,
      "AFTER_LAT": 1.88697,
      "AFTER_LON": 102.26417666666667,
      "SOG": 11.4,
      "MOVINGTIME": 2102.0,
      "ARRIVALTIME": "20251206141223"
    }
  ]
}