{
  "mmsi": "636023581",
  "PredResult": [
    {
      "SEQ": 0,
      "BEFORE_NODE": 0.0,
      "AFTER_NODE": 1.0,
      "BEFORE_LAT": 13.78729,
      "BEFORE_LON": 114.38216,
      "AFTER_LAT": 13.648468,
      "AFTER_LON": 114.33504,
      "SOG": 18.3,
      "MOVINGTIME": 1680.0,
      "ARRIVALTIME": "20251129152000"
    },
    {
      "SEQ": 1,
      "BEFORE_NODE": 1.0,
      "AFTER_NODE": 2.0,
      "BEFORE_LAT": 13.648468,
      "BEFORE_LON": 114.33504,
      "AFTER_LAT": 13.397708,
      "AFTER_LON": 114.25251,
      "SOG": 18.5,
      "MOVINGTIME": 3480.0,
      "ARRIVALTIME": "20251129161800"
    },
    {
      "SEQ": 2,
      "BEFORE_NODE": 2.0,
      "AFTER_NODE": 3.0,
      "BEFORE_LAT": 13.397708,
      "BEFORE_LON": 114.25251,
      "AFTER_LAT": 13.225583,
      "AFTER_LON": 114.19616,
      "SOG": 19,
      "MOVINGTIME": 1980.0,
      "ARRIVALTIME": "20251129165100"
    },
    {
      "SEQ": 3,
      "BEFORE_NODE": 3.0,
      "AFTER_NODE": 4.0,
      "BEFORE_LAT": 13.225583,
      "BEFORE_LON": 114.19616,
      "AFTER_LAT": 12.752077,
      "AFTER_LON": 114.04089,
      "SOG": 18.8,
      "MOVINGTIME": 5340.0,
      "ARRIVALTIME": "20251129182000"
    },
    {
      "SEQ": 4,
      "BEFORE_NODE": 4.0,
      "AFTER_NODE": 5.0,
      "BEFORE_LAT": 12.752077,
      "BEFORE_LON": 114.04089,
      "AFTER_LAT": 12.579179,
      "AFTER_LON": 113.98591,
      "SOG": 19.2,
      "MOVINGTIME": 1980.0,
      "ARRIVALTIME": "20251129185300"
    },
    {
      "SEQ": 5,
      "BEFORE_NODE": 5.0,
      "AFTER_NODE": 6.0,
      "BEFORE_LAT": 12.579179,
      "BEFORE_LON": 113.98591,
      "AFTER_LAT": 12.28057,
      "AFTER_LON": 113.89285,
      "SOG": 19.3,
      "MOVINGTIME": 3780.0,
      "ARRIVALTIME": "20251129195600"
    },
    {
      "SEQ": 6,
      "BEFORE_NODE": 6.0,
      "AFTER_NODE": 7.0,
      "BEFORE_LAT": 12.28057,
      "BEFORE_LON": 113.89285,
      "AFTER_LAT": 12.129427,
      "AFTER_LON": 113.83376,
      "SOG": 19.2,
      "MOVINGTIME": 1740.0,
      "ARRIVALTIME": "20251129202500"
    },
    {
      "SEQ": 7,
      "BEFORE_NODE": 7.0,
      "AFTER_NODE": 8.0,
      "BEFORE_LAT": 12.129427,
      "BEFORE_LON": 113.83376,
      "AFTER_LAT": 11.979722,
      "AFTER_LON": 113.71044,
      "SOG": 19.3,
      "MOVINGTIME": 1920.0,
      "ARRIVALTIME": "20251129205700"
    },
    {
      "SEQ": 8,
      "BEFORE_NODE": 8.0,
      "AFTER_NODE": 9.0,
      "BEFORE_LAT": 11.979722,
      "BEFORE_LON": 113.71044,
      "AFTER_LAT": 11.913798,
      "AFTER_LON": 113.64753,
      "SOG": 19.2,
      "MOVINGTIME": 1500.0,
      "ARRIVALTIME": "20251129212200"
    },
    {
      "SEQ": 9,
      "BEFORE_NODE": 9.0,
      "AFTER_NODE": 10.0,
      "BEFORE_LAT": 11.913798,
      "BEFORE_LON": 113.64753,
      "AFTER_LAT": 11.777806,
      "AFTER_LON": 113.51228,
      "SOG": 19.7,
      "MOVINGTIME": 1980.0,
      "ARRIVALTIME": "20251129215500"
    },
    {
      "SEQ": 10,
      "BEFORE_NODE": 10.0,
      "AFTER_NODE": 11.0,
      "BEFORE_LAT": 11.777806,
      "BEFORE_LON": 113.51228,
      "AFTER_LAT": 11.708087,
      "AFTER_LON": 113.44038,
      "SOG": 19.7,
      "MOVINGTIME": 1680.0,
      "ARRIVALTIME": "20251129222300"
    },
    {
      "SEQ": 11,
      "BEFORE_NODE": 11.0,
      "AFTER_NODE": 12.0,
      "BEFORE_LAT": 11.708087,
      "BEFORE_LON": 113.44038,
      "AFTER_LAT": 11.514232,
      "AFTER_LON": 113.2442,
      "SOG": 19.1,
      "MOVINGTIME": 1920.0,
      "ARRIVALTIME": "20251129225500"
    },
    {
      "SEQ": 12,
      "BEFORE_NODE": 12.0,
      "AFTER_NODE": 13.0,
      "BEFORE_LAT": 11.514232,
      "BEFORE_LON": 113.2442,
      "AFTER_LAT": 11.425061,
      "AFTER_LON": 113.15803,
      "SOG": 19,
      "MOVINGTIME": 1920.0,
      "ARRIVALTIME": "20251129232700"
    },
    {
      "SEQ": 13,
      "BEFORE_NODE": 13.0,
      "AFTER_NODE": 14.0,
      "BEFORE_LAT": 11.425061,
      "BEFORE_LON": 113.15803,
      "AFTER_LAT": 11.312549,
      "AFTER_LON": 113.04615,
      "SOG": 19,
      "MOVINGTIME": 1680.0,
      "ARRIVALTIME": "20251129235500"
    },
    {
      "SEQ": 14,
      "BEFORE_NODE": 14.0,
      "AFTER_NODE": 15.0,
      "BEFORE_LAT": 11.312549,
      "BEFORE_LON": 113.04615,
      "AFTER_LAT": 11.171048,
      "AFTER_LON": 112.90134,
      "SOG": 19.6,
      "MOVINGTIME": 2220.0,
      "ARRIVALTIME": "20251130003200"
    },
    {
      "SEQ": 15,
      "BEFORE_NODE": 15.0,
      "AFTER_NODE": 16.0,
      "BEFORE_LAT": 11.171048,
      "BEFORE_LON": 112.90134,
      "AFTER_LAT": 11.03421,
      "AFTER_LON": 112.76905,
      "SOG": 19.6,
      "MOVINGTIME": 1620.0,
      "ARRIVALTIME": "20251130005900"
    },
    {
      "SEQ": 16,
      "BEFORE_NODE": 16.0,
      "AFTER_NODE": 17.0,
      "BEFORE_LAT": 11.03421,
      "BEFORE_LON": 112.76905,
      "AFTER_LAT": 10.962733,
      "AFTER_LON": 112.70325,
      "SOG": 20,
      "MOVINGTIME": 1680.0,
      "ARRIVALTIME": "20251130012700"
    },
    {
      "SEQ": 17,
      "BEFORE_NODE": 17.0,
      "AFTER_NODE": 18.0,
      "BEFORE_LAT": 10.962733,
      "BEFORE_LON": 112.70325,
      "AFTER_LAT": 10.600819,
      "AFTER_LON": 112.34203,
      "SOG": 11.8,
      "MOVINGTIME": 6840.0,
      "ARRIVALTIME": "20251130032100"
    },
    {
      "SEQ": 18,
      "BEFORE_NODE": 18.0,
      "AFTER_NODE": 19.0,
      "BEFORE_LAT": 10.600819,
      "BEFORE_LON": 112.34203,
      "AFTER_LAT": 10.149172,
      "AFTER_LON": 111.87614,
      "SOG": 12.1,
      "MOVINGTIME": 11220.0,
      "ARRIVALTIME": "20251130062800"
    },
    {
      "SEQ": 19,
      "BEFORE_NODE": 19.0,
      "AFTER_NODE": 20.0,
      "BEFORE_LAT": 10.149172,
      "BEFORE_LON": 111.87614,
      "AFTER_LAT": 10.068473,
      "AFTER_LON": 111.80111,
      "SOG": 11.6,
      "MOVINGTIME": 1980.0,
      "ARRIVALTIME": "20251130070100"
    },
    {
      "SEQ": 20,
      "BEFORE_NODE": 20.0,
      "AFTER_NODE": 21.0,
      "BEFORE_LAT": 10.068473,
      "BEFORE_LON": 111.80111,
      "AFTER_LAT": 10.013745,
      "AFTER_LON": 111.74941,
      "SOG": 11.8,
      "MOVINGTIME": 1800.0,
      "ARRIVALTIME": "20251130073100"
    },
    {
      "SEQ": 21,
      "BEFORE_NODE": 21.0,
      "AFTER_NODE": 22.0,
      "BEFORE_LAT": 10.013745,
      "BEFORE_LON": 111.74941,
      "AFTER_LAT": 9.9462738,
      "AFTER_LON": 111.68487,
      "SOG": 12,
      "MOVINGTIME": 1560.0,
      "ARRIVALTIME": "20251130075700"
    },
    {
      "SEQ": 22,
      "BEFORE_NODE": 22.0,
      "AFTER_NODE": 23.0,
      "BEFORE_LAT": 9.9462738,
      "BEFORE_LON": 111.68487,
      "AFTER_LAT": 9.8795633,
      "AFTER_LON": 111.62151,
      "SOG": 11.8,
      "MOVINGTIME": 1320.0,
      "ARRIVALTIME": "20251130081900"
    },
    {
      "SEQ": 23,
      "BEFORE_NODE": 23.0,
      "AFTER_NODE": 24.0,
      "BEFORE_LAT": 9.8795633,
      "BEFORE_LON": 111.62151,
      "AFTER_LAT": 9.8076582,
      "AFTER_LON": 111.55131,
      "SOG": 12.1,
      "MOVINGTIME": 1860.0,
      "ARRIVALTIME": "20251130085000"
    },
    {
      "SEQ": 24,
      "BEFORE_NODE": 24.0,
      "AFTER_NODE": 25.0,
      "BEFORE_LAT": 9.8076582,
      "BEFORE_LON": 111.55131,
      "AFTER_LAT": 9.7212496,
      "AFTER_LON": 111.46101,
      "SOG": 12.1,
      "MOVINGTIME": 2160.0,
      "ARRIVALTIME": "20251130092600"
    },
    {
      "SEQ": 25,
      "BEFORE_NODE": 25.0,
      "AFTER_NODE": 26.0,
      "BEFORE_LAT": 9.7212496,
      "BEFORE_LON": 111.46101,
      "AFTER_LAT": 9.6711721,
      "AFTER_LON": 111.41312,
      "SOG": 12.1,
      "MOVINGTIME": 1680.0,
      "ARRIVALTIME": "20251130095400"
    },
    {
      "SEQ": 26,
      "BEFORE_NODE": 26.0,
      "AFTER_NODE": 27.0,
      "BEFORE_LAT": 9.6711721,
      "BEFORE_LON": 111.41312,
      "AFTER_LAT": 9.5833731,
      "AFTER_LON": 111.33069,
      "SOG": 12.1,
      "MOVINGTIME": 2040.0,
      "ARRIVALTIME": "20251130102800"
    },
    {
      "SEQ": 27,
      "BEFORE_NODE": 27.0,
      "AFTER_NODE": 28.0,
      "BEFORE_LAT": 9.5833731,
      "BEFORE_LON": 111.33069,
      "AFTER_LAT": 9.5057497,
      "AFTER_LON": 111.25723,
      "SOG": 12.1,
      "MOVINGTIME": 1860.0,
      "ARRIVALTIME": "20251130105900"
    },
    {
      "SEQ": 28,
      "BEFORE_NODE": 28.0,
      "AFTER_NODE": 29.0,
      "BEFORE_LAT": 9.5057497,
      "BEFORE_LON": 111.25723,
      "AFTER_LAT": 9.4265137,
      "AFTER_LON": 111.17788,
      "SOG": 12.1,
      "MOVINGTIME": 1920.0,
      "ARRIVALTIME": "20251130113100"
    },
    {
      "SEQ": 29,
      "BEFORE_NODE": 29.0,
      "AFTER_NODE": 30.0,
      "BEFORE_LAT": 9.4265137,
      "BEFORE_LON": 111.17788,
      "AFTER_LAT": 9.350687,
      "AFTER_LON": 111.09788,
      "SOG": 12.1,
      "MOVINGTIME": 1740.0,
      "ARRIVALTIME": "20251130120000"
    },
    {
      "SEQ": 30,
      "BEFORE_NODE": 30.0,
      "AFTER_NODE": 31.0,
      "BEFORE_LAT": 9.350687,
      "BEFORE_LON": 111.09788,
      "AFTER_LAT": 9.303237,
      "AFTER_LON": 111.04985,
      "SOG": 12,
      "MOVINGTIME": 1680.0,
      "ARRIVALTIME": "20251130122800"
    },
    {
      "SEQ": 31,
      "BEFORE_NODE": 31.0,
      "AFTER_NODE": 32.0,
      "BEFORE_LAT": 9.303237,
      "BEFORE_LON": 111.04985,
      "AFTER_LAT": 9.2252283,
      "AFTER_LON": 110.97157,
      "SOG": 12.1,
      "MOVINGTIME": 1920.0,
      "ARRIVALTIME": "20251130130000"
    },
    {
      "SEQ": 32,
      "BEFORE_NODE": 32.0,
      "AFTER_NODE": 33.0,
      "BEFORE_LAT": 9.2252283,
      "BEFORE_LON": 110.97157,
      "AFTER_LAT": 9.1458721,
      "AFTER_LON": 110.89495,
      "SOG": 11.8,
      "MOVINGTIME": 1800.0,
      "ARRIVALTIME": "20251130133000"
    },
    {
      "SEQ": 33,
      "BEFORE_NODE": 33.0,
      "AFTER_NODE": 34.0,
      "BEFORE_LAT": 9.1458721,
      "BEFORE_LON": 110.89495,
      "AFTER_LAT": 9.074028,
      "AFTER_LON": 110.82862,
      "SOG": 12.1,
      "MOVINGTIME": 1800.0,
      "ARRIVALTIME": "20251130140000"
    },
    {
      "SEQ": 34,
      "BEFORE_NODE": 34.0,
      "AFTER_NODE": 35.0,
      "BEFORE_LAT": 9.074028,
      "BEFORE_LON": 110.82862,
      "AFTER_LAT": 8.9892654,
      "AFTER_LON": 110.74538,
      "SOG": 12.1,
      "MOVINGTIME": 1800.0,
      "ARRIVALTIME": "20251130143000"
    },
    {
      "SEQ": 35,
      "BEFORE_NODE": 35.0,
      "AFTER_NODE": 36.0,
      "BEFORE_LAT": 8.9892654,
      "BEFORE_LON": 110.74538,
      "AFTER_LAT": 8.94485,
      "AFTER_LON": 110.70081,
      "SOG": 11.8,
      "MOVINGTIME": 1680.0,
      "ARRIVALTIME": "20251130145800"
    },
    {
      "SEQ": 36,
      "BEFORE_NODE": 36.0,
      "AFTER_NODE": 37.0,
      "BEFORE_LAT": 8.94485,
      "BEFORE_LON": 110.70081,
      "AFTER_LAT": 8.8432999,
      "AFTER_LON": 110.59734,
      "SOG": 11.8,
      "MOVINGTIME": 1920.0,
      "ARRIVALTIME": "20251130153000"
    },
    {
      "SEQ": 37,
      "BEFORE_NODE": 37.0,
      "AFTER_NODE": 38.0,
      "BEFORE_LAT": 8.8432999,
      "BEFORE_LON": 110.59734,
      "AFTER_LAT": 8.7921066,
      "AFTER_LON": 110.54414,
      "SOG": 11.8,
      "MOVINGTIME": 1740.0,
      "ARRIVALTIME": "20251130155900"
    },
    {
      "SEQ": 38,
      "BEFORE_NODE": 38.0,
      "AFTER_NODE": 39.0,
      "BEFORE_LAT": 8.7921066,
      "BEFORE_LON": 110.54414,
      "AFTER_LAT": 8.7199554,
      "AFTER_LON": 110.47127,
      "SOG": 11.8,
      "MOVINGTIME": 1800.0,
      "ARRIVALTIME": "20251130162900"
    },
    {
      "SEQ": 39,
      "BEFORE_NODE": 39.0,
      "AFTER_NODE": 40.0,
      "BEFORE_LAT": 8.7199554,
      "BEFORE_LON": 110.47127,
      "AFTER_LAT": 8.6433449,
      "AFTER_LON": 110.39411,
      "SOG": 11.8,
      "MOVINGTIME": 1860.0,
      "ARRIVALTIME": "20251130170000"
    },
    {
      "SEQ": 40,
      "BEFORE_NODE": 40.0,
      "AFTER_NODE": 41.0,
      "BEFORE_LAT": 8.6433449,
      "BEFORE_LON": 110.39411,
      "AFTER_LAT": 8.5677433,
      "AFTER_LON": 110.31854,
      "SOG": 12,
      "MOVINGTIME": 1800.0,
      "ARRIVALTIME": "20251130173000"
    },
    {
      "SEQ": 41,
      "BEFORE_NODE": 41.0,
      "AFTER_NODE": 42.0,
      "BEFORE_LAT": 8.5677433,
      "BEFORE_LON": 110.31854,
      "AFTER_LAT": 8.49016,
      "AFTER_LON": 110.24358,
      "SOG": 11.8,
      "MOVINGTIME": 1800.0,
      "ARRIVALTIME": "20251130180000"
    },
    {
      "SEQ": 42,
      "BEFORE_NODE": 42.0,
      "AFTER_NODE": 43.0,
      "BEFORE_LAT": 8.49016,
      "BEFORE_LON": 110.24358,
      "AFTER_LAT": 8.4047346,
      "AFTER_LON": 110.17194,
      "SOG": 12,
      "MOVINGTIME": 1920.0,
      "ARRIVALTIME": "20251130183200"
    },
    {
      "SEQ": 43,
      "BEFORE_NODE": 43.0,
      "AFTER_NODE": 44.0,
      "BEFORE_LAT": 8.4047346,
      "BEFORE_LON": 110.17194,
      "AFTER_LAT": 8.3484964,
      "AFTER_LON": 110.12405,
      "SOG": 11.8,
      "MOVINGTIME": 1860.0,
      "ARRIVALTIME": "20251130190300"
    },
    {
      "SEQ": 44,
      "BEFORE_NODE": 44.0,
      "AFTER_NODE": 45.0,
      "BEFORE_LAT": 8.3484964,
      "BEFORE_LON": 110.12405,
      "AFTER_LAT": 8.2721014,
      "AFTER_LON": 110.04646,
      "SOG": 11.6,
      "MOVINGTIME": 1860.0,
      "ARRIVALTIME": "20251130193400"
    },
    {
      "SEQ": 45,
      "BEFORE_NODE": 45.0,
      "AFTER_NODE": 46.0,
      "BEFORE_LAT": 8.2721014,
      "BEFORE_LON": 110.04646,
      "AFTER_LAT": 8.1998253,
      "AFTER_LON": 109.96719,
      "SOG": 12.1,
      "MOVINGTIME": 1740.0,
      "ARRIVALTIME": "20251130200300"
    },
    {
      "SEQ": 46,
      "BEFORE_NODE": 46.0,
      "AFTER_NODE": 47.0,
      "BEFORE_LAT": 8.1998253,
      "BEFORE_LON": 109.96719,
      "AFTER_LAT": 8.1541367,
      "AFTER_LON": 109.91745,
      "SOG": 12.3,
      "MOVINGTIME": 1620.0,
      "ARRIVALTIME": "20251130203000"
    },
    {
      "SEQ": 47,
      "BEFORE_NODE": 47.0,
      "AFTER_NODE": 48.0,
      "BEFORE_LAT": 8.1541367,
      "BEFORE_LON": 109.91745,
      "AFTER_LAT": 8.067173,
      "AFTER_LON": 109.82893,
      "SOG": 12.5,
      "MOVINGTIME": 1920.0,
      "ARRIVALTIME": "20251130210200"
    },
    {
      "SEQ": 48,
      "BEFORE_NODE": 48.0,
      "AFTER_NODE": 49.0,
      "BEFORE_LAT": 8.067173,
      "BEFORE_LON": 109.82893,
      "AFTER_LAT": 7.9897265,
      "AFTER_LON": 109.75159,
      "SOG": 12.5,
      "MOVINGTIME": 1920.0,
      "ARRIVALTIME": "20251130213400"
    },
    {
      "SEQ": 49,
      "BEFORE_NODE": 49.0,
      "AFTER_NODE": 50.0,
      "BEFORE_LAT": 7.9897265,
      "BEFORE_LON": 109.75159,
      "AFTER_LAT": 7.9074965,
      "AFTER_LON": 109.6695,
      "SOG": 12.6,
      "MOVINGTIME": 1800.0,
      "ARRIVALTIME": "20251130220400"
    },
    {
      "SEQ": 50,
      "BEFORE_NODE": 50.0,
      "AFTER_NODE": 51.0,
      "BEFORE_LAT": 7.9074965,
      "BEFORE_LON": 109.6695,
      "AFTER_LAT": 7.8278451,
      "AFTER_LON": 109.59137,
      "SOG": 12.6,
      "MOVINGTIME": 1680.0,
      "ARRIVALTIME": "20251130223200"
    },
    {
      "SEQ": 51,
      "BEFORE_NODE": 51.0,
      "AFTER_NODE": 52.0,
      "BEFORE_LAT": 7.8278451,
      "BEFORE_LON": 109.59137,
      "AFTER_LAT": 7.7781949,
      "AFTER_LON": 109.54288,
      "SOG": 12.8,
      "MOVINGTIME": 1800.0,
      "ARRIVALTIME": "20251130230200"
    },
    {
      "SEQ": 52,
      "BEFORE_NODE": 52.0,
      "AFTER_NODE": 53.0,
      "BEFORE_LAT": 7.7781949,
      "BEFORE_LON": 109.54288,
      "AFTER_LAT": 7.6776867,
      "AFTER_LON": 109.44887,
      "SOG": 13,
      "MOVINGTIME": 1740.0,
      "ARRIVALTIME": "20251130233100"
    },
    {
      "SEQ": 53,
      "BEFORE_NODE": 53.0,
      "AFTER_NODE": 54.0,
      "BEFORE_LAT": 7.6776867,
      "BEFORE_LON": 109.44887,
      "AFTER_LAT": 7.6390467,
      "AFTER_LON": 109.41331,
      "SOG": 13,
      "MOVINGTIME": 1260.0,
      "ARRIVALTIME": "20251130235200"
    },
    {
      "SEQ": 54,
      "BEFORE_NODE": 54.0,
      "AFTER_NODE": 55.0,
      "BEFORE_LAT": 7.6390467,
      "BEFORE_LON": 109.41331,
      "AFTER_LAT": 7.4972534,
      "AFTER_LON": 109.27289,
      "SOG": 13.1,
      "MOVINGTIME": 3780.0,
      "ARRIVALTIME": "20251201005500"
    },
    {
      "SEQ": 55,
      "BEFORE_NODE": 55.0,
      "AFTER_NODE": 56.0,
      "BEFORE_LAT": 7.4972534,
      "BEFORE_LON": 109.27289,
      "AFTER_LAT": 7.3601017,
      "AFTER_LON": 109.1347,
      "SOG": 13.3,
      "MOVINGTIME": 2400.0,
      "ARRIVALTIME": "20251201013500"
    },
    {
      "SEQ": 56,
      "BEFORE_NODE": 56.0,
      "AFTER_NODE": 57.0,
      "BEFORE_LAT": 7.3601017,
      "BEFORE_LON": 109.1347,
      "AFTER_LAT": 7.2394485,
      "AFTER_LON": 109.01553,
      "SOG": 9.8,
      "MOVINGTIME": 3300.0,
      "ARRIVALTIME": "20251201023000"
    },
    {
      "SEQ": 57,
      "BEFORE_NODE": 57.0,
      "AFTER_NODE": 58.0,
      "BEFORE_LAT": 7.2394485,
      "BEFORE_LON": 109.01553,
      "AFTER_LAT": 7.1829681,
      "AFTER_LON": 108.95876,
      "SOG": 9.3,
      "MOVINGTIME": 1680.0,
      "ARRIVALTIME": "20251201025800"
    },
    {
      "SEQ": 58,
      "BEFORE_NODE": 58.0,
      "AFTER_NODE": 59.0,
      "BEFORE_LAT": 7.1829681,
      "BEFORE_LON": 108.95876,
      "AFTER_LAT": 7.1247282,
      "AFTER_LON": 108.90057,
      "SOG": 9.3,
      "MOVINGTIME": 1860.0,
      "ARRIVALTIME": "20251201032900"
    },
    {
      "SEQ": 59,
      "BEFORE_NODE": 59.0,
      "AFTER_NODE": 60.0,
      "BEFORE_LAT": 7.1247282,
      "BEFORE_LON": 108.90057,
      "AFTER_LAT": 7.0829835,
      "AFTER_LON": 108.86049,
      "SOG": 9.3,
      "MOVINGTIME": 1140.0,
      "ARRIVALTIME": "20251201034800"
    },
    {
      "SEQ": 60,
      "BEFORE_NODE": 60.0,
      "AFTER_NODE": 61.0,
      "BEFORE_LAT": 7.0829835,
      "BEFORE_LON": 108.86049,
      "AFTER_LAT": 6.968255,
      "AFTER_LON": 108.75082,
      "SOG": 9.1,
      "MOVINGTIME": 4140.0,
      "ARRIVALTIME": "20251201045700"
    },
    {
      "SEQ": 61,
      "BEFORE_NODE": 61.0,
      "AFTER_NODE": 62.0,
      "BEFORE_LAT": 6.968255,
      "BEFORE_LON": 108.75082,
      "AFTER_LAT": 6.9038534,
      "AFTER_LON": 108.68694,
      "SOG": 9.1,
      "MOVINGTIME": 1980.0,
      "ARRIVALTIME": "20251201053000"
    },
    {
      "SEQ": 62,
      "BEFORE_NODE": 62.0,
      "AFTER_NODE": 63.0,
      "BEFORE_LAT": 6.9038534,
      "BEFORE_LON": 108.68694,
      "AFTER_LAT": 6.8524766,
      "AFTER_LON": 108.63492,
      "SOG": 9.3,
      "MOVINGTIME": 1620.0,
      "ARRIVALTIME": "20251201055700"
    },
    {
      "SEQ": 63,
      "BEFORE_NODE": 63.0,
      "AFTER_NODE": 64.0,
      "BEFORE_LAT": 6.8524766,
      "BEFORE_LON": 108.63492,
      "AFTER_LAT": 6.7607918,
      "AFTER_LON": 108.521,
      "SOG": 8.8,
      "MOVINGTIME": 3540.0,
      "ARRIVALTIME": "20251201065600"
    },
    {
      "SEQ": 64,
      "BEFORE_NODE": 64.0,
      "AFTER_NODE": 65.0,
      "BEFORE_LAT": 6.7607918,
      "BEFORE_LON": 108.521,
      "AFTER_LAT": 6.7060566,
      "AFTER_LON": 108.48069,
      "SOG": 9.1,
      "MOVINGTIME": 1920.0,
      "ARRIVALTIME": "20251201072800"
    },
    {
      "SEQ": 65,
      "BEFORE_NODE": 65.0,
      "AFTER_NODE": 66.0,
      "BEFORE_LAT": 6.7060566,
      "BEFORE_LON": 108.48069,
      "AFTER_LAT": 6.6469698,
      "AFTER_LON": 108.43356,
      "SOG": 8.8,
      "MOVINGTIME": 1680.0,
      "ARRIVALTIME": "20251201075600"
    },
    {
      "SEQ": 66,
      "BEFORE_NODE": 66.0,
      "AFTER_NODE": 67.0,
      "BEFORE_LAT": 6.6469698,
      "BEFORE_LON": 108.43356,
      "AFTER_LAT": 6.5872784,
      "AFTER_LON": 108.37869,
      "SOG": 8.8,
      "MOVINGTIME": 1920.0,
      "ARRIVALTIME": "20251201082800"
    },
    {
      "SEQ": 67,
      "BEFORE_NODE": 67.0,
      "AFTER_NODE": 68.0,
      "BEFORE_LAT": 6.5872784,
      "BEFORE_LON": 108.37869,
      "AFTER_LAT": 6.5326266,
      "AFTER_LON": 108.32265,
      "SOG": 9.1,
      "MOVINGTIME": 1800.0,
      "ARRIVALTIME": "20251201085800"
    },
    {
      "SEQ": 68,
      "BEFORE_NODE": 68.0,
      "AFTER_NODE": 69.0,
      "BEFORE_LAT": 6.5326266,
      "BEFORE_LON": 108.32265,
      "AFTER_LAT": 6.4765735,
      "AFTER_LON": 108.26672,
      "SOG": 9.1,
      "MOVINGTIME": 1800.0,
      "ARRIVALTIME": "20251201092800"
    },
    {
      "SEQ": 69,
      "BEFORE_NODE": 69.0,
      "AFTER_NODE": 70.0,
      "BEFORE_LAT": 6.4765735,
      "BEFORE_LON": 108.26672,
      "AFTER_LAT": 6.4375901,
      "AFTER_LON": 108.23179,
      "SOG": 9,
      "MOVINGTIME": 1140.0,
      "ARRIVALTIME": "20251201094700"
    },
    {
      "SEQ": 70,
      "BEFORE_NODE": 70.0,
      "AFTER_NODE": 71.0,
      "BEFORE_LAT": 6.4375901,
      "BEFORE_LON": 108.23179,
      "AFTER_LAT": 6.3508301,
      "AFTER_LON": 108.15927,
      "SOG": 9.3,
      "MOVINGTIME": 2640.0,
      "ARRIVALTIME": "20251201103100"
    },
    {
      "SEQ": 71,
      "BEFORE_NODE": 71.0,
      "AFTER_NODE": 72.0,
      "BEFORE_LAT": 6.3508301,
      "BEFORE_LON": 108.15927,
      "AFTER_LAT": 6.2988067,
      "AFTER_LON": 108.10396,
      "SOG": 9.1,
      "MOVINGTIME": 1740.0,
      "ARRIVALTIME": "20251201110000"
    },
    {
      "SEQ": 72,
      "BEFORE_NODE": 72.0,
      "AFTER_NODE": 73.0,
      "BEFORE_LAT": 6.2988067,
      "BEFORE_LON": 108.10396,
      "AFTER_LAT": 6.2458601,
      "AFTER_LON": 108.04462,
      "SOG": 9.1,
      "MOVINGTIME": 1800.0,
      "ARRIVALTIME": "20251201113000"
    },
    {
      "SEQ": 73,
      "BEFORE_NODE": 73.0,
      "AFTER_NODE": 74.0,
      "BEFORE_LAT": 6.2458601,
      "BEFORE_LON": 108.04462,
      "AFTER_LAT": 6.1948466,
      "AFTER_LON": 107.99236,
      "SOG": 9.1,
      "MOVINGTIME": 1680.0,
      "ARRIVALTIME": "20251201115800"
    },
    {
      "SEQ": 74,
      "BEFORE_NODE": 74.0,
      "AFTER_NODE": 75.0,
      "BEFORE_LAT": 6.1948466,
      "BEFORE_LON": 107.99236,
      "AFTER_LAT": 6.1571984,
      "AFTER_LON": 107.9525,
      "SOG": 9.1,
      "MOVINGTIME": 1860.0,
      "ARRIVALTIME": "20251201122900"
    },
    {
      "SEQ": 75,
      "BEFORE_NODE": 75.0,
      "AFTER_NODE": 76.0,
      "BEFORE_LAT": 6.1571984,
      "BEFORE_LON": 107.9525,
      "AFTER_LAT": 6.1052632,
      "AFTER_LON": 107.89851,
      "SOG": 8.6,
      "MOVINGTIME": 1740.0,
      "ARRIVALTIME": "20251201125800"
    },
    {
      "SEQ": 76,
      "BEFORE_NODE": 76.0,
      "AFTER_NODE": 77.0,
      "BEFORE_LAT": 6.1052632,
      "BEFORE_LON": 107.89851,
      "AFTER_LAT": 6.0452099,
      "AFTER_LON": 107.83961,
      "SOG": 9.1,
      "MOVINGTIME": 1980.0,
      "ARRIVALTIME": "20251201133100"
    },
    {
      "SEQ": 77,
      "BEFORE_NODE": 77.0,
      "AFTER_NODE": 78.0,
      "BEFORE_LAT": 6.0452099,
      "BEFORE_LON": 107.83961,
      "AFTER_LAT": 5.990345,
      "AFTER_LON": 107.78538,
      "SOG": 9.1,
      "MOVINGTIME": 1740.0,
      "ARRIVALTIME": "20251201140000"
    },
    {
      "SEQ": 78,
      "BEFORE_NODE": 78.0,
      "AFTER_NODE": 79.0,
      "BEFORE_LAT": 5.990345,
      "BEFORE_LON": 107.78538,
      "AFTER_LAT": 5.93466,
      "AFTER_LON": 107.73172,
      "SOG": 9.3,
      "MOVINGTIME": 1740.0,
      "ARRIVALTIME": "20251201142900"
    },
    {
      "SEQ": 79,
      "BEFORE_NODE": 79.0,
      "AFTER_NODE": 80.0,
      "BEFORE_LAT": 5.93466,
      "BEFORE_LON": 107.73172,
      "AFTER_LAT": 5.8744702,
      "AFTER_LON": 107.67384,
      "SOG": 9.1,
      "MOVINGTIME": 1860.0,
      "ARRIVALTIME": "20251201150000"
    },
    {
      "SEQ": 80,
      "BEFORE_NODE": 80.0,
      "AFTER_NODE": 81.0,
      "BEFORE_LAT": 5.8744702,
      "BEFORE_LON": 107.67384,
      "AFTER_LAT": 5.8242483,
      "AFTER_LON": 107.62476,
      "SOG": 9,
      "MOVINGTIME": 1800.0,
      "ARRIVALTIME": "20251201153000"
    },
    {
      "SEQ": 81,
      "BEFORE_NODE": 81.0,
      "AFTER_NODE": 82.0,
      "BEFORE_LAT": 5.8242483,
      "BEFORE_LON": 107.62476,
      "AFTER_LAT": 5.7606616,
      "AFTER_LON": 107.56496,
      "SOG": 9.1,
      "MOVINGTIME": 1860.0,
      "ARRIVALTIME": "20251201160100"
    },
    {
      "SEQ": 82,
      "BEFORE_NODE": 82.0,
      "AFTER_NODE": 83.0,
      "BEFORE_LAT": 5.7606616,
      "BEFORE_LON": 107.56496,
      "AFTER_LAT": 5.7122917,
      "AFTER_LON": 107.52008,
      "SOG": 9.1,
      "MOVINGTIME": 1560.0,
      "ARRIVALTIME": "20251201162700"
    },
    {
      "SEQ": 83,
      "BEFORE_NODE": 83.0,
      "AFTER_NODE": 84.0,
      "BEFORE_LAT": 5.7122917,
      "BEFORE_LON": 107.52008,
      "AFTER_LAT": 5.6513515,
      "AFTER_LON": 107.4632,
      "SOG": 9.1,
      "MOVINGTIME": 1800.0,
      "ARRIVALTIME": "20251201165700"
    },
    {
      "SEQ": 84,
      "BEFORE_NODE": 84.0,
      "AFTER_NODE": 85.0,
      "BEFORE_LAT": 5.6513515,
      "BEFORE_LON": 107.4632,
      "AFTER_LAT": 5.603425,
      "AFTER_LON": 107.4165,
      "SOG": 9.1,
      "MOVINGTIME": 1800.0,
      "ARRIVALTIME": "20251201172700"
    },
    {
      "SEQ": 85,
      "BEFORE_NODE": 85.0,
      "AFTER_NODE": 86.0,
      "BEFORE_LAT": 5.603425,
      "BEFORE_LON": 107.4165,
      "AFTER_LAT": 5.5478916,
      "AFTER_LON": 107.35849,
      "SOG": 9,
      "MOVINGTIME": 1860.0,
      "ARRIVALTIME": "20251201175800"
    },
    {
      "SEQ": 86,
      "BEFORE_NODE": 86.0,
      "AFTER_NODE": 87.0,
      "BEFORE_LAT": 5.5478916,
      "BEFORE_LON": 107.35849,
      "AFTER_LAT": 5.5232501,
      "AFTER_LON": 107.33204,
      "SOG": 8.8,
      "MOVINGTIME": 1380.0,
      "ARRIVALTIME": "20251201182100"
    },
    {
      "SEQ": 87,
      "BEFORE_NODE": 87.0,
      "AFTER_NODE": 88.0,
      "BEFORE_LAT": 5.5232501,
      "BEFORE_LON": 107.33204,
      "AFTER_LAT": 5.4557166,
      "AFTER_LON": 107.26698,
      "SOG": 8.8,
      "MOVINGTIME": 2280.0,
      "ARRIVALTIME": "20251201185900"
    },
    {
      "SEQ": 88,
      "BEFORE_NODE": 88.0,
      "AFTER_NODE": 89.0,
      "BEFORE_LAT": 5.4557166,
      "BEFORE_LON": 107.26698,
      "AFTER_LAT": 5.3898282,
      "AFTER_LON": 107.21175,
      "SOG": 9,
      "MOVINGTIME": 1560.0,
      "ARRIVALTIME": "20251201192500"
    },
    {
      "SEQ": 89,
      "BEFORE_NODE": 89.0,
      "AFTER_NODE": 90.0,
      "BEFORE_LAT": 5.3898282,
      "BEFORE_LON": 107.21175,
      "AFTER_LAT": 5.3508883,
      "AFTER_LON": 107.1704,
      "SOG": 9.1,
      "MOVINGTIME": 1800.0,
      "ARRIVALTIME": "20251201195500"
    },
    {
      "SEQ": 90,
      "BEFORE_NODE": 90.0,
      "AFTER_NODE": 91.0,
      "BEFORE_LAT": 5.3508883,
      "BEFORE_LON": 107.1704,
      "AFTER_LAT": 5.287385,
      "AFTER_LON": 107.10143,
      "SOG": 9.1,
      "MOVINGTIME": 2100.0,
      "ARRIVALTIME": "20251201203000"
    },
    {
      "SEQ": 91,
      "BEFORE_NODE": 91.0,
      "AFTER_NODE": 92.0,
      "BEFORE_LAT": 5.287385,
      "BEFORE_LON": 107.10143,
      "AFTER_LAT": 5.2318902,
      "AFTER_LON": 107.04317,
      "SOG": 9.1,
      "MOVINGTIME": 1680.0,
      "ARRIVALTIME": "20251201205800"
    },
    {
      "SEQ": 92,
      "BEFORE_NODE": 92.0,
      "AFTER_NODE": 93.0,
      "BEFORE_LAT": 5.2318902,
      "BEFORE_LON": 107.04317,
      "AFTER_LAT": 5.1735501,
      "AFTER_LON": 106.98133,
      "SOG": 9,
      "MOVINGTIME": 1980.0,
      "ARRIVALTIME": "20251201213100"
    },
    {
      "SEQ": 93,
      "BEFORE_NODE": 93.0,
      "AFTER_NODE": 94.0,
      "BEFORE_LAT": 5.1735501,
      "BEFORE_LON": 106.98133,
      "AFTER_LAT": 5.1338701,
      "AFTER_LON": 106.94239,
      "SOG": 9,
      "MOVINGTIME": 1680.0,
      "ARRIVALTIME": "20251201215900"
    },
    {
      "SEQ": 94,
      "BEFORE_NODE": 94.0,
      "AFTER_NODE": 95.0,
      "BEFORE_LAT": 5.1338701,
      "BEFORE_LON": 106.94239,
      "AFTER_LAT": 5.0745316,
      "AFTER_LON": 106.88538,
      "SOG": 9.1,
      "MOVINGTIME": 1740.0,
      "ARRIVALTIME": "20251201222800"
    },
    {
      "SEQ": 95,
      "BEFORE_NODE": 95.0,
      "AFTER_NODE": 96.0,
      "BEFORE_LAT": 5.0745316,
      "BEFORE_LON": 106.88538,
      "AFTER_LAT": 5.0104198,
      "AFTER_LON": 106.82346,
      "SOG": 9.3,
      "MOVINGTIME": 1860.0,
      "ARRIVALTIME": "20251201225900"
    },
    {
      "SEQ": 96,
      "BEFORE_NODE": 96.0,
      "AFTER_NODE": 97.0,
      "BEFORE_LAT": 5.0104198,
      "BEFORE_LON": 106.82346,
      "AFTER_LAT": 4.9471216,
      "AFTER_LON": 106.76287,
      "SOG": 9.3,
      "MOVINGTIME": 1980.0,
      "ARRIVALTIME": "20251201233200"
    },
    {
      "SEQ": 97,
      "BEFORE_NODE": 97.0,
      "AFTER_NODE": 98.0,
      "BEFORE_LAT": 4.9471216,
      "BEFORE_LON": 106.76287,
      "AFTER_LAT": 4.9180036,
      "AFTER_LON": 106.73508,
      "SOG": 9.3,
      "MOVINGTIME": 1320.0,
      "ARRIVALTIME": "20251201235400"
    },
    {
      "SEQ": 98,
      "BEFORE_NODE": 98.0,
      "AFTER_NODE": 99.0,
      "BEFORE_LAT": 4.9180036,
      "BEFORE_LON": 106.73508,
      "AFTER_LAT": 4.8494768,
      "AFTER_LON": 106.66676,
      "SOG": 9.6,
      "MOVINGTIME": 2040.0,
      "ARRIVALTIME": "20251202002800"
    },
    {
      "SEQ": 99,
      "BEFORE_NODE": 99.0,
      "AFTER_NODE": 100.0,
      "BEFORE_LAT": 4.8494768,
      "BEFORE_LON": 106.66676,
      "AFTER_LAT": 4.8008633,
      "AFTER_LON": 106.61832,
      "SOG": 9.5,
      "MOVINGTIME": 1560.0,
      "ARRIVALTIME": "20251202005400"
    },
    {
      "SEQ": 100,
      "BEFORE_NODE": 100.0,
      "AFTER_NODE": 101.0,
      "BEFORE_LAT": 4.8008633,
      "BEFORE_LON": 106.61832,
      "AFTER_LAT": 4.7555218,
      "AFTER_LON": 106.56924,
      "SOG": 9.5,
      "MOVINGTIME": 2100.0,
      "ARRIVALTIME": "20251202012900"
    },
    {
      "SEQ": 101,
      "BEFORE_NODE": 101.0,
      "AFTER_NODE": 102.0,
      "BEFORE_LAT": 4.7555218,
      "BEFORE_LON": 106.56924,
      "AFTER_LAT": 4.7005281,
      "AFTER_LON": 106.50997,
      "SOG": 8.3,
      "MOVINGTIME": 1980.0,
      "ARRIVALTIME": "20251202020200"
    },
    {
      "SEQ": 102,
      "BEFORE_NODE": 102.0,
      "AFTER_NODE": 103.0,
      "BEFORE_LAT": 4.7005281,
      "BEFORE_LON": 106.50997,
      "AFTER_LAT": 4.6477799,
      "AFTER_LON": 106.46053,
      "SOG": 8.1,
      "MOVINGTIME": 1860.0,
      "ARRIVALTIME": "20251202023300"
    },
    {
      "SEQ": 103,
      "BEFORE_NODE": 103.0,
      "AFTER_NODE": 104.0,
      "BEFORE_LAT": 4.6477799,
      "BEFORE_LON": 106.46053,
      "AFTER_LAT": 4.5873332,
      "AFTER_LON": 106.40434,
      "SOG": 8.3,
      "MOVINGTIME": 1920.0,
      "ARRIVALTIME": "20251202030500"
    },
    {
      "SEQ": 104,
      "BEFORE_NODE": 104.0,
      "AFTER_NODE": 105.0,
      "BEFORE_LAT": 4.5873332,
      "BEFORE_LON": 106.40434,
      "AFTER_LAT": 4.5526733,
      "AFTER_LON": 106.37171,
      "SOG": 8.1,
      "MOVINGTIME": 1620.0,
      "ARRIVALTIME": "20251202033200"
    },
    {
      "SEQ": 105,
      "BEFORE_NODE": 105.0,
      "AFTER_NODE": 106.0,
      "BEFORE_LAT": 4.5526733,
      "BEFORE_LON": 106.37171,
      "AFTER_LAT": 4.4829102,
      "AFTER_LON": 106.31153,
      "SOG": 9.1,
      "MOVINGTIME": 1740.0,
      "ARRIVALTIME": "20251202040100"
    },
    {
      "SEQ": 106,
      "BEFORE_NODE": 106.0,
      "AFTER_NODE": 107.0,
      "BEFORE_LAT": 4.4829102,
      "BEFORE_LON": 106.31153,
      "AFTER_LAT": 4.4122801,
      "AFTER_LON": 106.25848,
      "SOG": 9.5,
      "MOVINGTIME": 1860.0,
      "ARRIVALTIME": "20251202043200"
    },
    {
      "SEQ": 107,
      "BEFORE_NODE": 107.0,
      "AFTER_NODE": 108.0,
      "BEFORE_LAT": 4.4122801,
      "BEFORE_LON": 106.25848,
      "AFTER_LAT": 4.3760118,
      "AFTER_LON": 106.22382,
      "SOG": 9.3,
      "MOVINGTIME": 1680.0,
      "ARRIVALTIME": "20251202050000"
    },
    {
      "SEQ": 108,
      "BEFORE_NODE": 108.0,
      "AFTER_NODE": 109.0,
      "BEFORE_LAT": 4.3760118,
      "BEFORE_LON": 106.22382,
      "AFTER_LAT": 4.3081565,
      "AFTER_LON": 106.15739,
      "SOG": 9.5,
      "MOVINGTIME": 1620.0,
      "ARRIVALTIME": "20251202052700"
    },
    {
      "SEQ": 109,
      "BEFORE_NODE": 109.0,
      "AFTER_NODE": 110.0,
      "BEFORE_LAT": 4.3081565,
      "BEFORE_LON": 106.15739,
      "AFTER_LAT": 4.2361617,
      "AFTER_LON": 106.08598,
      "SOG": 9.5,
      "MOVINGTIME": 2220.0,
      "ARRIVALTIME": "20251202060400"
    },
    {
      "SEQ": 110,
      "BEFORE_NODE": 110.0,
      "AFTER_NODE": 111.0,
      "BEFORE_LAT": 4.2361617,
      "BEFORE_LON": 106.08598,
      "AFTER_LAT": 4.2102265,
      "AFTER_LON": 106.06031,
      "SOG": 9.5,
      "MOVINGTIME": 1260.0,
      "ARRIVALTIME": "20251202062500"
    },
    {
      "SEQ": 111,
      "BEFORE_NODE": 111.0,
      "AFTER_NODE": 112.0,
      "BEFORE_LAT": 4.2102265,
      "BEFORE_LON": 106.06031,
      "AFTER_LAT": 4.1594834,
      "AFTER_LON": 106.01102,
      "SOG": 9.3,
      "MOVINGTIME": 2220.0,
      "ARRIVALTIME": "20251202070200"
    },
    {
      "SEQ": 112,
      "BEFORE_NODE": 112.0,
      "AFTER_NODE": 113.0,
      "BEFORE_LAT": 4.1594834,
      "BEFORE_LON": 106.01102,
      "AFTER_LAT": 4.0874066,
      "AFTER_LON": 105.94133,
      "SOG": 9,
      "MOVINGTIME": 1680.0,
      "ARRIVALTIME": "20251202073000"
    },
    {
      "SEQ": 113,
      "BEFORE_NODE": 113.0,
      "AFTER_NODE": 114.0,
      "BEFORE_LAT": 4.0874066,
      "BEFORE_LON": 105.94133,
      "AFTER_LAT": 4.0352502,
      "AFTER_LON": 105.88963,
      "SOG": 8.6,
      "MOVINGTIME": 1620.0,
      "ARRIVALTIME": "20251202075700"
    },
    {
      "SEQ": 114,
      "BEFORE_NODE": 114.0,
      "AFTER_NODE": 115.0,
      "BEFORE_LAT": 4.0352502,
      "BEFORE_LON": 105.88963,
      "AFTER_LAT": 3.9776101,
      "AFTER_LON": 105.83305,
      "SOG": 8.3,
      "MOVINGTIME": 1920.0,
      "ARRIVALTIME": "20251202082900"
    },
    {
      "SEQ": 115,
      "BEFORE_NODE": 115.0,
      "AFTER_NODE": 116.0,
      "BEFORE_LAT": 3.9776101,
      "BEFORE_LON": 105.83305,
      "AFTER_LAT": 3.9254501,
      "AFTER_LON": 105.78215,
      "SOG": 8.6,
      "MOVINGTIME": 1860.0,
      "ARRIVALTIME": "20251202090000"
    },
    {
      "SEQ": 116,
      "BEFORE_NODE": 116.0,
      "AFTER_NODE": 117.0,
      "BEFORE_LAT": 3.9254501,
      "BEFORE_LON": 105.78215,
      "AFTER_LAT": 3.8761516,
      "AFTER_LON": 105.72839,
      "SOG": 8.6,
      "MOVINGTIME": 1860.0,
      "ARRIVALTIME": "20251202093100"
    },
    {
      "SEQ": 117,
      "BEFORE_NODE": 117.0,
      "AFTER_NODE": 118.0,
      "BEFORE_LAT": 3.8761516,
      "BEFORE_LON": 105.72839,
      "AFTER_LAT": 3.8319917,
      "AFTER_LON": 105.68269,
      "SOG": 8.6,
      "MOVINGTIME": 1620.0,
      "ARRIVALTIME": "20251202095800"
    },
    {
      "SEQ": 118,
      "BEFORE_NODE": 118.0,
      "AFTER_NODE": 119.0,
      "BEFORE_LAT": 3.8319917,
      "BEFORE_LON": 105.68269,
      "AFTER_LAT": 3.7740033,
      "AFTER_LON": 105.62488,
      "SOG": 8.1,
      "MOVINGTIME": 1860.0,
      "ARRIVALTIME": "20251202102900"
    },
    {
      "SEQ": 119,
      "BEFORE_NODE": 119.0,
      "AFTER_NODE": 120.0,
      "BEFORE_LAT": 3.7740033,
      "BEFORE_LON": 105.62488,
      "AFTER_LAT": 3.7426333,
      "AFTER_LON": 105.59285,
      "SOG": 8,
      "MOVINGTIME": 1680.0,
      "ARRIVALTIME": "20251202105700"
    },
    {
      "SEQ": 120,
      "BEFORE_NODE": 120.0,
      "AFTER_NODE": 121.0,
      "BEFORE_LAT": 3.7426333,
      "BEFORE_LON": 105.59285,
      "AFTER_LAT": 3.681355,
      "AFTER_LON": 105.52937,
      "SOG": 8,
      "MOVINGTIME": 1860.0,
      "ARRIVALTIME": "20251202112800"
    },
    {
      "SEQ": 121,
      "BEFORE_NODE": 121.0,
      "AFTER_NODE": 122.0,
      "BEFORE_LAT": 3.681355,
      "BEFORE_LON": 105.52937,
      "AFTER_LAT": 3.653075,
      "AFTER_LON": 105.50199,
      "SOG": 7.8,
      "MOVINGTIME": 1500.0,
      "ARRIVALTIME": "20251202115300"
    },
    {
      "SEQ": 122,
      "BEFORE_NODE": 122.0,
      "AFTER_NODE": 123.0,
      "BEFORE_LAT": 3.653075,
      "BEFORE_LON": 105.50199,
      "AFTER_LAT": 3.5836401,
      "AFTER_LON": 105.43609,
      "SOG": 7.5,
      "MOVINGTIME": 2358.0,
      "ARRIVALTIME": "20251202123218"
    },
    {
      "SEQ": 123,
      "BEFORE_NODE": 123.0,
      "AFTER_NODE": 124.0,
      "BEFORE_LAT": 3.5836401,
      "BEFORE_LON": 105.43609,
      "AFTER_LAT": 3.5656016,
      "AFTER_LON": 105.41682,
      "SOG": 7.5,
      "MOVINGTIME": 1422.0,
      "ARRIVALTIME": "20251202125600"
    },
    {
      "SEQ": 124,
      "BEFORE_NODE": 124.0,
      "AFTER_NODE": 125.0,
      "BEFORE_LAT": 3.5656016,
      "BEFORE_LON": 105.41682,
      "AFTER_LAT": 3.5015967,
      "AFTER_LON": 105.34982,
      "SOG": 7.4,
      "MOVINGTIME": 1980.0,
      "ARRIVALTIME": "20251202132900"
    },
    {
      "SEQ": 125,
      "BEFORE_NODE": 125.0,
      "AFTER_NODE": 126.0,
      "BEFORE_LAT": 3.5015967,
      "BEFORE_LON": 105.34982,
      "AFTER_LAT": 3.4568634,
      "AFTER_LON": 105.30682,
      "SOG": 7.1,
      "MOVINGTIME": 1860.0,
      "ARRIVALTIME": "20251202140000"
    },
    {
      "SEQ": 126,
      "BEFORE_NODE": 126.0,
      "AFTER_NODE": 127.0,
      "BEFORE_LAT": 3.4568634,
      "BEFORE_LON": 105.30682,
      "AFTER_LAT": 3.4271917,
      "AFTER_LON": 105.27643,
      "SOG": 7,
      "MOVINGTIME": 1740.0,
      "ARRIVALTIME": "20251202142900"
    },
    {
      "SEQ": 127,
      "BEFORE_NODE": 127.0,
      "AFTER_NODE": 128.0,
      "BEFORE_LAT": 3.4271917,
      "BEFORE_LON": 105.27643,
      "AFTER_LAT": 3.3835816,
      "AFTER_LON": 105.23322,
      "SOG": 7,
      "MOVINGTIME": 1920.0,
      "ARRIVALTIME": "20251202150100"
    },
    {
      "SEQ": 128,
      "BEFORE_NODE": 128.0,
      "AFTER_NODE": 129.0,
      "BEFORE_LAT": 3.3835816,
      "BEFORE_LON": 105.23322,
      "AFTER_LAT": 3.338815,
      "AFTER_LON": 105.19566,
      "SOG": 7.1,
      "MOVINGTIME": 1680.0,
      "ARRIVALTIME": "20251202152900"
    },
    {
      "SEQ": 129,
      "BEFORE_NODE": 129.0,
      "AFTER_NODE": 130.0,
      "BEFORE_LAT": 3.338815,
      "BEFORE_LON": 105.19566,
      "AFTER_LAT": 3.2784116,
      "AFTER_LON": 105.16866,
      "SOG": 7.5,
      "MOVINGTIME": 1860.0,
      "ARRIVALTIME": "20251202160000"
    },
    {
      "SEQ": 130,
      "BEFORE_NODE": 130.0,
      "AFTER_NODE": 131.0,
      "BEFORE_LAT": 3.2784116,
      "BEFORE_LON": 105.16866,
      "AFTER_LAT": 3.2126751,
      "AFTER_LON": 105.14868,
      "SOG": 8.1,
      "MOVINGTIME": 1860.0,
      "ARRIVALTIME": "20251202163100"
    },
    {
      "SEQ": 131,
      "BEFORE_NODE": 131.0,
      "AFTER_NODE": 132.0,
      "BEFORE_LAT": 3.2126751,
      "BEFORE_LON": 105.14868,
      "AFTER_LAT": 3.1479199,
      "AFTER_LON": 105.13184,
      "SOG": 8.3,
      "MOVINGTIME": 1680.0,
      "ARRIVALTIME": "20251202165900"
    },
    {
      "SEQ": 132,
      "BEFORE_NODE": 132.0,
      "AFTER_NODE": 133.0,
      "BEFORE_LAT": 3.1479199,
      "BEFORE_LON": 105.13184,
      "AFTER_LAT": 3.0748601,
      "AFTER_LON": 105.11198,
      "SOG": 8.3,
      "MOVINGTIME": 1800.0,
      "ARRIVALTIME": "20251202172900"
    },
    {
      "SEQ": 133,
      "BEFORE_NODE": 133.0,
      "AFTER_NODE": 134.0,
      "BEFORE_LAT": 3.0748601,
      "BEFORE_LON": 105.11198,
      "AFTER_LAT": 3.0008266,
      "AFTER_LON": 105.0923,
      "SOG": 8.5,
      "MOVINGTIME": 1920.0,
      "ARRIVALTIME": "20251202180100"
    },
    {
      "SEQ": 134,
      "BEFORE_NODE": 134.0,
      "AFTER_NODE": 135.0,
      "BEFORE_LAT": 3.0008266,
      "BEFORE_LON": 105.0923,
      "AFTER_LAT": 2.9302816,
      "AFTER_LON": 105.07475,
      "SOG": 8.3,
      "MOVINGTIME": 1860.0,
      "ARRIVALTIME": "20251202183200"
    },
    {
      "SEQ": 135,
      "BEFORE_NODE": 135.0,
      "AFTER_NODE": 136.0,
      "BEFORE_LAT": 2.9302816,
      "BEFORE_LON": 105.07475,
      "AFTER_LAT": 2.8763666,
      "AFTER_LON": 105.06171,
      "SOG": 8.1,
      "MOVINGTIME": 1560.0,
      "ARRIVALTIME": "20251202185800"
    },
    {
      "SEQ": 136,
      "BEFORE_NODE": 136.0,
      "AFTER_NODE": 137.0,
      "BEFORE_LAT": 2.8763666,
      "BEFORE_LON": 105.06171,
      "AFTER_LAT": 2.8078451,
      "AFTER_LON": 105.05708,
      "SOG": 8.3,
      "MOVINGTIME": 1980.0,
      "ARRIVALTIME": "20251202193100"
    },
    {
      "SEQ": 137,
      "BEFORE_NODE": 137.0,
      "AFTER_NODE": 138.0,
      "BEFORE_LAT": 2.8078451,
      "BEFORE_LON": 105.05708,
      "AFTER_LAT": 2.73405,
      "AFTER_LON": 105.03896,
      "SOG": 8.1,
      "MOVINGTIME": 1800.0,
      "ARRIVALTIME": "20251202200100"
    },
    {
      "SEQ": 138,
      "BEFORE_NODE": 138.0,
      "AFTER_NODE": 139.0,
      "BEFORE_LAT": 2.73405,
      "BEFORE_LON": 105.03896,
      "AFTER_LAT": 2.6727717,
      "AFTER_LON": 105.02164,
      "SOG": 8.3,
      "MOVINGTIME": 1620.0,
      "ARRIVALTIME": "20251202202800"
    },
    {
      "SEQ": 139,
      "BEFORE_NODE": 139.0,
      "AFTER_NODE": 140.0,
      "BEFORE_LAT": 2.6727717,
      "BEFORE_LON": 105.02164,
      "AFTER_LAT": 2.6117849,
      "AFTER_LON": 105.00746,
      "SOG": 8.1,
      "MOVINGTIME": 1560.0,
      "ARRIVALTIME": "20251202205400"
    },
    {
      "SEQ": 140,
      "BEFORE_NODE": 140.0,
      "AFTER_NODE": 141.0,
      "BEFORE_LAT": 2.6117849,
      "BEFORE_LON": 105.00746,
      "AFTER_LAT": 2.5549333,
      "AFTER_LON": 104.99508,
      "SOG": 7.3,
      "MOVINGTIME": 2040.0,
      "ARRIVALTIME": "20251202212800"
    },
    {
      "SEQ": 141,
      "BEFORE_NODE": 141.0,
      "AFTER_NODE": 142.0,
      "BEFORE_LAT": 2.5549333,
      "BEFORE_LON": 104.99508,
      "AFTER_LAT": 2.4790282,
      "AFTER_LON": 104.97927,
      "SOG": 7.5,
      "MOVINGTIME": 1920.0,
      "ARRIVALTIME": "20251202220000"
    },
    {
      "SEQ": 142,
      "BEFORE_NODE": 142.0,
      "AFTER_NODE": 143.0,
      "BEFORE_LAT": 2.4790282,
      "BEFORE_LON": 104.97927,
      "AFTER_LAT": 2.3696632,
      "AFTER_LON": 104.95976,
      "SOG": 7.5,
      "MOVINGTIME": 3180.0,
      "ARRIVALTIME": "20251202225300"
    },
    {
      "SEQ": 143,
      "BEFORE_NODE": 143.0,
      "AFTER_NODE": 144.0,
      "BEFORE_LAT": 2.3696632,
      "BEFORE_LON": 104.95976,
      "AFTER_LAT": 2.3221784,
      "AFTER_LON": 104.95254,
      "SOG": 7.5,
      "MOVINGTIME": 1500.0,
      "ARRIVALTIME": "20251202231800"
    },
    {
      "SEQ": 144,
      "BEFORE_NODE": 144.0,
      "AFTER_NODE": 145.0,
      "BEFORE_LAT": 2.3221784,
      "BEFORE_LON": 104.95254,
      "AFTER_LAT": 2.2456801,
      "AFTER_LON": 104.94202,
      "SOG": 7.4,
      "MOVINGTIME": 2340.0,
      "ARRIVALTIME": "20251202235700"
    },
    {
      "SEQ": 145,
      "BEFORE_NODE": 145.0,
      "AFTER_NODE": 146.0,
      "BEFORE_LAT": 2.2456801,
      "BEFORE_LON": 104.94202,
      "AFTER_LAT": 2.1807582,
      "AFTER_LON": 104.92683,
      "SOG": 7.1,
      "MOVINGTIME": 1920.0,
      "ARRIVALTIME": "20251203002900"
    },
    {
      "SEQ": 146,
      "BEFORE_NODE": 146.0,
      "AFTER_NODE": 147.0,
      "BEFORE_LAT": 2.1807582,
      "BEFORE_LON": 104.92683,
      "AFTER_LAT": 2.1271851,
      "AFTER_LON": 104.91238,
      "SOG": 7,
      "MOVINGTIME": 1800.0,
      "ARRIVALTIME": "20251203005900"
    },
    {
      "SEQ": 147,
      "BEFORE_NODE": 147.0,
      "AFTER_NODE": 148.0,
      "BEFORE_LAT": 2.1271851,
      "BEFORE_LON": 104.91238,
      "AFTER_LAT": 2.0813334,
      "AFTER_LON": 104.90456,
      "SOG": 6.5,
      "MOVINGTIME": 1440.0,
      "ARRIVALTIME": "20251203012300"
    },
    {
      "SEQ": 148,
      "BEFORE_NODE": 148.0,
      "AFTER_NODE": 149.0,
      "BEFORE_LAT": 2.0813334,
      "BEFORE_LON": 104.90456,
      "AFTER_LAT": 2.0298467,
      "AFTER_LON": 104.90111,
      "SOG": 1.7,
      "MOVINGTIME": 2400.0,
      "ARRIVALTIME": "20251203020300"
    },
    {
      "SEQ": 149,
      "BEFORE_NODE": 149.0,
      "AFTER_NODE": 150.0,
      "BEFORE_LAT": 2.0298467,
      "BEFORE_LON": 104.90111,
      "AFTER_LAT": 2.0246816,
      "AFTER_LON": 104.89579,
      "SOG": 0.5,
      "MOVINGTIME": 1800.0,
      "ARRIVALTIME": "20251203023300"
    },
    {
      "SEQ": 150,
      "BEFORE_NODE": 150.0,
      "AFTER_NODE": 151.0,
      "BEFORE_LAT": 2.0246816,
      "BEFORE_LON": 104.89579,
      "AFTER_LAT": 2.0214868,
      "AFTER_LON": 104.89561,
      "SOG": 0.5,
      "MOVINGTIME": 1800.0,
      "ARRIVALTIME": "20251203030300"
    },
    {
      "SEQ": 151,
      "BEFORE_NODE": 151.0,
      "AFTER_NODE": 152.0,
      "BEFORE_LAT": 2.0214868,
      "BEFORE_LON": 104.89561,
      "AFTER_LAT": 2.0169418,
      "AFTER_LON": 104.89819,
      "SOG": 0.6,
      "MOVINGTIME": 1740.0,
      "ARRIVALTIME": "20251203033200"
    },
    {
      "SEQ": 152,
      "BEFORE_NODE": 152.0,
      "AFTER_NODE": 153.0,
      "BEFORE_LAT": 2.0169418,
      "BEFORE_LON": 104.89819,
      "AFTER_LAT": 2.0122066,
      "AFTER_LON": 104.90103,
      "SOG": 0.8,
      "MOVINGTIME": 1680.0,
      "ARRIVALTIME": "20251203040000"
    },
    {
      "SEQ": 153,
      "BEFORE_NODE": 153.0,
      "AFTER_NODE": 154.0,
      "BEFORE_LAT": 2.0122066,
      "BEFORE_LON": 104.90103,
      "AFTER_LAT": 2.0064349,
      "AFTER_LON": 104.90537,
      "SOG": 0.8,
      "MOVINGTIME": 1920.0,
      "ARRIVALTIME": "20251203043200"
    },
    {
      "SEQ": 154,
      "BEFORE_NODE": 154.0,
      "AFTER_NODE": 155.0,
      "BEFORE_LAT": 2.0064349,
      "BEFORE_LON": 104.90537,
      "AFTER_LAT": 2.0019283,
      "AFTER_LON": 104.90922,
      "SOG": 0.8,
      "MOVINGTIME": 1560.0,
      "ARRIVALTIME": "20251203045800"
    },
    {
      "SEQ": 155,
      "BEFORE_NODE": 155.0,
      "AFTER_NODE": 156.0,
      "BEFORE_LAT": 2.0019283,
      "BEFORE_LON": 104.90922,
      "AFTER_LAT": 1.9978716,
      "AFTER_LON": 104.91347,
      "SOG": 0.8,
      "MOVINGTIME": 1860.0,
      "ARRIVALTIME": "20251203052900"
    },
    {
      "SEQ": 156,
      "BEFORE_NODE": 156.0,
      "AFTER_NODE": 157.0,
      "BEFORE_LAT": 1.9978716,
      "BEFORE_LON": 104.91347,
      "AFTER_LAT": 1.9928533,
      "AFTER_LON": 104.91956,
      "SOG": 0.8,
      "MOVINGTIME": 1980.0,
      "ARRIVALTIME": "20251203060200"
    },
    {
      "SEQ": 157,
      "BEFORE_NODE": 157.0,
      "AFTER_NODE": 158.0,
      "BEFORE_LAT": 1.9928533,
      "BEFORE_LON": 104.91956,
      "AFTER_LAT": 1.988865,
      "AFTER_LON": 104.92578,
      "SOG": 1,
      "MOVINGTIME": 1680.0,
      "ARRIVALTIME": "20251203063000"
    },
    {
      "SEQ": 158,
      "BEFORE_NODE": 158.0,
      "AFTER_NODE": 159.0,
      "BEFORE_LAT": 1.988865,
      "BEFORE_LON": 104.92578,
      "AFTER_LAT": 1.9653783,
      "AFTER_LON": 104.91509,
      "SOG": 6.5,
      "MOVINGTIME": 1740.0,
      "ARRIVALTIME": "20251203065900"
    },
    {
      "SEQ": 159,
      "BEFORE_NODE": 159.0,
      "AFTER_NODE": 160.0,
      "BEFORE_LAT": 1.9653783,
      "BEFORE_LON": 104.91509,
      "AFTER_LAT": 1.9204934,
      "AFTER_LON": 104.88961,
      "SOG": 7.1,
      "MOVINGTIME": 1860.0,
      "ARRIVALTIME": "20251203073000"
    },
    {
      "SEQ": 160,
      "BEFORE_NODE": 160.0,
      "AFTER_NODE": 161.0,
      "BEFORE_LAT": 1.9204934,
      "BEFORE_LON": 104.88961,
      "AFTER_LAT": 1.8656933,
      "AFTER_LON": 104.85757,
      "SOG": 7.1,
      "MOVINGTIME": 1680.0,
      "ARRIVALTIME": "20251203075800"
    },
    {
      "SEQ": 161,
      "BEFORE_NODE": 161.0,
      "AFTER_NODE": 162.0,
      "BEFORE_LAT": 1.8656933,
      "BEFORE_LON": 104.85757,
      "AFTER_LAT": 1.8128383,
      "AFTER_LON": 104.82001,
      "SOG": 7.1,
      "MOVINGTIME": 1800.0,
      "ARRIVALTIME": "20251203082800"
    },
    {
      "SEQ": 162,
      "BEFORE_NODE": 162.0,
      "AFTER_NODE": 163.0,
      "BEFORE_LAT": 1.8128383,
      "BEFORE_LON": 104.82001,
      "AFTER_LAT": 1.7676966,
      "AFTER_LON": 104.7869,
      "SOG": 7.1,
      "MOVINGTIME": 1920.0,
      "ARRIVALTIME": "20251203090000"
    },
    {
      "SEQ": 163,
      "BEFORE_NODE": 163.0,
      "AFTER_NODE": 164.0,
      "BEFORE_LAT": 1.7676966,
      "BEFORE_LON": 104.7869,
      "AFTER_LAT": 1.72053,
      "AFTER_LON": 104.75125,
      "SOG": 7.1,
      "MOVINGTIME": 1560.0,
      "ARRIVALTIME": "20251203092600"
    },
    {
      "SEQ": 164,
      "BEFORE_NODE": 164.0,
      "AFTER_NODE": 165.0,
      "BEFORE_LAT": 1.72053,
      "BEFORE_LON": 104.75125,
      "AFTER_LAT": 1.6817516,
      "AFTER_LON": 104.71024,
      "SOG": 6.9,
      "MOVINGTIME": 1860.0,
      "ARRIVALTIME": "20251203095700"
    },
    {
      "SEQ": 165,
      "BEFORE_NODE": 165.0,
      "AFTER_NODE": 166.0,
      "BEFORE_LAT": 1.6817516,
      "BEFORE_LON": 104.71024,
      "AFTER_LAT": 1.6487683,
      "AFTER_LON": 104.67484,
      "SOG": 6.5,
      "MOVINGTIME": 1560.0,
      "ARRIVALTIME": "20251203102300"
    },
    {
      "SEQ": 166,
      "BEFORE_NODE": 166.0,
      "AFTER_NODE": 167.0,
      "BEFORE_LAT": 1.6487683,
      "BEFORE_LON": 104.67484,
      "AFTER_LAT": 1.605145,
      "AFTER_LON": 104.64056,
      "SOG": 6.9,
      "MOVINGTIME": 2280.0,
      "ARRIVALTIME": "20251203110100"
    },
    {
      "SEQ": 167,
      "BEFORE_NODE": 167.0,
      "AFTER_NODE": 168.0,
      "BEFORE_LAT": 1.605145,
      "BEFORE_LON": 104.64056,
      "AFTER_LAT": 1.5543751,
      "AFTER_LON": 104.59843,
      "SOG": 6.9,
      "MOVINGTIME": 1500.0,
      "ARRIVALTIME": "20251203112600"
    },
    {
      "SEQ": 168,
      "BEFORE_NODE": 168.0,
      "AFTER_NODE": 169.0,
      "BEFORE_LAT": 1.5543751,
      "BEFORE_LON": 104.59843,
      "AFTER_LAT": 1.5223334,
      "AFTER_LON": 104.57045,
      "SOG": 7.1,
      "MOVINGTIME": 1680.0,
      "ARRIVALTIME": "20251203115400"
    },
    {
      "SEQ": 169,
      "BEFORE_NODE": 169.0,
      "AFTER_NODE": 170.0,
      "BEFORE_LAT": 1.5223334,
      "BEFORE_LON": 104.57045,
      "AFTER_LAT": 1.4700383,
      "AFTER_LON": 104.51258,
      "SOG": 7.5,
      "MOVINGTIME": 2220.0,
      "ARRIVALTIME": "20251203123100"
    },
    {
      "SEQ": 170,
      "BEFORE_NODE": 170.0,
      "AFTER_NODE": 171.0,
      "BEFORE_LAT": 1.4700383,
      "BEFORE_LON": 104.51258,
      "AFTER_LAT": 1.4261067,
      "AFTER_LON": 104.45966,
      "SOG": 7.5,
      "MOVINGTIME": 1860.0,
      "ARRIVALTIME": "20251203130200"
    },
    {
      "SEQ": 171,
      "BEFORE_NODE": 171.0,
      "AFTER_NODE": 172.0,
      "BEFORE_LAT": 1.4261067,
      "BEFORE_LON": 104.45966,
      "AFTER_LAT": 1.3861949,
      "AFTER_LON": 104.41197,
      "SOG": 7.9,
      "MOVINGTIME": 1620.0,
      "ARRIVALTIME": "20251203132900"
    },
    {
      "SEQ": 172,
      "BEFORE_NODE": 172.0,
      "AFTER_NODE": 173.0,
      "BEFORE_LAT": 1.3861949,
      "BEFORE_LON": 104.41197,
      "AFTER_LAT": 1.3415101,
      "AFTER_LON": 104.35845,
      "SOG": 8.1,
      "MOVINGTIME": 1740.0,
      "ARRIVALTIME": "20251203135800"
    },
    {
      "SEQ": 173,
      "BEFORE_NODE": 173.0,
      "AFTER_NODE": 174.0,
      "BEFORE_LAT": 1.3415101,
      "BEFORE_LON": 104.35845,
      "AFTER_LAT": 1.30198,
      "AFTER_LON": 104.2747,
      "SOG": 7.8,
      "MOVINGTIME": 2640.0,
      "ARRIVALTIME": "20251203144200"
    },
    {
      "SEQ": 174,
      "BEFORE_NODE": 174.0,
      "AFTER_NODE": 175.0,
      "BEFORE_LAT": 1.30198,
      "BEFORE_LON": 104.2747,
      "AFTER_LAT": 1.2944283333333333,
      "AFTER_LON": 104.21832333333333,
      "SOG": 8,
      "MOVINGTIME": 1559.0,
      "ARRIVALTIME": "20251203150759"
    },
    {
      "SEQ": 175,
      "BEFORE_NODE": 175.0,
      "AFTER_NODE": 176.0,
      "BEFORE_LAT": 1.2944283333333333,
      "BEFORE_LON": 104.21832333333333,
      "AFTER_LAT": 1.2827483333333334,
      "AFTER_LON": 104.14369833333333,
      "SOG": 8,
      "MOVINGTIME": 2102.0,
      "ARRIVALTIME": "20251203154301"
    },
    {
      "SEQ": 176,
      "BEFORE_NODE": 176.0,
      "AFTER_NODE": 177.0,
      "BEFORE_LAT": 1.2827483333333334,
      "BEFORE_LON": 104.14369833333333,
      "AFTER_LAT": 1.2768433333333333,
      "AFTER_LON": 104.08857666666667,
      "SOG": 7.7,
      "MOVINGTIME": 1499.0,
      "ARRIVALTIME": "20251203160800"
    },
    {
      "SEQ": 177,
      "BEFORE_NODE": 177.0,
      "AFTER_NODE": 178.0,
      "BEFORE_LAT": 1.2768433333333333,
      "BEFORE_LON": 104.08857666666667,
      "AFTER_LAT": 1.263315,
      "AFTER_LON": 104.01763333333334,
      "SOG": 8.6,
      "MOVINGTIME": 1919.0,
      "ARRIVALTIME": "20251203163959"
    },
    {
      "SEQ": 178,
      "BEFORE_NODE": 178.0,
      "AFTER_NODE": 179.0,
      "BEFORE_LAT": 1.263315,
      "BEFORE_LON": 104.01763333333334,
      "AFTER_LAT": 1.2415766666666668,
      "AFTER_LON": 103.94495,
      "SOG": 6.7,
      "MOVINGTIME": 1980.0,
      "ARRIVALTIME": "20251203171259"
    },
    {
      "SEQ": 179,
      "BEFORE_NODE": 179.0,
      "AFTER_NODE": 180.0,
      "BEFORE_LAT": 1.2415766666666668,
      "BEFORE_LON": 103.94495,
      "AFTER_LAT": 1.227615,
      "AFTER_LON": 103.90393,
      "SOG": 4.7,
      "MOVINGTIME": 1621.0,
      "ARRIVALTIME": "20251203174000"
    },
    {
      "SEQ": 180,
      "BEFORE_NODE": 180.0,
      "AFTER_NODE": 181.0,
      "BEFORE_LAT": 1.227615,
      "BEFORE_LON": 103.90393,
      "AFTER_LAT": 1.206605,
      "AFTER_LON": 103.83773166666667,
      "SOG": 10.8,
      "MOVINGTIME": 1980.0,
      "ARRIVALTIME": "20251203181300"
    },
    {
      "SEQ": 181,
      "BEFORE_NODE": 181.0,
      "AFTER_NODE": 182.0,
      "BEFORE_LAT": 1.206605,
      "BEFORE_LON": 103.83773166666667,
      "AFTER_LAT": 1.2363366666666666,
      "AFTER_LON": 103.78562333333333,
      "SOG": 6.5,
      "MOVINGTIME": 1791.0,
      "ARRIVALTIME": "20251203184251"
    },
    {
      "SEQ": 182,
      "BEFORE_NODE": 182.0,
      "AFTER_NODE": 183.0,
      "BEFORE_LAT": 1.2363366666666666,
      "BEFORE_LON": 103.78562333333333,
      "AFTER_LAT": 1.2643183333333332,
      "AFTER_LON": 103.77085,
      "SOG": 2.7,
      "MOVINGTIME": 1498.0,
      "ARRIVALTIME": "20251203190749"
    },
    {
      "SEQ": 183,
      "BEFORE_NODE": 183.0,
      "AFTER_NODE": 184.0,
      "BEFORE_LAT": 1.2643183333333332,
      "BEFORE_LON": 103.77085,
      "AFTER_LAT": 1.2743033333333333,
      "AFTER_LON": 103.75804166666667,
      "SOG": 0.6,
      "MOVINGTIME": 1470.0,
      "ARRIVALTIME": "20251203193219"
    },
    {
      "SEQ": 184,
      "BEFORE_NODE": 184.0,
      "AFTER_NODE": 185.0,
      "BEFORE_LAT": 1.2743033333333333,
      "BEFORE_LON": 103.75804166666667,
      "AFTER_LAT": 1.2752483,
      "AFTER_LON": 103.75799,
      "SOG": 0.1,
      "MOVINGTIME": 1361.0,
      "ARRIVALTIME": "20251203195500"
    },
    {
      "SEQ": 185,
      "BEFORE_NODE": 185.0,
      "AFTER_NODE": 186.0,
      "BEFORE_LAT": 1.2752483,
      "BEFORE_LON": 103.75799,
      "AFTER_LAT": 1.2751917,
      "AFTER_LON": 103.75858,
      "SOG": 0,
      "MOVINGTIME": 2593.0,
      "ARRIVALTIME": "20251203203813"
    },
    {
      "SEQ": 186,
      "BEFORE_NODE": 186.0,
      "AFTER_NODE": 187.0,
      "BEFORE_LAT": 1.2751917,
      "BEFORE_LON": 103.75858,
      "AFTER_LAT": 1.2753583333333334,
      "AFTER_LON": 103.75859666666666,
      "SOG": 0.1,
      "MOVINGTIME": 1436.0,
      "ARRIVALTIME": "20251203210209"
    },
    {
      "SEQ": 187,
      "BEFORE_NODE": 187.0,
      "AFTER_NODE": 188.0,
      "BEFORE_LAT": 1.2753583333333334,
      "BEFORE_LON": 103.75859666666666,
      "AFTER_LAT": 1.2752783,
      "AFTER_LON": 103.75859,
      "SOG": 0,
      "MOVINGTIME": 1311.0,
      "ARRIVALTIME": "20251203212400"
    },
    {
      "SEQ": 188,
      "BEFORE_NODE": 188.0,
      "AFTER_NODE": 189.0,
      "BEFORE_LAT": 1.2752783,
      "BEFORE_LON": 103.75859,
      "AFTER_LAT": 1.2753016666666668,
      "AFTER_LON": 103.75853166666667,
      "SOG": 0,
      "MOVINGTIME": 2301.0,
      "ARRIVALTIME": "20251203220221"
    },
    {
      "SEQ": 189,
      "BEFORE_NODE": 189.0,
      "AFTER_NODE": 190.0,
      "BEFORE_LAT": 1.2753016666666668,
      "BEFORE_LON": 103.75853166666667,
      "AFTER_LAT": 1.2752533333333333,
      "AFTER_LON": 103.75833666666666,
      "SOG": 0,
      "MOVINGTIME": 1698.0,
      "ARRIVALTIME": "20251203223039"
    },
    {
      "SEQ": 190,
      "BEFORE_NODE": 190.0,
      "AFTER_NODE": 191.0,
      "BEFORE_LAT": 1.2752533333333333,
      "BEFORE_LON": 103.75833666666666,
      "AFTER_LAT": 1.2753716666666668,
      "AFTER_LON": 103.75844333333333,
      "SOG": 0,
      "MOVINGTIME": 2109.0,
      "ARRIVALTIME": "20251203230548"
    },
    {
      "SEQ": 191,
      "BEFORE_NODE": 191.0,
      "AFTER_NODE": 192.0,
      "BEFORE_LAT": 1.2753716666666668,
      "BEFORE_LON": 103.75844333333333,
      "AFTER_LAT": 1.2752783,
      "AFTER_LON": 103.75858,
      "SOG": 0,
      "MOVINGTIME": 1512.0,
      "ARRIVALTIME": "20251203233100"
    },
    {
      "SEQ": 192,
      "BEFORE_NODE": 192.0,
      "AFTER_NODE": 193.0,
      "BEFORE_LAT": 1.2752783,
      "BEFORE_LON": 103.75858,
      "AFTER_LAT": 1.2753084,
      "AFTER_LON": 103.75855,
      "SOG": 0.1,
      "MOVINGTIME": 1800.0,
      "ARRIVALTIME": "20251204000100"
    },
    {
      "SEQ": 193,
      "BEFORE_NODE": 193.0,
      "AFTER_NODE": 194.0,
      "BEFORE_LAT": 1.2753084,
      "BEFORE_LON": 103.75855,
      "AFTER_LAT": 1.2752583333333334,
      "AFTER_LON": 103.75854666666666,
      "SOG": 0,
      "MOVINGTIME": 1803.0,
      "ARRIVALTIME": "20251204003103"
    },
    {
      "SEQ": 194,
      "BEFORE_NODE": 194.0,
      "AFTER_NODE": 195.0,
      "BEFORE_LAT": 1.2752583333333334,
      "BEFORE_LON": 103.75854666666666,
      "AFTER_LAT": 1.27529,
      "AFTER_LON": 103.75854666666666,
      "SOG": 0,
      "MOVINGTIME": 2056.0,
      "ARRIVALTIME": "20251204010519"
    },
    {
      "SEQ": 195,
      "BEFORE_NODE": 195.0,
      "AFTER_NODE": 196.0,
      "BEFORE_LAT": 1.27529,
      "BEFORE_LON": 103.75854666666666,
      "AFTER_LAT": 1.27529,
      "AFTER_LON": 103.75855,
      "SOG": 0,
      "MOVINGTIME": 2050.0,
      "ARRIVALTIME": "20251204013929"
    },
    {
      "SEQ": 196,
      "BEFORE_NODE": 196.0,
      "AFTER_NODE": 197.0,
      "BEFORE_LAT": 1.27529,
      "BEFORE_LON": 103.75855,
      "AFTER_LAT": 1.275205,
      "AFTER_LON": 103.75861,
      "SOG": 0.1,
      "MOVINGTIME": 1351.0,
      "ARRIVALTIME": "20251204020200"
    },
    {
      "SEQ": 197,
      "BEFORE_NODE": 197.0,
      "AFTER_NODE": 198.0,
      "BEFORE_LAT": 1.275205,
      "BEFORE_LON": 103.75861,
      "AFTER_LAT": 1.27513,
      "AFTER_LON": 103.758825,
      "SOG": 0,
      "MOVINGTIME": 2249.0,
      "ARRIVALTIME": "20251204023929"
    },
    {
      "SEQ": 198,
      "BEFORE_NODE": 198.0,
      "AFTER_NODE": 199.0,
      "BEFORE_LAT": 1.27513,
      "BEFORE_LON": 103.758825,
      "AFTER_LAT": 1.2752333333333332,
      "AFTER_LON": 103.75864333333334,
      "SOG": 0.1,
      "MOVINGTIME": 1620.0,
      "ARRIVALTIME": "20251204030629"
    },
    {
      "SEQ": 199,
      "BEFORE_NODE": 199.0,
      "AFTER_NODE": 200.0,
      "BEFORE_LAT": 1.2752333333333332,
      "BEFORE_LON": 103.75864333333334,
      "AFTER_LAT": 1.2752033333333332,
      "AFTER_LON": 103.7587,
      "SOG": 0,
      "MOVINGTIME": 2160.0,
      "ARRIVALTIME": "20251204034229"
    },
    {
      "SEQ": 200,
      "BEFORE_NODE": 200.0,
      "AFTER_NODE": 201.0,
      "BEFORE_LAT": 1.2752033333333332,
      "BEFORE_LON": 103.7587,
      "AFTER_LAT": 1.2750866,
      "AFTER_LON": 103.75874,
      "SOG": 0.1,
      "MOVINGTIME": 991.0,
      "ARRIVALTIME": "20251204035900"
    },
    {
      "SEQ": 201,
      "BEFORE_NODE": 201.0,
      "AFTER_NODE": 202.0,
      "BEFORE_LAT": 1.2750866,
      "BEFORE_LON": 103.75874,
      "AFTER_LAT": 1.2751384,
      "AFTER_LON": 103.7585,
      "SOG": 0.1,
      "MOVINGTIME": 1920.0,
      "ARRIVALTIME": "20251204043100"
    },
    {
      "SEQ": 202,
      "BEFORE_NODE": 202.0,
      "AFTER_NODE": 203.0,
      "BEFORE_LAT": 1.2751384,
      "BEFORE_LON": 103.7585,
      "AFTER_LAT": 1.2752334,
      "AFTER_LON": 103.75864,
      "SOG": 0.1,
      "MOVINGTIME": 1740.0,
      "ARRIVALTIME": "20251204050000"
    },
    {
      "SEQ": 203,
      "BEFORE_NODE": 203.0,
      "AFTER_NODE": 204.0,
      "BEFORE_LAT": 1.2752334,
      "BEFORE_LON": 103.75864,
      "AFTER_LAT": 1.2752616,
      "AFTER_LON": 103.75896,
      "SOG": 0,
      "MOVINGTIME": 1680.0,
      "ARRIVALTIME": "20251204052800"
    },
    {
      "SEQ": 204,
      "BEFORE_NODE": 204.0,
      "AFTER_NODE": 205.0,
      "BEFORE_LAT": 1.2752616,
      "BEFORE_LON": 103.75896,
      "AFTER_LAT": 1.2750733333333333,
      "AFTER_LON": 103.758765,
      "SOG": 0.1,
      "MOVINGTIME": 2309.0,
      "ARRIVALTIME": "20251204060629"
    },
    {
      "SEQ": 205,
      "BEFORE_NODE": 205.0,
      "AFTER_NODE": 206.0,
      "BEFORE_LAT": 1.2750733333333333,
      "BEFORE_LON": 103.758765,
      "AFTER_LAT": 1.2751451,
      "AFTER_LON": 103.75867,
      "SOG": 0,
      "MOVINGTIME": 1351.0,
      "ARRIVALTIME": "20251204062900"
    },
    {
      "SEQ": 206,
      "BEFORE_NODE": 206.0,
      "AFTER_NODE": 207.0,
      "BEFORE_LAT": 1.2751451,
      "BEFORE_LON": 103.75867,
      "AFTER_LAT": 1.2752933333333334,
      "AFTER_LON": 103.75851333333334,
      "SOG": 0,
      "MOVINGTIME": 2326.0,
      "ARRIVALTIME": "20251204070746"
    },
    {
      "SEQ": 207,
      "BEFORE_NODE": 207.0,
      "AFTER_NODE": 208.0,
      "BEFORE_LAT": 1.2752933333333334,
      "BEFORE_LON": 103.75851333333334,
      "AFTER_LAT": 1.275105,
      "AFTER_LON": 103.75864833333333,
      "SOG": 0,
      "MOVINGTIME": 1800.0,
      "ARRIVALTIME": "20251204073746"
    },
    {
      "SEQ": 208,
      "BEFORE_NODE": 208.0,
      "AFTER_NODE": 209.0,
      "BEFORE_LAT": 1.275105,
      "BEFORE_LON": 103.75864833333333,
      "AFTER_LAT": 1.27494,
      "AFTER_LON": 103.75870833333333,
      "SOG": 0.1,
      "MOVINGTIME": 1800.0,
      "ARRIVALTIME": "20251204080746"
    },
    {
      "SEQ": 209,
      "BEFORE_NODE": 209.0,
      "AFTER_NODE": 210.0,
      "BEFORE_LAT": 1.27494,
      "BEFORE_LON": 103.75870833333333,
      "AFTER_LAT": 1.2752333333333332,
      "AFTER_LON": 103.758535,
      "SOG": 0,
      "MOVINGTIME": 1980.0,
      "ARRIVALTIME": "20251204084046"
    },
    {
      "SEQ": 210,
      "BEFORE_NODE": 210.0,
      "AFTER_NODE": 211.0,
      "BEFORE_LAT": 1.2752333333333332,
      "BEFORE_LON": 103.758535,
      "AFTER_LAT": 1.2751566666666667,
      "AFTER_LON": 103.75867666666667,
      "SOG": 0,
      "MOVINGTIME": 1800.0,
      "ARRIVALTIME": "20251204091046"
    },
    {
      "SEQ": 211,
      "BEFORE_NODE": 211.0,
      "AFTER_NODE": 212.0,
      "BEFORE_LAT": 1.2751566666666667,
      "BEFORE_LON": 103.75867666666667,
      "AFTER_LAT": 1.2751766666666666,
      "AFTER_LON": 103.75861166666667,
      "SOG": 0.2,
      "MOVINGTIME": 1800.0,
      "ARRIVALTIME": "20251204094046"
    },
    {
      "SEQ": 212,
      "BEFORE_NODE": 212.0,
      "AFTER_NODE": 213.0,
      "BEFORE_LAT": 1.2751766666666666,
      "BEFORE_LON": 103.75861166666667,
      "AFTER_LAT": 1.2752483333333333,
      "AFTER_LON": 103.75869666666667,
      "SOG": 0,
      "MOVINGTIME": 1620.0,
      "ARRIVALTIME": "20251204100746"
    },
    {
      "SEQ": 213,
      "BEFORE_NODE": 213.0,
      "AFTER_NODE": 214.0,
      "BEFORE_LAT": 1.2752483333333333,
      "BEFORE_LON": 103.75869666666667,
      "AFTER_LAT": 1.2751633333333332,
      "AFTER_LON": 103.75856666666667,
      "SOG": 0.2,
      "MOVINGTIME": 1800.0,
      "ARRIVALTIME": "20251204103746"
    },
    {
      "SEQ": 214,
      "BEFORE_NODE": 214.0,
      "AFTER_NODE": 215.0,
      "BEFORE_LAT": 1.2751633333333332,
      "BEFORE_LON": 103.75856666666667,
      "AFTER_LAT": 1.2753,
      "AFTER_LON": 103.7586,
      "SOG": 0,
      "MOVINGTIME": 1800.0,
      "ARRIVALTIME": "20251204110746"
    },
    {
      "SEQ": 215,
      "BEFORE_NODE": 215.0,
      "AFTER_NODE": 216.0,
      "BEFORE_LAT": 1.2753,
      "BEFORE_LON": 103.7586,
      "AFTER_LAT": 1.2750916666666667,
      "AFTER_LON": 103.75877666666666,
      "SOG": 0,
      "MOVINGTIME": 1980.0,
      "ARRIVALTIME": "20251204114046"
    },
    {
      "SEQ": 216,
      "BEFORE_NODE": 216.0,
      "AFTER_NODE": 217.0,
      "BEFORE_LAT": 1.2750916666666667,
      "BEFORE_LON": 103.75877666666666,
      "AFTER_LAT": 1.2753633333333334,
      "AFTER_LON": 103.75848833333333,
      "SOG": 0.1,
      "MOVINGTIME": 1800.0,
      "ARRIVALTIME": "20251204121046"
    },
    {
      "SEQ": 217,
      "BEFORE_NODE": 217.0,
      "AFTER_NODE": 218.0,
      "BEFORE_LAT": 1.2753633333333334,
      "BEFORE_LON": 103.75848833333333,
      "AFTER_LAT": 1.2752383333333333,
      "AFTER_LON": 103.758525,
      "SOG": 0,
      "MOVINGTIME": 1800.0,
      "ARRIVALTIME": "20251204124046"
    },
    {
      "SEQ": 218,
      "BEFORE_NODE": 218.0,
      "AFTER_NODE": 219.0,
      "BEFORE_LAT": 1.2752383333333333,
      "BEFORE_LON": 103.758525,
      "AFTER_LAT": 1.2753116666666666,
      "AFTER_LON": 103.75857,
      "SOG": 0,
      "MOVINGTIME": 1800.0,
      "ARRIVALTIME": "20251204131046"
    },
    {
      "SEQ": 219,
      "BEFORE_NODE": 219.0,
      "AFTER_NODE": 220.0,
      "BEFORE_LAT": 1.2753116666666666,
      "BEFORE_LON": 103.75857,
      "AFTER_LAT": 1.275255,
      "AFTER_LON": 103.758595,
      "SOG": 0.1,
      "MOVINGTIME": 1620.0,
      "ARRIVALTIME": "20251204133746"
    },
    {
      "SEQ": 220,
      "BEFORE_NODE": 220.0,
      "AFTER_NODE": 221.0,
      "BEFORE_LAT": 1.275255,
      "BEFORE_LON": 103.758595,
      "AFTER_LAT": 1.2752883333333334,
      "AFTER_LON": 103.75858666666667,
      "SOG": 0.1,
      "MOVINGTIME": 1980.0,
      "ARRIVALTIME": "20251204141046"
    },
    {
      "SEQ": 221,
      "BEFORE_NODE": 221.0,
      "AFTER_NODE": 222.0,
      "BEFORE_LAT": 1.2752883333333334,
      "BEFORE_LON": 103.75858666666667,
      "AFTER_LAT": 1.2752733333333333,
      "AFTER_LON": 103.75857833333333,
      "SOG": 0.1,
      "MOVINGTIME": 1800.0,
      "ARRIVALTIME": "20251204144046"
    },
    {
      "SEQ": 222,
      "BEFORE_NODE": 222.0,
      "AFTER_NODE": 223.0,
      "BEFORE_LAT": 1.2752733333333333,
      "BEFORE_LON": 103.75857833333333,
      "AFTER_LAT": 1.2752766666666666,
      "AFTER_LON": 103.75858833333334,
      "SOG": 0,
      "MOVINGTIME": 1620.0,
      "ARRIVALTIME": "20251204150746"
    },
    {
      "SEQ": 223,
      "BEFORE_NODE": 223.0,
      "AFTER_NODE": 224.0,
      "BEFORE_LAT": 1.2752766666666666,
      "BEFORE_LON": 103.75858833333334,
      "AFTER_LAT": 1.27528,
      "AFTER_LON": 103.75864,
      "SOG": 0,
      "MOVINGTIME": 1980.0,
      "ARRIVALTIME": "20251204154046"
    },
    {
      "SEQ": 224,
      "BEFORE_NODE": 224.0,
      "AFTER_NODE": 225.0,
      "BEFORE_LAT": 1.27528,
      "BEFORE_LON": 103.75864,
      "AFTER_LAT": 1.2752883333333334,
      "AFTER_LON": 103.75866666666667,
      "SOG": 0,
      "MOVINGTIME": 1620.0,
      "ARRIVALTIME": "20251204160746"
    },
    {
      "SEQ": 225,
      "BEFORE_NODE": 225.0,
      "AFTER_NODE": 226.0,
      "BEFORE_LAT": 1.2752883333333334,
      "BEFORE_LON": 103.75866666666667,
      "AFTER_LAT": 1.2752616666666667,
      "AFTER_LON": 103.758525,
      "SOG": 0,
      "MOVINGTIME": 1800.0,
      "ARRIVALTIME": "20251204163746"
    },
    {
      "SEQ": 226,
      "BEFORE_NODE": 226.0,
      "AFTER_NODE": 227.0,
      "BEFORE_LAT": 1.2752616666666667,
      "BEFORE_LON": 103.758525,
      "AFTER_LAT": 1.27529,
      "AFTER_LON": 103.75855833333334,
      "SOG": 0,
      "MOVINGTIME": 1980.0,
      "ARRIVALTIME": "20251204171046"
    },
    {
      "SEQ": 227,
      "BEFORE_NODE": 227.0,
      "AFTER_NODE": 228.0,
      "BEFORE_LAT": 1.27529,
      "BEFORE_LON": 103.75855833333334,
      "AFTER_LAT": 1.2752883333333334,
      "AFTER_LON": 103.75861,
      "SOG": 0.1,
      "MOVINGTIME": 1620.0,
      "ARRIVALTIME": "20251204173746"
    },
    {
      "SEQ": 228,
      "BEFORE_NODE": 228.0,
      "AFTER_NODE": 229.0,
      "BEFORE_LAT": 1.2752883333333334,
      "BEFORE_LON": 103.75861,
      "AFTER_LAT": 1.2751883333333334,
      "AFTER_LON": 103.75855333333334,
      "SOG": 0,
      "MOVINGTIME": 1800.0,
      "ARRIVALTIME": "20251204180746"
    },
    {
      "SEQ": 229,
      "BEFORE_NODE": 229.0,
      "AFTER_NODE": 230.0,
      "BEFORE_LAT": 1.2751883333333334,
      "BEFORE_LON": 103.75855333333334,
      "AFTER_LAT": 1.27525,
      "AFTER_LON": 103.75866166666667,
      "SOG": 0.1,
      "MOVINGTIME": 1800.0,
      "ARRIVALTIME": "20251204183746"
    },
    {
      "SEQ": 230,
      "BEFORE_NODE": 230.0,
      "AFTER_NODE": 231.0,
      "BEFORE_LAT": 1.27525,
      "BEFORE_LON": 103.75866166666667,
      "AFTER_LAT": 1.2752983333333332,
      "AFTER_LON": 103.75858,
      "SOG": 0.1,
      "MOVINGTIME": 1620.0,
      "ARRIVALTIME": "20251204190446"
    },
    {
      "SEQ": 231,
      "BEFORE_NODE": 231.0,
      "AFTER_NODE": 232.0,
      "BEFORE_LAT": 1.2752983333333332,
      "BEFORE_LON": 103.75858,
      "AFTER_LAT": 1.2752016666666668,
      "AFTER_LON": 103.75854833333334,
      "SOG": 0.1,
      "MOVINGTIME": 2160.0,
      "ARRIVALTIME": "20251204194046"
    },
    {
      "SEQ": 232,
      "BEFORE_NODE": 232.0,
      "AFTER_NODE": 233.0,
      "BEFORE_LAT": 1.2752016666666668,
      "BEFORE_LON": 103.75854833333334,
      "AFTER_LAT": 1.2751716666666666,
      "AFTER_LON": 103.75868,
      "SOG": 0.1,
      "MOVINGTIME": 1620.0,
      "ARRIVALTIME": "20251204200746"
    },
    {
      "SEQ": 233,
      "BEFORE_NODE": 233.0,
      "AFTER_NODE": 234.0,
      "BEFORE_LAT": 1.2751716666666666,
      "BEFORE_LON": 103.75868,
      "AFTER_LAT": 1.275365,
      "AFTER_LON": 103.75838,
      "SOG": 0,
      "MOVINGTIME": 1634.0,
      "ARRIVALTIME": "20251204203500"
    },
    {
      "SEQ": 234,
      "BEFORE_NODE": 234.0,
      "AFTER_NODE": 235.0,
      "BEFORE_LAT": 1.275365,
      "BEFORE_LON": 103.75838,
      "AFTER_LAT": 1.2752333333333332,
      "AFTER_LON": 103.75857333333333,
      "SOG": 0,
      "MOVINGTIME": 2146.0,
      "ARRIVALTIME": "20251204211046"
    },
    {
      "SEQ": 235,
      "BEFORE_NODE": 235.0,
      "AFTER_NODE": 236.0,
      "BEFORE_LAT": 1.2752333333333332,
      "BEFORE_LON": 103.75857333333333,
      "AFTER_LAT": 1.2753466666666666,
      "AFTER_LON": 103.75849666666667,
      "SOG": 0,
      "MOVINGTIME": 1800.0,
      "ARRIVALTIME": "20251204214046"
    },
    {
      "SEQ": 236,
      "BEFORE_NODE": 236.0,
      "AFTER_NODE": 237.0,
      "BEFORE_LAT": 1.2753466666666666,
      "BEFORE_LON": 103.75849666666667,
      "AFTER_LAT": 1.2753216666666667,
      "AFTER_LON": 103.75854833333334,
      "SOG": 0,
      "MOVINGTIME": 1620.0,
      "ARRIVALTIME": "20251204220746"
    },
    {
      "SEQ": 237,
      "BEFORE_NODE": 237.0,
      "AFTER_NODE": 238.0,
      "BEFORE_LAT": 1.2753216666666667,
      "BEFORE_LON": 103.75854833333334,
      "AFTER_LAT": 1.2752133333333333,
      "AFTER_LON": 103.7586,
      "SOG": 0,
      "MOVINGTIME": 1980.0,
      "ARRIVALTIME": "20251204224046"
    },
    {
      "SEQ": 238,
      "BEFORE_NODE": 238.0,
      "AFTER_NODE": 239.0,
      "BEFORE_LAT": 1.2752133333333333,
      "BEFORE_LON": 103.7586,
      "AFTER_LAT": 1.275285,
      "AFTER_LON": 103.75859,
      "SOG": 0,
      "MOVINGTIME": 1800.0,
      "ARRIVALTIME": "20251204231046"
    },
    {
      "SEQ": 239,
      "BEFORE_NODE": 239.0,
      "AFTER_NODE": 240.0,
      "BEFORE_LAT": 1.275285,
      "BEFORE_LON": 103.75859,
      "AFTER_LAT": 1.2752566666666667,
      "AFTER_LON": 103.75856333333333,
      "SOG": 0,
      "MOVINGTIME": 1800.0,
      "ARRIVALTIME": "20251204234046"
    },
    {
      "SEQ": 240,
      "BEFORE_NODE": 240.0,
      "AFTER_NODE": 241.0,
      "BEFORE_LAT": 1.2752566666666667,
      "BEFORE_LON": 103.75856333333333,
      "AFTER_LAT": 1.2753133333333333,
      "AFTER_LON": 103.75855166666666,
      "SOG": 0.1,
      "MOVINGTIME": 1620.0,
      "ARRIVALTIME": "20251205000746"
    },
    {
      "SEQ": 241,
      "BEFORE_NODE": 241.0,
      "AFTER_NODE": 242.0,
      "BEFORE_LAT": 1.2753133333333333,
      "BEFORE_LON": 103.75855166666666,
      "AFTER_LAT": 1.2752383333333333,
      "AFTER_LON": 103.75856333333333,
      "SOG": 0,
      "MOVINGTIME": 1800.0,
      "ARRIVALTIME": "20251205003746"
    },
    {
      "SEQ": 242,
      "BEFORE_NODE": 242.0,
      "AFTER_NODE": 243.0,
      "BEFORE_LAT": 1.2752383333333333,
      "BEFORE_LON": 103.75856333333333,
      "AFTER_LAT": 1.2752566666666667,
      "AFTER_LON": 103.7585,
      "SOG": 0,
      "MOVINGTIME": 1800.0,
      "ARRIVALTIME": "20251205010746"
    },
    {
      "SEQ": 243,
      "BEFORE_NODE": 243.0,
      "AFTER_NODE": 244.0,
      "BEFORE_LAT": 1.2752566666666667,
      "BEFORE_LON": 103.7585,
      "AFTER_LAT": 1.275255,
      "AFTER_LON": 103.758565,
      "SOG": 0,
      "MOVINGTIME": 1980.0,
      "ARRIVALTIME": "20251205014046"
    },
    {
      "SEQ": 244,
      "BEFORE_NODE": 244.0,
      "AFTER_NODE": 245.0,
      "BEFORE_LAT": 1.275255,
      "BEFORE_LON": 103.758565,
      "AFTER_LAT": 1.2752716666666668,
      "AFTER_LON": 103.75857833333333,
      "SOG": 0,
      "MOVINGTIME": 1800.0,
      "ARRIVALTIME": "20251205021046"
    },
    {
      "SEQ": 245,
      "BEFORE_NODE": 245.0,
      "AFTER_NODE": 246.0,
      "BEFORE_LAT": 1.2752716666666668,
      "BEFORE_LON": 103.75857833333333,
      "AFTER_LAT": 1.2752166666666667,
      "AFTER_LON": 103.75866166666667,
      "SOG": 0,
      "MOVINGTIME": 1800.0,
      "ARRIVALTIME": "20251205024046"
    },
    {
      "SEQ": 246,
      "BEFORE_NODE": 246.0,
      "AFTER_NODE": 247.0,
      "BEFORE_LAT": 1.2752166666666667,
      "BEFORE_LON": 103.75866166666667,
      "AFTER_LAT": 1.27533,
      "AFTER_LON": 103.75848166666667,
      "SOG": 0,
      "MOVINGTIME": 1800.0,
      "ARRIVALTIME": "20251205031046"
    },
    {
      "SEQ": 247,
      "BEFORE_NODE": 247.0,
      "AFTER_NODE": 248.0,
      "BEFORE_LAT": 1.27533,
      "BEFORE_LON": 103.75848166666667,
      "AFTER_LAT": 1.275295,
      "AFTER_LON": 103.75859166666666,
      "SOG": 0,
      "MOVINGTIME": 1620.0,
      "ARRIVALTIME": "20251205033746"
    },
    {
      "SEQ": 248,
      "BEFORE_NODE": 248.0,
      "AFTER_NODE": 249.0,
      "BEFORE_LAT": 1.275295,
      "BEFORE_LON": 103.75859166666666,
      "AFTER_LAT": 1.2752666666666668,
      "AFTER_LON": 103.75856333333333,
      "SOG": 0,
      "MOVINGTIME": 1800.0,
      "ARRIVALTIME": "20251205040746"
    },
    {
      "SEQ": 249,
      "BEFORE_NODE": 249.0,
      "AFTER_NODE": 250.0,
      "BEFORE_LAT": 1.2752666666666668,
      "BEFORE_LON": 103.75856333333333,
      "AFTER_LAT": 1.275285,
      "AFTER_LON": 103.75861166666667,
      "SOG": 0.1,
      "MOVINGTIME": 1980.0,
      "ARRIVALTIME": "20251205044046"
    },
    {
      "SEQ": 250,
      "BEFORE_NODE": 250.0,
      "AFTER_NODE": 251.0,
      "BEFORE_LAT": 1.275285,
      "BEFORE_LON": 103.75861166666667,
      "AFTER_LAT": 1.2752366666666668,
      "AFTER_LON": 103.75863333333334,
      "SOG": 0.1,
      "MOVINGTIME": 1620.0,
      "ARRIVALTIME": "20251205050746"
    },
    {
      "SEQ": 251,
      "BEFORE_NODE": 251.0,
      "AFTER_NODE": 252.0,
      "BEFORE_LAT": 1.2752366666666668,
      "BEFORE_LON": 103.75863333333334,
      "AFTER_LAT": 1.275235,
      "AFTER_LON": 103.75867,
      "SOG": 0,
      "MOVINGTIME": 1800.0,
      "ARRIVALTIME": "20251205053746"
    },
    {
      "SEQ": 252,
      "BEFORE_NODE": 252.0,
      "AFTER_NODE": 253.0,
      "BEFORE_LAT": 1.275235,
      "BEFORE_LON": 103.75867,
      "AFTER_LAT": 1.275285,
      "AFTER_LON": 103.7585,
      "SOG": 0,
      "MOVINGTIME": 1800.0,
      "ARRIVALTIME": "20251205060746"
    },
    {
      "SEQ": 253,
      "BEFORE_NODE": 253.0,
      "AFTER_NODE": 254.0,
      "BEFORE_LAT": 1.275285,
      "BEFORE_LON": 103.7585,
      "AFTER_LAT": 1.2753033333333332,
      "AFTER_LON": 103.75856333333333,
      "SOG": 0.1,
      "MOVINGTIME": 1980.0,
      "ARRIVALTIME": "20251205064046"
    },
    {
      "SEQ": 254,
      "BEFORE_NODE": 254.0,
      "AFTER_NODE": 255.0,
      "BEFORE_LAT": 1.2753033333333332,
      "BEFORE_LON": 103.75856333333333,
      "AFTER_LAT": 1.2752816666666666,
      "AFTER_LON": 103.758565,
      "SOG": 0,
      "MOVINGTIME": 1800.0,
      "ARRIVALTIME": "20251205071046"
    },
    {
      "SEQ": 255,
      "BEFORE_NODE": 255.0,
      "AFTER_NODE": 256.0,
      "BEFORE_LAT": 1.2752816666666666,
      "BEFORE_LON": 103.758565,
      "AFTER_LAT": 1.2752816666666666,
      "AFTER_LON": 103.75859333333334,
      "SOG": 0.1,
      "MOVINGTIME": 1620.0,
      "ARRIVALTIME": "20251205073746"
    },
    {
      "SEQ": 256,
      "BEFORE_NODE": 256.0,
      "AFTER_NODE": 257.0,
      "BEFORE_LAT": 1.2752816666666666,
      "BEFORE_LON": 103.75859333333334,
      "AFTER_LAT": 1.2742583333333333,
      "AFTER_LON": 103.75836666666666,
      "SOG": 0.1,
      "MOVINGTIME": 2097.0,
      "ARRIVALTIME": "20251205081243"
    },
    {
      "SEQ": 257,
      "BEFORE_NODE": 257.0,
      "AFTER_NODE": 258.0,
      "BEFORE_LAT": 1.2742583333333333,
      "BEFORE_LON": 103.75836666666666,
      "AFTER_LAT": 1.255475,
      "AFTER_LON": 103.77106333333333,
      "SOG": 6.3,
      "MOVINGTIME": 1812.0,
      "ARRIVALTIME": "20251205084255"
    },
    {
      "SEQ": 258,
      "BEFORE_NODE": 258.0,
      "AFTER_NODE": 259.0,
      "BEFORE_LAT": 1.255475,
      "BEFORE_LON": 103.77106333333333,
      "AFTER_LAT": 1.216585,
      "AFTER_LON": 103.79765333333333,
      "SOG": 7.1,
      "MOVINGTIME": 1499.0,
      "ARRIVALTIME": "20251205090754"
    },
    {
      "SEQ": 259,
      "BEFORE_NODE": 259.0,
      "AFTER_NODE": 260.0,
      "BEFORE_LAT": 1.216585,
      "BEFORE_LON": 103.79765333333333,
      "AFTER_LAT": 1.17587,
      "AFTER_LON": 103.80086333333334,
      "SOG": 10.4,
      "MOVINGTIME": 2100.0,
      "ARRIVALTIME": "20251205094254"
    },
    {
      "SEQ": 260,
      "BEFORE_NODE": 260.0,
      "AFTER_NODE": 261.0,
      "BEFORE_LAT": 1.17587,
      "BEFORE_LON": 103.80086333333334,
      "AFTER_LAT": 1.1482116666666666,
      "AFTER_LON": 103.71606,
      "SOG": 14.6,
      "MOVINGTIME": 1803.0,
      "ARRIVALTIME": "20251205101257"
    },
    {
      "SEQ": 261,
      "BEFORE_NODE": 261.0,
      "AFTER_NODE": 262.0,
      "BEFORE_LAT": 1.1482116666666666,
      "BEFORE_LON": 103.71606,
      "AFTER_LAT": 1.191075,
      "AFTER_LON": 103.61166333333334,
      "SOG": 17.6,
      "MOVINGTIME": 1512.0,
      "ARRIVALTIME": "20251205103809"
    },
    {
      "SEQ": 262,
      "BEFORE_NODE": 262.0,
      "AFTER_NODE": 263.0,
      "BEFORE_LAT": 1.191075,
      "BEFORE_LON": 103.61166333333334,
      "AFTER_LAT": 1.2171,
      "AFTER_LON": 103.48438666666667,
      "SOG": 16.9,
      "MOVINGTIME": 1608.0,
      "ARRIVALTIME": "20251205110457"
    },
    {
      "SEQ": 263,
      "BEFORE_NODE": 263.0,
      "AFTER_NODE": 264.0,
      "BEFORE_LAT": 1.2171,
      "BEFORE_LON": 103.48438666666667,
      "AFTER_LAT": 1.257615,
      "AFTER_LON": 103.38121,
      "SOG": 16.7,
      "MOVINGTIME": 1683.0,
      "ARRIVALTIME": "20251205113300"
    },
    {
      "SEQ": 264,
      "BEFORE_NODE": 264.0,
      "AFTER_NODE": 265.0,
      "BEFORE_LAT": 1.257615,
      "BEFORE_LON": 103.38121,
      "AFTER_LAT": 1.34448,
      "AFTER_LON": 103.27605,
      "SOG": 16.2,
      "MOVINGTIME": 1620.0,
      "ARRIVALTIME": "20251205120000"
    },
    {
      "SEQ": 265,
      "BEFORE_NODE": 265.0,
      "AFTER_NODE": 266.0,
      "BEFORE_LAT": 1.34448,
      "BEFORE_LON": 103.27605,
      "AFTER_LAT": 1.4141266,
      "AFTER_LON": 103.17292,
      "SOG": 15.6,
      "MOVINGTIME": 1680.0,
      "ARRIVALTIME": "20251205122800"
    },
    {
      "SEQ": 266,
      "BEFORE_NODE": 266.0,
      "AFTER_NODE": 267.0,
      "BEFORE_LAT": 1.4141266,
      "BEFORE_LON": 103.17292,
      "AFTER_LAT": 1.4957433,
      "AFTER_LON": 103.05172,
      "SOG": 14.8,
      "MOVINGTIME": 1980.0,
      "ARRIVALTIME": "20251205130100"
    },
    {
      "SEQ": 267,
      "BEFORE_NODE": 267.0,
      "AFTER_NODE": 268.0,
      "BEFORE_LAT": 1.4957433,
      "BEFORE_LON": 103.05172,
      "AFTER_LAT": 1.5689417,
      "AFTER_LON": 102.96996,
      "SOG": 14.6,
      "MOVINGTIME": 1740.0,
      "ARRIVALTIME": "20251205133000"
    },
    {
      "SEQ": 268,
      "BEFORE_NODE": 268.0,
      "AFTER_NODE": 269.0,
      "BEFORE_LAT": 1.5689417,
      "BEFORE_LON": 102.96996,
      "AFTER_LAT": 1.651985,
      "AFTER_LON": 102.86189,
      "SOG": 14.5,
      "MOVINGTIME": 1860.0,
      "ARRIVALTIME": "20251205140100"
    },
    {
      "SEQ": 269,
      "BEFORE_NODE": 269.0,
      "AFTER_NODE": 270.0,
      "BEFORE_LAT": 1.651985,
      "BEFORE_LON": 102.86189,
      "AFTER_LAT": 1.7072883333333333,
      "AFTER_LON": 102.73499666666666,
      "SOG": 14.8,
      "MOVINGTIME": 2160.0,
      "ARRIVALTIME": "20251205143700"
    },
    {
      "SEQ": 270,
      "BEFORE_NODE": 270.0,
      "AFTER_NODE": 271.0,
      "BEFORE_LAT": 1.7072883333333333,
      "BEFORE_LON": 102.73499666666666,
      "AFTER_LAT": 1.7647466666666667,
      "AFTER_LON": 102.630175,
      "SOG": 14.8,
      "MOVINGTIME": 1750.0,
      "ARRIVALTIME": "20251205150610"
    },
    {
      "SEQ": 271,
      "BEFORE_NODE": 271.0,
      "AFTER_NODE": 272.0,
      "BEFORE_LAT": 1.7647466666666667,
      "BEFORE_LON": 102.630175,
      "AFTER_LAT": 1.8228666666666666,
      "AFTER_LON": 102.51173833333333,
      "SOG": 15.4,
      "MOVINGTIME": 1901.0,
      "ARRIVALTIME": "20251205153751"
    },
    {
      "SEQ": 272,
      "BEFORE_NODE": 272.0,
      "AFTER_NODE": 273.0,
      "BEFORE_LAT": 1.8228666666666666,
      "BEFORE_LON": 102.51173833333333,
      "AFTER_LAT": 1.890765,
      "AFTER_LON": 102.37740833333334,
      "SOG": 15.8,
      "MOVINGTIME": 2084.0,
      "ARRIVALTIME": "20251205161235"
    },
    {
      "SEQ": 273,
      "BEFORE_NODE": 273.0,
      "AFTER_NODE": 274.0,
      "BEFORE_LAT": 1.890765,
      "BEFORE_LON": 102.37740833333334,
      "AFTER_LAT": 1.9478816666666667,
      "AFTER_LON": 102.29421833333333,
      "SOG": 15.9,
      "MOVINGTIME": 1379.0,
      "ARRIVALTIME": "20251205163534"
    },
    {
      "SEQ": 274,
      "BEFORE_NODE": 274.0,
      "AFTER_NODE": 275.0,
      "BEFORE_LAT": 1.9478816666666667,
      "BEFORE_LON": 102.29421833333333,
      "AFTER_LAT": 2.04726,
      "AFTER_LON": 102.18119333333334,
      "SOG": 16.4,
      "MOVINGTIME": 2031.0,
      "ARRIVALTIME": "20251205170925"
    },
    {
      "SEQ": 275,
      "BEFORE_NODE": 275.0,
      "AFTER_NODE": 276.0,
      "BEFORE_LAT": 2.04726,
      "BEFORE_LON": 102.18119333333334,
      "AFTER_LAT": 2.1149833,
      "AFTER_LON": 102.11008,
      "SOG": 16.7,
      "MOVINGTIME": 1415.0,
      "ARRIVALTIME": "20251205173300"
    },
    {
      "SEQ": 276,
      "BEFORE_NODE": 276.0,
      "AFTER_NODE": 277.0,
      "BEFORE_LAT": 2.1149833,
      "BEFORE_LON": 102.11008,
      "AFTER_LAT": 2.2082784,
      "AFTER_LON": 101.99083,
      "SOG": 17.1,
      "MOVINGTIME": 1800.0,
      "ARRIVALTIME": "20251205180300"
    },
    {
      "SEQ": 277,
      "BEFORE_NODE": 277.0,
      "AFTER_NODE": 278.0,
      "BEFORE_LAT": 2.2082784,
      "BEFORE_LON": 101.99083,
      "AFTER_LAT": 2.2810049,
      "AFTER_LON": 101.88069,
      "SOG": 17.2,
      "MOVINGTIME": 1800.0,
      "ARRIVALTIME": "20251205183300"
    },
    {
      "SEQ": 278,
      "BEFORE_NODE": 278.0,
      "AFTER_NODE": 279.0,
      "BEFORE_LAT": 2.2810049,
      "BEFORE_LON": 101.88069,
      "AFTER_LAT": 2.3721299,
      "AFTER_LON": 101.75863,
      "SOG": 16.7,
      "MOVINGTIME": 1800.0,
      "ARRIVALTIME": "20251205190300"
    },
    {
      "SEQ": 279,
      "BEFORE_NODE": 279.0,
      "AFTER_NODE": 280.0,
      "BEFORE_LAT": 2.3721299,
      "BEFORE_LON": 101.75863,
      "AFTER_LAT": 2.4545767,
      "AFTER_LON": 101.64672,
      "SOG": 16.2,
      "MOVINGTIME": 1800.0,
      "ARRIVALTIME": "20251205193300"
    },
    {
      "SEQ": 280,
      "BEFORE_NODE": 280.0,
      "AFTER_NODE": 281.0,
      "BEFORE_LAT": 2.4545767,
      "BEFORE_LON": 101.64672,
      "AFTER_LAT": 2.526125,
      "AFTER_LON": 101.54904,
      "SOG": 15.3,
      "MOVINGTIME": 1860.0,
      "ARRIVALTIME": "20251205200400"
    },
    {
      "SEQ": 281,
      "BEFORE_NODE": 281.0,
      "AFTER_NODE": 282.0,
      "BEFORE_LAT": 2.526125,
      "BEFORE_LON": 101.54904,
      "AFTER_LAT": 2.577235,
      "AFTER_LON": 101.47958,
      "SOG": 14.6,
      "MOVINGTIME": 1620.0,
      "ARRIVALTIME": "20251205203100"
    },
    {
      "SEQ": 282,
      "BEFORE_NODE": 282.0,
      "AFTER_NODE": 283.0,
      "BEFORE_LAT": 2.577235,
      "BEFORE_LON": 101.47958,
      "AFTER_LAT": 2.6282833,
      "AFTER_LON": 101.38113,
      "SOG": 14.8,
      "MOVINGTIME": 1740.0,
      "ARRIVALTIME": "20251205210000"
    },
    {
      "SEQ": 283,
      "BEFORE_NODE": 283.0,
      "AFTER_NODE": 284.0,
      "BEFORE_LAT": 2.6282833,
      "BEFORE_LON": 101.38113,
      "AFTER_LAT": 2.6943417,
      "AFTER_LON": 101.25581,
      "SOG": 13.8,
      "MOVINGTIME": 1920.0,
      "ARRIVALTIME": "20251205213200"
    },
    {
      "SEQ": 284,
      "BEFORE_NODE": 284.0,
      "AFTER_NODE": 285.0,
      "BEFORE_LAT": 2.6943417,
      "BEFORE_LON": 101.25581,
      "AFTER_LAT": 2.7471182,
      "AFTER_LON": 101.15368,
      "SOG": 13.6,
      "MOVINGTIME": 1500.0,
      "ARRIVALTIME": "20251205215700"
    },
    {
      "SEQ": 285,
      "BEFORE_NODE": 285.0,
      "AFTER_NODE": 286.0,
      "BEFORE_LAT": 2.7471182,
      "BEFORE_LON": 101.15368,
      "AFTER_LAT": 2.8175299,
      "AFTER_LON": 101.01767,
      "SOG": 13.8,
      "MOVINGTIME": 2220.0,
      "ARRIVALTIME": "20251205223400"
    },
    {
      "SEQ": 286,
      "BEFORE_NODE": 286.0,
      "AFTER_NODE": 287.0,
      "BEFORE_LAT": 2.8175299,
      "BEFORE_LON": 101.01767,
      "AFTER_LAT": 2.8911884,
      "AFTER_LON": 100.93098,
      "SOG": 14.5,
      "MOVINGTIME": 1860.0,
      "ARRIVALTIME": "20251205230500"
    },
    {
      "SEQ": 287,
      "BEFORE_NODE": 287.0,
      "AFTER_NODE": 288.0,
      "BEFORE_LAT": 2.8911884,
      "BEFORE_LON": 100.93098,
      "AFTER_LAT": 2.945065,
      "AFTER_LON": 100.88208,
      "SOG": 14.5,
      "MOVINGTIME": 1680.0,
      "ARRIVALTIME": "20251205233300"
    },
    {
      "SEQ": 288,
      "BEFORE_NODE": 288.0,
      "AFTER_NODE": 289.0,
      "BEFORE_LAT": 2.945065,
      "BEFORE_LON": 100.88208,
      "AFTER_LAT": 3.0336366,
      "AFTER_LON": 100.77528,
      "SOG": 15.8,
      "MOVINGTIME": 1620.0,
      "ARRIVALTIME": "20251206000000"
    },
    {
      "SEQ": 289,
      "BEFORE_NODE": 289.0,
      "AFTER_NODE": 290.0,
      "BEFORE_LAT": 3.0336366,
      "BEFORE_LON": 100.77528,
      "AFTER_LAT": 3.12535,
      "AFTER_LON": 100.67104,
      "SOG": 16.7,
      "MOVINGTIME": 1800.0,
      "ARRIVALTIME": "20251206003000"
    },
    {
      "SEQ": 290,
      "BEFORE_NODE": 290.0,
      "AFTER_NODE": 291.0,
      "BEFORE_LAT": 3.12535,
      "BEFORE_LON": 100.67104,
      "AFTER_LAT": 3.2240283,
      "AFTER_LON": 100.56966,
      "SOG": 16.8,
      "MOVINGTIME": 1740.0,
      "ARRIVALTIME": "20251206005900"
    },
    {
      "SEQ": 291,
      "BEFORE_NODE": 291.0,
      "AFTER_NODE": 292.0,
      "BEFORE_LAT": 3.2240283,
      "BEFORE_LON": 100.56966,
      "AFTER_LAT": 3.33779,
      "AFTER_LON": 100.44337,
      "SOG": 17.7,
      "MOVINGTIME": 1860.0,
      "ARRIVALTIME": "20251206013000"
    },
    {
      "SEQ": 292,
      "BEFORE_NODE": 292.0,
      "AFTER_NODE": 293.0,
      "BEFORE_LAT": 3.33779,
      "BEFORE_LON": 100.44337,
      "AFTER_LAT": 3.3986433,
      "AFTER_LON": 100.36892,
      "SOG": 17.3,
      "MOVINGTIME": 1740.0,
      "ARRIVALTIME": "20251206015900"
    },
    {
      "SEQ": 293,
      "BEFORE_NODE": 293.0,
      "AFTER_NODE": 294.0,
      "BEFORE_LAT": 3.3986433,
      "BEFORE_LON": 100.36892,
      "AFTER_LAT": 3.5086966,
      "AFTER_LON": 100.2384,
      "SOG": 17.6,
      "MOVINGTIME": 2100.0,
      "ARRIVALTIME": "20251206023400"
    },
    {
      "SEQ": 294,
      "BEFORE_NODE": 294.0,
      "AFTER_NODE": 295.0,
      "BEFORE_LAT": 3.5086966,
      "BEFORE_LON": 100.2384,
      "AFTER_LAT": 3.6407149,
      "AFTER_LON": 100.09422,
      "SOG": 17.3,
      "MOVINGTIME": 2040.0,
      "ARRIVALTIME": "20251206030800"
    },
    {
      "SEQ": 295,
      "BEFORE_NODE": 295.0,
      "AFTER_NODE": 296.0,
      "BEFORE_LAT": 3.6407149,
      "BEFORE_LON": 100.09422,
      "AFTER_LAT": 3.6880066,
      "AFTER_LON": 100.03681,
      "SOG": 17.2,
      "MOVINGTIME": 1440.0,
      "ARRIVALTIME": "20251206033200"
    },
    {
      "SEQ": 296,
      "BEFORE_NODE": 296.0,
      "AFTER_NODE": 297.0,
      "BEFORE_LAT": 3.6880066,
      "BEFORE_LON": 100.03681,
      "AFTER_LAT": 3.7884016,
      "AFTER_LON": 99.914536,
      "SOG": 17.1,
      "MOVINGTIME": 1860.0,
      "ARRIVALTIME": "20251206040300"
    },
    {
      "SEQ": 297,
      "BEFORE_NODE": 297.0,
      "AFTER_NODE": 298.0,
      "BEFORE_LAT": 3.7884016,
      "BEFORE_LON": 99.914536,
      "AFTER_LAT": 3.89694,
      "AFTER_LON": 99.786255,
      "SOG": 16.7,
      "MOVINGTIME": 1680.0,
      "ARRIVALTIME": "20251206043100"
    },
    {
      "SEQ": 298,
      "BEFORE_NODE": 298.0,
      "AFTER_NODE": 299.0,
      "BEFORE_LAT": 3.89694,
      "BEFORE_LON": 99.786255,
      "AFTER_LAT": 3.9880099,
      "AFTER_LON": 99.681572,
      "SOG": 16.2,
      "MOVINGTIME": 1680.0,
      "ARRIVALTIME": "20251206045900"
    },
    {
      "SEQ": 299,
      "BEFORE_NODE": 299.0,
      "AFTER_NODE": 300.0,
      "BEFORE_LAT": 3.9880099,
      "BEFORE_LON": 99.681572,
      "AFTER_LAT": 4.0637584,
      "AFTER_LON": 99.599091,
      "SOG": 15.8,
      "MOVINGTIME": 1920.0,
      "ARRIVALTIME": "20251206053100"
    },
    {
      "SEQ": 300,
      "BEFORE_NODE": 300.0,
      "AFTER_NODE": 301.0,
      "BEFORE_LAT": 4.0637584,
      "BEFORE_LON": 99.599091,
      "AFTER_LAT": 4.1892982,
      "AFTER_LON": 99.477234,
      "SOG": 15.5,
      "MOVINGTIME": 1980.0,
      "ARRIVALTIME": "20251206060400"
    },
    {
      "SEQ": 301,
      "BEFORE_NODE": 301.0,
      "AFTER_NODE": 302.0,
      "BEFORE_LAT": 4.1892982,
      "BEFORE_LON": 99.477234,
      "AFTER_LAT": 4.2380118,
      "AFTER_LON": 99.434357,
      "SOG": 15.3,
      "MOVINGTIME": 1320.0,
      "ARRIVALTIME": "20251206062600"
    },
    {
      "SEQ": 302,
      "BEFORE_NODE": 302.0,
      "AFTER_NODE": 303.0,
      "BEFORE_LAT": 4.2380118,
      "BEFORE_LON": 99.434357,
      "AFTER_LAT": 4.3374534,
      "AFTER_LON": 99.338066,
      "SOG": 15.3,
      "MOVINGTIME": 2220.0,
      "ARRIVALTIME": "20251206070300"
    },
    {
      "SEQ": 303,
      "BEFORE_NODE": 303.0,
      "AFTER_NODE": 304.0,
      "BEFORE_LAT": 4.3374534,
      "BEFORE_LON": 99.338066,
      "AFTER_LAT": 4.4465432,
      "AFTER_LON": 99.204987,
      "SOG": 15.3,
      "MOVINGTIME": 1740.0,
      "ARRIVALTIME": "20251206073200"
    },
    {
      "SEQ": 304,
      "BEFORE_NODE": 304.0,
      "AFTER_NODE": 305.0,
      "BEFORE_LAT": 4.4465432,
      "BEFORE_LON": 99.204987,
      "AFTER_LAT": 4.52457,
      "AFTER_LON": 99.092735,
      "SOG": 15.3,
      "MOVINGTIME": 1920.0,
      "ARRIVALTIME": "20251206080400"
    },
    {
      "SEQ": 305,
      "BEFORE_NODE": 305.0,
      "AFTER_NODE": 306.0,
      "BEFORE_LAT": 4.52457,
      "BEFORE_LON": 99.092735,
      "AFTER_LAT": 4.5846534,
      "AFTER_LON": 99.023399,
      "SOG": 15.5,
      "MOVINGTIME": 2040.0,
      "ARRIVALTIME": "20251206083800"
    },
    {
      "SEQ": 306,
      "BEFORE_NODE": 306.0,
      "AFTER_NODE": 307.0,
      "BEFORE_LAT": 4.5846534,
      "BEFORE_LON": 99.023399,
      "AFTER_LAT": 4.6449618,
      "AFTER_LON": 98.910156,
      "SOG": 15.8,
      "MOVINGTIME": 1380.0,
      "ARRIVALTIME": "20251206090100"
    },
    {
      "SEQ": 307,
      "BEFORE_NODE": 307.0,
      "AFTER_NODE": 308.0,
      "BEFORE_LAT": 4.6449618,
      "BEFORE_LON": 98.910156,
      "AFTER_LAT": 4.7191181,
      "AFTER_LON": 98.786865,
      "SOG": 16.2,
      "MOVINGTIME": 1800.0,
      "ARRIVALTIME": "20251206093100"
    },
    {
      "SEQ": 308,
      "BEFORE_NODE": 308.0,
      "AFTER_NODE": 309.0,
      "BEFORE_LAT": 4.7191181,
      "BEFORE_LON": 98.786865,
      "AFTER_LAT": 4.7829351,
      "AFTER_LON": 98.682053,
      "SOG": 16.2,
      "MOVINGTIME": 1560.0,
      "ARRIVALTIME": "20251206095700"
    },
    {
      "SEQ": 309,
      "BEFORE_NODE": 309.0,
      "AFTER_NODE": 310.0,
      "BEFORE_LAT": 4.7829351,
      "BEFORE_LON": 98.682053,
      "AFTER_LAT": 4.8773417,
      "AFTER_LON": 98.54155,
      "SOG": 16.7,
      "MOVINGTIME": 2160.0,
      "ARRIVALTIME": "20251206103300"
    },
    {
      "SEQ": 310,
      "BEFORE_NODE": 310.0,
      "AFTER_NODE": 311.0,
      "BEFORE_LAT": 4.8773417,
      "BEFORE_LON": 98.54155,
      "AFTER_LAT": 4.9421515,
      "AFTER_LON": 98.435783,
      "SOG": 16.7,
      "MOVINGTIME": 1620.0,
      "ARRIVALTIME": "20251206110000"
    },
    {
      "SEQ": 311,
      "BEFORE_NODE": 311.0,
      "AFTER_NODE": 312.0,
      "BEFORE_LAT": 4.9421515,
      "BEFORE_LON": 98.435783,
      "AFTER_LAT": 4.9838352,
      "AFTER_LON": 98.370544,
      "SOG": 16.6,
      "MOVINGTIME": 1440.0,
      "ARRIVALTIME": "20251206112400"
    },
    {
      "SEQ": 312,
      "BEFORE_NODE": 312.0,
      "AFTER_NODE": 313.0,
      "BEFORE_LAT": 4.9838352,
      "BEFORE_LON": 98.370544,
      "AFTER_LAT": 5.0872149,
      "AFTER_LON": 98.216461,
      "SOG": 16.7,
      "MOVINGTIME": 1980.0,
      "ARRIVALTIME": "20251206115700"
    },
    {
      "SEQ": 313,
      "BEFORE_NODE": 313.0,
      "AFTER_NODE": 314.0,
      "BEFORE_LAT": 5.0872149,
      "BEFORE_LON": 98.216461,
      "AFTER_LAT": 5.1884451,
      "AFTER_LON": 98.104126,
      "SOG": 15.6,
      "MOVINGTIME": 2160.0,
      "ARRIVALTIME": "20251206123300"
    },
    {
      "SEQ": 314,
      "BEFORE_NODE": 314.0,
      "AFTER_NODE": 315.0,
      "BEFORE_LAT": 5.1884451,
      "BEFORE_LON": 98.104126,
      "AFTER_LAT": 5.2398682,
      "AFTER_LON": 97.967361,
      "SOG": 16.6,
      "MOVINGTIME": 1740.0,
      "ARRIVALTIME": "20251206130200"
    },
    {
      "SEQ": 315,
      "BEFORE_NODE": 315.0,
      "AFTER_NODE": 316.0,
      "BEFORE_LAT": 5.2398682,
      "BEFORE_LON": 97.967361,
      "AFTER_LAT": 5.3211365,
      "AFTER_LON": 97.867661,
      "SOG": 16.3,
      "MOVINGTIME": 1680.0,
      "ARRIVALTIME": "20251206133000"
    },
    {
      "SEQ": 316,
      "BEFORE_NODE": 316.0,
      "AFTER_NODE": 317.0,
      "BEFORE_LAT": 5.3211365,
      "BEFORE_LON": 97.867661,
      "AFTER_LAT": 5.3626385,
      "AFTER_LON": 97.805077,
      "SOG": 16.2,
      "MOVINGTIME": 1500.0,
      "ARRIVALTIME": "20251206135500"
    }
  ]
}