{
  "mmsi": "440022000",
  "PredResult": [
    {
      "SEQ": 0,
      "BEFORE_NODE": 0.0,
      "AFTER_NODE": 1.0,
      "BEFORE_LAT": 30.875607,
      "BEFORE_LON": 130.66336,
      "AFTER_LAT": 31.577833,
      "AFTER_LON": 129.49518,
      "SOG": 19.2,
      "MOVINGTIME": 14280.0,
      "ARRIVALTIME": "20251130084700"
    },
    {
      "SEQ": 1,
      "BEFORE_NODE": 1.0,
      "AFTER_NODE": 2.0,
      "BEFORE_LAT": 31.577833,
      "BEFORE_LON": 129.49518,
      "AFTER_LAT": 31.689707,
      "AFTER_LON": 129.35258,
      "SOG": 18.2,
      "MOVINGTIME": 1860.0,
      "ARRIVALTIME": "20251130091800"
    },
    {
      "SEQ": 2,
      "BEFORE_NODE": 2.0,
      "AFTER_NODE": 3.0,
      "BEFORE_LAT": 31.689707,
      "BEFORE_LON": 129.35258,
      "AFTER_LAT": 33.256168,
      "AFTER_LON": 128.554,
      "SOG": 18.7,
      "MOVINGTIME": 21600.0,
      "ARRIVALTIME": "20251130151800"
    },
    {
      "SEQ": 3,
      "BEFORE_NODE": 3.0,
      "AFTER_NODE": 4.0,
      "BEFORE_LAT": 33.256168,
      "BEFORE_LON": 128.554,
      "AFTER_LAT": 33.423332,
      "AFTER_LON": 128.603,
      "SOG": 18.7,
      "MOVINGTIME": 1740.0,
      "ARRIVALTIME": "20251130154700"
    },
    {
      "SEQ": 4,
      "BEFORE_NODE": 4.0,
      "AFTER_NODE": 5.0,
      "BEFORE_LAT": 33.423332,
      "BEFORE_LON": 128.603,
      "AFTER_LAT": 33.767647,
      "AFTER_LON": 128.69211,
      "SOG": 19,
      "MOVINGTIME": 3660.0,
      "ARRIVALTIME": "20251130164800"
    },
    {
      "SEQ": 5,
      "BEFORE_NODE": 5.0,
      "AFTER_NODE": 6.0,
      "BEFORE_LAT": 33.767647,
      "BEFORE_LON": 128.69211,
      "AFTER_LAT": 33.943333,
      "AFTER_LON": 128.75385,
      "SOG": 18.6,
      "MOVINGTIME": 1980.0,
      "ARRIVALTIME": "20251130172100"
    },
    {
      "SEQ": 6,
      "BEFORE_NODE": 6.0,
      "AFTER_NODE": 7.0,
      "BEFORE_LAT": 33.943333,
      "BEFORE_LON": 128.75385,
      "AFTER_LAT": 34.108501,
      "AFTER_LON": 128.79517,
      "SOG": 19.2,
      "MOVINGTIME": 1860.0,
      "ARRIVALTIME": "20251130175200"
    },
    {
      "SEQ": 7,
      "BEFORE_NODE": 7.0,
      "AFTER_NODE": 8.0,
      "BEFORE_LAT": 34.108501,
      "BEFORE_LON": 128.79517,
      "AFTER_LAT": 34.242332,
      "AFTER_LON": 128.82367,
      "SOG": 19.6,
      "MOVINGTIME": 1740.0,
      "ARRIVALTIME": "20251130182100"
    },
    {
      "SEQ": 8,
      "BEFORE_NODE": 8.0,
      "AFTER_NODE": 9.0,
      "BEFORE_LAT": 34.242332,
      "BEFORE_LON": 128.82367,
      "AFTER_LAT": 34.57866666666666,
      "AFTER_LON": 128.8575,
      "SOG": 11.6,
      "MOVINGTIME": 4773.0,
      "ARRIVALTIME": "20251130194033"
    },
    {
      "SEQ": 9,
      "BEFORE_NODE": 9.0,
      "AFTER_NODE": 10.0,
      "BEFORE_LAT": 34.57866666666666,
      "BEFORE_LON": 128.8575,
      "AFTER_LAT": 34.68,
      "AFTER_LON": 128.865,
      "SOG": 11.4,
      "MOVINGTIME": 1910.0,
      "ARRIVALTIME": "20251130201223"
    },
    {
      "SEQ": 10,
      "BEFORE_NODE": 10.0,
      "AFTER_NODE": 11.0,
      "BEFORE_LAT": 34.68,
      "BEFORE_LON": 128.865,
      "AFTER_LAT": 34.777816666666666,
      "AFTER_LON": 128.86958666666666,
      "SOG": 11.9,
      "MOVINGTIME": 1819.0,
      "ARRIVALTIME": "20251130204242"
    },
    {
      "SEQ": 11,
      "BEFORE_NODE": 11.0,
      "AFTER_NODE": 12.0,
      "BEFORE_LAT": 34.777816666666666,
      "BEFORE_LON": 128.86958666666666,
      "AFTER_LAT": 34.875843333333336,
      "AFTER_LON": 128.86993333333334,
      "SOG": 11.4,
      "MOVINGTIME": 1811.0,
      "ARRIVALTIME": "20251130211253"
    },
    {
      "SEQ": 12,
      "BEFORE_NODE": 12.0,
      "AFTER_NODE": 13.0,
      "BEFORE_LAT": 34.875843333333336,
      "BEFORE_LON": 128.86993333333334,
      "AFTER_LAT": 34.94016666666667,
      "AFTER_LON": 128.83933333333334,
      "SOG": 6.8,
      "MOVINGTIME": 1419.0,
      "ARRIVALTIME": "20251130213632"
    },
    {
      "SEQ": 13,
      "BEFORE_NODE": 13.0,
      "AFTER_NODE": 14.0,
      "BEFORE_LAT": 34.94016666666667,
      "BEFORE_LON": 128.83933333333334,
      "AFTER_LAT": 34.97683333333333,
      "AFTER_LON": 128.81883333333334,
      "SOG": 8.6,
      "MOVINGTIME": 1091.0,
      "ARRIVALTIME": "20251130215443"
    },
    {
      "SEQ": 14,
      "BEFORE_NODE": 14.0,
      "AFTER_NODE": 15.0,
      "BEFORE_LAT": 34.97683333333333,
      "BEFORE_LON": 128.81883333333334,
      "AFTER_LAT": 35.038334,
      "AFTER_LON": 128.786,
      "SOG": 8.6,
      "MOVINGTIME": 1577.0,
      "ARRIVALTIME": "20251130222100"
    },
    {
      "SEQ": 15,
      "BEFORE_NODE": 15.0,
      "AFTER_NODE": 16.0,
      "BEFORE_LAT": 35.038334,
      "BEFORE_LON": 128.786,
      "AFTER_LAT": 35.076847,
      "AFTER_LON": 128.78795,
      "SOG": 1.6,
      "MOVINGTIME": 1860.0,
      "ARRIVALTIME": "20251130225200"
    },
    {
      "SEQ": 16,
      "BEFORE_NODE": 16.0,
      "AFTER_NODE": 17.0,
      "BEFORE_LAT": 35.076847,
      "BEFORE_LON": 128.78795,
      "AFTER_LAT": 35.077499,
      "AFTER_LON": 128.78999,
      "SOG": 0,
      "MOVINGTIME": 1860.0,
      "ARRIVALTIME": "20251130232300"
    },
    {
      "SEQ": 17,
      "BEFORE_NODE": 17.0,
      "AFTER_NODE": 18.0,
      "BEFORE_LAT": 35.077499,
      "BEFORE_LON": 128.78999,
      "AFTER_LAT": 35.077499,
      "AFTER_LON": 128.78999,
      "SOG": 0,
      "MOVINGTIME": 1740.0,
      "ARRIVALTIME": "20251130235200"
    },
    {
      "SEQ": 18,
      "BEFORE_NODE": 18.0,
      "AFTER_NODE": 19.0,
      "BEFORE_LAT": 35.077499,
      "BEFORE_LON": 128.78999,
      "AFTER_LAT": 35.077499,
      "AFTER_LON": 128.78999,
      "SOG": 0,
      "MOVINGTIME": 1620.0,
      "ARRIVALTIME": "20251201001900"
    },
    {
      "SEQ": 19,
      "BEFORE_NODE": 19.0,
      "AFTER_NODE": 20.0,
      "BEFORE_LAT": 35.077499,
      "BEFORE_LON": 128.78999,
      "AFTER_LAT": 35.077442,
      "AFTER_LON": 128.79005,
      "SOG": 0,
      "MOVINGTIME": 1920.0,
      "ARRIVALTIME": "20251201005100"
    },
    {
      "SEQ": 20,
      "BEFORE_NODE": 20.0,
      "AFTER_NODE": 21.0,
      "BEFORE_LAT": 35.077442,
      "BEFORE_LON": 128.79005,
      "AFTER_LAT": 35.07745,
      "AFTER_LON": 128.79012,
      "SOG": 0,
      "MOVINGTIME": 2057.0,
      "ARRIVALTIME": "20251201012517"
    },
    {
      "SEQ": 21,
      "BEFORE_NODE": 21.0,
      "AFTER_NODE": 22.0,
      "BEFORE_LAT": 35.07745,
      "BEFORE_LON": 128.79012,
      "AFTER_LAT": 35.077435,
      "AFTER_LON": 128.79008,
      "SOG": 0,
      "MOVINGTIME": 1603.0,
      "ARRIVALTIME": "20251201015200"
    },
    {
      "SEQ": 22,
      "BEFORE_NODE": 22.0,
      "AFTER_NODE": 23.0,
      "BEFORE_LAT": 35.077435,
      "BEFORE_LON": 128.79008,
      "AFTER_LAT": 35.077427,
      "AFTER_LON": 128.79008,
      "SOG": 0,
      "MOVINGTIME": 1800.0,
      "ARRIVALTIME": "20251201022200"
    },
    {
      "SEQ": 23,
      "BEFORE_NODE": 23.0,
      "AFTER_NODE": 24.0,
      "BEFORE_LAT": 35.077427,
      "BEFORE_LON": 128.79008,
      "AFTER_LAT": 35.077435,
      "AFTER_LON": 128.79002,
      "SOG": 0,
      "MOVINGTIME": 1800.0,
      "ARRIVALTIME": "20251201025200"
    },
    {
      "SEQ": 24,
      "BEFORE_NODE": 24.0,
      "AFTER_NODE": 25.0,
      "BEFORE_LAT": 35.077435,
      "BEFORE_LON": 128.79002,
      "AFTER_LAT": 35.077465,
      "AFTER_LON": 128.79008,
      "SOG": 0,
      "MOVINGTIME": 1860.0,
      "ARRIVALTIME": "20251201032300"
    },
    {
      "SEQ": 25,
      "BEFORE_NODE": 25.0,
      "AFTER_NODE": 26.0,
      "BEFORE_LAT": 35.077465,
      "BEFORE_LON": 128.79008,
      "AFTER_LAT": 35.077499,
      "AFTER_LON": 128.78999,
      "SOG": 0,
      "MOVINGTIME": 1500.0,
      "ARRIVALTIME": "20251201034800"
    },
    {
      "SEQ": 26,
      "BEFORE_NODE": 26.0,
      "AFTER_NODE": 27.0,
      "BEFORE_LAT": 35.077499,
      "BEFORE_LON": 128.78999,
      "AFTER_LAT": 35.077438,
      "AFTER_LON": 128.79007,
      "SOG": 0,
      "MOVINGTIME": 1980.0,
      "ARRIVALTIME": "20251201042100"
    },
    {
      "SEQ": 27,
      "BEFORE_NODE": 27.0,
      "AFTER_NODE": 28.0,
      "BEFORE_LAT": 35.077438,
      "BEFORE_LON": 128.79007,
      "AFTER_LAT": 35.077469,
      "AFTER_LON": 128.79007,
      "SOG": 0,
      "MOVINGTIME": 1860.0,
      "ARRIVALTIME": "20251201045200"
    },
    {
      "SEQ": 28,
      "BEFORE_NODE": 28.0,
      "AFTER_NODE": 29.0,
      "BEFORE_LAT": 35.077469,
      "BEFORE_LON": 128.79007,
      "AFTER_LAT": 35.077499,
      "AFTER_LON": 128.79016,
      "SOG": 0,
      "MOVINGTIME": 1800.0,
      "ARRIVALTIME": "20251201052200"
    },
    {
      "SEQ": 29,
      "BEFORE_NODE": 29.0,
      "AFTER_NODE": 30.0,
      "BEFORE_LAT": 35.077499,
      "BEFORE_LON": 128.79016,
      "AFTER_LAT": 35.077454,
      "AFTER_LON": 128.79008,
      "SOG": 0,
      "MOVINGTIME": 1560.0,
      "ARRIVALTIME": "20251201054800"
    },
    {
      "SEQ": 30,
      "BEFORE_NODE": 30.0,
      "AFTER_NODE": 31.0,
      "BEFORE_LAT": 35.077454,
      "BEFORE_LON": 128.79008,
      "AFTER_LAT": 35.077454,
      "AFTER_LON": 128.79008,
      "SOG": 0,
      "MOVINGTIME": 3840.0,
      "ARRIVALTIME": "20251201065200"
    },
    {
      "SEQ": 31,
      "BEFORE_NODE": 31.0,
      "AFTER_NODE": 32.0,
      "BEFORE_LAT": 35.077454,
      "BEFORE_LON": 128.79008,
      "AFTER_LAT": 35.077499,
      "AFTER_LON": 128.78999,
      "SOG": 0,
      "MOVINGTIME": 2470.0,
      "ARRIVALTIME": "20251201073310"
    },
    {
      "SEQ": 32,
      "BEFORE_NODE": 32.0,
      "AFTER_NODE": 33.0,
      "BEFORE_LAT": 35.077499,
      "BEFORE_LON": 128.78999,
      "AFTER_LAT": 35.077499,
      "AFTER_LON": 128.78999,
      "SOG": 0,
      "MOVINGTIME": 1070.0,
      "ARRIVALTIME": "20251201075100"
    },
    {
      "SEQ": 33,
      "BEFORE_NODE": 33.0,
      "AFTER_NODE": 34.0,
      "BEFORE_LAT": 35.077499,
      "BEFORE_LON": 128.78999,
      "AFTER_LAT": 35.074333,
      "AFTER_LON": 128.79266,
      "SOG": 4.4,
      "MOVINGTIME": 3600.0,
      "ARRIVALTIME": "20251201085100"
    },
    {
      "SEQ": 34,
      "BEFORE_NODE": 34.0,
      "AFTER_NODE": 35.0,
      "BEFORE_LAT": 35.074333,
      "BEFORE_LON": 128.79266,
      "AFTER_LAT": 34.907093333333336,
      "AFTER_LON": 128.86281,
      "SOG": 19.8,
      "MOVINGTIME": 2797.0,
      "ARRIVALTIME": "20251201093737"
    },
    {
      "SEQ": 35,
      "BEFORE_NODE": 35.0,
      "AFTER_NODE": 36.0,
      "BEFORE_LAT": 34.907093333333336,
      "BEFORE_LON": 128.86281,
      "AFTER_LAT": 34.73266666666667,
      "AFTER_LON": 128.8785,
      "SOG": 19.4,
      "MOVINGTIME": 1934.0,
      "ARRIVALTIME": "20251201100951"
    },
    {
      "SEQ": 36,
      "BEFORE_NODE": 36.0,
      "AFTER_NODE": 37.0,
      "BEFORE_LAT": 34.73266666666667,
      "BEFORE_LON": 128.8785,
      "AFTER_LAT": 34.661636666666666,
      "AFTER_LON": 128.88414166666666,
      "SOG": 19.3,
      "MOVINGTIME": 792.0,
      "ARRIVALTIME": "20251201102303"
    },
    {
      "SEQ": 37,
      "BEFORE_NODE": 37.0,
      "AFTER_NODE": 38.0,
      "BEFORE_LAT": 34.661636666666666,
      "BEFORE_LON": 128.88414166666666,
      "AFTER_LAT": 34.539001,
      "AFTER_LON": 128.8855,
      "SOG": 19.1,
      "MOVINGTIME": 1677.0,
      "ARRIVALTIME": "20251201105100"
    },
    {
      "SEQ": 38,
      "BEFORE_NODE": 38.0,
      "AFTER_NODE": 39.0,
      "BEFORE_LAT": 34.539001,
      "BEFORE_LON": 128.8855,
      "AFTER_LAT": 34.379501,
      "AFTER_LON": 128.86385,
      "SOG": 18.7,
      "MOVINGTIME": 1740.0,
      "ARRIVALTIME": "20251201112000"
    },
    {
      "SEQ": 39,
      "BEFORE_NODE": 39.0,
      "AFTER_NODE": 40.0,
      "BEFORE_LAT": 34.379501,
      "BEFORE_LON": 128.86385,
      "AFTER_LAT": 34.235134,
      "AFTER_LON": 128.76224,
      "SOG": 19.3,
      "MOVINGTIME": 1860.0,
      "ARRIVALTIME": "20251201115100"
    },
    {
      "SEQ": 40,
      "BEFORE_NODE": 40.0,
      "AFTER_NODE": 41.0,
      "BEFORE_LAT": 34.235134,
      "BEFORE_LON": 128.76224,
      "AFTER_LAT": 34.142666,
      "AFTER_LON": 128.69118,
      "SOG": 19.8,
      "MOVINGTIME": 1740.0,
      "ARRIVALTIME": "20251201122000"
    },
    {
      "SEQ": 41,
      "BEFORE_NODE": 41.0,
      "AFTER_NODE": 42.0,
      "BEFORE_LAT": 34.142666,
      "BEFORE_LON": 128.69118,
      "AFTER_LAT": 33.956001,
      "AFTER_LON": 128.52,
      "SOG": 19.2,
      "MOVINGTIME": 1920.0,
      "ARRIVALTIME": "20251201125200"
    },
    {
      "SEQ": 42,
      "BEFORE_NODE": 42.0,
      "AFTER_NODE": 43.0,
      "BEFORE_LAT": 33.956001,
      "BEFORE_LON": 128.52,
      "AFTER_LAT": 33.870667,
      "AFTER_LON": 128.43134,
      "SOG": 19.3,
      "MOVINGTIME": 1740.0,
      "ARRIVALTIME": "20251201132100"
    },
    {
      "SEQ": 43,
      "BEFORE_NODE": 43.0,
      "AFTER_NODE": 44.0,
      "BEFORE_LAT": 33.870667,
      "BEFORE_LON": 128.43134,
      "AFTER_LAT": 33.678642,
      "AFTER_LON": 128.2338,
      "SOG": 19.7,
      "MOVINGTIME": 2257.0,
      "ARRIVALTIME": "20251201135837"
    },
    {
      "SEQ": 44,
      "BEFORE_NODE": 44.0,
      "AFTER_NODE": 45.0,
      "BEFORE_LAT": 33.678642,
      "BEFORE_LON": 128.2338,
      "AFTER_LAT": 33.606602,
      "AFTER_LON": 128.17091,
      "SOG": 19.7,
      "MOVINGTIME": 1283.0,
      "ARRIVALTIME": "20251201142000"
    },
    {
      "SEQ": 45,
      "BEFORE_NODE": 45.0,
      "AFTER_NODE": 46.0,
      "BEFORE_LAT": 33.606602,
      "BEFORE_LON": 128.17091,
      "AFTER_LAT": 33.441666,
      "AFTER_LON": 128.02533,
      "SOG": 20.2,
      "MOVINGTIME": 1920.0,
      "ARRIVALTIME": "20251201145200"
    },
    {
      "SEQ": 46,
      "BEFORE_NODE": 46.0,
      "AFTER_NODE": 47.0,
      "BEFORE_LAT": 33.441666,
      "BEFORE_LON": 128.02533,
      "AFTER_LAT": 33.369667,
      "AFTER_LON": 127.95834,
      "SOG": 19.7,
      "MOVINGTIME": 1680.0,
      "ARRIVALTIME": "20251201152000"
    },
    {
      "SEQ": 47,
      "BEFORE_NODE": 47.0,
      "AFTER_NODE": 48.0,
      "BEFORE_LAT": 33.369667,
      "BEFORE_LON": 127.95834,
      "AFTER_LAT": 33.182434,
      "AFTER_LON": 127.78271,
      "SOG": 19.7,
      "MOVINGTIME": 1920.0,
      "ARRIVALTIME": "20251201155200"
    },
    {
      "SEQ": 48,
      "BEFORE_NODE": 48.0,
      "AFTER_NODE": 49.0,
      "BEFORE_LAT": 33.182434,
      "BEFORE_LON": 127.78271,
      "AFTER_LAT": 33.047668,
      "AFTER_LON": 127.65434,
      "SOG": 19.8,
      "MOVINGTIME": 1800.0,
      "ARRIVALTIME": "20251201162200"
    },
    {
      "SEQ": 49,
      "BEFORE_NODE": 49.0,
      "AFTER_NODE": 50.0,
      "BEFORE_LAT": 33.047668,
      "BEFORE_LON": 127.65434,
      "AFTER_LAT": 32.959606,
      "AFTER_LON": 127.56528,
      "SOG": 20.2,
      "MOVINGTIME": 1800.0,
      "ARRIVALTIME": "20251201165200"
    },
    {
      "SEQ": 50,
      "BEFORE_NODE": 50.0,
      "AFTER_NODE": 51.0,
      "BEFORE_LAT": 32.959606,
      "BEFORE_LON": 127.56528,
      "AFTER_LAT": 32.824501,
      "AFTER_LON": 127.43333,
      "SOG": 20,
      "MOVINGTIME": 1800.0,
      "ARRIVALTIME": "20251201172200"
    },
    {
      "SEQ": 51,
      "BEFORE_NODE": 51.0,
      "AFTER_NODE": 52.0,
      "BEFORE_LAT": 32.824501,
      "BEFORE_LON": 127.43333,
      "AFTER_LAT": 32.710999,
      "AFTER_LON": 127.31749,
      "SOG": 20.2,
      "MOVINGTIME": 1500.0,
      "ARRIVALTIME": "20251201174700"
    },
    {
      "SEQ": 52,
      "BEFORE_NODE": 52.0,
      "AFTER_NODE": 53.0,
      "BEFORE_LAT": 32.710999,
      "BEFORE_LON": 127.31749,
      "AFTER_LAT": 32.043335,
      "AFTER_LON": 126.73117,
      "SOG": 19.7,
      "MOVINGTIME": 9060.0,
      "ARRIVALTIME": "20251201201800"
    },
    {
      "SEQ": 53,
      "BEFORE_NODE": 53.0,
      "AFTER_NODE": 54.0,
      "BEFORE_LAT": 32.043335,
      "BEFORE_LON": 126.73117,
      "AFTER_LAT": 31.532167,
      "AFTER_LON": 126.21743,
      "SOG": 19.7,
      "MOVINGTIME": 7140.0,
      "ARRIVALTIME": "20251201221700"
    },
    {
      "SEQ": 54,
      "BEFORE_NODE": 54.0,
      "AFTER_NODE": 55.0,
      "BEFORE_LAT": 31.532167,
      "BEFORE_LON": 126.21743,
      "AFTER_LAT": 31.345167,
      "AFTER_LON": 126.18034,
      "SOG": 19.5,
      "MOVINGTIME": 2040.0,
      "ARRIVALTIME": "20251201225100"
    },
    {
      "SEQ": 55,
      "BEFORE_NODE": 55.0,
      "AFTER_NODE": 56.0,
      "BEFORE_LAT": 31.345167,
      "BEFORE_LON": 126.18034,
      "AFTER_LAT": 31.232822,
      "AFTER_LON": 126.17345,
      "SOG": 19.2,
      "MOVINGTIME": 1740.0,
      "ARRIVALTIME": "20251201232000"
    },
    {
      "SEQ": 56,
      "BEFORE_NODE": 56.0,
      "AFTER_NODE": 57.0,
      "BEFORE_LAT": 31.232822,
      "BEFORE_LON": 126.17345,
      "AFTER_LAT": 28.957001,
      "AFTER_LON": 123.85117,
      "SOG": 20.6,
      "MOVINGTIME": 34080.0,
      "ARRIVALTIME": "20251202084800"
    },
    {
      "SEQ": 57,
      "BEFORE_NODE": 57.0,
      "AFTER_NODE": 58.0,
      "BEFORE_LAT": 28.957001,
      "BEFORE_LON": 123.85117,
      "AFTER_LAT": 28.827213,
      "AFTER_LON": 123.73489,
      "SOG": 20.2,
      "MOVINGTIME": 1740.0,
      "ARRIVALTIME": "20251202091700"
    },
    {
      "SEQ": 58,
      "BEFORE_NODE": 58.0,
      "AFTER_NODE": 59.0,
      "BEFORE_LAT": 28.827213,
      "BEFORE_LON": 123.73489,
      "AFTER_LAT": 28.49975,
      "AFTER_LON": 123.30349,
      "SOG": 19.7,
      "MOVINGTIME": 5460.0,
      "ARRIVALTIME": "20251202104800"
    },
    {
      "SEQ": 59,
      "BEFORE_NODE": 59.0,
      "AFTER_NODE": 60.0,
      "BEFORE_LAT": 28.49975,
      "BEFORE_LON": 123.30349,
      "AFTER_LAT": 28.370667,
      "AFTER_LON": 123.18767,
      "SOG": 20.1,
      "MOVINGTIME": 1800.0,
      "ARRIVALTIME": "20251202111800"
    },
    {
      "SEQ": 60,
      "BEFORE_NODE": 60.0,
      "AFTER_NODE": 61.0,
      "BEFORE_LAT": 28.370667,
      "BEFORE_LON": 123.18767,
      "AFTER_LAT": 27.995001,
      "AFTER_LON": 122.83949,
      "SOG": 20.1,
      "MOVINGTIME": 5400.0,
      "ARRIVALTIME": "20251202124800"
    },
    {
      "SEQ": 61,
      "BEFORE_NODE": 61.0,
      "AFTER_NODE": 62.0,
      "BEFORE_LAT": 27.995001,
      "BEFORE_LON": 122.83949,
      "AFTER_LAT": 26.782185,
      "AFTER_LON": 121.75931,
      "SOG": 19.7,
      "MOVINGTIME": 16380.0,
      "ARRIVALTIME": "20251202172100"
    },
    {
      "SEQ": 62,
      "BEFORE_NODE": 62.0,
      "AFTER_NODE": 63.0,
      "BEFORE_LAT": 26.782185,
      "BEFORE_LON": 121.75931,
      "AFTER_LAT": 26.537035,
      "AFTER_LON": 121.56428,
      "SOG": 20.1,
      "MOVINGTIME": 3660.0,
      "ARRIVALTIME": "20251202182200"
    },
    {
      "SEQ": 63,
      "BEFORE_NODE": 63.0,
      "AFTER_NODE": 64.0,
      "BEFORE_LAT": 26.537035,
      "BEFORE_LON": 121.56428,
      "AFTER_LAT": 26.38838,
      "AFTER_LON": 121.43901,
      "SOG": 20.1,
      "MOVINGTIME": 1800.0,
      "ARRIVALTIME": "20251202185200"
    },
    {
      "SEQ": 64,
      "BEFORE_NODE": 64.0,
      "AFTER_NODE": 65.0,
      "BEFORE_LAT": 26.38838,
      "BEFORE_LON": 121.43901,
      "AFTER_LAT": 26.249798,
      "AFTER_LON": 121.29449,
      "SOG": 20.2,
      "MOVINGTIME": 1860.0,
      "ARRIVALTIME": "20251202192300"
    },
    {
      "SEQ": 65,
      "BEFORE_NODE": 65.0,
      "AFTER_NODE": 66.0,
      "BEFORE_LAT": 26.249798,
      "BEFORE_LON": 121.29449,
      "AFTER_LAT": 26.134516,
      "AFTER_LON": 121.17168,
      "SOG": 20.7,
      "MOVINGTIME": 1560.0,
      "ARRIVALTIME": "20251202194900"
    },
    {
      "SEQ": 66,
      "BEFORE_NODE": 66.0,
      "AFTER_NODE": 67.0,
      "BEFORE_LAT": 26.134516,
      "BEFORE_LON": 121.17168,
      "AFTER_LAT": 25.684925,
      "AFTER_LON": 120.58266,
      "SOG": 21,
      "MOVINGTIME": 7320.0,
      "ARRIVALTIME": "20251202215100"
    },
    {
      "SEQ": 67,
      "BEFORE_NODE": 67.0,
      "AFTER_NODE": 68.0,
      "BEFORE_LAT": 25.684925,
      "BEFORE_LON": 120.58266,
      "AFTER_LAT": 25.554779,
      "AFTER_LON": 120.42146,
      "SOG": 21.7,
      "MOVINGTIME": 1800.0,
      "ARRIVALTIME": "20251202222100"
    },
    {
      "SEQ": 68,
      "BEFORE_NODE": 68.0,
      "AFTER_NODE": 69.0,
      "BEFORE_LAT": 25.554779,
      "BEFORE_LON": 120.42146,
      "AFTER_LAT": 25.180666,
      "AFTER_LON": 120.06784,
      "SOG": 21.7,
      "MOVINGTIME": 5400.0,
      "ARRIVALTIME": "20251202235100"
    },
    {
      "SEQ": 69,
      "BEFORE_NODE": 69.0,
      "AFTER_NODE": 70.0,
      "BEFORE_LAT": 25.180666,
      "BEFORE_LON": 120.06784,
      "AFTER_LAT": 25.037176,
      "AFTER_LON": 119.92284,
      "SOG": 21.2,
      "MOVINGTIME": 1800.0,
      "ARRIVALTIME": "20251203002100"
    },
    {
      "SEQ": 70,
      "BEFORE_NODE": 70.0,
      "AFTER_NODE": 71.0,
      "BEFORE_LAT": 25.037176,
      "BEFORE_LON": 119.92284,
      "AFTER_LAT": 24.907833,
      "AFTER_LON": 119.79134,
      "SOG": 21.1,
      "MOVINGTIME": 1800.0,
      "ARRIVALTIME": "20251203005100"
    },
    {
      "SEQ": 71,
      "BEFORE_NODE": 71.0,
      "AFTER_NODE": 72.0,
      "BEFORE_LAT": 24.907833,
      "BEFORE_LON": 119.79134,
      "AFTER_LAT": 24.749666,
      "AFTER_LON": 119.668,
      "SOG": 20.7,
      "MOVINGTIME": 1740.0,
      "ARRIVALTIME": "20251203012000"
    },
    {
      "SEQ": 72,
      "BEFORE_NODE": 72.0,
      "AFTER_NODE": 73.0,
      "BEFORE_LAT": 24.749666,
      "BEFORE_LON": 119.668,
      "AFTER_LAT": 24.631834,
      "AFTER_LON": 119.57749,
      "SOG": 20.6,
      "MOVINGTIME": 1980.0,
      "ARRIVALTIME": "20251203015300"
    },
    {
      "SEQ": 73,
      "BEFORE_NODE": 73.0,
      "AFTER_NODE": 74.0,
      "BEFORE_LAT": 24.631834,
      "BEFORE_LON": 119.57749,
      "AFTER_LAT": 24.539499,
      "AFTER_LON": 119.48167,
      "SOG": 20.5,
      "MOVINGTIME": 1800.0,
      "ARRIVALTIME": "20251203022300"
    },
    {
      "SEQ": 74,
      "BEFORE_NODE": 74.0,
      "AFTER_NODE": 75.0,
      "BEFORE_LAT": 24.539499,
      "BEFORE_LON": 119.48167,
      "AFTER_LAT": 24.367952,
      "AFTER_LON": 119.24411,
      "SOG": 21.3,
      "MOVINGTIME": 1980.0,
      "ARRIVALTIME": "20251203025600"
    },
    {
      "SEQ": 75,
      "BEFORE_NODE": 75.0,
      "AFTER_NODE": 76.0,
      "BEFORE_LAT": 24.367952,
      "BEFORE_LON": 119.24411,
      "AFTER_LAT": 23.720167,
      "AFTER_LON": 118.45,
      "SOG": 16.6,
      "MOVINGTIME": 10560.0,
      "ARRIVALTIME": "20251203055200"
    },
    {
      "SEQ": 76,
      "BEFORE_NODE": 76.0,
      "AFTER_NODE": 77.0,
      "BEFORE_LAT": 23.720167,
      "BEFORE_LON": 118.45,
      "AFTER_LAT": 23.5755,
      "AFTER_LON": 118.22166666666666,
      "SOG": 14.5,
      "MOVINGTIME": 3052.0,
      "ARRIVALTIME": "20251203064252"
    },
    {
      "SEQ": 77,
      "BEFORE_NODE": 77.0,
      "AFTER_NODE": 78.0,
      "BEFORE_LAT": 23.5755,
      "BEFORE_LON": 118.22166666666666,
      "AFTER_LAT": 23.525921666666665,
      "AFTER_LON": 118.12674166666666,
      "SOG": 15.5,
      "MOVINGTIME": 1470.0,
      "ARRIVALTIME": "20251203070722"
    },
    {
      "SEQ": 78,
      "BEFORE_NODE": 78.0,
      "AFTER_NODE": 79.0,
      "BEFORE_LAT": 23.525921666666665,
      "BEFORE_LON": 118.12674166666666,
      "AFTER_LAT": 23.49695,
      "AFTER_LON": 118.08134,
      "SOG": 15.1,
      "MOVINGTIME": 878.0,
      "ARRIVALTIME": "20251203072200"
    },
    {
      "SEQ": 79,
      "BEFORE_NODE": 79.0,
      "AFTER_NODE": 80.0,
      "BEFORE_LAT": 23.49695,
      "BEFORE_LON": 118.08134,
      "AFTER_LAT": 23.412167,
      "AFTER_LON": 117.962,
      "SOG": 15,
      "MOVINGTIME": 1800.0,
      "ARRIVALTIME": "20251203075200"
    },
    {
      "SEQ": 80,
      "BEFORE_NODE": 80.0,
      "AFTER_NODE": 81.0,
      "BEFORE_LAT": 23.412167,
      "BEFORE_LON": 117.962,
      "AFTER_LAT": 23.328432,
      "AFTER_LON": 117.86427,
      "SOG": 14.3,
      "MOVINGTIME": 1800.0,
      "ARRIVALTIME": "20251203082200"
    },
    {
      "SEQ": 81,
      "BEFORE_NODE": 81.0,
      "AFTER_NODE": 82.0,
      "BEFORE_LAT": 23.328432,
      "BEFORE_LON": 117.86427,
      "AFTER_LAT": 23.280836,
      "AFTER_LON": 117.80418,
      "SOG": 13.8,
      "MOVINGTIME": 1680.0,
      "ARRIVALTIME": "20251203085000"
    },
    {
      "SEQ": 82,
      "BEFORE_NODE": 82.0,
      "AFTER_NODE": 83.0,
      "BEFORE_LAT": 23.280836,
      "BEFORE_LON": 117.80418,
      "AFTER_LAT": 23.1835,
      "AFTER_LON": 117.68134,
      "SOG": 13.6,
      "MOVINGTIME": 2220.0,
      "ARRIVALTIME": "20251203092700"
    },
    {
      "SEQ": 83,
      "BEFORE_NODE": 83.0,
      "AFTER_NODE": 84.0,
      "BEFORE_LAT": 23.1835,
      "BEFORE_LON": 117.68134,
      "AFTER_LAT": 23.114166,
      "AFTER_LON": 117.59518,
      "SOG": 13.5,
      "MOVINGTIME": 1560.0,
      "ARRIVALTIME": "20251203095300"
    },
    {
      "SEQ": 84,
      "BEFORE_NODE": 84.0,
      "AFTER_NODE": 85.0,
      "BEFORE_LAT": 23.114166,
      "BEFORE_LON": 117.59518,
      "AFTER_LAT": 22.731028,
      "AFTER_LON": 117.10811,
      "SOG": 13.6,
      "MOVINGTIME": 9120.0,
      "ARRIVALTIME": "20251203122500"
    },
    {
      "SEQ": 85,
      "BEFORE_NODE": 85.0,
      "AFTER_NODE": 86.0,
      "BEFORE_LAT": 22.731028,
      "BEFORE_LON": 117.10811,
      "AFTER_LAT": 22.697533,
      "AFTER_LON": 117.02914,
      "SOG": 13.5,
      "MOVINGTIME": 1740.0,
      "ARRIVALTIME": "20251203125400"
    },
    {
      "SEQ": 86,
      "BEFORE_NODE": 86.0,
      "AFTER_NODE": 87.0,
      "BEFORE_LAT": 22.697533,
      "BEFORE_LON": 117.02914,
      "AFTER_LAT": 22.647833,
      "AFTER_LON": 116.91882,
      "SOG": 13.6,
      "MOVINGTIME": 1620.0,
      "ARRIVALTIME": "20251203132100"
    },
    {
      "SEQ": 87,
      "BEFORE_NODE": 87.0,
      "AFTER_NODE": 88.0,
      "BEFORE_LAT": 22.647833,
      "BEFORE_LON": 116.91882,
      "AFTER_LAT": 22.562334,
      "AFTER_LON": 116.72266,
      "SOG": 11.5,
      "MOVINGTIME": 3540.0,
      "ARRIVALTIME": "20251203142000"
    },
    {
      "SEQ": 88,
      "BEFORE_NODE": 88.0,
      "AFTER_NODE": 89.0,
      "BEFORE_LAT": 22.562334,
      "BEFORE_LON": 116.72266,
      "AFTER_LAT": 22.251204,
      "AFTER_LON": 116.02454,
      "SOG": 12.3,
      "MOVINGTIME": 12600.0,
      "ARRIVALTIME": "20251203175000"
    },
    {
      "SEQ": 89,
      "BEFORE_NODE": 89.0,
      "AFTER_NODE": 90.0,
      "BEFORE_LAT": 22.251204,
      "BEFORE_LON": 116.02454,
      "AFTER_LAT": 22.214834,
      "AFTER_LON": 115.91784,
      "SOG": 12.3,
      "MOVINGTIME": 2160.0,
      "ARRIVALTIME": "20251203182600"
    },
    {
      "SEQ": 90,
      "BEFORE_NODE": 90.0,
      "AFTER_NODE": 91.0,
      "BEFORE_LAT": 22.214834,
      "BEFORE_LON": 115.91784,
      "AFTER_LAT": 22.200064,
      "AFTER_LON": 115.87901,
      "SOG": 12,
      "MOVINGTIME": 1260.0,
      "ARRIVALTIME": "20251203184700"
    },
    {
      "SEQ": 91,
      "BEFORE_NODE": 91.0,
      "AFTER_NODE": 92.0,
      "BEFORE_LAT": 22.200064,
      "BEFORE_LON": 115.87901,
      "AFTER_LAT": 22.130333,
      "AFTER_LON": 115.72616,
      "SOG": 11.5,
      "MOVINGTIME": 2160.0,
      "ARRIVALTIME": "20251203192300"
    },
    {
      "SEQ": 92,
      "BEFORE_NODE": 92.0,
      "AFTER_NODE": 93.0,
      "BEFORE_LAT": 22.130333,
      "BEFORE_LON": 115.72616,
      "AFTER_LAT": 22.095757,
      "AFTER_LON": 115.64736,
      "SOG": 11.6,
      "MOVINGTIME": 1860.0,
      "ARRIVALTIME": "20251203195400"
    },
    {
      "SEQ": 93,
      "BEFORE_NODE": 93.0,
      "AFTER_NODE": 94.0,
      "BEFORE_LAT": 22.095757,
      "BEFORE_LON": 115.64736,
      "AFTER_LAT": 22.051001,
      "AFTER_LON": 115.53517,
      "SOG": 11.6,
      "MOVINGTIME": 1920.0,
      "ARRIVALTIME": "20251203202600"
    },
    {
      "SEQ": 94,
      "BEFORE_NODE": 94.0,
      "AFTER_NODE": 95.0,
      "BEFORE_LAT": 22.051001,
      "BEFORE_LON": 115.53517,
      "AFTER_LAT": 22.028074,
      "AFTER_LON": 115.43384,
      "SOG": 11.6,
      "MOVINGTIME": 1620.0,
      "ARRIVALTIME": "20251203205300"
    },
    {
      "SEQ": 95,
      "BEFORE_NODE": 95.0,
      "AFTER_NODE": 96.0,
      "BEFORE_LAT": 22.028074,
      "BEFORE_LON": 115.43384,
      "AFTER_LAT": 22.027666,
      "AFTER_LON": 115.31451,
      "SOG": 11,
      "MOVINGTIME": 2040.0,
      "ARRIVALTIME": "20251203212700"
    },
    {
      "SEQ": 96,
      "BEFORE_NODE": 96.0,
      "AFTER_NODE": 97.0,
      "BEFORE_LAT": 22.027666,
      "BEFORE_LON": 115.31451,
      "AFTER_LAT": 22.043167,
      "AFTER_LON": 115.25082,
      "SOG": 10.8,
      "MOVINGTIME": 1680.0,
      "ARRIVALTIME": "20251203215500"
    },
    {
      "SEQ": 97,
      "BEFORE_NODE": 97.0,
      "AFTER_NODE": 98.0,
      "BEFORE_LAT": 22.043167,
      "BEFORE_LON": 115.25082,
      "AFTER_LAT": 22.073166,
      "AFTER_LON": 115.15984,
      "SOG": 10.8,
      "MOVINGTIME": 1680.0,
      "ARRIVALTIME": "20251203222300"
    },
    {
      "SEQ": 98,
      "BEFORE_NODE": 98.0,
      "AFTER_NODE": 99.0,
      "BEFORE_LAT": 22.073166,
      "BEFORE_LON": 115.15984,
      "AFTER_LAT": 22.087589,
      "AFTER_LON": 115.18021,
      "SOG": 6.4,
      "MOVINGTIME": 1440.0,
      "ARRIVALTIME": "20251203224700"
    },
    {
      "SEQ": 99,
      "BEFORE_NODE": 99.0,
      "AFTER_NODE": 100.0,
      "BEFORE_LAT": 22.087589,
      "BEFORE_LON": 115.18021,
      "AFTER_LAT": 22.077,
      "AFTER_LON": 115.25282,
      "SOG": 6,
      "MOVINGTIME": 2280.0,
      "ARRIVALTIME": "20251203232500"
    },
    {
      "SEQ": 100,
      "BEFORE_NODE": 100.0,
      "AFTER_NODE": 101.0,
      "BEFORE_LAT": 22.077,
      "BEFORE_LON": 115.25282,
      "AFTER_LAT": 22.085539,
      "AFTER_LON": 115.27115,
      "SOG": 8.8,
      "MOVINGTIME": 1560.0,
      "ARRIVALTIME": "20251203235100"
    },
    {
      "SEQ": 101,
      "BEFORE_NODE": 101.0,
      "AFTER_NODE": 102.0,
      "BEFORE_LAT": 22.085539,
      "BEFORE_LON": 115.27115,
      "AFTER_LAT": 22.084,
      "AFTER_LON": 115.143,
      "SOG": 11.6,
      "MOVINGTIME": 1980.0,
      "ARRIVALTIME": "20251204002400"
    },
    {
      "SEQ": 102,
      "BEFORE_NODE": 102.0,
      "AFTER_NODE": 103.0,
      "BEFORE_LAT": 22.084,
      "BEFORE_LON": 115.143,
      "AFTER_LAT": 22.111166,
      "AFTER_LON": 115.01633,
      "SOG": 10.6,
      "MOVINGTIME": 2040.0,
      "ARRIVALTIME": "20251204005800"
    },
    {
      "SEQ": 103,
      "BEFORE_NODE": 103.0,
      "AFTER_NODE": 104.0,
      "BEFORE_LAT": 22.111166,
      "BEFORE_LON": 115.01633,
      "AFTER_LAT": 22.146166,
      "AFTER_LON": 114.93984,
      "SOG": 10.3,
      "MOVINGTIME": 1860.0,
      "ARRIVALTIME": "20251204012900"
    },
    {
      "SEQ": 104,
      "BEFORE_NODE": 104.0,
      "AFTER_NODE": 105.0,
      "BEFORE_LAT": 22.146166,
      "BEFORE_LON": 114.93984,
      "AFTER_LAT": 22.170332,
      "AFTER_LON": 114.88739,
      "SOG": 10.3,
      "MOVINGTIME": 1800.0,
      "ARRIVALTIME": "20251204015900"
    },
    {
      "SEQ": 105,
      "BEFORE_NODE": 105.0,
      "AFTER_NODE": 106.0,
      "BEFORE_LAT": 22.170332,
      "BEFORE_LON": 114.88739,
      "AFTER_LAT": 22.218,
      "AFTER_LON": 114.71983333333333,
      "SOG": 10.2,
      "MOVINGTIME": 2443.0,
      "ARRIVALTIME": "20251204023943"
    },
    {
      "SEQ": 106,
      "BEFORE_NODE": 106.0,
      "AFTER_NODE": 107.0,
      "BEFORE_LAT": 22.218,
      "BEFORE_LON": 114.71983333333333,
      "AFTER_LAT": 22.2585,
      "AFTER_LON": 114.64833333333333,
      "SOG": 10.4,
      "MOVINGTIME": 1609.0,
      "ARRIVALTIME": "20251204030632"
    },
    {
      "SEQ": 107,
      "BEFORE_NODE": 107.0,
      "AFTER_NODE": 108.0,
      "BEFORE_LAT": 22.2585,
      "BEFORE_LON": 114.64833333333333,
      "AFTER_LAT": 22.298333333333332,
      "AFTER_LON": 114.62433333333334,
      "SOG": 6.2,
      "MOVINGTIME": 1388.0,
      "ARRIVALTIME": "20251204032940"
    },
    {
      "SEQ": 108,
      "BEFORE_NODE": 108.0,
      "AFTER_NODE": 109.0,
      "BEFORE_LAT": 22.298333333333332,
      "BEFORE_LON": 114.62433333333334,
      "AFTER_LAT": 22.274334,
      "AFTER_LON": 114.68867,
      "SOG": 8.3,
      "MOVINGTIME": 1760.0,
      "ARRIVALTIME": "20251204035900"
    },
    {
      "SEQ": 109,
      "BEFORE_NODE": 109.0,
      "AFTER_NODE": 110.0,
      "BEFORE_LAT": 22.274334,
      "BEFORE_LON": 114.68867,
      "AFTER_LAT": 22.247185,
      "AFTER_LON": 114.75432,
      "SOG": 8.6,
      "MOVINGTIME": 1680.0,
      "ARRIVALTIME": "20251204042700"
    },
    {
      "SEQ": 110,
      "BEFORE_NODE": 110.0,
      "AFTER_NODE": 111.0,
      "BEFORE_LAT": 22.247185,
      "BEFORE_LON": 114.75432,
      "AFTER_LAT": 22.236042,
      "AFTER_LON": 114.80772,
      "SOG": 8.3,
      "MOVINGTIME": 1860.0,
      "ARRIVALTIME": "20251204045800"
    },
    {
      "SEQ": 111,
      "BEFORE_NODE": 111.0,
      "AFTER_NODE": 112.0,
      "BEFORE_LAT": 22.236042,
      "BEFORE_LON": 114.80772,
      "AFTER_LAT": 22.203501,
      "AFTER_LON": 114.8735,
      "SOG": 7.6,
      "MOVINGTIME": 1800.0,
      "ARRIVALTIME": "20251204052800"
    },
    {
      "SEQ": 112,
      "BEFORE_NODE": 112.0,
      "AFTER_NODE": 113.0,
      "BEFORE_LAT": 22.203501,
      "BEFORE_LON": 114.8735,
      "AFTER_LAT": 22.258,
      "AFTER_LON": 114.7435,
      "SOG": 11,
      "MOVINGTIME": 2743.0,
      "ARRIVALTIME": "20251204061343"
    },
    {
      "SEQ": 113,
      "BEFORE_NODE": 113.0,
      "AFTER_NODE": 114.0,
      "BEFORE_LAT": 22.258,
      "BEFORE_LON": 114.7435,
      "AFTER_LAT": 22.28587,
      "AFTER_LON": 114.67067166666666,
      "SOG": 11.2,
      "MOVINGTIME": 1420.0,
      "ARRIVALTIME": "20251204063723"
    },
    {
      "SEQ": 114,
      "BEFORE_NODE": 114.0,
      "AFTER_NODE": 115.0,
      "BEFORE_LAT": 22.28587,
      "BEFORE_LON": 114.67067166666666,
      "AFTER_LAT": 22.306499,
      "AFTER_LON": 114.665,
      "SOG": 8.1,
      "MOVINGTIME": 1177.0,
      "ARRIVALTIME": "20251204065700"
    },
    {
      "SEQ": 115,
      "BEFORE_NODE": 115.0,
      "AFTER_NODE": 116.0,
      "BEFORE_LAT": 22.306499,
      "BEFORE_LON": 114.665,
      "AFTER_LAT": 22.280666,
      "AFTER_LON": 114.73882,
      "SOG": 8.6,
      "MOVINGTIME": 1860.0,
      "ARRIVALTIME": "20251204072800"
    },
    {
      "SEQ": 116,
      "BEFORE_NODE": 116.0,
      "AFTER_NODE": 117.0,
      "BEFORE_LAT": 22.280666,
      "BEFORE_LON": 114.73882,
      "AFTER_LAT": 22.237026,
      "AFTER_LON": 114.80213,
      "SOG": 8.3,
      "MOVINGTIME": 1800.0,
      "ARRIVALTIME": "20251204075800"
    },
    {
      "SEQ": 117,
      "BEFORE_NODE": 117.0,
      "AFTER_NODE": 118.0,
      "BEFORE_LAT": 22.237026,
      "BEFORE_LON": 114.80213,
      "AFTER_LAT": 22.210333,
      "AFTER_LON": 114.867,
      "SOG": 8,
      "MOVINGTIME": 1740.0,
      "ARRIVALTIME": "20251204082700"
    },
    {
      "SEQ": 118,
      "BEFORE_NODE": 118.0,
      "AFTER_NODE": 119.0,
      "BEFORE_LAT": 22.210333,
      "BEFORE_LON": 114.867,
      "AFTER_LAT": 22.184109,
      "AFTER_LON": 114.92943,
      "SOG": 8,
      "MOVINGTIME": 1740.0,
      "ARRIVALTIME": "20251204085600"
    },
    {
      "SEQ": 119,
      "BEFORE_NODE": 119.0,
      "AFTER_NODE": 120.0,
      "BEFORE_LAT": 22.184109,
      "BEFORE_LON": 114.92943,
      "AFTER_LAT": 22.172167,
      "AFTER_LON": 114.96451,
      "SOG": 6.8,
      "MOVINGTIME": 1620.0,
      "ARRIVALTIME": "20251204092300"
    },
    {
      "SEQ": 120,
      "BEFORE_NODE": 120.0,
      "AFTER_NODE": 121.0,
      "BEFORE_LAT": 22.172167,
      "BEFORE_LON": 114.96451,
      "AFTER_LAT": 22.123501,
      "AFTER_LON": 115.00733,
      "SOG": 7.9,
      "MOVINGTIME": 1980.0,
      "ARRIVALTIME": "20251204095600"
    },
    {
      "SEQ": 121,
      "BEFORE_NODE": 121.0,
      "AFTER_NODE": 122.0,
      "BEFORE_LAT": 22.123501,
      "BEFORE_LON": 115.00733,
      "AFTER_LAT": 22.092501,
      "AFTER_LON": 115.072,
      "SOG": 7.6,
      "MOVINGTIME": 1860.0,
      "ARRIVALTIME": "20251204102700"
    },
    {
      "SEQ": 122,
      "BEFORE_NODE": 122.0,
      "AFTER_NODE": 123.0,
      "BEFORE_LAT": 22.092501,
      "BEFORE_LON": 115.072,
      "AFTER_LAT": 22.077169,
      "AFTER_LON": 115.13104,
      "SOG": 7.8,
      "MOVINGTIME": 1500.0,
      "ARRIVALTIME": "20251204105200"
    },
    {
      "SEQ": 123,
      "BEFORE_NODE": 123.0,
      "AFTER_NODE": 124.0,
      "BEFORE_LAT": 22.077169,
      "BEFORE_LON": 115.13104,
      "AFTER_LAT": 22.068407,
      "AFTER_LON": 115.19908,
      "SOG": 7.5,
      "MOVINGTIME": 2040.0,
      "ARRIVALTIME": "20251204112600"
    },
    {
      "SEQ": 124,
      "BEFORE_NODE": 124.0,
      "AFTER_NODE": 125.0,
      "BEFORE_LAT": 22.068407,
      "BEFORE_LON": 115.19908,
      "AFTER_LAT": 22.072166,
      "AFTER_LON": 115.25166,
      "SOG": 7.5,
      "MOVINGTIME": 1860.0,
      "ARRIVALTIME": "20251204115700"
    },
    {
      "SEQ": 125,
      "BEFORE_NODE": 125.0,
      "AFTER_NODE": 126.0,
      "BEFORE_LAT": 22.072166,
      "BEFORE_LON": 115.25166,
      "AFTER_LAT": 22.08,
      "AFTER_LON": 115.15366,
      "SOG": 11.1,
      "MOVINGTIME": 1860.0,
      "ARRIVALTIME": "20251204122800"
    },
    {
      "SEQ": 126,
      "BEFORE_NODE": 126.0,
      "AFTER_NODE": 127.0,
      "BEFORE_LAT": 22.08,
      "BEFORE_LON": 115.15366,
      "AFTER_LAT": 22.115667,
      "AFTER_LON": 115.05851,
      "SOG": 10.8,
      "MOVINGTIME": 1800.0,
      "ARRIVALTIME": "20251204125800"
    },
    {
      "SEQ": 127,
      "BEFORE_NODE": 127.0,
      "AFTER_NODE": 128.0,
      "BEFORE_LAT": 22.115667,
      "BEFORE_LON": 115.05851,
      "AFTER_LAT": 22.158001,
      "AFTER_LON": 114.97234,
      "SOG": 10.6,
      "MOVINGTIME": 1740.0,
      "ARRIVALTIME": "20251204132700"
    },
    {
      "SEQ": 128,
      "BEFORE_NODE": 128.0,
      "AFTER_NODE": 129.0,
      "BEFORE_LAT": 22.158001,
      "BEFORE_LON": 114.97234,
      "AFTER_LAT": 22.2015,
      "AFTER_LON": 114.8765,
      "SOG": 10.5,
      "MOVINGTIME": 1920.0,
      "ARRIVALTIME": "20251204135900"
    },
    {
      "SEQ": 129,
      "BEFORE_NODE": 129.0,
      "AFTER_NODE": 130.0,
      "BEFORE_LAT": 22.2015,
      "BEFORE_LON": 114.8765,
      "AFTER_LAT": 22.255166666666668,
      "AFTER_LON": 114.75666666666666,
      "SOG": 10.2,
      "MOVINGTIME": 2363.0,
      "ARRIVALTIME": "20251204143823"
    },
    {
      "SEQ": 130,
      "BEFORE_NODE": 130.0,
      "AFTER_NODE": 131.0,
      "BEFORE_LAT": 22.255166666666668,
      "BEFORE_LON": 114.75666666666666,
      "AFTER_LAT": 22.293,
      "AFTER_LON": 114.68283333333333,
      "SOG": 10.3,
      "MOVINGTIME": 1651.0,
      "ARRIVALTIME": "20251204150554"
    },
    {
      "SEQ": 131,
      "BEFORE_NODE": 131.0,
      "AFTER_NODE": 132.0,
      "BEFORE_LAT": 22.293,
      "BEFORE_LON": 114.68283333333333,
      "AFTER_LAT": 22.33838666666667,
      "AFTER_LON": 114.57891666666667,
      "SOG": 10.7,
      "MOVINGTIME": 2198.0,
      "ARRIVALTIME": "20251204154232"
    },
    {
      "SEQ": 132,
      "BEFORE_NODE": 132.0,
      "AFTER_NODE": 133.0,
      "BEFORE_LAT": 22.33838666666667,
      "BEFORE_LON": 114.57891666666667,
      "AFTER_LAT": 22.375333333333334,
      "AFTER_LON": 114.5185,
      "SOG": 9.4,
      "MOVINGTIME": 1520.0,
      "ARRIVALTIME": "20251204160752"
    },
    {
      "SEQ": 133,
      "BEFORE_NODE": 133.0,
      "AFTER_NODE": 134.0,
      "BEFORE_LAT": 22.375333333333334,
      "BEFORE_LON": 114.5185,
      "AFTER_LAT": 22.44333333333333,
      "AFTER_LON": 114.46983333333333,
      "SOG": 12.9,
      "MOVINGTIME": 1412.0,
      "ARRIVALTIME": "20251204163124"
    },
    {
      "SEQ": 134,
      "BEFORE_NODE": 134.0,
      "AFTER_NODE": 135.0,
      "BEFORE_LAT": 22.44333333333333,
      "BEFORE_LON": 114.46983333333333,
      "AFTER_LAT": 22.501167,
      "AFTER_LON": 114.45433,
      "SOG": 7.6,
      "MOVINGTIME": 1536.0,
      "ARRIVALTIME": "20251204165700"
    },
    {
      "SEQ": 135,
      "BEFORE_NODE": 135.0,
      "AFTER_NODE": 136.0,
      "BEFORE_LAT": 22.501167,
      "BEFORE_LON": 114.45433,
      "AFTER_LAT": 22.558834,
      "AFTER_LON": 114.36433,
      "SOG": 18.2,
      "MOVINGTIME": 1800.0,
      "ARRIVALTIME": "20251204172700"
    },
    {
      "SEQ": 136,
      "BEFORE_NODE": 136.0,
      "AFTER_NODE": 137.0,
      "BEFORE_LAT": 22.558834,
      "BEFORE_LON": 114.36433,
      "AFTER_LAT": 22.562166,
      "AFTER_LON": 114.25933,
      "SOG": 3.7,
      "MOVINGTIME": 1860.0,
      "ARRIVALTIME": "20251204175800"
    },
    {
      "SEQ": 137,
      "BEFORE_NODE": 137.0,
      "AFTER_NODE": 138.0,
      "BEFORE_LAT": 22.562166,
      "BEFORE_LON": 114.25933,
      "AFTER_LAT": 22.561914,
      "AFTER_LON": 114.25236,
      "SOG": 0,
      "MOVINGTIME": 1920.0,
      "ARRIVALTIME": "20251204183000"
    },
    {
      "SEQ": 138,
      "BEFORE_NODE": 138.0,
      "AFTER_NODE": 139.0,
      "BEFORE_LAT": 22.561914,
      "BEFORE_LON": 114.25236,
      "AFTER_LAT": 22.562,
      "AFTER_LON": 114.25233,
      "SOG": 0,
      "MOVINGTIME": 1680.0,
      "ARRIVALTIME": "20251204185800"
    },
    {
      "SEQ": 139,
      "BEFORE_NODE": 139.0,
      "AFTER_NODE": 140.0,
      "BEFORE_LAT": 22.562,
      "BEFORE_LON": 114.25233,
      "AFTER_LAT": 22.562,
      "AFTER_LON": 114.25233,
      "SOG": 0,
      "MOVINGTIME": 1680.0,
      "ARRIVALTIME": "20251204192600"
    },
    {
      "SEQ": 140,
      "BEFORE_NODE": 140.0,
      "AFTER_NODE": 141.0,
      "BEFORE_LAT": 22.562,
      "BEFORE_LON": 114.25233,
      "AFTER_LAT": 22.562,
      "AFTER_LON": 114.25233,
      "SOG": 0,
      "MOVINGTIME": 2220.0,
      "ARRIVALTIME": "20251204200300"
    },
    {
      "SEQ": 141,
      "BEFORE_NODE": 141.0,
      "AFTER_NODE": 142.0,
      "BEFORE_LAT": 22.562,
      "BEFORE_LON": 114.25233,
      "AFTER_LAT": 22.562,
      "AFTER_LON": 114.25233,
      "SOG": 0,
      "MOVINGTIME": 1260.0,
      "ARRIVALTIME": "20251204202400"
    },
    {
      "SEQ": 142,
      "BEFORE_NODE": 142.0,
      "AFTER_NODE": 143.0,
      "BEFORE_LAT": 22.562,
      "BEFORE_LON": 114.25233,
      "AFTER_LAT": 22.561928,
      "AFTER_LON": 114.25236,
      "SOG": 0,
      "MOVINGTIME": 2400.0,
      "ARRIVALTIME": "20251204210400"
    },
    {
      "SEQ": 143,
      "BEFORE_NODE": 143.0,
      "AFTER_NODE": 144.0,
      "BEFORE_LAT": 22.561928,
      "BEFORE_LON": 114.25236,
      "AFTER_LAT": 22.561832,
      "AFTER_LON": 114.25233,
      "SOG": 0,
      "MOVINGTIME": 1440.0,
      "ARRIVALTIME": "20251204212800"
    },
    {
      "SEQ": 144,
      "BEFORE_NODE": 144.0,
      "AFTER_NODE": 145.0,
      "BEFORE_LAT": 22.561832,
      "BEFORE_LON": 114.25233,
      "AFTER_LAT": 22.561909,
      "AFTER_LON": 114.25235,
      "SOG": 0,
      "MOVINGTIME": 1740.0,
      "ARRIVALTIME": "20251204215700"
    },
    {
      "SEQ": 145,
      "BEFORE_NODE": 145.0,
      "AFTER_NODE": 146.0,
      "BEFORE_LAT": 22.561909,
      "BEFORE_LON": 114.25235,
      "AFTER_LAT": 22.562,
      "AFTER_LON": 114.25233,
      "SOG": 0,
      "MOVINGTIME": 2100.0,
      "ARRIVALTIME": "20251204223200"
    },
    {
      "SEQ": 146,
      "BEFORE_NODE": 146.0,
      "AFTER_NODE": 147.0,
      "BEFORE_LAT": 22.562,
      "BEFORE_LON": 114.25233,
      "AFTER_LAT": 22.562,
      "AFTER_LON": 114.25233,
      "SOG": 0,
      "MOVINGTIME": 1920.0,
      "ARRIVALTIME": "20251204230400"
    },
    {
      "SEQ": 147,
      "BEFORE_NODE": 147.0,
      "AFTER_NODE": 148.0,
      "BEFORE_LAT": 22.562,
      "BEFORE_LON": 114.25233,
      "AFTER_LAT": 22.561832,
      "AFTER_LON": 114.25233,
      "SOG": 0,
      "MOVINGTIME": 1620.0,
      "ARRIVALTIME": "20251204233100"
    },
    {
      "SEQ": 148,
      "BEFORE_NODE": 148.0,
      "AFTER_NODE": 149.0,
      "BEFORE_LAT": 22.561832,
      "BEFORE_LON": 114.25233,
      "AFTER_LAT": 22.56192,
      "AFTER_LON": 114.25235,
      "SOG": 0,
      "MOVINGTIME": 1620.0,
      "ARRIVALTIME": "20251204235800"
    },
    {
      "SEQ": 149,
      "BEFORE_NODE": 149.0,
      "AFTER_NODE": 150.0,
      "BEFORE_LAT": 22.56192,
      "BEFORE_LON": 114.25235,
      "AFTER_LAT": 22.562,
      "AFTER_LON": 114.25233,
      "SOG": 0,
      "MOVINGTIME": 1860.0,
      "ARRIVALTIME": "20251205002900"
    },
    {
      "SEQ": 150,
      "BEFORE_NODE": 150.0,
      "AFTER_NODE": 151.0,
      "BEFORE_LAT": 22.562,
      "BEFORE_LON": 114.25233,
      "AFTER_LAT": 22.561947,
      "AFTER_LON": 114.25237,
      "SOG": 0,
      "MOVINGTIME": 1800.0,
      "ARRIVALTIME": "20251205005900"
    },
    {
      "SEQ": 151,
      "BEFORE_NODE": 151.0,
      "AFTER_NODE": 152.0,
      "BEFORE_LAT": 22.561947,
      "BEFORE_LON": 114.25237,
      "AFTER_LAT": 22.562,
      "AFTER_LON": 114.25233,
      "SOG": 0,
      "MOVINGTIME": 1980.0,
      "ARRIVALTIME": "20251205013200"
    },
    {
      "SEQ": 152,
      "BEFORE_NODE": 152.0,
      "AFTER_NODE": 153.0,
      "BEFORE_LAT": 22.562,
      "BEFORE_LON": 114.25233,
      "AFTER_LAT": 22.562,
      "AFTER_LON": 114.25233,
      "SOG": 0,
      "MOVINGTIME": 1800.0,
      "ARRIVALTIME": "20251205020200"
    },
    {
      "SEQ": 153,
      "BEFORE_NODE": 153.0,
      "AFTER_NODE": 154.0,
      "BEFORE_LAT": 22.562,
      "BEFORE_LON": 114.25233,
      "AFTER_LAT": 22.562,
      "AFTER_LON": 114.25233,
      "SOG": 0,
      "MOVINGTIME": 1800.0,
      "ARRIVALTIME": "20251205023200"
    },
    {
      "SEQ": 154,
      "BEFORE_NODE": 154.0,
      "AFTER_NODE": 155.0,
      "BEFORE_LAT": 22.562,
      "BEFORE_LON": 114.25233,
      "AFTER_LAT": 22.561947,
      "AFTER_LON": 114.25235,
      "SOG": 0,
      "MOVINGTIME": 1740.0,
      "ARRIVALTIME": "20251205030100"
    },
    {
      "SEQ": 155,
      "BEFORE_NODE": 155.0,
      "AFTER_NODE": 156.0,
      "BEFORE_LAT": 22.561947,
      "BEFORE_LON": 114.25235,
      "AFTER_LAT": 22.561832,
      "AFTER_LON": 114.25233,
      "SOG": 0,
      "MOVINGTIME": 1620.0,
      "ARRIVALTIME": "20251205032800"
    },
    {
      "SEQ": 156,
      "BEFORE_NODE": 156.0,
      "AFTER_NODE": 157.0,
      "BEFORE_LAT": 22.561832,
      "BEFORE_LON": 114.25233,
      "AFTER_LAT": 22.561968,
      "AFTER_LON": 114.25235,
      "SOG": 0,
      "MOVINGTIME": 1800.0,
      "ARRIVALTIME": "20251205035800"
    },
    {
      "SEQ": 157,
      "BEFORE_NODE": 157.0,
      "AFTER_NODE": 158.0,
      "BEFORE_LAT": 22.561968,
      "BEFORE_LON": 114.25235,
      "AFTER_LAT": 22.562,
      "AFTER_LON": 114.25233,
      "SOG": 0,
      "MOVINGTIME": 1740.0,
      "ARRIVALTIME": "20251205042700"
    },
    {
      "SEQ": 158,
      "BEFORE_NODE": 158.0,
      "AFTER_NODE": 159.0,
      "BEFORE_LAT": 22.562,
      "BEFORE_LON": 114.25233,
      "AFTER_LAT": 22.561832,
      "AFTER_LON": 114.25233,
      "SOG": 0,
      "MOVINGTIME": 1980.0,
      "ARRIVALTIME": "20251205050000"
    },
    {
      "SEQ": 159,
      "BEFORE_NODE": 159.0,
      "AFTER_NODE": 160.0,
      "BEFORE_LAT": 22.561832,
      "BEFORE_LON": 114.25233,
      "AFTER_LAT": 22.561832,
      "AFTER_LON": 114.25233,
      "SOG": 0,
      "MOVINGTIME": 1860.0,
      "ARRIVALTIME": "20251205053100"
    },
    {
      "SEQ": 160,
      "BEFORE_NODE": 160.0,
      "AFTER_NODE": 161.0,
      "BEFORE_LAT": 22.561832,
      "BEFORE_LON": 114.25233,
      "AFTER_LAT": 22.562,
      "AFTER_LON": 114.25683,
      "SOG": 4,
      "MOVINGTIME": 1860.0,
      "ARRIVALTIME": "20251205060200"
    },
    {
      "SEQ": 161,
      "BEFORE_NODE": 161.0,
      "AFTER_NODE": 162.0,
      "BEFORE_LAT": 22.562,
      "BEFORE_LON": 114.25683,
      "AFTER_LAT": 22.558001,
      "AFTER_LON": 114.327,
      "SOG": 14.3,
      "MOVINGTIME": 1680.0,
      "ARRIVALTIME": "20251205063000"
    },
    {
      "SEQ": 162,
      "BEFORE_NODE": 162.0,
      "AFTER_NODE": 163.0,
      "BEFORE_LAT": 22.558001,
      "BEFORE_LON": 114.327,
      "AFTER_LAT": 22.499666,
      "AFTER_LON": 114.42216,
      "SOG": 5.5,
      "MOVINGTIME": 1860.0,
      "ARRIVALTIME": "20251205070100"
    },
    {
      "SEQ": 163,
      "BEFORE_NODE": 163.0,
      "AFTER_NODE": 164.0,
      "BEFORE_LAT": 22.499666,
      "BEFORE_LON": 114.42216,
      "AFTER_LAT": 22.375,
      "AFTER_LON": 114.49416666666667,
      "SOG": 14.5,
      "MOVINGTIME": 2128.0,
      "ARRIVALTIME": "20251205073628"
    },
    {
      "SEQ": 164,
      "BEFORE_NODE": 164.0,
      "AFTER_NODE": 165.0,
      "BEFORE_LAT": 22.375,
      "BEFORE_LON": 114.49416666666667,
      "AFTER_LAT": 22.316333333333333,
      "AFTER_LON": 114.59283333333333,
      "SOG": 14.2,
      "MOVINGTIME": 1747.0,
      "ARRIVALTIME": "20251205080535"
    },
    {
      "SEQ": 165,
      "BEFORE_NODE": 165.0,
      "AFTER_NODE": 166.0,
      "BEFORE_LAT": 22.316333333333333,
      "BEFORE_LON": 114.59283333333333,
      "AFTER_LAT": 22.191668,
      "AFTER_LON": 114.91016,
      "SOG": 13.6,
      "MOVINGTIME": 5125.0,
      "ARRIVALTIME": "20251205093100"
    },
    {
      "SEQ": 166,
      "BEFORE_NODE": 166.0,
      "AFTER_NODE": 167.0,
      "BEFORE_LAT": 22.191668,
      "BEFORE_LON": 114.91016,
      "AFTER_LAT": 22.161329,
      "AFTER_LON": 115.00571,
      "SOG": 13.8,
      "MOVINGTIME": 1740.0,
      "ARRIVALTIME": "20251205100000"
    },
    {
      "SEQ": 167,
      "BEFORE_NODE": 167.0,
      "AFTER_NODE": 168.0,
      "BEFORE_LAT": 22.161329,
      "BEFORE_LON": 115.00571,
      "AFTER_LAT": 22.123837,
      "AFTER_LON": 115.13501,
      "SOG": 13.5,
      "MOVINGTIME": 1800.0,
      "ARRIVALTIME": "20251205103000"
    },
    {
      "SEQ": 168,
      "BEFORE_NODE": 168.0,
      "AFTER_NODE": 169.0,
      "BEFORE_LAT": 22.123837,
      "BEFORE_LON": 115.13501,
      "AFTER_LAT": 22.119833,
      "AFTER_LON": 115.26318,
      "SOG": 13.6,
      "MOVINGTIME": 1680.0,
      "ARRIVALTIME": "20251205105800"
    },
    {
      "SEQ": 169,
      "BEFORE_NODE": 169.0,
      "AFTER_NODE": 170.0,
      "BEFORE_LAT": 22.119833,
      "BEFORE_LON": 115.26318,
      "AFTER_LAT": 22.130333,
      "AFTER_LON": 115.35167,
      "SOG": 13.8,
      "MOVINGTIME": 1680.0,
      "ARRIVALTIME": "20251205112600"
    },
    {
      "SEQ": 170,
      "BEFORE_NODE": 170.0,
      "AFTER_NODE": 171.0,
      "BEFORE_LAT": 22.130333,
      "BEFORE_LON": 115.35167,
      "AFTER_LAT": 22.147888,
      "AFTER_LON": 115.47669,
      "SOG": 14.1,
      "MOVINGTIME": 1740.0,
      "ARRIVALTIME": "20251205115500"
    },
    {
      "SEQ": 171,
      "BEFORE_NODE": 171.0,
      "AFTER_NODE": 172.0,
      "BEFORE_LAT": 22.147888,
      "BEFORE_LON": 115.47669,
      "AFTER_LAT": 22.184166,
      "AFTER_LON": 115.62733,
      "SOG": 14.1,
      "MOVINGTIME": 1920.0,
      "ARRIVALTIME": "20251205122700"
    },
    {
      "SEQ": 172,
      "BEFORE_NODE": 172.0,
      "AFTER_NODE": 173.0,
      "BEFORE_LAT": 22.184166,
      "BEFORE_LON": 115.62733,
      "AFTER_LAT": 22.205675,
      "AFTER_LON": 115.70861,
      "SOG": 14,
      "MOVINGTIME": 1740.0,
      "ARRIVALTIME": "20251205125600"
    },
    {
      "SEQ": 173,
      "BEFORE_NODE": 173.0,
      "AFTER_NODE": 174.0,
      "BEFORE_LAT": 22.205675,
      "BEFORE_LON": 115.70861,
      "AFTER_LAT": 22.244499,
      "AFTER_LON": 115.85283,
      "SOG": 14.3,
      "MOVINGTIME": 1920.0,
      "ARRIVALTIME": "20251205132800"
    },
    {
      "SEQ": 174,
      "BEFORE_NODE": 174.0,
      "AFTER_NODE": 175.0,
      "BEFORE_LAT": 22.244499,
      "BEFORE_LON": 115.85283,
      "AFTER_LAT": 22.297167,
      "AFTER_LON": 115.971,
      "SOG": 14.6,
      "MOVINGTIME": 1680.0,
      "ARRIVALTIME": "20251205135600"
    },
    {
      "SEQ": 175,
      "BEFORE_NODE": 175.0,
      "AFTER_NODE": 176.0,
      "BEFORE_LAT": 22.297167,
      "BEFORE_LON": 115.971,
      "AFTER_LAT": 22.343166,
      "AFTER_LON": 116.11667,
      "SOG": 14.6,
      "MOVINGTIME": 1680.0,
      "ARRIVALTIME": "20251205142400"
    },
    {
      "SEQ": 176,
      "BEFORE_NODE": 176.0,
      "AFTER_NODE": 177.0,
      "BEFORE_LAT": 22.343166,
      "BEFORE_LON": 116.11667,
      "AFTER_LAT": 22.381166,
      "AFTER_LON": 116.242,
      "SOG": 14.6,
      "MOVINGTIME": 1800.0,
      "ARRIVALTIME": "20251205145400"
    },
    {
      "SEQ": 177,
      "BEFORE_NODE": 177.0,
      "AFTER_NODE": 178.0,
      "BEFORE_LAT": 22.381166,
      "BEFORE_LON": 116.242,
      "AFTER_LAT": 22.424078,
      "AFTER_LON": 116.35176,
      "SOG": 14.8,
      "MOVINGTIME": 1560.0,
      "ARRIVALTIME": "20251205152000"
    },
    {
      "SEQ": 178,
      "BEFORE_NODE": 178.0,
      "AFTER_NODE": 179.0,
      "BEFORE_LAT": 22.424078,
      "BEFORE_LON": 116.35176,
      "AFTER_LAT": 22.487499,
      "AFTER_LON": 116.47967,
      "SOG": 15,
      "MOVINGTIME": 1980.0,
      "ARRIVALTIME": "20251205155300"
    },
    {
      "SEQ": 179,
      "BEFORE_NODE": 179.0,
      "AFTER_NODE": 180.0,
      "BEFORE_LAT": 22.487499,
      "BEFORE_LON": 116.47967,
      "AFTER_LAT": 22.542667,
      "AFTER_LON": 116.61651,
      "SOG": 14.8,
      "MOVINGTIME": 2160.0,
      "ARRIVALTIME": "20251205162900"
    },
    {
      "SEQ": 180,
      "BEFORE_NODE": 180.0,
      "AFTER_NODE": 181.0,
      "BEFORE_LAT": 22.542667,
      "BEFORE_LON": 116.61651,
      "AFTER_LAT": 22.580166,
      "AFTER_LON": 116.73816,
      "SOG": 14.3,
      "MOVINGTIME": 1800.0,
      "ARRIVALTIME": "20251205165900"
    },
    {
      "SEQ": 181,
      "BEFORE_NODE": 181.0,
      "AFTER_NODE": 182.0,
      "BEFORE_LAT": 22.580166,
      "BEFORE_LON": 116.73816,
      "AFTER_LAT": 22.640333,
      "AFTER_LON": 116.86616,
      "SOG": 14.1,
      "MOVINGTIME": 1860.0,
      "ARRIVALTIME": "20251205173000"
    },
    {
      "SEQ": 182,
      "BEFORE_NODE": 182.0,
      "AFTER_NODE": 183.0,
      "BEFORE_LAT": 22.640333,
      "BEFORE_LON": 116.86616,
      "AFTER_LAT": 22.6835,
      "AFTER_LON": 116.966,
      "SOG": 13.8,
      "MOVINGTIME": 1740.0,
      "ARRIVALTIME": "20251205175900"
    },
    {
      "SEQ": 183,
      "BEFORE_NODE": 183.0,
      "AFTER_NODE": 184.0,
      "BEFORE_LAT": 22.6835,
      "BEFORE_LON": 116.966,
      "AFTER_LAT": 22.750385,
      "AFTER_LON": 117.08714,
      "SOG": 13.6,
      "MOVINGTIME": 1740.0,
      "ARRIVALTIME": "20251205182800"
    },
    {
      "SEQ": 184,
      "BEFORE_NODE": 184.0,
      "AFTER_NODE": 185.0,
      "BEFORE_LAT": 22.750385,
      "BEFORE_LON": 117.08714,
      "AFTER_LAT": 22.788,
      "AFTER_LON": 117.17517,
      "SOG": 13.5,
      "MOVINGTIME": 1860.0,
      "ARRIVALTIME": "20251205185900"
    },
    {
      "SEQ": 185,
      "BEFORE_NODE": 185.0,
      "AFTER_NODE": 186.0,
      "BEFORE_LAT": 22.788,
      "BEFORE_LON": 117.17517,
      "AFTER_LAT": 22.830051,
      "AFTER_LON": 117.28445,
      "SOG": 13.3,
      "MOVINGTIME": 1740.0,
      "ARRIVALTIME": "20251205192800"
    },
    {
      "SEQ": 186,
      "BEFORE_NODE": 186.0,
      "AFTER_NODE": 187.0,
      "BEFORE_LAT": 22.830051,
      "BEFORE_LON": 117.28445,
      "AFTER_LAT": 22.914833,
      "AFTER_LON": 117.37366,
      "SOG": 13.3,
      "MOVINGTIME": 1800.0,
      "ARRIVALTIME": "20251205195800"
    },
    {
      "SEQ": 187,
      "BEFORE_NODE": 187.0,
      "AFTER_NODE": 188.0,
      "BEFORE_LAT": 22.914833,
      "BEFORE_LON": 117.37366,
      "AFTER_LAT": 22.992001,
      "AFTER_LON": 117.467,
      "SOG": 13.3,
      "MOVINGTIME": 1860.0,
      "ARRIVALTIME": "20251205202900"
    },
    {
      "SEQ": 188,
      "BEFORE_NODE": 188.0,
      "AFTER_NODE": 189.0,
      "BEFORE_LAT": 22.992001,
      "BEFORE_LON": 117.467,
      "AFTER_LAT": 23.070333,
      "AFTER_LON": 117.55883,
      "SOG": 13.6,
      "MOVINGTIME": 1860.0,
      "ARRIVALTIME": "20251205210000"
    },
    {
      "SEQ": 189,
      "BEFORE_NODE": 189.0,
      "AFTER_NODE": 190.0,
      "BEFORE_LAT": 23.070333,
      "BEFORE_LON": 117.55883,
      "AFTER_LAT": 23.144501,
      "AFTER_LON": 117.66033,
      "SOG": 13.8,
      "MOVINGTIME": 1800.0,
      "ARRIVALTIME": "20251205213000"
    },
    {
      "SEQ": 190,
      "BEFORE_NODE": 190.0,
      "AFTER_NODE": 191.0,
      "BEFORE_LAT": 23.144501,
      "BEFORE_LON": 117.66033,
      "AFTER_LAT": 23.198999,
      "AFTER_LON": 117.72282,
      "SOG": 14.3,
      "MOVINGTIME": 1740.0,
      "ARRIVALTIME": "20251205215900"
    },
    {
      "SEQ": 191,
      "BEFORE_NODE": 191.0,
      "AFTER_NODE": 192.0,
      "BEFORE_LAT": 23.198999,
      "BEFORE_LON": 117.72282,
      "AFTER_LAT": 23.295,
      "AFTER_LON": 117.85433,
      "SOG": 14.6,
      "MOVINGTIME": 1800.0,
      "ARRIVALTIME": "20251205222900"
    },
    {
      "SEQ": 192,
      "BEFORE_NODE": 192.0,
      "AFTER_NODE": 193.0,
      "BEFORE_LAT": 23.295,
      "BEFORE_LON": 117.85433,
      "AFTER_LAT": 23.380333,
      "AFTER_LON": 117.96733,
      "SOG": 15.5,
      "MOVINGTIME": 1920.0,
      "ARRIVALTIME": "20251205230100"
    },
    {
      "SEQ": 193,
      "BEFORE_NODE": 193.0,
      "AFTER_NODE": 194.0,
      "BEFORE_LAT": 23.380333,
      "BEFORE_LON": 117.96733,
      "AFTER_LAT": 23.427,
      "AFTER_LON": 118.023,
      "SOG": 15.6,
      "MOVINGTIME": 1440.0,
      "ARRIVALTIME": "20251205232500"
    },
    {
      "SEQ": 194,
      "BEFORE_NODE": 194.0,
      "AFTER_NODE": 195.0,
      "BEFORE_LAT": 23.427,
      "BEFORE_LON": 118.023,
      "AFTER_LAT": 23.521999,
      "AFTER_LON": 118.14883,
      "SOG": 15.8,
      "MOVINGTIME": 1620.0,
      "ARRIVALTIME": "20251205235200"
    },
    {
      "SEQ": 195,
      "BEFORE_NODE": 195.0,
      "AFTER_NODE": 196.0,
      "BEFORE_LAT": 23.521999,
      "BEFORE_LON": 118.14883,
      "AFTER_LAT": 23.579748,
      "AFTER_LON": 118.23359,
      "SOG": 15.5,
      "MOVINGTIME": 1800.0,
      "ARRIVALTIME": "20251206002200"
    },
    {
      "SEQ": 196,
      "BEFORE_NODE": 196.0,
      "AFTER_NODE": 197.0,
      "BEFORE_LAT": 23.579748,
      "BEFORE_LON": 118.23359,
      "AFTER_LAT": 23.672167,
      "AFTER_LON": 118.35083,
      "SOG": 15.8,
      "MOVINGTIME": 1860.0,
      "ARRIVALTIME": "20251206005300"
    },
    {
      "SEQ": 197,
      "BEFORE_NODE": 197.0,
      "AFTER_NODE": 198.0,
      "BEFORE_LAT": 23.672167,
      "BEFORE_LON": 118.35083,
      "AFTER_LAT": 23.767334,
      "AFTER_LON": 118.47717,
      "SOG": 14.5,
      "MOVINGTIME": 1860.0,
      "ARRIVALTIME": "20251206012400"
    },
    {
      "SEQ": 198,
      "BEFORE_NODE": 198.0,
      "AFTER_NODE": 199.0,
      "BEFORE_LAT": 23.767334,
      "BEFORE_LON": 118.47717,
      "AFTER_LAT": 23.840166,
      "AFTER_LON": 118.5845,
      "SOG": 14.5,
      "MOVINGTIME": 1620.0,
      "ARRIVALTIME": "20251206015100"
    },
    {
      "SEQ": 199,
      "BEFORE_NODE": 199.0,
      "AFTER_NODE": 200.0,
      "BEFORE_LAT": 23.840166,
      "BEFORE_LON": 118.5845,
      "AFTER_LAT": 24.498833,
      "AFTER_LON": 119.46233,
      "SOG": 13.8,
      "MOVINGTIME": 16080.0,
      "ARRIVALTIME": "20251206061900"
    }
  ]
}