{
  "mmsi": "636019983",
  "PredResult": [
    {
      "SEQ": 0,
      "BEFORE_NODE": 0.0,
      "AFTER_NODE": 1.0,
      "BEFORE_LAT": 32.050434,
      "BEFORE_LON": 34.595673,
      "AFTER_LAT": 32.052425,
      "AFTER_LON": 34.602028,
      "SOG": 0.5,
      "MOVINGTIME": 1620.0,
      "ARRIVALTIME": "20251129150200"
    },
    {
      "SEQ": 1,
      "BEFORE_NODE": 1.0,
      "AFTER_NODE": 2.0,
      "BEFORE_LAT": 32.052425,
      "BEFORE_LON": 34.602028,
      "AFTER_LAT": 32.053253,
      "AFTER_LON": 34.605175,
      "SOG": 0.4,
      "MOVINGTIME": 1860.0,
      "ARRIVALTIME": "20251129153300"
    },
    {
      "SEQ": 2,
      "BEFORE_NODE": 2.0,
      "AFTER_NODE": 3.0,
      "BEFORE_LAT": 32.053253,
      "BEFORE_LON": 34.605175,
      "AFTER_LAT": 32.044071,
      "AFTER_LON": 34.612808,
      "SOG": 7.5,
      "MOVINGTIME": 1920.0,
      "ARRIVALTIME": "20251129160500"
    },
    {
      "SEQ": 3,
      "BEFORE_NODE": 3.0,
      "AFTER_NODE": 4.0,
      "BEFORE_LAT": 32.044071,
      "BEFORE_LON": 34.612808,
      "AFTER_LAT": 31.965727,
      "AFTER_LON": 34.549507,
      "SOG": 11.3,
      "MOVINGTIME": 1860.0,
      "ARRIVALTIME": "20251129163600"
    },
    {
      "SEQ": 4,
      "BEFORE_NODE": 4.0,
      "AFTER_NODE": 5.0,
      "BEFORE_LAT": 31.965727,
      "BEFORE_LON": 34.549507,
      "AFTER_LAT": 31.882254,
      "AFTER_LON": 34.482452,
      "SOG": 10.5,
      "MOVINGTIME": 1680.0,
      "ARRIVALTIME": "20251129170400"
    },
    {
      "SEQ": 5,
      "BEFORE_NODE": 5.0,
      "AFTER_NODE": 6.0,
      "BEFORE_LAT": 31.882254,
      "BEFORE_LON": 34.482452,
      "AFTER_LAT": 31.874041666666667,
      "AFTER_LON": 34.553335,
      "SOG": 6.6,
      "MOVINGTIME": 2034.0,
      "ARRIVALTIME": "20251129173754"
    },
    {
      "SEQ": 6,
      "BEFORE_NODE": 6.0,
      "AFTER_NODE": 7.0,
      "BEFORE_LAT": 31.874041666666667,
      "BEFORE_LON": 34.553335,
      "AFTER_LAT": 31.867171666666668,
      "AFTER_LON": 34.61501333333333,
      "SOG": 5.1,
      "MOVINGTIME": 1999.0,
      "ARRIVALTIME": "20251129181113"
    },
    {
      "SEQ": 7,
      "BEFORE_NODE": 7.0,
      "AFTER_NODE": 8.0,
      "BEFORE_LAT": 31.867171666666668,
      "BEFORE_LON": 34.61501333333333,
      "AFTER_LAT": 31.855457,
      "AFTER_LON": 34.632088,
      "SOG": 1.6,
      "MOVINGTIME": 1547.0,
      "ARRIVALTIME": "20251129183700"
    },
    {
      "SEQ": 8,
      "BEFORE_NODE": 8.0,
      "AFTER_NODE": 9.0,
      "BEFORE_LAT": 31.855457,
      "BEFORE_LON": 34.632088,
      "AFTER_LAT": 31.834164,
      "AFTER_LON": 34.640205,
      "SOG": 1.2,
      "MOVINGTIME": 1740.0,
      "ARRIVALTIME": "20251129190600"
    },
    {
      "SEQ": 9,
      "BEFORE_NODE": 9.0,
      "AFTER_NODE": 10.0,
      "BEFORE_LAT": 31.834164,
      "BEFORE_LON": 34.640205,
      "AFTER_LAT": 31.832666,
      "AFTER_LON": 34.645199,
      "SOG": 1.1,
      "MOVINGTIME": 1740.0,
      "ARRIVALTIME": "20251129193500"
    },
    {
      "SEQ": 10,
      "BEFORE_NODE": 10.0,
      "AFTER_NODE": 11.0,
      "BEFORE_LAT": 31.832666,
      "BEFORE_LON": 34.645199,
      "AFTER_LAT": 31.832172,
      "AFTER_LON": 34.646729,
      "SOG": 0,
      "MOVINGTIME": 1860.0,
      "ARRIVALTIME": "20251129200600"
    },
    {
      "SEQ": 11,
      "BEFORE_NODE": 11.0,
      "AFTER_NODE": 12.0,
      "BEFORE_LAT": 31.832172,
      "BEFORE_LON": 34.646729,
      "AFTER_LAT": 31.832041666666665,
      "AFTER_LON": 34.646771666666666,
      "SOG": 0,
      "MOVINGTIME": 1901.0,
      "ARRIVALTIME": "20251129203741"
    },
    {
      "SEQ": 12,
      "BEFORE_NODE": 12.0,
      "AFTER_NODE": 13.0,
      "BEFORE_LAT": 31.832041666666665,
      "BEFORE_LON": 34.646771666666666,
      "AFTER_LAT": 31.832186,
      "AFTER_LON": 34.646755,
      "SOG": 0,
      "MOVINGTIME": 1639.0,
      "ARRIVALTIME": "20251129210500"
    },
    {
      "SEQ": 13,
      "BEFORE_NODE": 13.0,
      "AFTER_NODE": 14.0,
      "BEFORE_LAT": 31.832186,
      "BEFORE_LON": 34.646755,
      "AFTER_LAT": 31.83226,
      "AFTER_LON": 34.646561,
      "SOG": 0.1,
      "MOVINGTIME": 1740.0,
      "ARRIVALTIME": "20251129213400"
    },
    {
      "SEQ": 14,
      "BEFORE_NODE": 14.0,
      "AFTER_NODE": 15.0,
      "BEFORE_LAT": 31.83226,
      "BEFORE_LON": 34.646561,
      "AFTER_LAT": 31.8323,
      "AFTER_LON": 34.646954,
      "SOG": 0,
      "MOVINGTIME": 1800.0,
      "ARRIVALTIME": "20251129220400"
    },
    {
      "SEQ": 15,
      "BEFORE_NODE": 15.0,
      "AFTER_NODE": 16.0,
      "BEFORE_LAT": 31.8323,
      "BEFORE_LON": 34.646954,
      "AFTER_LAT": 31.832176,
      "AFTER_LON": 34.646679,
      "SOG": 0,
      "MOVINGTIME": 1800.0,
      "ARRIVALTIME": "20251129223400"
    },
    {
      "SEQ": 16,
      "BEFORE_NODE": 16.0,
      "AFTER_NODE": 17.0,
      "BEFORE_LAT": 31.832176,
      "BEFORE_LON": 34.646679,
      "AFTER_LAT": 31.83202,
      "AFTER_LON": 34.646675,
      "SOG": 0,
      "MOVINGTIME": 1800.0,
      "ARRIVALTIME": "20251129230400"
    },
    {
      "SEQ": 17,
      "BEFORE_NODE": 17.0,
      "AFTER_NODE": 18.0,
      "BEFORE_LAT": 31.83202,
      "BEFORE_LON": 34.646675,
      "AFTER_LAT": 31.832117,
      "AFTER_LON": 34.646729,
      "SOG": 0,
      "MOVINGTIME": 2220.0,
      "ARRIVALTIME": "20251129234100"
    },
    {
      "SEQ": 18,
      "BEFORE_NODE": 18.0,
      "AFTER_NODE": 19.0,
      "BEFORE_LAT": 31.832117,
      "BEFORE_LON": 34.646729,
      "AFTER_LAT": 31.832207,
      "AFTER_LON": 34.646694,
      "SOG": 0,
      "MOVINGTIME": 1680.0,
      "ARRIVALTIME": "20251130000900"
    },
    {
      "SEQ": 19,
      "BEFORE_NODE": 19.0,
      "AFTER_NODE": 20.0,
      "BEFORE_LAT": 31.832207,
      "BEFORE_LON": 34.646694,
      "AFTER_LAT": 31.832064,
      "AFTER_LON": 34.646702,
      "SOG": 0,
      "MOVINGTIME": 1980.0,
      "ARRIVALTIME": "20251130004200"
    },
    {
      "SEQ": 20,
      "BEFORE_NODE": 20.0,
      "AFTER_NODE": 21.0,
      "BEFORE_LAT": 31.832064,
      "BEFORE_LON": 34.646702,
      "AFTER_LAT": 31.832186,
      "AFTER_LON": 34.646446,
      "SOG": 0,
      "MOVINGTIME": 1740.0,
      "ARRIVALTIME": "20251130011100"
    },
    {
      "SEQ": 21,
      "BEFORE_NODE": 21.0,
      "AFTER_NODE": 22.0,
      "BEFORE_LAT": 31.832186,
      "BEFORE_LON": 34.646446,
      "AFTER_LAT": 31.832264,
      "AFTER_LON": 34.646866,
      "SOG": 0.1,
      "MOVINGTIME": 1860.0,
      "ARRIVALTIME": "20251130014200"
    },
    {
      "SEQ": 22,
      "BEFORE_NODE": 22.0,
      "AFTER_NODE": 23.0,
      "BEFORE_LAT": 31.832264,
      "BEFORE_LON": 34.646866,
      "AFTER_LAT": 31.832041,
      "AFTER_LON": 34.646214,
      "SOG": 0,
      "MOVINGTIME": 1680.0,
      "ARRIVALTIME": "20251130021000"
    },
    {
      "SEQ": 23,
      "BEFORE_NODE": 23.0,
      "AFTER_NODE": 24.0,
      "BEFORE_LAT": 31.832041,
      "BEFORE_LON": 34.646214,
      "AFTER_LAT": 31.832193,
      "AFTER_LON": 34.646793,
      "SOG": 0,
      "MOVINGTIME": 1740.0,
      "ARRIVALTIME": "20251130023900"
    },
    {
      "SEQ": 24,
      "BEFORE_NODE": 24.0,
      "AFTER_NODE": 25.0,
      "BEFORE_LAT": 31.832193,
      "BEFORE_LON": 34.646793,
      "AFTER_LAT": 31.832153,
      "AFTER_LON": 34.646713,
      "SOG": 0.1,
      "MOVINGTIME": 1800.0,
      "ARRIVALTIME": "20251130030900"
    },
    {
      "SEQ": 25,
      "BEFORE_NODE": 25.0,
      "AFTER_NODE": 26.0,
      "BEFORE_LAT": 31.832153,
      "BEFORE_LON": 34.646713,
      "AFTER_LAT": 31.832161,
      "AFTER_LON": 34.646587,
      "SOG": 0.1,
      "MOVINGTIME": 1740.0,
      "ARRIVALTIME": "20251130033800"
    },
    {
      "SEQ": 26,
      "BEFORE_NODE": 26.0,
      "AFTER_NODE": 27.0,
      "BEFORE_LAT": 31.832161,
      "BEFORE_LON": 34.646587,
      "AFTER_LAT": 31.832211,
      "AFTER_LON": 34.646526,
      "SOG": 0,
      "MOVINGTIME": 1560.0,
      "ARRIVALTIME": "20251130040400"
    },
    {
      "SEQ": 27,
      "BEFORE_NODE": 27.0,
      "AFTER_NODE": 28.0,
      "BEFORE_LAT": 31.832211,
      "BEFORE_LON": 34.646526,
      "AFTER_LAT": 31.831993,
      "AFTER_LON": 34.646832,
      "SOG": 0,
      "MOVINGTIME": 1860.0,
      "ARRIVALTIME": "20251130043500"
    },
    {
      "SEQ": 28,
      "BEFORE_NODE": 28.0,
      "AFTER_NODE": 29.0,
      "BEFORE_LAT": 31.831993,
      "BEFORE_LON": 34.646832,
      "AFTER_LAT": 31.832176,
      "AFTER_LON": 34.646744,
      "SOG": 0,
      "MOVINGTIME": 1740.0,
      "ARRIVALTIME": "20251130050400"
    },
    {
      "SEQ": 29,
      "BEFORE_NODE": 29.0,
      "AFTER_NODE": 30.0,
      "BEFORE_LAT": 31.832176,
      "BEFORE_LON": 34.646744,
      "AFTER_LAT": 31.832253,
      "AFTER_LON": 34.646805,
      "SOG": 0,
      "MOVINGTIME": 1740.0,
      "ARRIVALTIME": "20251130053300"
    },
    {
      "SEQ": 30,
      "BEFORE_NODE": 30.0,
      "AFTER_NODE": 31.0,
      "BEFORE_LAT": 31.832253,
      "BEFORE_LON": 34.646805,
      "AFTER_LAT": 31.832224,
      "AFTER_LON": 34.64674,
      "SOG": 0,
      "MOVINGTIME": 1920.0,
      "ARRIVALTIME": "20251130060500"
    },
    {
      "SEQ": 31,
      "BEFORE_NODE": 31.0,
      "AFTER_NODE": 32.0,
      "BEFORE_LAT": 31.832224,
      "BEFORE_LON": 34.64674,
      "AFTER_LAT": 31.831966,
      "AFTER_LON": 34.6465,
      "SOG": 0.1,
      "MOVINGTIME": 1740.0,
      "ARRIVALTIME": "20251130063400"
    },
    {
      "SEQ": 32,
      "BEFORE_NODE": 32.0,
      "AFTER_NODE": 33.0,
      "BEFORE_LAT": 31.831966,
      "BEFORE_LON": 34.6465,
      "AFTER_LAT": 31.832226,
      "AFTER_LON": 34.6469,
      "SOG": 0,
      "MOVINGTIME": 1500.0,
      "ARRIVALTIME": "20251130065900"
    },
    {
      "SEQ": 33,
      "BEFORE_NODE": 33.0,
      "AFTER_NODE": 34.0,
      "BEFORE_LAT": 31.832226,
      "BEFORE_LON": 34.6469,
      "AFTER_LAT": 31.832193,
      "AFTER_LON": 34.646748,
      "SOG": 0,
      "MOVINGTIME": 2220.0,
      "ARRIVALTIME": "20251130073600"
    },
    {
      "SEQ": 34,
      "BEFORE_NODE": 34.0,
      "AFTER_NODE": 35.0,
      "BEFORE_LAT": 31.832193,
      "BEFORE_LON": 34.646748,
      "AFTER_LAT": 31.832109,
      "AFTER_LON": 34.646252,
      "SOG": 0,
      "MOVINGTIME": 1620.0,
      "ARRIVALTIME": "20251130080300"
    },
    {
      "SEQ": 35,
      "BEFORE_NODE": 35.0,
      "AFTER_NODE": 36.0,
      "BEFORE_LAT": 31.832109,
      "BEFORE_LON": 34.646252,
      "AFTER_LAT": 31.832247,
      "AFTER_LON": 34.646656,
      "SOG": 0,
      "MOVINGTIME": 1680.0,
      "ARRIVALTIME": "20251130083100"
    },
    {
      "SEQ": 36,
      "BEFORE_NODE": 36.0,
      "AFTER_NODE": 37.0,
      "BEFORE_LAT": 31.832247,
      "BEFORE_LON": 34.646656,
      "AFTER_LAT": 31.831926,
      "AFTER_LON": 34.646454,
      "SOG": 0.1,
      "MOVINGTIME": 1920.0,
      "ARRIVALTIME": "20251130090300"
    },
    {
      "SEQ": 37,
      "BEFORE_NODE": 37.0,
      "AFTER_NODE": 38.0,
      "BEFORE_LAT": 31.831926,
      "BEFORE_LON": 34.646454,
      "AFTER_LAT": 31.832121,
      "AFTER_LON": 34.64674,
      "SOG": 0,
      "MOVINGTIME": 1440.0,
      "ARRIVALTIME": "20251130092700"
    },
    {
      "SEQ": 38,
      "BEFORE_NODE": 38.0,
      "AFTER_NODE": 39.0,
      "BEFORE_LAT": 31.832121,
      "BEFORE_LON": 34.64674,
      "AFTER_LAT": 31.832193,
      "AFTER_LON": 34.646858,
      "SOG": 0.1,
      "MOVINGTIME": 2160.0,
      "ARRIVALTIME": "20251130100300"
    },
    {
      "SEQ": 39,
      "BEFORE_NODE": 39.0,
      "AFTER_NODE": 40.0,
      "BEFORE_LAT": 31.832193,
      "BEFORE_LON": 34.646858,
      "AFTER_LAT": 31.832167,
      "AFTER_LON": 34.646786,
      "SOG": 0.1,
      "MOVINGTIME": 1800.0,
      "ARRIVALTIME": "20251130103300"
    },
    {
      "SEQ": 40,
      "BEFORE_NODE": 40.0,
      "AFTER_NODE": 41.0,
      "BEFORE_LAT": 31.832167,
      "BEFORE_LON": 34.646786,
      "AFTER_LAT": 31.832186,
      "AFTER_LON": 34.646721,
      "SOG": 0.1,
      "MOVINGTIME": 1920.0,
      "ARRIVALTIME": "20251130110500"
    },
    {
      "SEQ": 41,
      "BEFORE_NODE": 41.0,
      "AFTER_NODE": 42.0,
      "BEFORE_LAT": 31.832186,
      "BEFORE_LON": 34.646721,
      "AFTER_LAT": 31.83214,
      "AFTER_LON": 34.646778,
      "SOG": 0.1,
      "MOVINGTIME": 1740.0,
      "ARRIVALTIME": "20251130113400"
    },
    {
      "SEQ": 42,
      "BEFORE_NODE": 42.0,
      "AFTER_NODE": 43.0,
      "BEFORE_LAT": 31.83214,
      "BEFORE_LON": 34.646778,
      "AFTER_LAT": 31.832319,
      "AFTER_LON": 34.646572,
      "SOG": 0,
      "MOVINGTIME": 1740.0,
      "ARRIVALTIME": "20251130120300"
    },
    {
      "SEQ": 43,
      "BEFORE_NODE": 43.0,
      "AFTER_NODE": 44.0,
      "BEFORE_LAT": 31.832319,
      "BEFORE_LON": 34.646572,
      "AFTER_LAT": 31.832148,
      "AFTER_LON": 34.646675,
      "SOG": 0,
      "MOVINGTIME": 1920.0,
      "ARRIVALTIME": "20251130123500"
    },
    {
      "SEQ": 44,
      "BEFORE_NODE": 44.0,
      "AFTER_NODE": 45.0,
      "BEFORE_LAT": 31.832148,
      "BEFORE_LON": 34.646675,
      "AFTER_LAT": 31.832148,
      "AFTER_LON": 34.646767,
      "SOG": 0,
      "MOVINGTIME": 1620.0,
      "ARRIVALTIME": "20251130130200"
    },
    {
      "SEQ": 45,
      "BEFORE_NODE": 45.0,
      "AFTER_NODE": 46.0,
      "BEFORE_LAT": 31.832148,
      "BEFORE_LON": 34.646767,
      "AFTER_LAT": 31.832226,
      "AFTER_LON": 34.646702,
      "SOG": 0,
      "MOVINGTIME": 1980.0,
      "ARRIVALTIME": "20251130133500"
    },
    {
      "SEQ": 46,
      "BEFORE_NODE": 46.0,
      "AFTER_NODE": 47.0,
      "BEFORE_LAT": 31.832226,
      "BEFORE_LON": 34.646702,
      "AFTER_LAT": 31.832319,
      "AFTER_LON": 34.646816,
      "SOG": 0,
      "MOVINGTIME": 1680.0,
      "ARRIVALTIME": "20251130140300"
    },
    {
      "SEQ": 47,
      "BEFORE_NODE": 47.0,
      "AFTER_NODE": 48.0,
      "BEFORE_LAT": 31.832319,
      "BEFORE_LON": 34.646816,
      "AFTER_LAT": 31.832216,
      "AFTER_LON": 34.647018,
      "SOG": 0.1,
      "MOVINGTIME": 1800.0,
      "ARRIVALTIME": "20251130143300"
    },
    {
      "SEQ": 48,
      "BEFORE_NODE": 48.0,
      "AFTER_NODE": 49.0,
      "BEFORE_LAT": 31.832216,
      "BEFORE_LON": 34.647018,
      "AFTER_LAT": 31.832172,
      "AFTER_LON": 34.646729,
      "SOG": 0,
      "MOVINGTIME": 1860.0,
      "ARRIVALTIME": "20251130150400"
    },
    {
      "SEQ": 49,
      "BEFORE_NODE": 49.0,
      "AFTER_NODE": 50.0,
      "BEFORE_LAT": 31.832172,
      "BEFORE_LON": 34.646729,
      "AFTER_LAT": 31.832239,
      "AFTER_LON": 34.64666,
      "SOG": 0,
      "MOVINGTIME": 1740.0,
      "ARRIVALTIME": "20251130153300"
    },
    {
      "SEQ": 50,
      "BEFORE_NODE": 50.0,
      "AFTER_NODE": 51.0,
      "BEFORE_LAT": 31.832239,
      "BEFORE_LON": 34.64666,
      "AFTER_LAT": 31.832113,
      "AFTER_LON": 34.646786,
      "SOG": 0,
      "MOVINGTIME": 1800.0,
      "ARRIVALTIME": "20251130160300"
    },
    {
      "SEQ": 51,
      "BEFORE_NODE": 51.0,
      "AFTER_NODE": 52.0,
      "BEFORE_LAT": 31.832113,
      "BEFORE_LON": 34.646786,
      "AFTER_LAT": 31.832172,
      "AFTER_LON": 34.646709,
      "SOG": 0.1,
      "MOVINGTIME": 1860.0,
      "ARRIVALTIME": "20251130163400"
    },
    {
      "SEQ": 52,
      "BEFORE_NODE": 52.0,
      "AFTER_NODE": 53.0,
      "BEFORE_LAT": 31.832172,
      "BEFORE_LON": 34.646709,
      "AFTER_LAT": 31.832212,
      "AFTER_LON": 34.646774,
      "SOG": 0,
      "MOVINGTIME": 1860.0,
      "ARRIVALTIME": "20251130170500"
    },
    {
      "SEQ": 53,
      "BEFORE_NODE": 53.0,
      "AFTER_NODE": 54.0,
      "BEFORE_LAT": 31.832212,
      "BEFORE_LON": 34.646774,
      "AFTER_LAT": 31.83214,
      "AFTER_LON": 34.646755,
      "SOG": 0,
      "MOVINGTIME": 1800.0,
      "ARRIVALTIME": "20251130173500"
    },
    {
      "SEQ": 54,
      "BEFORE_NODE": 54.0,
      "AFTER_NODE": 55.0,
      "BEFORE_LAT": 31.83214,
      "BEFORE_LON": 34.646755,
      "AFTER_LAT": 31.832172,
      "AFTER_LON": 34.646759,
      "SOG": 0,
      "MOVINGTIME": 1680.0,
      "ARRIVALTIME": "20251130180300"
    },
    {
      "SEQ": 55,
      "BEFORE_NODE": 55.0,
      "AFTER_NODE": 56.0,
      "BEFORE_LAT": 31.832172,
      "BEFORE_LON": 34.646759,
      "AFTER_LAT": 31.83217,
      "AFTER_LON": 34.646706,
      "SOG": 0,
      "MOVINGTIME": 2160.0,
      "ARRIVALTIME": "20251130183900"
    },
    {
      "SEQ": 56,
      "BEFORE_NODE": 56.0,
      "AFTER_NODE": 57.0,
      "BEFORE_LAT": 31.83217,
      "BEFORE_LON": 34.646706,
      "AFTER_LAT": 31.832176,
      "AFTER_LON": 34.646751,
      "SOG": 0,
      "MOVINGTIME": 1800.0,
      "ARRIVALTIME": "20251130190900"
    },
    {
      "SEQ": 57,
      "BEFORE_NODE": 57.0,
      "AFTER_NODE": 58.0,
      "BEFORE_LAT": 31.832176,
      "BEFORE_LON": 34.646751,
      "AFTER_LAT": 31.832176,
      "AFTER_LON": 34.646721,
      "SOG": 0,
      "MOVINGTIME": 1860.0,
      "ARRIVALTIME": "20251130194000"
    },
    {
      "SEQ": 58,
      "BEFORE_NODE": 58.0,
      "AFTER_NODE": 59.0,
      "BEFORE_LAT": 31.832176,
      "BEFORE_LON": 34.646721,
      "AFTER_LAT": 31.832167,
      "AFTER_LON": 34.646732,
      "SOG": 0,
      "MOVINGTIME": 1800.0,
      "ARRIVALTIME": "20251130201000"
    },
    {
      "SEQ": 59,
      "BEFORE_NODE": 59.0,
      "AFTER_NODE": 60.0,
      "BEFORE_LAT": 31.832167,
      "BEFORE_LON": 34.646732,
      "AFTER_LAT": 31.832193,
      "AFTER_LON": 34.646706,
      "SOG": 0.1,
      "MOVINGTIME": 1680.0,
      "ARRIVALTIME": "20251130203800"
    },
    {
      "SEQ": 60,
      "BEFORE_NODE": 60.0,
      "AFTER_NODE": 61.0,
      "BEFORE_LAT": 31.832193,
      "BEFORE_LON": 34.646706,
      "AFTER_LAT": 31.832264,
      "AFTER_LON": 34.646729,
      "SOG": 0,
      "MOVINGTIME": 1860.0,
      "ARRIVALTIME": "20251130210900"
    },
    {
      "SEQ": 61,
      "BEFORE_NODE": 61.0,
      "AFTER_NODE": 62.0,
      "BEFORE_LAT": 31.832264,
      "BEFORE_LON": 34.646729,
      "AFTER_LAT": 31.832161,
      "AFTER_LON": 34.646732,
      "SOG": 0,
      "MOVINGTIME": 1800.0,
      "ARRIVALTIME": "20251130213900"
    },
    {
      "SEQ": 62,
      "BEFORE_NODE": 62.0,
      "AFTER_NODE": 63.0,
      "BEFORE_LAT": 31.832161,
      "BEFORE_LON": 34.646732,
      "AFTER_LAT": 31.832203,
      "AFTER_LON": 34.646729,
      "SOG": 0.1,
      "MOVINGTIME": 1560.0,
      "ARRIVALTIME": "20251130220500"
    },
    {
      "SEQ": 63,
      "BEFORE_NODE": 63.0,
      "AFTER_NODE": 64.0,
      "BEFORE_LAT": 31.832203,
      "BEFORE_LON": 34.646729,
      "AFTER_LAT": 31.832193,
      "AFTER_LON": 34.646675,
      "SOG": 0,
      "MOVINGTIME": 1980.0,
      "ARRIVALTIME": "20251130223800"
    },
    {
      "SEQ": 64,
      "BEFORE_NODE": 64.0,
      "AFTER_NODE": 65.0,
      "BEFORE_LAT": 31.832193,
      "BEFORE_LON": 34.646675,
      "AFTER_LAT": 31.83218,
      "AFTER_LON": 34.646709,
      "SOG": 0,
      "MOVINGTIME": 1980.0,
      "ARRIVALTIME": "20251130231100"
    },
    {
      "SEQ": 65,
      "BEFORE_NODE": 65.0,
      "AFTER_NODE": 66.0,
      "BEFORE_LAT": 31.83218,
      "BEFORE_LON": 34.646709,
      "AFTER_LAT": 31.83222,
      "AFTER_LON": 34.646721,
      "SOG": 0,
      "MOVINGTIME": 3840.0,
      "ARRIVALTIME": "20251201001500"
    },
    {
      "SEQ": 66,
      "BEFORE_NODE": 66.0,
      "AFTER_NODE": 67.0,
      "BEFORE_LAT": 31.83222,
      "BEFORE_LON": 34.646721,
      "AFTER_LAT": 31.832193,
      "AFTER_LON": 34.646721,
      "SOG": 0,
      "MOVINGTIME": 1380.0,
      "ARRIVALTIME": "20251201003800"
    },
    {
      "SEQ": 67,
      "BEFORE_NODE": 67.0,
      "AFTER_NODE": 68.0,
      "BEFORE_LAT": 31.832193,
      "BEFORE_LON": 34.646721,
      "AFTER_LAT": 31.832203,
      "AFTER_LON": 34.64674,
      "SOG": 0,
      "MOVINGTIME": 2040.0,
      "ARRIVALTIME": "20251201011200"
    },
    {
      "SEQ": 68,
      "BEFORE_NODE": 68.0,
      "AFTER_NODE": 69.0,
      "BEFORE_LAT": 31.832203,
      "BEFORE_LON": 34.64674,
      "AFTER_LAT": 31.832212,
      "AFTER_LON": 34.646885,
      "SOG": 0,
      "MOVINGTIME": 1920.0,
      "ARRIVALTIME": "20251201014400"
    },
    {
      "SEQ": 69,
      "BEFORE_NODE": 69.0,
      "AFTER_NODE": 70.0,
      "BEFORE_LAT": 31.832212,
      "BEFORE_LON": 34.646885,
      "AFTER_LAT": 31.832073,
      "AFTER_LON": 34.646454,
      "SOG": 0,
      "MOVINGTIME": 1860.0,
      "ARRIVALTIME": "20251201021500"
    },
    {
      "SEQ": 70,
      "BEFORE_NODE": 70.0,
      "AFTER_NODE": 71.0,
      "BEFORE_LAT": 31.832073,
      "BEFORE_LON": 34.646454,
      "AFTER_LAT": 31.832186,
      "AFTER_LON": 34.646744,
      "SOG": 0.1,
      "MOVINGTIME": 1500.0,
      "ARRIVALTIME": "20251201024000"
    },
    {
      "SEQ": 71,
      "BEFORE_NODE": 71.0,
      "AFTER_NODE": 72.0,
      "BEFORE_LAT": 31.832186,
      "BEFORE_LON": 34.646744,
      "AFTER_LAT": 31.83217,
      "AFTER_LON": 34.646751,
      "SOG": 0.1,
      "MOVINGTIME": 1560.0,
      "ARRIVALTIME": "20251201030600"
    },
    {
      "SEQ": 72,
      "BEFORE_NODE": 72.0,
      "AFTER_NODE": 73.0,
      "BEFORE_LAT": 31.83217,
      "BEFORE_LON": 34.646751,
      "AFTER_LAT": 31.832186,
      "AFTER_LON": 34.646748,
      "SOG": 0,
      "MOVINGTIME": 1920.0,
      "ARRIVALTIME": "20251201033800"
    },
    {
      "SEQ": 73,
      "BEFORE_NODE": 73.0,
      "AFTER_NODE": 74.0,
      "BEFORE_LAT": 31.832186,
      "BEFORE_LON": 34.646748,
      "AFTER_LAT": 31.83217,
      "AFTER_LON": 34.646755,
      "SOG": 0,
      "MOVINGTIME": 1680.0,
      "ARRIVALTIME": "20251201040600"
    },
    {
      "SEQ": 74,
      "BEFORE_NODE": 74.0,
      "AFTER_NODE": 75.0,
      "BEFORE_LAT": 31.83217,
      "BEFORE_LON": 34.646755,
      "AFTER_LAT": 31.832127,
      "AFTER_LON": 34.646702,
      "SOG": 0.1,
      "MOVINGTIME": 1740.0,
      "ARRIVALTIME": "20251201043500"
    },
    {
      "SEQ": 75,
      "BEFORE_NODE": 75.0,
      "AFTER_NODE": 76.0,
      "BEFORE_LAT": 31.832127,
      "BEFORE_LON": 34.646702,
      "AFTER_LAT": 31.832167,
      "AFTER_LON": 34.646759,
      "SOG": 0.1,
      "MOVINGTIME": 1920.0,
      "ARRIVALTIME": "20251201050700"
    },
    {
      "SEQ": 76,
      "BEFORE_NODE": 76.0,
      "AFTER_NODE": 77.0,
      "BEFORE_LAT": 31.832167,
      "BEFORE_LON": 34.646759,
      "AFTER_LAT": 31.832172,
      "AFTER_LON": 34.64674,
      "SOG": 0,
      "MOVINGTIME": 1800.0,
      "ARRIVALTIME": "20251201053700"
    },
    {
      "SEQ": 77,
      "BEFORE_NODE": 77.0,
      "AFTER_NODE": 78.0,
      "BEFORE_LAT": 31.832172,
      "BEFORE_LON": 34.64674,
      "AFTER_LAT": 31.832153,
      "AFTER_LON": 34.646744,
      "SOG": 0,
      "MOVINGTIME": 1380.0,
      "ARRIVALTIME": "20251201060000"
    },
    {
      "SEQ": 78,
      "BEFORE_NODE": 78.0,
      "AFTER_NODE": 79.0,
      "BEFORE_LAT": 31.832153,
      "BEFORE_LON": 34.646744,
      "AFTER_LAT": 31.832157,
      "AFTER_LON": 34.646732,
      "SOG": 0,
      "MOVINGTIME": 1560.0,
      "ARRIVALTIME": "20251201062600"
    },
    {
      "SEQ": 79,
      "BEFORE_NODE": 79.0,
      "AFTER_NODE": 80.0,
      "BEFORE_LAT": 31.832157,
      "BEFORE_LON": 34.646732,
      "AFTER_LAT": 31.832226,
      "AFTER_LON": 34.646729,
      "SOG": 0,
      "MOVINGTIME": 1920.0,
      "ARRIVALTIME": "20251201065800"
    },
    {
      "SEQ": 80,
      "BEFORE_NODE": 80.0,
      "AFTER_NODE": 81.0,
      "BEFORE_LAT": 31.832226,
      "BEFORE_LON": 34.646729,
      "AFTER_LAT": 31.832197,
      "AFTER_LON": 34.646778,
      "SOG": 0,
      "MOVINGTIME": 2220.0,
      "ARRIVALTIME": "20251201073500"
    },
    {
      "SEQ": 81,
      "BEFORE_NODE": 81.0,
      "AFTER_NODE": 82.0,
      "BEFORE_LAT": 31.832197,
      "BEFORE_LON": 34.646778,
      "AFTER_LAT": 31.83218,
      "AFTER_LON": 34.646759,
      "SOG": 0.1,
      "MOVINGTIME": 1740.0,
      "ARRIVALTIME": "20251201080400"
    },
    {
      "SEQ": 82,
      "BEFORE_NODE": 82.0,
      "AFTER_NODE": 83.0,
      "BEFORE_LAT": 31.83218,
      "BEFORE_LON": 34.646759,
      "AFTER_LAT": 31.832167,
      "AFTER_LON": 34.646755,
      "SOG": 0.1,
      "MOVINGTIME": 1800.0,
      "ARRIVALTIME": "20251201083400"
    },
    {
      "SEQ": 83,
      "BEFORE_NODE": 83.0,
      "AFTER_NODE": 84.0,
      "BEFORE_LAT": 31.832167,
      "BEFORE_LON": 34.646755,
      "AFTER_LAT": 31.83215,
      "AFTER_LON": 34.646755,
      "SOG": 0.1,
      "MOVINGTIME": 1800.0,
      "ARRIVALTIME": "20251201090400"
    },
    {
      "SEQ": 84,
      "BEFORE_NODE": 84.0,
      "AFTER_NODE": 85.0,
      "BEFORE_LAT": 31.83215,
      "BEFORE_LON": 34.646755,
      "AFTER_LAT": 31.832108,
      "AFTER_LON": 34.646832,
      "SOG": 0.1,
      "MOVINGTIME": 1920.0,
      "ARRIVALTIME": "20251201093600"
    },
    {
      "SEQ": 85,
      "BEFORE_NODE": 85.0,
      "AFTER_NODE": 86.0,
      "BEFORE_LAT": 31.832108,
      "BEFORE_LON": 34.646832,
      "AFTER_LAT": 31.832172,
      "AFTER_LON": 34.646755,
      "SOG": 0,
      "MOVINGTIME": 1680.0,
      "ARRIVALTIME": "20251201100400"
    },
    {
      "SEQ": 86,
      "BEFORE_NODE": 86.0,
      "AFTER_NODE": 87.0,
      "BEFORE_LAT": 31.832172,
      "BEFORE_LON": 34.646755,
      "AFTER_LAT": 31.832148,
      "AFTER_LON": 34.64674,
      "SOG": 0,
      "MOVINGTIME": 1500.0,
      "ARRIVALTIME": "20251201102900"
    },
    {
      "SEQ": 87,
      "BEFORE_NODE": 87.0,
      "AFTER_NODE": 88.0,
      "BEFORE_LAT": 31.832148,
      "BEFORE_LON": 34.64674,
      "AFTER_LAT": 31.832172,
      "AFTER_LON": 34.646782,
      "SOG": 0,
      "MOVINGTIME": 1680.0,
      "ARRIVALTIME": "20251201105700"
    },
    {
      "SEQ": 88,
      "BEFORE_NODE": 88.0,
      "AFTER_NODE": 89.0,
      "BEFORE_LAT": 31.832172,
      "BEFORE_LON": 34.646782,
      "AFTER_LAT": 31.832172,
      "AFTER_LON": 34.646751,
      "SOG": 0.1,
      "MOVINGTIME": 2220.0,
      "ARRIVALTIME": "20251201113400"
    },
    {
      "SEQ": 89,
      "BEFORE_NODE": 89.0,
      "AFTER_NODE": 90.0,
      "BEFORE_LAT": 31.832172,
      "BEFORE_LON": 34.646751,
      "AFTER_LAT": 31.832186,
      "AFTER_LON": 34.646748,
      "SOG": 0,
      "MOVINGTIME": 1800.0,
      "ARRIVALTIME": "20251201120400"
    },
    {
      "SEQ": 90,
      "BEFORE_NODE": 90.0,
      "AFTER_NODE": 91.0,
      "BEFORE_LAT": 31.832186,
      "BEFORE_LON": 34.646748,
      "AFTER_LAT": 31.872669,
      "AFTER_LON": 34.631252,
      "SOG": 13.3,
      "MOVINGTIME": 1860.0,
      "ARRIVALTIME": "20251201123500"
    },
    {
      "SEQ": 91,
      "BEFORE_NODE": 91.0,
      "AFTER_NODE": 92.0,
      "BEFORE_LAT": 31.872669,
      "BEFORE_LON": 34.631252,
      "AFTER_LAT": 31.90353,
      "AFTER_LON": 34.515034,
      "SOG": 14.5,
      "MOVINGTIME": 1560.0,
      "ARRIVALTIME": "20251201130100"
    },
    {
      "SEQ": 92,
      "BEFORE_NODE": 92.0,
      "AFTER_NODE": 93.0,
      "BEFORE_LAT": 31.90353,
      "BEFORE_LON": 34.515034,
      "AFTER_LAT": 31.942654,
      "AFTER_LON": 34.410461,
      "SOG": 9.8,
      "MOVINGTIME": 2040.0,
      "ARRIVALTIME": "20251201133500"
    },
    {
      "SEQ": 93,
      "BEFORE_NODE": 93.0,
      "AFTER_NODE": 94.0,
      "BEFORE_LAT": 31.942654,
      "BEFORE_LON": 34.410461,
      "AFTER_LAT": 32.0121,
      "AFTER_LON": 34.24202,
      "SOG": 13.3,
      "MOVINGTIME": 1920.0,
      "ARRIVALTIME": "20251201140700"
    },
    {
      "SEQ": 94,
      "BEFORE_NODE": 94.0,
      "AFTER_NODE": 95.0,
      "BEFORE_LAT": 32.0121,
      "BEFORE_LON": 34.24202,
      "AFTER_LAT": 32.043526,
      "AFTER_LON": 34.161186,
      "SOG": 13.3,
      "MOVINGTIME": 1680.0,
      "ARRIVALTIME": "20251201143500"
    },
    {
      "SEQ": 95,
      "BEFORE_NODE": 95.0,
      "AFTER_NODE": 96.0,
      "BEFORE_LAT": 32.043526,
      "BEFORE_LON": 34.161186,
      "AFTER_LAT": 32.095119,
      "AFTER_LON": 34.018875,
      "SOG": 14.3,
      "MOVINGTIME": 1800.0,
      "ARRIVALTIME": "20251201150500"
    },
    {
      "SEQ": 96,
      "BEFORE_NODE": 96.0,
      "AFTER_NODE": 97.0,
      "BEFORE_LAT": 32.095119,
      "BEFORE_LON": 34.018875,
      "AFTER_LAT": 34.54834,
      "AFTER_LON": 28.397499,
      "SOG": 14.6,
      "MOVINGTIME": 62520.0,
      "ARRIVALTIME": "20251202082700"
    },
    {
      "SEQ": 97,
      "BEFORE_NODE": 97.0,
      "AFTER_NODE": 98.0,
      "BEFORE_LAT": 34.54834,
      "BEFORE_LON": 28.397499,
      "AFTER_LAT": 34.768452,
      "AFTER_LON": 27.890829,
      "SOG": 16.6,
      "MOVINGTIME": 7260.0,
      "ARRIVALTIME": "20251202102800"
    },
    {
      "SEQ": 98,
      "BEFORE_NODE": 98.0,
      "AFTER_NODE": 99.0,
      "BEFORE_LAT": 34.768452,
      "BEFORE_LON": 27.890829,
      "AFTER_LAT": 34.858536,
      "AFTER_LON": 27.682928,
      "SOG": 16.8,
      "MOVINGTIME": 1920.0,
      "ARRIVALTIME": "20251202110000"
    },
    {
      "SEQ": 99,
      "BEFORE_NODE": 99.0,
      "AFTER_NODE": 100.0,
      "BEFORE_LAT": 34.858536,
      "BEFORE_LON": 27.682928,
      "AFTER_LAT": 34.926167,
      "AFTER_LON": 27.525625,
      "SOG": 17.6,
      "MOVINGTIME": 2040.0,
      "ARRIVALTIME": "20251202113400"
    },
    {
      "SEQ": 100,
      "BEFORE_NODE": 100.0,
      "AFTER_NODE": 101.0,
      "BEFORE_LAT": 34.926167,
      "BEFORE_LON": 27.525625,
      "AFTER_LAT": 34.9725,
      "AFTER_LON": 27.420235,
      "SOG": 17.6,
      "MOVINGTIME": 1500.0,
      "ARRIVALTIME": "20251202115900"
    },
    {
      "SEQ": 101,
      "BEFORE_NODE": 101.0,
      "AFTER_NODE": 102.0,
      "BEFORE_LAT": 34.9725,
      "BEFORE_LON": 27.420235,
      "AFTER_LAT": 35.042992,
      "AFTER_LON": 27.261793,
      "SOG": 17.6,
      "MOVINGTIME": 1860.0,
      "ARRIVALTIME": "20251202123000"
    },
    {
      "SEQ": 102,
      "BEFORE_NODE": 102.0,
      "AFTER_NODE": 103.0,
      "BEFORE_LAT": 35.042992,
      "BEFORE_LON": 27.261793,
      "AFTER_LAT": 35.111134,
      "AFTER_LON": 27.105722,
      "SOG": 17.3,
      "MOVINGTIME": 1680.0,
      "ARRIVALTIME": "20251202125800"
    },
    {
      "SEQ": 103,
      "BEFORE_NODE": 103.0,
      "AFTER_NODE": 104.0,
      "BEFORE_LAT": 35.111134,
      "BEFORE_LON": 27.105722,
      "AFTER_LAT": 35.176735,
      "AFTER_LON": 26.947334,
      "SOG": 17.3,
      "MOVINGTIME": 1740.0,
      "ARRIVALTIME": "20251202132700"
    },
    {
      "SEQ": 104,
      "BEFORE_NODE": 104.0,
      "AFTER_NODE": 105.0,
      "BEFORE_LAT": 35.176735,
      "BEFORE_LON": 26.947334,
      "AFTER_LAT": 35.231293,
      "AFTER_LON": 26.833969,
      "SOG": 17.7,
      "MOVINGTIME": 1320.0,
      "ARRIVALTIME": "20251202134900"
    },
    {
      "SEQ": 105,
      "BEFORE_NODE": 105.0,
      "AFTER_NODE": 106.0,
      "BEFORE_LAT": 35.231293,
      "BEFORE_LON": 26.833969,
      "AFTER_LAT": 35.536068,
      "AFTER_LON": 26.177546,
      "SOG": 17,
      "MOVINGTIME": 7740.0,
      "ARRIVALTIME": "20251202155800"
    },
    {
      "SEQ": 106,
      "BEFORE_NODE": 106.0,
      "AFTER_NODE": 107.0,
      "BEFORE_LAT": 35.536068,
      "BEFORE_LON": 26.177546,
      "AFTER_LAT": 35.607304,
      "AFTER_LON": 26.02684,
      "SOG": 17.1,
      "MOVINGTIME": 1740.0,
      "ARRIVALTIME": "20251202162700"
    },
    {
      "SEQ": 107,
      "BEFORE_NODE": 107.0,
      "AFTER_NODE": 108.0,
      "BEFORE_LAT": 35.607304,
      "BEFORE_LON": 26.02684,
      "AFTER_LAT": 35.677616,
      "AFTER_LON": 25.874228,
      "SOG": 17.2,
      "MOVINGTIME": 1800.0,
      "ARRIVALTIME": "20251202165700"
    },
    {
      "SEQ": 108,
      "BEFORE_NODE": 108.0,
      "AFTER_NODE": 109.0,
      "BEFORE_LAT": 35.677616,
      "BEFORE_LON": 25.874228,
      "AFTER_LAT": 35.770699,
      "AFTER_LON": 25.668867,
      "SOG": 17.2,
      "MOVINGTIME": 2340.0,
      "ARRIVALTIME": "20251202173600"
    },
    {
      "SEQ": 109,
      "BEFORE_NODE": 109.0,
      "AFTER_NODE": 110.0,
      "BEFORE_LAT": 35.770699,
      "BEFORE_LON": 25.668867,
      "AFTER_LAT": 35.841862,
      "AFTER_LON": 25.511148,
      "SOG": 16.8,
      "MOVINGTIME": 1860.0,
      "ARRIVALTIME": "20251202180700"
    },
    {
      "SEQ": 110,
      "BEFORE_NODE": 110.0,
      "AFTER_NODE": 111.0,
      "BEFORE_LAT": 35.841862,
      "BEFORE_LON": 25.511148,
      "AFTER_LAT": 35.905907,
      "AFTER_LON": 25.354401,
      "SOG": 17.3,
      "MOVINGTIME": 1740.0,
      "ARRIVALTIME": "20251202183600"
    },
    {
      "SEQ": 111,
      "BEFORE_NODE": 111.0,
      "AFTER_NODE": 112.0,
      "BEFORE_LAT": 35.905907,
      "BEFORE_LON": 25.354401,
      "AFTER_LAT": 35.948574,
      "AFTER_LON": 25.247845,
      "SOG": 17.3,
      "MOVINGTIME": 1680.0,
      "ARRIVALTIME": "20251202190400"
    },
    {
      "SEQ": 112,
      "BEFORE_NODE": 112.0,
      "AFTER_NODE": 113.0,
      "BEFORE_LAT": 35.948574,
      "BEFORE_LON": 25.247845,
      "AFTER_LAT": 36.016327,
      "AFTER_LON": 25.090889,
      "SOG": 17.3,
      "MOVINGTIME": 1920.0,
      "ARRIVALTIME": "20251202193600"
    },
    {
      "SEQ": 113,
      "BEFORE_NODE": 113.0,
      "AFTER_NODE": 114.0,
      "BEFORE_LAT": 36.016327,
      "BEFORE_LON": 25.090889,
      "AFTER_LAT": 36.086105,
      "AFTER_LON": 24.934662,
      "SOG": 17.6,
      "MOVINGTIME": 1740.0,
      "ARRIVALTIME": "20251202200500"
    },
    {
      "SEQ": 114,
      "BEFORE_NODE": 114.0,
      "AFTER_NODE": 115.0,
      "BEFORE_LAT": 36.086105,
      "BEFORE_LON": 24.934662,
      "AFTER_LAT": 36.185398,
      "AFTER_LON": 24.720379,
      "SOG": 17.5,
      "MOVINGTIME": 1860.0,
      "ARRIVALTIME": "20251202203600"
    },
    {
      "SEQ": 115,
      "BEFORE_NODE": 115.0,
      "AFTER_NODE": 116.0,
      "BEFORE_LAT": 36.185398,
      "BEFORE_LON": 24.720379,
      "AFTER_LAT": 36.25856,
      "AFTER_LON": 24.564001,
      "SOG": 17.7,
      "MOVINGTIME": 1740.0,
      "ARRIVALTIME": "20251202210500"
    },
    {
      "SEQ": 116,
      "BEFORE_NODE": 116.0,
      "AFTER_NODE": 117.0,
      "BEFORE_LAT": 36.25856,
      "BEFORE_LON": 24.564001,
      "AFTER_LAT": 36.332581,
      "AFTER_LON": 24.404633,
      "SOG": 17.8,
      "MOVINGTIME": 1740.0,
      "ARRIVALTIME": "20251202213400"
    },
    {
      "SEQ": 117,
      "BEFORE_NODE": 117.0,
      "AFTER_NODE": 118.0,
      "BEFORE_LAT": 36.332581,
      "BEFORE_LON": 24.404633,
      "AFTER_LAT": 36.357834,
      "AFTER_LON": 24.351292,
      "SOG": 18,
      "MOVINGTIME": 1500.0,
      "ARRIVALTIME": "20251202215900"
    },
    {
      "SEQ": 118,
      "BEFORE_NODE": 118.0,
      "AFTER_NODE": 119.0,
      "BEFORE_LAT": 36.357834,
      "BEFORE_LON": 24.351292,
      "AFTER_LAT": 36.461784,
      "AFTER_LON": 24.133221,
      "SOG": 17.8,
      "MOVINGTIME": 1740.0,
      "ARRIVALTIME": "20251202222800"
    },
    {
      "SEQ": 119,
      "BEFORE_NODE": 119.0,
      "AFTER_NODE": 120.0,
      "BEFORE_LAT": 36.461784,
      "BEFORE_LON": 24.133221,
      "AFTER_LAT": 36.533066,
      "AFTER_LON": 24.058861,
      "SOG": 18,
      "MOVINGTIME": 1800.0,
      "ARRIVALTIME": "20251202225800"
    },
    {
      "SEQ": 120,
      "BEFORE_NODE": 120.0,
      "AFTER_NODE": 121.0,
      "BEFORE_LAT": 36.533066,
      "BEFORE_LON": 24.058861,
      "AFTER_LAT": 36.776714,
      "AFTER_LON": 23.990833,
      "SOG": 17.6,
      "MOVINGTIME": 2340.0,
      "ARRIVALTIME": "20251202233700"
    },
    {
      "SEQ": 121,
      "BEFORE_NODE": 121.0,
      "AFTER_NODE": 122.0,
      "BEFORE_LAT": 36.776714,
      "BEFORE_LON": 23.990833,
      "AFTER_LAT": 36.917023,
      "AFTER_LON": 23.957605,
      "SOG": 17.6,
      "MOVINGTIME": 1740.0,
      "ARRIVALTIME": "20251203000600"
    },
    {
      "SEQ": 122,
      "BEFORE_NODE": 122.0,
      "AFTER_NODE": 123.0,
      "BEFORE_LAT": 36.917023,
      "BEFORE_LON": 23.957605,
      "AFTER_LAT": 37.063236,
      "AFTER_LON": 23.917128,
      "SOG": 17.2,
      "MOVINGTIME": 1800.0,
      "ARRIVALTIME": "20251203003600"
    },
    {
      "SEQ": 123,
      "BEFORE_NODE": 123.0,
      "AFTER_NODE": 124.0,
      "BEFORE_LAT": 37.063236,
      "BEFORE_LON": 23.917128,
      "AFTER_LAT": 37.249939,
      "AFTER_LON": 23.85025,
      "SOG": 17.7,
      "MOVINGTIME": 2383.0,
      "ARRIVALTIME": "20251203011543"
    },
    {
      "SEQ": 124,
      "BEFORE_NODE": 124.0,
      "AFTER_NODE": 125.0,
      "BEFORE_LAT": 37.249939,
      "BEFORE_LON": 23.85025,
      "AFTER_LAT": 37.347431,
      "AFTER_LON": 23.822464,
      "SOG": 18.1,
      "MOVINGTIME": 1457.0,
      "ARRIVALTIME": "20251203014000"
    },
    {
      "SEQ": 125,
      "BEFORE_NODE": 125.0,
      "AFTER_NODE": 126.0,
      "BEFORE_LAT": 37.347431,
      "BEFORE_LON": 23.822464,
      "AFTER_LAT": 37.445206,
      "AFTER_LON": 23.793764,
      "SOG": 18.1,
      "MOVINGTIME": 1800.0,
      "ARRIVALTIME": "20251203021000"
    },
    {
      "SEQ": 126,
      "BEFORE_NODE": 126.0,
      "AFTER_NODE": 127.0,
      "BEFORE_LAT": 37.445206,
      "BEFORE_LON": 23.793764,
      "AFTER_LAT": 37.64016,
      "AFTER_LON": 23.756802,
      "SOG": 15.3,
      "MOVINGTIME": 1800.0,
      "ARRIVALTIME": "20251203024000"
    },
    {
      "SEQ": 127,
      "BEFORE_NODE": 127.0,
      "AFTER_NODE": 128.0,
      "BEFORE_LAT": 37.64016,
      "BEFORE_LON": 23.756802,
      "AFTER_LAT": 37.718147,
      "AFTER_LON": 23.726646,
      "SOG": 15.1,
      "MOVINGTIME": 1740.0,
      "ARRIVALTIME": "20251203030900"
    },
    {
      "SEQ": 128,
      "BEFORE_NODE": 128.0,
      "AFTER_NODE": 129.0,
      "BEFORE_LAT": 37.718147,
      "BEFORE_LON": 23.726646,
      "AFTER_LAT": 37.862676666666665,
      "AFTER_LON": 23.632003333333333,
      "SOG": 7.8,
      "MOVINGTIME": 2030.0,
      "ARRIVALTIME": "20251203034250"
    },
    {
      "SEQ": 129,
      "BEFORE_NODE": 129.0,
      "AFTER_NODE": 130.0,
      "BEFORE_LAT": 37.862676666666665,
      "BEFORE_LON": 23.632003333333333,
      "AFTER_LAT": 37.88333333333333,
      "AFTER_LON": 23.617813333333334,
      "SOG": 1.3,
      "MOVINGTIME": 1811.0,
      "ARRIVALTIME": "20251203041301"
    },
    {
      "SEQ": 130,
      "BEFORE_NODE": 130.0,
      "AFTER_NODE": 131.0,
      "BEFORE_LAT": 37.88333333333333,
      "BEFORE_LON": 23.617813333333334,
      "AFTER_LAT": 37.89779166666667,
      "AFTER_LON": 23.60555,
      "SOG": 5.6,
      "MOVINGTIME": 1499.0,
      "ARRIVALTIME": "20251203043800"
    },
    {
      "SEQ": 131,
      "BEFORE_NODE": 131.0,
      "AFTER_NODE": 132.0,
      "BEFORE_LAT": 37.89779166666667,
      "BEFORE_LON": 23.60555,
      "AFTER_LAT": 37.93367166666667,
      "AFTER_LON": 23.578395,
      "SOG": 5.1,
      "MOVINGTIME": 1800.0,
      "ARRIVALTIME": "20251203050800"
    },
    {
      "SEQ": 132,
      "BEFORE_NODE": 132.0,
      "AFTER_NODE": 133.0,
      "BEFORE_LAT": 37.93367166666667,
      "BEFORE_LON": 23.578395,
      "AFTER_LAT": 37.95415166666667,
      "AFTER_LON": 23.588765,
      "SOG": 0.1,
      "MOVINGTIME": 2091.0,
      "ARRIVALTIME": "20251203054251"
    },
    {
      "SEQ": 133,
      "BEFORE_NODE": 133.0,
      "AFTER_NODE": 134.0,
      "BEFORE_LAT": 37.95415166666667,
      "BEFORE_LON": 23.588765,
      "AFTER_LAT": 37.954132,
      "AFTER_LON": 23.588886,
      "SOG": 0,
      "MOVINGTIME": 1509.0,
      "ARRIVALTIME": "20251203060800"
    },
    {
      "SEQ": 134,
      "BEFORE_NODE": 134.0,
      "AFTER_NODE": 135.0,
      "BEFORE_LAT": 37.954132,
      "BEFORE_LON": 23.588886,
      "AFTER_LAT": 37.954161666666664,
      "AFTER_LON": 23.58888,
      "SOG": 0,
      "MOVINGTIME": 2082.0,
      "ARRIVALTIME": "20251203064242"
    },
    {
      "SEQ": 135,
      "BEFORE_NODE": 135.0,
      "AFTER_NODE": 136.0,
      "BEFORE_LAT": 37.954161666666664,
      "BEFORE_LON": 23.58888,
      "AFTER_LAT": 37.954135,
      "AFTER_LON": 23.588865,
      "SOG": 0,
      "MOVINGTIME": 1440.0,
      "ARRIVALTIME": "20251203070642"
    },
    {
      "SEQ": 136,
      "BEFORE_NODE": 136.0,
      "AFTER_NODE": 137.0,
      "BEFORE_LAT": 37.954135,
      "BEFORE_LON": 23.588865,
      "AFTER_LAT": 37.9542,
      "AFTER_LON": 23.588833333333334,
      "SOG": 0,
      "MOVINGTIME": 2160.0,
      "ARRIVALTIME": "20251203074242"
    },
    {
      "SEQ": 137,
      "BEFORE_NODE": 137.0,
      "AFTER_NODE": 138.0,
      "BEFORE_LAT": 37.9542,
      "BEFORE_LON": 23.588833333333334,
      "AFTER_LAT": 37.95414666666667,
      "AFTER_LON": 23.5889,
      "SOG": 0.1,
      "MOVINGTIME": 1440.0,
      "ARRIVALTIME": "20251203080642"
    },
    {
      "SEQ": 138,
      "BEFORE_NODE": 138.0,
      "AFTER_NODE": 139.0,
      "BEFORE_LAT": 37.95414666666667,
      "BEFORE_LON": 23.5889,
      "AFTER_LAT": 37.95414666666667,
      "AFTER_LON": 23.588875,
      "SOG": 0.1,
      "MOVINGTIME": 2160.0,
      "ARRIVALTIME": "20251203084242"
    },
    {
      "SEQ": 139,
      "BEFORE_NODE": 139.0,
      "AFTER_NODE": 140.0,
      "BEFORE_LAT": 37.95414666666667,
      "BEFORE_LON": 23.588875,
      "AFTER_LAT": 37.954116666666664,
      "AFTER_LON": 23.588891666666665,
      "SOG": 0,
      "MOVINGTIME": 1800.0,
      "ARRIVALTIME": "20251203091242"
    },
    {
      "SEQ": 140,
      "BEFORE_NODE": 140.0,
      "AFTER_NODE": 141.0,
      "BEFORE_LAT": 37.954116666666664,
      "BEFORE_LON": 23.588891666666665,
      "AFTER_LAT": 37.95415333333333,
      "AFTER_LON": 23.58885,
      "SOG": 0,
      "MOVINGTIME": 1800.0,
      "ARRIVALTIME": "20251203094242"
    },
    {
      "SEQ": 141,
      "BEFORE_NODE": 141.0,
      "AFTER_NODE": 142.0,
      "BEFORE_LAT": 37.95415333333333,
      "BEFORE_LON": 23.58885,
      "AFTER_LAT": 37.954121666666666,
      "AFTER_LON": 23.588855,
      "SOG": 0.1,
      "MOVINGTIME": 1440.0,
      "ARRIVALTIME": "20251203100642"
    },
    {
      "SEQ": 142,
      "BEFORE_NODE": 142.0,
      "AFTER_NODE": 143.0,
      "BEFORE_LAT": 37.954121666666666,
      "BEFORE_LON": 23.588855,
      "AFTER_LAT": 37.954103333333336,
      "AFTER_LON": 23.588888333333333,
      "SOG": 0.1,
      "MOVINGTIME": 1800.0,
      "ARRIVALTIME": "20251203103642"
    },
    {
      "SEQ": 143,
      "BEFORE_NODE": 143.0,
      "AFTER_NODE": 144.0,
      "BEFORE_LAT": 37.954103333333336,
      "BEFORE_LON": 23.588888333333333,
      "AFTER_LAT": 37.95413666666666,
      "AFTER_LON": 23.588876666666668,
      "SOG": 0,
      "MOVINGTIME": 1800.0,
      "ARRIVALTIME": "20251203110642"
    },
    {
      "SEQ": 144,
      "BEFORE_NODE": 144.0,
      "AFTER_NODE": 145.0,
      "BEFORE_LAT": 37.95413666666666,
      "BEFORE_LON": 23.588876666666668,
      "AFTER_LAT": 37.954121666666666,
      "AFTER_LON": 23.588863333333332,
      "SOG": 0,
      "MOVINGTIME": 2160.0,
      "ARRIVALTIME": "20251203114242"
    },
    {
      "SEQ": 145,
      "BEFORE_NODE": 145.0,
      "AFTER_NODE": 146.0,
      "BEFORE_LAT": 37.954121666666666,
      "BEFORE_LON": 23.588863333333332,
      "AFTER_LAT": 37.954141666666665,
      "AFTER_LON": 23.588885,
      "SOG": 0,
      "MOVINGTIME": 1440.0,
      "ARRIVALTIME": "20251203120642"
    },
    {
      "SEQ": 146,
      "BEFORE_NODE": 146.0,
      "AFTER_NODE": 147.0,
      "BEFORE_LAT": 37.954141666666665,
      "BEFORE_LON": 23.588885,
      "AFTER_LAT": 37.954185,
      "AFTER_LON": 23.588821666666668,
      "SOG": 0,
      "MOVINGTIME": 2160.0,
      "ARRIVALTIME": "20251203124242"
    },
    {
      "SEQ": 147,
      "BEFORE_NODE": 147.0,
      "AFTER_NODE": 148.0,
      "BEFORE_LAT": 37.954185,
      "BEFORE_LON": 23.588821666666668,
      "AFTER_LAT": 37.95421666666667,
      "AFTER_LON": 23.588866666666668,
      "SOG": 0.1,
      "MOVINGTIME": 1440.0,
      "ARRIVALTIME": "20251203130642"
    },
    {
      "SEQ": 148,
      "BEFORE_NODE": 148.0,
      "AFTER_NODE": 149.0,
      "BEFORE_LAT": 37.95421666666667,
      "BEFORE_LON": 23.588866666666668,
      "AFTER_LAT": 37.954185,
      "AFTER_LON": 23.588865,
      "SOG": 0,
      "MOVINGTIME": 2160.0,
      "ARRIVALTIME": "20251203134242"
    },
    {
      "SEQ": 149,
      "BEFORE_NODE": 149.0,
      "AFTER_NODE": 150.0,
      "BEFORE_LAT": 37.954185,
      "BEFORE_LON": 23.588865,
      "AFTER_LAT": 37.954086,
      "AFTER_LON": 23.588858,
      "SOG": 0.1,
      "MOVINGTIME": 1458.0,
      "ARRIVALTIME": "20251203140700"
    },
    {
      "SEQ": 150,
      "BEFORE_NODE": 150.0,
      "AFTER_NODE": 151.0,
      "BEFORE_LAT": 37.954086,
      "BEFORE_LON": 23.588858,
      "AFTER_LAT": 37.95415,
      "AFTER_LON": 23.58888,
      "SOG": 0,
      "MOVINGTIME": 2142.0,
      "ARRIVALTIME": "20251203144242"
    },
    {
      "SEQ": 151,
      "BEFORE_NODE": 151.0,
      "AFTER_NODE": 152.0,
      "BEFORE_LAT": 37.95415,
      "BEFORE_LON": 23.58888,
      "AFTER_LAT": 37.95409166666666,
      "AFTER_LON": 23.588895,
      "SOG": 0,
      "MOVINGTIME": 1440.0,
      "ARRIVALTIME": "20251203150642"
    },
    {
      "SEQ": 152,
      "BEFORE_NODE": 152.0,
      "AFTER_NODE": 153.0,
      "BEFORE_LAT": 37.95409166666666,
      "BEFORE_LON": 23.588895,
      "AFTER_LAT": 37.95415666666667,
      "AFTER_LON": 23.588858333333334,
      "SOG": 0.1,
      "MOVINGTIME": 2160.0,
      "ARRIVALTIME": "20251203154242"
    },
    {
      "SEQ": 153,
      "BEFORE_NODE": 153.0,
      "AFTER_NODE": 154.0,
      "BEFORE_LAT": 37.95415666666667,
      "BEFORE_LON": 23.588858333333334,
      "AFTER_LAT": 37.954206666666664,
      "AFTER_LON": 23.588898333333333,
      "SOG": 0.1,
      "MOVINGTIME": 1440.0,
      "ARRIVALTIME": "20251203160642"
    },
    {
      "SEQ": 154,
      "BEFORE_NODE": 154.0,
      "AFTER_NODE": 155.0,
      "BEFORE_LAT": 37.954206666666664,
      "BEFORE_LON": 23.588898333333333,
      "AFTER_LAT": 37.95410666666667,
      "AFTER_LON": 23.588863333333332,
      "SOG": 0,
      "MOVINGTIME": 1980.0,
      "ARRIVALTIME": "20251203163942"
    },
    {
      "SEQ": 155,
      "BEFORE_NODE": 155.0,
      "AFTER_NODE": 156.0,
      "BEFORE_LAT": 37.95410666666667,
      "BEFORE_LON": 23.588863333333332,
      "AFTER_LAT": 37.95417666666667,
      "AFTER_LON": 23.588905,
      "SOG": 0,
      "MOVINGTIME": 1980.0,
      "ARRIVALTIME": "20251203171242"
    },
    {
      "SEQ": 156,
      "BEFORE_NODE": 156.0,
      "AFTER_NODE": 157.0,
      "BEFORE_LAT": 37.95417666666667,
      "BEFORE_LON": 23.588905,
      "AFTER_LAT": 37.95413666666666,
      "AFTER_LON": 23.588891666666665,
      "SOG": 0,
      "MOVINGTIME": 1440.0,
      "ARRIVALTIME": "20251203173642"
    },
    {
      "SEQ": 157,
      "BEFORE_NODE": 157.0,
      "AFTER_NODE": 158.0,
      "BEFORE_LAT": 37.95413666666666,
      "BEFORE_LON": 23.588891666666665,
      "AFTER_LAT": 37.95415,
      "AFTER_LON": 23.588868333333334,
      "SOG": 0.1,
      "MOVINGTIME": 2160.0,
      "ARRIVALTIME": "20251203181242"
    },
    {
      "SEQ": 158,
      "BEFORE_NODE": 158.0,
      "AFTER_NODE": 159.0,
      "BEFORE_LAT": 37.95415,
      "BEFORE_LON": 23.588868333333334,
      "AFTER_LAT": 37.95416,
      "AFTER_LON": 23.588881666666666,
      "SOG": 0,
      "MOVINGTIME": 1800.0,
      "ARRIVALTIME": "20251203184242"
    },
    {
      "SEQ": 159,
      "BEFORE_NODE": 159.0,
      "AFTER_NODE": 160.0,
      "BEFORE_LAT": 37.95416,
      "BEFORE_LON": 23.588881666666666,
      "AFTER_LAT": 37.95415333333333,
      "AFTER_LON": 23.588916666666666,
      "SOG": 0,
      "MOVINGTIME": 1440.0,
      "ARRIVALTIME": "20251203190642"
    },
    {
      "SEQ": 160,
      "BEFORE_NODE": 160.0,
      "AFTER_NODE": 161.0,
      "BEFORE_LAT": 37.95415333333333,
      "BEFORE_LON": 23.588916666666666,
      "AFTER_LAT": 37.95414,
      "AFTER_LON": 23.58889,
      "SOG": 0,
      "MOVINGTIME": 1800.0,
      "ARRIVALTIME": "20251203193642"
    },
    {
      "SEQ": 161,
      "BEFORE_NODE": 161.0,
      "AFTER_NODE": 162.0,
      "BEFORE_LAT": 37.95414,
      "BEFORE_LON": 23.58889,
      "AFTER_LAT": 37.954135,
      "AFTER_LON": 23.588893333333335,
      "SOG": 0,
      "MOVINGTIME": 1800.0,
      "ARRIVALTIME": "20251203200642"
    },
    {
      "SEQ": 162,
      "BEFORE_NODE": 162.0,
      "AFTER_NODE": 163.0,
      "BEFORE_LAT": 37.954135,
      "BEFORE_LON": 23.588893333333335,
      "AFTER_LAT": 37.95413833333333,
      "AFTER_LON": 23.58888333333333,
      "SOG": 0,
      "MOVINGTIME": 1800.0,
      "ARRIVALTIME": "20251203203642"
    },
    {
      "SEQ": 163,
      "BEFORE_NODE": 163.0,
      "AFTER_NODE": 164.0,
      "BEFORE_LAT": 37.95413833333333,
      "BEFORE_LON": 23.58888333333333,
      "AFTER_LAT": 37.95416,
      "AFTER_LON": 23.588873333333332,
      "SOG": 0,
      "MOVINGTIME": 2160.0,
      "ARRIVALTIME": "20251203211242"
    },
    {
      "SEQ": 164,
      "BEFORE_NODE": 164.0,
      "AFTER_NODE": 165.0,
      "BEFORE_LAT": 37.95416,
      "BEFORE_LON": 23.588873333333332,
      "AFTER_LAT": 37.95397666666667,
      "AFTER_LON": 23.58904666666667,
      "SOG": 0,
      "MOVINGTIME": 1800.0,
      "ARRIVALTIME": "20251203214242"
    },
    {
      "SEQ": 165,
      "BEFORE_NODE": 165.0,
      "AFTER_NODE": 166.0,
      "BEFORE_LAT": 37.95397666666667,
      "BEFORE_LON": 23.58904666666667,
      "AFTER_LAT": 37.953995,
      "AFTER_LON": 23.588785,
      "SOG": 0.1,
      "MOVINGTIME": 1440.0,
      "ARRIVALTIME": "20251203220642"
    },
    {
      "SEQ": 166,
      "BEFORE_NODE": 166.0,
      "AFTER_NODE": 167.0,
      "BEFORE_LAT": 37.953995,
      "BEFORE_LON": 23.588785,
      "AFTER_LAT": 37.954085,
      "AFTER_LON": 23.588933333333333,
      "SOG": 0.1,
      "MOVINGTIME": 2160.0,
      "ARRIVALTIME": "20251203224242"
    },
    {
      "SEQ": 167,
      "BEFORE_NODE": 167.0,
      "AFTER_NODE": 168.0,
      "BEFORE_LAT": 37.954085,
      "BEFORE_LON": 23.588933333333333,
      "AFTER_LAT": 37.953972,
      "AFTER_LON": 23.58898,
      "SOG": 0,
      "MOVINGTIME": 1458.0,
      "ARRIVALTIME": "20251203230700"
    },
    {
      "SEQ": 168,
      "BEFORE_NODE": 168.0,
      "AFTER_NODE": 169.0,
      "BEFORE_LAT": 37.953972,
      "BEFORE_LON": 23.58898,
      "AFTER_LAT": 37.954026666666664,
      "AFTER_LON": 23.588776666666668,
      "SOG": 0.1,
      "MOVINGTIME": 1962.0,
      "ARRIVALTIME": "20251203233942"
    },
    {
      "SEQ": 169,
      "BEFORE_NODE": 169.0,
      "AFTER_NODE": 170.0,
      "BEFORE_LAT": 37.954026666666664,
      "BEFORE_LON": 23.588776666666668,
      "AFTER_LAT": 37.95388,
      "AFTER_LON": 23.589214,
      "SOG": 0,
      "MOVINGTIME": 1638.0,
      "ARRIVALTIME": "20251204000700"
    },
    {
      "SEQ": 170,
      "BEFORE_NODE": 170.0,
      "AFTER_NODE": 171.0,
      "BEFORE_LAT": 37.95388,
      "BEFORE_LON": 23.589214,
      "AFTER_LAT": 37.954161666666664,
      "AFTER_LON": 23.588886666666667,
      "SOG": 0,
      "MOVINGTIME": 2142.0,
      "ARRIVALTIME": "20251204004242"
    },
    {
      "SEQ": 171,
      "BEFORE_NODE": 171.0,
      "AFTER_NODE": 172.0,
      "BEFORE_LAT": 37.954161666666664,
      "BEFORE_LON": 23.588886666666667,
      "AFTER_LAT": 37.954132,
      "AFTER_LON": 23.588877,
      "SOG": 0,
      "MOVINGTIME": 1458.0,
      "ARRIVALTIME": "20251204010700"
    },
    {
      "SEQ": 172,
      "BEFORE_NODE": 172.0,
      "AFTER_NODE": 173.0,
      "BEFORE_LAT": 37.954132,
      "BEFORE_LON": 23.588877,
      "AFTER_LAT": 37.954166666666666,
      "AFTER_LON": 23.588915,
      "SOG": 0.1,
      "MOVINGTIME": 2142.0,
      "ARRIVALTIME": "20251204014242"
    },
    {
      "SEQ": 173,
      "BEFORE_NODE": 173.0,
      "AFTER_NODE": 174.0,
      "BEFORE_LAT": 37.954166666666666,
      "BEFORE_LON": 23.588915,
      "AFTER_LAT": 37.95413166666667,
      "AFTER_LON": 23.588868333333334,
      "SOG": 0,
      "MOVINGTIME": 1440.0,
      "ARRIVALTIME": "20251204020642"
    },
    {
      "SEQ": 174,
      "BEFORE_NODE": 174.0,
      "AFTER_NODE": 175.0,
      "BEFORE_LAT": 37.95413166666667,
      "BEFORE_LON": 23.588868333333334,
      "AFTER_LAT": 37.954143333333334,
      "AFTER_LON": 23.588903333333334,
      "SOG": 0,
      "MOVINGTIME": 2160.0,
      "ARRIVALTIME": "20251204024242"
    },
    {
      "SEQ": 175,
      "BEFORE_NODE": 175.0,
      "AFTER_NODE": 176.0,
      "BEFORE_LAT": 37.954143333333334,
      "BEFORE_LON": 23.588903333333334,
      "AFTER_LAT": 37.954155,
      "AFTER_LON": 23.588896,
      "SOG": 0,
      "MOVINGTIME": 1458.0,
      "ARRIVALTIME": "20251204030700"
    },
    {
      "SEQ": 176,
      "BEFORE_NODE": 176.0,
      "AFTER_NODE": 177.0,
      "BEFORE_LAT": 37.954155,
      "BEFORE_LON": 23.588896,
      "AFTER_LAT": 37.95417833333333,
      "AFTER_LON": 23.588878333333334,
      "SOG": 0.1,
      "MOVINGTIME": 2142.0,
      "ARRIVALTIME": "20251204034242"
    },
    {
      "SEQ": 177,
      "BEFORE_NODE": 177.0,
      "AFTER_NODE": 178.0,
      "BEFORE_LAT": 37.95417833333333,
      "BEFORE_LON": 23.588878333333334,
      "AFTER_LAT": 37.95418166666666,
      "AFTER_LON": 23.58887,
      "SOG": 0,
      "MOVINGTIME": 1440.0,
      "ARRIVALTIME": "20251204040642"
    },
    {
      "SEQ": 178,
      "BEFORE_NODE": 178.0,
      "AFTER_NODE": 179.0,
      "BEFORE_LAT": 37.95418166666666,
      "BEFORE_LON": 23.58887,
      "AFTER_LAT": 37.95412833333334,
      "AFTER_LON": 23.588886666666667,
      "SOG": 0,
      "MOVINGTIME": 1800.0,
      "ARRIVALTIME": "20251204043642"
    },
    {
      "SEQ": 179,
      "BEFORE_NODE": 179.0,
      "AFTER_NODE": 180.0,
      "BEFORE_LAT": 37.95412833333334,
      "BEFORE_LON": 23.588886666666667,
      "AFTER_LAT": 37.954143333333334,
      "AFTER_LON": 23.588886666666667,
      "SOG": 0,
      "MOVINGTIME": 1800.0,
      "ARRIVALTIME": "20251204050642"
    },
    {
      "SEQ": 180,
      "BEFORE_NODE": 180.0,
      "AFTER_NODE": 181.0,
      "BEFORE_LAT": 37.954143333333334,
      "BEFORE_LON": 23.588886666666667,
      "AFTER_LAT": 37.954132,
      "AFTER_LON": 23.588871,
      "SOG": 0,
      "MOVINGTIME": 1818.0,
      "ARRIVALTIME": "20251204053700"
    },
    {
      "SEQ": 181,
      "BEFORE_NODE": 181.0,
      "AFTER_NODE": 182.0,
      "BEFORE_LAT": 37.954132,
      "BEFORE_LON": 23.588871,
      "AFTER_LAT": 37.95413833333333,
      "AFTER_LON": 23.588903333333334,
      "SOG": 0,
      "MOVINGTIME": 1782.0,
      "ARRIVALTIME": "20251204060642"
    },
    {
      "SEQ": 182,
      "BEFORE_NODE": 182.0,
      "AFTER_NODE": 183.0,
      "BEFORE_LAT": 37.95413833333333,
      "BEFORE_LON": 23.588903333333334,
      "AFTER_LAT": 37.95395666666667,
      "AFTER_LON": 23.58905,
      "SOG": 0.1,
      "MOVINGTIME": 1800.0,
      "ARRIVALTIME": "20251204063642"
    },
    {
      "SEQ": 183,
      "BEFORE_NODE": 183.0,
      "AFTER_NODE": 184.0,
      "BEFORE_LAT": 37.95395666666667,
      "BEFORE_LON": 23.58905,
      "AFTER_LAT": 37.95415,
      "AFTER_LON": 23.588893333333335,
      "SOG": 0.1,
      "MOVINGTIME": 2160.0,
      "ARRIVALTIME": "20251204071242"
    },
    {
      "SEQ": 184,
      "BEFORE_NODE": 184.0,
      "AFTER_NODE": 185.0,
      "BEFORE_LAT": 37.95415,
      "BEFORE_LON": 23.588893333333335,
      "AFTER_LAT": 37.954186666666665,
      "AFTER_LON": 23.58892,
      "SOG": 0.1,
      "MOVINGTIME": 1440.0,
      "ARRIVALTIME": "20251204073642"
    },
    {
      "SEQ": 185,
      "BEFORE_NODE": 185.0,
      "AFTER_NODE": 186.0,
      "BEFORE_LAT": 37.954186666666665,
      "BEFORE_LON": 23.58892,
      "AFTER_LAT": 37.954115,
      "AFTER_LON": 23.588908333333332,
      "SOG": 0.1,
      "MOVINGTIME": 1800.0,
      "ARRIVALTIME": "20251204080642"
    },
    {
      "SEQ": 186,
      "BEFORE_NODE": 186.0,
      "AFTER_NODE": 187.0,
      "BEFORE_LAT": 37.954115,
      "BEFORE_LON": 23.588908333333332,
      "AFTER_LAT": 37.95423666666667,
      "AFTER_LON": 23.588558333333335,
      "SOG": 0,
      "MOVINGTIME": 2160.0,
      "ARRIVALTIME": "20251204084242"
    },
    {
      "SEQ": 187,
      "BEFORE_NODE": 187.0,
      "AFTER_NODE": 188.0,
      "BEFORE_LAT": 37.95423666666667,
      "BEFORE_LON": 23.588558333333335,
      "AFTER_LAT": 37.95419666666667,
      "AFTER_LON": 23.588818333333332,
      "SOG": 0.1,
      "MOVINGTIME": 1800.0,
      "ARRIVALTIME": "20251204091242"
    },
    {
      "SEQ": 188,
      "BEFORE_NODE": 188.0,
      "AFTER_NODE": 189.0,
      "BEFORE_LAT": 37.95419666666667,
      "BEFORE_LON": 23.588818333333332,
      "AFTER_LAT": 37.954096666666665,
      "AFTER_LON": 23.588908333333332,
      "SOG": 0,
      "MOVINGTIME": 1800.0,
      "ARRIVALTIME": "20251204094242"
    },
    {
      "SEQ": 189,
      "BEFORE_NODE": 189.0,
      "AFTER_NODE": 190.0,
      "BEFORE_LAT": 37.954096666666665,
      "BEFORE_LON": 23.588908333333332,
      "AFTER_LAT": 37.954121666666666,
      "AFTER_LON": 23.588868333333334,
      "SOG": 0,
      "MOVINGTIME": 1440.0,
      "ARRIVALTIME": "20251204100642"
    },
    {
      "SEQ": 190,
      "BEFORE_NODE": 190.0,
      "AFTER_NODE": 191.0,
      "BEFORE_LAT": 37.954121666666666,
      "BEFORE_LON": 23.588868333333334,
      "AFTER_LAT": 37.95397333333333,
      "AFTER_LON": 23.588941666666667,
      "SOG": 0,
      "MOVINGTIME": 1980.0,
      "ARRIVALTIME": "20251204103942"
    },
    {
      "SEQ": 191,
      "BEFORE_NODE": 191.0,
      "AFTER_NODE": 192.0,
      "BEFORE_LAT": 37.95397333333333,
      "BEFORE_LON": 23.588941666666667,
      "AFTER_LAT": 37.954118333333334,
      "AFTER_LON": 23.588905,
      "SOG": 0.1,
      "MOVINGTIME": 1800.0,
      "ARRIVALTIME": "20251204110942"
    },
    {
      "SEQ": 192,
      "BEFORE_NODE": 192.0,
      "AFTER_NODE": 193.0,
      "BEFORE_LAT": 37.954118333333334,
      "BEFORE_LON": 23.588905,
      "AFTER_LAT": 37.953735,
      "AFTER_LON": 23.588981666666665,
      "SOG": 0,
      "MOVINGTIME": 1980.0,
      "ARRIVALTIME": "20251204114242"
    },
    {
      "SEQ": 193,
      "BEFORE_NODE": 193.0,
      "AFTER_NODE": 194.0,
      "BEFORE_LAT": 37.953735,
      "BEFORE_LON": 23.588981666666665,
      "AFTER_LAT": 37.95412,
      "AFTER_LON": 23.588706666666667,
      "SOG": 0.1,
      "MOVINGTIME": 1620.0,
      "ARRIVALTIME": "20251204120942"
    },
    {
      "SEQ": 194,
      "BEFORE_NODE": 194.0,
      "AFTER_NODE": 195.0,
      "BEFORE_LAT": 37.95412,
      "BEFORE_LON": 23.588706666666667,
      "AFTER_LAT": 37.95408,
      "AFTER_LON": 23.58892,
      "SOG": 0,
      "MOVINGTIME": 1980.0,
      "ARRIVALTIME": "20251204124242"
    },
    {
      "SEQ": 195,
      "BEFORE_NODE": 195.0,
      "AFTER_NODE": 196.0,
      "BEFORE_LAT": 37.95408,
      "BEFORE_LON": 23.58892,
      "AFTER_LAT": 37.95415333333333,
      "AFTER_LON": 23.588891666666665,
      "SOG": 0.1,
      "MOVINGTIME": 1800.0,
      "ARRIVALTIME": "20251204131242"
    },
    {
      "SEQ": 196,
      "BEFORE_NODE": 196.0,
      "AFTER_NODE": 197.0,
      "BEFORE_LAT": 37.95415333333333,
      "BEFORE_LON": 23.588891666666665,
      "AFTER_LAT": 37.954148333333336,
      "AFTER_LON": 23.588933333333333,
      "SOG": 0.1,
      "MOVINGTIME": 1440.0,
      "ARRIVALTIME": "20251204133642"
    },
    {
      "SEQ": 197,
      "BEFORE_NODE": 197.0,
      "AFTER_NODE": 198.0,
      "BEFORE_LAT": 37.954148333333336,
      "BEFORE_LON": 23.588933333333333,
      "AFTER_LAT": 37.95414,
      "AFTER_LON": 23.58888,
      "SOG": 0,
      "MOVINGTIME": 2160.0,
      "ARRIVALTIME": "20251204141242"
    },
    {
      "SEQ": 198,
      "BEFORE_NODE": 198.0,
      "AFTER_NODE": 199.0,
      "BEFORE_LAT": 37.95414,
      "BEFORE_LON": 23.58888,
      "AFTER_LAT": 37.95415333333333,
      "AFTER_LON": 23.58890166666667,
      "SOG": 0,
      "MOVINGTIME": 1800.0,
      "ARRIVALTIME": "20251204144242"
    },
    {
      "SEQ": 199,
      "BEFORE_NODE": 199.0,
      "AFTER_NODE": 200.0,
      "BEFORE_LAT": 37.95415333333333,
      "BEFORE_LON": 23.58890166666667,
      "AFTER_LAT": 37.95413833333333,
      "AFTER_LON": 23.588905,
      "SOG": 0,
      "MOVINGTIME": 1440.0,
      "ARRIVALTIME": "20251204150642"
    },
    {
      "SEQ": 200,
      "BEFORE_NODE": 200.0,
      "AFTER_NODE": 201.0,
      "BEFORE_LAT": 37.95413833333333,
      "BEFORE_LON": 23.588905,
      "AFTER_LAT": 37.95399666666667,
      "AFTER_LON": 23.588898333333333,
      "SOG": 0,
      "MOVINGTIME": 2160.0,
      "ARRIVALTIME": "20251204154242"
    },
    {
      "SEQ": 201,
      "BEFORE_NODE": 201.0,
      "AFTER_NODE": 202.0,
      "BEFORE_LAT": 37.95399666666667,
      "BEFORE_LON": 23.588898333333333,
      "AFTER_LAT": 37.954185,
      "AFTER_LON": 23.588873333333332,
      "SOG": 0.1,
      "MOVINGTIME": 1440.0,
      "ARRIVALTIME": "20251204160642"
    },
    {
      "SEQ": 202,
      "BEFORE_NODE": 202.0,
      "AFTER_NODE": 203.0,
      "BEFORE_LAT": 37.954185,
      "BEFORE_LON": 23.588873333333332,
      "AFTER_LAT": 37.954141666666665,
      "AFTER_LON": 23.588876666666668,
      "SOG": 0,
      "MOVINGTIME": 1800.0,
      "ARRIVALTIME": "20251204163642"
    },
    {
      "SEQ": 203,
      "BEFORE_NODE": 203.0,
      "AFTER_NODE": 204.0,
      "BEFORE_LAT": 37.954141666666665,
      "BEFORE_LON": 23.588876666666668,
      "AFTER_LAT": 37.95415166666667,
      "AFTER_LON": 23.588896666666667,
      "SOG": 0,
      "MOVINGTIME": 2160.0,
      "ARRIVALTIME": "20251204171242"
    },
    {
      "SEQ": 204,
      "BEFORE_NODE": 204.0,
      "AFTER_NODE": 205.0,
      "BEFORE_LAT": 37.95415166666667,
      "BEFORE_LON": 23.588896666666667,
      "AFTER_LAT": 37.954141666666665,
      "AFTER_LON": 23.588871666666666,
      "SOG": 0,
      "MOVINGTIME": 1620.0,
      "ARRIVALTIME": "20251204173942"
    },
    {
      "SEQ": 205,
      "BEFORE_NODE": 205.0,
      "AFTER_NODE": 206.0,
      "BEFORE_LAT": 37.954141666666665,
      "BEFORE_LON": 23.588871666666666,
      "AFTER_LAT": 37.954128,
      "AFTER_LON": 23.588863,
      "SOG": 0.1,
      "MOVINGTIME": 1698.0,
      "ARRIVALTIME": "20251204180800"
    },
    {
      "SEQ": 206,
      "BEFORE_NODE": 206.0,
      "AFTER_NODE": 207.0,
      "BEFORE_LAT": 37.954128,
      "BEFORE_LON": 23.588863,
      "AFTER_LAT": 37.954163,
      "AFTER_LON": 23.588861,
      "SOG": 0,
      "MOVINGTIME": 1800.0,
      "ARRIVALTIME": "20251204183800"
    },
    {
      "SEQ": 207,
      "BEFORE_NODE": 207.0,
      "AFTER_NODE": 208.0,
      "BEFORE_LAT": 37.954163,
      "BEFORE_LON": 23.588861,
      "AFTER_LAT": 37.95413666666666,
      "AFTER_LON": 23.588866666666668,
      "SOG": 0,
      "MOVINGTIME": 1722.0,
      "ARRIVALTIME": "20251204190642"
    },
    {
      "SEQ": 208,
      "BEFORE_NODE": 208.0,
      "AFTER_NODE": 209.0,
      "BEFORE_LAT": 37.95413666666666,
      "BEFORE_LON": 23.588866666666668,
      "AFTER_LAT": 37.954148333333336,
      "AFTER_LON": 23.58887,
      "SOG": 0,
      "MOVINGTIME": 2160.0,
      "ARRIVALTIME": "20251204194242"
    },
    {
      "SEQ": 209,
      "BEFORE_NODE": 209.0,
      "AFTER_NODE": 210.0,
      "BEFORE_LAT": 37.954148333333336,
      "BEFORE_LON": 23.58887,
      "AFTER_LAT": 37.954141666666665,
      "AFTER_LON": 23.588896666666667,
      "SOG": 0,
      "MOVINGTIME": 1800.0,
      "ARRIVALTIME": "20251204201242"
    },
    {
      "SEQ": 210,
      "BEFORE_NODE": 210.0,
      "AFTER_NODE": 211.0,
      "BEFORE_LAT": 37.954141666666665,
      "BEFORE_LON": 23.588896666666667,
      "AFTER_LAT": 37.954145,
      "AFTER_LON": 23.588871666666666,
      "SOG": 0,
      "MOVINGTIME": 1800.0,
      "ARRIVALTIME": "20251204204242"
    },
    {
      "SEQ": 211,
      "BEFORE_NODE": 211.0,
      "AFTER_NODE": 212.0,
      "BEFORE_LAT": 37.954145,
      "BEFORE_LON": 23.588871666666666,
      "AFTER_LAT": 37.954135,
      "AFTER_LON": 23.588888333333333,
      "SOG": 0,
      "MOVINGTIME": 1800.0,
      "ARRIVALTIME": "20251204211242"
    },
    {
      "SEQ": 212,
      "BEFORE_NODE": 212.0,
      "AFTER_NODE": 213.0,
      "BEFORE_LAT": 37.954135,
      "BEFORE_LON": 23.588888333333333,
      "AFTER_LAT": 37.95415333333333,
      "AFTER_LON": 23.58885,
      "SOG": 0,
      "MOVINGTIME": 1800.0,
      "ARRIVALTIME": "20251204214242"
    },
    {
      "SEQ": 213,
      "BEFORE_NODE": 213.0,
      "AFTER_NODE": 214.0,
      "BEFORE_LAT": 37.95415333333333,
      "BEFORE_LON": 23.58885,
      "AFTER_LAT": 37.954118333333334,
      "AFTER_LON": 23.588898333333333,
      "SOG": 0,
      "MOVINGTIME": 1440.0,
      "ARRIVALTIME": "20251204220642"
    },
    {
      "SEQ": 214,
      "BEFORE_NODE": 214.0,
      "AFTER_NODE": 215.0,
      "BEFORE_LAT": 37.954118333333334,
      "BEFORE_LON": 23.588898333333333,
      "AFTER_LAT": 37.954166,
      "AFTER_LON": 23.588882,
      "SOG": 0.1,
      "MOVINGTIME": 2178.0,
      "ARRIVALTIME": "20251204224300"
    },
    {
      "SEQ": 215,
      "BEFORE_NODE": 215.0,
      "AFTER_NODE": 216.0,
      "BEFORE_LAT": 37.954166,
      "BEFORE_LON": 23.588882,
      "AFTER_LAT": 37.954128,
      "AFTER_LON": 23.588884,
      "SOG": 0.1,
      "MOVINGTIME": 1800.0,
      "ARRIVALTIME": "20251204231300"
    },
    {
      "SEQ": 216,
      "BEFORE_NODE": 216.0,
      "AFTER_NODE": 217.0,
      "BEFORE_LAT": 37.954128,
      "BEFORE_LON": 23.588884,
      "AFTER_LAT": 37.95410666666667,
      "AFTER_LON": 23.58890166666667,
      "SOG": 0,
      "MOVINGTIME": 1782.0,
      "ARRIVALTIME": "20251204234242"
    },
    {
      "SEQ": 217,
      "BEFORE_NODE": 217.0,
      "AFTER_NODE": 218.0,
      "BEFORE_LAT": 37.95410666666667,
      "BEFORE_LON": 23.58890166666667,
      "AFTER_LAT": 37.954143333333334,
      "AFTER_LON": 23.588855,
      "SOG": 0,
      "MOVINGTIME": 1800.0,
      "ARRIVALTIME": "20251205001242"
    },
    {
      "SEQ": 218,
      "BEFORE_NODE": 218.0,
      "AFTER_NODE": 219.0,
      "BEFORE_LAT": 37.954143333333334,
      "BEFORE_LON": 23.588855,
      "AFTER_LAT": 37.954155,
      "AFTER_LON": 23.588875,
      "SOG": 0,
      "MOVINGTIME": 1800.0,
      "ARRIVALTIME": "20251205004242"
    },
    {
      "SEQ": 219,
      "BEFORE_NODE": 219.0,
      "AFTER_NODE": 220.0,
      "BEFORE_LAT": 37.954155,
      "BEFORE_LON": 23.588875,
      "AFTER_LAT": 37.954147,
      "AFTER_LON": 23.588894,
      "SOG": 0,
      "MOVINGTIME": 1518.0,
      "ARRIVALTIME": "20251205010800"
    },
    {
      "SEQ": 220,
      "BEFORE_NODE": 220.0,
      "AFTER_NODE": 221.0,
      "BEFORE_LAT": 37.954147,
      "BEFORE_LON": 23.588894,
      "AFTER_LAT": 37.954125,
      "AFTER_LON": 23.588895,
      "SOG": 0,
      "MOVINGTIME": 2082.0,
      "ARRIVALTIME": "20251205014242"
    },
    {
      "SEQ": 221,
      "BEFORE_NODE": 221.0,
      "AFTER_NODE": 222.0,
      "BEFORE_LAT": 37.954125,
      "BEFORE_LON": 23.588895,
      "AFTER_LAT": 37.954166666666666,
      "AFTER_LON": 23.588876666666668,
      "SOG": 0,
      "MOVINGTIME": 1800.0,
      "ARRIVALTIME": "20251205021242"
    },
    {
      "SEQ": 222,
      "BEFORE_NODE": 222.0,
      "AFTER_NODE": 223.0,
      "BEFORE_LAT": 37.954166666666666,
      "BEFORE_LON": 23.588876666666668,
      "AFTER_LAT": 37.954116666666664,
      "AFTER_LON": 23.588898333333333,
      "SOG": 0,
      "MOVINGTIME": 1800.0,
      "ARRIVALTIME": "20251205024242"
    },
    {
      "SEQ": 223,
      "BEFORE_NODE": 223.0,
      "AFTER_NODE": 224.0,
      "BEFORE_LAT": 37.954116666666664,
      "BEFORE_LON": 23.588898333333333,
      "AFTER_LAT": 37.954141666666665,
      "AFTER_LON": 23.588888333333333,
      "SOG": 0,
      "MOVINGTIME": 1800.0,
      "ARRIVALTIME": "20251205031242"
    },
    {
      "SEQ": 224,
      "BEFORE_NODE": 224.0,
      "AFTER_NODE": 225.0,
      "BEFORE_LAT": 37.954141666666665,
      "BEFORE_LON": 23.588888333333333,
      "AFTER_LAT": 37.954163333333334,
      "AFTER_LON": 23.588891666666665,
      "SOG": 0,
      "MOVINGTIME": 1800.0,
      "ARRIVALTIME": "20251205034242"
    },
    {
      "SEQ": 225,
      "BEFORE_NODE": 225.0,
      "AFTER_NODE": 226.0,
      "BEFORE_LAT": 37.954163333333334,
      "BEFORE_LON": 23.588891666666665,
      "AFTER_LAT": 37.95414666666667,
      "AFTER_LON": 23.588885,
      "SOG": 0,
      "MOVINGTIME": 1440.0,
      "ARRIVALTIME": "20251205040642"
    },
    {
      "SEQ": 226,
      "BEFORE_NODE": 226.0,
      "AFTER_NODE": 227.0,
      "BEFORE_LAT": 37.95414666666667,
      "BEFORE_LON": 23.588885,
      "AFTER_LAT": 37.954118333333334,
      "AFTER_LON": 23.588876666666668,
      "SOG": 0,
      "MOVINGTIME": 2160.0,
      "ARRIVALTIME": "20251205044242"
    },
    {
      "SEQ": 227,
      "BEFORE_NODE": 227.0,
      "AFTER_NODE": 228.0,
      "BEFORE_LAT": 37.954118333333334,
      "BEFORE_LON": 23.588876666666668,
      "AFTER_LAT": 37.954144,
      "AFTER_LON": 23.588892,
      "SOG": 0,
      "MOVINGTIME": 1638.0,
      "ARRIVALTIME": "20251205051000"
    },
    {
      "SEQ": 228,
      "BEFORE_NODE": 228.0,
      "AFTER_NODE": 229.0,
      "BEFORE_LAT": 37.954144,
      "BEFORE_LON": 23.588892,
      "AFTER_LAT": 37.954118333333334,
      "AFTER_LON": 23.588898333333333,
      "SOG": 0,
      "MOVINGTIME": 1962.0,
      "ARRIVALTIME": "20251205054242"
    },
    {
      "SEQ": 229,
      "BEFORE_NODE": 229.0,
      "AFTER_NODE": 230.0,
      "BEFORE_LAT": 37.954118333333334,
      "BEFORE_LON": 23.588898333333333,
      "AFTER_LAT": 37.954128,
      "AFTER_LON": 23.5889,
      "SOG": 0,
      "MOVINGTIME": 1518.0,
      "ARRIVALTIME": "20251205060800"
    },
    {
      "SEQ": 230,
      "BEFORE_NODE": 230.0,
      "AFTER_NODE": 231.0,
      "BEFORE_LAT": 37.954128,
      "BEFORE_LON": 23.5889,
      "AFTER_LAT": 37.954103333333336,
      "AFTER_LON": 23.588888333333333,
      "SOG": 0,
      "MOVINGTIME": 2082.0,
      "ARRIVALTIME": "20251205064242"
    },
    {
      "SEQ": 231,
      "BEFORE_NODE": 231.0,
      "AFTER_NODE": 232.0,
      "BEFORE_LAT": 37.954103333333336,
      "BEFORE_LON": 23.588888333333333,
      "AFTER_LAT": 37.954135,
      "AFTER_LON": 23.58888,
      "SOG": 0,
      "MOVINGTIME": 1800.0,
      "ARRIVALTIME": "20251205071242"
    },
    {
      "SEQ": 232,
      "BEFORE_NODE": 232.0,
      "AFTER_NODE": 233.0,
      "BEFORE_LAT": 37.954135,
      "BEFORE_LON": 23.58888,
      "AFTER_LAT": 37.954132,
      "AFTER_LON": 23.588888,
      "SOG": 0,
      "MOVINGTIME": 1518.0,
      "ARRIVALTIME": "20251205073800"
    },
    {
      "SEQ": 233,
      "BEFORE_NODE": 233.0,
      "AFTER_NODE": 234.0,
      "BEFORE_LAT": 37.954132,
      "BEFORE_LON": 23.588888,
      "AFTER_LAT": 37.946621666666665,
      "AFTER_LON": 23.598596666666666,
      "SOG": 6,
      "MOVINGTIME": 2090.0,
      "ARRIVALTIME": "20251205081250"
    },
    {
      "SEQ": 234,
      "BEFORE_NODE": 234.0,
      "AFTER_NODE": 235.0,
      "BEFORE_LAT": 37.946621666666665,
      "BEFORE_LON": 23.598596666666666,
      "AFTER_LAT": 37.85234166666667,
      "AFTER_LON": 23.607708333333335,
      "SOG": 15,
      "MOVINGTIME": 1806.0,
      "ARRIVALTIME": "20251205084256"
    },
    {
      "SEQ": 235,
      "BEFORE_NODE": 235.0,
      "AFTER_NODE": 236.0,
      "BEFORE_LAT": 37.85234166666667,
      "BEFORE_LON": 23.607708333333335,
      "AFTER_LAT": 37.758941666666665,
      "AFTER_LON": 23.654801666666668,
      "SOG": 14.3,
      "MOVINGTIME": 1499.0,
      "ARRIVALTIME": "20251205090755"
    },
    {
      "SEQ": 236,
      "BEFORE_NODE": 236.0,
      "AFTER_NODE": 237.0,
      "BEFORE_LAT": 37.758941666666665,
      "BEFORE_LON": 23.654801666666668,
      "AFTER_LAT": 37.62681833333333,
      "AFTER_LON": 23.73525,
      "SOG": 16.7,
      "MOVINGTIME": 2100.0,
      "ARRIVALTIME": "20251205094255"
    },
    {
      "SEQ": 237,
      "BEFORE_NODE": 237.0,
      "AFTER_NODE": 238.0,
      "BEFORE_LAT": 37.62681833333333,
      "BEFORE_LON": 23.73525,
      "AFTER_LAT": 37.563873,
      "AFTER_LON": 23.858955,
      "SOG": 16.2,
      "MOVINGTIME": 1805.0,
      "ARRIVALTIME": "20251205101300"
    },
    {
      "SEQ": 238,
      "BEFORE_NODE": 238.0,
      "AFTER_NODE": 239.0,
      "BEFORE_LAT": 37.563873,
      "BEFORE_LON": 23.858955,
      "AFTER_LAT": 37.547794,
      "AFTER_LON": 24.023087,
      "SOG": 16.2,
      "MOVINGTIME": 1620.0,
      "ARRIVALTIME": "20251205104000"
    },
    {
      "SEQ": 239,
      "BEFORE_NODE": 239.0,
      "AFTER_NODE": 240.0,
      "BEFORE_LAT": 37.547794,
      "BEFORE_LON": 24.023087,
      "AFTER_LAT": 37.599297,
      "AFTER_LON": 24.12365,
      "SOG": 17.5,
      "MOVINGTIME": 1620.0,
      "ARRIVALTIME": "20251205110700"
    },
    {
      "SEQ": 240,
      "BEFORE_NODE": 240.0,
      "AFTER_NODE": 241.0,
      "BEFORE_LAT": 37.599297,
      "BEFORE_LON": 24.12365,
      "AFTER_LAT": 37.734813333333335,
      "AFTER_LON": 24.32528,
      "SOG": 17.7,
      "MOVINGTIME": 2143.0,
      "ARRIVALTIME": "20251205114243"
    },
    {
      "SEQ": 241,
      "BEFORE_NODE": 241.0,
      "AFTER_NODE": 242.0,
      "BEFORE_LAT": 37.734813333333335,
      "BEFORE_LON": 24.32528,
      "AFTER_LAT": 37.84118,
      "AFTER_LON": 24.454058333333332,
      "SOG": 17.3,
      "MOVINGTIME": 1807.0,
      "ARRIVALTIME": "20251205121250"
    },
    {
      "SEQ": 242,
      "BEFORE_NODE": 242.0,
      "AFTER_NODE": 243.0,
      "BEFORE_LAT": 37.84118,
      "BEFORE_LON": 24.454058333333332,
      "AFTER_LAT": 37.933393333333335,
      "AFTER_LON": 24.572503333333334,
      "SOG": 18,
      "MOVINGTIME": 1614.0,
      "ARRIVALTIME": "20251205123944"
    },
    {
      "SEQ": 243,
      "BEFORE_NODE": 243.0,
      "AFTER_NODE": 244.0,
      "BEFORE_LAT": 37.933393333333335,
      "BEFORE_LON": 24.572503333333334,
      "AFTER_LAT": 38.027866,
      "AFTER_LON": 24.648617,
      "SOG": 18.2,
      "MOVINGTIME": 1696.0,
      "ARRIVALTIME": "20251205130800"
    },
    {
      "SEQ": 244,
      "BEFORE_NODE": 244.0,
      "AFTER_NODE": 245.0,
      "BEFORE_LAT": 38.027866,
      "BEFORE_LON": 24.648617,
      "AFTER_LAT": 38.157505,
      "AFTER_LON": 24.740007,
      "SOG": 17.2,
      "MOVINGTIME": 1800.0,
      "ARRIVALTIME": "20251205133800"
    },
    {
      "SEQ": 245,
      "BEFORE_NODE": 245.0,
      "AFTER_NODE": 246.0,
      "BEFORE_LAT": 38.157505,
      "BEFORE_LON": 24.740007,
      "AFTER_LAT": 38.286312,
      "AFTER_LON": 24.827583,
      "SOG": 17.7,
      "MOVINGTIME": 1740.0,
      "ARRIVALTIME": "20251205140700"
    },
    {
      "SEQ": 246,
      "BEFORE_NODE": 246.0,
      "AFTER_NODE": 247.0,
      "BEFORE_LAT": 38.286312,
      "BEFORE_LON": 24.827583,
      "AFTER_LAT": 38.421574,
      "AFTER_LON": 24.918865,
      "SOG": 18.2,
      "MOVINGTIME": 1800.0,
      "ARRIVALTIME": "20251205143700"
    },
    {
      "SEQ": 247,
      "BEFORE_NODE": 247.0,
      "AFTER_NODE": 248.0,
      "BEFORE_LAT": 38.421574,
      "BEFORE_LON": 24.918865,
      "AFTER_LAT": 38.556919,
      "AFTER_LON": 25.008856,
      "SOG": 18.1,
      "MOVINGTIME": 1740.0,
      "ARRIVALTIME": "20251205150600"
    },
    {
      "SEQ": 248,
      "BEFORE_NODE": 248.0,
      "AFTER_NODE": 249.0,
      "BEFORE_LAT": 38.556919,
      "BEFORE_LON": 25.008856,
      "AFTER_LAT": 38.691895,
      "AFTER_LON": 25.098967,
      "SOG": 18.3,
      "MOVINGTIME": 1860.0,
      "ARRIVALTIME": "20251205153700"
    },
    {
      "SEQ": 249,
      "BEFORE_NODE": 249.0,
      "AFTER_NODE": 250.0,
      "BEFORE_LAT": 38.691895,
      "BEFORE_LON": 25.098967,
      "AFTER_LAT": 38.779984,
      "AFTER_LON": 25.164717,
      "SOG": 6.5,
      "MOVINGTIME": 1260.0,
      "ARRIVALTIME": "20251205155800"
    },
    {
      "SEQ": 250,
      "BEFORE_NODE": 250.0,
      "AFTER_NODE": 251.0,
      "BEFORE_LAT": 38.779984,
      "BEFORE_LON": 25.164717,
      "AFTER_LAT": 38.716408,
      "AFTER_LON": 25.119802,
      "SOG": 8.1,
      "MOVINGTIME": 2280.0,
      "ARRIVALTIME": "20251205163600"
    },
    {
      "SEQ": 251,
      "BEFORE_NODE": 251.0,
      "AFTER_NODE": 252.0,
      "BEFORE_LAT": 38.716408,
      "BEFORE_LON": 25.119802,
      "AFTER_LAT": 38.592594,
      "AFTER_LON": 25.032578,
      "SOG": 8.1,
      "MOVINGTIME": 3540.0,
      "ARRIVALTIME": "20251205173500"
    },
    {
      "SEQ": 252,
      "BEFORE_NODE": 252.0,
      "AFTER_NODE": 253.0,
      "BEFORE_LAT": 38.592594,
      "BEFORE_LON": 25.032578,
      "AFTER_LAT": 38.548733,
      "AFTER_LON": 25.00749,
      "SOG": 8.1,
      "MOVINGTIME": 1860.0,
      "ARRIVALTIME": "20251205180600"
    },
    {
      "SEQ": 253,
      "BEFORE_NODE": 253.0,
      "AFTER_NODE": 254.0,
      "BEFORE_LAT": 38.548733,
      "BEFORE_LON": 25.00749,
      "AFTER_LAT": 38.454681,
      "AFTER_LON": 24.945,
      "SOG": 7.5,
      "MOVINGTIME": 1860.0,
      "ARRIVALTIME": "20251205183700"
    },
    {
      "SEQ": 254,
      "BEFORE_NODE": 254.0,
      "AFTER_NODE": 255.0,
      "BEFORE_LAT": 38.454681,
      "BEFORE_LON": 24.945,
      "AFTER_LAT": 38.519665,
      "AFTER_LON": 24.978004,
      "SOG": 11.8,
      "MOVINGTIME": 1860.0,
      "ARRIVALTIME": "20251205190800"
    },
    {
      "SEQ": 255,
      "BEFORE_NODE": 255.0,
      "AFTER_NODE": 256.0,
      "BEFORE_LAT": 38.519665,
      "BEFORE_LON": 24.978004,
      "AFTER_LAT": 38.583393,
      "AFTER_LON": 25.02054,
      "SOG": 12.3,
      "MOVINGTIME": 1560.0,
      "ARRIVALTIME": "20251205193400"
    },
    {
      "SEQ": 256,
      "BEFORE_NODE": 256.0,
      "AFTER_NODE": 257.0,
      "BEFORE_LAT": 38.583393,
      "BEFORE_LON": 25.02054,
      "AFTER_LAT": 38.678761,
      "AFTER_LON": 25.082781,
      "SOG": 12.1,
      "MOVINGTIME": 1920.0,
      "ARRIVALTIME": "20251205200600"
    },
    {
      "SEQ": 257,
      "BEFORE_NODE": 257.0,
      "AFTER_NODE": 258.0,
      "BEFORE_LAT": 38.678761,
      "BEFORE_LON": 25.082781,
      "AFTER_LAT": 38.767059,
      "AFTER_LON": 25.149759,
      "SOG": 12.6,
      "MOVINGTIME": 1740.0,
      "ARRIVALTIME": "20251205203500"
    },
    {
      "SEQ": 258,
      "BEFORE_NODE": 258.0,
      "AFTER_NODE": 259.0,
      "BEFORE_LAT": 38.767059,
      "BEFORE_LON": 25.149759,
      "AFTER_LAT": 38.860615,
      "AFTER_LON": 25.219013,
      "SOG": 12.6,
      "MOVINGTIME": 1800.0,
      "ARRIVALTIME": "20251205210500"
    },
    {
      "SEQ": 259,
      "BEFORE_NODE": 259.0,
      "AFTER_NODE": 260.0,
      "BEFORE_LAT": 38.860615,
      "BEFORE_LON": 25.219013,
      "AFTER_LAT": 38.955524,
      "AFTER_LON": 25.286781,
      "SOG": 12.5,
      "MOVINGTIME": 1920.0,
      "ARRIVALTIME": "20251205213700"
    },
    {
      "SEQ": 260,
      "BEFORE_NODE": 260.0,
      "AFTER_NODE": 261.0,
      "BEFORE_LAT": 38.955524,
      "BEFORE_LON": 25.286781,
      "AFTER_LAT": 39.045193,
      "AFTER_LON": 25.348629,
      "SOG": 12.3,
      "MOVINGTIME": 1680.0,
      "ARRIVALTIME": "20251205220500"
    },
    {
      "SEQ": 261,
      "BEFORE_NODE": 261.0,
      "AFTER_NODE": 262.0,
      "BEFORE_LAT": 39.045193,
      "BEFORE_LON": 25.348629,
      "AFTER_LAT": 39.141472,
      "AFTER_LON": 25.403381,
      "SOG": 12.3,
      "MOVINGTIME": 1860.0,
      "ARRIVALTIME": "20251205223600"
    },
    {
      "SEQ": 262,
      "BEFORE_NODE": 262.0,
      "AFTER_NODE": 263.0,
      "BEFORE_LAT": 39.141472,
      "BEFORE_LON": 25.403381,
      "AFTER_LAT": 39.236813,
      "AFTER_LON": 25.457439,
      "SOG": 12.3,
      "MOVINGTIME": 1800.0,
      "ARRIVALTIME": "20251205230600"
    },
    {
      "SEQ": 263,
      "BEFORE_NODE": 263.0,
      "AFTER_NODE": 264.0,
      "BEFORE_LAT": 39.236813,
      "BEFORE_LON": 25.457439,
      "AFTER_LAT": 39.332661,
      "AFTER_LON": 25.515976,
      "SOG": 12.3,
      "MOVINGTIME": 1800.0,
      "ARRIVALTIME": "20251205233600"
    },
    {
      "SEQ": 264,
      "BEFORE_NODE": 264.0,
      "AFTER_NODE": 265.0,
      "BEFORE_LAT": 39.332661,
      "BEFORE_LON": 25.515976,
      "AFTER_LAT": 39.424641,
      "AFTER_LON": 25.570082,
      "SOG": 12.3,
      "MOVINGTIME": 1620.0,
      "ARRIVALTIME": "20251206000300"
    },
    {
      "SEQ": 265,
      "BEFORE_NODE": 265.0,
      "AFTER_NODE": 266.0,
      "BEFORE_LAT": 39.424641,
      "BEFORE_LON": 25.570082,
      "AFTER_LAT": 39.512936,
      "AFTER_LON": 25.634539,
      "SOG": 11.8,
      "MOVINGTIME": 1800.0,
      "ARRIVALTIME": "20251206003300"
    },
    {
      "SEQ": 266,
      "BEFORE_NODE": 266.0,
      "AFTER_NODE": 267.0,
      "BEFORE_LAT": 39.512936,
      "BEFORE_LON": 25.634539,
      "AFTER_LAT": 39.570763,
      "AFTER_LON": 25.67248,
      "SOG": 11.8,
      "MOVINGTIME": 1620.0,
      "ARRIVALTIME": "20251206010000"
    },
    {
      "SEQ": 267,
      "BEFORE_NODE": 267.0,
      "AFTER_NODE": 268.0,
      "BEFORE_LAT": 39.570763,
      "BEFORE_LON": 25.67248,
      "AFTER_LAT": 39.65778,
      "AFTER_LON": 25.733126,
      "SOG": 11.3,
      "MOVINGTIME": 1620.0,
      "ARRIVALTIME": "20251206012700"
    },
    {
      "SEQ": 268,
      "BEFORE_NODE": 268.0,
      "AFTER_NODE": 269.0,
      "BEFORE_LAT": 39.65778,
      "BEFORE_LON": 25.733126,
      "AFTER_LAT": 39.770805,
      "AFTER_LON": 25.817261,
      "SOG": 11.3,
      "MOVINGTIME": 2340.0,
      "ARRIVALTIME": "20251206020600"
    },
    {
      "SEQ": 269,
      "BEFORE_NODE": 269.0,
      "AFTER_NODE": 270.0,
      "BEFORE_LAT": 39.770805,
      "BEFORE_LON": 25.817261,
      "AFTER_LAT": 39.850136,
      "AFTER_LON": 25.852842,
      "SOG": 10.5,
      "MOVINGTIME": 1860.0,
      "ARRIVALTIME": "20251206023700"
    },
    {
      "SEQ": 270,
      "BEFORE_NODE": 270.0,
      "AFTER_NODE": 271.0,
      "BEFORE_LAT": 39.850136,
      "BEFORE_LON": 25.852842,
      "AFTER_LAT": 39.919003,
      "AFTER_LON": 25.923391,
      "SOG": 8.1,
      "MOVINGTIME": 1920.0,
      "ARRIVALTIME": "20251206030900"
    },
    {
      "SEQ": 271,
      "BEFORE_NODE": 271.0,
      "AFTER_NODE": 272.0,
      "BEFORE_LAT": 39.919003,
      "BEFORE_LON": 25.923391,
      "AFTER_LAT": 39.963268,
      "AFTER_LON": 25.984911,
      "SOG": 8,
      "MOVINGTIME": 1620.0,
      "ARRIVALTIME": "20251206033600"
    },
    {
      "SEQ": 272,
      "BEFORE_NODE": 272.0,
      "AFTER_NODE": 273.0,
      "BEFORE_LAT": 39.963268,
      "BEFORE_LON": 25.984911,
      "AFTER_LAT": 39.992668,
      "AFTER_LON": 26.07106,
      "SOG": 11.8,
      "MOVINGTIME": 1560.0,
      "ARRIVALTIME": "20251206040200"
    },
    {
      "SEQ": 273,
      "BEFORE_NODE": 273.0,
      "AFTER_NODE": 274.0,
      "BEFORE_LAT": 39.992668,
      "BEFORE_LON": 26.07106,
      "AFTER_LAT": 40.019215,
      "AFTER_LON": 26.189917,
      "SOG": 6.5,
      "MOVINGTIME": 2220.0,
      "ARRIVALTIME": "20251206043900"
    },
    {
      "SEQ": 274,
      "BEFORE_NODE": 274.0,
      "AFTER_NODE": 275.0,
      "BEFORE_LAT": 40.019215,
      "BEFORE_LON": 26.189917,
      "AFTER_LAT": 40.057999,
      "AFTER_LON": 26.300108,
      "SOG": 14.1,
      "MOVINGTIME": 1680.0,
      "ARRIVALTIME": "20251206050700"
    },
    {
      "SEQ": 275,
      "BEFORE_NODE": 275.0,
      "AFTER_NODE": 276.0,
      "BEFORE_LAT": 40.057999,
      "BEFORE_LON": 26.300108,
      "AFTER_LAT": 40.14748,
      "AFTER_LON": 26.391943,
      "SOG": 13,
      "MOVINGTIME": 1560.0,
      "ARRIVALTIME": "20251206053300"
    },
    {
      "SEQ": 276,
      "BEFORE_NODE": 276.0,
      "AFTER_NODE": 277.0,
      "BEFORE_LAT": 40.14748,
      "BEFORE_LON": 26.391943,
      "AFTER_LAT": 40.271301,
      "AFTER_LON": 26.540943,
      "SOG": 14.1,
      "MOVINGTIME": 3720.0,
      "ARRIVALTIME": "20251206063500"
    },
    {
      "SEQ": 277,
      "BEFORE_NODE": 277.0,
      "AFTER_NODE": 278.0,
      "BEFORE_LAT": 40.271301,
      "BEFORE_LON": 26.540943,
      "AFTER_LAT": 40.351231,
      "AFTER_LON": 26.654737,
      "SOG": 14.1,
      "MOVINGTIME": 1560.0,
      "ARRIVALTIME": "20251206070100"
    },
    {
      "SEQ": 278,
      "BEFORE_NODE": 278.0,
      "AFTER_NODE": 279.0,
      "BEFORE_LAT": 40.351231,
      "BEFORE_LON": 26.654737,
      "AFTER_LAT": 40.411572,
      "AFTER_LON": 26.724508,
      "SOG": 10.1,
      "MOVINGTIME": 1800.0,
      "ARRIVALTIME": "20251206073100"
    },
    {
      "SEQ": 279,
      "BEFORE_NODE": 279.0,
      "AFTER_NODE": 280.0,
      "BEFORE_LAT": 40.411572,
      "BEFORE_LON": 26.724508,
      "AFTER_LAT": 40.451939,
      "AFTER_LON": 26.823462,
      "SOG": 10.6,
      "MOVINGTIME": 1860.0,
      "ARRIVALTIME": "20251206080200"
    },
    {
      "SEQ": 280,
      "BEFORE_NODE": 280.0,
      "AFTER_NODE": 281.0,
      "BEFORE_LAT": 40.451939,
      "BEFORE_LON": 26.823462,
      "AFTER_LAT": 40.494114,
      "AFTER_LON": 26.971874,
      "SOG": 10.5,
      "MOVINGTIME": 1980.0,
      "ARRIVALTIME": "20251206083500"
    },
    {
      "SEQ": 281,
      "BEFORE_NODE": 281.0,
      "AFTER_NODE": 282.0,
      "BEFORE_LAT": 40.494114,
      "BEFORE_LON": 26.971874,
      "AFTER_LAT": 40.516708,
      "AFTER_LON": 27.041836,
      "SOG": 10.1,
      "MOVINGTIME": 1500.0,
      "ARRIVALTIME": "20251206090000"
    },
    {
      "SEQ": 282,
      "BEFORE_NODE": 282.0,
      "AFTER_NODE": 283.0,
      "BEFORE_LAT": 40.516708,
      "BEFORE_LON": 27.041836,
      "AFTER_LAT": 40.567848,
      "AFTER_LON": 27.173216,
      "SOG": 10.1,
      "MOVINGTIME": 2160.0,
      "ARRIVALTIME": "20251206093600"
    },
    {
      "SEQ": 283,
      "BEFORE_NODE": 283.0,
      "AFTER_NODE": 284.0,
      "BEFORE_LAT": 40.567848,
      "BEFORE_LON": 27.173216,
      "AFTER_LAT": 40.590351,
      "AFTER_LON": 27.240088,
      "SOG": 10.1,
      "MOVINGTIME": 1380.0,
      "ARRIVALTIME": "20251206095900"
    },
    {
      "SEQ": 284,
      "BEFORE_NODE": 284.0,
      "AFTER_NODE": 285.0,
      "BEFORE_LAT": 40.590351,
      "BEFORE_LON": 27.240088,
      "AFTER_LAT": 40.627018,
      "AFTER_LON": 27.346142,
      "SOG": 10.5,
      "MOVINGTIME": 1860.0,
      "ARRIVALTIME": "20251206103000"
    },
    {
      "SEQ": 285,
      "BEFORE_NODE": 285.0,
      "AFTER_NODE": 286.0,
      "BEFORE_LAT": 40.627018,
      "BEFORE_LON": 27.346142,
      "AFTER_LAT": 40.661983,
      "AFTER_LON": 27.450951,
      "SOG": 10.6,
      "MOVINGTIME": 1740.0,
      "ARRIVALTIME": "20251206105900"
    },
    {
      "SEQ": 286,
      "BEFORE_NODE": 286.0,
      "AFTER_NODE": 287.0,
      "BEFORE_LAT": 40.661983,
      "BEFORE_LON": 27.450951,
      "AFTER_LAT": 40.694031,
      "AFTER_LON": 27.558941,
      "SOG": 10.6,
      "MOVINGTIME": 1740.0,
      "ARRIVALTIME": "20251206112800"
    },
    {
      "SEQ": 287,
      "BEFORE_NODE": 287.0,
      "AFTER_NODE": 288.0,
      "BEFORE_LAT": 40.694031,
      "BEFORE_LON": 27.558941,
      "AFTER_LAT": 40.723961,
      "AFTER_LON": 27.678101,
      "SOG": 10.6,
      "MOVINGTIME": 1860.0,
      "ARRIVALTIME": "20251206115900"
    },
    {
      "SEQ": 288,
      "BEFORE_NODE": 288.0,
      "AFTER_NODE": 289.0,
      "BEFORE_LAT": 40.723961,
      "BEFORE_LON": 27.678101,
      "AFTER_LAT": 40.741882,
      "AFTER_LON": 27.83206,
      "SOG": 10.6,
      "MOVINGTIME": 2220.0,
      "ARRIVALTIME": "20251206123600"
    },
    {
      "SEQ": 289,
      "BEFORE_NODE": 289.0,
      "AFTER_NODE": 290.0,
      "BEFORE_LAT": 40.741882,
      "BEFORE_LON": 27.83206,
      "AFTER_LAT": 40.748928,
      "AFTER_LON": 27.906044,
      "SOG": 10.6,
      "MOVINGTIME": 1440.0,
      "ARRIVALTIME": "20251206130000"
    },
    {
      "SEQ": 290,
      "BEFORE_NODE": 290.0,
      "AFTER_NODE": 291.0,
      "BEFORE_LAT": 40.748928,
      "BEFORE_LON": 27.906044,
      "AFTER_LAT": 40.760895,
      "AFTER_LON": 28.02368,
      "SOG": 10.8,
      "MOVINGTIME": 1680.0,
      "ARRIVALTIME": "20251206132800"
    },
    {
      "SEQ": 291,
      "BEFORE_NODE": 291.0,
      "AFTER_NODE": 292.0,
      "BEFORE_LAT": 40.760895,
      "BEFORE_LON": 28.02368,
      "AFTER_LAT": 40.773361,
      "AFTER_LON": 28.145134,
      "SOG": 10.5,
      "MOVINGTIME": 2220.0,
      "ARRIVALTIME": "20251206140500"
    }
  ]
}