{
  "mmsi": "636016704",
  "PredResult": [
    {
      "SEQ": 0,
      "BEFORE_NODE": 0.0,
      "AFTER_NODE": 1.0,
      "BEFORE_LAT": 30.49172,
      "BEFORE_LON": 122.4872,
      "AFTER_LAT": 30.533581,
      "AFTER_LON": 122.42802,
      "SOG": 12.1,
      "MOVINGTIME": 4080.0,
      "ARRIVALTIME": "20251129155600"
    },
    {
      "SEQ": 1,
      "BEFORE_NODE": 1.0,
      "AFTER_NODE": 2.0,
      "BEFORE_LAT": 30.533581,
      "BEFORE_LON": 122.42802,
      "AFTER_LAT": 30.554546,
      "AFTER_LON": 122.32155,
      "SOG": 9.1,
      "MOVINGTIME": 1560.0,
      "ARRIVALTIME": "20251129162200"
    },
    {
      "SEQ": 2,
      "BEFORE_NODE": 2.0,
      "AFTER_NODE": 3.0,
      "BEFORE_LAT": 30.554546,
      "BEFORE_LON": 122.32155,
      "AFTER_LAT": 30.562874,
      "AFTER_LON": 122.25225,
      "SOG": 13.1,
      "MOVINGTIME": 1920.0,
      "ARRIVALTIME": "20251129165400"
    },
    {
      "SEQ": 3,
      "BEFORE_NODE": 3.0,
      "AFTER_NODE": 4.0,
      "BEFORE_LAT": 30.562874,
      "BEFORE_LON": 122.25225,
      "AFTER_LAT": 30.579308,
      "AFTER_LON": 122.13492,
      "SOG": 13.5,
      "MOVINGTIME": 1620.0,
      "ARRIVALTIME": "20251129172100"
    },
    {
      "SEQ": 4,
      "BEFORE_NODE": 4.0,
      "AFTER_NODE": 5.0,
      "BEFORE_LAT": 30.579308,
      "BEFORE_LON": 122.13492,
      "AFTER_LAT": 30.627701,
      "AFTER_LON": 122.03991,
      "SOG": 6.3,
      "MOVINGTIME": 1920.0,
      "ARRIVALTIME": "20251129175300"
    },
    {
      "SEQ": 5,
      "BEFORE_NODE": 5.0,
      "AFTER_NODE": 6.0,
      "BEFORE_LAT": 30.627701,
      "BEFORE_LON": 122.03991,
      "AFTER_LAT": 30.648567,
      "AFTER_LON": 122.01369,
      "SOG": 2.2,
      "MOVINGTIME": 2571.0,
      "ARRIVALTIME": "20251129183551"
    },
    {
      "SEQ": 6,
      "BEFORE_NODE": 6.0,
      "AFTER_NODE": 7.0,
      "BEFORE_LAT": 30.648567,
      "BEFORE_LON": 122.01369,
      "AFTER_LAT": 30.653034,
      "AFTER_LON": 122.01832,
      "SOG": 0.5,
      "MOVINGTIME": 969.0,
      "ARRIVALTIME": "20251129185200"
    },
    {
      "SEQ": 7,
      "BEFORE_NODE": 7.0,
      "AFTER_NODE": 8.0,
      "BEFORE_LAT": 30.653034,
      "BEFORE_LON": 122.01832,
      "AFTER_LAT": 30.653584,
      "AFTER_LON": 122.0182,
      "SOG": 0,
      "MOVINGTIME": 1860.0,
      "ARRIVALTIME": "20251129192300"
    },
    {
      "SEQ": 8,
      "BEFORE_NODE": 8.0,
      "AFTER_NODE": 9.0,
      "BEFORE_LAT": 30.653584,
      "BEFORE_LON": 122.0182,
      "AFTER_LAT": 30.65358,
      "AFTER_LON": 122.01821,
      "SOG": 0,
      "MOVINGTIME": 1680.0,
      "ARRIVALTIME": "20251129195100"
    },
    {
      "SEQ": 9,
      "BEFORE_NODE": 9.0,
      "AFTER_NODE": 10.0,
      "BEFORE_LAT": 30.65358,
      "BEFORE_LON": 122.01821,
      "AFTER_LAT": 30.65358,
      "AFTER_LON": 122.01821,
      "SOG": 0,
      "MOVINGTIME": 1560.0,
      "ARRIVALTIME": "20251129201700"
    },
    {
      "SEQ": 10,
      "BEFORE_NODE": 10.0,
      "AFTER_NODE": 11.0,
      "BEFORE_LAT": 30.65358,
      "BEFORE_LON": 122.01821,
      "AFTER_LAT": 30.65358,
      "AFTER_LON": 122.0182,
      "SOG": 0,
      "MOVINGTIME": 2100.0,
      "ARRIVALTIME": "20251129205200"
    },
    {
      "SEQ": 11,
      "BEFORE_NODE": 11.0,
      "AFTER_NODE": 12.0,
      "BEFORE_LAT": 30.65358,
      "BEFORE_LON": 122.0182,
      "AFTER_LAT": 30.653584,
      "AFTER_LON": 122.0182,
      "SOG": 0,
      "MOVINGTIME": 1740.0,
      "ARRIVALTIME": "20251129212100"
    },
    {
      "SEQ": 12,
      "BEFORE_NODE": 12.0,
      "AFTER_NODE": 13.0,
      "BEFORE_LAT": 30.653584,
      "BEFORE_LON": 122.0182,
      "AFTER_LAT": 30.65358,
      "AFTER_LON": 122.01821,
      "SOG": 0,
      "MOVINGTIME": 1980.0,
      "ARRIVALTIME": "20251129215400"
    },
    {
      "SEQ": 13,
      "BEFORE_NODE": 13.0,
      "AFTER_NODE": 14.0,
      "BEFORE_LAT": 30.65358,
      "BEFORE_LON": 122.01821,
      "AFTER_LAT": 30.653587,
      "AFTER_LON": 122.01819,
      "SOG": 0,
      "MOVINGTIME": 1860.0,
      "ARRIVALTIME": "20251129222500"
    },
    {
      "SEQ": 14,
      "BEFORE_NODE": 14.0,
      "AFTER_NODE": 15.0,
      "BEFORE_LAT": 30.653587,
      "BEFORE_LON": 122.01819,
      "AFTER_LAT": 30.653593,
      "AFTER_LON": 122.01816,
      "SOG": 0,
      "MOVINGTIME": 1500.0,
      "ARRIVALTIME": "20251129225000"
    },
    {
      "SEQ": 15,
      "BEFORE_NODE": 15.0,
      "AFTER_NODE": 16.0,
      "BEFORE_LAT": 30.653593,
      "BEFORE_LON": 122.01816,
      "AFTER_LAT": 30.653574,
      "AFTER_LON": 122.0182,
      "SOG": 0,
      "MOVINGTIME": 3720.0,
      "ARRIVALTIME": "20251129235200"
    },
    {
      "SEQ": 16,
      "BEFORE_NODE": 16.0,
      "AFTER_NODE": 17.0,
      "BEFORE_LAT": 30.653574,
      "BEFORE_LON": 122.0182,
      "AFTER_LAT": 30.653566,
      "AFTER_LON": 122.01819,
      "SOG": 0,
      "MOVINGTIME": 1740.0,
      "ARRIVALTIME": "20251130002100"
    },
    {
      "SEQ": 17,
      "BEFORE_NODE": 17.0,
      "AFTER_NODE": 18.0,
      "BEFORE_LAT": 30.653566,
      "BEFORE_LON": 122.01819,
      "AFTER_LAT": 30.653593,
      "AFTER_LON": 122.0182,
      "SOG": 0,
      "MOVINGTIME": 1560.0,
      "ARRIVALTIME": "20251130004700"
    },
    {
      "SEQ": 18,
      "BEFORE_NODE": 18.0,
      "AFTER_NODE": 19.0,
      "BEFORE_LAT": 30.653593,
      "BEFORE_LON": 122.0182,
      "AFTER_LAT": 30.653593,
      "AFTER_LON": 122.01823,
      "SOG": 0,
      "MOVINGTIME": 2280.0,
      "ARRIVALTIME": "20251130012500"
    },
    {
      "SEQ": 19,
      "BEFORE_NODE": 19.0,
      "AFTER_NODE": 20.0,
      "BEFORE_LAT": 30.653593,
      "BEFORE_LON": 122.01823,
      "AFTER_LAT": 30.653587,
      "AFTER_LON": 122.0182,
      "SOG": 0,
      "MOVINGTIME": 1500.0,
      "ARRIVALTIME": "20251130015000"
    },
    {
      "SEQ": 20,
      "BEFORE_NODE": 20.0,
      "AFTER_NODE": 21.0,
      "BEFORE_LAT": 30.653587,
      "BEFORE_LON": 122.0182,
      "AFTER_LAT": 30.653587,
      "AFTER_LON": 122.01819,
      "SOG": 0,
      "MOVINGTIME": 2040.0,
      "ARRIVALTIME": "20251130022400"
    },
    {
      "SEQ": 21,
      "BEFORE_NODE": 21.0,
      "AFTER_NODE": 22.0,
      "BEFORE_LAT": 30.653587,
      "BEFORE_LON": 122.01819,
      "AFTER_LAT": 30.653576,
      "AFTER_LON": 122.0182,
      "SOG": 0,
      "MOVINGTIME": 1980.0,
      "ARRIVALTIME": "20251130025700"
    },
    {
      "SEQ": 22,
      "BEFORE_NODE": 22.0,
      "AFTER_NODE": 23.0,
      "BEFORE_LAT": 30.653576,
      "BEFORE_LON": 122.0182,
      "AFTER_LAT": 30.653584,
      "AFTER_LON": 122.0182,
      "SOG": 0,
      "MOVINGTIME": 1380.0,
      "ARRIVALTIME": "20251130032000"
    },
    {
      "SEQ": 23,
      "BEFORE_NODE": 23.0,
      "AFTER_NODE": 24.0,
      "BEFORE_LAT": 30.653584,
      "BEFORE_LON": 122.0182,
      "AFTER_LAT": 30.653574,
      "AFTER_LON": 122.0182,
      "SOG": 0,
      "MOVINGTIME": 2040.0,
      "ARRIVALTIME": "20251130035400"
    },
    {
      "SEQ": 24,
      "BEFORE_NODE": 24.0,
      "AFTER_NODE": 25.0,
      "BEFORE_LAT": 30.653574,
      "BEFORE_LON": 122.0182,
      "AFTER_LAT": 30.653587,
      "AFTER_LON": 122.0182,
      "SOG": 0,
      "MOVINGTIME": 1860.0,
      "ARRIVALTIME": "20251130042500"
    },
    {
      "SEQ": 25,
      "BEFORE_NODE": 25.0,
      "AFTER_NODE": 26.0,
      "BEFORE_LAT": 30.653587,
      "BEFORE_LON": 122.0182,
      "AFTER_LAT": 30.65358,
      "AFTER_LON": 122.01821,
      "SOG": 0,
      "MOVINGTIME": 3540.0,
      "ARRIVALTIME": "20251130052400"
    },
    {
      "SEQ": 26,
      "BEFORE_NODE": 26.0,
      "AFTER_NODE": 27.0,
      "BEFORE_LAT": 30.65358,
      "BEFORE_LON": 122.01821,
      "AFTER_LAT": 30.653584,
      "AFTER_LON": 122.0182,
      "SOG": 0,
      "MOVINGTIME": 3600.0,
      "ARRIVALTIME": "20251130062400"
    },
    {
      "SEQ": 27,
      "BEFORE_NODE": 27.0,
      "AFTER_NODE": 28.0,
      "BEFORE_LAT": 30.653584,
      "BEFORE_LON": 122.0182,
      "AFTER_LAT": 30.653589,
      "AFTER_LON": 122.01819,
      "SOG": 0,
      "MOVINGTIME": 1680.0,
      "ARRIVALTIME": "20251130065200"
    },
    {
      "SEQ": 28,
      "BEFORE_NODE": 28.0,
      "AFTER_NODE": 29.0,
      "BEFORE_LAT": 30.653589,
      "BEFORE_LON": 122.01819,
      "AFTER_LAT": 30.653574,
      "AFTER_LON": 122.01821,
      "SOG": 0,
      "MOVINGTIME": 1800.0,
      "ARRIVALTIME": "20251130072200"
    },
    {
      "SEQ": 29,
      "BEFORE_NODE": 29.0,
      "AFTER_NODE": 30.0,
      "BEFORE_LAT": 30.653574,
      "BEFORE_LON": 122.01821,
      "AFTER_LAT": 30.653587,
      "AFTER_LON": 122.01819,
      "SOG": 0,
      "MOVINGTIME": 1560.0,
      "ARRIVALTIME": "20251130074800"
    },
    {
      "SEQ": 30,
      "BEFORE_NODE": 30.0,
      "AFTER_NODE": 31.0,
      "BEFORE_LAT": 30.653587,
      "BEFORE_LON": 122.01819,
      "AFTER_LAT": 30.65358,
      "AFTER_LON": 122.0182,
      "SOG": 0,
      "MOVINGTIME": 1980.0,
      "ARRIVALTIME": "20251130082100"
    },
    {
      "SEQ": 31,
      "BEFORE_NODE": 31.0,
      "AFTER_NODE": 32.0,
      "BEFORE_LAT": 30.65358,
      "BEFORE_LON": 122.0182,
      "AFTER_LAT": 30.653584,
      "AFTER_LON": 122.01821,
      "SOG": 0,
      "MOVINGTIME": 1860.0,
      "ARRIVALTIME": "20251130085200"
    },
    {
      "SEQ": 32,
      "BEFORE_NODE": 32.0,
      "AFTER_NODE": 33.0,
      "BEFORE_LAT": 30.653584,
      "BEFORE_LON": 122.01821,
      "AFTER_LAT": 30.65358,
      "AFTER_LON": 122.0182,
      "SOG": 0,
      "MOVINGTIME": 1920.0,
      "ARRIVALTIME": "20251130092400"
    },
    {
      "SEQ": 33,
      "BEFORE_NODE": 33.0,
      "AFTER_NODE": 34.0,
      "BEFORE_LAT": 30.65358,
      "BEFORE_LON": 122.0182,
      "AFTER_LAT": 30.62476,
      "AFTER_LON": 122.0456,
      "SOG": 9.1,
      "MOVINGTIME": 1920.0,
      "ARRIVALTIME": "20251130095600"
    },
    {
      "SEQ": 34,
      "BEFORE_NODE": 34.0,
      "AFTER_NODE": 35.0,
      "BEFORE_LAT": 30.62476,
      "BEFORE_LON": 122.0456,
      "AFTER_LAT": 30.585884,
      "AFTER_LON": 122.11892,
      "SOG": 16.2,
      "MOVINGTIME": 1620.0,
      "ARRIVALTIME": "20251130102300"
    },
    {
      "SEQ": 35,
      "BEFORE_NODE": 35.0,
      "AFTER_NODE": 36.0,
      "BEFORE_LAT": 30.585884,
      "BEFORE_LON": 122.11892,
      "AFTER_LAT": 30.552746,
      "AFTER_LON": 122.23615,
      "SOG": 8.6,
      "MOVINGTIME": 1740.0,
      "ARRIVALTIME": "20251130105200"
    },
    {
      "SEQ": 36,
      "BEFORE_NODE": 36.0,
      "AFTER_NODE": 37.0,
      "BEFORE_LAT": 30.552746,
      "BEFORE_LON": 122.23615,
      "AFTER_LAT": 30.539146,
      "AFTER_LON": 122.33172,
      "SOG": 10.5,
      "MOVINGTIME": 1740.0,
      "ARRIVALTIME": "20251130112100"
    },
    {
      "SEQ": 37,
      "BEFORE_NODE": 37.0,
      "AFTER_NODE": 38.0,
      "BEFORE_LAT": 30.539146,
      "BEFORE_LON": 122.33172,
      "AFTER_LAT": 30.516773,
      "AFTER_LON": 122.4346,
      "SOG": 11.6,
      "MOVINGTIME": 1560.0,
      "ARRIVALTIME": "20251130114700"
    },
    {
      "SEQ": 38,
      "BEFORE_NODE": 38.0,
      "AFTER_NODE": 39.0,
      "BEFORE_LAT": 30.516773,
      "BEFORE_LON": 122.4346,
      "AFTER_LAT": 30.499826,
      "AFTER_LON": 122.52987,
      "SOG": 11.8,
      "MOVINGTIME": 2040.0,
      "ARRIVALTIME": "20251130122100"
    },
    {
      "SEQ": 39,
      "BEFORE_NODE": 39.0,
      "AFTER_NODE": 40.0,
      "BEFORE_LAT": 30.499826,
      "BEFORE_LON": 122.52987,
      "AFTER_LAT": 30.779882,
      "AFTER_LON": 123.2808,
      "SOG": 10.8,
      "MOVINGTIME": 16380.0,
      "ARRIVALTIME": "20251130165400"
    },
    {
      "SEQ": 40,
      "BEFORE_NODE": 40.0,
      "AFTER_NODE": 41.0,
      "BEFORE_LAT": 30.779882,
      "BEFORE_LON": 123.2808,
      "AFTER_LAT": 30.848907,
      "AFTER_LON": 123.29423,
      "SOG": 10.8,
      "MOVINGTIME": 1620.0,
      "ARRIVALTIME": "20251130172100"
    },
    {
      "SEQ": 41,
      "BEFORE_NODE": 41.0,
      "AFTER_NODE": 42.0,
      "BEFORE_LAT": 30.848907,
      "BEFORE_LON": 123.29423,
      "AFTER_LAT": 30.937876,
      "AFTER_LON": 123.29895,
      "SOG": 10.6,
      "MOVINGTIME": 1800.0,
      "ARRIVALTIME": "20251130175100"
    },
    {
      "SEQ": 42,
      "BEFORE_NODE": 42.0,
      "AFTER_NODE": 43.0,
      "BEFORE_LAT": 30.937876,
      "BEFORE_LON": 123.29895,
      "AFTER_LAT": 31.025961,
      "AFTER_LON": 123.30349,
      "SOG": 10.8,
      "MOVINGTIME": 1680.0,
      "ARRIVALTIME": "20251130181900"
    },
    {
      "SEQ": 43,
      "BEFORE_NODE": 43.0,
      "AFTER_NODE": 44.0,
      "BEFORE_LAT": 31.025961,
      "BEFORE_LON": 123.30349,
      "AFTER_LAT": 31.230021,
      "AFTER_LON": 123.3017,
      "SOG": 10.8,
      "MOVINGTIME": 3900.0,
      "ARRIVALTIME": "20251130192400"
    },
    {
      "SEQ": 44,
      "BEFORE_NODE": 44.0,
      "AFTER_NODE": 45.0,
      "BEFORE_LAT": 31.230021,
      "BEFORE_LON": 123.3017,
      "AFTER_LAT": 31.316273,
      "AFTER_LON": 123.29892,
      "SOG": 11.1,
      "MOVINGTIME": 1680.0,
      "ARRIVALTIME": "20251130195200"
    },
    {
      "SEQ": 45,
      "BEFORE_NODE": 45.0,
      "AFTER_NODE": 46.0,
      "BEFORE_LAT": 31.316273,
      "BEFORE_LON": 123.29892,
      "AFTER_LAT": 31.41692,
      "AFTER_LON": 123.30133,
      "SOG": 11.1,
      "MOVINGTIME": 1860.0,
      "ARRIVALTIME": "20251130202300"
    },
    {
      "SEQ": 46,
      "BEFORE_NODE": 46.0,
      "AFTER_NODE": 47.0,
      "BEFORE_LAT": 31.41692,
      "BEFORE_LON": 123.30133,
      "AFTER_LAT": 31.665993,
      "AFTER_LON": 123.28146,
      "SOG": 11,
      "MOVINGTIME": 5340.0,
      "ARRIVALTIME": "20251130215200"
    },
    {
      "SEQ": 47,
      "BEFORE_NODE": 47.0,
      "AFTER_NODE": 48.0,
      "BEFORE_LAT": 31.665993,
      "BEFORE_LON": 123.28146,
      "AFTER_LAT": 31.756836,
      "AFTER_LON": 123.29845,
      "SOG": 11.1,
      "MOVINGTIME": 1500.0,
      "ARRIVALTIME": "20251130221700"
    },
    {
      "SEQ": 48,
      "BEFORE_NODE": 48.0,
      "AFTER_NODE": 49.0,
      "BEFORE_LAT": 31.756836,
      "BEFORE_LON": 123.29845,
      "AFTER_LAT": 31.856903,
      "AFTER_LON": 123.28412,
      "SOG": 11.1,
      "MOVINGTIME": 1800.0,
      "ARRIVALTIME": "20251130224700"
    },
    {
      "SEQ": 49,
      "BEFORE_NODE": 49.0,
      "AFTER_NODE": 50.0,
      "BEFORE_LAT": 31.856903,
      "BEFORE_LON": 123.28412,
      "AFTER_LAT": 31.94939,
      "AFTER_LON": 123.28064,
      "SOG": 11,
      "MOVINGTIME": 2040.0,
      "ARRIVALTIME": "20251130232100"
    },
    {
      "SEQ": 50,
      "BEFORE_NODE": 50.0,
      "AFTER_NODE": 51.0,
      "BEFORE_LAT": 31.94939,
      "BEFORE_LON": 123.28064,
      "AFTER_LAT": 32.022678,
      "AFTER_LON": 123.28216,
      "SOG": 10.8,
      "MOVINGTIME": 1740.0,
      "ARRIVALTIME": "20251130235000"
    },
    {
      "SEQ": 51,
      "BEFORE_NODE": 51.0,
      "AFTER_NODE": 52.0,
      "BEFORE_LAT": 32.022678,
      "BEFORE_LON": 123.28216,
      "AFTER_LAT": 32.135498,
      "AFTER_LON": 123.28888,
      "SOG": 10.6,
      "MOVINGTIME": 1680.0,
      "ARRIVALTIME": "20251201001800"
    },
    {
      "SEQ": 52,
      "BEFORE_NODE": 52.0,
      "AFTER_NODE": 53.0,
      "BEFORE_LAT": 32.135498,
      "BEFORE_LON": 123.28888,
      "AFTER_LAT": 32.472729,
      "AFTER_LON": 123.34248,
      "SOG": 10.1,
      "MOVINGTIME": 7380.0,
      "ARRIVALTIME": "20251201022100"
    },
    {
      "SEQ": 53,
      "BEFORE_NODE": 53.0,
      "AFTER_NODE": 54.0,
      "BEFORE_LAT": 32.472729,
      "BEFORE_LON": 123.34248,
      "AFTER_LAT": 32.654766,
      "AFTER_LON": 123.34133,
      "SOG": 10,
      "MOVINGTIME": 3540.0,
      "ARRIVALTIME": "20251201032000"
    },
    {
      "SEQ": 54,
      "BEFORE_NODE": 54.0,
      "AFTER_NODE": 55.0,
      "BEFORE_LAT": 32.654766,
      "BEFORE_LON": 123.34133,
      "AFTER_LAT": 32.709133,
      "AFTER_LON": 123.3266,
      "SOG": 10,
      "MOVINGTIME": 1740.0,
      "ARRIVALTIME": "20251201034900"
    },
    {
      "SEQ": 55,
      "BEFORE_NODE": 55.0,
      "AFTER_NODE": 56.0,
      "BEFORE_LAT": 32.709133,
      "BEFORE_LON": 123.3266,
      "AFTER_LAT": 34.480965,
      "AFTER_LON": 122.2887,
      "SOG": 11,
      "MOVINGTIME": 41760.0,
      "ARRIVALTIME": "20251201152500"
    },
    {
      "SEQ": 56,
      "BEFORE_NODE": 56.0,
      "AFTER_NODE": 57.0,
      "BEFORE_LAT": 34.480965,
      "BEFORE_LON": 122.2887,
      "AFTER_LAT": 35.102356,
      "AFTER_LON": 121.7286,
      "SOG": 11.1,
      "MOVINGTIME": 15960.0,
      "ARRIVALTIME": "20251201195100"
    },
    {
      "SEQ": 57,
      "BEFORE_NODE": 57.0,
      "AFTER_NODE": 58.0,
      "BEFORE_LAT": 35.102356,
      "BEFORE_LON": 121.7286,
      "AFTER_LAT": 35.159172,
      "AFTER_LON": 121.62584,
      "SOG": 11.1,
      "MOVINGTIME": 1920.0,
      "ARRIVALTIME": "20251201202300"
    },
    {
      "SEQ": 58,
      "BEFORE_NODE": 58.0,
      "AFTER_NODE": 59.0,
      "BEFORE_LAT": 35.159172,
      "BEFORE_LON": 121.62584,
      "AFTER_LAT": 35.191456,
      "AFTER_LON": 121.55563,
      "SOG": 11.1,
      "MOVINGTIME": 1740.0,
      "ARRIVALTIME": "20251201205200"
    },
    {
      "SEQ": 59,
      "BEFORE_NODE": 59.0,
      "AFTER_NODE": 60.0,
      "BEFORE_LAT": 35.191456,
      "BEFORE_LON": 121.55563,
      "AFTER_LAT": 35.22472,
      "AFTER_LON": 121.48454,
      "SOG": 11,
      "MOVINGTIME": 1740.0,
      "ARRIVALTIME": "20251201212100"
    },
    {
      "SEQ": 60,
      "BEFORE_NODE": 60.0,
      "AFTER_NODE": 61.0,
      "BEFORE_LAT": 35.22472,
      "BEFORE_LON": 121.48454,
      "AFTER_LAT": 35.292355,
      "AFTER_LON": 121.38802,
      "SOG": 11,
      "MOVINGTIME": 1920.0,
      "ARRIVALTIME": "20251201215300"
    },
    {
      "SEQ": 61,
      "BEFORE_NODE": 61.0,
      "AFTER_NODE": 62.0,
      "BEFORE_LAT": 35.292355,
      "BEFORE_LON": 121.38802,
      "AFTER_LAT": 35.647892,
      "AFTER_LON": 120.97169,
      "SOG": 11,
      "MOVINGTIME": 8940.0,
      "ARRIVALTIME": "20251202002200"
    },
    {
      "SEQ": 62,
      "BEFORE_NODE": 62.0,
      "AFTER_NODE": 63.0,
      "BEFORE_LAT": 35.647892,
      "BEFORE_LON": 120.97169,
      "AFTER_LAT": 35.730988,
      "AFTER_LON": 120.9445,
      "SOG": 11,
      "MOVINGTIME": 1860.0,
      "ARRIVALTIME": "20251202005300"
    },
    {
      "SEQ": 63,
      "BEFORE_NODE": 63.0,
      "AFTER_NODE": 64.0,
      "BEFORE_LAT": 35.730988,
      "BEFORE_LON": 120.9445,
      "AFTER_LAT": 35.797073,
      "AFTER_LON": 120.91766,
      "SOG": 0.6,
      "MOVINGTIME": 2235.0,
      "ARRIVALTIME": "20251202013015"
    },
    {
      "SEQ": 64,
      "BEFORE_NODE": 64.0,
      "AFTER_NODE": 65.0,
      "BEFORE_LAT": 35.797073,
      "BEFORE_LON": 120.91766,
      "AFTER_LAT": 35.79496,
      "AFTER_LON": 120.91464,
      "SOG": 0.1,
      "MOVINGTIME": 1425.0,
      "ARRIVALTIME": "20251202015400"
    },
    {
      "SEQ": 65,
      "BEFORE_NODE": 65.0,
      "AFTER_NODE": 66.0,
      "BEFORE_LAT": 35.79496,
      "BEFORE_LON": 120.91464,
      "AFTER_LAT": 35.795132,
      "AFTER_LON": 120.91454,
      "SOG": 0.1,
      "MOVINGTIME": 1500.0,
      "ARRIVALTIME": "20251202021900"
    },
    {
      "SEQ": 66,
      "BEFORE_NODE": 66.0,
      "AFTER_NODE": 67.0,
      "BEFORE_LAT": 35.795132,
      "BEFORE_LON": 120.91454,
      "AFTER_LAT": 35.795319,
      "AFTER_LON": 120.914,
      "SOG": 0,
      "MOVINGTIME": 3780.0,
      "ARRIVALTIME": "20251202032200"
    },
    {
      "SEQ": 67,
      "BEFORE_NODE": 67.0,
      "AFTER_NODE": 68.0,
      "BEFORE_LAT": 35.795319,
      "BEFORE_LON": 120.914,
      "AFTER_LAT": 35.795208,
      "AFTER_LON": 120.91415,
      "SOG": 0.1,
      "MOVINGTIME": 1740.0,
      "ARRIVALTIME": "20251202035100"
    },
    {
      "SEQ": 68,
      "BEFORE_NODE": 68.0,
      "AFTER_NODE": 69.0,
      "BEFORE_LAT": 35.795208,
      "BEFORE_LON": 120.91415,
      "AFTER_LAT": 35.795204,
      "AFTER_LON": 120.91416,
      "SOG": 0,
      "MOVINGTIME": 1620.0,
      "ARRIVALTIME": "20251202041800"
    },
    {
      "SEQ": 69,
      "BEFORE_NODE": 69.0,
      "AFTER_NODE": 70.0,
      "BEFORE_LAT": 35.795204,
      "BEFORE_LON": 120.91416,
      "AFTER_LAT": 35.795368,
      "AFTER_LON": 120.91391,
      "SOG": 0.4,
      "MOVINGTIME": 1740.0,
      "ARRIVALTIME": "20251202044700"
    },
    {
      "SEQ": 70,
      "BEFORE_NODE": 70.0,
      "AFTER_NODE": 71.0,
      "BEFORE_LAT": 35.795368,
      "BEFORE_LON": 120.91391,
      "AFTER_LAT": 35.794945,
      "AFTER_LON": 120.91479,
      "SOG": 0.1,
      "MOVINGTIME": 7200.0,
      "ARRIVALTIME": "20251202064700"
    },
    {
      "SEQ": 71,
      "BEFORE_NODE": 71.0,
      "AFTER_NODE": 72.0,
      "BEFORE_LAT": 35.794945,
      "BEFORE_LON": 120.91479,
      "AFTER_LAT": 35.794765,
      "AFTER_LON": 120.9164,
      "SOG": 0.1,
      "MOVINGTIME": 21720.0,
      "ARRIVALTIME": "20251202124900"
    },
    {
      "SEQ": 72,
      "BEFORE_NODE": 72.0,
      "AFTER_NODE": 73.0,
      "BEFORE_LAT": 35.794765,
      "BEFORE_LON": 120.9164,
      "AFTER_LAT": 35.794746,
      "AFTER_LON": 120.91608,
      "SOG": 0,
      "MOVINGTIME": 18360.0,
      "ARRIVALTIME": "20251202175500"
    },
    {
      "SEQ": 73,
      "BEFORE_NODE": 73.0,
      "AFTER_NODE": 74.0,
      "BEFORE_LAT": 35.794746,
      "BEFORE_LON": 120.91608,
      "AFTER_LAT": 35.79472,
      "AFTER_LON": 120.91664,
      "SOG": 0.1,
      "MOVINGTIME": 1620.0,
      "ARRIVALTIME": "20251202182200"
    },
    {
      "SEQ": 74,
      "BEFORE_NODE": 74.0,
      "AFTER_NODE": 75.0,
      "BEFORE_LAT": 35.79472,
      "BEFORE_LON": 120.91664,
      "AFTER_LAT": 35.794716,
      "AFTER_LON": 120.91629,
      "SOG": 0.5,
      "MOVINGTIME": 1920.0,
      "ARRIVALTIME": "20251202185400"
    },
    {
      "SEQ": 75,
      "BEFORE_NODE": 75.0,
      "AFTER_NODE": 76.0,
      "BEFORE_LAT": 35.794716,
      "BEFORE_LON": 120.91629,
      "AFTER_LAT": 35.794754,
      "AFTER_LON": 120.91698,
      "SOG": 0.1,
      "MOVINGTIME": 1860.0,
      "ARRIVALTIME": "20251202192500"
    },
    {
      "SEQ": 76,
      "BEFORE_NODE": 76.0,
      "AFTER_NODE": 77.0,
      "BEFORE_LAT": 35.794754,
      "BEFORE_LON": 120.91698,
      "AFTER_LAT": 35.794846,
      "AFTER_LON": 120.91734,
      "SOG": 0.4,
      "MOVINGTIME": 1500.0,
      "ARRIVALTIME": "20251202195000"
    },
    {
      "SEQ": 77,
      "BEFORE_NODE": 77.0,
      "AFTER_NODE": 78.0,
      "BEFORE_LAT": 35.794846,
      "BEFORE_LON": 120.91734,
      "AFTER_LAT": 35.79528,
      "AFTER_LON": 120.91839,
      "SOG": 0.2,
      "MOVINGTIME": 1920.0,
      "ARRIVALTIME": "20251202202200"
    },
    {
      "SEQ": 78,
      "BEFORE_NODE": 78.0,
      "AFTER_NODE": 79.0,
      "BEFORE_LAT": 35.79528,
      "BEFORE_LON": 120.91839,
      "AFTER_LAT": 35.795143,
      "AFTER_LON": 120.91828,
      "SOG": 0,
      "MOVINGTIME": 1740.0,
      "ARRIVALTIME": "20251202205100"
    },
    {
      "SEQ": 79,
      "BEFORE_NODE": 79.0,
      "AFTER_NODE": 80.0,
      "BEFORE_LAT": 35.795143,
      "BEFORE_LON": 120.91828,
      "AFTER_LAT": 35.795582,
      "AFTER_LON": 120.91888,
      "SOG": 0.3,
      "MOVINGTIME": 1740.0,
      "ARRIVALTIME": "20251202212000"
    },
    {
      "SEQ": 80,
      "BEFORE_NODE": 80.0,
      "AFTER_NODE": 81.0,
      "BEFORE_LAT": 35.795582,
      "BEFORE_LON": 120.91888,
      "AFTER_LAT": 35.79586,
      "AFTER_LON": 120.91917,
      "SOG": 0.1,
      "MOVINGTIME": 1980.0,
      "ARRIVALTIME": "20251202215300"
    },
    {
      "SEQ": 81,
      "BEFORE_NODE": 81.0,
      "AFTER_NODE": 82.0,
      "BEFORE_LAT": 35.79586,
      "BEFORE_LON": 120.91917,
      "AFTER_LAT": 35.796021,
      "AFTER_LON": 120.9193,
      "SOG": 0,
      "MOVINGTIME": 1620.0,
      "ARRIVALTIME": "20251202222000"
    },
    {
      "SEQ": 82,
      "BEFORE_NODE": 82.0,
      "AFTER_NODE": 83.0,
      "BEFORE_LAT": 35.796021,
      "BEFORE_LON": 120.9193,
      "AFTER_LAT": 35.796307,
      "AFTER_LON": 120.91951,
      "SOG": 0.1,
      "MOVINGTIME": 1860.0,
      "ARRIVALTIME": "20251202225100"
    },
    {
      "SEQ": 83,
      "BEFORE_NODE": 83.0,
      "AFTER_NODE": 84.0,
      "BEFORE_LAT": 35.796307,
      "BEFORE_LON": 120.91951,
      "AFTER_LAT": 35.796341,
      "AFTER_LON": 120.91955,
      "SOG": 0.1,
      "MOVINGTIME": 1980.0,
      "ARRIVALTIME": "20251202232400"
    },
    {
      "SEQ": 84,
      "BEFORE_NODE": 84.0,
      "AFTER_NODE": 85.0,
      "BEFORE_LAT": 35.796341,
      "BEFORE_LON": 120.91955,
      "AFTER_LAT": 35.796406,
      "AFTER_LON": 120.91955,
      "SOG": 0,
      "MOVINGTIME": 1500.0,
      "ARRIVALTIME": "20251202234900"
    },
    {
      "SEQ": 85,
      "BEFORE_NODE": 85.0,
      "AFTER_NODE": 86.0,
      "BEFORE_LAT": 35.796406,
      "BEFORE_LON": 120.91955,
      "AFTER_LAT": 35.796349,
      "AFTER_LON": 120.91952,
      "SOG": 0.1,
      "MOVINGTIME": 1680.0,
      "ARRIVALTIME": "20251203001700"
    },
    {
      "SEQ": 86,
      "BEFORE_NODE": 86.0,
      "AFTER_NODE": 87.0,
      "BEFORE_LAT": 35.796349,
      "BEFORE_LON": 120.91952,
      "AFTER_LAT": 35.796585,
      "AFTER_LON": 120.91967,
      "SOG": 0,
      "MOVINGTIME": 2040.0,
      "ARRIVALTIME": "20251203005100"
    },
    {
      "SEQ": 87,
      "BEFORE_NODE": 87.0,
      "AFTER_NODE": 88.0,
      "BEFORE_LAT": 35.796585,
      "BEFORE_LON": 120.91967,
      "AFTER_LAT": 35.796627,
      "AFTER_LON": 120.91962,
      "SOG": 0,
      "MOVINGTIME": 2698.0,
      "ARRIVALTIME": "20251203013558"
    },
    {
      "SEQ": 88,
      "BEFORE_NODE": 88.0,
      "AFTER_NODE": 89.0,
      "BEFORE_LAT": 35.796627,
      "BEFORE_LON": 120.91962,
      "AFTER_LAT": 35.796467,
      "AFTER_LON": 120.9196,
      "SOG": 0,
      "MOVINGTIME": 782.0,
      "ARRIVALTIME": "20251203014900"
    },
    {
      "SEQ": 89,
      "BEFORE_NODE": 89.0,
      "AFTER_NODE": 90.0,
      "BEFORE_LAT": 35.796467,
      "BEFORE_LON": 120.9196,
      "AFTER_LAT": 35.796196,
      "AFTER_LON": 120.91943,
      "SOG": 0,
      "MOVINGTIME": 1980.0,
      "ARRIVALTIME": "20251203022200"
    },
    {
      "SEQ": 90,
      "BEFORE_NODE": 90.0,
      "AFTER_NODE": 91.0,
      "BEFORE_LAT": 35.796196,
      "BEFORE_LON": 120.91943,
      "AFTER_LAT": 35.796036,
      "AFTER_LON": 120.9193,
      "SOG": 0.3,
      "MOVINGTIME": 1860.0,
      "ARRIVALTIME": "20251203025300"
    },
    {
      "SEQ": 91,
      "BEFORE_NODE": 91.0,
      "AFTER_NODE": 92.0,
      "BEFORE_LAT": 35.796036,
      "BEFORE_LON": 120.9193,
      "AFTER_LAT": 35.795826,
      "AFTER_LON": 120.91898,
      "SOG": 0.2,
      "MOVINGTIME": 1680.0,
      "ARRIVALTIME": "20251203032100"
    },
    {
      "SEQ": 92,
      "BEFORE_NODE": 92.0,
      "AFTER_NODE": 93.0,
      "BEFORE_LAT": 35.795826,
      "BEFORE_LON": 120.91898,
      "AFTER_LAT": 35.795544,
      "AFTER_LON": 120.91877,
      "SOG": 0,
      "MOVINGTIME": 1860.0,
      "ARRIVALTIME": "20251203035200"
    },
    {
      "SEQ": 93,
      "BEFORE_NODE": 93.0,
      "AFTER_NODE": 94.0,
      "BEFORE_LAT": 35.795544,
      "BEFORE_LON": 120.91877,
      "AFTER_LAT": 35.795349,
      "AFTER_LON": 120.91857,
      "SOG": 0.2,
      "MOVINGTIME": 1740.0,
      "ARRIVALTIME": "20251203042100"
    },
    {
      "SEQ": 94,
      "BEFORE_NODE": 94.0,
      "AFTER_NODE": 95.0,
      "BEFORE_LAT": 35.795349,
      "BEFORE_LON": 120.91857,
      "AFTER_LAT": 35.795238,
      "AFTER_LON": 120.91811,
      "SOG": 0,
      "MOVINGTIME": 2040.0,
      "ARRIVALTIME": "20251203045500"
    },
    {
      "SEQ": 95,
      "BEFORE_NODE": 95.0,
      "AFTER_NODE": 96.0,
      "BEFORE_LAT": 35.795238,
      "BEFORE_LON": 120.91811,
      "AFTER_LAT": 35.79504,
      "AFTER_LON": 120.9178,
      "SOG": 0.2,
      "MOVINGTIME": 1740.0,
      "ARRIVALTIME": "20251203052400"
    },
    {
      "SEQ": 96,
      "BEFORE_NODE": 96.0,
      "AFTER_NODE": 97.0,
      "BEFORE_LAT": 35.79504,
      "BEFORE_LON": 120.9178,
      "AFTER_LAT": 35.79538,
      "AFTER_LON": 120.91848,
      "SOG": 0.3,
      "MOVINGTIME": 1920.0,
      "ARRIVALTIME": "20251203055600"
    },
    {
      "SEQ": 97,
      "BEFORE_NODE": 97.0,
      "AFTER_NODE": 98.0,
      "BEFORE_LAT": 35.79538,
      "BEFORE_LON": 120.91848,
      "AFTER_LAT": 35.795292,
      "AFTER_LON": 120.91844,
      "SOG": 0.1,
      "MOVINGTIME": 1260.0,
      "ARRIVALTIME": "20251203061700"
    },
    {
      "SEQ": 98,
      "BEFORE_NODE": 98.0,
      "AFTER_NODE": 99.0,
      "BEFORE_LAT": 35.795292,
      "BEFORE_LON": 120.91844,
      "AFTER_LAT": 35.795078,
      "AFTER_LON": 120.91795,
      "SOG": 0.3,
      "MOVINGTIME": 2100.0,
      "ARRIVALTIME": "20251203065200"
    },
    {
      "SEQ": 99,
      "BEFORE_NODE": 99.0,
      "AFTER_NODE": 100.0,
      "BEFORE_LAT": 35.795078,
      "BEFORE_LON": 120.91795,
      "AFTER_LAT": 35.795341,
      "AFTER_LON": 120.91848,
      "SOG": 0,
      "MOVINGTIME": 1800.0,
      "ARRIVALTIME": "20251203072200"
    },
    {
      "SEQ": 100,
      "BEFORE_NODE": 100.0,
      "AFTER_NODE": 101.0,
      "BEFORE_LAT": 35.795341,
      "BEFORE_LON": 120.91848,
      "AFTER_LAT": 35.795414,
      "AFTER_LON": 120.91866,
      "SOG": 0,
      "MOVINGTIME": 1800.0,
      "ARRIVALTIME": "20251203075200"
    },
    {
      "SEQ": 101,
      "BEFORE_NODE": 101.0,
      "AFTER_NODE": 102.0,
      "BEFORE_LAT": 35.795414,
      "BEFORE_LON": 120.91866,
      "AFTER_LAT": 35.795681,
      "AFTER_LON": 120.91893,
      "SOG": 0.1,
      "MOVINGTIME": 1620.0,
      "ARRIVALTIME": "20251203081900"
    },
    {
      "SEQ": 102,
      "BEFORE_NODE": 102.0,
      "AFTER_NODE": 103.0,
      "BEFORE_LAT": 35.795681,
      "BEFORE_LON": 120.91893,
      "AFTER_LAT": 35.795425,
      "AFTER_LON": 120.91882,
      "SOG": 0.1,
      "MOVINGTIME": 1920.0,
      "ARRIVALTIME": "20251203085100"
    },
    {
      "SEQ": 103,
      "BEFORE_NODE": 103.0,
      "AFTER_NODE": 104.0,
      "BEFORE_LAT": 35.795425,
      "BEFORE_LON": 120.91882,
      "AFTER_LAT": 35.795769,
      "AFTER_LON": 120.91905,
      "SOG": 0.1,
      "MOVINGTIME": 1980.0,
      "ARRIVALTIME": "20251203092400"
    },
    {
      "SEQ": 104,
      "BEFORE_NODE": 104.0,
      "AFTER_NODE": 105.0,
      "BEFORE_LAT": 35.795769,
      "BEFORE_LON": 120.91905,
      "AFTER_LAT": 35.796085,
      "AFTER_LON": 120.91946,
      "SOG": 0.2,
      "MOVINGTIME": 3420.0,
      "ARRIVALTIME": "20251203102100"
    },
    {
      "SEQ": 105,
      "BEFORE_NODE": 105.0,
      "AFTER_NODE": 106.0,
      "BEFORE_LAT": 35.796085,
      "BEFORE_LON": 120.91946,
      "AFTER_LAT": 35.796108,
      "AFTER_LON": 120.91943,
      "SOG": 0,
      "MOVINGTIME": 1860.0,
      "ARRIVALTIME": "20251203105200"
    },
    {
      "SEQ": 106,
      "BEFORE_NODE": 106.0,
      "AFTER_NODE": 107.0,
      "BEFORE_LAT": 35.796108,
      "BEFORE_LON": 120.91943,
      "AFTER_LAT": 35.796307,
      "AFTER_LON": 120.91953,
      "SOG": 0,
      "MOVINGTIME": 1860.0,
      "ARRIVALTIME": "20251203112300"
    },
    {
      "SEQ": 107,
      "BEFORE_NODE": 107.0,
      "AFTER_NODE": 108.0,
      "BEFORE_LAT": 35.796307,
      "BEFORE_LON": 120.91953,
      "AFTER_LAT": 35.796474,
      "AFTER_LON": 120.91957,
      "SOG": 0,
      "MOVINGTIME": 1800.0,
      "ARRIVALTIME": "20251203115300"
    },
    {
      "SEQ": 108,
      "BEFORE_NODE": 108.0,
      "AFTER_NODE": 109.0,
      "BEFORE_LAT": 35.796474,
      "BEFORE_LON": 120.91957,
      "AFTER_LAT": 35.796558,
      "AFTER_LON": 120.91962,
      "SOG": 0.1,
      "MOVINGTIME": 1740.0,
      "ARRIVALTIME": "20251203122200"
    },
    {
      "SEQ": 109,
      "BEFORE_NODE": 109.0,
      "AFTER_NODE": 110.0,
      "BEFORE_LAT": 35.796558,
      "BEFORE_LON": 120.91962,
      "AFTER_LAT": 35.796902,
      "AFTER_LON": 120.91957,
      "SOG": 0,
      "MOVINGTIME": 1500.0,
      "ARRIVALTIME": "20251203124700"
    },
    {
      "SEQ": 110,
      "BEFORE_NODE": 110.0,
      "AFTER_NODE": 111.0,
      "BEFORE_LAT": 35.796902,
      "BEFORE_LON": 120.91957,
      "AFTER_LAT": 35.7971,
      "AFTER_LON": 120.9196,
      "SOG": 0,
      "MOVINGTIME": 2100.0,
      "ARRIVALTIME": "20251203132200"
    },
    {
      "SEQ": 111,
      "BEFORE_NODE": 111.0,
      "AFTER_NODE": 112.0,
      "BEFORE_LAT": 35.7971,
      "BEFORE_LON": 120.9196,
      "AFTER_LAT": 35.797279,
      "AFTER_LON": 120.91957,
      "SOG": 0.1,
      "MOVINGTIME": 1740.0,
      "ARRIVALTIME": "20251203135100"
    },
    {
      "SEQ": 112,
      "BEFORE_NODE": 112.0,
      "AFTER_NODE": 113.0,
      "BEFORE_LAT": 35.797279,
      "BEFORE_LON": 120.91957,
      "AFTER_LAT": 35.797356,
      "AFTER_LON": 120.91965,
      "SOG": 0,
      "MOVINGTIME": 1680.0,
      "ARRIVALTIME": "20251203141900"
    },
    {
      "SEQ": 113,
      "BEFORE_NODE": 113.0,
      "AFTER_NODE": 114.0,
      "BEFORE_LAT": 35.797356,
      "BEFORE_LON": 120.91965,
      "AFTER_LAT": 35.797821,
      "AFTER_LON": 120.91941,
      "SOG": 0,
      "MOVINGTIME": 1860.0,
      "ARRIVALTIME": "20251203145000"
    },
    {
      "SEQ": 114,
      "BEFORE_NODE": 114.0,
      "AFTER_NODE": 115.0,
      "BEFORE_LAT": 35.797821,
      "BEFORE_LON": 120.91941,
      "AFTER_LAT": 35.798012,
      "AFTER_LON": 120.91927,
      "SOG": 0,
      "MOVINGTIME": 1800.0,
      "ARRIVALTIME": "20251203152000"
    },
    {
      "SEQ": 115,
      "BEFORE_NODE": 115.0,
      "AFTER_NODE": 116.0,
      "BEFORE_LAT": 35.798012,
      "BEFORE_LON": 120.91927,
      "AFTER_LAT": 35.79834,
      "AFTER_LON": 120.91893,
      "SOG": 0,
      "MOVINGTIME": 1920.0,
      "ARRIVALTIME": "20251203155200"
    },
    {
      "SEQ": 116,
      "BEFORE_NODE": 116.0,
      "AFTER_NODE": 117.0,
      "BEFORE_LAT": 35.79834,
      "BEFORE_LON": 120.91893,
      "AFTER_LAT": 35.798843,
      "AFTER_LON": 120.91776,
      "SOG": 0.1,
      "MOVINGTIME": 1680.0,
      "ARRIVALTIME": "20251203162000"
    },
    {
      "SEQ": 117,
      "BEFORE_NODE": 117.0,
      "AFTER_NODE": 118.0,
      "BEFORE_LAT": 35.798843,
      "BEFORE_LON": 120.91776,
      "AFTER_LAT": 35.798538,
      "AFTER_LON": 120.91529,
      "SOG": 0.2,
      "MOVINGTIME": 1920.0,
      "ARRIVALTIME": "20251203165200"
    },
    {
      "SEQ": 118,
      "BEFORE_NODE": 118.0,
      "AFTER_NODE": 119.0,
      "BEFORE_LAT": 35.798538,
      "BEFORE_LON": 120.91529,
      "AFTER_LAT": 35.796593,
      "AFTER_LON": 120.91489,
      "SOG": 0.2,
      "MOVINGTIME": 3660.0,
      "ARRIVALTIME": "20251203175300"
    },
    {
      "SEQ": 119,
      "BEFORE_NODE": 119.0,
      "AFTER_NODE": 120.0,
      "BEFORE_LAT": 35.796593,
      "BEFORE_LON": 120.91489,
      "AFTER_LAT": 35.7957,
      "AFTER_LON": 120.91835,
      "SOG": 0,
      "MOVINGTIME": 9000.0,
      "ARRIVALTIME": "20251203202300"
    },
    {
      "SEQ": 120,
      "BEFORE_NODE": 120.0,
      "AFTER_NODE": 121.0,
      "BEFORE_LAT": 35.7957,
      "BEFORE_LON": 120.91835,
      "AFTER_LAT": 35.795975,
      "AFTER_LON": 120.91885,
      "SOG": 0.1,
      "MOVINGTIME": 1920.0,
      "ARRIVALTIME": "20251203205500"
    },
    {
      "SEQ": 121,
      "BEFORE_NODE": 121.0,
      "AFTER_NODE": 122.0,
      "BEFORE_LAT": 35.795975,
      "BEFORE_LON": 120.91885,
      "AFTER_LAT": 35.79668,
      "AFTER_LON": 120.91946,
      "SOG": 0,
      "MOVINGTIME": 1500.0,
      "ARRIVALTIME": "20251203212000"
    },
    {
      "SEQ": 122,
      "BEFORE_NODE": 122.0,
      "AFTER_NODE": 123.0,
      "BEFORE_LAT": 35.79668,
      "BEFORE_LON": 120.91946,
      "AFTER_LAT": 35.797081,
      "AFTER_LON": 120.91953,
      "SOG": 0.1,
      "MOVINGTIME": 1800.0,
      "ARRIVALTIME": "20251203215000"
    },
    {
      "SEQ": 123,
      "BEFORE_NODE": 123.0,
      "AFTER_NODE": 124.0,
      "BEFORE_LAT": 35.797081,
      "BEFORE_LON": 120.91953,
      "AFTER_LAT": 35.797039,
      "AFTER_LON": 120.91957,
      "SOG": 0.1,
      "MOVINGTIME": 1800.0,
      "ARRIVALTIME": "20251203222000"
    },
    {
      "SEQ": 124,
      "BEFORE_NODE": 124.0,
      "AFTER_NODE": 125.0,
      "BEFORE_LAT": 35.797039,
      "BEFORE_LON": 120.91957,
      "AFTER_LAT": 35.797485,
      "AFTER_LON": 120.9196,
      "SOG": 0,
      "MOVINGTIME": 1680.0,
      "ARRIVALTIME": "20251203224800"
    },
    {
      "SEQ": 125,
      "BEFORE_NODE": 125.0,
      "AFTER_NODE": 126.0,
      "BEFORE_LAT": 35.797485,
      "BEFORE_LON": 120.9196,
      "AFTER_LAT": 35.797779,
      "AFTER_LON": 120.91959,
      "SOG": 0.1,
      "MOVINGTIME": 2160.0,
      "ARRIVALTIME": "20251203232400"
    },
    {
      "SEQ": 126,
      "BEFORE_NODE": 126.0,
      "AFTER_NODE": 127.0,
      "BEFORE_LAT": 35.797779,
      "BEFORE_LON": 120.91959,
      "AFTER_LAT": 35.797642,
      "AFTER_LON": 120.91972,
      "SOG": 0,
      "MOVINGTIME": 1560.0,
      "ARRIVALTIME": "20251203235000"
    },
    {
      "SEQ": 127,
      "BEFORE_NODE": 127.0,
      "AFTER_NODE": 128.0,
      "BEFORE_LAT": 35.797642,
      "BEFORE_LON": 120.91972,
      "AFTER_LAT": 35.797821,
      "AFTER_LON": 120.91969,
      "SOG": 0.2,
      "MOVINGTIME": 1980.0,
      "ARRIVALTIME": "20251204002300"
    },
    {
      "SEQ": 128,
      "BEFORE_NODE": 128.0,
      "AFTER_NODE": 129.0,
      "BEFORE_LAT": 35.797821,
      "BEFORE_LON": 120.91969,
      "AFTER_LAT": 35.798115,
      "AFTER_LON": 120.9196,
      "SOG": 0.1,
      "MOVINGTIME": 1620.0,
      "ARRIVALTIME": "20251204005000"
    },
    {
      "SEQ": 129,
      "BEFORE_NODE": 129.0,
      "AFTER_NODE": 130.0,
      "BEFORE_LAT": 35.798115,
      "BEFORE_LON": 120.9196,
      "AFTER_LAT": 35.79808,
      "AFTER_LON": 120.91973,
      "SOG": 0.2,
      "MOVINGTIME": 3228.0,
      "ARRIVALTIME": "20251204014348"
    },
    {
      "SEQ": 130,
      "BEFORE_NODE": 130.0,
      "AFTER_NODE": 131.0,
      "BEFORE_LAT": 35.79808,
      "BEFORE_LON": 120.91973,
      "AFTER_LAT": 35.798008,
      "AFTER_LON": 120.91975,
      "SOG": 0,
      "MOVINGTIME": 552.0,
      "ARRIVALTIME": "20251204015300"
    },
    {
      "SEQ": 131,
      "BEFORE_NODE": 131.0,
      "AFTER_NODE": 132.0,
      "BEFORE_LAT": 35.798008,
      "BEFORE_LON": 120.91975,
      "AFTER_LAT": 35.798306,
      "AFTER_LON": 120.91965,
      "SOG": 0.4,
      "MOVINGTIME": 1680.0,
      "ARRIVALTIME": "20251204022100"
    },
    {
      "SEQ": 132,
      "BEFORE_NODE": 132.0,
      "AFTER_NODE": 133.0,
      "BEFORE_LAT": 35.798306,
      "BEFORE_LON": 120.91965,
      "AFTER_LAT": 35.798355,
      "AFTER_LON": 120.91968,
      "SOG": 0.1,
      "MOVINGTIME": 1920.0,
      "ARRIVALTIME": "20251204025300"
    },
    {
      "SEQ": 133,
      "BEFORE_NODE": 133.0,
      "AFTER_NODE": 134.0,
      "BEFORE_LAT": 35.798355,
      "BEFORE_LON": 120.91968,
      "AFTER_LAT": 35.798355,
      "AFTER_LON": 120.9196,
      "SOG": 0,
      "MOVINGTIME": 1800.0,
      "ARRIVALTIME": "20251204032300"
    },
    {
      "SEQ": 134,
      "BEFORE_NODE": 134.0,
      "AFTER_NODE": 135.0,
      "BEFORE_LAT": 35.798355,
      "BEFORE_LON": 120.9196,
      "AFTER_LAT": 35.798306,
      "AFTER_LON": 120.91965,
      "SOG": 0.1,
      "MOVINGTIME": 1620.0,
      "ARRIVALTIME": "20251204035000"
    },
    {
      "SEQ": 135,
      "BEFORE_NODE": 135.0,
      "AFTER_NODE": 136.0,
      "BEFORE_LAT": 35.798306,
      "BEFORE_LON": 120.91965,
      "AFTER_LAT": 35.798218,
      "AFTER_LON": 120.91946,
      "SOG": 0.1,
      "MOVINGTIME": 1920.0,
      "ARRIVALTIME": "20251204042200"
    },
    {
      "SEQ": 136,
      "BEFORE_NODE": 136.0,
      "AFTER_NODE": 137.0,
      "BEFORE_LAT": 35.798218,
      "BEFORE_LON": 120.91946,
      "AFTER_LAT": 35.798634,
      "AFTER_LON": 120.91919,
      "SOG": 0.1,
      "MOVINGTIME": 1860.0,
      "ARRIVALTIME": "20251204045300"
    },
    {
      "SEQ": 137,
      "BEFORE_NODE": 137.0,
      "AFTER_NODE": 138.0,
      "BEFORE_LAT": 35.798634,
      "BEFORE_LON": 120.91919,
      "AFTER_LAT": 35.798962,
      "AFTER_LON": 120.9183,
      "SOG": 0,
      "MOVINGTIME": 1740.0,
      "ARRIVALTIME": "20251204052200"
    },
    {
      "SEQ": 138,
      "BEFORE_NODE": 138.0,
      "AFTER_NODE": 139.0,
      "BEFORE_LAT": 35.798962,
      "BEFORE_LON": 120.9183,
      "AFTER_LAT": 35.798828,
      "AFTER_LON": 120.91739,
      "SOG": 0.1,
      "MOVINGTIME": 1860.0,
      "ARRIVALTIME": "20251204055300"
    },
    {
      "SEQ": 139,
      "BEFORE_NODE": 139.0,
      "AFTER_NODE": 140.0,
      "BEFORE_LAT": 35.798828,
      "BEFORE_LON": 120.91739,
      "AFTER_LAT": 35.795265,
      "AFTER_LON": 120.915,
      "SOG": 0,
      "MOVINGTIME": 44880.0,
      "ARRIVALTIME": "20251204182100"
    },
    {
      "SEQ": 140,
      "BEFORE_NODE": 140.0,
      "AFTER_NODE": 141.0,
      "BEFORE_LAT": 35.795265,
      "BEFORE_LON": 120.915,
      "AFTER_LAT": 35.795185,
      "AFTER_LON": 120.91513,
      "SOG": 0,
      "MOVINGTIME": 1920.0,
      "ARRIVALTIME": "20251204185300"
    },
    {
      "SEQ": 141,
      "BEFORE_NODE": 141.0,
      "AFTER_NODE": 142.0,
      "BEFORE_LAT": 35.795185,
      "BEFORE_LON": 120.91513,
      "AFTER_LAT": 35.79496,
      "AFTER_LON": 120.91591,
      "SOG": 0.1,
      "MOVINGTIME": 3438.0,
      "ARRIVALTIME": "20251204195018"
    },
    {
      "SEQ": 142,
      "BEFORE_NODE": 142.0,
      "AFTER_NODE": 143.0,
      "BEFORE_LAT": 35.79496,
      "BEFORE_LON": 120.91591,
      "AFTER_LAT": 35.794922,
      "AFTER_LON": 120.91689,
      "SOG": 0.1,
      "MOVINGTIME": 7122.0,
      "ARRIVALTIME": "20251204214900"
    },
    {
      "SEQ": 143,
      "BEFORE_NODE": 143.0,
      "AFTER_NODE": 144.0,
      "BEFORE_LAT": 35.794922,
      "BEFORE_LON": 120.91689,
      "AFTER_LAT": 35.795261,
      "AFTER_LON": 120.91791,
      "SOG": 0,
      "MOVINGTIME": 2220.0,
      "ARRIVALTIME": "20251204222600"
    },
    {
      "SEQ": 144,
      "BEFORE_NODE": 144.0,
      "AFTER_NODE": 145.0,
      "BEFORE_LAT": 35.795261,
      "BEFORE_LON": 120.91791,
      "AFTER_LAT": 35.796532,
      "AFTER_LON": 120.91904,
      "SOG": 0.1,
      "MOVINGTIME": 3240.0,
      "ARRIVALTIME": "20251204232000"
    },
    {
      "SEQ": 145,
      "BEFORE_NODE": 145.0,
      "AFTER_NODE": 146.0,
      "BEFORE_LAT": 35.796532,
      "BEFORE_LON": 120.91904,
      "AFTER_LAT": 35.797302,
      "AFTER_LON": 120.91927,
      "SOG": 0,
      "MOVINGTIME": 5820.0,
      "ARRIVALTIME": "20251205005700"
    },
    {
      "SEQ": 146,
      "BEFORE_NODE": 146.0,
      "AFTER_NODE": 147.0,
      "BEFORE_LAT": 35.797302,
      "BEFORE_LON": 120.91927,
      "AFTER_LAT": 35.797958,
      "AFTER_LON": 120.91895,
      "SOG": 0,
      "MOVINGTIME": 5100.0,
      "ARRIVALTIME": "20251205022200"
    },
    {
      "SEQ": 147,
      "BEFORE_NODE": 147.0,
      "AFTER_NODE": 148.0,
      "BEFORE_LAT": 35.797958,
      "BEFORE_LON": 120.91895,
      "AFTER_LAT": 35.798424,
      "AFTER_LON": 120.91861,
      "SOG": 0,
      "MOVINGTIME": 1620.0,
      "ARRIVALTIME": "20251205024900"
    },
    {
      "SEQ": 148,
      "BEFORE_NODE": 148.0,
      "AFTER_NODE": 149.0,
      "BEFORE_LAT": 35.798424,
      "BEFORE_LON": 120.91861,
      "AFTER_LAT": 35.798771,
      "AFTER_LON": 120.91823,
      "SOG": 0.1,
      "MOVINGTIME": 1800.0,
      "ARRIVALTIME": "20251205031900"
    },
    {
      "SEQ": 149,
      "BEFORE_NODE": 149.0,
      "AFTER_NODE": 150.0,
      "BEFORE_LAT": 35.798771,
      "BEFORE_LON": 120.91823,
      "AFTER_LAT": 35.799053,
      "AFTER_LON": 120.91693,
      "SOG": 0,
      "MOVINGTIME": 3840.0,
      "ARRIVALTIME": "20251205042300"
    },
    {
      "SEQ": 150,
      "BEFORE_NODE": 150.0,
      "AFTER_NODE": 151.0,
      "BEFORE_LAT": 35.799053,
      "BEFORE_LON": 120.91693,
      "AFTER_LAT": 35.798882,
      "AFTER_LON": 120.91656,
      "SOG": 0,
      "MOVINGTIME": 1440.0,
      "ARRIVALTIME": "20251205044700"
    },
    {
      "SEQ": 151,
      "BEFORE_NODE": 151.0,
      "AFTER_NODE": 152.0,
      "BEFORE_LAT": 35.798882,
      "BEFORE_LON": 120.91656,
      "AFTER_LAT": 35.798485,
      "AFTER_LON": 120.91537,
      "SOG": 0,
      "MOVINGTIME": 2400.0,
      "ARRIVALTIME": "20251205052700"
    },
    {
      "SEQ": 152,
      "BEFORE_NODE": 152.0,
      "AFTER_NODE": 153.0,
      "BEFORE_LAT": 35.798485,
      "BEFORE_LON": 120.91537,
      "AFTER_LAT": 35.797665,
      "AFTER_LON": 120.91457,
      "SOG": 0,
      "MOVINGTIME": 3300.0,
      "ARRIVALTIME": "20251205062200"
    },
    {
      "SEQ": 153,
      "BEFORE_NODE": 153.0,
      "AFTER_NODE": 154.0,
      "BEFORE_LAT": 35.797665,
      "BEFORE_LON": 120.91457,
      "AFTER_LAT": 35.797337,
      "AFTER_LON": 120.91429,
      "SOG": 0,
      "MOVINGTIME": 1800.0,
      "ARRIVALTIME": "20251205065200"
    },
    {
      "SEQ": 154,
      "BEFORE_NODE": 154.0,
      "AFTER_NODE": 155.0,
      "BEFORE_LAT": 35.797337,
      "BEFORE_LON": 120.91429,
      "AFTER_LAT": 35.797009,
      "AFTER_LON": 120.9144,
      "SOG": 0,
      "MOVINGTIME": 1500.0,
      "ARRIVALTIME": "20251205071700"
    },
    {
      "SEQ": 155,
      "BEFORE_NODE": 155.0,
      "AFTER_NODE": 156.0,
      "BEFORE_LAT": 35.797009,
      "BEFORE_LON": 120.9144,
      "AFTER_LAT": 35.79702,
      "AFTER_LON": 120.91438,
      "SOG": 0,
      "MOVINGTIME": 1860.0,
      "ARRIVALTIME": "20251205074800"
    },
    {
      "SEQ": 156,
      "BEFORE_NODE": 156.0,
      "AFTER_NODE": 157.0,
      "BEFORE_LAT": 35.79702,
      "BEFORE_LON": 120.91438,
      "AFTER_LAT": 35.796886,
      "AFTER_LON": 120.91444,
      "SOG": 0.1,
      "MOVINGTIME": 1920.0,
      "ARRIVALTIME": "20251205082000"
    },
    {
      "SEQ": 157,
      "BEFORE_NODE": 157.0,
      "AFTER_NODE": 158.0,
      "BEFORE_LAT": 35.796886,
      "BEFORE_LON": 120.91444,
      "AFTER_LAT": 35.797218,
      "AFTER_LON": 120.91427,
      "SOG": 0.1,
      "MOVINGTIME": 3780.0,
      "ARRIVALTIME": "20251205092300"
    },
    {
      "SEQ": 158,
      "BEFORE_NODE": 158.0,
      "AFTER_NODE": 159.0,
      "BEFORE_LAT": 35.797218,
      "BEFORE_LON": 120.91427,
      "AFTER_LAT": 35.797886,
      "AFTER_LON": 120.91473,
      "SOG": 0.2,
      "MOVINGTIME": 1860.0,
      "ARRIVALTIME": "20251205095400"
    },
    {
      "SEQ": 159,
      "BEFORE_NODE": 159.0,
      "AFTER_NODE": 160.0,
      "BEFORE_LAT": 35.797886,
      "BEFORE_LON": 120.91473,
      "AFTER_LAT": 35.799187,
      "AFTER_LON": 120.91602,
      "SOG": 0.3,
      "MOVINGTIME": 1380.0,
      "ARRIVALTIME": "20251205101700"
    },
    {
      "SEQ": 160,
      "BEFORE_NODE": 160.0,
      "AFTER_NODE": 161.0,
      "BEFORE_LAT": 35.799187,
      "BEFORE_LON": 120.91602,
      "AFTER_LAT": 35.799206,
      "AFTER_LON": 120.91901,
      "SOG": 0.1,
      "MOVINGTIME": 7380.0,
      "ARRIVALTIME": "20251205122000"
    },
    {
      "SEQ": 161,
      "BEFORE_NODE": 161.0,
      "AFTER_NODE": 162.0,
      "BEFORE_LAT": 35.799206,
      "BEFORE_LON": 120.91901,
      "AFTER_LAT": 35.799225,
      "AFTER_LON": 120.91892,
      "SOG": 0,
      "MOVINGTIME": 1680.0,
      "ARRIVALTIME": "20251205124800"
    },
    {
      "SEQ": 162,
      "BEFORE_NODE": 162.0,
      "AFTER_NODE": 163.0,
      "BEFORE_LAT": 35.799225,
      "BEFORE_LON": 120.91892,
      "AFTER_LAT": 35.799267,
      "AFTER_LON": 120.91898,
      "SOG": 0,
      "MOVINGTIME": 1920.0,
      "ARRIVALTIME": "20251205132000"
    },
    {
      "SEQ": 163,
      "BEFORE_NODE": 163.0,
      "AFTER_NODE": 164.0,
      "BEFORE_LAT": 35.799267,
      "BEFORE_LON": 120.91898,
      "AFTER_LAT": 35.799149,
      "AFTER_LON": 120.91909,
      "SOG": 0,
      "MOVINGTIME": 1680.0,
      "ARRIVALTIME": "20251205134800"
    },
    {
      "SEQ": 164,
      "BEFORE_NODE": 164.0,
      "AFTER_NODE": 165.0,
      "BEFORE_LAT": 35.799149,
      "BEFORE_LON": 120.91909,
      "AFTER_LAT": 35.799492,
      "AFTER_LON": 120.91862,
      "SOG": 0.1,
      "MOVINGTIME": 5880.0,
      "ARRIVALTIME": "20251205152600"
    },
    {
      "SEQ": 165,
      "BEFORE_NODE": 165.0,
      "AFTER_NODE": 166.0,
      "BEFORE_LAT": 35.799492,
      "BEFORE_LON": 120.91862,
      "AFTER_LAT": 35.800407,
      "AFTER_LON": 120.91909,
      "SOG": 0.1,
      "MOVINGTIME": 5220.0,
      "ARRIVALTIME": "20251205165300"
    },
    {
      "SEQ": 166,
      "BEFORE_NODE": 166.0,
      "AFTER_NODE": 167.0,
      "BEFORE_LAT": 35.800407,
      "BEFORE_LON": 120.91909,
      "AFTER_LAT": 35.800732,
      "AFTER_LON": 120.91851,
      "SOG": 0.1,
      "MOVINGTIME": 1680.0,
      "ARRIVALTIME": "20251205172100"
    },
    {
      "SEQ": 167,
      "BEFORE_NODE": 167.0,
      "AFTER_NODE": 168.0,
      "BEFORE_LAT": 35.800732,
      "BEFORE_LON": 120.91851,
      "AFTER_LAT": 35.800476,
      "AFTER_LON": 120.9188,
      "SOG": 0.2,
      "MOVINGTIME": 5400.0,
      "ARRIVALTIME": "20251205185100"
    },
    {
      "SEQ": 168,
      "BEFORE_NODE": 168.0,
      "AFTER_NODE": 169.0,
      "BEFORE_LAT": 35.800476,
      "BEFORE_LON": 120.9188,
      "AFTER_LAT": 35.800526,
      "AFTER_LON": 120.91898,
      "SOG": 0.2,
      "MOVINGTIME": 1680.0,
      "ARRIVALTIME": "20251205191900"
    },
    {
      "SEQ": 169,
      "BEFORE_NODE": 169.0,
      "AFTER_NODE": 170.0,
      "BEFORE_LAT": 35.800526,
      "BEFORE_LON": 120.91898,
      "AFTER_LAT": 35.800423,
      "AFTER_LON": 120.91914,
      "SOG": 0.2,
      "MOVINGTIME": 1860.0,
      "ARRIVALTIME": "20251205195000"
    },
    {
      "SEQ": 170,
      "BEFORE_NODE": 170.0,
      "AFTER_NODE": 171.0,
      "BEFORE_LAT": 35.800423,
      "BEFORE_LON": 120.91914,
      "AFTER_LAT": 35.800438,
      "AFTER_LON": 120.91891,
      "SOG": 0.4,
      "MOVINGTIME": 1920.0,
      "ARRIVALTIME": "20251205202200"
    },
    {
      "SEQ": 171,
      "BEFORE_NODE": 171.0,
      "AFTER_NODE": 172.0,
      "BEFORE_LAT": 35.800438,
      "BEFORE_LON": 120.91891,
      "AFTER_LAT": 35.800282,
      "AFTER_LON": 120.91946,
      "SOG": 0.1,
      "MOVINGTIME": 1620.0,
      "ARRIVALTIME": "20251205204900"
    },
    {
      "SEQ": 172,
      "BEFORE_NODE": 172.0,
      "AFTER_NODE": 173.0,
      "BEFORE_LAT": 35.800282,
      "BEFORE_LON": 120.91946,
      "AFTER_LAT": 35.800686,
      "AFTER_LON": 120.91896,
      "SOG": 0,
      "MOVINGTIME": 1920.0,
      "ARRIVALTIME": "20251205212100"
    },
    {
      "SEQ": 173,
      "BEFORE_NODE": 173.0,
      "AFTER_NODE": 174.0,
      "BEFORE_LAT": 35.800686,
      "BEFORE_LON": 120.91896,
      "AFTER_LAT": 35.800381,
      "AFTER_LON": 120.91998,
      "SOG": 0.4,
      "MOVINGTIME": 2100.0,
      "ARRIVALTIME": "20251205215600"
    },
    {
      "SEQ": 174,
      "BEFORE_NODE": 174.0,
      "AFTER_NODE": 175.0,
      "BEFORE_LAT": 35.800381,
      "BEFORE_LON": 120.91998,
      "AFTER_LAT": 35.800495,
      "AFTER_LON": 120.91994,
      "SOG": 0.2,
      "MOVINGTIME": 1380.0,
      "ARRIVALTIME": "20251205221900"
    },
    {
      "SEQ": 175,
      "BEFORE_NODE": 175.0,
      "AFTER_NODE": 176.0,
      "BEFORE_LAT": 35.800495,
      "BEFORE_LON": 120.91994,
      "AFTER_LAT": 35.800247,
      "AFTER_LON": 120.92025,
      "SOG": 0.1,
      "MOVINGTIME": 1980.0,
      "ARRIVALTIME": "20251205225200"
    },
    {
      "SEQ": 176,
      "BEFORE_NODE": 176.0,
      "AFTER_NODE": 177.0,
      "BEFORE_LAT": 35.800247,
      "BEFORE_LON": 120.92025,
      "AFTER_LAT": 35.800434,
      "AFTER_LON": 120.92003,
      "SOG": 0,
      "MOVINGTIME": 1860.0,
      "ARRIVALTIME": "20251205232300"
    },
    {
      "SEQ": 177,
      "BEFORE_NODE": 177.0,
      "AFTER_NODE": 178.0,
      "BEFORE_LAT": 35.800434,
      "BEFORE_LON": 120.92003,
      "AFTER_LAT": 35.800503,
      "AFTER_LON": 120.91998,
      "SOG": 0.2,
      "MOVINGTIME": 1920.0,
      "ARRIVALTIME": "20251205235500"
    },
    {
      "SEQ": 178,
      "BEFORE_NODE": 178.0,
      "AFTER_NODE": 179.0,
      "BEFORE_LAT": 35.800503,
      "BEFORE_LON": 120.91998,
      "AFTER_LAT": 35.800453,
      "AFTER_LON": 120.91992,
      "SOG": 0.4,
      "MOVINGTIME": 12480.0,
      "ARRIVALTIME": "20251206032300"
    },
    {
      "SEQ": 179,
      "BEFORE_NODE": 179.0,
      "AFTER_NODE": 180.0,
      "BEFORE_LAT": 35.800453,
      "BEFORE_LON": 120.91992,
      "AFTER_LAT": 35.797398,
      "AFTER_LON": 120.91547,
      "SOG": 5.4,
      "MOVINGTIME": 10500.0,
      "ARRIVALTIME": "20251206061800"
    },
    {
      "SEQ": 180,
      "BEFORE_NODE": 180.0,
      "AFTER_NODE": 181.0,
      "BEFORE_LAT": 35.797398,
      "BEFORE_LON": 120.91547,
      "AFTER_LAT": 35.841755,
      "AFTER_LON": 120.82563,
      "SOG": 9.8,
      "MOVINGTIME": 1740.0,
      "ARRIVALTIME": "20251206064700"
    },
    {
      "SEQ": 181,
      "BEFORE_NODE": 181.0,
      "AFTER_NODE": 182.0,
      "BEFORE_LAT": 35.841755,
      "BEFORE_LON": 120.82563,
      "AFTER_LAT": 35.959286,
      "AFTER_LON": 120.67219,
      "SOG": 6.6,
      "MOVINGTIME": 5460.0,
      "ARRIVALTIME": "20251206081800"
    },
    {
      "SEQ": 182,
      "BEFORE_NODE": 182.0,
      "AFTER_NODE": 183.0,
      "BEFORE_LAT": 35.959286,
      "BEFORE_LON": 120.67219,
      "AFTER_LAT": 35.970665,
      "AFTER_LON": 120.61348,
      "SOG": 6.8,
      "MOVINGTIME": 2100.0,
      "ARRIVALTIME": "20251206085300"
    },
    {
      "SEQ": 183,
      "BEFORE_NODE": 183.0,
      "AFTER_NODE": 184.0,
      "BEFORE_LAT": 35.970665,
      "BEFORE_LON": 120.61348,
      "AFTER_LAT": 35.992088,
      "AFTER_LON": 120.52254,
      "SOG": 10.6,
      "MOVINGTIME": 1740.0,
      "ARRIVALTIME": "20251206092200"
    },
    {
      "SEQ": 184,
      "BEFORE_NODE": 184.0,
      "AFTER_NODE": 185.0,
      "BEFORE_LAT": 35.992088,
      "BEFORE_LON": 120.52254,
      "AFTER_LAT": 36.015827,
      "AFTER_LON": 120.39912,
      "SOG": 11.8,
      "MOVINGTIME": 1860.0,
      "ARRIVALTIME": "20251206095300"
    },
    {
      "SEQ": 185,
      "BEFORE_NODE": 185.0,
      "AFTER_NODE": 186.0,
      "BEFORE_LAT": 36.015827,
      "BEFORE_LON": 120.39912,
      "AFTER_LAT": 36.016312,
      "AFTER_LON": 120.23768,
      "SOG": 0,
      "MOVINGTIME": 5460.0,
      "ARRIVALTIME": "20251206112400"
    }
  ]
}