{
  "mmsi": "636024330",
  "PredResult": [
    {
      "SEQ": 0,
      "BEFORE_NODE": 0.0,
      "AFTER_NODE": 1.0,
      "BEFORE_LAT": 35.767448,
      "BEFORE_LON": 120.94482,
      "AFTER_LAT": 35.766693,
      "AFTER_LON": 120.94509,
      "SOG": 0.4,
      "MOVINGTIME": 5340.0,
      "ARRIVALTIME": "20251129171900"
    },
    {
      "SEQ": 1,
      "BEFORE_NODE": 1.0,
      "AFTER_NODE": 2.0,
      "BEFORE_LAT": 35.766693,
      "BEFORE_LON": 120.94509,
      "AFTER_LAT": 35.766678,
      "AFTER_LON": 120.94516,
      "SOG": 0.6,
      "MOVINGTIME": 1860.0,
      "ARRIVALTIME": "20251129175000"
    },
    {
      "SEQ": 2,
      "BEFORE_NODE": 2.0,
      "AFTER_NODE": 3.0,
      "BEFORE_LAT": 35.766678,
      "BEFORE_LON": 120.94516,
      "AFTER_LAT": 35.766685,
      "AFTER_LON": 120.94501,
      "SOG": 0,
      "MOVINGTIME": 1980.0,
      "ARRIVALTIME": "20251129182300"
    },
    {
      "SEQ": 3,
      "BEFORE_NODE": 3.0,
      "AFTER_NODE": 4.0,
      "BEFORE_LAT": 35.766685,
      "BEFORE_LON": 120.94501,
      "AFTER_LAT": 35.766827,
      "AFTER_LON": 120.94489,
      "SOG": 0.2,
      "MOVINGTIME": 1680.0,
      "ARRIVALTIME": "20251129185100"
    },
    {
      "SEQ": 4,
      "BEFORE_NODE": 4.0,
      "AFTER_NODE": 5.0,
      "BEFORE_LAT": 35.766827,
      "BEFORE_LON": 120.94489,
      "AFTER_LAT": 35.76683,
      "AFTER_LON": 120.94491,
      "SOG": 0.4,
      "MOVINGTIME": 1920.0,
      "ARRIVALTIME": "20251129192300"
    },
    {
      "SEQ": 5,
      "BEFORE_NODE": 5.0,
      "AFTER_NODE": 6.0,
      "BEFORE_LAT": 35.76683,
      "BEFORE_LON": 120.94491,
      "AFTER_LAT": 35.766655,
      "AFTER_LON": 120.94569,
      "SOG": 0.2,
      "MOVINGTIME": 1800.0,
      "ARRIVALTIME": "20251129195300"
    },
    {
      "SEQ": 6,
      "BEFORE_NODE": 6.0,
      "AFTER_NODE": 7.0,
      "BEFORE_LAT": 35.766655,
      "BEFORE_LON": 120.94569,
      "AFTER_LAT": 35.766605,
      "AFTER_LON": 120.94605,
      "SOG": 0.3,
      "MOVINGTIME": 1740.0,
      "ARRIVALTIME": "20251129202200"
    },
    {
      "SEQ": 7,
      "BEFORE_NODE": 7.0,
      "AFTER_NODE": 8.0,
      "BEFORE_LAT": 35.766605,
      "BEFORE_LON": 120.94605,
      "AFTER_LAT": 35.76675,
      "AFTER_LON": 120.94588,
      "SOG": 0.2,
      "MOVINGTIME": 1740.0,
      "ARRIVALTIME": "20251129205100"
    },
    {
      "SEQ": 8,
      "BEFORE_NODE": 8.0,
      "AFTER_NODE": 9.0,
      "BEFORE_LAT": 35.76675,
      "BEFORE_LON": 120.94588,
      "AFTER_LAT": 35.766785,
      "AFTER_LON": 120.94484,
      "SOG": 0.1,
      "MOVINGTIME": 1680.0,
      "ARRIVALTIME": "20251129211900"
    },
    {
      "SEQ": 9,
      "BEFORE_NODE": 9.0,
      "AFTER_NODE": 10.0,
      "BEFORE_LAT": 35.766785,
      "BEFORE_LON": 120.94484,
      "AFTER_LAT": 35.768566,
      "AFTER_LON": 120.94402,
      "SOG": 0,
      "MOVINGTIME": 1800.0,
      "ARRIVALTIME": "20251129214900"
    },
    {
      "SEQ": 10,
      "BEFORE_NODE": 10.0,
      "AFTER_NODE": 11.0,
      "BEFORE_LAT": 35.768566,
      "BEFORE_LON": 120.94402,
      "AFTER_LAT": 35.769512,
      "AFTER_LON": 120.94543,
      "SOG": 0,
      "MOVINGTIME": 7337.0,
      "ARRIVALTIME": "20251129235117"
    },
    {
      "SEQ": 11,
      "BEFORE_NODE": 11.0,
      "AFTER_NODE": 12.0,
      "BEFORE_LAT": 35.769512,
      "BEFORE_LON": 120.94543,
      "AFTER_LAT": 35.769451,
      "AFTER_LON": 120.94541,
      "SOG": 0.1,
      "MOVINGTIME": 1543.0,
      "ARRIVALTIME": "20251130001700"
    },
    {
      "SEQ": 12,
      "BEFORE_NODE": 12.0,
      "AFTER_NODE": 13.0,
      "BEFORE_LAT": 35.769451,
      "BEFORE_LON": 120.94541,
      "AFTER_LAT": 35.769375,
      "AFTER_LON": 120.94614,
      "SOG": 0.1,
      "MOVINGTIME": 7320.0,
      "ARRIVALTIME": "20251130021900"
    },
    {
      "SEQ": 13,
      "BEFORE_NODE": 13.0,
      "AFTER_NODE": 14.0,
      "BEFORE_LAT": 35.769375,
      "BEFORE_LON": 120.94614,
      "AFTER_LAT": 35.769165,
      "AFTER_LON": 120.94664,
      "SOG": 0.3,
      "MOVINGTIME": 3840.0,
      "ARRIVALTIME": "20251130032300"
    },
    {
      "SEQ": 14,
      "BEFORE_NODE": 14.0,
      "AFTER_NODE": 15.0,
      "BEFORE_LAT": 35.769165,
      "BEFORE_LON": 120.94664,
      "AFTER_LAT": 35.76897,
      "AFTER_LON": 120.94689,
      "SOG": 0.1,
      "MOVINGTIME": 1800.0,
      "ARRIVALTIME": "20251130035300"
    },
    {
      "SEQ": 15,
      "BEFORE_NODE": 15.0,
      "AFTER_NODE": 16.0,
      "BEFORE_LAT": 35.76897,
      "BEFORE_LON": 120.94689,
      "AFTER_LAT": 35.768688,
      "AFTER_LON": 120.94716,
      "SOG": 0,
      "MOVINGTIME": 3480.0,
      "ARRIVALTIME": "20251130045100"
    },
    {
      "SEQ": 16,
      "BEFORE_NODE": 16.0,
      "AFTER_NODE": 17.0,
      "BEFORE_LAT": 35.768688,
      "BEFORE_LON": 120.94716,
      "AFTER_LAT": 35.768532,
      "AFTER_LON": 120.94716,
      "SOG": 0.2,
      "MOVINGTIME": 3720.0,
      "ARRIVALTIME": "20251130055300"
    },
    {
      "SEQ": 17,
      "BEFORE_NODE": 17.0,
      "AFTER_NODE": 18.0,
      "BEFORE_LAT": 35.768532,
      "BEFORE_LON": 120.94716,
      "AFTER_LAT": 35.768398,
      "AFTER_LON": 120.9473,
      "SOG": 0.1,
      "MOVINGTIME": 1560.0,
      "ARRIVALTIME": "20251130061900"
    },
    {
      "SEQ": 18,
      "BEFORE_NODE": 18.0,
      "AFTER_NODE": 19.0,
      "BEFORE_LAT": 35.768398,
      "BEFORE_LON": 120.9473,
      "AFTER_LAT": 35.768211,
      "AFTER_LON": 120.9473,
      "SOG": 0.1,
      "MOVINGTIME": 3540.0,
      "ARRIVALTIME": "20251130071800"
    },
    {
      "SEQ": 19,
      "BEFORE_NODE": 19.0,
      "AFTER_NODE": 20.0,
      "BEFORE_LAT": 35.768211,
      "BEFORE_LON": 120.9473,
      "AFTER_LAT": 35.768085,
      "AFTER_LON": 120.94736,
      "SOG": 0,
      "MOVINGTIME": 7200.0,
      "ARRIVALTIME": "20251130091800"
    },
    {
      "SEQ": 20,
      "BEFORE_NODE": 20.0,
      "AFTER_NODE": 21.0,
      "BEFORE_LAT": 35.768085,
      "BEFORE_LON": 120.94736,
      "AFTER_LAT": 35.767151,
      "AFTER_LON": 120.94725,
      "SOG": 0,
      "MOVINGTIME": 1980.0,
      "ARRIVALTIME": "20251130095100"
    },
    {
      "SEQ": 21,
      "BEFORE_NODE": 21.0,
      "AFTER_NODE": 22.0,
      "BEFORE_LAT": 35.767151,
      "BEFORE_LON": 120.94725,
      "AFTER_LAT": 35.763306,
      "AFTER_LON": 120.9455,
      "SOG": 0.4,
      "MOVINGTIME": 7080.0,
      "ARRIVALTIME": "20251130114900"
    },
    {
      "SEQ": 22,
      "BEFORE_NODE": 22.0,
      "AFTER_NODE": 23.0,
      "BEFORE_LAT": 35.763306,
      "BEFORE_LON": 120.9455,
      "AFTER_LAT": 35.761963,
      "AFTER_LON": 120.94402,
      "SOG": 0.2,
      "MOVINGTIME": 16260.0,
      "ARRIVALTIME": "20251130162000"
    },
    {
      "SEQ": 23,
      "BEFORE_NODE": 23.0,
      "AFTER_NODE": 24.0,
      "BEFORE_LAT": 35.761963,
      "BEFORE_LON": 120.94402,
      "AFTER_LAT": 35.762428,
      "AFTER_LON": 120.94261,
      "SOG": 0.1,
      "MOVINGTIME": 16140.0,
      "ARRIVALTIME": "20251130204900"
    },
    {
      "SEQ": 24,
      "BEFORE_NODE": 24.0,
      "AFTER_NODE": 25.0,
      "BEFORE_LAT": 35.762428,
      "BEFORE_LON": 120.94261,
      "AFTER_LAT": 35.762539,
      "AFTER_LON": 120.94256,
      "SOG": 0.1,
      "MOVINGTIME": 3780.0,
      "ARRIVALTIME": "20251130215200"
    },
    {
      "SEQ": 25,
      "BEFORE_NODE": 25.0,
      "AFTER_NODE": 26.0,
      "BEFORE_LAT": 35.762539,
      "BEFORE_LON": 120.94256,
      "AFTER_LAT": 35.762535,
      "AFTER_LON": 120.94264,
      "SOG": 0,
      "MOVINGTIME": 1800.0,
      "ARRIVALTIME": "20251130222200"
    },
    {
      "SEQ": 26,
      "BEFORE_NODE": 26.0,
      "AFTER_NODE": 27.0,
      "BEFORE_LAT": 35.762535,
      "BEFORE_LON": 120.94264,
      "AFTER_LAT": 35.762268,
      "AFTER_LON": 120.94286,
      "SOG": 0,
      "MOVINGTIME": 1620.0,
      "ARRIVALTIME": "20251130224900"
    },
    {
      "SEQ": 27,
      "BEFORE_NODE": 27.0,
      "AFTER_NODE": 28.0,
      "BEFORE_LAT": 35.762268,
      "BEFORE_LON": 120.94286,
      "AFTER_LAT": 35.762589,
      "AFTER_LON": 120.9425,
      "SOG": 0.1,
      "MOVINGTIME": 3660.0,
      "ARRIVALTIME": "20251130235000"
    },
    {
      "SEQ": 28,
      "BEFORE_NODE": 28.0,
      "AFTER_NODE": 29.0,
      "BEFORE_LAT": 35.762589,
      "BEFORE_LON": 120.9425,
      "AFTER_LAT": 35.823357,
      "AFTER_LON": 120.85453,
      "SOG": 10.1,
      "MOVINGTIME": 14460.0,
      "ARRIVALTIME": "20251201035100"
    },
    {
      "SEQ": 29,
      "BEFORE_NODE": 29.0,
      "AFTER_NODE": 30.0,
      "BEFORE_LAT": 35.823357,
      "BEFORE_LON": 120.85453,
      "AFTER_LAT": 35.913261,
      "AFTER_LON": 120.80632,
      "SOG": 10,
      "MOVINGTIME": 1980.0,
      "ARRIVALTIME": "20251201042400"
    },
    {
      "SEQ": 30,
      "BEFORE_NODE": 30.0,
      "AFTER_NODE": 31.0,
      "BEFORE_LAT": 35.913261,
      "BEFORE_LON": 120.80632,
      "AFTER_LAT": 35.956245,
      "AFTER_LON": 120.73556,
      "SOG": 9.1,
      "MOVINGTIME": 1740.0,
      "ARRIVALTIME": "20251201045300"
    },
    {
      "SEQ": 31,
      "BEFORE_NODE": 31.0,
      "AFTER_NODE": 32.0,
      "BEFORE_LAT": 35.956245,
      "BEFORE_LON": 120.73556,
      "AFTER_LAT": 35.970993,
      "AFTER_LON": 120.64676,
      "SOG": 8.5,
      "MOVINGTIME": 1800.0,
      "ARRIVALTIME": "20251201052300"
    },
    {
      "SEQ": 32,
      "BEFORE_NODE": 32.0,
      "AFTER_NODE": 33.0,
      "BEFORE_LAT": 35.970993,
      "BEFORE_LON": 120.64676,
      "AFTER_LAT": 35.984005,
      "AFTER_LON": 120.56622,
      "SOG": 12.5,
      "MOVINGTIME": 1740.0,
      "ARRIVALTIME": "20251201055200"
    },
    {
      "SEQ": 33,
      "BEFORE_NODE": 33.0,
      "AFTER_NODE": 34.0,
      "BEFORE_LAT": 35.984005,
      "BEFORE_LON": 120.56622,
      "AFTER_LAT": 36.010395,
      "AFTER_LON": 120.43011,
      "SOG": 11.8,
      "MOVINGTIME": 1980.0,
      "ARRIVALTIME": "20251201062500"
    },
    {
      "SEQ": 34,
      "BEFORE_NODE": 34.0,
      "AFTER_NODE": 35.0,
      "BEFORE_LAT": 36.010395,
      "BEFORE_LON": 120.43011,
      "AFTER_LAT": 36.023945,
      "AFTER_LON": 120.33543,
      "SOG": 10.3,
      "MOVINGTIME": 1680.0,
      "ARRIVALTIME": "20251201065300"
    },
    {
      "SEQ": 35,
      "BEFORE_NODE": 35.0,
      "AFTER_NODE": 36.0,
      "BEFORE_LAT": 36.023945,
      "BEFORE_LON": 120.33543,
      "AFTER_LAT": 36.021767,
      "AFTER_LON": 120.23816,
      "SOG": 5.9,
      "MOVINGTIME": 1740.0,
      "ARRIVALTIME": "20251201072200"
    },
    {
      "SEQ": 36,
      "BEFORE_NODE": 36.0,
      "AFTER_NODE": 37.0,
      "BEFORE_LAT": 36.021767,
      "BEFORE_LON": 120.23816,
      "AFTER_LAT": 36.011635,
      "AFTER_LON": 120.23032,
      "SOG": 0,
      "MOVINGTIME": 1800.0,
      "ARRIVALTIME": "20251201075200"
    },
    {
      "SEQ": 37,
      "BEFORE_NODE": 37.0,
      "AFTER_NODE": 38.0,
      "BEFORE_LAT": 36.011635,
      "BEFORE_LON": 120.23032,
      "AFTER_LAT": 36.011662,
      "AFTER_LON": 120.23033,
      "SOG": 0,
      "MOVINGTIME": 1920.0,
      "ARRIVALTIME": "20251201082400"
    },
    {
      "SEQ": 38,
      "BEFORE_NODE": 38.0,
      "AFTER_NODE": 39.0,
      "BEFORE_LAT": 36.011662,
      "BEFORE_LON": 120.23033,
      "AFTER_LAT": 36.011894,
      "AFTER_LON": 120.23036,
      "SOG": 0,
      "MOVINGTIME": 1740.0,
      "ARRIVALTIME": "20251201085300"
    },
    {
      "SEQ": 39,
      "BEFORE_NODE": 39.0,
      "AFTER_NODE": 40.0,
      "BEFORE_LAT": 36.011894,
      "BEFORE_LON": 120.23036,
      "AFTER_LAT": 36.011761,
      "AFTER_LON": 120.2304,
      "SOG": 0,
      "MOVINGTIME": 1800.0,
      "ARRIVALTIME": "20251201092300"
    },
    {
      "SEQ": 40,
      "BEFORE_NODE": 40.0,
      "AFTER_NODE": 41.0,
      "BEFORE_LAT": 36.011761,
      "BEFORE_LON": 120.2304,
      "AFTER_LAT": 36.011711,
      "AFTER_LON": 120.23048,
      "SOG": 0,
      "MOVINGTIME": 1800.0,
      "ARRIVALTIME": "20251201095300"
    },
    {
      "SEQ": 41,
      "BEFORE_NODE": 41.0,
      "AFTER_NODE": 42.0,
      "BEFORE_LAT": 36.011711,
      "BEFORE_LON": 120.23048,
      "AFTER_LAT": 36.011559,
      "AFTER_LON": 120.23026,
      "SOG": 0,
      "MOVINGTIME": 1800.0,
      "ARRIVALTIME": "20251201102300"
    },
    {
      "SEQ": 42,
      "BEFORE_NODE": 42.0,
      "AFTER_NODE": 43.0,
      "BEFORE_LAT": 36.011559,
      "BEFORE_LON": 120.23026,
      "AFTER_LAT": 36.011734,
      "AFTER_LON": 120.23037,
      "SOG": 0,
      "MOVINGTIME": 1920.0,
      "ARRIVALTIME": "20251201105500"
    },
    {
      "SEQ": 43,
      "BEFORE_NODE": 43.0,
      "AFTER_NODE": 44.0,
      "BEFORE_LAT": 36.011734,
      "BEFORE_LON": 120.23037,
      "AFTER_LAT": 36.011784,
      "AFTER_LON": 120.23037,
      "SOG": 0,
      "MOVINGTIME": 1800.0,
      "ARRIVALTIME": "20251201112500"
    },
    {
      "SEQ": 44,
      "BEFORE_NODE": 44.0,
      "AFTER_NODE": 45.0,
      "BEFORE_LAT": 36.011784,
      "BEFORE_LON": 120.23037,
      "AFTER_LAT": 36.011677,
      "AFTER_LON": 120.23033,
      "SOG": 0,
      "MOVINGTIME": 1560.0,
      "ARRIVALTIME": "20251201115100"
    },
    {
      "SEQ": 45,
      "BEFORE_NODE": 45.0,
      "AFTER_NODE": 46.0,
      "BEFORE_LAT": 36.011677,
      "BEFORE_LON": 120.23033,
      "AFTER_LAT": 36.011662,
      "AFTER_LON": 120.23042,
      "SOG": 0,
      "MOVINGTIME": 5520.0,
      "ARRIVALTIME": "20251201132300"
    },
    {
      "SEQ": 46,
      "BEFORE_NODE": 46.0,
      "AFTER_NODE": 47.0,
      "BEFORE_LAT": 36.011662,
      "BEFORE_LON": 120.23042,
      "AFTER_LAT": 36.011608,
      "AFTER_LON": 120.23035,
      "SOG": 0,
      "MOVINGTIME": 1920.0,
      "ARRIVALTIME": "20251201135500"
    },
    {
      "SEQ": 47,
      "BEFORE_NODE": 47.0,
      "AFTER_NODE": 48.0,
      "BEFORE_LAT": 36.011608,
      "BEFORE_LON": 120.23035,
      "AFTER_LAT": 36.011616,
      "AFTER_LON": 120.23032,
      "SOG": 0,
      "MOVINGTIME": 3300.0,
      "ARRIVALTIME": "20251201145000"
    },
    {
      "SEQ": 48,
      "BEFORE_NODE": 48.0,
      "AFTER_NODE": 49.0,
      "BEFORE_LAT": 36.011616,
      "BEFORE_LON": 120.23032,
      "AFTER_LAT": 36.011745,
      "AFTER_LON": 120.23048,
      "SOG": 0,
      "MOVINGTIME": 1980.0,
      "ARRIVALTIME": "20251201152300"
    },
    {
      "SEQ": 49,
      "BEFORE_NODE": 49.0,
      "AFTER_NODE": 50.0,
      "BEFORE_LAT": 36.011745,
      "BEFORE_LON": 120.23048,
      "AFTER_LAT": 36.011681,
      "AFTER_LON": 120.23037,
      "SOG": 0,
      "MOVINGTIME": 1740.0,
      "ARRIVALTIME": "20251201155200"
    },
    {
      "SEQ": 50,
      "BEFORE_NODE": 50.0,
      "AFTER_NODE": 51.0,
      "BEFORE_LAT": 36.011681,
      "BEFORE_LON": 120.23037,
      "AFTER_LAT": 36.011635,
      "AFTER_LON": 120.23042,
      "SOG": 0,
      "MOVINGTIME": 2040.0,
      "ARRIVALTIME": "20251201162600"
    },
    {
      "SEQ": 51,
      "BEFORE_NODE": 51.0,
      "AFTER_NODE": 52.0,
      "BEFORE_LAT": 36.011635,
      "BEFORE_LON": 120.23042,
      "AFTER_LAT": 36.011555,
      "AFTER_LON": 120.2306,
      "SOG": 0,
      "MOVINGTIME": 1800.0,
      "ARRIVALTIME": "20251201165600"
    },
    {
      "SEQ": 52,
      "BEFORE_NODE": 52.0,
      "AFTER_NODE": 53.0,
      "BEFORE_LAT": 36.011555,
      "BEFORE_LON": 120.2306,
      "AFTER_LAT": 36.011848,
      "AFTER_LON": 120.23042,
      "SOG": 0,
      "MOVINGTIME": 1620.0,
      "ARRIVALTIME": "20251201172300"
    },
    {
      "SEQ": 53,
      "BEFORE_NODE": 53.0,
      "AFTER_NODE": 54.0,
      "BEFORE_LAT": 36.011848,
      "BEFORE_LON": 120.23042,
      "AFTER_LAT": 36.011585,
      "AFTER_LON": 120.23045,
      "SOG": 0,
      "MOVINGTIME": 1986.0,
      "ARRIVALTIME": "20251201175606"
    },
    {
      "SEQ": 54,
      "BEFORE_NODE": 54.0,
      "AFTER_NODE": 55.0,
      "BEFORE_LAT": 36.011585,
      "BEFORE_LON": 120.23045,
      "AFTER_LAT": 36.011707,
      "AFTER_LON": 120.23042,
      "SOG": 0,
      "MOVINGTIME": 1674.0,
      "ARRIVALTIME": "20251201182400"
    },
    {
      "SEQ": 55,
      "BEFORE_NODE": 55.0,
      "AFTER_NODE": 56.0,
      "BEFORE_LAT": 36.011707,
      "BEFORE_LON": 120.23042,
      "AFTER_LAT": 36.011753,
      "AFTER_LON": 120.23048,
      "SOG": 0,
      "MOVINGTIME": 1620.0,
      "ARRIVALTIME": "20251201185100"
    },
    {
      "SEQ": 56,
      "BEFORE_NODE": 56.0,
      "AFTER_NODE": 57.0,
      "BEFORE_LAT": 36.011753,
      "BEFORE_LON": 120.23048,
      "AFTER_LAT": 36.01157,
      "AFTER_LON": 120.23033,
      "SOG": 0,
      "MOVINGTIME": 2100.0,
      "ARRIVALTIME": "20251201192600"
    },
    {
      "SEQ": 57,
      "BEFORE_NODE": 57.0,
      "AFTER_NODE": 58.0,
      "BEFORE_LAT": 36.01157,
      "BEFORE_LON": 120.23033,
      "AFTER_LAT": 36.011757,
      "AFTER_LON": 120.23045,
      "SOG": 0,
      "MOVINGTIME": 1740.0,
      "ARRIVALTIME": "20251201195500"
    },
    {
      "SEQ": 58,
      "BEFORE_NODE": 58.0,
      "AFTER_NODE": 59.0,
      "BEFORE_LAT": 36.011757,
      "BEFORE_LON": 120.23045,
      "AFTER_LAT": 36.011959,
      "AFTER_LON": 120.23044,
      "SOG": 0,
      "MOVINGTIME": 1680.0,
      "ARRIVALTIME": "20251201202300"
    },
    {
      "SEQ": 59,
      "BEFORE_NODE": 59.0,
      "AFTER_NODE": 60.0,
      "BEFORE_LAT": 36.011959,
      "BEFORE_LON": 120.23044,
      "AFTER_LAT": 36.01186,
      "AFTER_LON": 120.23026,
      "SOG": 0,
      "MOVINGTIME": 1920.0,
      "ARRIVALTIME": "20251201205500"
    },
    {
      "SEQ": 60,
      "BEFORE_NODE": 60.0,
      "AFTER_NODE": 61.0,
      "BEFORE_LAT": 36.01186,
      "BEFORE_LON": 120.23026,
      "AFTER_LAT": 36.011669,
      "AFTER_LON": 120.23051,
      "SOG": 0,
      "MOVINGTIME": 1680.0,
      "ARRIVALTIME": "20251201212300"
    },
    {
      "SEQ": 61,
      "BEFORE_NODE": 61.0,
      "AFTER_NODE": 62.0,
      "BEFORE_LAT": 36.011669,
      "BEFORE_LON": 120.23051,
      "AFTER_LAT": 36.011608,
      "AFTER_LON": 120.23042,
      "SOG": 0,
      "MOVINGTIME": 1740.0,
      "ARRIVALTIME": "20251201215200"
    },
    {
      "SEQ": 62,
      "BEFORE_NODE": 62.0,
      "AFTER_NODE": 63.0,
      "BEFORE_LAT": 36.011608,
      "BEFORE_LON": 120.23042,
      "AFTER_LAT": 36.011673,
      "AFTER_LON": 120.2304,
      "SOG": 0,
      "MOVINGTIME": 1860.0,
      "ARRIVALTIME": "20251201222300"
    },
    {
      "SEQ": 63,
      "BEFORE_NODE": 63.0,
      "AFTER_NODE": 64.0,
      "BEFORE_LAT": 36.011673,
      "BEFORE_LON": 120.2304,
      "AFTER_LAT": 36.011681,
      "AFTER_LON": 120.23031,
      "SOG": 0,
      "MOVINGTIME": 33960.0,
      "ARRIVALTIME": "20251202074900"
    },
    {
      "SEQ": 64,
      "BEFORE_NODE": 64.0,
      "AFTER_NODE": 65.0,
      "BEFORE_LAT": 36.011681,
      "BEFORE_LON": 120.23031,
      "AFTER_LAT": 36.011692,
      "AFTER_LON": 120.23042,
      "SOG": 0,
      "MOVINGTIME": 1800.0,
      "ARRIVALTIME": "20251202081900"
    },
    {
      "SEQ": 65,
      "BEFORE_NODE": 65.0,
      "AFTER_NODE": 66.0,
      "BEFORE_LAT": 36.011692,
      "BEFORE_LON": 120.23042,
      "AFTER_LAT": 36.01178,
      "AFTER_LON": 120.23022,
      "SOG": 0,
      "MOVINGTIME": 1920.0,
      "ARRIVALTIME": "20251202085100"
    },
    {
      "SEQ": 66,
      "BEFORE_NODE": 66.0,
      "AFTER_NODE": 67.0,
      "BEFORE_LAT": 36.01178,
      "BEFORE_LON": 120.23022,
      "AFTER_LAT": 36.01162,
      "AFTER_LON": 120.23036,
      "SOG": 0,
      "MOVINGTIME": 1680.0,
      "ARRIVALTIME": "20251202091900"
    },
    {
      "SEQ": 67,
      "BEFORE_NODE": 67.0,
      "AFTER_NODE": 68.0,
      "BEFORE_LAT": 36.01162,
      "BEFORE_LON": 120.23036,
      "AFTER_LAT": 36.011703,
      "AFTER_LON": 120.2304,
      "SOG": 0,
      "MOVINGTIME": 1980.0,
      "ARRIVALTIME": "20251202095200"
    },
    {
      "SEQ": 68,
      "BEFORE_NODE": 68.0,
      "AFTER_NODE": 69.0,
      "BEFORE_LAT": 36.011703,
      "BEFORE_LON": 120.2304,
      "AFTER_LAT": 36.011703,
      "AFTER_LON": 120.23032,
      "SOG": 0,
      "MOVINGTIME": 8760.0,
      "ARRIVALTIME": "20251202121800"
    },
    {
      "SEQ": 69,
      "BEFORE_NODE": 69.0,
      "AFTER_NODE": 70.0,
      "BEFORE_LAT": 36.011703,
      "BEFORE_LON": 120.23032,
      "AFTER_LAT": 36.011745,
      "AFTER_LON": 120.23032,
      "SOG": 0,
      "MOVINGTIME": 1860.0,
      "ARRIVALTIME": "20251202124900"
    },
    {
      "SEQ": 70,
      "BEFORE_NODE": 70.0,
      "AFTER_NODE": 71.0,
      "BEFORE_LAT": 36.011745,
      "BEFORE_LON": 120.23032,
      "AFTER_LAT": 36.011658,
      "AFTER_LON": 120.23033,
      "SOG": 0,
      "MOVINGTIME": 1800.0,
      "ARRIVALTIME": "20251202131900"
    },
    {
      "SEQ": 71,
      "BEFORE_NODE": 71.0,
      "AFTER_NODE": 72.0,
      "BEFORE_LAT": 36.011658,
      "BEFORE_LON": 120.23033,
      "AFTER_LAT": 36.011688,
      "AFTER_LON": 120.23026,
      "SOG": 0,
      "MOVINGTIME": 18000.0,
      "ARRIVALTIME": "20251202181900"
    },
    {
      "SEQ": 72,
      "BEFORE_NODE": 72.0,
      "AFTER_NODE": 73.0,
      "BEFORE_LAT": 36.011688,
      "BEFORE_LON": 120.23026,
      "AFTER_LAT": 36.011745,
      "AFTER_LON": 120.23027,
      "SOG": 0,
      "MOVINGTIME": 3540.0,
      "ARRIVALTIME": "20251202191800"
    },
    {
      "SEQ": 73,
      "BEFORE_NODE": 73.0,
      "AFTER_NODE": 74.0,
      "BEFORE_LAT": 36.011745,
      "BEFORE_LON": 120.23027,
      "AFTER_LAT": 36.011635,
      "AFTER_LON": 120.23033,
      "SOG": 0,
      "MOVINGTIME": 3600.0,
      "ARRIVALTIME": "20251202201800"
    },
    {
      "SEQ": 74,
      "BEFORE_NODE": 74.0,
      "AFTER_NODE": 75.0,
      "BEFORE_LAT": 36.011635,
      "BEFORE_LON": 120.23033,
      "AFTER_LAT": 36.011665,
      "AFTER_LON": 120.23017,
      "SOG": 0,
      "MOVINGTIME": 3600.0,
      "ARRIVALTIME": "20251202211800"
    },
    {
      "SEQ": 75,
      "BEFORE_NODE": 75.0,
      "AFTER_NODE": 76.0,
      "BEFORE_LAT": 36.011665,
      "BEFORE_LON": 120.23017,
      "AFTER_LAT": 36.011742,
      "AFTER_LON": 120.23045,
      "SOG": 0,
      "MOVINGTIME": 1860.0,
      "ARRIVALTIME": "20251202214900"
    },
    {
      "SEQ": 76,
      "BEFORE_NODE": 76.0,
      "AFTER_NODE": 77.0,
      "BEFORE_LAT": 36.011742,
      "BEFORE_LON": 120.23045,
      "AFTER_LAT": 36.011635,
      "AFTER_LON": 120.23036,
      "SOG": 0,
      "MOVINGTIME": 1980.0,
      "ARRIVALTIME": "20251202222200"
    },
    {
      "SEQ": 77,
      "BEFORE_NODE": 77.0,
      "AFTER_NODE": 78.0,
      "BEFORE_LAT": 36.011635,
      "BEFORE_LON": 120.23036,
      "AFTER_LAT": 36.011662,
      "AFTER_LON": 120.23037,
      "SOG": 0,
      "MOVINGTIME": 1740.0,
      "ARRIVALTIME": "20251202225100"
    },
    {
      "SEQ": 78,
      "BEFORE_NODE": 78.0,
      "AFTER_NODE": 79.0,
      "BEFORE_LAT": 36.011662,
      "BEFORE_LON": 120.23037,
      "AFTER_LAT": 36.011639,
      "AFTER_LON": 120.23038,
      "SOG": 0,
      "MOVINGTIME": 1920.0,
      "ARRIVALTIME": "20251202232300"
    },
    {
      "SEQ": 79,
      "BEFORE_NODE": 79.0,
      "AFTER_NODE": 80.0,
      "BEFORE_LAT": 36.011639,
      "BEFORE_LON": 120.23038,
      "AFTER_LAT": 36.013206,
      "AFTER_LON": 120.23065,
      "SOG": 0.5,
      "MOVINGTIME": 1800.0,
      "ARRIVALTIME": "20251202235300"
    },
    {
      "SEQ": 80,
      "BEFORE_NODE": 80.0,
      "AFTER_NODE": 81.0,
      "BEFORE_LAT": 36.013206,
      "BEFORE_LON": 120.23065,
      "AFTER_LAT": 36.01849,
      "AFTER_LON": 120.23112,
      "SOG": 1.7,
      "MOVINGTIME": 1680.0,
      "ARRIVALTIME": "20251203002100"
    },
    {
      "SEQ": 81,
      "BEFORE_NODE": 81.0,
      "AFTER_NODE": 82.0,
      "BEFORE_LAT": 36.01849,
      "BEFORE_LON": 120.23112,
      "AFTER_LAT": 36.01873,
      "AFTER_LON": 120.33659,
      "SOG": 9.1,
      "MOVINGTIME": 1860.0,
      "ARRIVALTIME": "20251203005200"
    },
    {
      "SEQ": 82,
      "BEFORE_NODE": 82.0,
      "AFTER_NODE": 83.0,
      "BEFORE_LAT": 36.01873,
      "BEFORE_LON": 120.33659,
      "AFTER_LAT": 35.994026,
      "AFTER_LON": 120.45361,
      "SOG": 11.8,
      "MOVINGTIME": 1860.0,
      "ARRIVALTIME": "20251203012300"
    },
    {
      "SEQ": 83,
      "BEFORE_NODE": 83.0,
      "AFTER_NODE": 84.0,
      "BEFORE_LAT": 35.994026,
      "BEFORE_LON": 120.45361,
      "AFTER_LAT": 35.973606,
      "AFTER_LON": 120.56303,
      "SOG": 11.5,
      "MOVINGTIME": 1860.0,
      "ARRIVALTIME": "20251203015400"
    },
    {
      "SEQ": 84,
      "BEFORE_NODE": 84.0,
      "AFTER_NODE": 85.0,
      "BEFORE_LAT": 35.973606,
      "BEFORE_LON": 120.56303,
      "AFTER_LAT": 35.95089,
      "AFTER_LON": 120.67953,
      "SOG": 13.1,
      "MOVINGTIME": 1800.0,
      "ARRIVALTIME": "20251203022400"
    },
    {
      "SEQ": 85,
      "BEFORE_NODE": 85.0,
      "AFTER_NODE": 86.0,
      "BEFORE_LAT": 35.95089,
      "BEFORE_LON": 120.67953,
      "AFTER_LAT": 35.941673,
      "AFTER_LON": 120.822,
      "SOG": 11.6,
      "MOVINGTIME": 1800.0,
      "ARRIVALTIME": "20251203025400"
    },
    {
      "SEQ": 86,
      "BEFORE_NODE": 86.0,
      "AFTER_NODE": 87.0,
      "BEFORE_LAT": 35.941673,
      "BEFORE_LON": 120.822,
      "AFTER_LAT": 35.936665,
      "AFTER_LON": 120.8969,
      "SOG": 10.6,
      "MOVINGTIME": 1620.0,
      "ARRIVALTIME": "20251203032100"
    },
    {
      "SEQ": 87,
      "BEFORE_NODE": 87.0,
      "AFTER_NODE": 88.0,
      "BEFORE_LAT": 35.936665,
      "BEFORE_LON": 120.8969,
      "AFTER_LAT": 35.926025,
      "AFTER_LON": 121.0306,
      "SOG": 10,
      "MOVINGTIME": 1920.0,
      "ARRIVALTIME": "20251203035300"
    },
    {
      "SEQ": 88,
      "BEFORE_NODE": 88.0,
      "AFTER_NODE": 89.0,
      "BEFORE_LAT": 35.926025,
      "BEFORE_LON": 121.0306,
      "AFTER_LAT": 35.913971,
      "AFTER_LON": 121.0965,
      "SOG": 9.6,
      "MOVINGTIME": 1800.0,
      "ARRIVALTIME": "20251203042300"
    },
    {
      "SEQ": 89,
      "BEFORE_NODE": 89.0,
      "AFTER_NODE": 90.0,
      "BEFORE_LAT": 35.913971,
      "BEFORE_LON": 121.0965,
      "AFTER_LAT": 35.891373,
      "AFTER_LON": 121.21037,
      "SOG": 10.6,
      "MOVINGTIME": 1740.0,
      "ARRIVALTIME": "20251203045200"
    },
    {
      "SEQ": 90,
      "BEFORE_NODE": 90.0,
      "AFTER_NODE": 91.0,
      "BEFORE_LAT": 35.891373,
      "BEFORE_LON": 121.21037,
      "AFTER_LAT": 35.858906,
      "AFTER_LON": 121.27672,
      "SOG": 10.6,
      "MOVINGTIME": 1680.0,
      "ARRIVALTIME": "20251203052000"
    },
    {
      "SEQ": 91,
      "BEFORE_NODE": 91.0,
      "AFTER_NODE": 92.0,
      "BEFORE_LAT": 35.858906,
      "BEFORE_LON": 121.27672,
      "AFTER_LAT": 35.788094,
      "AFTER_LON": 121.35576,
      "SOG": 10.8,
      "MOVINGTIME": 1980.0,
      "ARRIVALTIME": "20251203055300"
    },
    {
      "SEQ": 92,
      "BEFORE_NODE": 92.0,
      "AFTER_NODE": 93.0,
      "BEFORE_LAT": 35.788094,
      "BEFORE_LON": 121.35576,
      "AFTER_LAT": 35.724819,
      "AFTER_LON": 121.42688,
      "SOG": 10.8,
      "MOVINGTIME": 1560.0,
      "ARRIVALTIME": "20251203061900"
    },
    {
      "SEQ": 93,
      "BEFORE_NODE": 93.0,
      "AFTER_NODE": 94.0,
      "BEFORE_LAT": 35.724819,
      "BEFORE_LON": 121.42688,
      "AFTER_LAT": 35.649727,
      "AFTER_LON": 121.51052,
      "SOG": 11.3,
      "MOVINGTIME": 1980.0,
      "ARRIVALTIME": "20251203065200"
    },
    {
      "SEQ": 94,
      "BEFORE_NODE": 94.0,
      "AFTER_NODE": 95.0,
      "BEFORE_LAT": 35.649727,
      "BEFORE_LON": 121.51052,
      "AFTER_LAT": 35.572075,
      "AFTER_LON": 121.59711,
      "SOG": 11.3,
      "MOVINGTIME": 1980.0,
      "ARRIVALTIME": "20251203072500"
    },
    {
      "SEQ": 95,
      "BEFORE_NODE": 95.0,
      "AFTER_NODE": 96.0,
      "BEFORE_LAT": 35.572075,
      "BEFORE_LON": 121.59711,
      "AFTER_LAT": 35.529655,
      "AFTER_LON": 121.64319,
      "SOG": 11.6,
      "MOVINGTIME": 1680.0,
      "ARRIVALTIME": "20251203075300"
    },
    {
      "SEQ": 96,
      "BEFORE_NODE": 96.0,
      "AFTER_NODE": 97.0,
      "BEFORE_LAT": 35.529655,
      "BEFORE_LON": 121.64319,
      "AFTER_LAT": 35.457378,
      "AFTER_LON": 121.7215,
      "SOG": 11.8,
      "MOVINGTIME": 1800.0,
      "ARRIVALTIME": "20251203082300"
    },
    {
      "SEQ": 97,
      "BEFORE_NODE": 97.0,
      "AFTER_NODE": 98.0,
      "BEFORE_LAT": 35.457378,
      "BEFORE_LON": 121.7215,
      "AFTER_LAT": 35.35704,
      "AFTER_LON": 121.83035,
      "SOG": 12.1,
      "MOVINGTIME": 1740.0,
      "ARRIVALTIME": "20251203085200"
    },
    {
      "SEQ": 98,
      "BEFORE_NODE": 98.0,
      "AFTER_NODE": 99.0,
      "BEFORE_LAT": 35.35704,
      "BEFORE_LON": 121.83035,
      "AFTER_LAT": 35.278339,
      "AFTER_LON": 121.90455,
      "SOG": 12.1,
      "MOVINGTIME": 1920.0,
      "ARRIVALTIME": "20251203092400"
    },
    {
      "SEQ": 99,
      "BEFORE_NODE": 99.0,
      "AFTER_NODE": 100.0,
      "BEFORE_LAT": 35.278339,
      "BEFORE_LON": 121.90455,
      "AFTER_LAT": 35.085552,
      "AFTER_LON": 122.13076,
      "SOG": 12.1,
      "MOVINGTIME": 5220.0,
      "ARRIVALTIME": "20251203105100"
    },
    {
      "SEQ": 100,
      "BEFORE_NODE": 100.0,
      "AFTER_NODE": 101.0,
      "BEFORE_LAT": 35.085552,
      "BEFORE_LON": 122.13076,
      "AFTER_LAT": 34.962948,
      "AFTER_LON": 122.2672,
      "SOG": 11.8,
      "MOVINGTIME": 3360.0,
      "ARRIVALTIME": "20251203114700"
    },
    {
      "SEQ": 101,
      "BEFORE_NODE": 101.0,
      "AFTER_NODE": 102.0,
      "BEFORE_LAT": 34.962948,
      "BEFORE_LON": 122.2672,
      "AFTER_LAT": 34.860897,
      "AFTER_LON": 122.38412,
      "SOG": 11.6,
      "MOVINGTIME": 2040.0,
      "ARRIVALTIME": "20251203122100"
    },
    {
      "SEQ": 102,
      "BEFORE_NODE": 102.0,
      "AFTER_NODE": 103.0,
      "BEFORE_LAT": 34.860897,
      "BEFORE_LON": 122.38412,
      "AFTER_LAT": 34.792522,
      "AFTER_LON": 122.46399,
      "SOG": 11.5,
      "MOVINGTIME": 1680.0,
      "ARRIVALTIME": "20251203124900"
    },
    {
      "SEQ": 103,
      "BEFORE_NODE": 103.0,
      "AFTER_NODE": 104.0,
      "BEFORE_LAT": 34.792522,
      "BEFORE_LON": 122.46399,
      "AFTER_LAT": 34.726372,
      "AFTER_LON": 122.54136,
      "SOG": 11.3,
      "MOVINGTIME": 1860.0,
      "ARRIVALTIME": "20251203132000"
    },
    {
      "SEQ": 104,
      "BEFORE_NODE": 104.0,
      "AFTER_NODE": 105.0,
      "BEFORE_LAT": 34.726372,
      "BEFORE_LON": 122.54136,
      "AFTER_LAT": 34.664875,
      "AFTER_LON": 122.62208,
      "SOG": 11.1,
      "MOVINGTIME": 1680.0,
      "ARRIVALTIME": "20251203134800"
    },
    {
      "SEQ": 105,
      "BEFORE_NODE": 105.0,
      "AFTER_NODE": 106.0,
      "BEFORE_LAT": 34.664875,
      "BEFORE_LON": 122.62208,
      "AFTER_LAT": 34.630711,
      "AFTER_LON": 122.68048,
      "SOG": 11.1,
      "MOVINGTIME": 1860.0,
      "ARRIVALTIME": "20251203141900"
    },
    {
      "SEQ": 106,
      "BEFORE_NODE": 106.0,
      "AFTER_NODE": 107.0,
      "BEFORE_LAT": 34.630711,
      "BEFORE_LON": 122.68048,
      "AFTER_LAT": 34.489182,
      "AFTER_LON": 122.79884,
      "SOG": 9.1,
      "MOVINGTIME": 3720.0,
      "ARRIVALTIME": "20251203152100"
    },
    {
      "SEQ": 107,
      "BEFORE_NODE": 107.0,
      "AFTER_NODE": 108.0,
      "BEFORE_LAT": 34.489182,
      "BEFORE_LON": 122.79884,
      "AFTER_LAT": 34.413334,
      "AFTER_LON": 122.82861,
      "SOG": 9.6,
      "MOVINGTIME": 1740.0,
      "ARRIVALTIME": "20251203155000"
    },
    {
      "SEQ": 108,
      "BEFORE_NODE": 108.0,
      "AFTER_NODE": 109.0,
      "BEFORE_LAT": 34.413334,
      "BEFORE_LON": 122.82861,
      "AFTER_LAT": 34.345997,
      "AFTER_LON": 122.87495,
      "SOG": 10.8,
      "MOVINGTIME": 1680.0,
      "ARRIVALTIME": "20251203161800"
    },
    {
      "SEQ": 109,
      "BEFORE_NODE": 109.0,
      "AFTER_NODE": 110.0,
      "BEFORE_LAT": 34.345997,
      "BEFORE_LON": 122.87495,
      "AFTER_LAT": 34.274212,
      "AFTER_LON": 122.96098,
      "SOG": 10.8,
      "MOVINGTIME": 1980.0,
      "ARRIVALTIME": "20251203165100"
    },
    {
      "SEQ": 110,
      "BEFORE_NODE": 110.0,
      "AFTER_NODE": 111.0,
      "BEFORE_LAT": 34.274212,
      "BEFORE_LON": 122.96098,
      "AFTER_LAT": 34.215,
      "AFTER_LON": 123.03553,
      "SOG": 10.8,
      "MOVINGTIME": 1680.0,
      "ARRIVALTIME": "20251203171900"
    },
    {
      "SEQ": 111,
      "BEFORE_NODE": 111.0,
      "AFTER_NODE": 112.0,
      "BEFORE_LAT": 34.215,
      "BEFORE_LON": 123.03553,
      "AFTER_LAT": 34.064945,
      "AFTER_LON": 123.30814,
      "SOG": 11.6,
      "MOVINGTIME": 5580.0,
      "ARRIVALTIME": "20251203185200"
    },
    {
      "SEQ": 112,
      "BEFORE_NODE": 112.0,
      "AFTER_NODE": 113.0,
      "BEFORE_LAT": 34.064945,
      "BEFORE_LON": 123.30814,
      "AFTER_LAT": 34.020046,
      "AFTER_LON": 123.35709,
      "SOG": 11.1,
      "MOVINGTIME": 1620.0,
      "ARRIVALTIME": "20251203191900"
    },
    {
      "SEQ": 113,
      "BEFORE_NODE": 113.0,
      "AFTER_NODE": 114.0,
      "BEFORE_LAT": 34.020046,
      "BEFORE_LON": 123.35709,
      "AFTER_LAT": 33.892849,
      "AFTER_LON": 123.36332,
      "SOG": 11.8,
      "MOVINGTIME": 1860.0,
      "ARRIVALTIME": "20251203195000"
    },
    {
      "SEQ": 114,
      "BEFORE_NODE": 114.0,
      "AFTER_NODE": 115.0,
      "BEFORE_LAT": 33.892849,
      "BEFORE_LON": 123.36332,
      "AFTER_LAT": 33.720764,
      "AFTER_LON": 123.37463,
      "SOG": 12.1,
      "MOVINGTIME": 3480.0,
      "ARRIVALTIME": "20251203204800"
    },
    {
      "SEQ": 115,
      "BEFORE_NODE": 115.0,
      "AFTER_NODE": 116.0,
      "BEFORE_LAT": 33.720764,
      "BEFORE_LON": 123.37463,
      "AFTER_LAT": 33.607632,
      "AFTER_LON": 123.38151,
      "SOG": 12,
      "MOVINGTIME": 2100.0,
      "ARRIVALTIME": "20251203212300"
    },
    {
      "SEQ": 116,
      "BEFORE_NODE": 116.0,
      "AFTER_NODE": 117.0,
      "BEFORE_LAT": 33.607632,
      "BEFORE_LON": 123.38151,
      "AFTER_LAT": 33.510845,
      "AFTER_LON": 123.37784,
      "SOG": 11.8,
      "MOVINGTIME": 1740.0,
      "ARRIVALTIME": "20251203215200"
    },
    {
      "SEQ": 117,
      "BEFORE_NODE": 117.0,
      "AFTER_NODE": 118.0,
      "BEFORE_LAT": 33.510845,
      "BEFORE_LON": 123.37784,
      "AFTER_LAT": 33.415409,
      "AFTER_LON": 123.37197,
      "SOG": 11.6,
      "MOVINGTIME": 1680.0,
      "ARRIVALTIME": "20251203222000"
    },
    {
      "SEQ": 118,
      "BEFORE_NODE": 118.0,
      "AFTER_NODE": 119.0,
      "BEFORE_LAT": 33.415409,
      "BEFORE_LON": 123.37197,
      "AFTER_LAT": 33.319275,
      "AFTER_LON": 123.37029,
      "SOG": 11.8,
      "MOVINGTIME": 1800.0,
      "ARRIVALTIME": "20251203225000"
    },
    {
      "SEQ": 119,
      "BEFORE_NODE": 119.0,
      "AFTER_NODE": 120.0,
      "BEFORE_LAT": 33.319275,
      "BEFORE_LON": 123.37029,
      "AFTER_LAT": 33.22707,
      "AFTER_LON": 123.36689,
      "SOG": 11.3,
      "MOVINGTIME": 1740.0,
      "ARRIVALTIME": "20251203231900"
    },
    {
      "SEQ": 120,
      "BEFORE_NODE": 120.0,
      "AFTER_NODE": 121.0,
      "BEFORE_LAT": 33.22707,
      "BEFORE_LON": 123.36689,
      "AFTER_LAT": 33.150394,
      "AFTER_LON": 123.36323,
      "SOG": 11.1,
      "MOVINGTIME": 1860.0,
      "ARRIVALTIME": "20251203235000"
    },
    {
      "SEQ": 121,
      "BEFORE_NODE": 121.0,
      "AFTER_NODE": 122.0,
      "BEFORE_LAT": 33.150394,
      "BEFORE_LON": 123.36323,
      "AFTER_LAT": 33.061386,
      "AFTER_LON": 123.35577,
      "SOG": 10.8,
      "MOVINGTIME": 1860.0,
      "ARRIVALTIME": "20251204002100"
    },
    {
      "SEQ": 122,
      "BEFORE_NODE": 122.0,
      "AFTER_NODE": 123.0,
      "BEFORE_LAT": 33.061386,
      "BEFORE_LON": 123.35577,
      "AFTER_LAT": 32.97084,
      "AFTER_LON": 123.3288,
      "SOG": 8.8,
      "MOVINGTIME": 1800.0,
      "ARRIVALTIME": "20251204005100"
    },
    {
      "SEQ": 123,
      "BEFORE_NODE": 123.0,
      "AFTER_NODE": 124.0,
      "BEFORE_LAT": 32.97084,
      "BEFORE_LON": 123.3288,
      "AFTER_LAT": 32.907505,
      "AFTER_LON": 123.30644,
      "SOG": 8.3,
      "MOVINGTIME": 1620.0,
      "ARRIVALTIME": "20251204011800"
    },
    {
      "SEQ": 124,
      "BEFORE_NODE": 124.0,
      "AFTER_NODE": 125.0,
      "BEFORE_LAT": 32.907505,
      "BEFORE_LON": 123.30644,
      "AFTER_LAT": 32.325546,
      "AFTER_LON": 123.51842,
      "SOG": 8.1,
      "MOVINGTIME": 17940.0,
      "ARRIVALTIME": "20251204061700"
    },
    {
      "SEQ": 125,
      "BEFORE_NODE": 125.0,
      "AFTER_NODE": 126.0,
      "BEFORE_LAT": 32.325546,
      "BEFORE_LON": 123.51842,
      "AFTER_LAT": 32.286335,
      "AFTER_LON": 123.61519,
      "SOG": 10.6,
      "MOVINGTIME": 2040.0,
      "ARRIVALTIME": "20251204065100"
    },
    {
      "SEQ": 126,
      "BEFORE_NODE": 126.0,
      "AFTER_NODE": 127.0,
      "BEFORE_LAT": 32.286335,
      "BEFORE_LON": 123.61519,
      "AFTER_LAT": 32.237095,
      "AFTER_LON": 123.70037,
      "SOG": 10,
      "MOVINGTIME": 1740.0,
      "ARRIVALTIME": "20251204072000"
    },
    {
      "SEQ": 127,
      "BEFORE_NODE": 127.0,
      "AFTER_NODE": 128.0,
      "BEFORE_LAT": 32.237095,
      "BEFORE_LON": 123.70037,
      "AFTER_LAT": 32.179134,
      "AFTER_LON": 123.72218,
      "SOG": 10.1,
      "MOVINGTIME": 1860.0,
      "ARRIVALTIME": "20251204075100"
    },
    {
      "SEQ": 128,
      "BEFORE_NODE": 128.0,
      "AFTER_NODE": 129.0,
      "BEFORE_LAT": 32.179134,
      "BEFORE_LON": 123.72218,
      "AFTER_LAT": 32.069748,
      "AFTER_LON": 123.76164,
      "SOG": 10.3,
      "MOVINGTIME": 1800.0,
      "ARRIVALTIME": "20251204082100"
    },
    {
      "SEQ": 129,
      "BEFORE_NODE": 129.0,
      "AFTER_NODE": 130.0,
      "BEFORE_LAT": 32.069748,
      "BEFORE_LON": 123.76164,
      "AFTER_LAT": 31.899874,
      "AFTER_LON": 123.79195,
      "SOG": 10.5,
      "MOVINGTIME": 3600.0,
      "ARRIVALTIME": "20251204092100"
    },
    {
      "SEQ": 130,
      "BEFORE_NODE": 130.0,
      "AFTER_NODE": 131.0,
      "BEFORE_LAT": 31.899874,
      "BEFORE_LON": 123.79195,
      "AFTER_LAT": 31.836447,
      "AFTER_LON": 123.77422,
      "SOG": 10.8,
      "MOVINGTIME": 1800.0,
      "ARRIVALTIME": "20251204095100"
    },
    {
      "SEQ": 131,
      "BEFORE_NODE": 131.0,
      "AFTER_NODE": 132.0,
      "BEFORE_LAT": 31.836447,
      "BEFORE_LON": 123.77422,
      "AFTER_LAT": 31.748501,
      "AFTER_LON": 123.7292,
      "SOG": 10.3,
      "MOVINGTIME": 1920.0,
      "ARRIVALTIME": "20251204102300"
    },
    {
      "SEQ": 132,
      "BEFORE_NODE": 132.0,
      "AFTER_NODE": 133.0,
      "BEFORE_LAT": 31.748501,
      "BEFORE_LON": 123.7292,
      "AFTER_LAT": 31.693014,
      "AFTER_LON": 123.66682,
      "SOG": 10.3,
      "MOVINGTIME": 1740.0,
      "ARRIVALTIME": "20251204105200"
    },
    {
      "SEQ": 133,
      "BEFORE_NODE": 133.0,
      "AFTER_NODE": 134.0,
      "BEFORE_LAT": 31.693014,
      "BEFORE_LON": 123.66682,
      "AFTER_LAT": 31.62886,
      "AFTER_LON": 123.6338,
      "SOG": 7.8,
      "MOVINGTIME": 1620.0,
      "ARRIVALTIME": "20251204111900"
    },
    {
      "SEQ": 134,
      "BEFORE_NODE": 134.0,
      "AFTER_NODE": 135.0,
      "BEFORE_LAT": 31.62886,
      "BEFORE_LON": 123.6338,
      "AFTER_LAT": 31.566483,
      "AFTER_LON": 123.58614,
      "SOG": 8.5,
      "MOVINGTIME": 1980.0,
      "ARRIVALTIME": "20251204115200"
    },
    {
      "SEQ": 135,
      "BEFORE_NODE": 135.0,
      "AFTER_NODE": 136.0,
      "BEFORE_LAT": 31.566483,
      "BEFORE_LON": 123.58614,
      "AFTER_LAT": 31.261881,
      "AFTER_LON": 123.55088,
      "SOG": 10.1,
      "MOVINGTIME": 7080.0,
      "ARRIVALTIME": "20251204135000"
    },
    {
      "SEQ": 136,
      "BEFORE_NODE": 136.0,
      "AFTER_NODE": 137.0,
      "BEFORE_LAT": 31.261881,
      "BEFORE_LON": 123.55088,
      "AFTER_LAT": 31.198257,
      "AFTER_LON": 123.55762,
      "SOG": 10.3,
      "MOVINGTIME": 1860.0,
      "ARRIVALTIME": "20251204142100"
    },
    {
      "SEQ": 137,
      "BEFORE_NODE": 137.0,
      "AFTER_NODE": 138.0,
      "BEFORE_LAT": 31.198257,
      "BEFORE_LON": 123.55762,
      "AFTER_LAT": 31.112156,
      "AFTER_LON": 123.57852,
      "SOG": 10.8,
      "MOVINGTIME": 1740.0,
      "ARRIVALTIME": "20251204145000"
    },
    {
      "SEQ": 138,
      "BEFORE_NODE": 138.0,
      "AFTER_NODE": 139.0,
      "BEFORE_LAT": 31.112156,
      "BEFORE_LON": 123.57852,
      "AFTER_LAT": 31.021627,
      "AFTER_LON": 123.5862,
      "SOG": 10.3,
      "MOVINGTIME": 1860.0,
      "ARRIVALTIME": "20251204152100"
    },
    {
      "SEQ": 139,
      "BEFORE_NODE": 139.0,
      "AFTER_NODE": 140.0,
      "BEFORE_LAT": 31.021627,
      "BEFORE_LON": 123.5862,
      "AFTER_LAT": 30.933514,
      "AFTER_LON": 123.58063,
      "SOG": 10.1,
      "MOVINGTIME": 1860.0,
      "ARRIVALTIME": "20251204155200"
    },
    {
      "SEQ": 140,
      "BEFORE_NODE": 140.0,
      "AFTER_NODE": 141.0,
      "BEFORE_LAT": 30.933514,
      "BEFORE_LON": 123.58063,
      "AFTER_LAT": 30.846519,
      "AFTER_LON": 123.56171,
      "SOG": 10.3,
      "MOVINGTIME": 1800.0,
      "ARRIVALTIME": "20251204162200"
    },
    {
      "SEQ": 141,
      "BEFORE_NODE": 141.0,
      "AFTER_NODE": 142.0,
      "BEFORE_LAT": 30.846519,
      "BEFORE_LON": 123.56171,
      "AFTER_LAT": 30.789726,
      "AFTER_LON": 123.55199,
      "SOG": 10,
      "MOVINGTIME": 1740.0,
      "ARRIVALTIME": "20251204165100"
    },
    {
      "SEQ": 142,
      "BEFORE_NODE": 142.0,
      "AFTER_NODE": 143.0,
      "BEFORE_LAT": 30.789726,
      "BEFORE_LON": 123.55199,
      "AFTER_LAT": 30.702854,
      "AFTER_LON": 123.55025,
      "SOG": 9.8,
      "MOVINGTIME": 1800.0,
      "ARRIVALTIME": "20251204172100"
    },
    {
      "SEQ": 143,
      "BEFORE_NODE": 143.0,
      "AFTER_NODE": 144.0,
      "BEFORE_LAT": 30.702854,
      "BEFORE_LON": 123.55025,
      "AFTER_LAT": 30.615931,
      "AFTER_LON": 123.56152,
      "SOG": 9.6,
      "MOVINGTIME": 1800.0,
      "ARRIVALTIME": "20251204175100"
    },
    {
      "SEQ": 144,
      "BEFORE_NODE": 144.0,
      "AFTER_NODE": 145.0,
      "BEFORE_LAT": 30.615931,
      "BEFORE_LON": 123.56152,
      "AFTER_LAT": 30.533979,
      "AFTER_LON": 123.55144,
      "SOG": 9.8,
      "MOVINGTIME": 1860.0,
      "ARRIVALTIME": "20251204182200"
    },
    {
      "SEQ": 145,
      "BEFORE_NODE": 145.0,
      "AFTER_NODE": 146.0,
      "BEFORE_LAT": 30.533979,
      "BEFORE_LON": 123.55144,
      "AFTER_LAT": 30.456453,
      "AFTER_LON": 123.54079,
      "SOG": 9.3,
      "MOVINGTIME": 1680.0,
      "ARRIVALTIME": "20251204185000"
    },
    {
      "SEQ": 146,
      "BEFORE_NODE": 146.0,
      "AFTER_NODE": 147.0,
      "BEFORE_LAT": 30.456453,
      "BEFORE_LON": 123.54079,
      "AFTER_LAT": 30.382826,
      "AFTER_LON": 123.5072,
      "SOG": 9.6,
      "MOVINGTIME": 1860.0,
      "ARRIVALTIME": "20251204192100"
    },
    {
      "SEQ": 147,
      "BEFORE_NODE": 147.0,
      "AFTER_NODE": 148.0,
      "BEFORE_LAT": 30.382826,
      "BEFORE_LON": 123.5072,
      "AFTER_LAT": 30.288086,
      "AFTER_LON": 123.45169,
      "SOG": 9.8,
      "MOVINGTIME": 1980.0,
      "ARRIVALTIME": "20251204195400"
    },
    {
      "SEQ": 148,
      "BEFORE_NODE": 148.0,
      "AFTER_NODE": 149.0,
      "BEFORE_LAT": 30.288086,
      "BEFORE_LON": 123.45169,
      "AFTER_LAT": 30.227909,
      "AFTER_LON": 123.41677,
      "SOG": 9.3,
      "MOVINGTIME": 1500.0,
      "ARRIVALTIME": "20251204201900"
    },
    {
      "SEQ": 149,
      "BEFORE_NODE": 149.0,
      "AFTER_NODE": 150.0,
      "BEFORE_LAT": 30.227909,
      "BEFORE_LON": 123.41677,
      "AFTER_LAT": 30.100969,
      "AFTER_LON": 123.29872,
      "SOG": 14.6,
      "MOVINGTIME": 3720.0,
      "ARRIVALTIME": "20251204212100"
    },
    {
      "SEQ": 150,
      "BEFORE_NODE": 150.0,
      "AFTER_NODE": 151.0,
      "BEFORE_LAT": 30.100969,
      "BEFORE_LON": 123.29872,
      "AFTER_LAT": 30.006981,
      "AFTER_LON": 123.18836,
      "SOG": 13.8,
      "MOVINGTIME": 1860.0,
      "ARRIVALTIME": "20251204215200"
    },
    {
      "SEQ": 151,
      "BEFORE_NODE": 151.0,
      "AFTER_NODE": 152.0,
      "BEFORE_LAT": 30.006981,
      "BEFORE_LON": 123.18836,
      "AFTER_LAT": 29.962839,
      "AFTER_LON": 123.08181,
      "SOG": 9.6,
      "MOVINGTIME": 2040.0,
      "ARRIVALTIME": "20251204222600"
    },
    {
      "SEQ": 152,
      "BEFORE_NODE": 152.0,
      "AFTER_NODE": 153.0,
      "BEFORE_LAT": 29.962839,
      "BEFORE_LON": 123.08181,
      "AFTER_LAT": 29.905787,
      "AFTER_LON": 123.03169,
      "SOG": 10.3,
      "MOVINGTIME": 1740.0,
      "ARRIVALTIME": "20251204225500"
    },
    {
      "SEQ": 153,
      "BEFORE_NODE": 153.0,
      "AFTER_NODE": 154.0,
      "BEFORE_LAT": 29.905787,
      "BEFORE_LON": 123.03169,
      "AFTER_LAT": 29.913914,
      "AFTER_LON": 123.00383,
      "SOG": 0.6,
      "MOVINGTIME": 1920.0,
      "ARRIVALTIME": "20251204232700"
    },
    {
      "SEQ": 154,
      "BEFORE_NODE": 154.0,
      "AFTER_NODE": 155.0,
      "BEFORE_LAT": 29.913914,
      "BEFORE_LON": 123.00383,
      "AFTER_LAT": 29.91316,
      "AFTER_LON": 123.00205,
      "SOG": 0.5,
      "MOVINGTIME": 1440.0,
      "ARRIVALTIME": "20251204235100"
    },
    {
      "SEQ": 155,
      "BEFORE_NODE": 155.0,
      "AFTER_NODE": 156.0,
      "BEFORE_LAT": 29.91316,
      "BEFORE_LON": 123.00205,
      "AFTER_LAT": 29.91416,
      "AFTER_LON": 123.00224,
      "SOG": 0.2,
      "MOVINGTIME": 1980.0,
      "ARRIVALTIME": "20251205002400"
    },
    {
      "SEQ": 156,
      "BEFORE_NODE": 156.0,
      "AFTER_NODE": 157.0,
      "BEFORE_LAT": 29.91416,
      "BEFORE_LON": 123.00224,
      "AFTER_LAT": 29.91461,
      "AFTER_LON": 123.00251,
      "SOG": 0.2,
      "MOVINGTIME": 1740.0,
      "ARRIVALTIME": "20251205005300"
    },
    {
      "SEQ": 157,
      "BEFORE_NODE": 157.0,
      "AFTER_NODE": 158.0,
      "BEFORE_LAT": 29.91461,
      "BEFORE_LON": 123.00251,
      "AFTER_LAT": 29.914961,
      "AFTER_LON": 123.00312,
      "SOG": 0.2,
      "MOVINGTIME": 1860.0,
      "ARRIVALTIME": "20251205012400"
    },
    {
      "SEQ": 158,
      "BEFORE_NODE": 158.0,
      "AFTER_NODE": 159.0,
      "BEFORE_LAT": 29.914961,
      "BEFORE_LON": 123.00312,
      "AFTER_LAT": 29.915016,
      "AFTER_LON": 123.00337,
      "SOG": 0.2,
      "MOVINGTIME": 1980.0,
      "ARRIVALTIME": "20251205015700"
    },
    {
      "SEQ": 159,
      "BEFORE_NODE": 159.0,
      "AFTER_NODE": 160.0,
      "BEFORE_LAT": 29.915016,
      "BEFORE_LON": 123.00337,
      "AFTER_LAT": 29.915056,
      "AFTER_LON": 123.0032,
      "SOG": 0.2,
      "MOVINGTIME": 1680.0,
      "ARRIVALTIME": "20251205022500"
    },
    {
      "SEQ": 160,
      "BEFORE_NODE": 160.0,
      "AFTER_NODE": 161.0,
      "BEFORE_LAT": 29.915056,
      "BEFORE_LON": 123.0032,
      "AFTER_LAT": 29.914867,
      "AFTER_LON": 123.00289,
      "SOG": 0.1,
      "MOVINGTIME": 1740.0,
      "ARRIVALTIME": "20251205025400"
    },
    {
      "SEQ": 161,
      "BEFORE_NODE": 161.0,
      "AFTER_NODE": 162.0,
      "BEFORE_LAT": 29.914867,
      "BEFORE_LON": 123.00289,
      "AFTER_LAT": 29.914387,
      "AFTER_LON": 123.00252,
      "SOG": 0.5,
      "MOVINGTIME": 1860.0,
      "ARRIVALTIME": "20251205032500"
    },
    {
      "SEQ": 162,
      "BEFORE_NODE": 162.0,
      "AFTER_NODE": 163.0,
      "BEFORE_LAT": 29.914387,
      "BEFORE_LON": 123.00252,
      "AFTER_LAT": 29.912781,
      "AFTER_LON": 123.00248,
      "SOG": 0.2,
      "MOVINGTIME": 1977.0,
      "ARRIVALTIME": "20251205035757"
    },
    {
      "SEQ": 163,
      "BEFORE_NODE": 163.0,
      "AFTER_NODE": 164.0,
      "BEFORE_LAT": 29.912781,
      "BEFORE_LON": 123.00248,
      "AFTER_LAT": 29.912174,
      "AFTER_LON": 123.00346,
      "SOG": 0.6,
      "MOVINGTIME": 1263.0,
      "ARRIVALTIME": "20251205041900"
    },
    {
      "SEQ": 164,
      "BEFORE_NODE": 164.0,
      "AFTER_NODE": 165.0,
      "BEFORE_LAT": 29.912174,
      "BEFORE_LON": 123.00346,
      "AFTER_LAT": 29.912153,
      "AFTER_LON": 123.00405,
      "SOG": 0.6,
      "MOVINGTIME": 2160.0,
      "ARRIVALTIME": "20251205045500"
    },
    {
      "SEQ": 165,
      "BEFORE_NODE": 165.0,
      "AFTER_NODE": 166.0,
      "BEFORE_LAT": 29.912153,
      "BEFORE_LON": 123.00405,
      "AFTER_LAT": 29.912161,
      "AFTER_LON": 123.00378,
      "SOG": 0.5,
      "MOVINGTIME": 1620.0,
      "ARRIVALTIME": "20251205052200"
    },
    {
      "SEQ": 166,
      "BEFORE_NODE": 166.0,
      "AFTER_NODE": 167.0,
      "BEFORE_LAT": 29.912161,
      "BEFORE_LON": 123.00378,
      "AFTER_LAT": 29.9121,
      "AFTER_LON": 123.0038,
      "SOG": 0.8,
      "MOVINGTIME": 1740.0,
      "ARRIVALTIME": "20251205055100"
    },
    {
      "SEQ": 167,
      "BEFORE_NODE": 167.0,
      "AFTER_NODE": 168.0,
      "BEFORE_LAT": 29.9121,
      "BEFORE_LON": 123.0038,
      "AFTER_LAT": 29.912127,
      "AFTER_LON": 123.0038,
      "SOG": 0.1,
      "MOVINGTIME": 3600.0,
      "ARRIVALTIME": "20251205065100"
    },
    {
      "SEQ": 168,
      "BEFORE_NODE": 168.0,
      "AFTER_NODE": 169.0,
      "BEFORE_LAT": 29.912127,
      "BEFORE_LON": 123.0038,
      "AFTER_LAT": 29.912193,
      "AFTER_LON": 123.00389,
      "SOG": 0.6,
      "MOVINGTIME": 1860.0,
      "ARRIVALTIME": "20251205072200"
    },
    {
      "SEQ": 169,
      "BEFORE_NODE": 169.0,
      "AFTER_NODE": 170.0,
      "BEFORE_LAT": 29.912193,
      "BEFORE_LON": 123.00389,
      "AFTER_LAT": 29.912153,
      "AFTER_LON": 123.00368,
      "SOG": 0.2,
      "MOVINGTIME": 1800.0,
      "ARRIVALTIME": "20251205075200"
    },
    {
      "SEQ": 170,
      "BEFORE_NODE": 170.0,
      "AFTER_NODE": 171.0,
      "BEFORE_LAT": 29.912153,
      "BEFORE_LON": 123.00368,
      "AFTER_LAT": 29.912189,
      "AFTER_LON": 123.00346,
      "SOG": 0.4,
      "MOVINGTIME": 1680.0,
      "ARRIVALTIME": "20251205082000"
    },
    {
      "SEQ": 171,
      "BEFORE_NODE": 171.0,
      "AFTER_NODE": 172.0,
      "BEFORE_LAT": 29.912189,
      "BEFORE_LON": 123.00346,
      "AFTER_LAT": 29.912451,
      "AFTER_LON": 123.00282,
      "SOG": 0.3,
      "MOVINGTIME": 3720.0,
      "ARRIVALTIME": "20251205092200"
    },
    {
      "SEQ": 172,
      "BEFORE_NODE": 172.0,
      "AFTER_NODE": 173.0,
      "BEFORE_LAT": 29.912451,
      "BEFORE_LON": 123.00282,
      "AFTER_LAT": 29.912786,
      "AFTER_LON": 123.00268,
      "SOG": 0,
      "MOVINGTIME": 1920.0,
      "ARRIVALTIME": "20251205095400"
    },
    {
      "SEQ": 173,
      "BEFORE_NODE": 173.0,
      "AFTER_NODE": 174.0,
      "BEFORE_LAT": 29.912786,
      "BEFORE_LON": 123.00268,
      "AFTER_LAT": 29.913147,
      "AFTER_LON": 123.00257,
      "SOG": 0.3,
      "MOVINGTIME": 2100.0,
      "ARRIVALTIME": "20251205102900"
    },
    {
      "SEQ": 174,
      "BEFORE_NODE": 174.0,
      "AFTER_NODE": 175.0,
      "BEFORE_LAT": 29.913147,
      "BEFORE_LON": 123.00257,
      "AFTER_LAT": 29.9137,
      "AFTER_LON": 123.00243,
      "SOG": 0.4,
      "MOVINGTIME": 1380.0,
      "ARRIVALTIME": "20251205105200"
    },
    {
      "SEQ": 175,
      "BEFORE_NODE": 175.0,
      "AFTER_NODE": 176.0,
      "BEFORE_LAT": 29.9137,
      "BEFORE_LON": 123.00243,
      "AFTER_LAT": 29.914106,
      "AFTER_LON": 123.00259,
      "SOG": 0.1,
      "MOVINGTIME": 1860.0,
      "ARRIVALTIME": "20251205112300"
    },
    {
      "SEQ": 176,
      "BEFORE_NODE": 176.0,
      "AFTER_NODE": 177.0,
      "BEFORE_LAT": 29.914106,
      "BEFORE_LON": 123.00259,
      "AFTER_LAT": 29.915092,
      "AFTER_LON": 123.00337,
      "SOG": 0.2,
      "MOVINGTIME": 3600.0,
      "ARRIVALTIME": "20251205122300"
    },
    {
      "SEQ": 177,
      "BEFORE_NODE": 177.0,
      "AFTER_NODE": 178.0,
      "BEFORE_LAT": 29.915092,
      "BEFORE_LON": 123.00337,
      "AFTER_LAT": 29.915226,
      "AFTER_LON": 123.00355,
      "SOG": 0.5,
      "MOVINGTIME": 1740.0,
      "ARRIVALTIME": "20251205125200"
    },
    {
      "SEQ": 178,
      "BEFORE_NODE": 178.0,
      "AFTER_NODE": 179.0,
      "BEFORE_LAT": 29.915226,
      "BEFORE_LON": 123.00355,
      "AFTER_LAT": 29.915251,
      "AFTER_LON": 123.00375,
      "SOG": 0.4,
      "MOVINGTIME": 1800.0,
      "ARRIVALTIME": "20251205132200"
    },
    {
      "SEQ": 179,
      "BEFORE_NODE": 179.0,
      "AFTER_NODE": 180.0,
      "BEFORE_LAT": 29.915251,
      "BEFORE_LON": 123.00375,
      "AFTER_LAT": 29.915253,
      "AFTER_LON": 123.00389,
      "SOG": 0.3,
      "MOVINGTIME": 1680.0,
      "ARRIVALTIME": "20251205135000"
    },
    {
      "SEQ": 180,
      "BEFORE_NODE": 180.0,
      "AFTER_NODE": 181.0,
      "BEFORE_LAT": 29.915253,
      "BEFORE_LON": 123.00389,
      "AFTER_LAT": 29.91522,
      "AFTER_LON": 123.00403,
      "SOG": 0.4,
      "MOVINGTIME": 2040.0,
      "ARRIVALTIME": "20251205142400"
    },
    {
      "SEQ": 181,
      "BEFORE_NODE": 181.0,
      "AFTER_NODE": 182.0,
      "BEFORE_LAT": 29.91522,
      "BEFORE_LON": 123.00403,
      "AFTER_LAT": 29.915119,
      "AFTER_LON": 123.00423,
      "SOG": 0.2,
      "MOVINGTIME": 1680.0,
      "ARRIVALTIME": "20251205145200"
    },
    {
      "SEQ": 182,
      "BEFORE_NODE": 182.0,
      "AFTER_NODE": 183.0,
      "BEFORE_LAT": 29.915119,
      "BEFORE_LON": 123.00423,
      "AFTER_LAT": 29.914953,
      "AFTER_LON": 123.0044,
      "SOG": 0.5,
      "MOVINGTIME": 1560.0,
      "ARRIVALTIME": "20251205151800"
    },
    {
      "SEQ": 183,
      "BEFORE_NODE": 183.0,
      "AFTER_NODE": 184.0,
      "BEFORE_LAT": 29.914953,
      "BEFORE_LON": 123.0044,
      "AFTER_LAT": 29.914801,
      "AFTER_LON": 123.00457,
      "SOG": 0.1,
      "MOVINGTIME": 2160.0,
      "ARRIVALTIME": "20251205155400"
    },
    {
      "SEQ": 184,
      "BEFORE_NODE": 184.0,
      "AFTER_NODE": 185.0,
      "BEFORE_LAT": 29.914801,
      "BEFORE_LON": 123.00457,
      "AFTER_LAT": 29.914907,
      "AFTER_LON": 123.00478,
      "SOG": 0.5,
      "MOVINGTIME": 1860.0,
      "ARRIVALTIME": "20251205162500"
    },
    {
      "SEQ": 185,
      "BEFORE_NODE": 185.0,
      "AFTER_NODE": 186.0,
      "BEFORE_LAT": 29.914907,
      "BEFORE_LON": 123.00478,
      "AFTER_LAT": 29.914307,
      "AFTER_LON": 123.00494,
      "SOG": 0.6,
      "MOVINGTIME": 1860.0,
      "ARRIVALTIME": "20251205165600"
    },
    {
      "SEQ": 186,
      "BEFORE_NODE": 186.0,
      "AFTER_NODE": 187.0,
      "BEFORE_LAT": 29.914307,
      "BEFORE_LON": 123.00494,
      "AFTER_LAT": 29.913883,
      "AFTER_LON": 123.0051,
      "SOG": 1.1,
      "MOVINGTIME": 1740.0,
      "ARRIVALTIME": "20251205172500"
    },
    {
      "SEQ": 187,
      "BEFORE_NODE": 187.0,
      "AFTER_NODE": 188.0,
      "BEFORE_LAT": 29.913883,
      "BEFORE_LON": 123.0051,
      "AFTER_LAT": 29.913527,
      "AFTER_LON": 123.005,
      "SOG": 0.4,
      "MOVINGTIME": 1560.0,
      "ARRIVALTIME": "20251205175100"
    },
    {
      "SEQ": 188,
      "BEFORE_NODE": 188.0,
      "AFTER_NODE": 189.0,
      "BEFORE_LAT": 29.913527,
      "BEFORE_LON": 123.005,
      "AFTER_LAT": 29.913134,
      "AFTER_LON": 123.00481,
      "SOG": 0.3,
      "MOVINGTIME": 1860.0,
      "ARRIVALTIME": "20251205182200"
    },
    {
      "SEQ": 189,
      "BEFORE_NODE": 189.0,
      "AFTER_NODE": 190.0,
      "BEFORE_LAT": 29.913134,
      "BEFORE_LON": 123.00481,
      "AFTER_LAT": 29.913084,
      "AFTER_LON": 123.00467,
      "SOG": 1.2,
      "MOVINGTIME": 1860.0,
      "ARRIVALTIME": "20251205185300"
    },
    {
      "SEQ": 190,
      "BEFORE_NODE": 190.0,
      "AFTER_NODE": 191.0,
      "BEFORE_LAT": 29.913084,
      "BEFORE_LON": 123.00467,
      "AFTER_LAT": 29.912979,
      "AFTER_LON": 123.00449,
      "SOG": 0.6,
      "MOVINGTIME": 1800.0,
      "ARRIVALTIME": "20251205192300"
    },
    {
      "SEQ": 191,
      "BEFORE_NODE": 191.0,
      "AFTER_NODE": 192.0,
      "BEFORE_LAT": 29.912979,
      "BEFORE_LON": 123.00449,
      "AFTER_LAT": 29.912813,
      "AFTER_LON": 123.00423,
      "SOG": 0.2,
      "MOVINGTIME": 1860.0,
      "ARRIVALTIME": "20251205195400"
    },
    {
      "SEQ": 192,
      "BEFORE_NODE": 192.0,
      "AFTER_NODE": 193.0,
      "BEFORE_LAT": 29.912813,
      "BEFORE_LON": 123.00423,
      "AFTER_LAT": 29.912844,
      "AFTER_LON": 123.00405,
      "SOG": 0.1,
      "MOVINGTIME": 1920.0,
      "ARRIVALTIME": "20251205202600"
    },
    {
      "SEQ": 193,
      "BEFORE_NODE": 193.0,
      "AFTER_NODE": 194.0,
      "BEFORE_LAT": 29.912844,
      "BEFORE_LON": 123.00405,
      "AFTER_LAT": 29.912834,
      "AFTER_LON": 123.00388,
      "SOG": 0.3,
      "MOVINGTIME": 1620.0,
      "ARRIVALTIME": "20251205205300"
    },
    {
      "SEQ": 194,
      "BEFORE_NODE": 194.0,
      "AFTER_NODE": 195.0,
      "BEFORE_LAT": 29.912834,
      "BEFORE_LON": 123.00388,
      "AFTER_LAT": 29.912876,
      "AFTER_LON": 123.00362,
      "SOG": 0.1,
      "MOVINGTIME": 1800.0,
      "ARRIVALTIME": "20251205212300"
    },
    {
      "SEQ": 195,
      "BEFORE_NODE": 195.0,
      "AFTER_NODE": 196.0,
      "BEFORE_LAT": 29.912876,
      "BEFORE_LON": 123.00362,
      "AFTER_LAT": 29.913097,
      "AFTER_LON": 123.00335,
      "SOG": 0.6,
      "MOVINGTIME": 1920.0,
      "ARRIVALTIME": "20251205215500"
    },
    {
      "SEQ": 196,
      "BEFORE_NODE": 196.0,
      "AFTER_NODE": 197.0,
      "BEFORE_LAT": 29.913097,
      "BEFORE_LON": 123.00335,
      "AFTER_LAT": 29.913126,
      "AFTER_LON": 123.00317,
      "SOG": 0.6,
      "MOVINGTIME": 1680.0,
      "ARRIVALTIME": "20251205222300"
    },
    {
      "SEQ": 197,
      "BEFORE_NODE": 197.0,
      "AFTER_NODE": 198.0,
      "BEFORE_LAT": 29.913126,
      "BEFORE_LON": 123.00317,
      "AFTER_LAT": 29.913731,
      "AFTER_LON": 123.00259,
      "SOG": 0.5,
      "MOVINGTIME": 1800.0,
      "ARRIVALTIME": "20251205225300"
    },
    {
      "SEQ": 198,
      "BEFORE_NODE": 198.0,
      "AFTER_NODE": 199.0,
      "BEFORE_LAT": 29.913731,
      "BEFORE_LON": 123.00259,
      "AFTER_LAT": 29.914314,
      "AFTER_LON": 123.00255,
      "SOG": 0.3,
      "MOVINGTIME": 2040.0,
      "ARRIVALTIME": "20251205232700"
    },
    {
      "SEQ": 199,
      "BEFORE_NODE": 199.0,
      "AFTER_NODE": 200.0,
      "BEFORE_LAT": 29.914314,
      "BEFORE_LON": 123.00255,
      "AFTER_LAT": 29.91469,
      "AFTER_LON": 123.0028,
      "SOG": 0.6,
      "MOVINGTIME": 1260.0,
      "ARRIVALTIME": "20251205234800"
    },
    {
      "SEQ": 200,
      "BEFORE_NODE": 200.0,
      "AFTER_NODE": 201.0,
      "BEFORE_LAT": 29.91469,
      "BEFORE_LON": 123.0028,
      "AFTER_LAT": 29.914948,
      "AFTER_LON": 123.00298,
      "SOG": 0.6,
      "MOVINGTIME": 2100.0,
      "ARRIVALTIME": "20251206002300"
    },
    {
      "SEQ": 201,
      "BEFORE_NODE": 201.0,
      "AFTER_NODE": 202.0,
      "BEFORE_LAT": 29.914948,
      "BEFORE_LON": 123.00298,
      "AFTER_LAT": 29.91515,
      "AFTER_LON": 123.00303,
      "SOG": 0.5,
      "MOVINGTIME": 1980.0,
      "ARRIVALTIME": "20251206005600"
    },
    {
      "SEQ": 202,
      "BEFORE_NODE": 202.0,
      "AFTER_NODE": 203.0,
      "BEFORE_LAT": 29.91515,
      "BEFORE_LON": 123.00303,
      "AFTER_LAT": 29.915224,
      "AFTER_LON": 123.00323,
      "SOG": 0.5,
      "MOVINGTIME": 1560.0,
      "ARRIVALTIME": "20251206012200"
    },
    {
      "SEQ": 203,
      "BEFORE_NODE": 203.0,
      "AFTER_NODE": 204.0,
      "BEFORE_LAT": 29.915224,
      "BEFORE_LON": 123.00323,
      "AFTER_LAT": 29.915213,
      "AFTER_LON": 123.00352,
      "SOG": 0.3,
      "MOVINGTIME": 1800.0,
      "ARRIVALTIME": "20251206015200"
    },
    {
      "SEQ": 204,
      "BEFORE_NODE": 204.0,
      "AFTER_NODE": 205.0,
      "BEFORE_LAT": 29.915213,
      "BEFORE_LON": 123.00352,
      "AFTER_LAT": 29.915283,
      "AFTER_LON": 123.00365,
      "SOG": 0.2,
      "MOVINGTIME": 1860.0,
      "ARRIVALTIME": "20251206022300"
    },
    {
      "SEQ": 205,
      "BEFORE_NODE": 205.0,
      "AFTER_NODE": 206.0,
      "BEFORE_LAT": 29.915283,
      "BEFORE_LON": 123.00365,
      "AFTER_LAT": 29.915358,
      "AFTER_LON": 123.00392,
      "SOG": 0.1,
      "MOVINGTIME": 1860.0,
      "ARRIVALTIME": "20251206025400"
    },
    {
      "SEQ": 206,
      "BEFORE_NODE": 206.0,
      "AFTER_NODE": 207.0,
      "BEFORE_LAT": 29.915358,
      "BEFORE_LON": 123.00392,
      "AFTER_LAT": 29.915319,
      "AFTER_LON": 123.0041,
      "SOG": 0.5,
      "MOVINGTIME": 1860.0,
      "ARRIVALTIME": "20251206032500"
    },
    {
      "SEQ": 207,
      "BEFORE_NODE": 207.0,
      "AFTER_NODE": 208.0,
      "BEFORE_LAT": 29.915319,
      "BEFORE_LON": 123.0041,
      "AFTER_LAT": 29.915266,
      "AFTER_LON": 123.0043,
      "SOG": 0.2,
      "MOVINGTIME": 1994.0,
      "ARRIVALTIME": "20251206035814"
    },
    {
      "SEQ": 208,
      "BEFORE_NODE": 208.0,
      "AFTER_NODE": 209.0,
      "BEFORE_LAT": 29.915266,
      "BEFORE_LON": 123.0043,
      "AFTER_LAT": 29.915028,
      "AFTER_LON": 123.0046,
      "SOG": 0.2,
      "MOVINGTIME": 1666.0,
      "ARRIVALTIME": "20251206042600"
    },
    {
      "SEQ": 209,
      "BEFORE_NODE": 209.0,
      "AFTER_NODE": 210.0,
      "BEFORE_LAT": 29.915028,
      "BEFORE_LON": 123.0046,
      "AFTER_LAT": 29.914907,
      "AFTER_LON": 123.00457,
      "SOG": 0.2,
      "MOVINGTIME": 1560.0,
      "ARRIVALTIME": "20251206045200"
    },
    {
      "SEQ": 210,
      "BEFORE_NODE": 210.0,
      "AFTER_NODE": 211.0,
      "BEFORE_LAT": 29.914907,
      "BEFORE_LON": 123.00457,
      "AFTER_LAT": 29.914766,
      "AFTER_LON": 123.00487,
      "SOG": 0.6,
      "MOVINGTIME": 2040.0,
      "ARRIVALTIME": "20251206052600"
    },
    {
      "SEQ": 211,
      "BEFORE_NODE": 211.0,
      "AFTER_NODE": 212.0,
      "BEFORE_LAT": 29.914766,
      "BEFORE_LON": 123.00487,
      "AFTER_LAT": 29.914579,
      "AFTER_LON": 123.00508,
      "SOG": 0.2,
      "MOVINGTIME": 1740.0,
      "ARRIVALTIME": "20251206055500"
    },
    {
      "SEQ": 212,
      "BEFORE_NODE": 212.0,
      "AFTER_NODE": 213.0,
      "BEFORE_LAT": 29.914579,
      "BEFORE_LON": 123.00508,
      "AFTER_LAT": 29.91391,
      "AFTER_LON": 123.00503,
      "SOG": 0.2,
      "MOVINGTIME": 3480.0,
      "ARRIVALTIME": "20251206065300"
    },
    {
      "SEQ": 213,
      "BEFORE_NODE": 213.0,
      "AFTER_NODE": 214.0,
      "BEFORE_LAT": 29.91391,
      "BEFORE_LON": 123.00503,
      "AFTER_LAT": 29.913666,
      "AFTER_LON": 123.00503,
      "SOG": 0.3,
      "MOVINGTIME": 1740.0,
      "ARRIVALTIME": "20251206072200"
    },
    {
      "SEQ": 214,
      "BEFORE_NODE": 214.0,
      "AFTER_NODE": 215.0,
      "BEFORE_LAT": 29.913666,
      "BEFORE_LON": 123.00503,
      "AFTER_LAT": 29.913523,
      "AFTER_LON": 123.0048,
      "SOG": 0.1,
      "MOVINGTIME": 1860.0,
      "ARRIVALTIME": "20251206075300"
    },
    {
      "SEQ": 215,
      "BEFORE_NODE": 215.0,
      "AFTER_NODE": 216.0,
      "BEFORE_LAT": 29.913523,
      "BEFORE_LON": 123.0048,
      "AFTER_LAT": 29.913353,
      "AFTER_LON": 123.00457,
      "SOG": 0.2,
      "MOVINGTIME": 2100.0,
      "ARRIVALTIME": "20251206082800"
    },
    {
      "SEQ": 216,
      "BEFORE_NODE": 216.0,
      "AFTER_NODE": 217.0,
      "BEFORE_LAT": 29.913353,
      "BEFORE_LON": 123.00457,
      "AFTER_LAT": 29.913267,
      "AFTER_LON": 123.00446,
      "SOG": 0.2,
      "MOVINGTIME": 1380.0,
      "ARRIVALTIME": "20251206085100"
    },
    {
      "SEQ": 217,
      "BEFORE_NODE": 217.0,
      "AFTER_NODE": 218.0,
      "BEFORE_LAT": 29.913267,
      "BEFORE_LON": 123.00446,
      "AFTER_LAT": 29.9133,
      "AFTER_LON": 123.00414,
      "SOG": 0.1,
      "MOVINGTIME": 1980.0,
      "ARRIVALTIME": "20251206092400"
    },
    {
      "SEQ": 218,
      "BEFORE_NODE": 218.0,
      "AFTER_NODE": 219.0,
      "BEFORE_LAT": 29.9133,
      "BEFORE_LON": 123.00414,
      "AFTER_LAT": 29.91329,
      "AFTER_LON": 123.00399,
      "SOG": 0.4,
      "MOVINGTIME": 1860.0,
      "ARRIVALTIME": "20251206095500"
    },
    {
      "SEQ": 219,
      "BEFORE_NODE": 219.0,
      "AFTER_NODE": 220.0,
      "BEFORE_LAT": 29.91329,
      "BEFORE_LON": 123.00399,
      "AFTER_LAT": 29.913273,
      "AFTER_LON": 123.00352,
      "SOG": 0.3,
      "MOVINGTIME": 1980.0,
      "ARRIVALTIME": "20251206102800"
    },
    {
      "SEQ": 220,
      "BEFORE_NODE": 220.0,
      "AFTER_NODE": 221.0,
      "BEFORE_LAT": 29.913273,
      "BEFORE_LON": 123.00352,
      "AFTER_LAT": 29.913544,
      "AFTER_LON": 123.00301,
      "SOG": 0.2,
      "MOVINGTIME": 1500.0,
      "ARRIVALTIME": "20251206105300"
    },
    {
      "SEQ": 221,
      "BEFORE_NODE": 221.0,
      "AFTER_NODE": 222.0,
      "BEFORE_LAT": 29.913544,
      "BEFORE_LON": 123.00301,
      "AFTER_LAT": 29.914686,
      "AFTER_LON": 123.00264,
      "SOG": 0.5,
      "MOVINGTIME": 1620.0,
      "ARRIVALTIME": "20251206112000"
    },
    {
      "SEQ": 222,
      "BEFORE_NODE": 222.0,
      "AFTER_NODE": 223.0,
      "BEFORE_LAT": 29.914686,
      "BEFORE_LON": 123.00264,
      "AFTER_LAT": 29.915113,
      "AFTER_LON": 123.003,
      "SOG": 0.5,
      "MOVINGTIME": 1980.0,
      "ARRIVALTIME": "20251206115300"
    },
    {
      "SEQ": 223,
      "BEFORE_NODE": 223.0,
      "AFTER_NODE": 224.0,
      "BEFORE_LAT": 29.915113,
      "BEFORE_LON": 123.003,
      "AFTER_LAT": 29.915176,
      "AFTER_LON": 123.00308,
      "SOG": 0,
      "MOVINGTIME": 1920.0,
      "ARRIVALTIME": "20251206122500"
    },
    {
      "SEQ": 224,
      "BEFORE_NODE": 224.0,
      "AFTER_NODE": 225.0,
      "BEFORE_LAT": 29.915176,
      "BEFORE_LON": 123.00308,
      "AFTER_LAT": 29.915239,
      "AFTER_LON": 123.00325,
      "SOG": 0.4,
      "MOVINGTIME": 1740.0,
      "ARRIVALTIME": "20251206125400"
    },
    {
      "SEQ": 225,
      "BEFORE_NODE": 225.0,
      "AFTER_NODE": 226.0,
      "BEFORE_LAT": 29.915239,
      "BEFORE_LON": 123.00325,
      "AFTER_LAT": 29.915287,
      "AFTER_LON": 123.00336,
      "SOG": 0,
      "MOVINGTIME": 1740.0,
      "ARRIVALTIME": "20251206132300"
    },
    {
      "SEQ": 226,
      "BEFORE_NODE": 226.0,
      "AFTER_NODE": 227.0,
      "BEFORE_LAT": 29.915287,
      "BEFORE_LON": 123.00336,
      "AFTER_LAT": 29.915354,
      "AFTER_LON": 123.0036,
      "SOG": 0.3,
      "MOVINGTIME": 1800.0,
      "ARRIVALTIME": "20251206135300"
    }
  ]
}