{
  "mmsi": "636015806",
  "PredResult": [
    {
      "SEQ": 0,
      "BEFORE_NODE": 0.0,
      "AFTER_NODE": 1.0,
      "BEFORE_LAT": 30.11207,
      "BEFORE_LON": 122.1784,
      "AFTER_LAT": 30.112066,
      "AFTER_LON": 122.1784,
      "SOG": 0,
      "MOVINGTIME": 1920.0,
      "ARRIVALTIME": "20251129152400"
    },
    {
      "SEQ": 1,
      "BEFORE_NODE": 1.0,
      "AFTER_NODE": 2.0,
      "BEFORE_LAT": 30.112066,
      "BEFORE_LON": 122.1784,
      "AFTER_LAT": 30.112074,
      "AFTER_LON": 122.17841,
      "SOG": 0,
      "MOVINGTIME": 1860.0,
      "ARRIVALTIME": "20251129155500"
    },
    {
      "SEQ": 2,
      "BEFORE_NODE": 2.0,
      "AFTER_NODE": 3.0,
      "BEFORE_LAT": 30.112074,
      "BEFORE_LON": 122.17841,
      "AFTER_LAT": 30.112074,
      "AFTER_LON": 122.1784,
      "SOG": 0,
      "MOVINGTIME": 1620.0,
      "ARRIVALTIME": "20251129162200"
    },
    {
      "SEQ": 3,
      "BEFORE_NODE": 3.0,
      "AFTER_NODE": 4.0,
      "BEFORE_LAT": 30.112074,
      "BEFORE_LON": 122.1784,
      "AFTER_LAT": 30.112053,
      "AFTER_LON": 122.1784,
      "SOG": 0,
      "MOVINGTIME": 3107.0,
      "ARRIVALTIME": "20251129171347"
    },
    {
      "SEQ": 4,
      "BEFORE_NODE": 4.0,
      "AFTER_NODE": 5.0,
      "BEFORE_LAT": 30.112053,
      "BEFORE_LON": 122.1784,
      "AFTER_LAT": 30.112066,
      "AFTER_LON": 122.17841,
      "SOG": 0,
      "MOVINGTIME": 373.0,
      "ARRIVALTIME": "20251129172000"
    },
    {
      "SEQ": 5,
      "BEFORE_NODE": 5.0,
      "AFTER_NODE": 6.0,
      "BEFORE_LAT": 30.112066,
      "BEFORE_LON": 122.17841,
      "AFTER_LAT": 30.112009,
      "AFTER_LON": 122.17844,
      "SOG": 0,
      "MOVINGTIME": 1980.0,
      "ARRIVALTIME": "20251129175300"
    },
    {
      "SEQ": 6,
      "BEFORE_NODE": 6.0,
      "AFTER_NODE": 7.0,
      "BEFORE_LAT": 30.112009,
      "BEFORE_LON": 122.17844,
      "AFTER_LAT": 30.112106,
      "AFTER_LON": 122.17841,
      "SOG": 0,
      "MOVINGTIME": 1740.0,
      "ARRIVALTIME": "20251129182200"
    },
    {
      "SEQ": 7,
      "BEFORE_NODE": 7.0,
      "AFTER_NODE": 8.0,
      "BEFORE_LAT": 30.112106,
      "BEFORE_LON": 122.17841,
      "AFTER_LAT": 30.112053,
      "AFTER_LON": 122.1784,
      "SOG": 0,
      "MOVINGTIME": 1800.0,
      "ARRIVALTIME": "20251129185200"
    },
    {
      "SEQ": 8,
      "BEFORE_NODE": 8.0,
      "AFTER_NODE": 9.0,
      "BEFORE_LAT": 30.112053,
      "BEFORE_LON": 122.1784,
      "AFTER_LAT": 30.112034,
      "AFTER_LON": 122.17834,
      "SOG": 0.1,
      "MOVINGTIME": 2040.0,
      "ARRIVALTIME": "20251129192600"
    },
    {
      "SEQ": 9,
      "BEFORE_NODE": 9.0,
      "AFTER_NODE": 10.0,
      "BEFORE_LAT": 30.112034,
      "BEFORE_LON": 122.17834,
      "AFTER_LAT": 30.112047,
      "AFTER_LON": 122.1784,
      "SOG": 0.1,
      "MOVINGTIME": 1680.0,
      "ARRIVALTIME": "20251129195400"
    },
    {
      "SEQ": 10,
      "BEFORE_NODE": 10.0,
      "AFTER_NODE": 11.0,
      "BEFORE_LAT": 30.112047,
      "BEFORE_LON": 122.1784,
      "AFTER_LAT": 30.111984,
      "AFTER_LON": 122.17845,
      "SOG": 0,
      "MOVINGTIME": 1560.0,
      "ARRIVALTIME": "20251129202000"
    },
    {
      "SEQ": 11,
      "BEFORE_NODE": 11.0,
      "AFTER_NODE": 12.0,
      "BEFORE_LAT": 30.111984,
      "BEFORE_LON": 122.17845,
      "AFTER_LAT": 30.112087,
      "AFTER_LON": 122.17843,
      "SOG": 0,
      "MOVINGTIME": 1920.0,
      "ARRIVALTIME": "20251129205200"
    },
    {
      "SEQ": 12,
      "BEFORE_NODE": 12.0,
      "AFTER_NODE": 13.0,
      "BEFORE_LAT": 30.112087,
      "BEFORE_LON": 122.17843,
      "AFTER_LAT": 30.112053,
      "AFTER_LON": 122.17843,
      "SOG": 0,
      "MOVINGTIME": 1740.0,
      "ARRIVALTIME": "20251129212100"
    },
    {
      "SEQ": 13,
      "BEFORE_NODE": 13.0,
      "AFTER_NODE": 14.0,
      "BEFORE_LAT": 30.112053,
      "BEFORE_LON": 122.17843,
      "AFTER_LAT": 30.111986,
      "AFTER_LON": 122.17845,
      "SOG": 0.1,
      "MOVINGTIME": 1980.0,
      "ARRIVALTIME": "20251129215400"
    },
    {
      "SEQ": 14,
      "BEFORE_NODE": 14.0,
      "AFTER_NODE": 15.0,
      "BEFORE_LAT": 30.111986,
      "BEFORE_LON": 122.17845,
      "AFTER_LAT": 30.112047,
      "AFTER_LON": 122.17843,
      "SOG": 0.1,
      "MOVINGTIME": 1860.0,
      "ARRIVALTIME": "20251129222500"
    },
    {
      "SEQ": 15,
      "BEFORE_NODE": 15.0,
      "AFTER_NODE": 16.0,
      "BEFORE_LAT": 30.112047,
      "BEFORE_LON": 122.17843,
      "AFTER_LAT": 30.11204,
      "AFTER_LON": 122.1784,
      "SOG": 0,
      "MOVINGTIME": 1800.0,
      "ARRIVALTIME": "20251129225500"
    },
    {
      "SEQ": 16,
      "BEFORE_NODE": 16.0,
      "AFTER_NODE": 17.0,
      "BEFORE_LAT": 30.11204,
      "BEFORE_LON": 122.1784,
      "AFTER_LAT": 30.11204,
      "AFTER_LON": 122.17843,
      "SOG": 0,
      "MOVINGTIME": 2765.0,
      "ARRIVALTIME": "20251129234105"
    },
    {
      "SEQ": 17,
      "BEFORE_NODE": 17.0,
      "AFTER_NODE": 18.0,
      "BEFORE_LAT": 30.11204,
      "BEFORE_LON": 122.17843,
      "AFTER_LAT": 30.111998,
      "AFTER_LON": 122.17843,
      "SOG": 0,
      "MOVINGTIME": 655.0,
      "ARRIVALTIME": "20251129235200"
    },
    {
      "SEQ": 18,
      "BEFORE_NODE": 18.0,
      "AFTER_NODE": 19.0,
      "BEFORE_LAT": 30.111998,
      "BEFORE_LON": 122.17843,
      "AFTER_LAT": 30.112093,
      "AFTER_LON": 122.17838,
      "SOG": 0,
      "MOVINGTIME": 2040.0,
      "ARRIVALTIME": "20251130002600"
    },
    {
      "SEQ": 19,
      "BEFORE_NODE": 19.0,
      "AFTER_NODE": 20.0,
      "BEFORE_LAT": 30.112093,
      "BEFORE_LON": 122.17838,
      "AFTER_LAT": 30.112034,
      "AFTER_LON": 122.17841,
      "SOG": 0,
      "MOVINGTIME": 1680.0,
      "ARRIVALTIME": "20251130005400"
    },
    {
      "SEQ": 20,
      "BEFORE_NODE": 20.0,
      "AFTER_NODE": 21.0,
      "BEFORE_LAT": 30.112034,
      "BEFORE_LON": 122.17841,
      "AFTER_LAT": 30.112066,
      "AFTER_LON": 122.1784,
      "SOG": 0.1,
      "MOVINGTIME": 1680.0,
      "ARRIVALTIME": "20251130012200"
    },
    {
      "SEQ": 21,
      "BEFORE_NODE": 21.0,
      "AFTER_NODE": 22.0,
      "BEFORE_LAT": 30.112066,
      "BEFORE_LON": 122.1784,
      "AFTER_LAT": 30.112062,
      "AFTER_LON": 122.1784,
      "SOG": 0,
      "MOVINGTIME": 1860.0,
      "ARRIVALTIME": "20251130015300"
    },
    {
      "SEQ": 22,
      "BEFORE_NODE": 22.0,
      "AFTER_NODE": 23.0,
      "BEFORE_LAT": 30.112062,
      "BEFORE_LON": 122.1784,
      "AFTER_LAT": 30.112047,
      "AFTER_LON": 122.17841,
      "SOG": 0,
      "MOVINGTIME": 2040.0,
      "ARRIVALTIME": "20251130022700"
    },
    {
      "SEQ": 23,
      "BEFORE_NODE": 23.0,
      "AFTER_NODE": 24.0,
      "BEFORE_LAT": 30.112047,
      "BEFORE_LON": 122.17841,
      "AFTER_LAT": 30.112087,
      "AFTER_LON": 122.17836,
      "SOG": 0,
      "MOVINGTIME": 1800.0,
      "ARRIVALTIME": "20251130025700"
    },
    {
      "SEQ": 24,
      "BEFORE_NODE": 24.0,
      "AFTER_NODE": 25.0,
      "BEFORE_LAT": 30.112087,
      "BEFORE_LON": 122.17836,
      "AFTER_LAT": 30.112103,
      "AFTER_LON": 122.17838,
      "SOG": 0,
      "MOVINGTIME": 1560.0,
      "ARRIVALTIME": "20251130032300"
    },
    {
      "SEQ": 25,
      "BEFORE_NODE": 25.0,
      "AFTER_NODE": 26.0,
      "BEFORE_LAT": 30.112103,
      "BEFORE_LON": 122.17838,
      "AFTER_LAT": 30.112087,
      "AFTER_LON": 122.1784,
      "SOG": 0,
      "MOVINGTIME": 1860.0,
      "ARRIVALTIME": "20251130035400"
    },
    {
      "SEQ": 26,
      "BEFORE_NODE": 26.0,
      "AFTER_NODE": 27.0,
      "BEFORE_LAT": 30.112087,
      "BEFORE_LON": 122.1784,
      "AFTER_LAT": 30.112074,
      "AFTER_LON": 122.17838,
      "SOG": 0,
      "MOVINGTIME": 1860.0,
      "ARRIVALTIME": "20251130042500"
    },
    {
      "SEQ": 27,
      "BEFORE_NODE": 27.0,
      "AFTER_NODE": 28.0,
      "BEFORE_LAT": 30.112074,
      "BEFORE_LON": 122.17838,
      "AFTER_LAT": 30.112133,
      "AFTER_LON": 122.1784,
      "SOG": 0,
      "MOVINGTIME": 1620.0,
      "ARRIVALTIME": "20251130045200"
    },
    {
      "SEQ": 28,
      "BEFORE_NODE": 28.0,
      "AFTER_NODE": 29.0,
      "BEFORE_LAT": 30.112133,
      "BEFORE_LON": 122.1784,
      "AFTER_LAT": 30.112114,
      "AFTER_LON": 122.17838,
      "SOG": 0,
      "MOVINGTIME": 2100.0,
      "ARRIVALTIME": "20251130052700"
    },
    {
      "SEQ": 29,
      "BEFORE_NODE": 29.0,
      "AFTER_NODE": 30.0,
      "BEFORE_LAT": 30.112114,
      "BEFORE_LON": 122.17838,
      "AFTER_LAT": 30.11204,
      "AFTER_LON": 122.17838,
      "SOG": 0,
      "MOVINGTIME": 3420.0,
      "ARRIVALTIME": "20251130062400"
    },
    {
      "SEQ": 30,
      "BEFORE_NODE": 30.0,
      "AFTER_NODE": 31.0,
      "BEFORE_LAT": 30.11204,
      "BEFORE_LON": 122.17838,
      "AFTER_LAT": 30.112093,
      "AFTER_LON": 122.17843,
      "SOG": 0,
      "MOVINGTIME": 1860.0,
      "ARRIVALTIME": "20251130065500"
    },
    {
      "SEQ": 31,
      "BEFORE_NODE": 31.0,
      "AFTER_NODE": 32.0,
      "BEFORE_LAT": 30.112093,
      "BEFORE_LON": 122.17843,
      "AFTER_LAT": 30.11208,
      "AFTER_LON": 122.17843,
      "SOG": 0,
      "MOVINGTIME": 1620.0,
      "ARRIVALTIME": "20251130072200"
    },
    {
      "SEQ": 32,
      "BEFORE_NODE": 32.0,
      "AFTER_NODE": 33.0,
      "BEFORE_LAT": 30.11208,
      "BEFORE_LON": 122.17843,
      "AFTER_LAT": 30.112089,
      "AFTER_LON": 122.17834,
      "SOG": 0,
      "MOVINGTIME": 2040.0,
      "ARRIVALTIME": "20251130075600"
    },
    {
      "SEQ": 33,
      "BEFORE_NODE": 33.0,
      "AFTER_NODE": 34.0,
      "BEFORE_LAT": 30.112089,
      "BEFORE_LON": 122.17834,
      "AFTER_LAT": 30.11211,
      "AFTER_LON": 122.17845,
      "SOG": 0,
      "MOVINGTIME": 1320.0,
      "ARRIVALTIME": "20251130081800"
    },
    {
      "SEQ": 34,
      "BEFORE_NODE": 34.0,
      "AFTER_NODE": 35.0,
      "BEFORE_LAT": 30.11211,
      "BEFORE_LON": 122.17845,
      "AFTER_LAT": 30.112127,
      "AFTER_LON": 122.17843,
      "SOG": 0,
      "MOVINGTIME": 2040.0,
      "ARRIVALTIME": "20251130085200"
    },
    {
      "SEQ": 35,
      "BEFORE_NODE": 35.0,
      "AFTER_NODE": 36.0,
      "BEFORE_LAT": 30.112127,
      "BEFORE_LON": 122.17843,
      "AFTER_LAT": 30.112066,
      "AFTER_LON": 122.17844,
      "SOG": 0,
      "MOVINGTIME": 1920.0,
      "ARRIVALTIME": "20251130092400"
    },
    {
      "SEQ": 36,
      "BEFORE_NODE": 36.0,
      "AFTER_NODE": 37.0,
      "BEFORE_LAT": 30.112066,
      "BEFORE_LON": 122.17844,
      "AFTER_LAT": 30.112061,
      "AFTER_LON": 122.17844,
      "SOG": 0,
      "MOVINGTIME": 1800.0,
      "ARRIVALTIME": "20251130095400"
    },
    {
      "SEQ": 37,
      "BEFORE_NODE": 37.0,
      "AFTER_NODE": 38.0,
      "BEFORE_LAT": 30.112061,
      "BEFORE_LON": 122.17844,
      "AFTER_LAT": 30.11198,
      "AFTER_LON": 122.1784,
      "SOG": 0,
      "MOVINGTIME": 1800.0,
      "ARRIVALTIME": "20251130102400"
    },
    {
      "SEQ": 38,
      "BEFORE_NODE": 38.0,
      "AFTER_NODE": 39.0,
      "BEFORE_LAT": 30.11198,
      "BEFORE_LON": 122.1784,
      "AFTER_LAT": 30.112106,
      "AFTER_LON": 122.17831,
      "SOG": 0,
      "MOVINGTIME": 1620.0,
      "ARRIVALTIME": "20251130105100"
    },
    {
      "SEQ": 39,
      "BEFORE_NODE": 39.0,
      "AFTER_NODE": 40.0,
      "BEFORE_LAT": 30.112106,
      "BEFORE_LON": 122.17831,
      "AFTER_LAT": 30.112146,
      "AFTER_LON": 122.17838,
      "SOG": 0,
      "MOVINGTIME": 1560.0,
      "ARRIVALTIME": "20251130111700"
    },
    {
      "SEQ": 40,
      "BEFORE_NODE": 40.0,
      "AFTER_NODE": 41.0,
      "BEFORE_LAT": 30.112146,
      "BEFORE_LON": 122.17838,
      "AFTER_LAT": 30.112057,
      "AFTER_LON": 122.17844,
      "SOG": 0,
      "MOVINGTIME": 2160.0,
      "ARRIVALTIME": "20251130115300"
    },
    {
      "SEQ": 41,
      "BEFORE_NODE": 41.0,
      "AFTER_NODE": 42.0,
      "BEFORE_LAT": 30.112057,
      "BEFORE_LON": 122.17844,
      "AFTER_LAT": 30.112066,
      "AFTER_LON": 122.17841,
      "SOG": 0.1,
      "MOVINGTIME": 1980.0,
      "ARRIVALTIME": "20251130122600"
    },
    {
      "SEQ": 42,
      "BEFORE_NODE": 42.0,
      "AFTER_NODE": 43.0,
      "BEFORE_LAT": 30.112066,
      "BEFORE_LON": 122.17841,
      "AFTER_LAT": 30.112007,
      "AFTER_LON": 122.17843,
      "SOG": 0.1,
      "MOVINGTIME": 1800.0,
      "ARRIVALTIME": "20251130125600"
    },
    {
      "SEQ": 43,
      "BEFORE_NODE": 43.0,
      "AFTER_NODE": 44.0,
      "BEFORE_LAT": 30.112007,
      "BEFORE_LON": 122.17843,
      "AFTER_LAT": 30.11202,
      "AFTER_LON": 122.17838,
      "SOG": 0.1,
      "MOVINGTIME": 1500.0,
      "ARRIVALTIME": "20251130132100"
    },
    {
      "SEQ": 44,
      "BEFORE_NODE": 44.0,
      "AFTER_NODE": 45.0,
      "BEFORE_LAT": 30.11202,
      "BEFORE_LON": 122.17838,
      "AFTER_LAT": 30.112053,
      "AFTER_LON": 122.17841,
      "SOG": 0.1,
      "MOVINGTIME": 1800.0,
      "ARRIVALTIME": "20251130135100"
    },
    {
      "SEQ": 45,
      "BEFORE_NODE": 45.0,
      "AFTER_NODE": 46.0,
      "BEFORE_LAT": 30.112053,
      "BEFORE_LON": 122.17841,
      "AFTER_LAT": 30.11207,
      "AFTER_LON": 122.17834,
      "SOG": 0,
      "MOVINGTIME": 1920.0,
      "ARRIVALTIME": "20251130142300"
    },
    {
      "SEQ": 46,
      "BEFORE_NODE": 46.0,
      "AFTER_NODE": 47.0,
      "BEFORE_LAT": 30.11207,
      "BEFORE_LON": 122.17834,
      "AFTER_LAT": 30.112061,
      "AFTER_LON": 122.17836,
      "SOG": 0,
      "MOVINGTIME": 1680.0,
      "ARRIVALTIME": "20251130145100"
    },
    {
      "SEQ": 47,
      "BEFORE_NODE": 47.0,
      "AFTER_NODE": 48.0,
      "BEFORE_LAT": 30.112061,
      "BEFORE_LON": 122.17836,
      "AFTER_LAT": 30.112061,
      "AFTER_LON": 122.17831,
      "SOG": 0,
      "MOVINGTIME": 2040.0,
      "ARRIVALTIME": "20251130152500"
    },
    {
      "SEQ": 48,
      "BEFORE_NODE": 48.0,
      "AFTER_NODE": 49.0,
      "BEFORE_LAT": 30.112061,
      "BEFORE_LON": 122.17831,
      "AFTER_LAT": 30.112087,
      "AFTER_LON": 122.17836,
      "SOG": 0,
      "MOVINGTIME": 1500.0,
      "ARRIVALTIME": "20251130155000"
    },
    {
      "SEQ": 49,
      "BEFORE_NODE": 49.0,
      "AFTER_NODE": 50.0,
      "BEFORE_LAT": 30.112087,
      "BEFORE_LON": 122.17836,
      "AFTER_LAT": 30.112053,
      "AFTER_LON": 122.17841,
      "SOG": 0,
      "MOVINGTIME": 2040.0,
      "ARRIVALTIME": "20251130162400"
    },
    {
      "SEQ": 50,
      "BEFORE_NODE": 50.0,
      "AFTER_NODE": 51.0,
      "BEFORE_LAT": 30.112053,
      "BEFORE_LON": 122.17841,
      "AFTER_LAT": 30.112093,
      "AFTER_LON": 122.17841,
      "SOG": 0,
      "MOVINGTIME": 1980.0,
      "ARRIVALTIME": "20251130165700"
    },
    {
      "SEQ": 51,
      "BEFORE_NODE": 51.0,
      "AFTER_NODE": 52.0,
      "BEFORE_LAT": 30.112093,
      "BEFORE_LON": 122.17841,
      "AFTER_LAT": 30.11204,
      "AFTER_LON": 122.1784,
      "SOG": 0,
      "MOVINGTIME": 1440.0,
      "ARRIVALTIME": "20251130172100"
    },
    {
      "SEQ": 52,
      "BEFORE_NODE": 52.0,
      "AFTER_NODE": 53.0,
      "BEFORE_LAT": 30.11204,
      "BEFORE_LON": 122.1784,
      "AFTER_LAT": 30.112114,
      "AFTER_LON": 122.17838,
      "SOG": 0,
      "MOVINGTIME": 1800.0,
      "ARRIVALTIME": "20251130175100"
    },
    {
      "SEQ": 53,
      "BEFORE_NODE": 53.0,
      "AFTER_NODE": 54.0,
      "BEFORE_LAT": 30.112114,
      "BEFORE_LON": 122.17838,
      "AFTER_LAT": 30.112013,
      "AFTER_LON": 122.17844,
      "SOG": 0,
      "MOVINGTIME": 1680.0,
      "ARRIVALTIME": "20251130181900"
    },
    {
      "SEQ": 54,
      "BEFORE_NODE": 54.0,
      "AFTER_NODE": 55.0,
      "BEFORE_LAT": 30.112013,
      "BEFORE_LON": 122.17844,
      "AFTER_LAT": 30.111967,
      "AFTER_LON": 122.17847,
      "SOG": 0,
      "MOVINGTIME": 1860.0,
      "ARRIVALTIME": "20251130185000"
    },
    {
      "SEQ": 55,
      "BEFORE_NODE": 55.0,
      "AFTER_NODE": 56.0,
      "BEFORE_LAT": 30.111967,
      "BEFORE_LON": 122.17847,
      "AFTER_LAT": 30.111998,
      "AFTER_LON": 122.1784,
      "SOG": 0.1,
      "MOVINGTIME": 2527.0,
      "ARRIVALTIME": "20251130193207"
    },
    {
      "SEQ": 56,
      "BEFORE_NODE": 56.0,
      "AFTER_NODE": 57.0,
      "BEFORE_LAT": 30.111998,
      "BEFORE_LON": 122.1784,
      "AFTER_LAT": 30.112087,
      "AFTER_LON": 122.1784,
      "SOG": 0.1,
      "MOVINGTIME": 1133.0,
      "ARRIVALTIME": "20251130195100"
    },
    {
      "SEQ": 57,
      "BEFORE_NODE": 57.0,
      "AFTER_NODE": 58.0,
      "BEFORE_LAT": 30.112087,
      "BEFORE_LON": 122.1784,
      "AFTER_LAT": 30.112114,
      "AFTER_LON": 122.17841,
      "SOG": 0,
      "MOVINGTIME": 1680.0,
      "ARRIVALTIME": "20251130201900"
    },
    {
      "SEQ": 58,
      "BEFORE_NODE": 58.0,
      "AFTER_NODE": 59.0,
      "BEFORE_LAT": 30.112114,
      "BEFORE_LON": 122.17841,
      "AFTER_LAT": 30.11204,
      "AFTER_LON": 122.17841,
      "SOG": 0,
      "MOVINGTIME": 2280.0,
      "ARRIVALTIME": "20251130205700"
    },
    {
      "SEQ": 59,
      "BEFORE_NODE": 59.0,
      "AFTER_NODE": 60.0,
      "BEFORE_LAT": 30.11204,
      "BEFORE_LON": 122.17841,
      "AFTER_LAT": 30.112026,
      "AFTER_LON": 122.1784,
      "SOG": 0,
      "MOVINGTIME": 1560.0,
      "ARRIVALTIME": "20251130212300"
    },
    {
      "SEQ": 60,
      "BEFORE_NODE": 60.0,
      "AFTER_NODE": 61.0,
      "BEFORE_LAT": 30.112026,
      "BEFORE_LON": 122.1784,
      "AFTER_LAT": 30.112057,
      "AFTER_LON": 122.17848,
      "SOG": 0.1,
      "MOVINGTIME": 1980.0,
      "ARRIVALTIME": "20251130215600"
    },
    {
      "SEQ": 61,
      "BEFORE_NODE": 61.0,
      "AFTER_NODE": 62.0,
      "BEFORE_LAT": 30.112057,
      "BEFORE_LON": 122.17848,
      "AFTER_LAT": 30.112103,
      "AFTER_LON": 122.17841,
      "SOG": 0.1,
      "MOVINGTIME": 1800.0,
      "ARRIVALTIME": "20251130222600"
    },
    {
      "SEQ": 62,
      "BEFORE_NODE": 62.0,
      "AFTER_NODE": 63.0,
      "BEFORE_LAT": 30.112103,
      "BEFORE_LON": 122.17841,
      "AFTER_LAT": 30.111986,
      "AFTER_LON": 122.17844,
      "SOG": 0,
      "MOVINGTIME": 1380.0,
      "ARRIVALTIME": "20251130224900"
    },
    {
      "SEQ": 63,
      "BEFORE_NODE": 63.0,
      "AFTER_NODE": 64.0,
      "BEFORE_LAT": 30.111986,
      "BEFORE_LON": 122.17844,
      "AFTER_LAT": 30.11212,
      "AFTER_LON": 122.17832,
      "SOG": 0,
      "MOVINGTIME": 2100.0,
      "ARRIVALTIME": "20251130232400"
    },
    {
      "SEQ": 64,
      "BEFORE_NODE": 64.0,
      "AFTER_NODE": 65.0,
      "BEFORE_LAT": 30.11212,
      "BEFORE_LON": 122.17832,
      "AFTER_LAT": 30.112133,
      "AFTER_LON": 122.17838,
      "SOG": 0,
      "MOVINGTIME": 2040.0,
      "ARRIVALTIME": "20251130235800"
    },
    {
      "SEQ": 65,
      "BEFORE_NODE": 65.0,
      "AFTER_NODE": 66.0,
      "BEFORE_LAT": 30.112133,
      "BEFORE_LON": 122.17838,
      "AFTER_LAT": 30.112034,
      "AFTER_LON": 122.1784,
      "SOG": 0.1,
      "MOVINGTIME": 5100.0,
      "ARRIVALTIME": "20251201012300"
    },
    {
      "SEQ": 66,
      "BEFORE_NODE": 66.0,
      "AFTER_NODE": 67.0,
      "BEFORE_LAT": 30.112034,
      "BEFORE_LON": 122.1784,
      "AFTER_LAT": 30.112053,
      "AFTER_LON": 122.17843,
      "SOG": 0,
      "MOVINGTIME": 1759.0,
      "ARRIVALTIME": "20251201015219"
    },
    {
      "SEQ": 67,
      "BEFORE_NODE": 67.0,
      "AFTER_NODE": 68.0,
      "BEFORE_LAT": 30.112053,
      "BEFORE_LON": 122.17843,
      "AFTER_LAT": 30.112164,
      "AFTER_LON": 122.17834,
      "SOG": 0,
      "MOVINGTIME": 1661.0,
      "ARRIVALTIME": "20251201022000"
    },
    {
      "SEQ": 68,
      "BEFORE_NODE": 68.0,
      "AFTER_NODE": 69.0,
      "BEFORE_LAT": 30.112164,
      "BEFORE_LON": 122.17834,
      "AFTER_LAT": 30.112143,
      "AFTER_LON": 122.17832,
      "SOG": 0,
      "MOVINGTIME": 1740.0,
      "ARRIVALTIME": "20251201024900"
    },
    {
      "SEQ": 69,
      "BEFORE_NODE": 69.0,
      "AFTER_NODE": 70.0,
      "BEFORE_LAT": 30.112143,
      "BEFORE_LON": 122.17832,
      "AFTER_LAT": 30.112034,
      "AFTER_LON": 122.17841,
      "SOG": 0,
      "MOVINGTIME": 3840.0,
      "ARRIVALTIME": "20251201035300"
    },
    {
      "SEQ": 70,
      "BEFORE_NODE": 70.0,
      "AFTER_NODE": 71.0,
      "BEFORE_LAT": 30.112034,
      "BEFORE_LON": 122.17841,
      "AFTER_LAT": 30.11208,
      "AFTER_LON": 122.1784,
      "SOG": 0,
      "MOVINGTIME": 1500.0,
      "ARRIVALTIME": "20251201041800"
    },
    {
      "SEQ": 71,
      "BEFORE_NODE": 71.0,
      "AFTER_NODE": 72.0,
      "BEFORE_LAT": 30.11208,
      "BEFORE_LON": 122.1784,
      "AFTER_LAT": 30.112154,
      "AFTER_LON": 122.17838,
      "SOG": 0,
      "MOVINGTIME": 1860.0,
      "ARRIVALTIME": "20251201044900"
    },
    {
      "SEQ": 72,
      "BEFORE_NODE": 72.0,
      "AFTER_NODE": 73.0,
      "BEFORE_LAT": 30.112154,
      "BEFORE_LON": 122.17838,
      "AFTER_LAT": 30.112177,
      "AFTER_LON": 122.17838,
      "SOG": 0,
      "MOVINGTIME": 1740.0,
      "ARRIVALTIME": "20251201051800"
    },
    {
      "SEQ": 73,
      "BEFORE_NODE": 73.0,
      "AFTER_NODE": 74.0,
      "BEFORE_LAT": 30.112177,
      "BEFORE_LON": 122.17838,
      "AFTER_LAT": 30.11219,
      "AFTER_LON": 122.17843,
      "SOG": 0,
      "MOVINGTIME": 2040.0,
      "ARRIVALTIME": "20251201055200"
    },
    {
      "SEQ": 74,
      "BEFORE_NODE": 74.0,
      "AFTER_NODE": 75.0,
      "BEFORE_LAT": 30.11219,
      "BEFORE_LON": 122.17843,
      "AFTER_LAT": 30.11216,
      "AFTER_LON": 122.17844,
      "SOG": 0,
      "MOVINGTIME": 3600.0,
      "ARRIVALTIME": "20251201065200"
    },
    {
      "SEQ": 75,
      "BEFORE_NODE": 75.0,
      "AFTER_NODE": 76.0,
      "BEFORE_LAT": 30.11216,
      "BEFORE_LON": 122.17844,
      "AFTER_LAT": 30.11216,
      "AFTER_LON": 122.17845,
      "SOG": 0,
      "MOVINGTIME": 2040.0,
      "ARRIVALTIME": "20251201072600"
    },
    {
      "SEQ": 76,
      "BEFORE_NODE": 76.0,
      "AFTER_NODE": 77.0,
      "BEFORE_LAT": 30.11216,
      "BEFORE_LON": 122.17845,
      "AFTER_LAT": 30.112141,
      "AFTER_LON": 122.17845,
      "SOG": 0,
      "MOVINGTIME": 1680.0,
      "ARRIVALTIME": "20251201075400"
    },
    {
      "SEQ": 77,
      "BEFORE_NODE": 77.0,
      "AFTER_NODE": 78.0,
      "BEFORE_LAT": 30.112141,
      "BEFORE_LON": 122.17845,
      "AFTER_LAT": 30.112141,
      "AFTER_LON": 122.1784,
      "SOG": 0,
      "MOVINGTIME": 1740.0,
      "ARRIVALTIME": "20251201082300"
    },
    {
      "SEQ": 78,
      "BEFORE_NODE": 78.0,
      "AFTER_NODE": 79.0,
      "BEFORE_LAT": 30.112141,
      "BEFORE_LON": 122.1784,
      "AFTER_LAT": 30.112141,
      "AFTER_LON": 122.17844,
      "SOG": 0,
      "MOVINGTIME": 1800.0,
      "ARRIVALTIME": "20251201085300"
    },
    {
      "SEQ": 79,
      "BEFORE_NODE": 79.0,
      "AFTER_NODE": 80.0,
      "BEFORE_LAT": 30.112141,
      "BEFORE_LON": 122.17844,
      "AFTER_LAT": 30.112213,
      "AFTER_LON": 122.17848,
      "SOG": 0,
      "MOVINGTIME": 1800.0,
      "ARRIVALTIME": "20251201092300"
    },
    {
      "SEQ": 80,
      "BEFORE_NODE": 80.0,
      "AFTER_NODE": 81.0,
      "BEFORE_LAT": 30.112213,
      "BEFORE_LON": 122.17848,
      "AFTER_LAT": 30.112089,
      "AFTER_LON": 122.17841,
      "SOG": 0,
      "MOVINGTIME": 1680.0,
      "ARRIVALTIME": "20251201095100"
    },
    {
      "SEQ": 81,
      "BEFORE_NODE": 81.0,
      "AFTER_NODE": 82.0,
      "BEFORE_LAT": 30.112089,
      "BEFORE_LON": 122.17841,
      "AFTER_LAT": 30.112087,
      "AFTER_LON": 122.17838,
      "SOG": 0,
      "MOVINGTIME": 2040.0,
      "ARRIVALTIME": "20251201102500"
    },
    {
      "SEQ": 82,
      "BEFORE_NODE": 82.0,
      "AFTER_NODE": 83.0,
      "BEFORE_LAT": 30.112087,
      "BEFORE_LON": 122.17838,
      "AFTER_LAT": 30.112127,
      "AFTER_LON": 122.1784,
      "SOG": 0,
      "MOVINGTIME": 1800.0,
      "ARRIVALTIME": "20251201105500"
    },
    {
      "SEQ": 83,
      "BEFORE_NODE": 83.0,
      "AFTER_NODE": 84.0,
      "BEFORE_LAT": 30.112127,
      "BEFORE_LON": 122.1784,
      "AFTER_LAT": 30.112062,
      "AFTER_LON": 122.17838,
      "SOG": 0,
      "MOVINGTIME": 1740.0,
      "ARRIVALTIME": "20251201112400"
    },
    {
      "SEQ": 84,
      "BEFORE_NODE": 84.0,
      "AFTER_NODE": 85.0,
      "BEFORE_LAT": 30.112062,
      "BEFORE_LON": 122.17838,
      "AFTER_LAT": 30.112026,
      "AFTER_LON": 122.17838,
      "SOG": 0,
      "MOVINGTIME": 1380.0,
      "ARRIVALTIME": "20251201114700"
    },
    {
      "SEQ": 85,
      "BEFORE_NODE": 85.0,
      "AFTER_NODE": 86.0,
      "BEFORE_LAT": 30.112026,
      "BEFORE_LON": 122.17838,
      "AFTER_LAT": 30.111984,
      "AFTER_LON": 122.17845,
      "SOG": 0.1,
      "MOVINGTIME": 5640.0,
      "ARRIVALTIME": "20251201132100"
    },
    {
      "SEQ": 86,
      "BEFORE_NODE": 86.0,
      "AFTER_NODE": 87.0,
      "BEFORE_LAT": 30.111984,
      "BEFORE_LON": 122.17845,
      "AFTER_LAT": 30.11207,
      "AFTER_LON": 122.17841,
      "SOG": 0.1,
      "MOVINGTIME": 1860.0,
      "ARRIVALTIME": "20251201135200"
    },
    {
      "SEQ": 87,
      "BEFORE_NODE": 87.0,
      "AFTER_NODE": 88.0,
      "BEFORE_LAT": 30.11207,
      "BEFORE_LON": 122.17841,
      "AFTER_LAT": 30.112057,
      "AFTER_LON": 122.17838,
      "SOG": 0,
      "MOVINGTIME": 1620.0,
      "ARRIVALTIME": "20251201141900"
    },
    {
      "SEQ": 88,
      "BEFORE_NODE": 88.0,
      "AFTER_NODE": 89.0,
      "BEFORE_LAT": 30.112057,
      "BEFORE_LON": 122.17838,
      "AFTER_LAT": 30.11202,
      "AFTER_LON": 122.17843,
      "SOG": 0,
      "MOVINGTIME": 1980.0,
      "ARRIVALTIME": "20251201145200"
    },
    {
      "SEQ": 89,
      "BEFORE_NODE": 89.0,
      "AFTER_NODE": 90.0,
      "BEFORE_LAT": 30.11202,
      "BEFORE_LON": 122.17843,
      "AFTER_LAT": 30.112062,
      "AFTER_LON": 122.17841,
      "SOG": 0,
      "MOVINGTIME": 2590.0,
      "ARRIVALTIME": "20251201153510"
    },
    {
      "SEQ": 90,
      "BEFORE_NODE": 90.0,
      "AFTER_NODE": 91.0,
      "BEFORE_LAT": 30.112062,
      "BEFORE_LON": 122.17841,
      "AFTER_LAT": 30.112017,
      "AFTER_LON": 122.1784,
      "SOG": 0,
      "MOVINGTIME": 1070.0,
      "ARRIVALTIME": "20251201155300"
    },
    {
      "SEQ": 91,
      "BEFORE_NODE": 91.0,
      "AFTER_NODE": 92.0,
      "BEFORE_LAT": 30.112017,
      "BEFORE_LON": 122.1784,
      "AFTER_LAT": 30.11203,
      "AFTER_LON": 122.17844,
      "SOG": 0,
      "MOVINGTIME": 1860.0,
      "ARRIVALTIME": "20251201162400"
    },
    {
      "SEQ": 92,
      "BEFORE_NODE": 92.0,
      "AFTER_NODE": 93.0,
      "BEFORE_LAT": 30.11203,
      "BEFORE_LON": 122.17844,
      "AFTER_LAT": 30.112017,
      "AFTER_LON": 122.17841,
      "SOG": 0,
      "MOVINGTIME": 1740.0,
      "ARRIVALTIME": "20251201165300"
    },
    {
      "SEQ": 93,
      "BEFORE_NODE": 93.0,
      "AFTER_NODE": 94.0,
      "BEFORE_LAT": 30.112017,
      "BEFORE_LON": 122.17841,
      "AFTER_LAT": 30.112026,
      "AFTER_LON": 122.17841,
      "SOG": 0,
      "MOVINGTIME": 1920.0,
      "ARRIVALTIME": "20251201172500"
    },
    {
      "SEQ": 94,
      "BEFORE_NODE": 94.0,
      "AFTER_NODE": 95.0,
      "BEFORE_LAT": 30.112026,
      "BEFORE_LON": 122.17841,
      "AFTER_LAT": 30.112009,
      "AFTER_LON": 122.17847,
      "SOG": 0,
      "MOVINGTIME": 1680.0,
      "ARRIVALTIME": "20251201175300"
    },
    {
      "SEQ": 95,
      "BEFORE_NODE": 95.0,
      "AFTER_NODE": 96.0,
      "BEFORE_LAT": 30.112009,
      "BEFORE_LON": 122.17847,
      "AFTER_LAT": 30.111963,
      "AFTER_LON": 122.17841,
      "SOG": 0,
      "MOVINGTIME": 1680.0,
      "ARRIVALTIME": "20251201182100"
    },
    {
      "SEQ": 96,
      "BEFORE_NODE": 96.0,
      "AFTER_NODE": 97.0,
      "BEFORE_LAT": 30.111963,
      "BEFORE_LON": 122.17841,
      "AFTER_LAT": 30.111984,
      "AFTER_LON": 122.17843,
      "SOG": 0,
      "MOVINGTIME": 1920.0,
      "ARRIVALTIME": "20251201185300"
    },
    {
      "SEQ": 97,
      "BEFORE_NODE": 97.0,
      "AFTER_NODE": 98.0,
      "BEFORE_LAT": 30.111984,
      "BEFORE_LON": 122.17843,
      "AFTER_LAT": 30.11216,
      "AFTER_LON": 122.17845,
      "SOG": 0.1,
      "MOVINGTIME": 1680.0,
      "ARRIVALTIME": "20251201192100"
    },
    {
      "SEQ": 98,
      "BEFORE_NODE": 98.0,
      "AFTER_NODE": 99.0,
      "BEFORE_LAT": 30.11216,
      "BEFORE_LON": 122.17845,
      "AFTER_LAT": 30.111959,
      "AFTER_LON": 122.17841,
      "SOG": 0,
      "MOVINGTIME": 2100.0,
      "ARRIVALTIME": "20251201195600"
    },
    {
      "SEQ": 99,
      "BEFORE_NODE": 99.0,
      "AFTER_NODE": 100.0,
      "BEFORE_LAT": 30.111959,
      "BEFORE_LON": 122.17841,
      "AFTER_LAT": 30.112047,
      "AFTER_LON": 122.17838,
      "SOG": 0,
      "MOVINGTIME": 1740.0,
      "ARRIVALTIME": "20251201202500"
    },
    {
      "SEQ": 100,
      "BEFORE_NODE": 100.0,
      "AFTER_NODE": 101.0,
      "BEFORE_LAT": 30.112047,
      "BEFORE_LON": 122.17838,
      "AFTER_LAT": 30.11202,
      "AFTER_LON": 122.17841,
      "SOG": 0,
      "MOVINGTIME": 1620.0,
      "ARRIVALTIME": "20251201205200"
    },
    {
      "SEQ": 101,
      "BEFORE_NODE": 101.0,
      "AFTER_NODE": 102.0,
      "BEFORE_LAT": 30.11202,
      "BEFORE_LON": 122.17841,
      "AFTER_LAT": 30.11202,
      "AFTER_LON": 122.17843,
      "SOG": 0,
      "MOVINGTIME": 2100.0,
      "ARRIVALTIME": "20251201212700"
    },
    {
      "SEQ": 102,
      "BEFORE_NODE": 102.0,
      "AFTER_NODE": 103.0,
      "BEFORE_LAT": 30.11202,
      "BEFORE_LON": 122.17843,
      "AFTER_LAT": 30.11202,
      "AFTER_LON": 122.17845,
      "SOG": 0.1,
      "MOVINGTIME": 1620.0,
      "ARRIVALTIME": "20251201215400"
    },
    {
      "SEQ": 103,
      "BEFORE_NODE": 103.0,
      "AFTER_NODE": 104.0,
      "BEFORE_LAT": 30.11202,
      "BEFORE_LON": 122.17845,
      "AFTER_LAT": 30.112087,
      "AFTER_LON": 122.17848,
      "SOG": 0.1,
      "MOVINGTIME": 1800.0,
      "ARRIVALTIME": "20251201222400"
    },
    {
      "SEQ": 104,
      "BEFORE_NODE": 104.0,
      "AFTER_NODE": 105.0,
      "BEFORE_LAT": 30.112087,
      "BEFORE_LON": 122.17848,
      "AFTER_LAT": 30.112093,
      "AFTER_LON": 122.17838,
      "SOG": 0,
      "MOVINGTIME": 1740.0,
      "ARRIVALTIME": "20251201225300"
    },
    {
      "SEQ": 105,
      "BEFORE_NODE": 105.0,
      "AFTER_NODE": 106.0,
      "BEFORE_LAT": 30.112093,
      "BEFORE_LON": 122.17838,
      "AFTER_LAT": 30.112049,
      "AFTER_LON": 122.17843,
      "SOG": 0,
      "MOVINGTIME": 1440.0,
      "ARRIVALTIME": "20251201231700"
    },
    {
      "SEQ": 106,
      "BEFORE_NODE": 106.0,
      "AFTER_NODE": 107.0,
      "BEFORE_LAT": 30.112049,
      "BEFORE_LON": 122.17843,
      "AFTER_LAT": 30.112053,
      "AFTER_LON": 122.17844,
      "SOG": 0,
      "MOVINGTIME": 1980.0,
      "ARRIVALTIME": "20251201235000"
    },
    {
      "SEQ": 107,
      "BEFORE_NODE": 107.0,
      "AFTER_NODE": 108.0,
      "BEFORE_LAT": 30.112053,
      "BEFORE_LON": 122.17844,
      "AFTER_LAT": 30.112087,
      "AFTER_LON": 122.17834,
      "SOG": 0,
      "MOVINGTIME": 1980.0,
      "ARRIVALTIME": "20251202002300"
    },
    {
      "SEQ": 108,
      "BEFORE_NODE": 108.0,
      "AFTER_NODE": 109.0,
      "BEFORE_LAT": 30.112087,
      "BEFORE_LON": 122.17834,
      "AFTER_LAT": 30.112074,
      "AFTER_LON": 122.17844,
      "SOG": 0,
      "MOVINGTIME": 1920.0,
      "ARRIVALTIME": "20251202005500"
    },
    {
      "SEQ": 109,
      "BEFORE_NODE": 109.0,
      "AFTER_NODE": 110.0,
      "BEFORE_LAT": 30.112074,
      "BEFORE_LON": 122.17844,
      "AFTER_LAT": 30.112116,
      "AFTER_LON": 122.17838,
      "SOG": 0,
      "MOVINGTIME": 1680.0,
      "ARRIVALTIME": "20251202012300"
    },
    {
      "SEQ": 110,
      "BEFORE_NODE": 110.0,
      "AFTER_NODE": 111.0,
      "BEFORE_LAT": 30.112116,
      "BEFORE_LON": 122.17838,
      "AFTER_LAT": 30.11198,
      "AFTER_LON": 122.17841,
      "SOG": 0,
      "MOVINGTIME": 2100.0,
      "ARRIVALTIME": "20251202015800"
    },
    {
      "SEQ": 111,
      "BEFORE_NODE": 111.0,
      "AFTER_NODE": 112.0,
      "BEFORE_LAT": 30.11198,
      "BEFORE_LON": 122.17841,
      "AFTER_LAT": 30.112101,
      "AFTER_LON": 122.17838,
      "SOG": 0,
      "MOVINGTIME": 1560.0,
      "ARRIVALTIME": "20251202022400"
    },
    {
      "SEQ": 112,
      "BEFORE_NODE": 112.0,
      "AFTER_NODE": 113.0,
      "BEFORE_LAT": 30.112101,
      "BEFORE_LON": 122.17838,
      "AFTER_LAT": 30.112007,
      "AFTER_LON": 122.17843,
      "SOG": 0,
      "MOVINGTIME": 1860.0,
      "ARRIVALTIME": "20251202025500"
    },
    {
      "SEQ": 113,
      "BEFORE_NODE": 113.0,
      "AFTER_NODE": 114.0,
      "BEFORE_LAT": 30.112007,
      "BEFORE_LON": 122.17843,
      "AFTER_LAT": 30.112101,
      "AFTER_LON": 122.1784,
      "SOG": 0,
      "MOVINGTIME": 1500.0,
      "ARRIVALTIME": "20251202032000"
    },
    {
      "SEQ": 114,
      "BEFORE_NODE": 114.0,
      "AFTER_NODE": 115.0,
      "BEFORE_LAT": 30.112101,
      "BEFORE_LON": 122.1784,
      "AFTER_LAT": 30.112057,
      "AFTER_LON": 122.1784,
      "SOG": 0,
      "MOVINGTIME": 2324.0,
      "ARRIVALTIME": "20251202035844"
    },
    {
      "SEQ": 115,
      "BEFORE_NODE": 115.0,
      "AFTER_NODE": 116.0,
      "BEFORE_LAT": 30.112057,
      "BEFORE_LON": 122.1784,
      "AFTER_LAT": 30.11208,
      "AFTER_LON": 122.1784,
      "SOG": 0,
      "MOVINGTIME": 1336.0,
      "ARRIVALTIME": "20251202042100"
    },
    {
      "SEQ": 116,
      "BEFORE_NODE": 116.0,
      "AFTER_NODE": 117.0,
      "BEFORE_LAT": 30.11208,
      "BEFORE_LON": 122.1784,
      "AFTER_LAT": 30.112061,
      "AFTER_LON": 122.17838,
      "SOG": 0,
      "MOVINGTIME": 1740.0,
      "ARRIVALTIME": "20251202045000"
    },
    {
      "SEQ": 117,
      "BEFORE_NODE": 117.0,
      "AFTER_NODE": 118.0,
      "BEFORE_LAT": 30.112061,
      "BEFORE_LON": 122.17838,
      "AFTER_LAT": 30.112026,
      "AFTER_LON": 122.1784,
      "SOG": 0,
      "MOVINGTIME": 1800.0,
      "ARRIVALTIME": "20251202052000"
    },
    {
      "SEQ": 118,
      "BEFORE_NODE": 118.0,
      "AFTER_NODE": 119.0,
      "BEFORE_LAT": 30.112026,
      "BEFORE_LON": 122.1784,
      "AFTER_LAT": 30.112114,
      "AFTER_LON": 122.17848,
      "SOG": 0,
      "MOVINGTIME": 1740.0,
      "ARRIVALTIME": "20251202054900"
    },
    {
      "SEQ": 119,
      "BEFORE_NODE": 119.0,
      "AFTER_NODE": 120.0,
      "BEFORE_LAT": 30.112114,
      "BEFORE_LON": 122.17848,
      "AFTER_LAT": 30.11212,
      "AFTER_LON": 122.17843,
      "SOG": 0,
      "MOVINGTIME": 1980.0,
      "ARRIVALTIME": "20251202062200"
    },
    {
      "SEQ": 120,
      "BEFORE_NODE": 120.0,
      "AFTER_NODE": 121.0,
      "BEFORE_LAT": 30.11212,
      "BEFORE_LON": 122.17843,
      "AFTER_LAT": 30.112,
      "AFTER_LON": 122.17844,
      "SOG": 0.1,
      "MOVINGTIME": 1800.0,
      "ARRIVALTIME": "20251202065200"
    },
    {
      "SEQ": 121,
      "BEFORE_NODE": 121.0,
      "AFTER_NODE": 122.0,
      "BEFORE_LAT": 30.112,
      "BEFORE_LON": 122.17844,
      "AFTER_LAT": 30.112087,
      "AFTER_LON": 122.17843,
      "SOG": 0,
      "MOVINGTIME": 1680.0,
      "ARRIVALTIME": "20251202072000"
    },
    {
      "SEQ": 122,
      "BEFORE_NODE": 122.0,
      "AFTER_NODE": 123.0,
      "BEFORE_LAT": 30.112087,
      "BEFORE_LON": 122.17843,
      "AFTER_LAT": 30.112061,
      "AFTER_LON": 122.17843,
      "SOG": 0,
      "MOVINGTIME": 1680.0,
      "ARRIVALTIME": "20251202074800"
    },
    {
      "SEQ": 123,
      "BEFORE_NODE": 123.0,
      "AFTER_NODE": 124.0,
      "BEFORE_LAT": 30.112061,
      "BEFORE_LON": 122.17843,
      "AFTER_LAT": 30.11208,
      "AFTER_LON": 122.17844,
      "SOG": 0,
      "MOVINGTIME": 2100.0,
      "ARRIVALTIME": "20251202082300"
    },
    {
      "SEQ": 124,
      "BEFORE_NODE": 124.0,
      "AFTER_NODE": 125.0,
      "BEFORE_LAT": 30.11208,
      "BEFORE_LON": 122.17844,
      "AFTER_LAT": 30.112133,
      "AFTER_LON": 122.1784,
      "SOG": 0,
      "MOVINGTIME": 1500.0,
      "ARRIVALTIME": "20251202084800"
    },
    {
      "SEQ": 125,
      "BEFORE_NODE": 125.0,
      "AFTER_NODE": 126.0,
      "BEFORE_LAT": 30.112133,
      "BEFORE_LON": 122.1784,
      "AFTER_LAT": 30.112114,
      "AFTER_LON": 122.17838,
      "SOG": 0,
      "MOVINGTIME": 2220.0,
      "ARRIVALTIME": "20251202092500"
    },
    {
      "SEQ": 126,
      "BEFORE_NODE": 126.0,
      "AFTER_NODE": 127.0,
      "BEFORE_LAT": 30.112114,
      "BEFORE_LON": 122.17838,
      "AFTER_LAT": 30.112127,
      "AFTER_LON": 122.17841,
      "SOG": 0,
      "MOVINGTIME": 1620.0,
      "ARRIVALTIME": "20251202095200"
    },
    {
      "SEQ": 127,
      "BEFORE_NODE": 127.0,
      "AFTER_NODE": 128.0,
      "BEFORE_LAT": 30.112127,
      "BEFORE_LON": 122.17841,
      "AFTER_LAT": 30.11204,
      "AFTER_LON": 122.17838,
      "SOG": 0,
      "MOVINGTIME": 1680.0,
      "ARRIVALTIME": "20251202102000"
    },
    {
      "SEQ": 128,
      "BEFORE_NODE": 128.0,
      "AFTER_NODE": 129.0,
      "BEFORE_LAT": 30.11204,
      "BEFORE_LON": 122.17838,
      "AFTER_LAT": 30.11208,
      "AFTER_LON": 122.17838,
      "SOG": 0,
      "MOVINGTIME": 1920.0,
      "ARRIVALTIME": "20251202105200"
    },
    {
      "SEQ": 129,
      "BEFORE_NODE": 129.0,
      "AFTER_NODE": 130.0,
      "BEFORE_LAT": 30.11208,
      "BEFORE_LON": 122.17838,
      "AFTER_LAT": 30.112101,
      "AFTER_LON": 122.1784,
      "SOG": 0,
      "MOVINGTIME": 1920.0,
      "ARRIVALTIME": "20251202112400"
    },
    {
      "SEQ": 130,
      "BEFORE_NODE": 130.0,
      "AFTER_NODE": 131.0,
      "BEFORE_LAT": 30.112101,
      "BEFORE_LON": 122.1784,
      "AFTER_LAT": 30.112049,
      "AFTER_LON": 122.17843,
      "SOG": 0,
      "MOVINGTIME": 1680.0,
      "ARRIVALTIME": "20251202115200"
    },
    {
      "SEQ": 131,
      "BEFORE_NODE": 131.0,
      "AFTER_NODE": 132.0,
      "BEFORE_LAT": 30.112049,
      "BEFORE_LON": 122.17843,
      "AFTER_LAT": 30.112053,
      "AFTER_LON": 122.17843,
      "SOG": 0.1,
      "MOVINGTIME": 1920.0,
      "ARRIVALTIME": "20251202122400"
    },
    {
      "SEQ": 132,
      "BEFORE_NODE": 132.0,
      "AFTER_NODE": 133.0,
      "BEFORE_LAT": 30.112053,
      "BEFORE_LON": 122.17843,
      "AFTER_LAT": 30.112034,
      "AFTER_LON": 122.17844,
      "SOG": 0.1,
      "MOVINGTIME": 1740.0,
      "ARRIVALTIME": "20251202125300"
    },
    {
      "SEQ": 133,
      "BEFORE_NODE": 133.0,
      "AFTER_NODE": 134.0,
      "BEFORE_LAT": 30.112034,
      "BEFORE_LON": 122.17844,
      "AFTER_LAT": 30.11208,
      "AFTER_LON": 122.17848,
      "SOG": 0.1,
      "MOVINGTIME": 1680.0,
      "ARRIVALTIME": "20251202132100"
    },
    {
      "SEQ": 134,
      "BEFORE_NODE": 134.0,
      "AFTER_NODE": 135.0,
      "BEFORE_LAT": 30.11208,
      "BEFORE_LON": 122.17848,
      "AFTER_LAT": 30.112047,
      "AFTER_LON": 122.17838,
      "SOG": 0,
      "MOVINGTIME": 3360.0,
      "ARRIVALTIME": "20251202141700"
    },
    {
      "SEQ": 135,
      "BEFORE_NODE": 135.0,
      "AFTER_NODE": 136.0,
      "BEFORE_LAT": 30.112047,
      "BEFORE_LON": 122.17838,
      "AFTER_LAT": 30.112053,
      "AFTER_LON": 122.17845,
      "SOG": 0,
      "MOVINGTIME": 3720.0,
      "ARRIVALTIME": "20251202151900"
    },
    {
      "SEQ": 136,
      "BEFORE_NODE": 136.0,
      "AFTER_NODE": 137.0,
      "BEFORE_LAT": 30.112053,
      "BEFORE_LON": 122.17845,
      "AFTER_LAT": 30.111994,
      "AFTER_LON": 122.17845,
      "SOG": 0,
      "MOVINGTIME": 2100.0,
      "ARRIVALTIME": "20251202155400"
    },
    {
      "SEQ": 137,
      "BEFORE_NODE": 137.0,
      "AFTER_NODE": 138.0,
      "BEFORE_LAT": 30.111994,
      "BEFORE_LON": 122.17845,
      "AFTER_LAT": 30.112062,
      "AFTER_LON": 122.17841,
      "SOG": 0,
      "MOVINGTIME": 1680.0,
      "ARRIVALTIME": "20251202162200"
    },
    {
      "SEQ": 138,
      "BEFORE_NODE": 138.0,
      "AFTER_NODE": 139.0,
      "BEFORE_LAT": 30.112062,
      "BEFORE_LON": 122.17841,
      "AFTER_LAT": 30.112057,
      "AFTER_LON": 122.17838,
      "SOG": 0,
      "MOVINGTIME": 1860.0,
      "ARRIVALTIME": "20251202165300"
    },
    {
      "SEQ": 139,
      "BEFORE_NODE": 139.0,
      "AFTER_NODE": 140.0,
      "BEFORE_LAT": 30.112057,
      "BEFORE_LON": 122.17838,
      "AFTER_LAT": 30.111986,
      "AFTER_LON": 122.17843,
      "SOG": 0,
      "MOVINGTIME": 1800.0,
      "ARRIVALTIME": "20251202172300"
    },
    {
      "SEQ": 140,
      "BEFORE_NODE": 140.0,
      "AFTER_NODE": 141.0,
      "BEFORE_LAT": 30.111986,
      "BEFORE_LON": 122.17843,
      "AFTER_LAT": 30.112089,
      "AFTER_LON": 122.17838,
      "SOG": 0,
      "MOVINGTIME": 1620.0,
      "ARRIVALTIME": "20251202175000"
    },
    {
      "SEQ": 141,
      "BEFORE_NODE": 141.0,
      "AFTER_NODE": 142.0,
      "BEFORE_LAT": 30.112089,
      "BEFORE_LON": 122.17838,
      "AFTER_LAT": 30.112043,
      "AFTER_LON": 122.1784,
      "SOG": 0,
      "MOVINGTIME": 1980.0,
      "ARRIVALTIME": "20251202182300"
    },
    {
      "SEQ": 142,
      "BEFORE_NODE": 142.0,
      "AFTER_NODE": 143.0,
      "BEFORE_LAT": 30.112043,
      "BEFORE_LON": 122.1784,
      "AFTER_LAT": 30.112053,
      "AFTER_LON": 122.17845,
      "SOG": 0.1,
      "MOVINGTIME": 1740.0,
      "ARRIVALTIME": "20251202185200"
    },
    {
      "SEQ": 143,
      "BEFORE_NODE": 143.0,
      "AFTER_NODE": 144.0,
      "BEFORE_LAT": 30.112053,
      "BEFORE_LON": 122.17845,
      "AFTER_LAT": 30.112026,
      "AFTER_LON": 122.17844,
      "SOG": 0.1,
      "MOVINGTIME": 1620.0,
      "ARRIVALTIME": "20251202191900"
    },
    {
      "SEQ": 144,
      "BEFORE_NODE": 144.0,
      "AFTER_NODE": 145.0,
      "BEFORE_LAT": 30.112026,
      "BEFORE_LON": 122.17844,
      "AFTER_LAT": 30.112034,
      "AFTER_LON": 122.1784,
      "SOG": 0,
      "MOVINGTIME": 2040.0,
      "ARRIVALTIME": "20251202195300"
    },
    {
      "SEQ": 145,
      "BEFORE_NODE": 145.0,
      "AFTER_NODE": 146.0,
      "BEFORE_LAT": 30.112034,
      "BEFORE_LON": 122.1784,
      "AFTER_LAT": 30.112026,
      "AFTER_LON": 122.17845,
      "SOG": 0,
      "MOVINGTIME": 1860.0,
      "ARRIVALTIME": "20251202202400"
    },
    {
      "SEQ": 146,
      "BEFORE_NODE": 146.0,
      "AFTER_NODE": 147.0,
      "BEFORE_LAT": 30.112026,
      "BEFORE_LON": 122.17845,
      "AFTER_LAT": 30.111984,
      "AFTER_LON": 122.17844,
      "SOG": 0,
      "MOVINGTIME": 1860.0,
      "ARRIVALTIME": "20251202205500"
    },
    {
      "SEQ": 147,
      "BEFORE_NODE": 147.0,
      "AFTER_NODE": 148.0,
      "BEFORE_LAT": 30.111984,
      "BEFORE_LON": 122.17844,
      "AFTER_LAT": 30.112007,
      "AFTER_LON": 122.17834,
      "SOG": 0,
      "MOVINGTIME": 1740.0,
      "ARRIVALTIME": "20251202212400"
    },
    {
      "SEQ": 148,
      "BEFORE_NODE": 148.0,
      "AFTER_NODE": 149.0,
      "BEFORE_LAT": 30.112007,
      "BEFORE_LON": 122.17834,
      "AFTER_LAT": 30.112034,
      "AFTER_LON": 122.1784,
      "SOG": 0.1,
      "MOVINGTIME": 1740.0,
      "ARRIVALTIME": "20251202215300"
    },
    {
      "SEQ": 149,
      "BEFORE_NODE": 149.0,
      "AFTER_NODE": 150.0,
      "BEFORE_LAT": 30.112034,
      "BEFORE_LON": 122.1784,
      "AFTER_LAT": 30.112047,
      "AFTER_LON": 122.17838,
      "SOG": 0,
      "MOVINGTIME": 3045.0,
      "ARRIVALTIME": "20251202224345"
    },
    {
      "SEQ": 150,
      "BEFORE_NODE": 150.0,
      "AFTER_NODE": 151.0,
      "BEFORE_LAT": 30.112047,
      "BEFORE_LON": 122.17838,
      "AFTER_LAT": 30.11207,
      "AFTER_LON": 122.17845,
      "SOG": 0,
      "MOVINGTIME": 495.0,
      "ARRIVALTIME": "20251202225200"
    },
    {
      "SEQ": 151,
      "BEFORE_NODE": 151.0,
      "AFTER_NODE": 152.0,
      "BEFORE_LAT": 30.11207,
      "BEFORE_LON": 122.17845,
      "AFTER_LAT": 30.112047,
      "AFTER_LON": 122.17843,
      "SOG": 0,
      "MOVINGTIME": 1920.0,
      "ARRIVALTIME": "20251202232400"
    },
    {
      "SEQ": 152,
      "BEFORE_NODE": 152.0,
      "AFTER_NODE": 153.0,
      "BEFORE_LAT": 30.112047,
      "BEFORE_LON": 122.17843,
      "AFTER_LAT": 30.111998,
      "AFTER_LON": 122.17838,
      "SOG": 0,
      "MOVINGTIME": 1440.0,
      "ARRIVALTIME": "20251202234800"
    },
    {
      "SEQ": 153,
      "BEFORE_NODE": 153.0,
      "AFTER_NODE": 154.0,
      "BEFORE_LAT": 30.111998,
      "BEFORE_LON": 122.17838,
      "AFTER_LAT": 30.111994,
      "AFTER_LON": 122.17838,
      "SOG": 0,
      "MOVINGTIME": 2160.0,
      "ARRIVALTIME": "20251203002400"
    },
    {
      "SEQ": 154,
      "BEFORE_NODE": 154.0,
      "AFTER_NODE": 155.0,
      "BEFORE_LAT": 30.111994,
      "BEFORE_LON": 122.17838,
      "AFTER_LAT": 30.111984,
      "AFTER_LON": 122.1784,
      "SOG": 0.1,
      "MOVINGTIME": 1740.0,
      "ARRIVALTIME": "20251203005300"
    },
    {
      "SEQ": 155,
      "BEFORE_NODE": 155.0,
      "AFTER_NODE": 156.0,
      "BEFORE_LAT": 30.111984,
      "BEFORE_LON": 122.1784,
      "AFTER_LAT": 30.112083,
      "AFTER_LON": 122.17836,
      "SOG": 0,
      "MOVINGTIME": 1800.0,
      "ARRIVALTIME": "20251203012300"
    },
    {
      "SEQ": 156,
      "BEFORE_NODE": 156.0,
      "AFTER_NODE": 157.0,
      "BEFORE_LAT": 30.112083,
      "BEFORE_LON": 122.17836,
      "AFTER_LAT": 30.112123,
      "AFTER_LON": 122.17836,
      "SOG": 0,
      "MOVINGTIME": 1980.0,
      "ARRIVALTIME": "20251203015600"
    },
    {
      "SEQ": 157,
      "BEFORE_NODE": 157.0,
      "AFTER_NODE": 158.0,
      "BEFORE_LAT": 30.112123,
      "BEFORE_LON": 122.17836,
      "AFTER_LAT": 30.112087,
      "AFTER_LON": 122.17841,
      "SOG": 0,
      "MOVINGTIME": 1860.0,
      "ARRIVALTIME": "20251203022700"
    },
    {
      "SEQ": 158,
      "BEFORE_NODE": 158.0,
      "AFTER_NODE": 159.0,
      "BEFORE_LAT": 30.112087,
      "BEFORE_LON": 122.17841,
      "AFTER_LAT": 30.112103,
      "AFTER_LON": 122.17838,
      "SOG": 0,
      "MOVINGTIME": 1620.0,
      "ARRIVALTIME": "20251203025400"
    },
    {
      "SEQ": 159,
      "BEFORE_NODE": 159.0,
      "AFTER_NODE": 160.0,
      "BEFORE_LAT": 30.112103,
      "BEFORE_LON": 122.17838,
      "AFTER_LAT": 30.112103,
      "AFTER_LON": 122.17838,
      "SOG": 0,
      "MOVINGTIME": 1380.0,
      "ARRIVALTIME": "20251203031700"
    },
    {
      "SEQ": 160,
      "BEFORE_NODE": 160.0,
      "AFTER_NODE": 161.0,
      "BEFORE_LAT": 30.112103,
      "BEFORE_LON": 122.17838,
      "AFTER_LAT": 30.112101,
      "AFTER_LON": 122.1784,
      "SOG": 0,
      "MOVINGTIME": 7560.0,
      "ARRIVALTIME": "20251203052300"
    },
    {
      "SEQ": 161,
      "BEFORE_NODE": 161.0,
      "AFTER_NODE": 162.0,
      "BEFORE_LAT": 30.112101,
      "BEFORE_LON": 122.1784,
      "AFTER_LAT": 30.112087,
      "AFTER_LON": 122.17845,
      "SOG": 0,
      "MOVINGTIME": 1920.0,
      "ARRIVALTIME": "20251203055500"
    },
    {
      "SEQ": 162,
      "BEFORE_NODE": 162.0,
      "AFTER_NODE": 163.0,
      "BEFORE_LAT": 30.112087,
      "BEFORE_LON": 122.17845,
      "AFTER_LAT": 30.112083,
      "AFTER_LON": 122.17834,
      "SOG": 0.1,
      "MOVINGTIME": 1620.0,
      "ARRIVALTIME": "20251203062200"
    },
    {
      "SEQ": 163,
      "BEFORE_NODE": 163.0,
      "AFTER_NODE": 164.0,
      "BEFORE_LAT": 30.112083,
      "BEFORE_LON": 122.17834,
      "AFTER_LAT": 30.112114,
      "AFTER_LON": 122.17843,
      "SOG": 0,
      "MOVINGTIME": 3720.0,
      "ARRIVALTIME": "20251203072400"
    },
    {
      "SEQ": 164,
      "BEFORE_NODE": 164.0,
      "AFTER_NODE": 165.0,
      "BEFORE_LAT": 30.112114,
      "BEFORE_LON": 122.17843,
      "AFTER_LAT": 30.112036,
      "AFTER_LON": 122.1784,
      "SOG": 0,
      "MOVINGTIME": 1560.0,
      "ARRIVALTIME": "20251203075000"
    },
    {
      "SEQ": 165,
      "BEFORE_NODE": 165.0,
      "AFTER_NODE": 166.0,
      "BEFORE_LAT": 30.112036,
      "BEFORE_LON": 122.1784,
      "AFTER_LAT": 30.11202,
      "AFTER_LON": 122.17832,
      "SOG": 0,
      "MOVINGTIME": 1920.0,
      "ARRIVALTIME": "20251203082200"
    },
    {
      "SEQ": 166,
      "BEFORE_NODE": 166.0,
      "AFTER_NODE": 167.0,
      "BEFORE_LAT": 30.11202,
      "BEFORE_LON": 122.17832,
      "AFTER_LAT": 30.112146,
      "AFTER_LON": 122.17854,
      "SOG": 0,
      "MOVINGTIME": 1980.0,
      "ARRIVALTIME": "20251203085500"
    },
    {
      "SEQ": 167,
      "BEFORE_NODE": 167.0,
      "AFTER_NODE": 168.0,
      "BEFORE_LAT": 30.112146,
      "BEFORE_LON": 122.17854,
      "AFTER_LAT": 30.112141,
      "AFTER_LON": 122.1784,
      "SOG": 0,
      "MOVINGTIME": 1680.0,
      "ARRIVALTIME": "20251203092300"
    },
    {
      "SEQ": 168,
      "BEFORE_NODE": 168.0,
      "AFTER_NODE": 169.0,
      "BEFORE_LAT": 30.112141,
      "BEFORE_LON": 122.1784,
      "AFTER_LAT": 30.112156,
      "AFTER_LON": 122.17832,
      "SOG": 0,
      "MOVINGTIME": 1860.0,
      "ARRIVALTIME": "20251203095400"
    },
    {
      "SEQ": 169,
      "BEFORE_NODE": 169.0,
      "AFTER_NODE": 170.0,
      "BEFORE_LAT": 30.112156,
      "BEFORE_LON": 122.17832,
      "AFTER_LAT": 30.111994,
      "AFTER_LON": 122.17838,
      "SOG": 0,
      "MOVINGTIME": 1680.0,
      "ARRIVALTIME": "20251203102200"
    },
    {
      "SEQ": 170,
      "BEFORE_NODE": 170.0,
      "AFTER_NODE": 171.0,
      "BEFORE_LAT": 30.111994,
      "BEFORE_LON": 122.17838,
      "AFTER_LAT": 30.11208,
      "AFTER_LON": 122.17834,
      "SOG": 0,
      "MOVINGTIME": 1930.0,
      "ARRIVALTIME": "20251203105410"
    },
    {
      "SEQ": 171,
      "BEFORE_NODE": 171.0,
      "AFTER_NODE": 172.0,
      "BEFORE_LAT": 30.11208,
      "BEFORE_LON": 122.17834,
      "AFTER_LAT": 30.112026,
      "AFTER_LON": 122.17838,
      "SOG": 0,
      "MOVINGTIME": 1790.0,
      "ARRIVALTIME": "20251203112400"
    },
    {
      "SEQ": 172,
      "BEFORE_NODE": 172.0,
      "AFTER_NODE": 173.0,
      "BEFORE_LAT": 30.112026,
      "BEFORE_LON": 122.17838,
      "AFTER_LAT": 30.112066,
      "AFTER_LON": 122.17838,
      "SOG": 0,
      "MOVINGTIME": 1740.0,
      "ARRIVALTIME": "20251203115300"
    },
    {
      "SEQ": 173,
      "BEFORE_NODE": 173.0,
      "AFTER_NODE": 174.0,
      "BEFORE_LAT": 30.112066,
      "BEFORE_LON": 122.17838,
      "AFTER_LAT": 30.11208,
      "AFTER_LON": 122.1784,
      "SOG": 0.1,
      "MOVINGTIME": 1740.0,
      "ARRIVALTIME": "20251203122200"
    },
    {
      "SEQ": 174,
      "BEFORE_NODE": 174.0,
      "AFTER_NODE": 175.0,
      "BEFORE_LAT": 30.11208,
      "BEFORE_LON": 122.1784,
      "AFTER_LAT": 30.112093,
      "AFTER_LON": 122.17836,
      "SOG": 0.1,
      "MOVINGTIME": 1800.0,
      "ARRIVALTIME": "20251203125200"
    },
    {
      "SEQ": 175,
      "BEFORE_NODE": 175.0,
      "AFTER_NODE": 176.0,
      "BEFORE_LAT": 30.112093,
      "BEFORE_LON": 122.17836,
      "AFTER_LAT": 30.112061,
      "AFTER_LON": 122.1784,
      "SOG": 0.1,
      "MOVINGTIME": 1740.0,
      "ARRIVALTIME": "20251203132100"
    },
    {
      "SEQ": 176,
      "BEFORE_NODE": 176.0,
      "AFTER_NODE": 177.0,
      "BEFORE_LAT": 30.112061,
      "BEFORE_LON": 122.1784,
      "AFTER_LAT": 30.112127,
      "AFTER_LON": 122.1784,
      "SOG": 0.1,
      "MOVINGTIME": 1860.0,
      "ARRIVALTIME": "20251203135200"
    },
    {
      "SEQ": 177,
      "BEFORE_NODE": 177.0,
      "AFTER_NODE": 178.0,
      "BEFORE_LAT": 30.112127,
      "BEFORE_LON": 122.1784,
      "AFTER_LAT": 30.11204,
      "AFTER_LON": 122.1784,
      "SOG": 0,
      "MOVINGTIME": 2040.0,
      "ARRIVALTIME": "20251203142600"
    },
    {
      "SEQ": 178,
      "BEFORE_NODE": 178.0,
      "AFTER_NODE": 179.0,
      "BEFORE_LAT": 30.11204,
      "BEFORE_LON": 122.1784,
      "AFTER_LAT": 30.112101,
      "AFTER_LON": 122.17838,
      "SOG": 0,
      "MOVINGTIME": 1740.0,
      "ARRIVALTIME": "20251203145500"
    },
    {
      "SEQ": 179,
      "BEFORE_NODE": 179.0,
      "AFTER_NODE": 180.0,
      "BEFORE_LAT": 30.112101,
      "BEFORE_LON": 122.17838,
      "AFTER_LAT": 30.112049,
      "AFTER_LON": 122.17843,
      "SOG": 0,
      "MOVINGTIME": 1560.0,
      "ARRIVALTIME": "20251203152100"
    },
    {
      "SEQ": 180,
      "BEFORE_NODE": 180.0,
      "AFTER_NODE": 181.0,
      "BEFORE_LAT": 30.112049,
      "BEFORE_LON": 122.17843,
      "AFTER_LAT": 30.112076,
      "AFTER_LON": 122.17843,
      "SOG": 0,
      "MOVINGTIME": 1800.0,
      "ARRIVALTIME": "20251203155100"
    },
    {
      "SEQ": 181,
      "BEFORE_NODE": 181.0,
      "AFTER_NODE": 182.0,
      "BEFORE_LAT": 30.112076,
      "BEFORE_LON": 122.17843,
      "AFTER_LAT": 30.112047,
      "AFTER_LON": 122.17844,
      "SOG": 0,
      "MOVINGTIME": 1860.0,
      "ARRIVALTIME": "20251203162200"
    },
    {
      "SEQ": 182,
      "BEFORE_NODE": 182.0,
      "AFTER_NODE": 183.0,
      "BEFORE_LAT": 30.112047,
      "BEFORE_LON": 122.17844,
      "AFTER_LAT": 30.112013,
      "AFTER_LON": 122.17838,
      "SOG": 0,
      "MOVINGTIME": 1740.0,
      "ARRIVALTIME": "20251203165100"
    },
    {
      "SEQ": 183,
      "BEFORE_NODE": 183.0,
      "AFTER_NODE": 184.0,
      "BEFORE_LAT": 30.112013,
      "BEFORE_LON": 122.17838,
      "AFTER_LAT": 30.11203,
      "AFTER_LON": 122.17843,
      "SOG": 0,
      "MOVINGTIME": 1740.0,
      "ARRIVALTIME": "20251203172000"
    },
    {
      "SEQ": 184,
      "BEFORE_NODE": 184.0,
      "AFTER_NODE": 185.0,
      "BEFORE_LAT": 30.11203,
      "BEFORE_LON": 122.17843,
      "AFTER_LAT": 30.112097,
      "AFTER_LON": 122.17843,
      "SOG": 0,
      "MOVINGTIME": 1920.0,
      "ARRIVALTIME": "20251203175200"
    },
    {
      "SEQ": 185,
      "BEFORE_NODE": 185.0,
      "AFTER_NODE": 186.0,
      "BEFORE_LAT": 30.112097,
      "BEFORE_LON": 122.17843,
      "AFTER_LAT": 30.112013,
      "AFTER_LON": 122.17836,
      "SOG": 0,
      "MOVINGTIME": 1920.0,
      "ARRIVALTIME": "20251203182400"
    },
    {
      "SEQ": 186,
      "BEFORE_NODE": 186.0,
      "AFTER_NODE": 187.0,
      "BEFORE_LAT": 30.112013,
      "BEFORE_LON": 122.17836,
      "AFTER_LAT": 30.112034,
      "AFTER_LON": 122.17844,
      "SOG": 0,
      "MOVINGTIME": 1800.0,
      "ARRIVALTIME": "20251203185400"
    },
    {
      "SEQ": 187,
      "BEFORE_NODE": 187.0,
      "AFTER_NODE": 188.0,
      "BEFORE_LAT": 30.112034,
      "BEFORE_LON": 122.17844,
      "AFTER_LAT": 30.11198,
      "AFTER_LON": 122.17844,
      "SOG": 0.1,
      "MOVINGTIME": 1920.0,
      "ARRIVALTIME": "20251203192600"
    },
    {
      "SEQ": 188,
      "BEFORE_NODE": 188.0,
      "AFTER_NODE": 189.0,
      "BEFORE_LAT": 30.11198,
      "BEFORE_LON": 122.17844,
      "AFTER_LAT": 30.112034,
      "AFTER_LON": 122.17844,
      "SOG": 0.2,
      "MOVINGTIME": 1560.0,
      "ARRIVALTIME": "20251203195200"
    },
    {
      "SEQ": 189,
      "BEFORE_NODE": 189.0,
      "AFTER_NODE": 190.0,
      "BEFORE_LAT": 30.112034,
      "BEFORE_LON": 122.17844,
      "AFTER_LAT": 30.11204,
      "AFTER_LON": 122.17844,
      "SOG": 0.1,
      "MOVINGTIME": 3540.0,
      "ARRIVALTIME": "20251203205100"
    },
    {
      "SEQ": 190,
      "BEFORE_NODE": 190.0,
      "AFTER_NODE": 191.0,
      "BEFORE_LAT": 30.11204,
      "BEFORE_LON": 122.17844,
      "AFTER_LAT": 30.112057,
      "AFTER_LON": 122.17843,
      "SOG": 0,
      "MOVINGTIME": 1740.0,
      "ARRIVALTIME": "20251203212000"
    },
    {
      "SEQ": 191,
      "BEFORE_NODE": 191.0,
      "AFTER_NODE": 192.0,
      "BEFORE_LAT": 30.112057,
      "BEFORE_LON": 122.17843,
      "AFTER_LAT": 30.111994,
      "AFTER_LON": 122.17843,
      "SOG": 0.2,
      "MOVINGTIME": 2100.0,
      "ARRIVALTIME": "20251203215500"
    },
    {
      "SEQ": 192,
      "BEFORE_NODE": 192.0,
      "AFTER_NODE": 193.0,
      "BEFORE_LAT": 30.111994,
      "BEFORE_LON": 122.17843,
      "AFTER_LAT": 30.112049,
      "AFTER_LON": 122.17841,
      "SOG": 0.2,
      "MOVINGTIME": 1440.0,
      "ARRIVALTIME": "20251203221900"
    },
    {
      "SEQ": 193,
      "BEFORE_NODE": 193.0,
      "AFTER_NODE": 194.0,
      "BEFORE_LAT": 30.112049,
      "BEFORE_LON": 122.17841,
      "AFTER_LAT": 30.11204,
      "AFTER_LON": 122.17847,
      "SOG": 0.1,
      "MOVINGTIME": 2283.0,
      "ARRIVALTIME": "20251203225703"
    },
    {
      "SEQ": 194,
      "BEFORE_NODE": 194.0,
      "AFTER_NODE": 195.0,
      "BEFORE_LAT": 30.11204,
      "BEFORE_LON": 122.17847,
      "AFTER_LAT": 30.11207,
      "AFTER_LON": 122.17845,
      "SOG": 0.1,
      "MOVINGTIME": 1497.0,
      "ARRIVALTIME": "20251203232200"
    },
    {
      "SEQ": 195,
      "BEFORE_NODE": 195.0,
      "AFTER_NODE": 196.0,
      "BEFORE_LAT": 30.11207,
      "BEFORE_LON": 122.17845,
      "AFTER_LAT": 30.112061,
      "AFTER_LON": 122.17845,
      "SOG": 0.1,
      "MOVINGTIME": 1860.0,
      "ARRIVALTIME": "20251203235300"
    },
    {
      "SEQ": 196,
      "BEFORE_NODE": 196.0,
      "AFTER_NODE": 197.0,
      "BEFORE_LAT": 30.112061,
      "BEFORE_LON": 122.17845,
      "AFTER_LAT": 30.112013,
      "AFTER_LON": 122.17838,
      "SOG": 0.1,
      "MOVINGTIME": 1740.0,
      "ARRIVALTIME": "20251204002200"
    },
    {
      "SEQ": 197,
      "BEFORE_NODE": 197.0,
      "AFTER_NODE": 198.0,
      "BEFORE_LAT": 30.112013,
      "BEFORE_LON": 122.17838,
      "AFTER_LAT": 30.112076,
      "AFTER_LON": 122.17838,
      "SOG": 0.2,
      "MOVINGTIME": 1800.0,
      "ARRIVALTIME": "20251204005200"
    },
    {
      "SEQ": 198,
      "BEFORE_NODE": 198.0,
      "AFTER_NODE": 199.0,
      "BEFORE_LAT": 30.112076,
      "BEFORE_LON": 122.17838,
      "AFTER_LAT": 30.112089,
      "AFTER_LON": 122.17847,
      "SOG": 0.2,
      "MOVINGTIME": 1680.0,
      "ARRIVALTIME": "20251204012000"
    },
    {
      "SEQ": 199,
      "BEFORE_NODE": 199.0,
      "AFTER_NODE": 200.0,
      "BEFORE_LAT": 30.112089,
      "BEFORE_LON": 122.17847,
      "AFTER_LAT": 30.112087,
      "AFTER_LON": 122.17845,
      "SOG": 0.1,
      "MOVINGTIME": 2160.0,
      "ARRIVALTIME": "20251204015600"
    },
    {
      "SEQ": 200,
      "BEFORE_NODE": 200.0,
      "AFTER_NODE": 201.0,
      "BEFORE_LAT": 30.112087,
      "BEFORE_LON": 122.17845,
      "AFTER_LAT": 30.112057,
      "AFTER_LON": 122.17845,
      "SOG": 0.1,
      "MOVINGTIME": 1500.0,
      "ARRIVALTIME": "20251204022100"
    },
    {
      "SEQ": 201,
      "BEFORE_NODE": 201.0,
      "AFTER_NODE": 202.0,
      "BEFORE_LAT": 30.112057,
      "BEFORE_LON": 122.17845,
      "AFTER_LAT": 30.112074,
      "AFTER_LON": 122.17838,
      "SOG": 0.1,
      "MOVINGTIME": 2040.0,
      "ARRIVALTIME": "20251204025500"
    },
    {
      "SEQ": 202,
      "BEFORE_NODE": 202.0,
      "AFTER_NODE": 203.0,
      "BEFORE_LAT": 30.112074,
      "BEFORE_LON": 122.17838,
      "AFTER_LAT": 30.112034,
      "AFTER_LON": 122.17838,
      "SOG": 0,
      "MOVINGTIME": 1740.0,
      "ARRIVALTIME": "20251204032400"
    },
    {
      "SEQ": 203,
      "BEFORE_NODE": 203.0,
      "AFTER_NODE": 204.0,
      "BEFORE_LAT": 30.112034,
      "BEFORE_LON": 122.17838,
      "AFTER_LAT": 30.112053,
      "AFTER_LON": 122.17841,
      "SOG": 0,
      "MOVINGTIME": 1800.0,
      "ARRIVALTIME": "20251204035400"
    },
    {
      "SEQ": 204,
      "BEFORE_NODE": 204.0,
      "AFTER_NODE": 205.0,
      "BEFORE_LAT": 30.112053,
      "BEFORE_LON": 122.17841,
      "AFTER_LAT": 30.112101,
      "AFTER_LON": 122.17843,
      "SOG": 0.1,
      "MOVINGTIME": 3420.0,
      "ARRIVALTIME": "20251204045100"
    },
    {
      "SEQ": 205,
      "BEFORE_NODE": 205.0,
      "AFTER_NODE": 206.0,
      "BEFORE_LAT": 30.112101,
      "BEFORE_LON": 122.17843,
      "AFTER_LAT": 30.112053,
      "AFTER_LON": 122.1784,
      "SOG": 0,
      "MOVINGTIME": 1740.0,
      "ARRIVALTIME": "20251204052000"
    },
    {
      "SEQ": 206,
      "BEFORE_NODE": 206.0,
      "AFTER_NODE": 207.0,
      "BEFORE_LAT": 30.112053,
      "BEFORE_LON": 122.1784,
      "AFTER_LAT": 30.112061,
      "AFTER_LON": 122.17843,
      "SOG": 0.1,
      "MOVINGTIME": 5340.0,
      "ARRIVALTIME": "20251204064900"
    },
    {
      "SEQ": 207,
      "BEFORE_NODE": 207.0,
      "AFTER_NODE": 208.0,
      "BEFORE_LAT": 30.112061,
      "BEFORE_LON": 122.17843,
      "AFTER_LAT": 30.112089,
      "AFTER_LON": 122.17838,
      "SOG": 0.2,
      "MOVINGTIME": 1920.0,
      "ARRIVALTIME": "20251204072100"
    },
    {
      "SEQ": 208,
      "BEFORE_NODE": 208.0,
      "AFTER_NODE": 209.0,
      "BEFORE_LAT": 30.112089,
      "BEFORE_LON": 122.17838,
      "AFTER_LAT": 30.11202,
      "AFTER_LON": 122.17845,
      "SOG": 0,
      "MOVINGTIME": 1800.0,
      "ARRIVALTIME": "20251204075100"
    },
    {
      "SEQ": 209,
      "BEFORE_NODE": 209.0,
      "AFTER_NODE": 210.0,
      "BEFORE_LAT": 30.11202,
      "BEFORE_LON": 122.17845,
      "AFTER_LAT": 30.112062,
      "AFTER_LON": 122.17838,
      "SOG": 0,
      "MOVINGTIME": 1680.0,
      "ARRIVALTIME": "20251204081900"
    },
    {
      "SEQ": 210,
      "BEFORE_NODE": 210.0,
      "AFTER_NODE": 211.0,
      "BEFORE_LAT": 30.112062,
      "BEFORE_LON": 122.17838,
      "AFTER_LAT": 30.112083,
      "AFTER_LON": 122.17841,
      "SOG": 0,
      "MOVINGTIME": 1920.0,
      "ARRIVALTIME": "20251204085100"
    },
    {
      "SEQ": 211,
      "BEFORE_NODE": 211.0,
      "AFTER_NODE": 212.0,
      "BEFORE_LAT": 30.112083,
      "BEFORE_LON": 122.17841,
      "AFTER_LAT": 30.112093,
      "AFTER_LON": 122.17844,
      "SOG": 0,
      "MOVINGTIME": 1860.0,
      "ARRIVALTIME": "20251204092200"
    },
    {
      "SEQ": 212,
      "BEFORE_NODE": 212.0,
      "AFTER_NODE": 213.0,
      "BEFORE_LAT": 30.112093,
      "BEFORE_LON": 122.17844,
      "AFTER_LAT": 30.112066,
      "AFTER_LON": 122.17838,
      "SOG": 0.1,
      "MOVINGTIME": 1740.0,
      "ARRIVALTIME": "20251204095100"
    },
    {
      "SEQ": 213,
      "BEFORE_NODE": 213.0,
      "AFTER_NODE": 214.0,
      "BEFORE_LAT": 30.112066,
      "BEFORE_LON": 122.17838,
      "AFTER_LAT": 30.112047,
      "AFTER_LON": 122.1784,
      "SOG": 0.1,
      "MOVINGTIME": 1560.0,
      "ARRIVALTIME": "20251204101700"
    },
    {
      "SEQ": 214,
      "BEFORE_NODE": 214.0,
      "AFTER_NODE": 215.0,
      "BEFORE_LAT": 30.112047,
      "BEFORE_LON": 122.1784,
      "AFTER_LAT": 30.112047,
      "AFTER_LON": 122.1784,
      "SOG": 0.1,
      "MOVINGTIME": 2040.0,
      "ARRIVALTIME": "20251204105100"
    },
    {
      "SEQ": 215,
      "BEFORE_NODE": 215.0,
      "AFTER_NODE": 216.0,
      "BEFORE_LAT": 30.112047,
      "BEFORE_LON": 122.1784,
      "AFTER_LAT": 30.112106,
      "AFTER_LON": 122.17841,
      "SOG": 0.1,
      "MOVINGTIME": 3600.0,
      "ARRIVALTIME": "20251204115100"
    },
    {
      "SEQ": 216,
      "BEFORE_NODE": 216.0,
      "AFTER_NODE": 217.0,
      "BEFORE_LAT": 30.112106,
      "BEFORE_LON": 122.17841,
      "AFTER_LAT": 30.112,
      "AFTER_LON": 122.1784,
      "SOG": 0.1,
      "MOVINGTIME": 1740.0,
      "ARRIVALTIME": "20251204122000"
    },
    {
      "SEQ": 217,
      "BEFORE_NODE": 217.0,
      "AFTER_NODE": 218.0,
      "BEFORE_LAT": 30.112,
      "BEFORE_LON": 122.1784,
      "AFTER_LAT": 30.112047,
      "AFTER_LON": 122.17843,
      "SOG": 0.1,
      "MOVINGTIME": 1800.0,
      "ARRIVALTIME": "20251204125000"
    },
    {
      "SEQ": 218,
      "BEFORE_NODE": 218.0,
      "AFTER_NODE": 219.0,
      "BEFORE_LAT": 30.112047,
      "BEFORE_LON": 122.17843,
      "AFTER_LAT": 30.112049,
      "AFTER_LON": 122.17843,
      "SOG": 0.1,
      "MOVINGTIME": 1740.0,
      "ARRIVALTIME": "20251204131900"
    },
    {
      "SEQ": 219,
      "BEFORE_NODE": 219.0,
      "AFTER_NODE": 220.0,
      "BEFORE_LAT": 30.112049,
      "BEFORE_LON": 122.17843,
      "AFTER_LAT": 30.11208,
      "AFTER_LON": 122.1784,
      "SOG": 0,
      "MOVINGTIME": 1980.0,
      "ARRIVALTIME": "20251204135200"
    },
    {
      "SEQ": 220,
      "BEFORE_NODE": 220.0,
      "AFTER_NODE": 221.0,
      "BEFORE_LAT": 30.11208,
      "BEFORE_LON": 122.1784,
      "AFTER_LAT": 30.112074,
      "AFTER_LON": 122.17844,
      "SOG": 0.2,
      "MOVINGTIME": 1800.0,
      "ARRIVALTIME": "20251204142200"
    },
    {
      "SEQ": 221,
      "BEFORE_NODE": 221.0,
      "AFTER_NODE": 222.0,
      "BEFORE_LAT": 30.112074,
      "BEFORE_LON": 122.17844,
      "AFTER_LAT": 30.112101,
      "AFTER_LON": 122.17848,
      "SOG": 0.1,
      "MOVINGTIME": 1680.0,
      "ARRIVALTIME": "20251204145000"
    },
    {
      "SEQ": 222,
      "BEFORE_NODE": 222.0,
      "AFTER_NODE": 223.0,
      "BEFORE_LAT": 30.112101,
      "BEFORE_LON": 122.17848,
      "AFTER_LAT": 30.112034,
      "AFTER_LON": 122.17843,
      "SOG": 0.1,
      "MOVINGTIME": 1800.0,
      "ARRIVALTIME": "20251204152000"
    },
    {
      "SEQ": 223,
      "BEFORE_NODE": 223.0,
      "AFTER_NODE": 224.0,
      "BEFORE_LAT": 30.112034,
      "BEFORE_LON": 122.17843,
      "AFTER_LAT": 30.112036,
      "AFTER_LON": 122.17841,
      "SOG": 0.2,
      "MOVINGTIME": 1860.0,
      "ARRIVALTIME": "20251204155100"
    },
    {
      "SEQ": 224,
      "BEFORE_NODE": 224.0,
      "AFTER_NODE": 225.0,
      "BEFORE_LAT": 30.112036,
      "BEFORE_LON": 122.17841,
      "AFTER_LAT": 30.112062,
      "AFTER_LON": 122.17841,
      "SOG": 0,
      "MOVINGTIME": 1740.0,
      "ARRIVALTIME": "20251204162000"
    },
    {
      "SEQ": 225,
      "BEFORE_NODE": 225.0,
      "AFTER_NODE": 226.0,
      "BEFORE_LAT": 30.112062,
      "BEFORE_LON": 122.17841,
      "AFTER_LAT": 30.112074,
      "AFTER_LON": 122.17841,
      "SOG": 0,
      "MOVINGTIME": 3420.0,
      "ARRIVALTIME": "20251204171700"
    },
    {
      "SEQ": 226,
      "BEFORE_NODE": 226.0,
      "AFTER_NODE": 227.0,
      "BEFORE_LAT": 30.112074,
      "BEFORE_LON": 122.17841,
      "AFTER_LAT": 30.112034,
      "AFTER_LON": 122.17841,
      "SOG": 0,
      "MOVINGTIME": 1860.0,
      "ARRIVALTIME": "20251204174800"
    },
    {
      "SEQ": 227,
      "BEFORE_NODE": 227.0,
      "AFTER_NODE": 228.0,
      "BEFORE_LAT": 30.112034,
      "BEFORE_LON": 122.17841,
      "AFTER_LAT": 30.11204,
      "AFTER_LON": 122.1784,
      "SOG": 0,
      "MOVINGTIME": 1808.0,
      "ARRIVALTIME": "20251204181808"
    },
    {
      "SEQ": 228,
      "BEFORE_NODE": 228.0,
      "AFTER_NODE": 229.0,
      "BEFORE_LAT": 30.11204,
      "BEFORE_LON": 122.1784,
      "AFTER_LAT": 30.112026,
      "AFTER_LON": 122.1784,
      "SOG": 0.1,
      "MOVINGTIME": 1852.0,
      "ARRIVALTIME": "20251204184900"
    },
    {
      "SEQ": 229,
      "BEFORE_NODE": 229.0,
      "AFTER_NODE": 230.0,
      "BEFORE_LAT": 30.112026,
      "BEFORE_LON": 122.1784,
      "AFTER_LAT": 30.112074,
      "AFTER_LON": 122.17838,
      "SOG": 0,
      "MOVINGTIME": 3540.0,
      "ARRIVALTIME": "20251204194800"
    },
    {
      "SEQ": 230,
      "BEFORE_NODE": 230.0,
      "AFTER_NODE": 231.0,
      "BEFORE_LAT": 30.112074,
      "BEFORE_LON": 122.17838,
      "AFTER_LAT": 30.112116,
      "AFTER_LON": 122.17838,
      "SOG": 0,
      "MOVINGTIME": 1860.0,
      "ARRIVALTIME": "20251204201900"
    },
    {
      "SEQ": 231,
      "BEFORE_NODE": 231.0,
      "AFTER_NODE": 232.0,
      "BEFORE_LAT": 30.112116,
      "BEFORE_LON": 122.17838,
      "AFTER_LAT": 30.111977,
      "AFTER_LON": 122.17844,
      "SOG": 0.1,
      "MOVINGTIME": 1920.0,
      "ARRIVALTIME": "20251204205100"
    },
    {
      "SEQ": 232,
      "BEFORE_NODE": 232.0,
      "AFTER_NODE": 233.0,
      "BEFORE_LAT": 30.111977,
      "BEFORE_LON": 122.17844,
      "AFTER_LAT": 30.11202,
      "AFTER_LON": 122.17843,
      "SOG": 0.1,
      "MOVINGTIME": 1680.0,
      "ARRIVALTIME": "20251204211900"
    },
    {
      "SEQ": 233,
      "BEFORE_NODE": 233.0,
      "AFTER_NODE": 234.0,
      "BEFORE_LAT": 30.11202,
      "BEFORE_LON": 122.17843,
      "AFTER_LAT": 30.112623,
      "AFTER_LON": 122.17838,
      "SOG": 0.1,
      "MOVINGTIME": 1740.0,
      "ARRIVALTIME": "20251204214800"
    },
    {
      "SEQ": 234,
      "BEFORE_NODE": 234.0,
      "AFTER_NODE": 235.0,
      "BEFORE_LAT": 30.112623,
      "BEFORE_LON": 122.17838,
      "AFTER_LAT": 30.127331,
      "AFTER_LON": 122.19136,
      "SOG": 2.2,
      "MOVINGTIME": 2400.0,
      "ARRIVALTIME": "20251204222800"
    },
    {
      "SEQ": 235,
      "BEFORE_NODE": 235.0,
      "AFTER_NODE": 236.0,
      "BEFORE_LAT": 30.127331,
      "BEFORE_LON": 122.19136,
      "AFTER_LAT": 30.130461,
      "AFTER_LON": 122.21146,
      "SOG": 0.6,
      "MOVINGTIME": 1620.0,
      "ARRIVALTIME": "20251204225500"
    },
    {
      "SEQ": 236,
      "BEFORE_NODE": 236.0,
      "AFTER_NODE": 237.0,
      "BEFORE_LAT": 30.130461,
      "BEFORE_LON": 122.21146,
      "AFTER_LAT": 30.13414,
      "AFTER_LON": 122.2151,
      "SOG": 0.2,
      "MOVINGTIME": 1740.0,
      "ARRIVALTIME": "20251204232400"
    },
    {
      "SEQ": 237,
      "BEFORE_NODE": 237.0,
      "AFTER_NODE": 238.0,
      "BEFORE_LAT": 30.13414,
      "BEFORE_LON": 122.2151,
      "AFTER_LAT": 30.131941,
      "AFTER_LON": 122.21599,
      "SOG": 0.6,
      "MOVINGTIME": 1620.0,
      "ARRIVALTIME": "20251204235100"
    },
    {
      "SEQ": 238,
      "BEFORE_NODE": 238.0,
      "AFTER_NODE": 239.0,
      "BEFORE_LAT": 30.131941,
      "BEFORE_LON": 122.21599,
      "AFTER_LAT": 30.131184,
      "AFTER_LON": 122.21572,
      "SOG": 0.5,
      "MOVINGTIME": 1980.0,
      "ARRIVALTIME": "20251205002400"
    },
    {
      "SEQ": 239,
      "BEFORE_NODE": 239.0,
      "AFTER_NODE": 240.0,
      "BEFORE_LAT": 30.131184,
      "BEFORE_LON": 122.21572,
      "AFTER_LAT": 30.128269,
      "AFTER_LON": 122.21622,
      "SOG": 1.3,
      "MOVINGTIME": 1740.0,
      "ARRIVALTIME": "20251205005300"
    },
    {
      "SEQ": 240,
      "BEFORE_NODE": 240.0,
      "AFTER_NODE": 241.0,
      "BEFORE_LAT": 30.128269,
      "BEFORE_LON": 122.21622,
      "AFTER_LAT": 30.132793,
      "AFTER_LON": 122.21369,
      "SOG": 0.8,
      "MOVINGTIME": 1860.0,
      "ARRIVALTIME": "20251205012400"
    },
    {
      "SEQ": 241,
      "BEFORE_NODE": 241.0,
      "AFTER_NODE": 242.0,
      "BEFORE_LAT": 30.132793,
      "BEFORE_LON": 122.21369,
      "AFTER_LAT": 30.128901,
      "AFTER_LON": 122.21532,
      "SOG": 0.5,
      "MOVINGTIME": 1980.0,
      "ARRIVALTIME": "20251205015700"
    },
    {
      "SEQ": 242,
      "BEFORE_NODE": 242.0,
      "AFTER_NODE": 243.0,
      "BEFORE_LAT": 30.128901,
      "BEFORE_LON": 122.21532,
      "AFTER_LAT": 30.118998,
      "AFTER_LON": 122.20948,
      "SOG": 5,
      "MOVINGTIME": 1680.0,
      "ARRIVALTIME": "20251205022500"
    },
    {
      "SEQ": 243,
      "BEFORE_NODE": 243.0,
      "AFTER_NODE": 244.0,
      "BEFORE_LAT": 30.118998,
      "BEFORE_LON": 122.20948,
      "AFTER_LAT": 30.116367,
      "AFTER_LON": 122.17652,
      "SOG": 0.1,
      "MOVINGTIME": 1440.0,
      "ARRIVALTIME": "20251205024900"
    },
    {
      "SEQ": 244,
      "BEFORE_NODE": 244.0,
      "AFTER_NODE": 245.0,
      "BEFORE_LAT": 30.116367,
      "BEFORE_LON": 122.17652,
      "AFTER_LAT": 30.116413,
      "AFTER_LON": 122.17659,
      "SOG": 0.1,
      "MOVINGTIME": 1860.0,
      "ARRIVALTIME": "20251205032000"
    },
    {
      "SEQ": 245,
      "BEFORE_NODE": 245.0,
      "AFTER_NODE": 246.0,
      "BEFORE_LAT": 30.116413,
      "BEFORE_LON": 122.17659,
      "AFTER_LAT": 30.116369,
      "AFTER_LON": 122.17654,
      "SOG": 0,
      "MOVINGTIME": 1680.0,
      "ARRIVALTIME": "20251205034800"
    },
    {
      "SEQ": 246,
      "BEFORE_NODE": 246.0,
      "AFTER_NODE": 247.0,
      "BEFORE_LAT": 30.116369,
      "BEFORE_LON": 122.17654,
      "AFTER_LAT": 30.116367,
      "AFTER_LON": 122.1766,
      "SOG": 0.1,
      "MOVINGTIME": 2160.0,
      "ARRIVALTIME": "20251205042400"
    },
    {
      "SEQ": 247,
      "BEFORE_NODE": 247.0,
      "AFTER_NODE": 248.0,
      "BEFORE_LAT": 30.116367,
      "BEFORE_LON": 122.1766,
      "AFTER_LAT": 30.116426,
      "AFTER_LON": 122.1766,
      "SOG": 0,
      "MOVINGTIME": 1860.0,
      "ARRIVALTIME": "20251205045500"
    },
    {
      "SEQ": 248,
      "BEFORE_NODE": 248.0,
      "AFTER_NODE": 249.0,
      "BEFORE_LAT": 30.116426,
      "BEFORE_LON": 122.1766,
      "AFTER_LAT": 30.116383,
      "AFTER_LON": 122.17659,
      "SOG": 0,
      "MOVINGTIME": 1620.0,
      "ARRIVALTIME": "20251205052200"
    },
    {
      "SEQ": 249,
      "BEFORE_NODE": 249.0,
      "AFTER_NODE": 250.0,
      "BEFORE_LAT": 30.116383,
      "BEFORE_LON": 122.17659,
      "AFTER_LAT": 30.116381,
      "AFTER_LON": 122.17659,
      "SOG": 0,
      "MOVINGTIME": 1740.0,
      "ARRIVALTIME": "20251205055100"
    },
    {
      "SEQ": 250,
      "BEFORE_NODE": 250.0,
      "AFTER_NODE": 251.0,
      "BEFORE_LAT": 30.116381,
      "BEFORE_LON": 122.17659,
      "AFTER_LAT": 30.116409,
      "AFTER_LON": 122.17654,
      "SOG": 0.1,
      "MOVINGTIME": 3840.0,
      "ARRIVALTIME": "20251205065500"
    },
    {
      "SEQ": 251,
      "BEFORE_NODE": 251.0,
      "AFTER_NODE": 252.0,
      "BEFORE_LAT": 30.116409,
      "BEFORE_LON": 122.17654,
      "AFTER_LAT": 30.116383,
      "AFTER_LON": 122.17654,
      "SOG": 0.2,
      "MOVINGTIME": 1620.0,
      "ARRIVALTIME": "20251205072200"
    },
    {
      "SEQ": 252,
      "BEFORE_NODE": 252.0,
      "AFTER_NODE": 253.0,
      "BEFORE_LAT": 30.116383,
      "BEFORE_LON": 122.17654,
      "AFTER_LAT": 30.116327,
      "AFTER_LON": 122.17663,
      "SOG": 0.2,
      "MOVINGTIME": 3900.0,
      "ARRIVALTIME": "20251205082700"
    },
    {
      "SEQ": 253,
      "BEFORE_NODE": 253.0,
      "AFTER_NODE": 254.0,
      "BEFORE_LAT": 30.116327,
      "BEFORE_LON": 122.17663,
      "AFTER_LAT": 30.116413,
      "AFTER_LON": 122.17657,
      "SOG": 0.1,
      "MOVINGTIME": 3420.0,
      "ARRIVALTIME": "20251205092400"
    },
    {
      "SEQ": 254,
      "BEFORE_NODE": 254.0,
      "AFTER_NODE": 255.0,
      "BEFORE_LAT": 30.116413,
      "BEFORE_LON": 122.17657,
      "AFTER_LAT": 30.116377,
      "AFTER_LON": 122.17657,
      "SOG": 0.1,
      "MOVINGTIME": 3780.0,
      "ARRIVALTIME": "20251205102700"
    },
    {
      "SEQ": 255,
      "BEFORE_NODE": 255.0,
      "AFTER_NODE": 256.0,
      "BEFORE_LAT": 30.116377,
      "BEFORE_LON": 122.17657,
      "AFTER_LAT": 30.119164,
      "AFTER_LON": 122.17528,
      "SOG": 1.8,
      "MOVINGTIME": 1620.0,
      "ARRIVALTIME": "20251205105400"
    },
    {
      "SEQ": 256,
      "BEFORE_NODE": 256.0,
      "AFTER_NODE": 257.0,
      "BEFORE_LAT": 30.119164,
      "BEFORE_LON": 122.17528,
      "AFTER_LAT": 30.129713,
      "AFTER_LON": 122.18931,
      "SOG": 1.1,
      "MOVINGTIME": 1740.0,
      "ARRIVALTIME": "20251205112300"
    },
    {
      "SEQ": 257,
      "BEFORE_NODE": 257.0,
      "AFTER_NODE": 258.0,
      "BEFORE_LAT": 30.129713,
      "BEFORE_LON": 122.18931,
      "AFTER_LAT": 30.124113,
      "AFTER_LON": 122.18424,
      "SOG": 4.4,
      "MOVINGTIME": 1860.0,
      "ARRIVALTIME": "20251205115400"
    },
    {
      "SEQ": 258,
      "BEFORE_NODE": 258.0,
      "AFTER_NODE": 259.0,
      "BEFORE_LAT": 30.124113,
      "BEFORE_LON": 122.18424,
      "AFTER_LAT": 30.116507,
      "AFTER_LON": 122.17608,
      "SOG": 0.1,
      "MOVINGTIME": 1680.0,
      "ARRIVALTIME": "20251205122200"
    },
    {
      "SEQ": 259,
      "BEFORE_NODE": 259.0,
      "AFTER_NODE": 260.0,
      "BEFORE_LAT": 30.116507,
      "BEFORE_LON": 122.17608,
      "AFTER_LAT": 30.11628,
      "AFTER_LON": 122.17612,
      "SOG": 0,
      "MOVINGTIME": 1560.0,
      "ARRIVALTIME": "20251205124800"
    },
    {
      "SEQ": 260,
      "BEFORE_NODE": 260.0,
      "AFTER_NODE": 261.0,
      "BEFORE_LAT": 30.11628,
      "BEFORE_LON": 122.17612,
      "AFTER_LAT": 30.116261,
      "AFTER_LON": 122.17609,
      "SOG": 0,
      "MOVINGTIME": 2184.0,
      "ARRIVALTIME": "20251205132424"
    },
    {
      "SEQ": 261,
      "BEFORE_NODE": 261.0,
      "AFTER_NODE": 262.0,
      "BEFORE_LAT": 30.116261,
      "BEFORE_LON": 122.17609,
      "AFTER_LAT": 30.116274,
      "AFTER_LON": 122.17609,
      "SOG": 0.1,
      "MOVINGTIME": 1656.0,
      "ARRIVALTIME": "20251205135200"
    },
    {
      "SEQ": 262,
      "BEFORE_NODE": 262.0,
      "AFTER_NODE": 263.0,
      "BEFORE_LAT": 30.116274,
      "BEFORE_LON": 122.17609,
      "AFTER_LAT": 30.116253,
      "AFTER_LON": 122.17608,
      "SOG": 0.2,
      "MOVINGTIME": 1620.0,
      "ARRIVALTIME": "20251205141900"
    },
    {
      "SEQ": 263,
      "BEFORE_NODE": 263.0,
      "AFTER_NODE": 264.0,
      "BEFORE_LAT": 30.116253,
      "BEFORE_LON": 122.17608,
      "AFTER_LAT": 30.11627,
      "AFTER_LON": 122.17611,
      "SOG": 0,
      "MOVINGTIME": 2100.0,
      "ARRIVALTIME": "20251205145400"
    },
    {
      "SEQ": 264,
      "BEFORE_NODE": 264.0,
      "AFTER_NODE": 265.0,
      "BEFORE_LAT": 30.11627,
      "BEFORE_LON": 122.17611,
      "AFTER_LAT": 30.116283,
      "AFTER_LON": 122.17612,
      "SOG": 0,
      "MOVINGTIME": 1860.0,
      "ARRIVALTIME": "20251205152500"
    },
    {
      "SEQ": 265,
      "BEFORE_NODE": 265.0,
      "AFTER_NODE": 266.0,
      "BEFORE_LAT": 30.116283,
      "BEFORE_LON": 122.17612,
      "AFTER_LAT": 30.116266,
      "AFTER_LON": 122.17611,
      "SOG": 0,
      "MOVINGTIME": 1860.0,
      "ARRIVALTIME": "20251205155600"
    },
    {
      "SEQ": 266,
      "BEFORE_NODE": 266.0,
      "AFTER_NODE": 267.0,
      "BEFORE_LAT": 30.116266,
      "BEFORE_LON": 122.17611,
      "AFTER_LAT": 30.116293,
      "AFTER_LON": 122.17612,
      "SOG": 0,
      "MOVINGTIME": 1380.0,
      "ARRIVALTIME": "20251205161900"
    },
    {
      "SEQ": 267,
      "BEFORE_NODE": 267.0,
      "AFTER_NODE": 268.0,
      "BEFORE_LAT": 30.116293,
      "BEFORE_LON": 122.17612,
      "AFTER_LAT": 30.116266,
      "AFTER_LON": 122.17611,
      "SOG": 0.1,
      "MOVINGTIME": 2160.0,
      "ARRIVALTIME": "20251205165500"
    },
    {
      "SEQ": 268,
      "BEFORE_NODE": 268.0,
      "AFTER_NODE": 269.0,
      "BEFORE_LAT": 30.116266,
      "BEFORE_LON": 122.17611,
      "AFTER_LAT": 30.116293,
      "AFTER_LON": 122.17611,
      "SOG": 0.2,
      "MOVINGTIME": 1500.0,
      "ARRIVALTIME": "20251205172000"
    },
    {
      "SEQ": 269,
      "BEFORE_NODE": 269.0,
      "AFTER_NODE": 270.0,
      "BEFORE_LAT": 30.116293,
      "BEFORE_LON": 122.17611,
      "AFTER_LAT": 30.116276,
      "AFTER_LON": 122.17609,
      "SOG": 0.1,
      "MOVINGTIME": 1740.0,
      "ARRIVALTIME": "20251205174900"
    },
    {
      "SEQ": 270,
      "BEFORE_NODE": 270.0,
      "AFTER_NODE": 271.0,
      "BEFORE_LAT": 30.116276,
      "BEFORE_LON": 122.17609,
      "AFTER_LAT": 30.116249,
      "AFTER_LON": 122.17611,
      "SOG": 0,
      "MOVINGTIME": 1920.0,
      "ARRIVALTIME": "20251205182100"
    },
    {
      "SEQ": 271,
      "BEFORE_NODE": 271.0,
      "AFTER_NODE": 272.0,
      "BEFORE_LAT": 30.116249,
      "BEFORE_LON": 122.17611,
      "AFTER_LAT": 30.116314,
      "AFTER_LON": 122.17611,
      "SOG": 0,
      "MOVINGTIME": 2040.0,
      "ARRIVALTIME": "20251205185500"
    },
    {
      "SEQ": 272,
      "BEFORE_NODE": 272.0,
      "AFTER_NODE": 273.0,
      "BEFORE_LAT": 30.116314,
      "BEFORE_LON": 122.17611,
      "AFTER_LAT": 30.116274,
      "AFTER_LON": 122.17611,
      "SOG": 0.1,
      "MOVINGTIME": 2139.0,
      "ARRIVALTIME": "20251205193039"
    },
    {
      "SEQ": 273,
      "BEFORE_NODE": 273.0,
      "AFTER_NODE": 274.0,
      "BEFORE_LAT": 30.116274,
      "BEFORE_LON": 122.17611,
      "AFTER_LAT": 30.116213,
      "AFTER_LON": 122.17613,
      "SOG": 0.6,
      "MOVINGTIME": 1101.0,
      "ARRIVALTIME": "20251205194900"
    },
    {
      "SEQ": 274,
      "BEFORE_NODE": 274.0,
      "AFTER_NODE": 275.0,
      "BEFORE_LAT": 30.116213,
      "BEFORE_LON": 122.17613,
      "AFTER_LAT": 30.116306,
      "AFTER_LON": 122.17611,
      "SOG": 0,
      "MOVINGTIME": 2340.0,
      "ARRIVALTIME": "20251205202800"
    },
    {
      "SEQ": 275,
      "BEFORE_NODE": 275.0,
      "AFTER_NODE": 276.0,
      "BEFORE_LAT": 30.116306,
      "BEFORE_LON": 122.17611,
      "AFTER_LAT": 30.116287,
      "AFTER_LON": 122.17609,
      "SOG": 0,
      "MOVINGTIME": 1440.0,
      "ARRIVALTIME": "20251205205200"
    },
    {
      "SEQ": 276,
      "BEFORE_NODE": 276.0,
      "AFTER_NODE": 277.0,
      "BEFORE_LAT": 30.116287,
      "BEFORE_LON": 122.17609,
      "AFTER_LAT": 30.116262,
      "AFTER_LON": 122.17613,
      "SOG": 0.2,
      "MOVINGTIME": 1800.0,
      "ARRIVALTIME": "20251205212200"
    },
    {
      "SEQ": 277,
      "BEFORE_NODE": 277.0,
      "AFTER_NODE": 278.0,
      "BEFORE_LAT": 30.116262,
      "BEFORE_LON": 122.17613,
      "AFTER_LAT": 30.11628,
      "AFTER_LON": 122.17613,
      "SOG": 0.1,
      "MOVINGTIME": 1980.0,
      "ARRIVALTIME": "20251205215500"
    },
    {
      "SEQ": 278,
      "BEFORE_NODE": 278.0,
      "AFTER_NODE": 279.0,
      "BEFORE_LAT": 30.11628,
      "BEFORE_LON": 122.17613,
      "AFTER_LAT": 30.116314,
      "AFTER_LON": 122.17615,
      "SOG": 0,
      "MOVINGTIME": 1740.0,
      "ARRIVALTIME": "20251205222400"
    },
    {
      "SEQ": 279,
      "BEFORE_NODE": 279.0,
      "AFTER_NODE": 280.0,
      "BEFORE_LAT": 30.116314,
      "BEFORE_LON": 122.17615,
      "AFTER_LAT": 30.116266,
      "AFTER_LON": 122.17611,
      "SOG": 0.2,
      "MOVINGTIME": 1620.0,
      "ARRIVALTIME": "20251205225100"
    },
    {
      "SEQ": 280,
      "BEFORE_NODE": 280.0,
      "AFTER_NODE": 281.0,
      "BEFORE_LAT": 30.116266,
      "BEFORE_LON": 122.17611,
      "AFTER_LAT": 30.116274,
      "AFTER_LON": 122.17611,
      "SOG": 0,
      "MOVINGTIME": 2220.0,
      "ARRIVALTIME": "20251205232800"
    },
    {
      "SEQ": 281,
      "BEFORE_NODE": 281.0,
      "AFTER_NODE": 282.0,
      "BEFORE_LAT": 30.116274,
      "BEFORE_LON": 122.17611,
      "AFTER_LAT": 30.116297,
      "AFTER_LON": 122.17612,
      "SOG": 0,
      "MOVINGTIME": 3240.0,
      "ARRIVALTIME": "20251206002200"
    },
    {
      "SEQ": 282,
      "BEFORE_NODE": 282.0,
      "AFTER_NODE": 283.0,
      "BEFORE_LAT": 30.116297,
      "BEFORE_LON": 122.17612,
      "AFTER_LAT": 30.116301,
      "AFTER_LON": 122.17609,
      "SOG": 0.1,
      "MOVINGTIME": 1800.0,
      "ARRIVALTIME": "20251206005200"
    },
    {
      "SEQ": 283,
      "BEFORE_NODE": 283.0,
      "AFTER_NODE": 284.0,
      "BEFORE_LAT": 30.116301,
      "BEFORE_LON": 122.17609,
      "AFTER_LAT": 30.116261,
      "AFTER_LON": 122.17611,
      "SOG": 0,
      "MOVINGTIME": 2874.0,
      "ARRIVALTIME": "20251206013954"
    },
    {
      "SEQ": 284,
      "BEFORE_NODE": 284.0,
      "AFTER_NODE": 285.0,
      "BEFORE_LAT": 30.116261,
      "BEFORE_LON": 122.17611,
      "AFTER_LAT": 30.116274,
      "AFTER_LON": 122.17611,
      "SOG": 0.1,
      "MOVINGTIME": 786.0,
      "ARRIVALTIME": "20251206015300"
    },
    {
      "SEQ": 285,
      "BEFORE_NODE": 285.0,
      "AFTER_NODE": 286.0,
      "BEFORE_LAT": 30.116274,
      "BEFORE_LON": 122.17611,
      "AFTER_LAT": 30.11628,
      "AFTER_LON": 122.17609,
      "SOG": 0,
      "MOVINGTIME": 1860.0,
      "ARRIVALTIME": "20251206022400"
    },
    {
      "SEQ": 286,
      "BEFORE_NODE": 286.0,
      "AFTER_NODE": 287.0,
      "BEFORE_LAT": 30.11628,
      "BEFORE_LON": 122.17609,
      "AFTER_LAT": 30.116236,
      "AFTER_LON": 122.17615,
      "SOG": 0,
      "MOVINGTIME": 1860.0,
      "ARRIVALTIME": "20251206025500"
    },
    {
      "SEQ": 287,
      "BEFORE_NODE": 287.0,
      "AFTER_NODE": 288.0,
      "BEFORE_LAT": 30.116236,
      "BEFORE_LON": 122.17615,
      "AFTER_LAT": 30.116257,
      "AFTER_LON": 122.17608,
      "SOG": 0.1,
      "MOVINGTIME": 1800.0,
      "ARRIVALTIME": "20251206032500"
    },
    {
      "SEQ": 288,
      "BEFORE_NODE": 288.0,
      "AFTER_NODE": 289.0,
      "BEFORE_LAT": 30.116257,
      "BEFORE_LON": 122.17608,
      "AFTER_LAT": 30.116266,
      "AFTER_LON": 122.17608,
      "SOG": 0.1,
      "MOVINGTIME": 1560.0,
      "ARRIVALTIME": "20251206035100"
    },
    {
      "SEQ": 289,
      "BEFORE_NODE": 289.0,
      "AFTER_NODE": 290.0,
      "BEFORE_LAT": 30.116266,
      "BEFORE_LON": 122.17608,
      "AFTER_LAT": 30.116274,
      "AFTER_LON": 122.17616,
      "SOG": 0,
      "MOVINGTIME": 2220.0,
      "ARRIVALTIME": "20251206042800"
    },
    {
      "SEQ": 290,
      "BEFORE_NODE": 290.0,
      "AFTER_NODE": 291.0,
      "BEFORE_LAT": 30.116274,
      "BEFORE_LON": 122.17616,
      "AFTER_LAT": 30.116329,
      "AFTER_LON": 122.17609,
      "SOG": 0,
      "MOVINGTIME": 1620.0,
      "ARRIVALTIME": "20251206045500"
    },
    {
      "SEQ": 291,
      "BEFORE_NODE": 291.0,
      "AFTER_NODE": 292.0,
      "BEFORE_LAT": 30.116329,
      "BEFORE_LON": 122.17609,
      "AFTER_LAT": 30.116236,
      "AFTER_LON": 122.17612,
      "SOG": 0,
      "MOVINGTIME": 1800.0,
      "ARRIVALTIME": "20251206052500"
    },
    {
      "SEQ": 292,
      "BEFORE_NODE": 292.0,
      "AFTER_NODE": 293.0,
      "BEFORE_LAT": 30.116236,
      "BEFORE_LON": 122.17612,
      "AFTER_LAT": 30.116274,
      "AFTER_LON": 122.17611,
      "SOG": 0,
      "MOVINGTIME": 1980.0,
      "ARRIVALTIME": "20251206055800"
    },
    {
      "SEQ": 293,
      "BEFORE_NODE": 293.0,
      "AFTER_NODE": 294.0,
      "BEFORE_LAT": 30.116274,
      "BEFORE_LON": 122.17611,
      "AFTER_LAT": 30.116323,
      "AFTER_LON": 122.17606,
      "SOG": 0,
      "MOVINGTIME": 1620.0,
      "ARRIVALTIME": "20251206062500"
    },
    {
      "SEQ": 294,
      "BEFORE_NODE": 294.0,
      "AFTER_NODE": 295.0,
      "BEFORE_LAT": 30.116323,
      "BEFORE_LON": 122.17606,
      "AFTER_LAT": 30.116261,
      "AFTER_LON": 122.17613,
      "SOG": 0,
      "MOVINGTIME": 1740.0,
      "ARRIVALTIME": "20251206065400"
    },
    {
      "SEQ": 295,
      "BEFORE_NODE": 295.0,
      "AFTER_NODE": 296.0,
      "BEFORE_LAT": 30.116261,
      "BEFORE_LON": 122.17613,
      "AFTER_LAT": 30.116333,
      "AFTER_LON": 122.17603,
      "SOG": 0.1,
      "MOVINGTIME": 1860.0,
      "ARRIVALTIME": "20251206072500"
    },
    {
      "SEQ": 296,
      "BEFORE_NODE": 296.0,
      "AFTER_NODE": 297.0,
      "BEFORE_LAT": 30.116333,
      "BEFORE_LON": 122.17603,
      "AFTER_LAT": 30.116266,
      "AFTER_LON": 122.17613,
      "SOG": 0.1,
      "MOVINGTIME": 2329.0,
      "ARRIVALTIME": "20251206080349"
    },
    {
      "SEQ": 297,
      "BEFORE_NODE": 297.0,
      "AFTER_NODE": 298.0,
      "BEFORE_LAT": 30.116266,
      "BEFORE_LON": 122.17613,
      "AFTER_LAT": 30.116247,
      "AFTER_LON": 122.17609,
      "SOG": 0,
      "MOVINGTIME": 1451.0,
      "ARRIVALTIME": "20251206082800"
    },
    {
      "SEQ": 298,
      "BEFORE_NODE": 298.0,
      "AFTER_NODE": 299.0,
      "BEFORE_LAT": 30.116247,
      "BEFORE_LON": 122.17609,
      "AFTER_LAT": 30.116293,
      "AFTER_LON": 122.17609,
      "SOG": 0,
      "MOVINGTIME": 1560.0,
      "ARRIVALTIME": "20251206085400"
    },
    {
      "SEQ": 299,
      "BEFORE_NODE": 299.0,
      "AFTER_NODE": 300.0,
      "BEFORE_LAT": 30.116293,
      "BEFORE_LON": 122.17609,
      "AFTER_LAT": 30.116287,
      "AFTER_LON": 122.17606,
      "SOG": 0,
      "MOVINGTIME": 1920.0,
      "ARRIVALTIME": "20251206092600"
    },
    {
      "SEQ": 300,
      "BEFORE_NODE": 300.0,
      "AFTER_NODE": 301.0,
      "BEFORE_LAT": 30.116287,
      "BEFORE_LON": 122.17606,
      "AFTER_LAT": 30.116306,
      "AFTER_LON": 122.17609,
      "SOG": 0.1,
      "MOVINGTIME": 1740.0,
      "ARRIVALTIME": "20251206095500"
    },
    {
      "SEQ": 301,
      "BEFORE_NODE": 301.0,
      "AFTER_NODE": 302.0,
      "BEFORE_LAT": 30.116306,
      "BEFORE_LON": 122.17609,
      "AFTER_LAT": 30.116261,
      "AFTER_LON": 122.17608,
      "SOG": 0.1,
      "MOVINGTIME": 1980.0,
      "ARRIVALTIME": "20251206102800"
    },
    {
      "SEQ": 302,
      "BEFORE_NODE": 302.0,
      "AFTER_NODE": 303.0,
      "BEFORE_LAT": 30.116261,
      "BEFORE_LON": 122.17608,
      "AFTER_LAT": 30.116287,
      "AFTER_LON": 122.17612,
      "SOG": 0,
      "MOVINGTIME": 1560.0,
      "ARRIVALTIME": "20251206105400"
    },
    {
      "SEQ": 303,
      "BEFORE_NODE": 303.0,
      "AFTER_NODE": 304.0,
      "BEFORE_LAT": 30.116287,
      "BEFORE_LON": 122.17612,
      "AFTER_LAT": 30.11624,
      "AFTER_LON": 122.17611,
      "SOG": 0,
      "MOVINGTIME": 1620.0,
      "ARRIVALTIME": "20251206112100"
    },
    {
      "SEQ": 304,
      "BEFORE_NODE": 304.0,
      "AFTER_NODE": 305.0,
      "BEFORE_LAT": 30.11624,
      "BEFORE_LON": 122.17611,
      "AFTER_LAT": 30.116194,
      "AFTER_LON": 122.17604,
      "SOG": 0,
      "MOVINGTIME": 1860.0,
      "ARRIVALTIME": "20251206115200"
    },
    {
      "SEQ": 305,
      "BEFORE_NODE": 305.0,
      "AFTER_NODE": 306.0,
      "BEFORE_LAT": 30.116194,
      "BEFORE_LON": 122.17604,
      "AFTER_LAT": 30.11624,
      "AFTER_LON": 122.17609,
      "SOG": 0.2,
      "MOVINGTIME": 2160.0,
      "ARRIVALTIME": "20251206122800"
    },
    {
      "SEQ": 306,
      "BEFORE_NODE": 306.0,
      "AFTER_NODE": 307.0,
      "BEFORE_LAT": 30.11624,
      "BEFORE_LON": 122.17609,
      "AFTER_LAT": 30.116287,
      "AFTER_LON": 122.17611,
      "SOG": 0,
      "MOVINGTIME": 1560.0,
      "ARRIVALTIME": "20251206125400"
    },
    {
      "SEQ": 307,
      "BEFORE_NODE": 307.0,
      "AFTER_NODE": 308.0,
      "BEFORE_LAT": 30.116287,
      "BEFORE_LON": 122.17611,
      "AFTER_LAT": 30.116253,
      "AFTER_LON": 122.17612,
      "SOG": 0,
      "MOVINGTIME": 1860.0,
      "ARRIVALTIME": "20251206132500"
    },
    {
      "SEQ": 308,
      "BEFORE_NODE": 308.0,
      "AFTER_NODE": 309.0,
      "BEFORE_LAT": 30.116253,
      "BEFORE_LON": 122.17612,
      "AFTER_LAT": 30.11628,
      "AFTER_LON": 122.17612,
      "SOG": 0,
      "MOVINGTIME": 1440.0,
      "ARRIVALTIME": "20251206134900"
    }
  ]
}