{
  "mmsi": "477871200",
  "PredResult": [
    {
      "SEQ": 0,
      "BEFORE_NODE": 0.0,
      "AFTER_NODE": 1.0,
      "BEFORE_LAT": 23.325171,
      "BEFORE_LON": -17.006117,
      "AFTER_LAT": 23.192299,
      "AFTER_LON": -17.051516,
      "SOG": 15.8,
      "MOVINGTIME": 1860.0,
      "ARRIVALTIME": "20251129151400"
    },
    {
      "SEQ": 1,
      "BEFORE_NODE": 1.0,
      "AFTER_NODE": 2.0,
      "BEFORE_LAT": 23.192299,
      "BEFORE_LON": -17.051516,
      "AFTER_LAT": 23.107698,
      "AFTER_LON": -17.083477,
      "SOG": 15.8,
      "MOVINGTIME": 1740.0,
      "ARRIVALTIME": "20251129154300"
    },
    {
      "SEQ": 2,
      "BEFORE_NODE": 2.0,
      "AFTER_NODE": 3.0,
      "BEFORE_LAT": 23.107698,
      "BEFORE_LON": -17.083477,
      "AFTER_LAT": 22.976061,
      "AFTER_LON": -17.129398,
      "SOG": 15.1,
      "MOVINGTIME": 1860.0,
      "ARRIVALTIME": "20251129161400"
    },
    {
      "SEQ": 3,
      "BEFORE_NODE": 3.0,
      "AFTER_NODE": 4.0,
      "BEFORE_LAT": 22.976061,
      "BEFORE_LON": -17.129398,
      "AFTER_LAT": 22.849354,
      "AFTER_LON": -17.17194,
      "SOG": 15.6,
      "MOVINGTIME": 1800.0,
      "ARRIVALTIME": "20251129164400"
    },
    {
      "SEQ": 4,
      "BEFORE_NODE": 4.0,
      "AFTER_NODE": 5.0,
      "BEFORE_LAT": 22.849354,
      "BEFORE_LON": -17.17194,
      "AFTER_LAT": 22.73564,
      "AFTER_LON": -17.214134,
      "SOG": 15.3,
      "MOVINGTIME": 1800.0,
      "ARRIVALTIME": "20251129171400"
    },
    {
      "SEQ": 5,
      "BEFORE_NODE": 5.0,
      "AFTER_NODE": 6.0,
      "BEFORE_LAT": 22.73564,
      "BEFORE_LON": -17.214134,
      "AFTER_LAT": 22.607162,
      "AFTER_LON": -17.252043,
      "SOG": 15.5,
      "MOVINGTIME": 1800.0,
      "ARRIVALTIME": "20251129174400"
    },
    {
      "SEQ": 6,
      "BEFORE_NODE": 6.0,
      "AFTER_NODE": 7.0,
      "BEFORE_LAT": 22.607162,
      "BEFORE_LON": -17.252043,
      "AFTER_LAT": 22.473907,
      "AFTER_LON": -17.289537,
      "SOG": 16,
      "MOVINGTIME": 1740.0,
      "ARRIVALTIME": "20251129181300"
    },
    {
      "SEQ": 7,
      "BEFORE_NODE": 7.0,
      "AFTER_NODE": 8.0,
      "BEFORE_LAT": 22.473907,
      "BEFORE_LON": -17.289537,
      "AFTER_LAT": 22.340504,
      "AFTER_LON": -17.335518,
      "SOG": 15.8,
      "MOVINGTIME": 1860.0,
      "ARRIVALTIME": "20251129184400"
    },
    {
      "SEQ": 8,
      "BEFORE_NODE": 8.0,
      "AFTER_NODE": 9.0,
      "BEFORE_LAT": 22.340504,
      "BEFORE_LON": -17.335518,
      "AFTER_LAT": 22.213537,
      "AFTER_LON": -17.35746,
      "SOG": 15.8,
      "MOVINGTIME": 1680.0,
      "ARRIVALTIME": "20251129191200"
    },
    {
      "SEQ": 9,
      "BEFORE_NODE": 9.0,
      "AFTER_NODE": 10.0,
      "BEFORE_LAT": 22.213537,
      "BEFORE_LON": -17.35746,
      "AFTER_LAT": 22.080126,
      "AFTER_LON": -17.400513,
      "SOG": 15.6,
      "MOVINGTIME": 1920.0,
      "ARRIVALTIME": "20251129194400"
    },
    {
      "SEQ": 10,
      "BEFORE_NODE": 10.0,
      "AFTER_NODE": 11.0,
      "BEFORE_LAT": 22.080126,
      "BEFORE_LON": -17.400513,
      "AFTER_LAT": 21.956205,
      "AFTER_LON": -17.446762,
      "SOG": 15.6,
      "MOVINGTIME": 1800.0,
      "ARRIVALTIME": "20251129201400"
    },
    {
      "SEQ": 11,
      "BEFORE_NODE": 11.0,
      "AFTER_NODE": 12.0,
      "BEFORE_LAT": 21.956205,
      "BEFORE_LON": -17.446762,
      "AFTER_LAT": 21.827984,
      "AFTER_LON": -17.494043,
      "SOG": 15.5,
      "MOVINGTIME": 1860.0,
      "ARRIVALTIME": "20251129204500"
    },
    {
      "SEQ": 12,
      "BEFORE_NODE": 12.0,
      "AFTER_NODE": 13.0,
      "BEFORE_LAT": 21.827984,
      "BEFORE_LON": -17.494043,
      "AFTER_LAT": 21.715706,
      "AFTER_LON": -17.537157,
      "SOG": 15.5,
      "MOVINGTIME": 1740.0,
      "ARRIVALTIME": "20251129211400"
    },
    {
      "SEQ": 13,
      "BEFORE_NODE": 13.0,
      "AFTER_NODE": 14.0,
      "BEFORE_LAT": 21.715706,
      "BEFORE_LON": -17.537157,
      "AFTER_LAT": 21.583948,
      "AFTER_LON": -17.589458,
      "SOG": 15.6,
      "MOVINGTIME": 1920.0,
      "ARRIVALTIME": "20251129214600"
    },
    {
      "SEQ": 14,
      "BEFORE_NODE": 14.0,
      "AFTER_NODE": 15.0,
      "BEFORE_LAT": 21.583948,
      "BEFORE_LON": -17.589458,
      "AFTER_LAT": 21.448868,
      "AFTER_LON": -17.62553,
      "SOG": 15.6,
      "MOVINGTIME": 1800.0,
      "ARRIVALTIME": "20251129221600"
    },
    {
      "SEQ": 15,
      "BEFORE_NODE": 15.0,
      "AFTER_NODE": 16.0,
      "BEFORE_LAT": 21.448868,
      "BEFORE_LON": -17.62553,
      "AFTER_LAT": 21.320881,
      "AFTER_LON": -17.670214,
      "SOG": 15.8,
      "MOVINGTIME": 1680.0,
      "ARRIVALTIME": "20251129224400"
    },
    {
      "SEQ": 16,
      "BEFORE_NODE": 16.0,
      "AFTER_NODE": 17.0,
      "BEFORE_LAT": 21.320881,
      "BEFORE_LON": -17.670214,
      "AFTER_LAT": 21.188112,
      "AFTER_LON": -17.723631,
      "SOG": 16.2,
      "MOVINGTIME": 2220.0,
      "ARRIVALTIME": "20251129232100"
    },
    {
      "SEQ": 17,
      "BEFORE_NODE": 17.0,
      "AFTER_NODE": 18.0,
      "BEFORE_LAT": 21.188112,
      "BEFORE_LON": -17.723631,
      "AFTER_LAT": 21.037268,
      "AFTER_LON": -17.758169,
      "SOG": 15.6,
      "MOVINGTIME": 1980.0,
      "ARRIVALTIME": "20251129235400"
    },
    {
      "SEQ": 18,
      "BEFORE_NODE": 18.0,
      "AFTER_NODE": 19.0,
      "BEFORE_LAT": 21.037268,
      "BEFORE_LON": -17.758169,
      "AFTER_LAT": 20.892611,
      "AFTER_LON": -17.787407,
      "SOG": 15.8,
      "MOVINGTIME": 2100.0,
      "ARRIVALTIME": "20251130002900"
    },
    {
      "SEQ": 19,
      "BEFORE_NODE": 19.0,
      "AFTER_NODE": 20.0,
      "BEFORE_LAT": 20.892611,
      "BEFORE_LON": -17.787407,
      "AFTER_LAT": 20.804729,
      "AFTER_LON": -17.806015,
      "SOG": 15.5,
      "MOVINGTIME": 1500.0,
      "ARRIVALTIME": "20251130005400"
    },
    {
      "SEQ": 20,
      "BEFORE_NODE": 20.0,
      "AFTER_NODE": 21.0,
      "BEFORE_LAT": 20.804729,
      "BEFORE_LON": -17.806015,
      "AFTER_LAT": 20.685566,
      "AFTER_LON": -17.830702,
      "SOG": 15.3,
      "MOVINGTIME": 1680.0,
      "ARRIVALTIME": "20251130012200"
    },
    {
      "SEQ": 21,
      "BEFORE_NODE": 21.0,
      "AFTER_NODE": 22.0,
      "BEFORE_LAT": 20.685566,
      "BEFORE_LON": -17.830702,
      "AFTER_LAT": 20.52767,
      "AFTER_LON": -17.850313,
      "SOG": 15.6,
      "MOVINGTIME": 1740.0,
      "ARRIVALTIME": "20251130015100"
    },
    {
      "SEQ": 22,
      "BEFORE_NODE": 22.0,
      "AFTER_NODE": 23.0,
      "BEFORE_LAT": 20.52767,
      "BEFORE_LON": -17.850313,
      "AFTER_LAT": 20.418358,
      "AFTER_LON": -17.860554,
      "SOG": 15.8,
      "MOVINGTIME": 1860.0,
      "ARRIVALTIME": "20251130022200"
    },
    {
      "SEQ": 23,
      "BEFORE_NODE": 23.0,
      "AFTER_NODE": 24.0,
      "BEFORE_LAT": 20.418358,
      "BEFORE_LON": -17.860554,
      "AFTER_LAT": 20.258005,
      "AFTER_LON": -17.869913,
      "SOG": 15.8,
      "MOVINGTIME": 1860.0,
      "ARRIVALTIME": "20251130025300"
    },
    {
      "SEQ": 24,
      "BEFORE_NODE": 24.0,
      "AFTER_NODE": 25.0,
      "BEFORE_LAT": 20.258005,
      "BEFORE_LON": -17.869913,
      "AFTER_LAT": 20.160358,
      "AFTER_LON": -17.874945,
      "SOG": 15.3,
      "MOVINGTIME": 1740.0,
      "ARRIVALTIME": "20251130032200"
    },
    {
      "SEQ": 25,
      "BEFORE_NODE": 25.0,
      "AFTER_NODE": 26.0,
      "BEFORE_LAT": 20.160358,
      "BEFORE_LON": -17.874945,
      "AFTER_LAT": 19.907314,
      "AFTER_LON": -17.880453,
      "SOG": 15.3,
      "MOVINGTIME": 3180.0,
      "ARRIVALTIME": "20251130041500"
    },
    {
      "SEQ": 26,
      "BEFORE_NODE": 26.0,
      "AFTER_NODE": 27.0,
      "BEFORE_LAT": 19.907314,
      "BEFORE_LON": -17.880453,
      "AFTER_LAT": 19.802723,
      "AFTER_LON": -17.882858,
      "SOG": 15.3,
      "MOVINGTIME": 1800.0,
      "ARRIVALTIME": "20251130044500"
    },
    {
      "SEQ": 27,
      "BEFORE_NODE": 27.0,
      "AFTER_NODE": 28.0,
      "BEFORE_LAT": 19.802723,
      "BEFORE_LON": -17.882858,
      "AFTER_LAT": 19.670097,
      "AFTER_LON": -17.886705,
      "SOG": 15.1,
      "MOVINGTIME": 1740.0,
      "ARRIVALTIME": "20251130051400"
    },
    {
      "SEQ": 28,
      "BEFORE_NODE": 28.0,
      "AFTER_NODE": 29.0,
      "BEFORE_LAT": 19.670097,
      "BEFORE_LON": -17.886705,
      "AFTER_LAT": 19.529421,
      "AFTER_LON": -17.891638,
      "SOG": 15.1,
      "MOVINGTIME": 2040.0,
      "ARRIVALTIME": "20251130054800"
    },
    {
      "SEQ": 29,
      "BEFORE_NODE": 29.0,
      "AFTER_NODE": 30.0,
      "BEFORE_LAT": 19.529421,
      "BEFORE_LON": -17.891638,
      "AFTER_LAT": 19.280087,
      "AFTER_LON": -17.900549,
      "SOG": 15.1,
      "MOVINGTIME": 3360.0,
      "ARRIVALTIME": "20251130064400"
    },
    {
      "SEQ": 30,
      "BEFORE_NODE": 30.0,
      "AFTER_NODE": 31.0,
      "BEFORE_LAT": 19.280087,
      "BEFORE_LON": -17.900549,
      "AFTER_LAT": 19.132233,
      "AFTER_LON": -17.902927,
      "SOG": 14.6,
      "MOVINGTIME": 1920.0,
      "ARRIVALTIME": "20251130071600"
    },
    {
      "SEQ": 31,
      "BEFORE_NODE": 31.0,
      "AFTER_NODE": 32.0,
      "BEFORE_LAT": 19.132233,
      "BEFORE_LON": -17.902927,
      "AFTER_LAT": 19.020329,
      "AFTER_LON": -17.903099,
      "SOG": 14.6,
      "MOVINGTIME": 1680.0,
      "ARRIVALTIME": "20251130074400"
    },
    {
      "SEQ": 32,
      "BEFORE_NODE": 32.0,
      "AFTER_NODE": 33.0,
      "BEFORE_LAT": 19.020329,
      "BEFORE_LON": -17.903099,
      "AFTER_LAT": 18.926905,
      "AFTER_LON": -17.903906,
      "SOG": 14.8,
      "MOVINGTIME": 1860.0,
      "ARRIVALTIME": "20251130081500"
    },
    {
      "SEQ": 33,
      "BEFORE_NODE": 33.0,
      "AFTER_NODE": 34.0,
      "BEFORE_LAT": 18.926905,
      "BEFORE_LON": -17.903906,
      "AFTER_LAT": 18.790405,
      "AFTER_LON": -17.905643,
      "SOG": 15.1,
      "MOVINGTIME": 1680.0,
      "ARRIVALTIME": "20251130084300"
    },
    {
      "SEQ": 34,
      "BEFORE_NODE": 34.0,
      "AFTER_NODE": 35.0,
      "BEFORE_LAT": 18.790405,
      "BEFORE_LON": -17.905643,
      "AFTER_LAT": 18.700745,
      "AFTER_LON": -17.907198,
      "SOG": 14.8,
      "MOVINGTIME": 1920.0,
      "ARRIVALTIME": "20251130091500"
    },
    {
      "SEQ": 35,
      "BEFORE_NODE": 35.0,
      "AFTER_NODE": 36.0,
      "BEFORE_LAT": 18.700745,
      "BEFORE_LON": -17.907198,
      "AFTER_LAT": 18.523949,
      "AFTER_LON": -17.912464,
      "SOG": 14.6,
      "MOVINGTIME": 1740.0,
      "ARRIVALTIME": "20251130094400"
    },
    {
      "SEQ": 36,
      "BEFORE_NODE": 36.0,
      "AFTER_NODE": 37.0,
      "BEFORE_LAT": 18.523949,
      "BEFORE_LON": -17.912464,
      "AFTER_LAT": 18.418465,
      "AFTER_LON": -17.915016,
      "SOG": 14.5,
      "MOVINGTIME": 1440.0,
      "ARRIVALTIME": "20251130100800"
    },
    {
      "SEQ": 37,
      "BEFORE_NODE": 37.0,
      "AFTER_NODE": 38.0,
      "BEFORE_LAT": 18.418465,
      "BEFORE_LON": -17.915016,
      "AFTER_LAT": 18.345537,
      "AFTER_LON": -17.916674,
      "SOG": 14.6,
      "MOVINGTIME": 1500.0,
      "ARRIVALTIME": "20251130103300"
    },
    {
      "SEQ": 38,
      "BEFORE_NODE": 38.0,
      "AFTER_NODE": 39.0,
      "BEFORE_LAT": 18.345537,
      "BEFORE_LON": -17.916674,
      "AFTER_LAT": 17.817463,
      "AFTER_LON": -17.926027,
      "SOG": 15,
      "MOVINGTIME": 7680.0,
      "ARRIVALTIME": "20251130124100"
    },
    {
      "SEQ": 39,
      "BEFORE_NODE": 39.0,
      "AFTER_NODE": 40.0,
      "BEFORE_LAT": 17.817463,
      "BEFORE_LON": -17.926027,
      "AFTER_LAT": 17.576221,
      "AFTER_LON": -17.925974,
      "SOG": 15,
      "MOVINGTIME": 3780.0,
      "ARRIVALTIME": "20251130134400"
    },
    {
      "SEQ": 40,
      "BEFORE_NODE": 40.0,
      "AFTER_NODE": 41.0,
      "BEFORE_LAT": 17.576221,
      "BEFORE_LON": -17.925974,
      "AFTER_LAT": 17.446037,
      "AFTER_LON": -17.927067,
      "SOG": 15.1,
      "MOVINGTIME": 1620.0,
      "ARRIVALTIME": "20251130141100"
    },
    {
      "SEQ": 41,
      "BEFORE_NODE": 41.0,
      "AFTER_NODE": 42.0,
      "BEFORE_LAT": 17.446037,
      "BEFORE_LON": -17.927067,
      "AFTER_LAT": 17.339283,
      "AFTER_LON": -17.931702,
      "SOG": 15.3,
      "MOVINGTIME": 1260.0,
      "ARRIVALTIME": "20251130143200"
    },
    {
      "SEQ": 42,
      "BEFORE_NODE": 42.0,
      "AFTER_NODE": 43.0,
      "BEFORE_LAT": 17.339283,
      "BEFORE_LON": -17.931702,
      "AFTER_LAT": 17.168896,
      "AFTER_LON": -17.938013,
      "SOG": 15.1,
      "MOVINGTIME": 2340.0,
      "ARRIVALTIME": "20251130151100"
    },
    {
      "SEQ": 43,
      "BEFORE_NODE": 43.0,
      "AFTER_NODE": 44.0,
      "BEFORE_LAT": 17.168896,
      "BEFORE_LON": -17.938013,
      "AFTER_LAT": 17.035894,
      "AFTER_LON": -17.950991,
      "SOG": 15,
      "MOVINGTIME": 1920.0,
      "ARRIVALTIME": "20251130154300"
    },
    {
      "SEQ": 44,
      "BEFORE_NODE": 44.0,
      "AFTER_NODE": 45.0,
      "BEFORE_LAT": 17.035894,
      "BEFORE_LON": -17.950991,
      "AFTER_LAT": 16.901762,
      "AFTER_LON": -17.976381,
      "SOG": 14.8,
      "MOVINGTIME": 1800.0,
      "ARRIVALTIME": "20251130161300"
    },
    {
      "SEQ": 45,
      "BEFORE_NODE": 45.0,
      "AFTER_NODE": 46.0,
      "BEFORE_LAT": 16.901762,
      "BEFORE_LON": -17.976381,
      "AFTER_LAT": 16.781258,
      "AFTER_LON": -17.968918,
      "SOG": 15.3,
      "MOVINGTIME": 1860.0,
      "ARRIVALTIME": "20251130164400"
    },
    {
      "SEQ": 46,
      "BEFORE_NODE": 46.0,
      "AFTER_NODE": 47.0,
      "BEFORE_LAT": 16.781258,
      "BEFORE_LON": -17.968918,
      "AFTER_LAT": 16.680805,
      "AFTER_LON": -17.962385,
      "SOG": 15.3,
      "MOVINGTIME": 1740.0,
      "ARRIVALTIME": "20251130171300"
    },
    {
      "SEQ": 47,
      "BEFORE_NODE": 47.0,
      "AFTER_NODE": 48.0,
      "BEFORE_LAT": 16.680805,
      "BEFORE_LON": -17.962385,
      "AFTER_LAT": 16.517643,
      "AFTER_LON": -17.960871,
      "SOG": 15.3,
      "MOVINGTIME": 1740.0,
      "ARRIVALTIME": "20251130174200"
    },
    {
      "SEQ": 48,
      "BEFORE_NODE": 48.0,
      "AFTER_NODE": 49.0,
      "BEFORE_LAT": 16.517643,
      "BEFORE_LON": -17.960871,
      "AFTER_LAT": 16.28635,
      "AFTER_LON": -17.968752,
      "SOG": 15.3,
      "MOVINGTIME": 4140.0,
      "ARRIVALTIME": "20251130185100"
    },
    {
      "SEQ": 49,
      "BEFORE_NODE": 49.0,
      "AFTER_NODE": 50.0,
      "BEFORE_LAT": 16.28635,
      "BEFORE_LON": -17.968752,
      "AFTER_LAT": 16.102495,
      "AFTER_LON": -17.97447,
      "SOG": 15.1,
      "MOVINGTIME": 1800.0,
      "ARRIVALTIME": "20251130192100"
    },
    {
      "SEQ": 50,
      "BEFORE_NODE": 50.0,
      "AFTER_NODE": 51.0,
      "BEFORE_LAT": 16.102495,
      "BEFORE_LON": -17.97447,
      "AFTER_LAT": 15.972192,
      "AFTER_LON": -17.976439,
      "SOG": 15.1,
      "MOVINGTIME": 1980.0,
      "ARRIVALTIME": "20251130195400"
    },
    {
      "SEQ": 51,
      "BEFORE_NODE": 51.0,
      "AFTER_NODE": 52.0,
      "BEFORE_LAT": 15.972192,
      "BEFORE_LON": -17.976439,
      "AFTER_LAT": 15.88297,
      "AFTER_LON": -17.978352,
      "SOG": 15.3,
      "MOVINGTIME": 1740.0,
      "ARRIVALTIME": "20251130202300"
    },
    {
      "SEQ": 52,
      "BEFORE_NODE": 52.0,
      "AFTER_NODE": 53.0,
      "BEFORE_LAT": 15.88297,
      "BEFORE_LON": -17.978352,
      "AFTER_LAT": 15.74952,
      "AFTER_LON": -17.981272,
      "SOG": 15.3,
      "MOVINGTIME": 1740.0,
      "ARRIVALTIME": "20251130205200"
    },
    {
      "SEQ": 53,
      "BEFORE_NODE": 53.0,
      "AFTER_NODE": 54.0,
      "BEFORE_LAT": 15.74952,
      "BEFORE_LON": -17.981272,
      "AFTER_LAT": 15.615363,
      "AFTER_LON": -17.982494,
      "SOG": 15.5,
      "MOVINGTIME": 1800.0,
      "ARRIVALTIME": "20251130212200"
    },
    {
      "SEQ": 54,
      "BEFORE_NODE": 54.0,
      "AFTER_NODE": 55.0,
      "BEFORE_LAT": 15.615363,
      "BEFORE_LON": -17.982494,
      "AFTER_LAT": 15.466552,
      "AFTER_LON": -17.988281,
      "SOG": 15.5,
      "MOVINGTIME": 1800.0,
      "ARRIVALTIME": "20251130215200"
    },
    {
      "SEQ": 55,
      "BEFORE_NODE": 55.0,
      "AFTER_NODE": 56.0,
      "BEFORE_LAT": 15.466552,
      "BEFORE_LON": -17.988281,
      "AFTER_LAT": 15.331973,
      "AFTER_LON": -17.992884,
      "SOG": 15.5,
      "MOVINGTIME": 1800.0,
      "ARRIVALTIME": "20251130222200"
    },
    {
      "SEQ": 56,
      "BEFORE_NODE": 56.0,
      "AFTER_NODE": 57.0,
      "BEFORE_LAT": 15.331973,
      "BEFORE_LON": -17.992884,
      "AFTER_LAT": 15.189517,
      "AFTER_LON": -17.998051,
      "SOG": 15.1,
      "MOVINGTIME": 1800.0,
      "ARRIVALTIME": "20251130225200"
    },
    {
      "SEQ": 57,
      "BEFORE_NODE": 57.0,
      "AFTER_NODE": 58.0,
      "BEFORE_LAT": 15.189517,
      "BEFORE_LON": -17.998051,
      "AFTER_LAT": 15.087205,
      "AFTER_LON": -18.002743,
      "SOG": 15.1,
      "MOVINGTIME": 1920.0,
      "ARRIVALTIME": "20251130232400"
    },
    {
      "SEQ": 58,
      "BEFORE_NODE": 58.0,
      "AFTER_NODE": 59.0,
      "BEFORE_LAT": 15.087205,
      "BEFORE_LON": -18.002743,
      "AFTER_LAT": 14.955783,
      "AFTER_LON": -18.006222,
      "SOG": 15.1,
      "MOVINGTIME": 1980.0,
      "ARRIVALTIME": "20251130235700"
    },
    {
      "SEQ": 59,
      "BEFORE_NODE": 59.0,
      "AFTER_NODE": 60.0,
      "BEFORE_LAT": 14.955783,
      "BEFORE_LON": -18.006222,
      "AFTER_LAT": 14.811885,
      "AFTER_LON": -18.01004,
      "SOG": 15.5,
      "MOVINGTIME": 1920.0,
      "ARRIVALTIME": "20251201002900"
    },
    {
      "SEQ": 60,
      "BEFORE_NODE": 60.0,
      "AFTER_NODE": 61.0,
      "BEFORE_LAT": 14.811885,
      "BEFORE_LON": -18.01004,
      "AFTER_LAT": 14.665553,
      "AFTER_LON": -18.017904,
      "SOG": 15.1,
      "MOVINGTIME": 1560.0,
      "ARRIVALTIME": "20251201005500"
    },
    {
      "SEQ": 61,
      "BEFORE_NODE": 61.0,
      "AFTER_NODE": 62.0,
      "BEFORE_LAT": 14.665553,
      "BEFORE_LON": -18.017904,
      "AFTER_LAT": 14.576712,
      "AFTER_LON": -18.007467,
      "SOG": 15.1,
      "MOVINGTIME": 1740.0,
      "ARRIVALTIME": "20251201012400"
    },
    {
      "SEQ": 62,
      "BEFORE_NODE": 62.0,
      "AFTER_NODE": 63.0,
      "BEFORE_LAT": 14.576712,
      "BEFORE_LON": -18.007467,
      "AFTER_LAT": 14.424568,
      "AFTER_LON": -17.984131,
      "SOG": 15.1,
      "MOVINGTIME": 2040.0,
      "ARRIVALTIME": "20251201015800"
    },
    {
      "SEQ": 63,
      "BEFORE_NODE": 63.0,
      "AFTER_NODE": 64.0,
      "BEFORE_LAT": 14.424568,
      "BEFORE_LON": -17.984131,
      "AFTER_LAT": 14.293852,
      "AFTER_LON": -17.962906,
      "SOG": 15.1,
      "MOVINGTIME": 1680.0,
      "ARRIVALTIME": "20251201022600"
    },
    {
      "SEQ": 64,
      "BEFORE_NODE": 64.0,
      "AFTER_NODE": 65.0,
      "BEFORE_LAT": 14.293852,
      "BEFORE_LON": -17.962906,
      "AFTER_LAT": 14.18749,
      "AFTER_LON": -17.94628,
      "SOG": 15.1,
      "MOVINGTIME": 1500.0,
      "ARRIVALTIME": "20251201025100"
    },
    {
      "SEQ": 65,
      "BEFORE_NODE": 65.0,
      "AFTER_NODE": 66.0,
      "BEFORE_LAT": 14.18749,
      "BEFORE_LON": -17.94628,
      "AFTER_LAT": 14.052247,
      "AFTER_LON": -17.931931,
      "SOG": 15,
      "MOVINGTIME": 1860.0,
      "ARRIVALTIME": "20251201032200"
    },
    {
      "SEQ": 66,
      "BEFORE_NODE": 66.0,
      "AFTER_NODE": 67.0,
      "BEFORE_LAT": 14.052247,
      "BEFORE_LON": -17.931931,
      "AFTER_LAT": 13.955005,
      "AFTER_LON": -17.924768,
      "SOG": 15.1,
      "MOVINGTIME": 1680.0,
      "ARRIVALTIME": "20251201035000"
    },
    {
      "SEQ": 67,
      "BEFORE_NODE": 67.0,
      "AFTER_NODE": 68.0,
      "BEFORE_LAT": 13.955005,
      "BEFORE_LON": -17.924768,
      "AFTER_LAT": 13.735191,
      "AFTER_LON": -17.90983,
      "SOG": 15.1,
      "MOVINGTIME": 3360.0,
      "ARRIVALTIME": "20251201044600"
    },
    {
      "SEQ": 68,
      "BEFORE_NODE": 68.0,
      "AFTER_NODE": 69.0,
      "BEFORE_LAT": 13.735191,
      "BEFORE_LON": -17.90983,
      "AFTER_LAT": 13.598931,
      "AFTER_LON": -17.892105,
      "SOG": 15.1,
      "MOVINGTIME": 1800.0,
      "ARRIVALTIME": "20251201051600"
    },
    {
      "SEQ": 69,
      "BEFORE_NODE": 69.0,
      "AFTER_NODE": 70.0,
      "BEFORE_LAT": 13.598931,
      "BEFORE_LON": -17.892105,
      "AFTER_LAT": 13.463465,
      "AFTER_LON": -17.877108,
      "SOG": 15.1,
      "MOVINGTIME": 1740.0,
      "ARRIVALTIME": "20251201054500"
    },
    {
      "SEQ": 70,
      "BEFORE_NODE": 70.0,
      "AFTER_NODE": 71.0,
      "BEFORE_LAT": 13.463465,
      "BEFORE_LON": -17.877108,
      "AFTER_LAT": 13.327249,
      "AFTER_LON": -17.856527,
      "SOG": 14.8,
      "MOVINGTIME": 1620.0,
      "ARRIVALTIME": "20251201061200"
    },
    {
      "SEQ": 71,
      "BEFORE_NODE": 71.0,
      "AFTER_NODE": 72.0,
      "BEFORE_LAT": 13.327249,
      "BEFORE_LON": -17.856527,
      "AFTER_LAT": 13.225899,
      "AFTER_LON": -17.837515,
      "SOG": 15.3,
      "MOVINGTIME": 1860.0,
      "ARRIVALTIME": "20251201064300"
    },
    {
      "SEQ": 72,
      "BEFORE_NODE": 72.0,
      "AFTER_NODE": 73.0,
      "BEFORE_LAT": 13.225899,
      "BEFORE_LON": -17.837515,
      "AFTER_LAT": 13.09247,
      "AFTER_LON": -17.820919,
      "SOG": 15.3,
      "MOVINGTIME": 1860.0,
      "ARRIVALTIME": "20251201071400"
    },
    {
      "SEQ": 73,
      "BEFORE_NODE": 73.0,
      "AFTER_NODE": 74.0,
      "BEFORE_LAT": 13.09247,
      "BEFORE_LON": -17.820919,
      "AFTER_LAT": 12.958841,
      "AFTER_LON": -17.804438,
      "SOG": 15.5,
      "MOVINGTIME": 1860.0,
      "ARRIVALTIME": "20251201074500"
    },
    {
      "SEQ": 74,
      "BEFORE_NODE": 74.0,
      "AFTER_NODE": 75.0,
      "BEFORE_LAT": 12.958841,
      "BEFORE_LON": -17.804438,
      "AFTER_LAT": 12.831411,
      "AFTER_LON": -17.787952,
      "SOG": 15.1,
      "MOVINGTIME": 1680.0,
      "ARRIVALTIME": "20251201081300"
    },
    {
      "SEQ": 75,
      "BEFORE_NODE": 75.0,
      "AFTER_NODE": 76.0,
      "BEFORE_LAT": 12.831411,
      "BEFORE_LON": -17.787952,
      "AFTER_LAT": 12.691415,
      "AFTER_LON": -17.772247,
      "SOG": 15.1,
      "MOVINGTIME": 1920.0,
      "ARRIVALTIME": "20251201084500"
    },
    {
      "SEQ": 76,
      "BEFORE_NODE": 76.0,
      "AFTER_NODE": 77.0,
      "BEFORE_LAT": 12.691415,
      "BEFORE_LON": -17.772247,
      "AFTER_LAT": 12.602299,
      "AFTER_LON": -17.764959,
      "SOG": 15.1,
      "MOVINGTIME": 1800.0,
      "ARRIVALTIME": "20251201091500"
    },
    {
      "SEQ": 77,
      "BEFORE_NODE": 77.0,
      "AFTER_NODE": 78.0,
      "BEFORE_LAT": 12.602299,
      "BEFORE_LON": -17.764959,
      "AFTER_LAT": 12.468953,
      "AFTER_LON": -17.750742,
      "SOG": 14.8,
      "MOVINGTIME": 1740.0,
      "ARRIVALTIME": "20251201094400"
    },
    {
      "SEQ": 78,
      "BEFORE_NODE": 78.0,
      "AFTER_NODE": 79.0,
      "BEFORE_LAT": 12.468953,
      "BEFORE_LON": -17.750742,
      "AFTER_LAT": 12.340932,
      "AFTER_LON": -17.73534,
      "SOG": 14.8,
      "MOVINGTIME": 1800.0,
      "ARRIVALTIME": "20251201101400"
    },
    {
      "SEQ": 79,
      "BEFORE_NODE": 79.0,
      "AFTER_NODE": 80.0,
      "BEFORE_LAT": 12.340932,
      "BEFORE_LON": -17.73534,
      "AFTER_LAT": 12.236397,
      "AFTER_LON": -17.751282,
      "SOG": 14.5,
      "MOVINGTIME": 1500.0,
      "ARRIVALTIME": "20251201103900"
    },
    {
      "SEQ": 80,
      "BEFORE_NODE": 80.0,
      "AFTER_NODE": 81.0,
      "BEFORE_LAT": 12.236397,
      "BEFORE_LON": -17.751282,
      "AFTER_LAT": 12.169289,
      "AFTER_LON": -17.741995,
      "SOG": 14.8,
      "MOVINGTIME": 840.0,
      "ARRIVALTIME": "20251201105300"
    },
    {
      "SEQ": 81,
      "BEFORE_NODE": 81.0,
      "AFTER_NODE": 82.0,
      "BEFORE_LAT": 12.169289,
      "BEFORE_LON": -17.741995,
      "AFTER_LAT": 11.710832,
      "AFTER_LON": -17.689726,
      "SOG": 14.6,
      "MOVINGTIME": 6600.0,
      "ARRIVALTIME": "20251201124300"
    },
    {
      "SEQ": 82,
      "BEFORE_NODE": 82.0,
      "AFTER_NODE": 83.0,
      "BEFORE_LAT": 11.710832,
      "BEFORE_LON": -17.689726,
      "AFTER_LAT": 11.626562,
      "AFTER_LON": -17.67156,
      "SOG": 14.6,
      "MOVINGTIME": 1860.0,
      "ARRIVALTIME": "20251201131400"
    },
    {
      "SEQ": 83,
      "BEFORE_NODE": 83.0,
      "AFTER_NODE": 84.0,
      "BEFORE_LAT": 11.626562,
      "BEFORE_LON": -17.67156,
      "AFTER_LAT": 11.50147,
      "AFTER_LON": -17.652748,
      "SOG": 14.5,
      "MOVINGTIME": 1740.0,
      "ARRIVALTIME": "20251201134300"
    },
    {
      "SEQ": 84,
      "BEFORE_NODE": 84.0,
      "AFTER_NODE": 85.0,
      "BEFORE_LAT": 11.50147,
      "BEFORE_LON": -17.652748,
      "AFTER_LAT": 11.336344,
      "AFTER_LON": -17.633137,
      "SOG": 14.5,
      "MOVINGTIME": 1980.0,
      "ARRIVALTIME": "20251201141600"
    },
    {
      "SEQ": 85,
      "BEFORE_NODE": 85.0,
      "AFTER_NODE": 86.0,
      "BEFORE_LAT": 11.336344,
      "BEFORE_LON": -17.633137,
      "AFTER_LAT": 11.216142,
      "AFTER_LON": -17.616596,
      "SOG": 14.8,
      "MOVINGTIME": 1740.0,
      "ARRIVALTIME": "20251201144500"
    },
    {
      "SEQ": 86,
      "BEFORE_NODE": 86.0,
      "AFTER_NODE": 87.0,
      "BEFORE_LAT": 11.216142,
      "BEFORE_LON": -17.616596,
      "AFTER_LAT": 11.171148,
      "AFTER_LON": -17.608814,
      "SOG": 14.8,
      "MOVINGTIME": 1800.0,
      "ARRIVALTIME": "20251201151500"
    },
    {
      "SEQ": 87,
      "BEFORE_NODE": 87.0,
      "AFTER_NODE": 88.0,
      "BEFORE_LAT": 11.171148,
      "BEFORE_LON": -17.608814,
      "AFTER_LAT": 10.889281,
      "AFTER_LON": -17.503916,
      "SOG": 15.3,
      "MOVINGTIME": 3660.0,
      "ARRIVALTIME": "20251201161600"
    },
    {
      "SEQ": 88,
      "BEFORE_NODE": 88.0,
      "AFTER_NODE": 89.0,
      "BEFORE_LAT": 10.889281,
      "BEFORE_LON": -17.503916,
      "AFTER_LAT": 10.789822,
      "AFTER_LON": -17.42581,
      "SOG": 15.5,
      "MOVINGTIME": 1500.0,
      "ARRIVALTIME": "20251201164100"
    },
    {
      "SEQ": 89,
      "BEFORE_NODE": 89.0,
      "AFTER_NODE": 90.0,
      "BEFORE_LAT": 10.789822,
      "BEFORE_LON": -17.42581,
      "AFTER_LAT": 10.609603,
      "AFTER_LON": -17.286936,
      "SOG": 15.1,
      "MOVINGTIME": 3540.0,
      "ARRIVALTIME": "20251201174000"
    },
    {
      "SEQ": 90,
      "BEFORE_NODE": 90.0,
      "AFTER_NODE": 91.0,
      "BEFORE_LAT": 10.609603,
      "BEFORE_LON": -17.286936,
      "AFTER_LAT": 10.489115,
      "AFTER_LON": -17.197081,
      "SOG": 15.1,
      "MOVINGTIME": 2040.0,
      "ARRIVALTIME": "20251201181400"
    },
    {
      "SEQ": 91,
      "BEFORE_NODE": 91.0,
      "AFTER_NODE": 92.0,
      "BEFORE_LAT": 10.489115,
      "BEFORE_LON": -17.197081,
      "AFTER_LAT": 10.377809,
      "AFTER_LON": -17.118286,
      "SOG": 15.6,
      "MOVINGTIME": 1620.0,
      "ARRIVALTIME": "20251201184100"
    },
    {
      "SEQ": 92,
      "BEFORE_NODE": 92.0,
      "AFTER_NODE": 93.0,
      "BEFORE_LAT": 10.377809,
      "BEFORE_LON": -17.118286,
      "AFTER_LAT": 10.269972,
      "AFTER_LON": -17.06551,
      "SOG": 15.3,
      "MOVINGTIME": 1920.0,
      "ARRIVALTIME": "20251201191300"
    },
    {
      "SEQ": 93,
      "BEFORE_NODE": 93.0,
      "AFTER_NODE": 94.0,
      "BEFORE_LAT": 10.269972,
      "BEFORE_LON": -17.06551,
      "AFTER_LAT": 10.147331,
      "AFTER_LON": -16.986883,
      "SOG": 15.1,
      "MOVINGTIME": 1980.0,
      "ARRIVALTIME": "20251201194600"
    },
    {
      "SEQ": 94,
      "BEFORE_NODE": 94.0,
      "AFTER_NODE": 95.0,
      "BEFORE_LAT": 10.147331,
      "BEFORE_LON": -16.986883,
      "AFTER_LAT": 10.037153,
      "AFTER_LON": -16.90279,
      "SOG": 15.1,
      "MOVINGTIME": 1680.0,
      "ARRIVALTIME": "20251201201400"
    },
    {
      "SEQ": 95,
      "BEFORE_NODE": 95.0,
      "AFTER_NODE": 96.0,
      "BEFORE_LAT": 10.037153,
      "BEFORE_LON": -16.90279,
      "AFTER_LAT": 9.9275904,
      "AFTER_LON": -16.827715,
      "SOG": 15.5,
      "MOVINGTIME": 1800.0,
      "ARRIVALTIME": "20251201204400"
    },
    {
      "SEQ": 96,
      "BEFORE_NODE": 96.0,
      "AFTER_NODE": 97.0,
      "BEFORE_LAT": 9.9275904,
      "BEFORE_LON": -16.827715,
      "AFTER_LAT": 9.8461533,
      "AFTER_LON": -16.774099,
      "SOG": 15.6,
      "MOVINGTIME": 1860.0,
      "ARRIVALTIME": "20251201211500"
    },
    {
      "SEQ": 97,
      "BEFORE_NODE": 97.0,
      "AFTER_NODE": 98.0,
      "BEFORE_LAT": 9.8461533,
      "BEFORE_LON": -16.774099,
      "AFTER_LAT": 8.5392866,
      "AFTER_LON": -15.830847,
      "SOG": 15.6,
      "MOVINGTIME": 21780.0,
      "ARRIVALTIME": "20251202031800"
    },
    {
      "SEQ": 98,
      "BEFORE_NODE": 98.0,
      "AFTER_NODE": 99.0,
      "BEFORE_LAT": 8.5392866,
      "BEFORE_LON": -15.830847,
      "AFTER_LAT": 8.4211302,
      "AFTER_LON": -15.749947,
      "SOG": 15.8,
      "MOVINGTIME": 1800.0,
      "ARRIVALTIME": "20251202034800"
    },
    {
      "SEQ": 99,
      "BEFORE_NODE": 99.0,
      "AFTER_NODE": 100.0,
      "BEFORE_LAT": 8.4211302,
      "BEFORE_LON": -15.749947,
      "AFTER_LAT": 8.2395697,
      "AFTER_LON": -15.617358,
      "SOG": 15.6,
      "MOVINGTIME": 3420.0,
      "ARRIVALTIME": "20251202044500"
    },
    {
      "SEQ": 100,
      "BEFORE_NODE": 100.0,
      "AFTER_NODE": 101.0,
      "BEFORE_LAT": 8.2395697,
      "BEFORE_LON": -15.617358,
      "AFTER_LAT": 4.40487,
      "AFTER_LON": -12.943613,
      "SOG": 15.3,
      "MOVINGTIME": 66420.0,
      "ARRIVALTIME": "20251202231200"
    },
    {
      "SEQ": 101,
      "BEFORE_NODE": 101.0,
      "AFTER_NODE": 102.0,
      "BEFORE_LAT": 4.40487,
      "BEFORE_LON": -12.943613,
      "AFTER_LAT": 4.2922702,
      "AFTER_LON": -12.862683,
      "SOG": 15.1,
      "MOVINGTIME": 1980.0,
      "ARRIVALTIME": "20251202234500"
    },
    {
      "SEQ": 102,
      "BEFORE_NODE": 102.0,
      "AFTER_NODE": 103.0,
      "BEFORE_LAT": 4.2922702,
      "BEFORE_LON": -12.862683,
      "AFTER_LAT": 3.64347,
      "AFTER_LON": -12.428469,
      "SOG": 14.8,
      "MOVINGTIME": 10980.0,
      "ARRIVALTIME": "20251203024800"
    },
    {
      "SEQ": 103,
      "BEFORE_NODE": 103.0,
      "AFTER_NODE": 104.0,
      "BEFORE_LAT": 3.64347,
      "BEFORE_LON": -12.428469,
      "AFTER_LAT": 2.2774966,
      "AFTER_LON": -11.514127,
      "SOG": 15.3,
      "MOVINGTIME": 24480.0,
      "ARRIVALTIME": "20251203093600"
    },
    {
      "SEQ": 104,
      "BEFORE_NODE": 104.0,
      "AFTER_NODE": 105.0,
      "BEFORE_LAT": 2.2774966,
      "BEFORE_LON": -11.514127,
      "AFTER_LAT": 2.1338916,
      "AFTER_LON": -11.415941,
      "SOG": 15.3,
      "MOVINGTIME": 2160.0,
      "ARRIVALTIME": "20251203101200"
    },
    {
      "SEQ": 105,
      "BEFORE_NODE": 105.0,
      "AFTER_NODE": 106.0,
      "BEFORE_LAT": 2.1338916,
      "BEFORE_LON": -11.415941,
      "AFTER_LAT": 2.0292399,
      "AFTER_LON": -11.345121,
      "SOG": 14.6,
      "MOVINGTIME": 1620.0,
      "ARRIVALTIME": "20251203103900"
    },
    {
      "SEQ": 106,
      "BEFORE_NODE": 106.0,
      "AFTER_NODE": 107.0,
      "BEFORE_LAT": 2.0292399,
      "BEFORE_LON": -11.345121,
      "AFTER_LAT": 1.9130917,
      "AFTER_LON": -11.264668,
      "SOG": 14.3,
      "MOVINGTIME": 1980.0,
      "ARRIVALTIME": "20251203111200"
    },
    {
      "SEQ": 107,
      "BEFORE_NODE": 107.0,
      "AFTER_NODE": 108.0,
      "BEFORE_LAT": 1.9130917,
      "BEFORE_LON": -11.264668,
      "AFTER_LAT": 1.8141283,
      "AFTER_LON": -11.195005,
      "SOG": 14.3,
      "MOVINGTIME": 1680.0,
      "ARRIVALTIME": "20251203114000"
    },
    {
      "SEQ": 108,
      "BEFORE_NODE": 108.0,
      "AFTER_NODE": 109.0,
      "BEFORE_LAT": 1.8141283,
      "BEFORE_LON": -11.195005,
      "AFTER_LAT": 1.7316383,
      "AFTER_LON": -11.13861,
      "SOG": 14.1,
      "MOVINGTIME": 1980.0,
      "ARRIVALTIME": "20251203121300"
    },
    {
      "SEQ": 109,
      "BEFORE_NODE": 109.0,
      "AFTER_NODE": 110.0,
      "BEFORE_LAT": 1.7316383,
      "BEFORE_LON": -11.13861,
      "AFTER_LAT": 1.6987066,
      "AFTER_LON": -11.116303,
      "SOG": 14.1,
      "MOVINGTIME": 480.0,
      "ARRIVALTIME": "20251203122100"
    },
    {
      "SEQ": 110,
      "BEFORE_NODE": 110.0,
      "AFTER_NODE": 111.0,
      "BEFORE_LAT": 1.6987066,
      "BEFORE_LON": -11.116303,
      "AFTER_LAT": -0.18965833,
      "AFTER_LON": -9.8332729,
      "SOG": 14.1,
      "MOVINGTIME": 35040.0,
      "ARRIVALTIME": "20251203220500"
    },
    {
      "SEQ": 111,
      "BEFORE_NODE": 111.0,
      "AFTER_NODE": 112.0,
      "BEFORE_LAT": -0.18965833,
      "BEFORE_LON": -9.8332729,
      "AFTER_LAT": -0.29803166,
      "AFTER_LON": -9.7604513,
      "SOG": 13.8,
      "MOVINGTIME": 2280.0,
      "ARRIVALTIME": "20251203224300"
    },
    {
      "SEQ": 112,
      "BEFORE_NODE": 112.0,
      "AFTER_NODE": 113.0,
      "BEFORE_LAT": -0.29803166,
      "BEFORE_LON": -9.7604513,
      "AFTER_LAT": -0.51454169,
      "AFTER_LON": -9.6155834,
      "SOG": 14,
      "MOVINGTIME": 3720.0,
      "ARRIVALTIME": "20251203234500"
    },
    {
      "SEQ": 113,
      "BEFORE_NODE": 113.0,
      "AFTER_NODE": 114.0,
      "BEFORE_LAT": -0.51454169,
      "BEFORE_LON": -9.6155834,
      "AFTER_LAT": -0.59261167,
      "AFTER_LON": -9.5615387,
      "SOG": 14,
      "MOVINGTIME": 1740.0,
      "ARRIVALTIME": "20251204001400"
    },
    {
      "SEQ": 114,
      "BEFORE_NODE": 114.0,
      "AFTER_NODE": 115.0,
      "BEFORE_LAT": -0.59261167,
      "BEFORE_LON": -9.5615387,
      "AFTER_LAT": -0.67797333,
      "AFTER_LON": -9.503088,
      "SOG": 14,
      "MOVINGTIME": 1800.0,
      "ARRIVALTIME": "20251204004400"
    },
    {
      "SEQ": 115,
      "BEFORE_NODE": 115.0,
      "AFTER_NODE": 116.0,
      "BEFORE_LAT": -0.67797333,
      "BEFORE_LON": -9.503088,
      "AFTER_LAT": -0.79454833,
      "AFTER_LON": -9.425087,
      "SOG": 14.1,
      "MOVINGTIME": 1980.0,
      "ARRIVALTIME": "20251204011700"
    },
    {
      "SEQ": 116,
      "BEFORE_NODE": 116.0,
      "AFTER_NODE": 117.0,
      "BEFORE_LAT": -0.79454833,
      "BEFORE_LON": -9.425087,
      "AFTER_LAT": -1.7444416,
      "AFTER_LON": -8.7675896,
      "SOG": 14.3,
      "MOVINGTIME": 17520.0,
      "ARRIVALTIME": "20251204060900"
    },
    {
      "SEQ": 117,
      "BEFORE_NODE": 117.0,
      "AFTER_NODE": 118.0,
      "BEFORE_LAT": -1.7444416,
      "BEFORE_LON": -8.7675896,
      "AFTER_LAT": -1.8433334,
      "AFTER_LON": -8.7049999,
      "SOG": 14.3,
      "MOVINGTIME": 600.0,
      "ARRIVALTIME": "20251204061900"
    },
    {
      "SEQ": 118,
      "BEFORE_NODE": 118.0,
      "AFTER_NODE": 119.0,
      "BEFORE_LAT": -1.8433334,
      "BEFORE_LON": -8.7049999,
      "AFTER_LAT": -1.925,
      "AFTER_LON": -8.6533337,
      "SOG": 14.3,
      "MOVINGTIME": 2100.0,
      "ARRIVALTIME": "20251204065400"
    },
    {
      "SEQ": 119,
      "BEFORE_NODE": 119.0,
      "AFTER_NODE": 120.0,
      "BEFORE_LAT": -1.925,
      "BEFORE_LON": -8.6533337,
      "AFTER_LAT": -2.1697032,
      "AFTER_LON": -8.4839897,
      "SOG": 15.1,
      "MOVINGTIME": 4500.0,
      "ARRIVALTIME": "20251204080900"
    },
    {
      "SEQ": 120,
      "BEFORE_NODE": 120.0,
      "AFTER_NODE": 121.0,
      "BEFORE_LAT": -2.1697032,
      "BEFORE_LON": -8.4839897,
      "AFTER_LAT": -2.2913783,
      "AFTER_LON": -8.3997679,
      "SOG": 15,
      "MOVINGTIME": 1920.0,
      "ARRIVALTIME": "20251204084100"
    },
    {
      "SEQ": 121,
      "BEFORE_NODE": 121.0,
      "AFTER_NODE": 122.0,
      "BEFORE_LAT": -2.2913783,
      "BEFORE_LON": -8.3997679,
      "AFTER_LAT": -2.3436534,
      "AFTER_LON": -8.3638449,
      "SOG": 15.1,
      "MOVINGTIME": 1440.0,
      "ARRIVALTIME": "20251204090500"
    },
    {
      "SEQ": 122,
      "BEFORE_NODE": 122.0,
      "AFTER_NODE": 123.0,
      "BEFORE_LAT": -2.3436534,
      "BEFORE_LON": -8.3638449,
      "AFTER_LAT": -2.4833751,
      "AFTER_LON": -8.269165,
      "SOG": 15.1,
      "MOVINGTIME": 1922.0,
      "ARRIVALTIME": "20251204093702"
    },
    {
      "SEQ": 123,
      "BEFORE_NODE": 123.0,
      "AFTER_NODE": 124.0,
      "BEFORE_LAT": -2.4833751,
      "BEFORE_LON": -8.269165,
      "AFTER_LAT": -2.5885334,
      "AFTER_LON": -8.1978064,
      "SOG": 15.1,
      "MOVINGTIME": 1978.0,
      "ARRIVALTIME": "20251204101000"
    },
    {
      "SEQ": 124,
      "BEFORE_NODE": 124.0,
      "AFTER_NODE": 125.0,
      "BEFORE_LAT": -2.5885334,
      "BEFORE_LON": -8.1978064,
      "AFTER_LAT": -2.6375949,
      "AFTER_LON": -8.1644287,
      "SOG": 15,
      "MOVINGTIME": 780.0,
      "ARRIVALTIME": "20251204102300"
    },
    {
      "SEQ": 125,
      "BEFORE_NODE": 125.0,
      "AFTER_NODE": 126.0,
      "BEFORE_LAT": -2.6375949,
      "BEFORE_LON": -8.1644287,
      "AFTER_LAT": -3.2009466,
      "AFTER_LON": -7.7826748,
      "SOG": 15.3,
      "MOVINGTIME": 9900.0,
      "ARRIVALTIME": "20251204130800"
    },
    {
      "SEQ": 126,
      "BEFORE_NODE": 126.0,
      "AFTER_NODE": 127.0,
      "BEFORE_LAT": -3.2009466,
      "BEFORE_LON": -7.7826748,
      "AFTER_LAT": -3.6255484,
      "AFTER_LON": -7.4984217,
      "SOG": 15.1,
      "MOVINGTIME": 7260.0,
      "ARRIVALTIME": "20251204150900"
    },
    {
      "SEQ": 127,
      "BEFORE_NODE": 127.0,
      "AFTER_NODE": 128.0,
      "BEFORE_LAT": -3.6255484,
      "BEFORE_LON": -7.4984217,
      "AFTER_LAT": -3.936775,
      "AFTER_LON": -7.2977781,
      "SOG": 15.1,
      "MOVINGTIME": 5280.0,
      "ARRIVALTIME": "20251204163700"
    },
    {
      "SEQ": 128,
      "BEFORE_NODE": 128.0,
      "AFTER_NODE": 129.0,
      "BEFORE_LAT": -3.936775,
      "BEFORE_LON": -7.2977781,
      "AFTER_LAT": -6.0111351,
      "AFTER_LON": -5.8441701,
      "SOG": 15.3,
      "MOVINGTIME": 39960.0,
      "ARRIVALTIME": "20251205034300"
    },
    {
      "SEQ": 129,
      "BEFORE_NODE": 129.0,
      "AFTER_NODE": 130.0,
      "BEFORE_LAT": -6.0111351,
      "BEFORE_LON": -5.8441701,
      "AFTER_LAT": -6.0825448,
      "AFTER_LON": -5.79564,
      "SOG": 15.3,
      "MOVINGTIME": 1680.0,
      "ARRIVALTIME": "20251205041100"
    },
    {
      "SEQ": 130,
      "BEFORE_NODE": 130.0,
      "AFTER_NODE": 131.0,
      "BEFORE_LAT": -6.0825448,
      "BEFORE_LON": -5.79564,
      "AFTER_LAT": -6.1898217,
      "AFTER_LON": -5.7230902,
      "SOG": 15.3,
      "MOVINGTIME": 1800.0,
      "ARRIVALTIME": "20251205044100"
    },
    {
      "SEQ": 131,
      "BEFORE_NODE": 131.0,
      "AFTER_NODE": 132.0,
      "BEFORE_LAT": -6.1898217,
      "BEFORE_LON": -5.7230902,
      "AFTER_LAT": -8.5725899,
      "AFTER_LON": -4.0595598,
      "SOG": 15.3,
      "MOVINGTIME": 39600.0,
      "ARRIVALTIME": "20251205154100"
    },
    {
      "SEQ": 132,
      "BEFORE_NODE": 132.0,
      "AFTER_NODE": 133.0,
      "BEFORE_LAT": -8.5725899,
      "BEFORE_LON": -4.0595598,
      "AFTER_LAT": -8.8558521,
      "AFTER_LON": -3.8671384,
      "SOG": 15.6,
      "MOVINGTIME": 5160.0,
      "ARRIVALTIME": "20251205170700"
    },
    {
      "SEQ": 133,
      "BEFORE_NODE": 133.0,
      "AFTER_NODE": 134.0,
      "BEFORE_LAT": -8.8558521,
      "BEFORE_LON": -3.8671384,
      "AFTER_LAT": -8.982028,
      "AFTER_LON": -3.7823133,
      "SOG": 15.5,
      "MOVINGTIME": 1860.0,
      "ARRIVALTIME": "20251205173800"
    },
    {
      "SEQ": 134,
      "BEFORE_NODE": 134.0,
      "AFTER_NODE": 135.0,
      "BEFORE_LAT": -8.982028,
      "BEFORE_LON": -3.7823133,
      "AFTER_LAT": -9.110755,
      "AFTER_LON": -3.6967366,
      "SOG": 15.5,
      "MOVINGTIME": 2160.0,
      "ARRIVALTIME": "20251205181400"
    },
    {
      "SEQ": 135,
      "BEFORE_NODE": 135.0,
      "AFTER_NODE": 136.0,
      "BEFORE_LAT": -9.110755,
      "BEFORE_LON": -3.6967366,
      "AFTER_LAT": -9.2178364,
      "AFTER_LON": -3.6231301,
      "SOG": 15.8,
      "MOVINGTIME": 1860.0,
      "ARRIVALTIME": "20251205184500"
    },
    {
      "SEQ": 136,
      "BEFORE_NODE": 136.0,
      "AFTER_NODE": 137.0,
      "BEFORE_LAT": -9.2178364,
      "BEFORE_LON": -3.6231301,
      "AFTER_LAT": -9.3102503,
      "AFTER_LON": -3.5593333,
      "SOG": 15.6,
      "MOVINGTIME": 1740.0,
      "ARRIVALTIME": "20251205191400"
    },
    {
      "SEQ": 137,
      "BEFORE_NODE": 137.0,
      "AFTER_NODE": 138.0,
      "BEFORE_LAT": -9.3102503,
      "BEFORE_LON": -3.5593333,
      "AFTER_LAT": -9.427043,
      "AFTER_LON": -3.4793983,
      "SOG": 15.8,
      "MOVINGTIME": 1620.0,
      "ARRIVALTIME": "20251205194100"
    },
    {
      "SEQ": 138,
      "BEFORE_NODE": 138.0,
      "AFTER_NODE": 139.0,
      "BEFORE_LAT": -9.427043,
      "BEFORE_LON": -3.4793983,
      "AFTER_LAT": -9.5375137,
      "AFTER_LON": -3.4033067,
      "SOG": 15.8,
      "MOVINGTIME": 1620.0,
      "ARRIVALTIME": "20251205200800"
    },
    {
      "SEQ": 139,
      "BEFORE_NODE": 139.0,
      "AFTER_NODE": 140.0,
      "BEFORE_LAT": -9.5375137,
      "BEFORE_LON": -3.4033067,
      "AFTER_LAT": -9.6331568,
      "AFTER_LON": -3.3379884,
      "SOG": 15.6,
      "MOVINGTIME": 2100.0,
      "ARRIVALTIME": "20251205204300"
    },
    {
      "SEQ": 140,
      "BEFORE_NODE": 140.0,
      "AFTER_NODE": 141.0,
      "BEFORE_LAT": -9.6331568,
      "BEFORE_LON": -3.3379884,
      "AFTER_LAT": -9.7579536,
      "AFTER_LON": -3.2563984,
      "SOG": 15.6,
      "MOVINGTIME": 1860.0,
      "ARRIVALTIME": "20251205211400"
    },
    {
      "SEQ": 141,
      "BEFORE_NODE": 141.0,
      "AFTER_NODE": 142.0,
      "BEFORE_LAT": -9.7579536,
      "BEFORE_LON": -3.2563984,
      "AFTER_LAT": -9.8552866,
      "AFTER_LON": -3.1888001,
      "SOG": 15.8,
      "MOVINGTIME": 1500.0,
      "ARRIVALTIME": "20251205213900"
    },
    {
      "SEQ": 142,
      "BEFORE_NODE": 142.0,
      "AFTER_NODE": 143.0,
      "BEFORE_LAT": -9.8552866,
      "BEFORE_LON": -3.1888001,
      "AFTER_LAT": -9.9385052,
      "AFTER_LON": -3.1285284,
      "SOG": 15.5,
      "MOVINGTIME": 1440.0,
      "ARRIVALTIME": "20251205220300"
    },
    {
      "SEQ": 143,
      "BEFORE_NODE": 143.0,
      "AFTER_NODE": 144.0,
      "BEFORE_LAT": -9.9385052,
      "BEFORE_LON": -3.1285284,
      "AFTER_LAT": -10.077574,
      "AFTER_LON": -3.028995,
      "SOG": 15.3,
      "MOVINGTIME": 2640.0,
      "ARRIVALTIME": "20251205224700"
    },
    {
      "SEQ": 144,
      "BEFORE_NODE": 144.0,
      "AFTER_NODE": 145.0,
      "BEFORE_LAT": -10.077574,
      "BEFORE_LON": -3.028995,
      "AFTER_LAT": -11.884652,
      "AFTER_LON": -1.72781,
      "SOG": 15.1,
      "MOVINGTIME": 30420.0,
      "ARRIVALTIME": "20251206071400"
    },
    {
      "SEQ": 145,
      "BEFORE_NODE": 145.0,
      "AFTER_NODE": 146.0,
      "BEFORE_LAT": -11.884652,
      "BEFORE_LON": -1.72781,
      "AFTER_LAT": -11.963288,
      "AFTER_LON": -1.6746733,
      "SOG": 15.3,
      "MOVINGTIME": 1020.0,
      "ARRIVALTIME": "20251206073100"
    },
    {
      "SEQ": 146,
      "BEFORE_NODE": 146.0,
      "AFTER_NODE": 147.0,
      "BEFORE_LAT": -11.963288,
      "BEFORE_LON": -1.6746733,
      "AFTER_LAT": -12.065742,
      "AFTER_LON": -1.6013499,
      "SOG": 15.5,
      "MOVINGTIME": 1680.0,
      "ARRIVALTIME": "20251206075900"
    },
    {
      "SEQ": 147,
      "BEFORE_NODE": 147.0,
      "AFTER_NODE": 148.0,
      "BEFORE_LAT": -12.065742,
      "BEFORE_LON": -1.6013499,
      "AFTER_LAT": -12.304938,
      "AFTER_LON": -1.4242617,
      "SOG": 15.3,
      "MOVINGTIME": 4500.0,
      "ARRIVALTIME": "20251206091400"
    },
    {
      "SEQ": 148,
      "BEFORE_NODE": 148.0,
      "AFTER_NODE": 149.0,
      "BEFORE_LAT": -12.304938,
      "BEFORE_LON": -1.4242617,
      "AFTER_LAT": -12.39237,
      "AFTER_LON": -1.359275,
      "SOG": 15.1,
      "MOVINGTIME": 1680.0,
      "ARRIVALTIME": "20251206094200"
    },
    {
      "SEQ": 149,
      "BEFORE_NODE": 149.0,
      "AFTER_NODE": 150.0,
      "BEFORE_LAT": -12.39237,
      "BEFORE_LON": -1.359275,
      "AFTER_LAT": -12.507477,
      "AFTER_LON": -1.274055,
      "SOG": 15.1,
      "MOVINGTIME": 1980.0,
      "ARRIVALTIME": "20251206101500"
    },
    {
      "SEQ": 150,
      "BEFORE_NODE": 150.0,
      "AFTER_NODE": 151.0,
      "BEFORE_LAT": -12.507477,
      "BEFORE_LON": -1.274055,
      "AFTER_LAT": -12.61878,
      "AFTER_LON": -1.1937816,
      "SOG": 15.1,
      "MOVINGTIME": 1800.0,
      "ARRIVALTIME": "20251206104500"
    },
    {
      "SEQ": 151,
      "BEFORE_NODE": 151.0,
      "AFTER_NODE": 152.0,
      "BEFORE_LAT": -12.61878,
      "BEFORE_LON": -1.1937816,
      "AFTER_LAT": -12.734172,
      "AFTER_LON": -1.1101667,
      "SOG": 15.3,
      "MOVINGTIME": 1680.0,
      "ARRIVALTIME": "20251206111300"
    },
    {
      "SEQ": 152,
      "BEFORE_NODE": 152.0,
      "AFTER_NODE": 153.0,
      "BEFORE_LAT": -12.734172,
      "BEFORE_LON": -1.1101667,
      "AFTER_LAT": -12.844555,
      "AFTER_LON": -1.0298016,
      "SOG": 15.3,
      "MOVINGTIME": 1860.0,
      "ARRIVALTIME": "20251206114400"
    },
    {
      "SEQ": 153,
      "BEFORE_NODE": 153.0,
      "AFTER_NODE": 154.0,
      "BEFORE_LAT": -12.844555,
      "BEFORE_LON": -1.0298016,
      "AFTER_LAT": -12.918603,
      "AFTER_LON": -0.97465664,
      "SOG": 15.5,
      "MOVINGTIME": 1740.0,
      "ARRIVALTIME": "20251206121300"
    },
    {
      "SEQ": 154,
      "BEFORE_NODE": 154.0,
      "AFTER_NODE": 155.0,
      "BEFORE_LAT": -12.918603,
      "BEFORE_LON": -0.97465664,
      "AFTER_LAT": -13.053492,
      "AFTER_LON": -0.87331331,
      "SOG": 15.6,
      "MOVINGTIME": 1860.0,
      "ARRIVALTIME": "20251206124400"
    },
    {
      "SEQ": 155,
      "BEFORE_NODE": 155.0,
      "AFTER_NODE": 156.0,
      "BEFORE_LAT": -13.053492,
      "BEFORE_LON": -0.87331331,
      "AFTER_LAT": -13.124625,
      "AFTER_LON": -0.82012832,
      "SOG": 15.1,
      "MOVINGTIME": 1680.0,
      "ARRIVALTIME": "20251206131200"
    },
    {
      "SEQ": 156,
      "BEFORE_NODE": 156.0,
      "AFTER_NODE": 157.0,
      "BEFORE_LAT": -13.124625,
      "BEFORE_LON": -0.82012832,
      "AFTER_LAT": -13.234228,
      "AFTER_LON": -0.73732334,
      "SOG": 15.3,
      "MOVINGTIME": 1500.0,
      "ARRIVALTIME": "20251206133700"
    },
    {
      "SEQ": 157,
      "BEFORE_NODE": 157.0,
      "AFTER_NODE": 158.0,
      "BEFORE_LAT": -13.234228,
      "BEFORE_LON": -0.73732334,
      "AFTER_LAT": -13.333832,
      "AFTER_LON": -0.66385335,
      "SOG": 15.1,
      "MOVINGTIME": 1680.0,
      "ARRIVALTIME": "20251206140500"
    }
  ]
}