{
  "mmsi": "414334000",
  "PredResult": [
    {
      "SEQ": 0,
      "BEFORE_NODE": 0.0,
      "AFTER_NODE": 1.0,
      "BEFORE_LAT": 1.2690166666666667,
      "BEFORE_LON": 103.7692,
      "AFTER_LAT": 1.2690833333333333,
      "AFTER_LON": 103.76911666666666,
      "SOG": 0.1,
      "MOVINGTIME": 1980.0,
      "ARRIVALTIME": "20251129151002"
    },
    {
      "SEQ": 1,
      "BEFORE_NODE": 1.0,
      "AFTER_NODE": 2.0,
      "BEFORE_LAT": 1.2690833333333333,
      "BEFORE_LON": 103.76911666666666,
      "AFTER_LAT": 1.2691,
      "AFTER_LON": 103.76918333333333,
      "SOG": 0,
      "MOVINGTIME": 1620.0,
      "ARRIVALTIME": "20251129153702"
    },
    {
      "SEQ": 2,
      "BEFORE_NODE": 2.0,
      "AFTER_NODE": 3.0,
      "BEFORE_LAT": 1.2691,
      "BEFORE_LON": 103.76918333333333,
      "AFTER_LAT": 1.2692666666666668,
      "AFTER_LON": 103.76905,
      "SOG": 0,
      "MOVINGTIME": 1980.0,
      "ARRIVALTIME": "20251129161002"
    },
    {
      "SEQ": 3,
      "BEFORE_NODE": 3.0,
      "AFTER_NODE": 4.0,
      "BEFORE_LAT": 1.2692666666666668,
      "BEFORE_LON": 103.76905,
      "AFTER_LAT": 1.2689833333333334,
      "AFTER_LON": 103.76913333333333,
      "SOG": 0.1,
      "MOVINGTIME": 1800.0,
      "ARRIVALTIME": "20251129164002"
    },
    {
      "SEQ": 4,
      "BEFORE_NODE": 4.0,
      "AFTER_NODE": 5.0,
      "BEFORE_LAT": 1.2689833333333334,
      "BEFORE_LON": 103.76913333333333,
      "AFTER_LAT": 1.2690333333333332,
      "AFTER_LON": 103.76918333333333,
      "SOG": 0.1,
      "MOVINGTIME": 1800.0,
      "ARRIVALTIME": "20251129171002"
    },
    {
      "SEQ": 5,
      "BEFORE_NODE": 5.0,
      "AFTER_NODE": 6.0,
      "BEFORE_LAT": 1.2690333333333332,
      "BEFORE_LON": 103.76918333333333,
      "AFTER_LAT": 1.2689333333333332,
      "AFTER_LON": 103.76918333333333,
      "SOG": 0.1,
      "MOVINGTIME": 1620.0,
      "ARRIVALTIME": "20251129173702"
    },
    {
      "SEQ": 6,
      "BEFORE_NODE": 6.0,
      "AFTER_NODE": 7.0,
      "BEFORE_LAT": 1.2689333333333332,
      "BEFORE_LON": 103.76918333333333,
      "AFTER_LAT": 1.2682,
      "AFTER_LON": 103.76861666666667,
      "SOG": 1,
      "MOVINGTIME": 2150.0,
      "ARRIVALTIME": "20251129181252"
    },
    {
      "SEQ": 7,
      "BEFORE_NODE": 7.0,
      "AFTER_NODE": 8.0,
      "BEFORE_LAT": 1.2682,
      "BEFORE_LON": 103.76861666666667,
      "AFTER_LAT": 1.2115333333333334,
      "AFTER_LON": 103.79938333333334,
      "SOG": 8.8,
      "MOVINGTIME": 1799.0,
      "ARRIVALTIME": "20251129184251"
    },
    {
      "SEQ": 8,
      "BEFORE_NODE": 8.0,
      "AFTER_NODE": 9.0,
      "BEFORE_LAT": 1.2115333333333334,
      "BEFORE_LON": 103.79938333333334,
      "AFTER_LAT": 1.18975,
      "AFTER_LON": 103.8428,
      "SOG": 9.8,
      "MOVINGTIME": 1790.0,
      "ARRIVALTIME": "20251129191241"
    },
    {
      "SEQ": 9,
      "BEFORE_NODE": 9.0,
      "AFTER_NODE": 10.0,
      "BEFORE_LAT": 1.18975,
      "BEFORE_LON": 103.8428,
      "AFTER_LAT": 1.2154666666666667,
      "AFTER_LON": 103.90851666666667,
      "SOG": 11.3,
      "MOVINGTIME": 1501.0,
      "ARRIVALTIME": "20251129193742"
    },
    {
      "SEQ": 10,
      "BEFORE_NODE": 10.0,
      "AFTER_NODE": 11.0,
      "BEFORE_LAT": 1.2154666666666667,
      "BEFORE_LON": 103.90851666666667,
      "AFTER_LAT": 1.2436333333333334,
      "AFTER_LON": 103.99501666666667,
      "SOG": 10.7,
      "MOVINGTIME": 1809.0,
      "ARRIVALTIME": "20251129200751"
    },
    {
      "SEQ": 11,
      "BEFORE_NODE": 11.0,
      "AFTER_NODE": 12.0,
      "BEFORE_LAT": 1.2436333333333334,
      "BEFORE_LON": 103.99501666666667,
      "AFTER_LAT": 1.2557,
      "AFTER_LON": 104.0894,
      "SOG": 10.6,
      "MOVINGTIME": 1962.0,
      "ARRIVALTIME": "20251129204033"
    },
    {
      "SEQ": 12,
      "BEFORE_NODE": 12.0,
      "AFTER_NODE": 13.0,
      "BEFORE_LAT": 1.2557,
      "BEFORE_LON": 104.0894,
      "AFTER_LAT": 1.2681166666666668,
      "AFTER_LON": 104.1805,
      "SOG": 10.6,
      "MOVINGTIME": 1869.0,
      "ARRIVALTIME": "20251129211142"
    },
    {
      "SEQ": 13,
      "BEFORE_NODE": 13.0,
      "AFTER_NODE": 14.0,
      "BEFORE_LAT": 1.2681166666666668,
      "BEFORE_LON": 104.1805,
      "AFTER_LAT": 1.2735167,
      "AFTER_LON": 104.2348,
      "SOG": 10.1,
      "MOVINGTIME": 1278.0,
      "ARRIVALTIME": "20251129213300"
    },
    {
      "SEQ": 14,
      "BEFORE_NODE": 14.0,
      "AFTER_NODE": 15.0,
      "BEFORE_LAT": 1.2735167,
      "BEFORE_LON": 104.2348,
      "AFTER_LAT": 1.2825167,
      "AFTER_LON": 104.31924,
      "SOG": 10,
      "MOVINGTIME": 1620.0,
      "ARRIVALTIME": "20251129220000"
    },
    {
      "SEQ": 15,
      "BEFORE_NODE": 15.0,
      "AFTER_NODE": 16.0,
      "BEFORE_LAT": 1.2825167,
      "BEFORE_LON": 104.31924,
      "AFTER_LAT": 1.3263167,
      "AFTER_LON": 104.38017,
      "SOG": 10.1,
      "MOVINGTIME": 1980.0,
      "ARRIVALTIME": "20251129223300"
    },
    {
      "SEQ": 16,
      "BEFORE_NODE": 16.0,
      "AFTER_NODE": 17.0,
      "BEFORE_LAT": 1.3263167,
      "BEFORE_LON": 104.38017,
      "AFTER_LAT": 1.3982333,
      "AFTER_LON": 104.45959,
      "SOG": 10.6,
      "MOVINGTIME": 1920.0,
      "ARRIVALTIME": "20251129230500"
    },
    {
      "SEQ": 17,
      "BEFORE_NODE": 17.0,
      "AFTER_NODE": 18.0,
      "BEFORE_LAT": 1.3982333,
      "BEFORE_LON": 104.45959,
      "AFTER_LAT": 1.4611666,
      "AFTER_LON": 104.53133,
      "SOG": 11.1,
      "MOVINGTIME": 1860.0,
      "ARRIVALTIME": "20251129233600"
    },
    {
      "SEQ": 18,
      "BEFORE_NODE": 18.0,
      "AFTER_NODE": 19.0,
      "BEFORE_LAT": 1.4611666,
      "BEFORE_LON": 104.53133,
      "AFTER_LAT": 1.5158499,
      "AFTER_LON": 104.60233,
      "SOG": 11.3,
      "MOVINGTIME": 1920.0,
      "ARRIVALTIME": "20251130000800"
    },
    {
      "SEQ": 19,
      "BEFORE_NODE": 19.0,
      "AFTER_NODE": 20.0,
      "BEFORE_LAT": 1.5158499,
      "BEFORE_LON": 104.60233,
      "AFTER_LAT": 1.5875,
      "AFTER_LON": 104.67812,
      "SOG": 10.8,
      "MOVINGTIME": 1860.0,
      "ARRIVALTIME": "20251130003900"
    },
    {
      "SEQ": 20,
      "BEFORE_NODE": 20.0,
      "AFTER_NODE": 21.0,
      "BEFORE_LAT": 1.5875,
      "BEFORE_LON": 104.67812,
      "AFTER_LAT": 1.6422,
      "AFTER_LON": 104.71945,
      "SOG": 11.1,
      "MOVINGTIME": 1560.0,
      "ARRIVALTIME": "20251130010500"
    },
    {
      "SEQ": 21,
      "BEFORE_NODE": 21.0,
      "AFTER_NODE": 22.0,
      "BEFORE_LAT": 1.6422,
      "BEFORE_LON": 104.71945,
      "AFTER_LAT": 1.7166834,
      "AFTER_LON": 104.77481,
      "SOG": 11.1,
      "MOVINGTIME": 1860.0,
      "ARRIVALTIME": "20251130013600"
    },
    {
      "SEQ": 22,
      "BEFORE_NODE": 22.0,
      "AFTER_NODE": 23.0,
      "BEFORE_LAT": 1.7166834,
      "BEFORE_LON": 104.77481,
      "AFTER_LAT": 1.8016833,
      "AFTER_LON": 104.82885,
      "SOG": 11,
      "MOVINGTIME": 1680.0,
      "ARRIVALTIME": "20251130020400"
    },
    {
      "SEQ": 23,
      "BEFORE_NODE": 23.0,
      "AFTER_NODE": 24.0,
      "BEFORE_LAT": 1.8016833,
      "BEFORE_LON": 104.82885,
      "AFTER_LAT": 1.8862333,
      "AFTER_LON": 104.8836,
      "SOG": 11,
      "MOVINGTIME": 1980.0,
      "ARRIVALTIME": "20251130023700"
    },
    {
      "SEQ": 24,
      "BEFORE_NODE": 24.0,
      "AFTER_NODE": 25.0,
      "BEFORE_LAT": 1.8862333,
      "BEFORE_LON": 104.8836,
      "AFTER_LAT": 1.9493001,
      "AFTER_LON": 104.92415,
      "SOG": 10.6,
      "MOVINGTIME": 1680.0,
      "ARRIVALTIME": "20251130030500"
    },
    {
      "SEQ": 25,
      "BEFORE_NODE": 25.0,
      "AFTER_NODE": 26.0,
      "BEFORE_LAT": 1.9493001,
      "BEFORE_LON": 104.92415,
      "AFTER_LAT": 2.0193667,
      "AFTER_LON": 104.9492,
      "SOG": 10.6,
      "MOVINGTIME": 1620.0,
      "ARRIVALTIME": "20251130033200"
    },
    {
      "SEQ": 26,
      "BEFORE_NODE": 26.0,
      "AFTER_NODE": 27.0,
      "BEFORE_LAT": 2.0193667,
      "BEFORE_LON": 104.9492,
      "AFTER_LAT": 2.1113,
      "AFTER_LON": 104.97945,
      "SOG": 10.6,
      "MOVINGTIME": 1740.0,
      "ARRIVALTIME": "20251130040100"
    },
    {
      "SEQ": 27,
      "BEFORE_NODE": 27.0,
      "AFTER_NODE": 28.0,
      "BEFORE_LAT": 2.1113,
      "BEFORE_LON": 104.97945,
      "AFTER_LAT": 2.19485,
      "AFTER_LON": 105.00901,
      "SOG": 10.6,
      "MOVINGTIME": 1860.0,
      "ARRIVALTIME": "20251130043200"
    },
    {
      "SEQ": 28,
      "BEFORE_NODE": 28.0,
      "AFTER_NODE": 29.0,
      "BEFORE_LAT": 2.19485,
      "BEFORE_LON": 105.00901,
      "AFTER_LAT": 2.2747166,
      "AFTER_LON": 105.03442,
      "SOG": 10.6,
      "MOVINGTIME": 1680.0,
      "ARRIVALTIME": "20251130050000"
    },
    {
      "SEQ": 29,
      "BEFORE_NODE": 29.0,
      "AFTER_NODE": 30.0,
      "BEFORE_LAT": 2.2747166,
      "BEFORE_LON": 105.03442,
      "AFTER_LAT": 2.3645501,
      "AFTER_LON": 105.05977,
      "SOG": 10.6,
      "MOVINGTIME": 1680.0,
      "ARRIVALTIME": "20251130052800"
    },
    {
      "SEQ": 30,
      "BEFORE_NODE": 30.0,
      "AFTER_NODE": 31.0,
      "BEFORE_LAT": 2.3645501,
      "BEFORE_LON": 105.05977,
      "AFTER_LAT": 2.5326166,
      "AFTER_LON": 105.11974,
      "SOG": 10.6,
      "MOVINGTIME": 3660.0,
      "ARRIVALTIME": "20251130062900"
    },
    {
      "SEQ": 31,
      "BEFORE_NODE": 31.0,
      "AFTER_NODE": 32.0,
      "BEFORE_LAT": 2.5326166,
      "BEFORE_LON": 105.11974,
      "AFTER_LAT": 2.6813166,
      "AFTER_LON": 105.17872,
      "SOG": 10.6,
      "MOVINGTIME": 3300.0,
      "ARRIVALTIME": "20251130072400"
    },
    {
      "SEQ": 32,
      "BEFORE_NODE": 32.0,
      "AFTER_NODE": 33.0,
      "BEFORE_LAT": 2.6813166,
      "BEFORE_LON": 105.17872,
      "AFTER_LAT": 2.7361,
      "AFTER_LON": 105.19807,
      "SOG": 10.6,
      "MOVINGTIME": 1680.0,
      "ARRIVALTIME": "20251130075200"
    },
    {
      "SEQ": 33,
      "BEFORE_NODE": 33.0,
      "AFTER_NODE": 34.0,
      "BEFORE_LAT": 2.7361,
      "BEFORE_LON": 105.19807,
      "AFTER_LAT": 2.8443999,
      "AFTER_LON": 105.23676,
      "SOG": 10.6,
      "MOVINGTIME": 2220.0,
      "ARRIVALTIME": "20251130082900"
    },
    {
      "SEQ": 34,
      "BEFORE_NODE": 34.0,
      "AFTER_NODE": 35.0,
      "BEFORE_LAT": 2.8443999,
      "BEFORE_LON": 105.23676,
      "AFTER_LAT": 2.9452167,
      "AFTER_LON": 105.27139,
      "SOG": 10.6,
      "MOVINGTIME": 1680.0,
      "ARRIVALTIME": "20251130085700"
    },
    {
      "SEQ": 35,
      "BEFORE_NODE": 35.0,
      "AFTER_NODE": 36.0,
      "BEFORE_LAT": 2.9452167,
      "BEFORE_LON": 105.27139,
      "AFTER_LAT": 3.0369,
      "AFTER_LON": 105.30161,
      "SOG": 10.6,
      "MOVINGTIME": 1980.0,
      "ARRIVALTIME": "20251130093000"
    },
    {
      "SEQ": 36,
      "BEFORE_NODE": 36.0,
      "AFTER_NODE": 37.0,
      "BEFORE_LAT": 3.0369,
      "BEFORE_LON": 105.30161,
      "AFTER_LAT": 3.1208,
      "AFTER_LON": 105.33213,
      "SOG": 10.6,
      "MOVINGTIME": 1860.0,
      "ARRIVALTIME": "20251130100100"
    },
    {
      "SEQ": 37,
      "BEFORE_NODE": 37.0,
      "AFTER_NODE": 38.0,
      "BEFORE_LAT": 3.1208,
      "BEFORE_LON": 105.33213,
      "AFTER_LAT": 3.1995499,
      "AFTER_LON": 105.36308,
      "SOG": 10.6,
      "MOVINGTIME": 1740.0,
      "ARRIVALTIME": "20251130103000"
    },
    {
      "SEQ": 38,
      "BEFORE_NODE": 38.0,
      "AFTER_NODE": 39.0,
      "BEFORE_LAT": 3.1995499,
      "BEFORE_LON": 105.36308,
      "AFTER_LAT": 3.2558999,
      "AFTER_LON": 105.38937,
      "SOG": 10.8,
      "MOVINGTIME": 1860.0,
      "ARRIVALTIME": "20251130110100"
    },
    {
      "SEQ": 39,
      "BEFORE_NODE": 39.0,
      "AFTER_NODE": 40.0,
      "BEFORE_LAT": 3.2558999,
      "BEFORE_LON": 105.38937,
      "AFTER_LAT": 3.3473001,
      "AFTER_LON": 105.42581,
      "SOG": 10.8,
      "MOVINGTIME": 1500.0,
      "ARRIVALTIME": "20251130112600"
    },
    {
      "SEQ": 40,
      "BEFORE_NODE": 40.0,
      "AFTER_NODE": 41.0,
      "BEFORE_LAT": 3.3473001,
      "BEFORE_LON": 105.42581,
      "AFTER_LAT": 3.4351001,
      "AFTER_LON": 105.45803,
      "SOG": 10.8,
      "MOVINGTIME": 2040.0,
      "ARRIVALTIME": "20251130120000"
    },
    {
      "SEQ": 41,
      "BEFORE_NODE": 41.0,
      "AFTER_NODE": 42.0,
      "BEFORE_LAT": 3.4351001,
      "BEFORE_LON": 105.45803,
      "AFTER_LAT": 3.5326166,
      "AFTER_LON": 105.49221,
      "SOG": 10.8,
      "MOVINGTIME": 1860.0,
      "ARRIVALTIME": "20251130123100"
    },
    {
      "SEQ": 42,
      "BEFORE_NODE": 42.0,
      "AFTER_NODE": 43.0,
      "BEFORE_LAT": 3.5326166,
      "BEFORE_LON": 105.49221,
      "AFTER_LAT": 3.5764167,
      "AFTER_LON": 105.50681,
      "SOG": 10.8,
      "MOVINGTIME": 1560.0,
      "ARRIVALTIME": "20251130125700"
    },
    {
      "SEQ": 43,
      "BEFORE_NODE": 43.0,
      "AFTER_NODE": 44.0,
      "BEFORE_LAT": 3.5764167,
      "BEFORE_LON": 105.50681,
      "AFTER_LAT": 3.7010167,
      "AFTER_LON": 105.56145,
      "SOG": 10.8,
      "MOVINGTIME": 2040.0,
      "ARRIVALTIME": "20251130133100"
    },
    {
      "SEQ": 44,
      "BEFORE_NODE": 44.0,
      "AFTER_NODE": 45.0,
      "BEFORE_LAT": 3.7010167,
      "BEFORE_LON": 105.56145,
      "AFTER_LAT": 3.7766166,
      "AFTER_LON": 105.59561,
      "SOG": 11,
      "MOVINGTIME": 1440.0,
      "ARRIVALTIME": "20251130135500"
    },
    {
      "SEQ": 45,
      "BEFORE_NODE": 45.0,
      "AFTER_NODE": 46.0,
      "BEFORE_LAT": 3.7766166,
      "BEFORE_LON": 105.59561,
      "AFTER_LAT": 3.8626666,
      "AFTER_LON": 105.6324,
      "SOG": 10.6,
      "MOVINGTIME": 1740.0,
      "ARRIVALTIME": "20251130142400"
    },
    {
      "SEQ": 46,
      "BEFORE_NODE": 46.0,
      "AFTER_NODE": 47.0,
      "BEFORE_LAT": 3.8626666,
      "BEFORE_LON": 105.6324,
      "AFTER_LAT": 3.9348667,
      "AFTER_LON": 105.66338,
      "SOG": 10.8,
      "MOVINGTIME": 2160.0,
      "ARRIVALTIME": "20251130150000"
    },
    {
      "SEQ": 47,
      "BEFORE_NODE": 47.0,
      "AFTER_NODE": 48.0,
      "BEFORE_LAT": 3.9348667,
      "BEFORE_LON": 105.66338,
      "AFTER_LAT": 4.0184002,
      "AFTER_LON": 105.69897,
      "SOG": 10.8,
      "MOVINGTIME": 1680.0,
      "ARRIVALTIME": "20251130152800"
    },
    {
      "SEQ": 48,
      "BEFORE_NODE": 48.0,
      "AFTER_NODE": 49.0,
      "BEFORE_LAT": 4.0184002,
      "BEFORE_LON": 105.69897,
      "AFTER_LAT": 4.1138334,
      "AFTER_LON": 105.73948,
      "SOG": 10.8,
      "MOVINGTIME": 1860.0,
      "ARRIVALTIME": "20251130155900"
    },
    {
      "SEQ": 49,
      "BEFORE_NODE": 49.0,
      "AFTER_NODE": 50.0,
      "BEFORE_LAT": 4.1138334,
      "BEFORE_LON": 105.73948,
      "AFTER_LAT": 4.2040501,
      "AFTER_LON": 105.77395,
      "SOG": 10.6,
      "MOVINGTIME": 1680.0,
      "ARRIVALTIME": "20251130162700"
    },
    {
      "SEQ": 50,
      "BEFORE_NODE": 50.0,
      "AFTER_NODE": 51.0,
      "BEFORE_LAT": 4.2040501,
      "BEFORE_LON": 105.77395,
      "AFTER_LAT": 4.2908335,
      "AFTER_LON": 105.81515,
      "SOG": 10.8,
      "MOVINGTIME": 1860.0,
      "ARRIVALTIME": "20251130165800"
    },
    {
      "SEQ": 51,
      "BEFORE_NODE": 51.0,
      "AFTER_NODE": 52.0,
      "BEFORE_LAT": 4.2908335,
      "BEFORE_LON": 105.81515,
      "AFTER_LAT": 4.3786998,
      "AFTER_LON": 105.85881,
      "SOG": 11.1,
      "MOVINGTIME": 1980.0,
      "ARRIVALTIME": "20251130173100"
    },
    {
      "SEQ": 52,
      "BEFORE_NODE": 52.0,
      "AFTER_NODE": 53.0,
      "BEFORE_LAT": 4.3786998,
      "BEFORE_LON": 105.85881,
      "AFTER_LAT": 4.4362168,
      "AFTER_LON": 105.8977,
      "SOG": 11.1,
      "MOVINGTIME": 1800.0,
      "ARRIVALTIME": "20251130180100"
    },
    {
      "SEQ": 53,
      "BEFORE_NODE": 53.0,
      "AFTER_NODE": 54.0,
      "BEFORE_LAT": 4.4362168,
      "BEFORE_LON": 105.8977,
      "AFTER_LAT": 4.5093331,
      "AFTER_LON": 105.9482,
      "SOG": 10.8,
      "MOVINGTIME": 1800.0,
      "ARRIVALTIME": "20251130183100"
    },
    {
      "SEQ": 54,
      "BEFORE_NODE": 54.0,
      "AFTER_NODE": 55.0,
      "BEFORE_LAT": 4.5093331,
      "BEFORE_LON": 105.9482,
      "AFTER_LAT": 4.5923333,
      "AFTER_LON": 106.01773,
      "SOG": 11,
      "MOVINGTIME": 2040.0,
      "ARRIVALTIME": "20251130190500"
    },
    {
      "SEQ": 55,
      "BEFORE_NODE": 55.0,
      "AFTER_NODE": 56.0,
      "BEFORE_LAT": 4.5923333,
      "BEFORE_LON": 106.01773,
      "AFTER_LAT": 4.6682501,
      "AFTER_LON": 106.07986,
      "SOG": 11.1,
      "MOVINGTIME": 1860.0,
      "ARRIVALTIME": "20251130193600"
    },
    {
      "SEQ": 56,
      "BEFORE_NODE": 56.0,
      "AFTER_NODE": 57.0,
      "BEFORE_LAT": 4.6682501,
      "BEFORE_LON": 106.07986,
      "AFTER_LAT": 4.74295,
      "AFTER_LON": 106.14162,
      "SOG": 11.1,
      "MOVINGTIME": 1740.0,
      "ARRIVALTIME": "20251130200500"
    },
    {
      "SEQ": 57,
      "BEFORE_NODE": 57.0,
      "AFTER_NODE": 58.0,
      "BEFORE_LAT": 4.74295,
      "BEFORE_LON": 106.14162,
      "AFTER_LAT": 4.8250666,
      "AFTER_LON": 106.20897,
      "SOG": 11.1,
      "MOVINGTIME": 1860.0,
      "ARRIVALTIME": "20251130203600"
    },
    {
      "SEQ": 58,
      "BEFORE_NODE": 58.0,
      "AFTER_NODE": 59.0,
      "BEFORE_LAT": 4.8250666,
      "BEFORE_LON": 106.20897,
      "AFTER_LAT": 4.8585835,
      "AFTER_LON": 106.23468,
      "SOG": 11.1,
      "MOVINGTIME": 1320.0,
      "ARRIVALTIME": "20251130205800"
    },
    {
      "SEQ": 59,
      "BEFORE_NODE": 59.0,
      "AFTER_NODE": 60.0,
      "BEFORE_LAT": 4.8585835,
      "BEFORE_LON": 106.23468,
      "AFTER_LAT": 4.9458165,
      "AFTER_LON": 106.31313,
      "SOG": 11.3,
      "MOVINGTIME": 2220.0,
      "ARRIVALTIME": "20251130213500"
    },
    {
      "SEQ": 60,
      "BEFORE_NODE": 60.0,
      "AFTER_NODE": 61.0,
      "BEFORE_LAT": 4.9458165,
      "BEFORE_LON": 106.31313,
      "AFTER_LAT": 5.0216999,
      "AFTER_LON": 106.37881,
      "SOG": 11.3,
      "MOVINGTIME": 1740.0,
      "ARRIVALTIME": "20251130220400"
    },
    {
      "SEQ": 61,
      "BEFORE_NODE": 61.0,
      "AFTER_NODE": 62.0,
      "BEFORE_LAT": 5.0216999,
      "BEFORE_LON": 106.37881,
      "AFTER_LAT": 5.0964665,
      "AFTER_LON": 106.4444,
      "SOG": 11.3,
      "MOVINGTIME": 1680.0,
      "ARRIVALTIME": "20251130223200"
    },
    {
      "SEQ": 62,
      "BEFORE_NODE": 62.0,
      "AFTER_NODE": 63.0,
      "BEFORE_LAT": 5.0964665,
      "BEFORE_LON": 106.4444,
      "AFTER_LAT": 5.1790166,
      "AFTER_LON": 106.5134,
      "SOG": 11.3,
      "MOVINGTIME": 2040.0,
      "ARRIVALTIME": "20251130230600"
    },
    {
      "SEQ": 63,
      "BEFORE_NODE": 63.0,
      "AFTER_NODE": 64.0,
      "BEFORE_LAT": 5.1790166,
      "BEFORE_LON": 106.5134,
      "AFTER_LAT": 5.2690167,
      "AFTER_LON": 106.55521,
      "SOG": 11.3,
      "MOVINGTIME": 1800.0,
      "ARRIVALTIME": "20251130233600"
    },
    {
      "SEQ": 64,
      "BEFORE_NODE": 64.0,
      "AFTER_NODE": 65.0,
      "BEFORE_LAT": 5.2690167,
      "BEFORE_LON": 106.55521,
      "AFTER_LAT": 5.3313332,
      "AFTER_LON": 106.57014,
      "SOG": 11.3,
      "MOVINGTIME": 1680.0,
      "ARRIVALTIME": "20251201000400"
    },
    {
      "SEQ": 65,
      "BEFORE_NODE": 65.0,
      "AFTER_NODE": 66.0,
      "BEFORE_LAT": 5.3313332,
      "BEFORE_LON": 106.57014,
      "AFTER_LAT": 5.4313335,
      "AFTER_LON": 106.59359,
      "SOG": 11.5,
      "MOVINGTIME": 1740.0,
      "ARRIVALTIME": "20251201003300"
    },
    {
      "SEQ": 66,
      "BEFORE_NODE": 66.0,
      "AFTER_NODE": 67.0,
      "BEFORE_LAT": 5.4313335,
      "BEFORE_LON": 106.59359,
      "AFTER_LAT": 5.5384002,
      "AFTER_LON": 106.61784,
      "SOG": 11.6,
      "MOVINGTIME": 1860.0,
      "ARRIVALTIME": "20251201010400"
    },
    {
      "SEQ": 67,
      "BEFORE_NODE": 67.0,
      "AFTER_NODE": 68.0,
      "BEFORE_LAT": 5.5384002,
      "BEFORE_LON": 106.61784,
      "AFTER_LAT": 5.6303334,
      "AFTER_LON": 106.63885,
      "SOG": 11.1,
      "MOVINGTIME": 1920.0,
      "ARRIVALTIME": "20251201013600"
    },
    {
      "SEQ": 68,
      "BEFORE_NODE": 68.0,
      "AFTER_NODE": 69.0,
      "BEFORE_LAT": 5.6303334,
      "BEFORE_LON": 106.63885,
      "AFTER_LAT": 5.7192335,
      "AFTER_LON": 106.65186,
      "SOG": 11.3,
      "MOVINGTIME": 1560.0,
      "ARRIVALTIME": "20251201020200"
    },
    {
      "SEQ": 69,
      "BEFORE_NODE": 69.0,
      "AFTER_NODE": 70.0,
      "BEFORE_LAT": 5.7192335,
      "BEFORE_LON": 106.65186,
      "AFTER_LAT": 5.8025498,
      "AFTER_LON": 106.65224,
      "SOG": 11.3,
      "MOVINGTIME": 1860.0,
      "ARRIVALTIME": "20251201023300"
    },
    {
      "SEQ": 70,
      "BEFORE_NODE": 70.0,
      "AFTER_NODE": 71.0,
      "BEFORE_LAT": 5.8025498,
      "BEFORE_LON": 106.65224,
      "AFTER_LAT": 5.8998499,
      "AFTER_LON": 106.67403,
      "SOG": 11.3,
      "MOVINGTIME": 1740.0,
      "ARRIVALTIME": "20251201030200"
    },
    {
      "SEQ": 71,
      "BEFORE_NODE": 71.0,
      "AFTER_NODE": 72.0,
      "BEFORE_LAT": 5.8998499,
      "BEFORE_LON": 106.67403,
      "AFTER_LAT": 5.9967666,
      "AFTER_LON": 106.6996,
      "SOG": 11.5,
      "MOVINGTIME": 1860.0,
      "ARRIVALTIME": "20251201033300"
    },
    {
      "SEQ": 72,
      "BEFORE_NODE": 72.0,
      "AFTER_NODE": 73.0,
      "BEFORE_LAT": 5.9967666,
      "BEFORE_LON": 106.6996,
      "AFTER_LAT": 6.0930166,
      "AFTER_LON": 106.72565,
      "SOG": 11.5,
      "MOVINGTIME": 1680.0,
      "ARRIVALTIME": "20251201040100"
    },
    {
      "SEQ": 73,
      "BEFORE_NODE": 73.0,
      "AFTER_NODE": 74.0,
      "BEFORE_LAT": 6.0930166,
      "BEFORE_LON": 106.72565,
      "AFTER_LAT": 6.1586332,
      "AFTER_LON": 106.74367,
      "SOG": 11.3,
      "MOVINGTIME": 1800.0,
      "ARRIVALTIME": "20251201043100"
    },
    {
      "SEQ": 74,
      "BEFORE_NODE": 74.0,
      "AFTER_NODE": 75.0,
      "BEFORE_LAT": 6.1586332,
      "BEFORE_LON": 106.74367,
      "AFTER_LAT": 6.2504168,
      "AFTER_LON": 106.76958,
      "SOG": 11.1,
      "MOVINGTIME": 1680.0,
      "ARRIVALTIME": "20251201045900"
    },
    {
      "SEQ": 75,
      "BEFORE_NODE": 75.0,
      "AFTER_NODE": 76.0,
      "BEFORE_LAT": 6.2504168,
      "BEFORE_LON": 106.76958,
      "AFTER_LAT": 6.3395667,
      "AFTER_LON": 106.7947,
      "SOG": 11.3,
      "MOVINGTIME": 1680.0,
      "ARRIVALTIME": "20251201052700"
    },
    {
      "SEQ": 76,
      "BEFORE_NODE": 76.0,
      "AFTER_NODE": 77.0,
      "BEFORE_LAT": 6.3395667,
      "BEFORE_LON": 106.7947,
      "AFTER_LAT": 6.4481001,
      "AFTER_LON": 106.82059,
      "SOG": 11.3,
      "MOVINGTIME": 1980.0,
      "ARRIVALTIME": "20251201060000"
    },
    {
      "SEQ": 77,
      "BEFORE_NODE": 77.0,
      "AFTER_NODE": 78.0,
      "BEFORE_LAT": 6.4481001,
      "BEFORE_LON": 106.82059,
      "AFTER_LAT": 6.5412335,
      "AFTER_LON": 106.84135,
      "SOG": 11.3,
      "MOVINGTIME": 1740.0,
      "ARRIVALTIME": "20251201062900"
    },
    {
      "SEQ": 78,
      "BEFORE_NODE": 78.0,
      "AFTER_NODE": 79.0,
      "BEFORE_LAT": 6.5412335,
      "BEFORE_LON": 106.84135,
      "AFTER_LAT": 6.62815,
      "AFTER_LON": 106.85863,
      "SOG": 11.1,
      "MOVINGTIME": 1680.0,
      "ARRIVALTIME": "20251201065700"
    },
    {
      "SEQ": 79,
      "BEFORE_NODE": 79.0,
      "AFTER_NODE": 80.0,
      "BEFORE_LAT": 6.62815,
      "BEFORE_LON": 106.85863,
      "AFTER_LAT": 6.7010498,
      "AFTER_LON": 106.87276,
      "SOG": 11.1,
      "MOVINGTIME": 1860.0,
      "ARRIVALTIME": "20251201072800"
    },
    {
      "SEQ": 80,
      "BEFORE_NODE": 80.0,
      "AFTER_NODE": 81.0,
      "BEFORE_LAT": 6.7010498,
      "BEFORE_LON": 106.87276,
      "AFTER_LAT": 6.7938666,
      "AFTER_LON": 106.89167,
      "SOG": 11.3,
      "MOVINGTIME": 1740.0,
      "ARRIVALTIME": "20251201075700"
    },
    {
      "SEQ": 81,
      "BEFORE_NODE": 81.0,
      "AFTER_NODE": 82.0,
      "BEFORE_LAT": 6.7938666,
      "BEFORE_LON": 106.89167,
      "AFTER_LAT": 6.8853002,
      "AFTER_LON": 106.90916,
      "SOG": 11.3,
      "MOVINGTIME": 1680.0,
      "ARRIVALTIME": "20251201082500"
    },
    {
      "SEQ": 82,
      "BEFORE_NODE": 82.0,
      "AFTER_NODE": 83.0,
      "BEFORE_LAT": 6.8853002,
      "BEFORE_LON": 106.90916,
      "AFTER_LAT": 6.9656,
      "AFTER_LON": 106.86382,
      "SOG": 11.8,
      "MOVINGTIME": 1680.0,
      "ARRIVALTIME": "20251201085300"
    },
    {
      "SEQ": 83,
      "BEFORE_NODE": 83.0,
      "AFTER_NODE": 84.0,
      "BEFORE_LAT": 6.9656,
      "BEFORE_LON": 106.86382,
      "AFTER_LAT": 7.0665336,
      "AFTER_LON": 106.90072,
      "SOG": 11.1,
      "MOVINGTIME": 2220.0,
      "ARRIVALTIME": "20251201093000"
    },
    {
      "SEQ": 84,
      "BEFORE_NODE": 84.0,
      "AFTER_NODE": 85.0,
      "BEFORE_LAT": 7.0665336,
      "BEFORE_LON": 106.90072,
      "AFTER_LAT": 7.15695,
      "AFTER_LON": 106.93853,
      "SOG": 11.3,
      "MOVINGTIME": 1740.0,
      "ARRIVALTIME": "20251201095900"
    },
    {
      "SEQ": 85,
      "BEFORE_NODE": 85.0,
      "AFTER_NODE": 86.0,
      "BEFORE_LAT": 7.15695,
      "BEFORE_LON": 106.93853,
      "AFTER_LAT": 7.2426,
      "AFTER_LON": 106.98092,
      "SOG": 11.3,
      "MOVINGTIME": 1800.0,
      "ARRIVALTIME": "20251201102900"
    },
    {
      "SEQ": 86,
      "BEFORE_NODE": 86.0,
      "AFTER_NODE": 87.0,
      "BEFORE_LAT": 7.2426,
      "BEFORE_LON": 106.98092,
      "AFTER_LAT": 7.3179002,
      "AFTER_LON": 107.01727,
      "SOG": 11.3,
      "MOVINGTIME": 1560.0,
      "ARRIVALTIME": "20251201105500"
    },
    {
      "SEQ": 87,
      "BEFORE_NODE": 87.0,
      "AFTER_NODE": 88.0,
      "BEFORE_LAT": 7.3179002,
      "BEFORE_LON": 107.01727,
      "AFTER_LAT": 7.6653833,
      "AFTER_LON": 107.10152,
      "SOG": 12.1,
      "MOVINGTIME": 7020.0,
      "ARRIVALTIME": "20251201125200"
    },
    {
      "SEQ": 88,
      "BEFORE_NODE": 88.0,
      "AFTER_NODE": 89.0,
      "BEFORE_LAT": 7.6653833,
      "BEFORE_LON": 107.10152,
      "AFTER_LAT": 7.8446832,
      "AFTER_LON": 107.17834,
      "SOG": 11.6,
      "MOVINGTIME": 3600.0,
      "ARRIVALTIME": "20251201135200"
    },
    {
      "SEQ": 89,
      "BEFORE_NODE": 89.0,
      "AFTER_NODE": 90.0,
      "BEFORE_LAT": 7.8446832,
      "BEFORE_LON": 107.17834,
      "AFTER_LAT": 8.4697838,
      "AFTER_LON": 107.30739,
      "SOG": 12.1,
      "MOVINGTIME": 12480.0,
      "ARRIVALTIME": "20251201172000"
    },
    {
      "SEQ": 90,
      "BEFORE_NODE": 90.0,
      "AFTER_NODE": 91.0,
      "BEFORE_LAT": 8.4697838,
      "BEFORE_LON": 107.30739,
      "AFTER_LAT": 8.6086664,
      "AFTER_LON": 107.35365,
      "SOG": 12,
      "MOVINGTIME": 2400.0,
      "ARRIVALTIME": "20251201180000"
    },
    {
      "SEQ": 91,
      "BEFORE_NODE": 91.0,
      "AFTER_NODE": 92.0,
      "BEFORE_LAT": 8.6086664,
      "BEFORE_LON": 107.35365,
      "AFTER_LAT": 8.6452169,
      "AFTER_LON": 107.3559,
      "SOG": 11.8,
      "MOVINGTIME": 1260.0,
      "ARRIVALTIME": "20251201182100"
    },
    {
      "SEQ": 92,
      "BEFORE_NODE": 92.0,
      "AFTER_NODE": 93.0,
      "BEFORE_LAT": 8.6452169,
      "BEFORE_LON": 107.3559,
      "AFTER_LAT": 8.7764168,
      "AFTER_LON": 107.38406,
      "SOG": 12.8,
      "MOVINGTIME": 2340.0,
      "ARRIVALTIME": "20251201190000"
    },
    {
      "SEQ": 93,
      "BEFORE_NODE": 93.0,
      "AFTER_NODE": 94.0,
      "BEFORE_LAT": 8.7764168,
      "BEFORE_LON": 107.38406,
      "AFTER_LAT": 8.8602829,
      "AFTER_LON": 107.47239,
      "SOG": 12.6,
      "MOVINGTIME": 1800.0,
      "ARRIVALTIME": "20251201193000"
    },
    {
      "SEQ": 94,
      "BEFORE_NODE": 94.0,
      "AFTER_NODE": 95.0,
      "BEFORE_LAT": 8.8602829,
      "BEFORE_LON": 107.47239,
      "AFTER_LAT": 8.9598837,
      "AFTER_LON": 107.50728,
      "SOG": 12.1,
      "MOVINGTIME": 1860.0,
      "ARRIVALTIME": "20251201200100"
    },
    {
      "SEQ": 95,
      "BEFORE_NODE": 95.0,
      "AFTER_NODE": 96.0,
      "BEFORE_LAT": 8.9598837,
      "BEFORE_LON": 107.50728,
      "AFTER_LAT": 9.0532999,
      "AFTER_LON": 107.54279,
      "SOG": 11.8,
      "MOVINGTIME": 1560.0,
      "ARRIVALTIME": "20251201202700"
    },
    {
      "SEQ": 96,
      "BEFORE_NODE": 96.0,
      "AFTER_NODE": 97.0,
      "BEFORE_LAT": 9.0532999,
      "BEFORE_LON": 107.54279,
      "AFTER_LAT": 9.3692169,
      "AFTER_LON": 107.40134,
      "SOG": 11.8,
      "MOVINGTIME": 7320.0,
      "ARRIVALTIME": "20251201222900"
    },
    {
      "SEQ": 97,
      "BEFORE_NODE": 97.0,
      "AFTER_NODE": 98.0,
      "BEFORE_LAT": 9.3692169,
      "BEFORE_LON": 107.40134,
      "AFTER_LAT": 9.4475164,
      "AFTER_LON": 107.3514,
      "SOG": 11.5,
      "MOVINGTIME": 1920.0,
      "ARRIVALTIME": "20251201230100"
    },
    {
      "SEQ": 98,
      "BEFORE_NODE": 98.0,
      "AFTER_NODE": 99.0,
      "BEFORE_LAT": 9.4475164,
      "BEFORE_LON": 107.3514,
      "AFTER_LAT": 9.522933,
      "AFTER_LON": 107.28342,
      "SOG": 11.5,
      "MOVINGTIME": 1860.0,
      "ARRIVALTIME": "20251201233200"
    },
    {
      "SEQ": 99,
      "BEFORE_NODE": 99.0,
      "AFTER_NODE": 100.0,
      "BEFORE_LAT": 9.522933,
      "BEFORE_LON": 107.28342,
      "AFTER_LAT": 9.5990496,
      "AFTER_LON": 107.2537,
      "SOG": 11.8,
      "MOVINGTIME": 1260.0,
      "ARRIVALTIME": "20251201235300"
    },
    {
      "SEQ": 100,
      "BEFORE_NODE": 100.0,
      "AFTER_NODE": 101.0,
      "BEFORE_LAT": 9.5990496,
      "BEFORE_LON": 107.2537,
      "AFTER_LAT": 9.783967,
      "AFTER_LON": 107.26038,
      "SOG": 11.6,
      "MOVINGTIME": 3900.0,
      "ARRIVALTIME": "20251202005800"
    },
    {
      "SEQ": 101,
      "BEFORE_NODE": 101.0,
      "AFTER_NODE": 102.0,
      "BEFORE_LAT": 9.783967,
      "BEFORE_LON": 107.26038,
      "AFTER_LAT": 9.8835831,
      "AFTER_LON": 107.28315,
      "SOG": 11.3,
      "MOVINGTIME": 1980.0,
      "ARRIVALTIME": "20251202013100"
    },
    {
      "SEQ": 102,
      "BEFORE_NODE": 102.0,
      "AFTER_NODE": 103.0,
      "BEFORE_LAT": 9.8835831,
      "BEFORE_LON": 107.28315,
      "AFTER_LAT": 9.9647999,
      "AFTER_LON": 107.32832,
      "SOG": 11.3,
      "MOVINGTIME": 1980.0,
      "ARRIVALTIME": "20251202020400"
    },
    {
      "SEQ": 103,
      "BEFORE_NODE": 103.0,
      "AFTER_NODE": 104.0,
      "BEFORE_LAT": 9.9647999,
      "BEFORE_LON": 107.32832,
      "AFTER_LAT": 10.035316,
      "AFTER_LON": 107.3247,
      "SOG": 0.5,
      "MOVINGTIME": 1800.0,
      "ARRIVALTIME": "20251202023400"
    },
    {
      "SEQ": 104,
      "BEFORE_NODE": 104.0,
      "AFTER_NODE": 105.0,
      "BEFORE_LAT": 10.035316,
      "BEFORE_LON": 107.3247,
      "AFTER_LAT": 10.037316,
      "AFTER_LON": 107.3234,
      "SOG": 0.1,
      "MOVINGTIME": 1740.0,
      "ARRIVALTIME": "20251202030300"
    },
    {
      "SEQ": 105,
      "BEFORE_NODE": 105.0,
      "AFTER_NODE": 106.0,
      "BEFORE_LAT": 10.037316,
      "BEFORE_LON": 107.3234,
      "AFTER_LAT": 10.037217,
      "AFTER_LON": 107.32288,
      "SOG": 0.2,
      "MOVINGTIME": 1560.0,
      "ARRIVALTIME": "20251202032900"
    },
    {
      "SEQ": 106,
      "BEFORE_NODE": 106.0,
      "AFTER_NODE": 107.0,
      "BEFORE_LAT": 10.037217,
      "BEFORE_LON": 107.32288,
      "AFTER_LAT": 10.035983,
      "AFTER_LON": 107.32307,
      "SOG": 0.3,
      "MOVINGTIME": 1800.0,
      "ARRIVALTIME": "20251202035900"
    },
    {
      "SEQ": 107,
      "BEFORE_NODE": 107.0,
      "AFTER_NODE": 108.0,
      "BEFORE_LAT": 10.035983,
      "BEFORE_LON": 107.32307,
      "AFTER_LAT": 10.031183,
      "AFTER_LON": 107.32405,
      "SOG": 0.5,
      "MOVINGTIME": 1860.0,
      "ARRIVALTIME": "20251202043000"
    },
    {
      "SEQ": 108,
      "BEFORE_NODE": 108.0,
      "AFTER_NODE": 109.0,
      "BEFORE_LAT": 10.031183,
      "BEFORE_LON": 107.32405,
      "AFTER_LAT": 10.027966,
      "AFTER_LON": 107.32519,
      "SOG": 0.5,
      "MOVINGTIME": 1800.0,
      "ARRIVALTIME": "20251202050000"
    },
    {
      "SEQ": 109,
      "BEFORE_NODE": 109.0,
      "AFTER_NODE": 110.0,
      "BEFORE_LAT": 10.027966,
      "BEFORE_LON": 107.32519,
      "AFTER_LAT": 10.024966,
      "AFTER_LON": 107.32674,
      "SOG": 0.6,
      "MOVINGTIME": 1800.0,
      "ARRIVALTIME": "20251202053000"
    },
    {
      "SEQ": 110,
      "BEFORE_NODE": 110.0,
      "AFTER_NODE": 111.0,
      "BEFORE_LAT": 10.024966,
      "BEFORE_LON": 107.32674,
      "AFTER_LAT": 10.019183,
      "AFTER_LON": 107.33245,
      "SOG": 0.6,
      "MOVINGTIME": 1800.0,
      "ARRIVALTIME": "20251202060000"
    },
    {
      "SEQ": 111,
      "BEFORE_NODE": 111.0,
      "AFTER_NODE": 112.0,
      "BEFORE_LAT": 10.019183,
      "BEFORE_LON": 107.33245,
      "AFTER_LAT": 10.016233,
      "AFTER_LON": 107.3368,
      "SOG": 0.6,
      "MOVINGTIME": 1860.0,
      "ARRIVALTIME": "20251202063100"
    },
    {
      "SEQ": 112,
      "BEFORE_NODE": 112.0,
      "AFTER_NODE": 113.0,
      "BEFORE_LAT": 10.016233,
      "BEFORE_LON": 107.3368,
      "AFTER_LAT": 10.013033,
      "AFTER_LON": 107.34274,
      "SOG": 0.6,
      "MOVINGTIME": 1620.0,
      "ARRIVALTIME": "20251202065800"
    },
    {
      "SEQ": 113,
      "BEFORE_NODE": 113.0,
      "AFTER_NODE": 114.0,
      "BEFORE_LAT": 10.013033,
      "BEFORE_LON": 107.34274,
      "AFTER_LAT": 10.01125,
      "AFTER_LON": 107.349,
      "SOG": 0.8,
      "MOVINGTIME": 1740.0,
      "ARRIVALTIME": "20251202072700"
    },
    {
      "SEQ": 114,
      "BEFORE_NODE": 114.0,
      "AFTER_NODE": 115.0,
      "BEFORE_LAT": 10.01125,
      "BEFORE_LON": 107.349,
      "AFTER_LAT": 10.01,
      "AFTER_LON": 107.35399,
      "SOG": 0.6,
      "MOVINGTIME": 1980.0,
      "ARRIVALTIME": "20251202080000"
    },
    {
      "SEQ": 115,
      "BEFORE_NODE": 115.0,
      "AFTER_NODE": 116.0,
      "BEFORE_LAT": 10.01,
      "BEFORE_LON": 107.35399,
      "AFTER_LAT": 10.008217,
      "AFTER_LON": 107.3593,
      "SOG": 0.6,
      "MOVINGTIME": 1680.0,
      "ARRIVALTIME": "20251202082800"
    },
    {
      "SEQ": 116,
      "BEFORE_NODE": 116.0,
      "AFTER_NODE": 117.0,
      "BEFORE_LAT": 10.008217,
      "BEFORE_LON": 107.3593,
      "AFTER_LAT": 10.006733,
      "AFTER_LON": 107.3631,
      "SOG": 0.6,
      "MOVINGTIME": 1500.0,
      "ARRIVALTIME": "20251202085300"
    },
    {
      "SEQ": 117,
      "BEFORE_NODE": 117.0,
      "AFTER_NODE": 118.0,
      "BEFORE_LAT": 10.006733,
      "BEFORE_LON": 107.3631,
      "AFTER_LAT": 10.004766,
      "AFTER_LON": 107.36753,
      "SOG": 0.4,
      "MOVINGTIME": 2340.0,
      "ARRIVALTIME": "20251202093200"
    },
    {
      "SEQ": 118,
      "BEFORE_NODE": 118.0,
      "AFTER_NODE": 119.0,
      "BEFORE_LAT": 10.004766,
      "BEFORE_LON": 107.36753,
      "AFTER_LAT": 10.004184,
      "AFTER_LON": 107.36968,
      "SOG": 0.2,
      "MOVINGTIME": 1680.0,
      "ARRIVALTIME": "20251202100000"
    },
    {
      "SEQ": 119,
      "BEFORE_NODE": 119.0,
      "AFTER_NODE": 120.0,
      "BEFORE_LAT": 10.004184,
      "BEFORE_LON": 107.36968,
      "AFTER_LAT": 10.003633,
      "AFTER_LON": 107.37033,
      "SOG": 0.1,
      "MOVINGTIME": 1620.0,
      "ARRIVALTIME": "20251202102700"
    },
    {
      "SEQ": 120,
      "BEFORE_NODE": 120.0,
      "AFTER_NODE": 121.0,
      "BEFORE_LAT": 10.003633,
      "BEFORE_LON": 107.37033,
      "AFTER_LAT": 10.00315,
      "AFTER_LON": 107.36993,
      "SOG": 0.2,
      "MOVINGTIME": 1800.0,
      "ARRIVALTIME": "20251202105700"
    },
    {
      "SEQ": 121,
      "BEFORE_NODE": 121.0,
      "AFTER_NODE": 122.0,
      "BEFORE_LAT": 10.00315,
      "BEFORE_LON": 107.36993,
      "AFTER_LAT": 10.002,
      "AFTER_LON": 107.3685,
      "SOG": 0.3,
      "MOVINGTIME": 2100.0,
      "ARRIVALTIME": "20251202113200"
    },
    {
      "SEQ": 122,
      "BEFORE_NODE": 122.0,
      "AFTER_NODE": 123.0,
      "BEFORE_LAT": 10.002,
      "BEFORE_LON": 107.3685,
      "AFTER_LAT": 10.001866,
      "AFTER_LON": 107.36553,
      "SOG": 0.4,
      "MOVINGTIME": 1380.0,
      "ARRIVALTIME": "20251202115500"
    },
    {
      "SEQ": 123,
      "BEFORE_NODE": 123.0,
      "AFTER_NODE": 124.0,
      "BEFORE_LAT": 10.001866,
      "BEFORE_LON": 107.36553,
      "AFTER_LAT": 10.002033,
      "AFTER_LON": 107.36002,
      "SOG": 0.6,
      "MOVINGTIME": 2160.0,
      "ARRIVALTIME": "20251202123100"
    },
    {
      "SEQ": 124,
      "BEFORE_NODE": 124.0,
      "AFTER_NODE": 125.0,
      "BEFORE_LAT": 10.002033,
      "BEFORE_LON": 107.36002,
      "AFTER_LAT": 10.002666,
      "AFTER_LON": 107.35519,
      "SOG": 0.6,
      "MOVINGTIME": 1680.0,
      "ARRIVALTIME": "20251202125900"
    },
    {
      "SEQ": 125,
      "BEFORE_NODE": 125.0,
      "AFTER_NODE": 126.0,
      "BEFORE_LAT": 10.002666,
      "BEFORE_LON": 107.35519,
      "AFTER_LAT": 10.001284,
      "AFTER_LON": 107.35152,
      "SOG": 0.6,
      "MOVINGTIME": 1740.0,
      "ARRIVALTIME": "20251202132800"
    },
    {
      "SEQ": 126,
      "BEFORE_NODE": 126.0,
      "AFTER_NODE": 127.0,
      "BEFORE_LAT": 10.001284,
      "BEFORE_LON": 107.35152,
      "AFTER_LAT": 10.012283,
      "AFTER_LON": 107.3535,
      "SOG": 9.5,
      "MOVINGTIME": 1200.0,
      "ARRIVALTIME": "20251202134800"
    },
    {
      "SEQ": 127,
      "BEFORE_NODE": 127.0,
      "AFTER_NODE": 128.0,
      "BEFORE_LAT": 10.012283,
      "BEFORE_LON": 107.3535,
      "AFTER_LAT": 10.168183,
      "AFTER_LON": 107.28495,
      "SOG": 0.6,
      "MOVINGTIME": 7800.0,
      "ARRIVALTIME": "20251202155800"
    },
    {
      "SEQ": 128,
      "BEFORE_NODE": 128.0,
      "AFTER_NODE": 129.0,
      "BEFORE_LAT": 10.168183,
      "BEFORE_LON": 107.28495,
      "AFTER_LAT": 10.169884,
      "AFTER_LON": 107.2911,
      "SOG": 0.8,
      "MOVINGTIME": 1800.0,
      "ARRIVALTIME": "20251202162800"
    },
    {
      "SEQ": 129,
      "BEFORE_NODE": 129.0,
      "AFTER_NODE": 130.0,
      "BEFORE_LAT": 10.169884,
      "BEFORE_LON": 107.2911,
      "AFTER_LAT": 10.171267,
      "AFTER_LON": 107.29728,
      "SOG": 1,
      "MOVINGTIME": 1920.0,
      "ARRIVALTIME": "20251202170000"
    },
    {
      "SEQ": 130,
      "BEFORE_NODE": 130.0,
      "AFTER_NODE": 131.0,
      "BEFORE_LAT": 10.171267,
      "BEFORE_LON": 107.29728,
      "AFTER_LAT": 10.17355,
      "AFTER_LON": 107.30687,
      "SOG": 1.1,
      "MOVINGTIME": 1740.0,
      "ARRIVALTIME": "20251202172900"
    },
    {
      "SEQ": 131,
      "BEFORE_NODE": 131.0,
      "AFTER_NODE": 132.0,
      "BEFORE_LAT": 10.17355,
      "BEFORE_LON": 107.30687,
      "AFTER_LAT": 10.175834,
      "AFTER_LON": 107.31717,
      "SOG": 1.1,
      "MOVINGTIME": 1860.0,
      "ARRIVALTIME": "20251202180000"
    },
    {
      "SEQ": 132,
      "BEFORE_NODE": 132.0,
      "AFTER_NODE": 133.0,
      "BEFORE_LAT": 10.175834,
      "BEFORE_LON": 107.31717,
      "AFTER_LAT": 10.172983,
      "AFTER_LON": 107.29668,
      "SOG": 1.2,
      "MOVINGTIME": 1740.0,
      "ARRIVALTIME": "20251202182900"
    },
    {
      "SEQ": 133,
      "BEFORE_NODE": 133.0,
      "AFTER_NODE": 134.0,
      "BEFORE_LAT": 10.172983,
      "BEFORE_LON": 107.29668,
      "AFTER_LAT": 10.16695,
      "AFTER_LON": 107.30375,
      "SOG": 1.6,
      "MOVINGTIME": 2109.0,
      "ARRIVALTIME": "20251202190409"
    },
    {
      "SEQ": 134,
      "BEFORE_NODE": 134.0,
      "AFTER_NODE": 135.0,
      "BEFORE_LAT": 10.16695,
      "BEFORE_LON": 107.30375,
      "AFTER_LAT": 10.164117,
      "AFTER_LON": 107.3141,
      "SOG": 1.6,
      "MOVINGTIME": 1491.0,
      "ARRIVALTIME": "20251202192900"
    },
    {
      "SEQ": 135,
      "BEFORE_NODE": 135.0,
      "AFTER_NODE": 136.0,
      "BEFORE_LAT": 10.164117,
      "BEFORE_LON": 107.3141,
      "AFTER_LAT": 10.177,
      "AFTER_LON": 107.2845,
      "SOG": 3,
      "MOVINGTIME": 1680.0,
      "ARRIVALTIME": "20251202195700"
    },
    {
      "SEQ": 136,
      "BEFORE_NODE": 136.0,
      "AFTER_NODE": 137.0,
      "BEFORE_LAT": 10.177,
      "BEFORE_LON": 107.2845,
      "AFTER_LAT": 10.170767,
      "AFTER_LON": 107.2792,
      "SOG": 0.3,
      "MOVINGTIME": 1800.0,
      "ARRIVALTIME": "20251202202700"
    },
    {
      "SEQ": 137,
      "BEFORE_NODE": 137.0,
      "AFTER_NODE": 138.0,
      "BEFORE_LAT": 10.170767,
      "BEFORE_LON": 107.2792,
      "AFTER_LAT": 10.168484,
      "AFTER_LON": 107.28595,
      "SOG": 1.1,
      "MOVINGTIME": 1980.0,
      "ARRIVALTIME": "20251202210000"
    },
    {
      "SEQ": 138,
      "BEFORE_NODE": 138.0,
      "AFTER_NODE": 139.0,
      "BEFORE_LAT": 10.168484,
      "BEFORE_LON": 107.28595,
      "AFTER_LAT": 10.1676,
      "AFTER_LON": 107.2929,
      "SOG": 1.2,
      "MOVINGTIME": 1740.0,
      "ARRIVALTIME": "20251202212900"
    },
    {
      "SEQ": 139,
      "BEFORE_NODE": 139.0,
      "AFTER_NODE": 140.0,
      "BEFORE_LAT": 10.1676,
      "BEFORE_LON": 107.2929,
      "AFTER_LAT": 10.203484,
      "AFTER_LON": 107.2593,
      "SOG": 9.5,
      "MOVINGTIME": 1740.0,
      "ARRIVALTIME": "20251202215800"
    },
    {
      "SEQ": 140,
      "BEFORE_NODE": 140.0,
      "AFTER_NODE": 141.0,
      "BEFORE_LAT": 10.203484,
      "BEFORE_LON": 107.2593,
      "AFTER_LAT": 10.256634,
      "AFTER_LON": 107.20208,
      "SOG": 9,
      "MOVINGTIME": 1860.0,
      "ARRIVALTIME": "20251202222900"
    },
    {
      "SEQ": 141,
      "BEFORE_NODE": 141.0,
      "AFTER_NODE": 142.0,
      "BEFORE_LAT": 10.256634,
      "BEFORE_LON": 107.20208,
      "AFTER_LAT": 10.2593,
      "AFTER_LON": 107.11605,
      "SOG": 6.3,
      "MOVINGTIME": 1860.0,
      "ARRIVALTIME": "20251202230000"
    },
    {
      "SEQ": 142,
      "BEFORE_NODE": 142.0,
      "AFTER_NODE": 143.0,
      "BEFORE_LAT": 10.2593,
      "BEFORE_LON": 107.11605,
      "AFTER_LAT": 10.311017,
      "AFTER_LON": 107.06535,
      "SOG": 10.1,
      "MOVINGTIME": 1680.0,
      "ARRIVALTIME": "20251202232800"
    },
    {
      "SEQ": 143,
      "BEFORE_NODE": 143.0,
      "AFTER_NODE": 144.0,
      "BEFORE_LAT": 10.311017,
      "BEFORE_LON": 107.06535,
      "AFTER_LAT": 10.400033,
      "AFTER_LON": 107.03722,
      "SOG": 10.5,
      "MOVINGTIME": 1860.0,
      "ARRIVALTIME": "20251202235900"
    },
    {
      "SEQ": 144,
      "BEFORE_NODE": 144.0,
      "AFTER_NODE": 145.0,
      "BEFORE_LAT": 10.400033,
      "BEFORE_LON": 107.03722,
      "AFTER_LAT": 10.446567,
      "AFTER_LON": 107.00172,
      "SOG": 6.8,
      "MOVINGTIME": 1740.0,
      "ARRIVALTIME": "20251203002800"
    },
    {
      "SEQ": 145,
      "BEFORE_NODE": 145.0,
      "AFTER_NODE": 146.0,
      "BEFORE_LAT": 10.446567,
      "BEFORE_LON": 107.00172,
      "AFTER_LAT": 10.5171,
      "AFTER_LON": 107.01054,
      "SOG": 5.1,
      "MOVINGTIME": 1980.0,
      "ARRIVALTIME": "20251203010100"
    },
    {
      "SEQ": 146,
      "BEFORE_NODE": 146.0,
      "AFTER_NODE": 147.0,
      "BEFORE_LAT": 10.5171,
      "BEFORE_LON": 107.01054,
      "AFTER_LAT": 10.5465,
      "AFTER_LON": 107.02274,
      "SOG": 1,
      "MOVINGTIME": 1980.0,
      "ARRIVALTIME": "20251203013400"
    },
    {
      "SEQ": 147,
      "BEFORE_NODE": 147.0,
      "AFTER_NODE": 148.0,
      "BEFORE_LAT": 10.5465,
      "BEFORE_LON": 107.02274,
      "AFTER_LAT": 10.538217,
      "AFTER_LON": 107.02832,
      "SOG": 0.3,
      "MOVINGTIME": 1680.0,
      "ARRIVALTIME": "20251203020200"
    },
    {
      "SEQ": 148,
      "BEFORE_NODE": 148.0,
      "AFTER_NODE": 149.0,
      "BEFORE_LAT": 10.538217,
      "BEFORE_LON": 107.02832,
      "AFTER_LAT": 10.538234,
      "AFTER_LON": 107.02843,
      "SOG": 0.1,
      "MOVINGTIME": 1740.0,
      "ARRIVALTIME": "20251203023100"
    },
    {
      "SEQ": 149,
      "BEFORE_NODE": 149.0,
      "AFTER_NODE": 150.0,
      "BEFORE_LAT": 10.538234,
      "BEFORE_LON": 107.02843,
      "AFTER_LAT": 10.538234,
      "AFTER_LON": 107.0284,
      "SOG": 0.1,
      "MOVINGTIME": 1740.0,
      "ARRIVALTIME": "20251203030000"
    },
    {
      "SEQ": 150,
      "BEFORE_NODE": 150.0,
      "AFTER_NODE": 151.0,
      "BEFORE_LAT": 10.538234,
      "BEFORE_LON": 107.0284,
      "AFTER_LAT": 10.538234,
      "AFTER_LON": 107.02839,
      "SOG": 0,
      "MOVINGTIME": 1680.0,
      "ARRIVALTIME": "20251203032800"
    },
    {
      "SEQ": 151,
      "BEFORE_NODE": 151.0,
      "AFTER_NODE": 152.0,
      "BEFORE_LAT": 10.538234,
      "BEFORE_LON": 107.02839,
      "AFTER_LAT": 10.538234,
      "AFTER_LON": 107.02834,
      "SOG": 0,
      "MOVINGTIME": 1980.0,
      "ARRIVALTIME": "20251203040100"
    },
    {
      "SEQ": 152,
      "BEFORE_NODE": 152.0,
      "AFTER_NODE": 153.0,
      "BEFORE_LAT": 10.538234,
      "BEFORE_LON": 107.02834,
      "AFTER_LAT": 10.538217,
      "AFTER_LON": 107.02825,
      "SOG": 0,
      "MOVINGTIME": 1620.0,
      "ARRIVALTIME": "20251203042800"
    },
    {
      "SEQ": 153,
      "BEFORE_NODE": 153.0,
      "AFTER_NODE": 154.0,
      "BEFORE_LAT": 10.538217,
      "BEFORE_LON": 107.02825,
      "AFTER_LAT": 10.538217,
      "AFTER_LON": 107.02839,
      "SOG": 0.1,
      "MOVINGTIME": 1860.0,
      "ARRIVALTIME": "20251203045900"
    },
    {
      "SEQ": 154,
      "BEFORE_NODE": 154.0,
      "AFTER_NODE": 155.0,
      "BEFORE_LAT": 10.538217,
      "BEFORE_LON": 107.02839,
      "AFTER_LAT": 10.538283,
      "AFTER_LON": 107.02845,
      "SOG": 0,
      "MOVINGTIME": 1500.0,
      "ARRIVALTIME": "20251203052400"
    },
    {
      "SEQ": 155,
      "BEFORE_NODE": 155.0,
      "AFTER_NODE": 156.0,
      "BEFORE_LAT": 10.538283,
      "BEFORE_LON": 107.02845,
      "AFTER_LAT": 10.5383,
      "AFTER_LON": 107.02847,
      "SOG": 0,
      "MOVINGTIME": 2280.0,
      "ARRIVALTIME": "20251203060200"
    },
    {
      "SEQ": 156,
      "BEFORE_NODE": 156.0,
      "AFTER_NODE": 157.0,
      "BEFORE_LAT": 10.5383,
      "BEFORE_LON": 107.02847,
      "AFTER_LAT": 10.5382,
      "AFTER_LON": 107.02834,
      "SOG": 0,
      "MOVINGTIME": 1500.0,
      "ARRIVALTIME": "20251203062700"
    },
    {
      "SEQ": 157,
      "BEFORE_NODE": 157.0,
      "AFTER_NODE": 158.0,
      "BEFORE_LAT": 10.5382,
      "BEFORE_LON": 107.02834,
      "AFTER_LAT": 10.53825,
      "AFTER_LON": 107.02839,
      "SOG": 0,
      "MOVINGTIME": 1920.0,
      "ARRIVALTIME": "20251203065900"
    },
    {
      "SEQ": 158,
      "BEFORE_NODE": 158.0,
      "AFTER_NODE": 159.0,
      "BEFORE_LAT": 10.53825,
      "BEFORE_LON": 107.02839,
      "AFTER_LAT": 10.538234,
      "AFTER_LON": 107.02843,
      "SOG": 0.1,
      "MOVINGTIME": 1680.0,
      "ARRIVALTIME": "20251203072700"
    },
    {
      "SEQ": 159,
      "BEFORE_NODE": 159.0,
      "AFTER_NODE": 160.0,
      "BEFORE_LAT": 10.538234,
      "BEFORE_LON": 107.02843,
      "AFTER_LAT": 10.538183,
      "AFTER_LON": 107.02841,
      "SOG": 0,
      "MOVINGTIME": 1980.0,
      "ARRIVALTIME": "20251203080000"
    },
    {
      "SEQ": 160,
      "BEFORE_NODE": 160.0,
      "AFTER_NODE": 161.0,
      "BEFORE_LAT": 10.538183,
      "BEFORE_LON": 107.02841,
      "AFTER_LAT": 10.538217,
      "AFTER_LON": 107.0284,
      "SOG": 0,
      "MOVINGTIME": 1500.0,
      "ARRIVALTIME": "20251203082500"
    },
    {
      "SEQ": 161,
      "BEFORE_NODE": 161.0,
      "AFTER_NODE": 162.0,
      "BEFORE_LAT": 10.538217,
      "BEFORE_LON": 107.0284,
      "AFTER_LAT": 10.5382,
      "AFTER_LON": 107.02841,
      "SOG": 0.1,
      "MOVINGTIME": 1980.0,
      "ARRIVALTIME": "20251203085800"
    },
    {
      "SEQ": 162,
      "BEFORE_NODE": 162.0,
      "AFTER_NODE": 163.0,
      "BEFORE_LAT": 10.5382,
      "BEFORE_LON": 107.02841,
      "AFTER_LAT": 10.5382,
      "AFTER_LON": 107.0284,
      "SOG": 0.1,
      "MOVINGTIME": 1800.0,
      "ARRIVALTIME": "20251203092800"
    },
    {
      "SEQ": 163,
      "BEFORE_NODE": 163.0,
      "AFTER_NODE": 164.0,
      "BEFORE_LAT": 10.5382,
      "BEFORE_LON": 107.0284,
      "AFTER_LAT": 10.538283,
      "AFTER_LON": 107.02841,
      "SOG": 0.1,
      "MOVINGTIME": 1800.0,
      "ARRIVALTIME": "20251203095800"
    },
    {
      "SEQ": 164,
      "BEFORE_NODE": 164.0,
      "AFTER_NODE": 165.0,
      "BEFORE_LAT": 10.538283,
      "BEFORE_LON": 107.02841,
      "AFTER_LAT": 10.538183,
      "AFTER_LON": 107.0284,
      "SOG": 0.1,
      "MOVINGTIME": 1920.0,
      "ARRIVALTIME": "20251203103000"
    },
    {
      "SEQ": 165,
      "BEFORE_NODE": 165.0,
      "AFTER_NODE": 166.0,
      "BEFORE_LAT": 10.538183,
      "BEFORE_LON": 107.0284,
      "AFTER_LAT": 10.538283,
      "AFTER_LON": 107.02839,
      "SOG": 0.1,
      "MOVINGTIME": 1620.0,
      "ARRIVALTIME": "20251203105700"
    },
    {
      "SEQ": 166,
      "BEFORE_NODE": 166.0,
      "AFTER_NODE": 167.0,
      "BEFORE_LAT": 10.538283,
      "BEFORE_LON": 107.02839,
      "AFTER_LAT": 10.53825,
      "AFTER_LON": 107.02841,
      "SOG": 0.1,
      "MOVINGTIME": 1680.0,
      "ARRIVALTIME": "20251203112500"
    },
    {
      "SEQ": 167,
      "BEFORE_NODE": 167.0,
      "AFTER_NODE": 168.0,
      "BEFORE_LAT": 10.53825,
      "BEFORE_LON": 107.02841,
      "AFTER_LAT": 10.538267,
      "AFTER_LON": 107.02845,
      "SOG": 0.1,
      "MOVINGTIME": 2040.0,
      "ARRIVALTIME": "20251203115900"
    },
    {
      "SEQ": 168,
      "BEFORE_NODE": 168.0,
      "AFTER_NODE": 169.0,
      "BEFORE_LAT": 10.538267,
      "BEFORE_LON": 107.02845,
      "AFTER_LAT": 10.538217,
      "AFTER_LON": 107.02834,
      "SOG": 0.1,
      "MOVINGTIME": 1620.0,
      "ARRIVALTIME": "20251203122600"
    },
    {
      "SEQ": 169,
      "BEFORE_NODE": 169.0,
      "AFTER_NODE": 170.0,
      "BEFORE_LAT": 10.538217,
      "BEFORE_LON": 107.02834,
      "AFTER_LAT": 10.534166,
      "AFTER_LON": 107.02432,
      "SOG": 6.6,
      "MOVINGTIME": 1920.0,
      "ARRIVALTIME": "20251203125800"
    },
    {
      "SEQ": 170,
      "BEFORE_NODE": 170.0,
      "AFTER_NODE": 171.0,
      "BEFORE_LAT": 10.534166,
      "BEFORE_LON": 107.02432,
      "AFTER_LAT": 10.4519,
      "AFTER_LON": 106.99792,
      "SOG": 10.3,
      "MOVINGTIME": 1980.0,
      "ARRIVALTIME": "20251203133100"
    },
    {
      "SEQ": 171,
      "BEFORE_NODE": 171.0,
      "AFTER_NODE": 172.0,
      "BEFORE_LAT": 10.4519,
      "BEFORE_LON": 106.99792,
      "AFTER_LAT": 10.3917,
      "AFTER_LON": 107.03786,
      "SOG": 10.6,
      "MOVINGTIME": 1740.0,
      "ARRIVALTIME": "20251203140000"
    },
    {
      "SEQ": 172,
      "BEFORE_NODE": 172.0,
      "AFTER_NODE": 173.0,
      "BEFORE_LAT": 10.3917,
      "BEFORE_LON": 107.03786,
      "AFTER_LAT": 10.321967,
      "AFTER_LON": 107.05566,
      "SOG": 10.3,
      "MOVINGTIME": 1680.0,
      "ARRIVALTIME": "20251203142800"
    },
    {
      "SEQ": 173,
      "BEFORE_NODE": 173.0,
      "AFTER_NODE": 174.0,
      "BEFORE_LAT": 10.321967,
      "BEFORE_LON": 107.05566,
      "AFTER_LAT": 10.263,
      "AFTER_LON": 107.15134,
      "SOG": 13.3,
      "MOVINGTIME": 1860.0,
      "ARRIVALTIME": "20251203145900"
    },
    {
      "SEQ": 174,
      "BEFORE_NODE": 174.0,
      "AFTER_NODE": 175.0,
      "BEFORE_LAT": 10.263,
      "BEFORE_LON": 107.15134,
      "AFTER_LAT": 10.219466,
      "AFTER_LON": 107.23935,
      "SOG": 13.1,
      "MOVINGTIME": 1800.0,
      "ARRIVALTIME": "20251203152900"
    },
    {
      "SEQ": 175,
      "BEFORE_NODE": 175.0,
      "AFTER_NODE": 176.0,
      "BEFORE_LAT": 10.219466,
      "BEFORE_LON": 107.23935,
      "AFTER_LAT": 10.16895,
      "AFTER_LON": 107.34507,
      "SOG": 13.1,
      "MOVINGTIME": 1680.0,
      "ARRIVALTIME": "20251203155700"
    },
    {
      "SEQ": 176,
      "BEFORE_NODE": 176.0,
      "AFTER_NODE": 177.0,
      "BEFORE_LAT": 10.16895,
      "BEFORE_LON": 107.34507,
      "AFTER_LAT": 10.1544,
      "AFTER_LON": 107.42021,
      "SOG": 12.8,
      "MOVINGTIME": 1860.0,
      "ARRIVALTIME": "20251203162800"
    },
    {
      "SEQ": 177,
      "BEFORE_NODE": 177.0,
      "AFTER_NODE": 178.0,
      "BEFORE_LAT": 10.1544,
      "BEFORE_LON": 107.42021,
      "AFTER_LAT": 10.178617,
      "AFTER_LON": 107.54234,
      "SOG": 13.8,
      "MOVINGTIME": 1920.0,
      "ARRIVALTIME": "20251203170000"
    },
    {
      "SEQ": 178,
      "BEFORE_NODE": 178.0,
      "AFTER_NODE": 179.0,
      "BEFORE_LAT": 10.178617,
      "BEFORE_LON": 107.54234,
      "AFTER_LAT": 10.20655,
      "AFTER_LON": 107.65835,
      "SOG": 13.8,
      "MOVINGTIME": 1740.0,
      "ARRIVALTIME": "20251203172900"
    },
    {
      "SEQ": 179,
      "BEFORE_NODE": 179.0,
      "AFTER_NODE": 180.0,
      "BEFORE_LAT": 10.20655,
      "BEFORE_LON": 107.65835,
      "AFTER_LAT": 10.237933,
      "AFTER_LON": 107.74873,
      "SOG": 14.1,
      "MOVINGTIME": 1320.0,
      "ARRIVALTIME": "20251203175100"
    },
    {
      "SEQ": 180,
      "BEFORE_NODE": 180.0,
      "AFTER_NODE": 181.0,
      "BEFORE_LAT": 10.237933,
      "BEFORE_LON": 107.74873,
      "AFTER_LAT": 10.518467,
      "AFTER_LON": 108.28772,
      "SOG": 14,
      "MOVINGTIME": 9360.0,
      "ARRIVALTIME": "20251203202700"
    },
    {
      "SEQ": 181,
      "BEFORE_NODE": 181.0,
      "AFTER_NODE": 182.0,
      "BEFORE_LAT": 10.518467,
      "BEFORE_LON": 108.28772,
      "AFTER_LAT": 10.58735,
      "AFTER_LON": 108.39214,
      "SOG": 14,
      "MOVINGTIME": 1980.0,
      "ARRIVALTIME": "20251203210000"
    },
    {
      "SEQ": 182,
      "BEFORE_NODE": 182.0,
      "AFTER_NODE": 183.0,
      "BEFORE_LAT": 10.58735,
      "BEFORE_LON": 108.39214,
      "AFTER_LAT": 10.632383,
      "AFTER_LON": 108.4584,
      "SOG": 14.3,
      "MOVINGTIME": 1740.0,
      "ARRIVALTIME": "20251203212900"
    },
    {
      "SEQ": 183,
      "BEFORE_NODE": 183.0,
      "AFTER_NODE": 184.0,
      "BEFORE_LAT": 10.632383,
      "BEFORE_LON": 108.4584,
      "AFTER_LAT": 10.674334,
      "AFTER_LON": 108.58083,
      "SOG": 14.3,
      "MOVINGTIME": 1800.0,
      "ARRIVALTIME": "20251203215900"
    },
    {
      "SEQ": 184,
      "BEFORE_NODE": 184.0,
      "AFTER_NODE": 185.0,
      "BEFORE_LAT": 10.674334,
      "BEFORE_LON": 108.58083,
      "AFTER_LAT": 10.718133,
      "AFTER_LON": 108.69292,
      "SOG": 13.6,
      "MOVINGTIME": 1680.0,
      "ARRIVALTIME": "20251203222700"
    },
    {
      "SEQ": 185,
      "BEFORE_NODE": 185.0,
      "AFTER_NODE": 186.0,
      "BEFORE_LAT": 10.718133,
      "BEFORE_LON": 108.69292,
      "AFTER_LAT": 10.823283,
      "AFTER_LON": 108.76195,
      "SOG": 13.6,
      "MOVINGTIME": 1920.0,
      "ARRIVALTIME": "20251203225900"
    },
    {
      "SEQ": 186,
      "BEFORE_NODE": 186.0,
      "AFTER_NODE": 187.0,
      "BEFORE_LAT": 10.823283,
      "BEFORE_LON": 108.76195,
      "AFTER_LAT": 10.8938,
      "AFTER_LON": 108.85474,
      "SOG": 13.1,
      "MOVINGTIME": 1860.0,
      "ARRIVALTIME": "20251203233000"
    },
    {
      "SEQ": 187,
      "BEFORE_NODE": 187.0,
      "AFTER_NODE": 188.0,
      "BEFORE_LAT": 10.8938,
      "BEFORE_LON": 108.85474,
      "AFTER_LAT": 10.89365,
      "AFTER_LON": 108.94553,
      "SOG": 12.6,
      "MOVINGTIME": 1620.0,
      "ARRIVALTIME": "20251203235700"
    },
    {
      "SEQ": 188,
      "BEFORE_NODE": 188.0,
      "AFTER_NODE": 189.0,
      "BEFORE_LAT": 10.89365,
      "BEFORE_LON": 108.94553,
      "AFTER_LAT": 10.916317,
      "AFTER_LON": 109.05752,
      "SOG": 12.8,
      "MOVINGTIME": 1920.0,
      "ARRIVALTIME": "20251204002900"
    },
    {
      "SEQ": 189,
      "BEFORE_NODE": 189.0,
      "AFTER_NODE": 190.0,
      "BEFORE_LAT": 10.916317,
      "BEFORE_LON": 109.05752,
      "AFTER_LAT": 11.006317,
      "AFTER_LON": 109.11646,
      "SOG": 13.1,
      "MOVINGTIME": 1800.0,
      "ARRIVALTIME": "20251204005900"
    },
    {
      "SEQ": 190,
      "BEFORE_NODE": 190.0,
      "AFTER_NODE": 191.0,
      "BEFORE_LAT": 11.006317,
      "BEFORE_LON": 109.11646,
      "AFTER_LAT": 11.113116,
      "AFTER_LON": 109.1706,
      "SOG": 13,
      "MOVINGTIME": 2040.0,
      "ARRIVALTIME": "20251204013300"
    },
    {
      "SEQ": 191,
      "BEFORE_NODE": 191.0,
      "AFTER_NODE": 192.0,
      "BEFORE_LAT": 11.113116,
      "BEFORE_LON": 109.1706,
      "AFTER_LAT": 11.187567,
      "AFTER_LON": 109.20897,
      "SOG": 13,
      "MOVINGTIME": 1800.0,
      "ARRIVALTIME": "20251204020300"
    },
    {
      "SEQ": 192,
      "BEFORE_NODE": 192.0,
      "AFTER_NODE": 193.0,
      "BEFORE_LAT": 11.187567,
      "BEFORE_LON": 109.20897,
      "AFTER_LAT": 12.010583,
      "AFTER_LON": 109.96046,
      "SOG": 13.3,
      "MOVINGTIME": 17820.0,
      "ARRIVALTIME": "20251204070000"
    },
    {
      "SEQ": 193,
      "BEFORE_NODE": 193.0,
      "AFTER_NODE": 194.0,
      "BEFORE_LAT": 12.010583,
      "BEFORE_LON": 109.96046,
      "AFTER_LAT": 12.090034,
      "AFTER_LON": 110.0371,
      "SOG": 13.1,
      "MOVINGTIME": 1680.0,
      "ARRIVALTIME": "20251204072800"
    },
    {
      "SEQ": 194,
      "BEFORE_NODE": 194.0,
      "AFTER_NODE": 195.0,
      "BEFORE_LAT": 12.090034,
      "BEFORE_LON": 110.0371,
      "AFTER_LAT": 12.164317,
      "AFTER_LON": 110.11221,
      "SOG": 13.1,
      "MOVINGTIME": 1800.0,
      "ARRIVALTIME": "20251204075800"
    },
    {
      "SEQ": 195,
      "BEFORE_NODE": 195.0,
      "AFTER_NODE": 196.0,
      "BEFORE_LAT": 12.164317,
      "BEFORE_LON": 110.11221,
      "AFTER_LAT": 12.2434,
      "AFTER_LON": 110.19627,
      "SOG": 13.1,
      "MOVINGTIME": 1740.0,
      "ARRIVALTIME": "20251204082700"
    },
    {
      "SEQ": 196,
      "BEFORE_NODE": 196.0,
      "AFTER_NODE": 197.0,
      "BEFORE_LAT": 12.2434,
      "BEFORE_LON": 110.19627,
      "AFTER_LAT": 12.3319,
      "AFTER_LON": 110.28633,
      "SOG": 12.3,
      "MOVINGTIME": 1920.0,
      "ARRIVALTIME": "20251204085900"
    },
    {
      "SEQ": 197,
      "BEFORE_NODE": 197.0,
      "AFTER_NODE": 198.0,
      "BEFORE_LAT": 12.3319,
      "BEFORE_LON": 110.28633,
      "AFTER_LAT": 12.42195,
      "AFTER_LON": 110.35255,
      "SOG": 13.3,
      "MOVINGTIME": 1860.0,
      "ARRIVALTIME": "20251204093000"
    },
    {
      "SEQ": 198,
      "BEFORE_NODE": 198.0,
      "AFTER_NODE": 199.0,
      "BEFORE_LAT": 12.42195,
      "BEFORE_LON": 110.35255,
      "AFTER_LAT": 12.468667,
      "AFTER_LON": 110.41033,
      "SOG": 13,
      "MOVINGTIME": 1740.0,
      "ARRIVALTIME": "20251204095900"
    },
    {
      "SEQ": 199,
      "BEFORE_NODE": 199.0,
      "AFTER_NODE": 200.0,
      "BEFORE_LAT": 12.468667,
      "BEFORE_LON": 110.41033,
      "AFTER_LAT": 12.528067,
      "AFTER_LON": 110.4774,
      "SOG": 13,
      "MOVINGTIME": 1440.0,
      "ARRIVALTIME": "20251204102300"
    },
    {
      "SEQ": 200,
      "BEFORE_NODE": 200.0,
      "AFTER_NODE": 201.0,
      "BEFORE_LAT": 12.528067,
      "BEFORE_LON": 110.4774,
      "AFTER_LAT": 12.61305,
      "AFTER_LON": 110.56104,
      "SOG": 13.5,
      "MOVINGTIME": 1680.0,
      "ARRIVALTIME": "20251204105100"
    },
    {
      "SEQ": 201,
      "BEFORE_NODE": 201.0,
      "AFTER_NODE": 202.0,
      "BEFORE_LAT": 12.61305,
      "BEFORE_LON": 110.56104,
      "AFTER_LAT": 12.869567,
      "AFTER_LON": 110.78323,
      "SOG": 12.8,
      "MOVINGTIME": 5640.0,
      "ARRIVALTIME": "20251204122500"
    },
    {
      "SEQ": 202,
      "BEFORE_NODE": 202.0,
      "AFTER_NODE": 203.0,
      "BEFORE_LAT": 12.869567,
      "BEFORE_LON": 110.78323,
      "AFTER_LAT": 12.97745,
      "AFTER_LON": 110.84825,
      "SOG": 12.8,
      "MOVINGTIME": 2100.0,
      "ARRIVALTIME": "20251204130000"
    },
    {
      "SEQ": 203,
      "BEFORE_NODE": 203.0,
      "AFTER_NODE": 204.0,
      "BEFORE_LAT": 12.97745,
      "BEFORE_LON": 110.84825,
      "AFTER_LAT": 13.068517,
      "AFTER_LON": 110.9048,
      "SOG": 12.6,
      "MOVINGTIME": 1740.0,
      "ARRIVALTIME": "20251204132900"
    },
    {
      "SEQ": 204,
      "BEFORE_NODE": 204.0,
      "AFTER_NODE": 205.0,
      "BEFORE_LAT": 13.068517,
      "BEFORE_LON": 110.9048,
      "AFTER_LAT": 13.1653,
      "AFTER_LON": 110.9636,
      "SOG": 12.3,
      "MOVINGTIME": 1860.0,
      "ARRIVALTIME": "20251204140000"
    },
    {
      "SEQ": 205,
      "BEFORE_NODE": 205.0,
      "AFTER_NODE": 206.0,
      "BEFORE_LAT": 13.1653,
      "BEFORE_LON": 110.9636,
      "AFTER_LAT": 13.260883,
      "AFTER_LON": 111.02016,
      "SOG": 12.8,
      "MOVINGTIME": 1800.0,
      "ARRIVALTIME": "20251204143000"
    },
    {
      "SEQ": 206,
      "BEFORE_NODE": 206.0,
      "AFTER_NODE": 207.0,
      "BEFORE_LAT": 13.260883,
      "BEFORE_LON": 111.02016,
      "AFTER_LAT": 13.367833,
      "AFTER_LON": 111.08535,
      "SOG": 13.1,
      "MOVINGTIME": 1740.0,
      "ARRIVALTIME": "20251204145900"
    },
    {
      "SEQ": 207,
      "BEFORE_NODE": 207.0,
      "AFTER_NODE": 208.0,
      "BEFORE_LAT": 13.367833,
      "BEFORE_LON": 111.08535,
      "AFTER_LAT": 13.42885,
      "AFTER_LON": 111.12392,
      "SOG": 12.6,
      "MOVINGTIME": 1620.0,
      "ARRIVALTIME": "20251204152600"
    },
    {
      "SEQ": 208,
      "BEFORE_NODE": 208.0,
      "AFTER_NODE": 209.0,
      "BEFORE_LAT": 13.42885,
      "BEFORE_LON": 111.12392,
      "AFTER_LAT": 13.539634,
      "AFTER_LON": 111.19205,
      "SOG": 13,
      "MOVINGTIME": 1920.0,
      "ARRIVALTIME": "20251204155800"
    },
    {
      "SEQ": 209,
      "BEFORE_NODE": 209.0,
      "AFTER_NODE": 210.0,
      "BEFORE_LAT": 13.539634,
      "BEFORE_LON": 111.19205,
      "AFTER_LAT": 13.632584,
      "AFTER_LON": 111.2515,
      "SOG": 13.1,
      "MOVINGTIME": 1680.0,
      "ARRIVALTIME": "20251204162600"
    },
    {
      "SEQ": 210,
      "BEFORE_NODE": 210.0,
      "AFTER_NODE": 211.0,
      "BEFORE_LAT": 13.632584,
      "BEFORE_LON": 111.2515,
      "AFTER_LAT": 13.708817,
      "AFTER_LON": 111.30128,
      "SOG": 13.3,
      "MOVINGTIME": 1920.0,
      "ARRIVALTIME": "20251204165800"
    },
    {
      "SEQ": 211,
      "BEFORE_NODE": 211.0,
      "AFTER_NODE": 212.0,
      "BEFORE_LAT": 13.708817,
      "BEFORE_LON": 111.30128,
      "AFTER_LAT": 13.901317,
      "AFTER_LON": 111.4464,
      "SOG": 13.1,
      "MOVINGTIME": 3420.0,
      "ARRIVALTIME": "20251204175500"
    },
    {
      "SEQ": 212,
      "BEFORE_NODE": 212.0,
      "AFTER_NODE": 213.0,
      "BEFORE_LAT": 13.901317,
      "BEFORE_LON": 111.4464,
      "AFTER_LAT": 13.990633,
      "AFTER_LON": 111.48968,
      "SOG": 13.3,
      "MOVINGTIME": 2160.0,
      "ARRIVALTIME": "20251204183100"
    },
    {
      "SEQ": 213,
      "BEFORE_NODE": 213.0,
      "AFTER_NODE": 214.0,
      "BEFORE_LAT": 13.990633,
      "BEFORE_LON": 111.48968,
      "AFTER_LAT": 14.096983,
      "AFTER_LON": 111.54113,
      "SOG": 13.6,
      "MOVINGTIME": 1740.0,
      "ARRIVALTIME": "20251204190000"
    },
    {
      "SEQ": 214,
      "BEFORE_NODE": 214.0,
      "AFTER_NODE": 215.0,
      "BEFORE_LAT": 14.096983,
      "BEFORE_LON": 111.54113,
      "AFTER_LAT": 14.1661,
      "AFTER_LON": 111.58297,
      "SOG": 13.3,
      "MOVINGTIME": 1200.0,
      "ARRIVALTIME": "20251204192000"
    },
    {
      "SEQ": 215,
      "BEFORE_NODE": 215.0,
      "AFTER_NODE": 216.0,
      "BEFORE_LAT": 14.1661,
      "BEFORE_LON": 111.58297,
      "AFTER_LAT": 14.292233,
      "AFTER_LON": 111.6726,
      "SOG": 13,
      "MOVINGTIME": 2700.0,
      "ARRIVALTIME": "20251204200500"
    },
    {
      "SEQ": 216,
      "BEFORE_NODE": 216.0,
      "AFTER_NODE": 217.0,
      "BEFORE_LAT": 14.292233,
      "BEFORE_LON": 111.6726,
      "AFTER_LAT": 14.5732,
      "AFTER_LON": 111.86086,
      "SOG": 13.5,
      "MOVINGTIME": 5220.0,
      "ARRIVALTIME": "20251204213200"
    },
    {
      "SEQ": 217,
      "BEFORE_NODE": 217.0,
      "AFTER_NODE": 218.0,
      "BEFORE_LAT": 14.5732,
      "BEFORE_LON": 111.86086,
      "AFTER_LAT": 14.659233,
      "AFTER_LON": 111.92532,
      "SOG": 13.1,
      "MOVINGTIME": 1320.0,
      "ARRIVALTIME": "20251204215400"
    },
    {
      "SEQ": 218,
      "BEFORE_NODE": 218.0,
      "AFTER_NODE": 219.0,
      "BEFORE_LAT": 14.659233,
      "BEFORE_LON": 111.92532,
      "AFTER_LAT": 14.849,
      "AFTER_LON": 112.05608,
      "SOG": 13,
      "MOVINGTIME": 4140.0,
      "ARRIVALTIME": "20251204230300"
    },
    {
      "SEQ": 219,
      "BEFORE_NODE": 219.0,
      "AFTER_NODE": 220.0,
      "BEFORE_LAT": 14.849,
      "BEFORE_LON": 112.05608,
      "AFTER_LAT": 14.957316,
      "AFTER_LON": 112.11883,
      "SOG": 13.6,
      "MOVINGTIME": 1740.0,
      "ARRIVALTIME": "20251204233200"
    },
    {
      "SEQ": 220,
      "BEFORE_NODE": 220.0,
      "AFTER_NODE": 221.0,
      "BEFORE_LAT": 14.957316,
      "BEFORE_LON": 112.11883,
      "AFTER_LAT": 15.0608,
      "AFTER_LON": 112.17805,
      "SOG": 13.6,
      "MOVINGTIME": 1680.0,
      "ARRIVALTIME": "20251205000000"
    },
    {
      "SEQ": 221,
      "BEFORE_NODE": 221.0,
      "AFTER_NODE": 222.0,
      "BEFORE_LAT": 15.0608,
      "BEFORE_LON": 112.17805,
      "AFTER_LAT": 15.14395,
      "AFTER_LON": 112.23052,
      "SOG": 13.3,
      "MOVINGTIME": 1620.0,
      "ARRIVALTIME": "20251205002700"
    },
    {
      "SEQ": 222,
      "BEFORE_NODE": 222.0,
      "AFTER_NODE": 223.0,
      "BEFORE_LAT": 15.14395,
      "BEFORE_LON": 112.23052,
      "AFTER_LAT": 15.31815,
      "AFTER_LON": 112.347,
      "SOG": 13.5,
      "MOVINGTIME": 3360.0,
      "ARRIVALTIME": "20251205012300"
    },
    {
      "SEQ": 223,
      "BEFORE_NODE": 223.0,
      "AFTER_NODE": 224.0,
      "BEFORE_LAT": 15.31815,
      "BEFORE_LON": 112.347,
      "AFTER_LAT": 15.3932,
      "AFTER_LON": 112.39512,
      "SOG": 13.1,
      "MOVINGTIME": 1680.0,
      "ARRIVALTIME": "20251205015100"
    },
    {
      "SEQ": 224,
      "BEFORE_NODE": 224.0,
      "AFTER_NODE": 225.0,
      "BEFORE_LAT": 15.3932,
      "BEFORE_LON": 112.39512,
      "AFTER_LAT": 16.275883,
      "AFTER_LON": 112.9678,
      "SOG": 13.6,
      "MOVINGTIME": 16560.0,
      "ARRIVALTIME": "20251205062700"
    },
    {
      "SEQ": 225,
      "BEFORE_NODE": 225.0,
      "AFTER_NODE": 226.0,
      "BEFORE_LAT": 16.275883,
      "BEFORE_LON": 112.9678,
      "AFTER_LAT": 16.343916,
      "AFTER_LON": 113.03368,
      "SOG": 13.1,
      "MOVINGTIME": 1500.0,
      "ARRIVALTIME": "20251205065200"
    },
    {
      "SEQ": 226,
      "BEFORE_NODE": 226.0,
      "AFTER_NODE": 227.0,
      "BEFORE_LAT": 16.343916,
      "BEFORE_LON": 113.03368,
      "AFTER_LAT": 16.8076,
      "AFTER_LON": 113.31531,
      "SOG": 11.8,
      "MOVINGTIME": 9180.0,
      "ARRIVALTIME": "20251205092500"
    },
    {
      "SEQ": 227,
      "BEFORE_NODE": 227.0,
      "AFTER_NODE": 228.0,
      "BEFORE_LAT": 16.8076,
      "BEFORE_LON": 113.31531,
      "AFTER_LAT": 17.125,
      "AFTER_LON": 113.53488,
      "SOG": 12.1,
      "MOVINGTIME": 7080.0,
      "ARRIVALTIME": "20251205112300"
    },
    {
      "SEQ": 228,
      "BEFORE_NODE": 228.0,
      "AFTER_NODE": 229.0,
      "BEFORE_LAT": 17.125,
      "BEFORE_LON": 113.53488,
      "AFTER_LAT": 17.210051,
      "AFTER_LON": 113.59639,
      "SOG": 11.6,
      "MOVINGTIME": 1680.0,
      "ARRIVALTIME": "20251205115100"
    },
    {
      "SEQ": 229,
      "BEFORE_NODE": 229.0,
      "AFTER_NODE": 230.0,
      "BEFORE_LAT": 17.210051,
      "BEFORE_LON": 113.59639,
      "AFTER_LAT": 17.290367,
      "AFTER_LON": 113.65514,
      "SOG": 11.5,
      "MOVINGTIME": 1800.0,
      "ARRIVALTIME": "20251205122100"
    },
    {
      "SEQ": 230,
      "BEFORE_NODE": 230.0,
      "AFTER_NODE": 231.0,
      "BEFORE_LAT": 17.290367,
      "BEFORE_LON": 113.65514,
      "AFTER_LAT": 17.370251,
      "AFTER_LON": 113.71108,
      "SOG": 11.1,
      "MOVINGTIME": 1800.0,
      "ARRIVALTIME": "20251205125100"
    },
    {
      "SEQ": 231,
      "BEFORE_NODE": 231.0,
      "AFTER_NODE": 232.0,
      "BEFORE_LAT": 17.370251,
      "BEFORE_LON": 113.71108,
      "AFTER_LAT": 17.467251,
      "AFTER_LON": 113.76905,
      "SOG": 11.6,
      "MOVINGTIME": 1860.0,
      "ARRIVALTIME": "20251205132200"
    },
    {
      "SEQ": 232,
      "BEFORE_NODE": 232.0,
      "AFTER_NODE": 233.0,
      "BEFORE_LAT": 17.467251,
      "BEFORE_LON": 113.76905,
      "AFTER_LAT": 17.712833,
      "AFTER_LON": 113.92976,
      "SOG": 12,
      "MOVINGTIME": 5160.0,
      "ARRIVALTIME": "20251205144800"
    },
    {
      "SEQ": 233,
      "BEFORE_NODE": 233.0,
      "AFTER_NODE": 234.0,
      "BEFORE_LAT": 17.712833,
      "BEFORE_LON": 113.92976,
      "AFTER_LAT": 17.786867,
      "AFTER_LON": 113.97919,
      "SOG": 12.1,
      "MOVINGTIME": 2160.0,
      "ARRIVALTIME": "20251205152400"
    },
    {
      "SEQ": 234,
      "BEFORE_NODE": 234.0,
      "AFTER_NODE": 235.0,
      "BEFORE_LAT": 17.786867,
      "BEFORE_LON": 113.97919,
      "AFTER_LAT": 18.075867,
      "AFTER_LON": 114.16621,
      "SOG": 12.3,
      "MOVINGTIME": 5640.0,
      "ARRIVALTIME": "20251205165800"
    },
    {
      "SEQ": 235,
      "BEFORE_NODE": 235.0,
      "AFTER_NODE": 236.0,
      "BEFORE_LAT": 18.075867,
      "BEFORE_LON": 114.16621,
      "AFTER_LAT": 18.161734,
      "AFTER_LON": 114.22842,
      "SOG": 12.6,
      "MOVINGTIME": 1680.0,
      "ARRIVALTIME": "20251205172600"
    },
    {
      "SEQ": 236,
      "BEFORE_NODE": 236.0,
      "AFTER_NODE": 237.0,
      "BEFORE_LAT": 18.161734,
      "BEFORE_LON": 114.22842,
      "AFTER_LAT": 18.2313,
      "AFTER_LON": 114.27772,
      "SOG": 12.5,
      "MOVINGTIME": 1860.0,
      "ARRIVALTIME": "20251205175700"
    },
    {
      "SEQ": 237,
      "BEFORE_NODE": 237.0,
      "AFTER_NODE": 238.0,
      "BEFORE_LAT": 18.2313,
      "BEFORE_LON": 114.27772,
      "AFTER_LAT": 18.335716,
      "AFTER_LON": 114.34616,
      "SOG": 12.3,
      "MOVINGTIME": 1620.0,
      "ARRIVALTIME": "20251205182400"
    },
    {
      "SEQ": 238,
      "BEFORE_NODE": 238.0,
      "AFTER_NODE": 239.0,
      "BEFORE_LAT": 18.335716,
      "BEFORE_LON": 114.34616,
      "AFTER_LAT": 18.500433,
      "AFTER_LON": 114.44955,
      "SOG": 12.5,
      "MOVINGTIME": 3780.0,
      "ARRIVALTIME": "20251205192700"
    },
    {
      "SEQ": 239,
      "BEFORE_NODE": 239.0,
      "AFTER_NODE": 240.0,
      "BEFORE_LAT": 18.500433,
      "BEFORE_LON": 114.44955,
      "AFTER_LAT": 19.033066,
      "AFTER_LON": 114.79237,
      "SOG": 12.5,
      "MOVINGTIME": 10740.0,
      "ARRIVALTIME": "20251205222600"
    },
    {
      "SEQ": 240,
      "BEFORE_NODE": 240.0,
      "AFTER_NODE": 241.0,
      "BEFORE_LAT": 19.033066,
      "BEFORE_LON": 114.79237,
      "AFTER_LAT": 19.654984,
      "AFTER_LON": 115.15995,
      "SOG": 12.3,
      "MOVINGTIME": 12240.0,
      "ARRIVALTIME": "20251206015000"
    },
    {
      "SEQ": 241,
      "BEFORE_NODE": 241.0,
      "AFTER_NODE": 242.0,
      "BEFORE_LAT": 19.654984,
      "BEFORE_LON": 115.15995,
      "AFTER_LAT": 19.82025,
      "AFTER_LON": 115.25002,
      "SOG": 12.3,
      "MOVINGTIME": 3960.0,
      "ARRIVALTIME": "20251206025600"
    },
    {
      "SEQ": 242,
      "BEFORE_NODE": 242.0,
      "AFTER_NODE": 243.0,
      "BEFORE_LAT": 19.82025,
      "BEFORE_LON": 115.25002,
      "AFTER_LAT": 19.921183,
      "AFTER_LON": 115.30925,
      "SOG": 13.1,
      "MOVINGTIME": 1740.0,
      "ARRIVALTIME": "20251206032500"
    },
    {
      "SEQ": 243,
      "BEFORE_NODE": 243.0,
      "AFTER_NODE": 244.0,
      "BEFORE_LAT": 19.921183,
      "BEFORE_LON": 115.30925,
      "AFTER_LAT": 20.019667,
      "AFTER_LON": 115.36768,
      "SOG": 13.1,
      "MOVINGTIME": 1500.0,
      "ARRIVALTIME": "20251206035000"
    },
    {
      "SEQ": 244,
      "BEFORE_NODE": 244.0,
      "AFTER_NODE": 245.0,
      "BEFORE_LAT": 20.019667,
      "BEFORE_LON": 115.36768,
      "AFTER_LAT": 20.115517,
      "AFTER_LON": 115.42487,
      "SOG": 13.3,
      "MOVINGTIME": 1800.0,
      "ARRIVALTIME": "20251206042000"
    },
    {
      "SEQ": 245,
      "BEFORE_NODE": 245.0,
      "AFTER_NODE": 246.0,
      "BEFORE_LAT": 20.115517,
      "BEFORE_LON": 115.42487,
      "AFTER_LAT": 20.212517,
      "AFTER_LON": 115.50168,
      "SOG": 13.5,
      "MOVINGTIME": 2400.0,
      "ARRIVALTIME": "20251206050000"
    },
    {
      "SEQ": 246,
      "BEFORE_NODE": 246.0,
      "AFTER_NODE": 247.0,
      "BEFORE_LAT": 20.212517,
      "BEFORE_LON": 115.50168,
      "AFTER_LAT": 20.330517,
      "AFTER_LON": 115.55904,
      "SOG": 13.3,
      "MOVINGTIME": 1680.0,
      "ARRIVALTIME": "20251206052800"
    },
    {
      "SEQ": 247,
      "BEFORE_NODE": 247.0,
      "AFTER_NODE": 248.0,
      "BEFORE_LAT": 20.330517,
      "BEFORE_LON": 115.55904,
      "AFTER_LAT": 20.429466,
      "AFTER_LON": 115.61669,
      "SOG": 13.5,
      "MOVINGTIME": 1920.0,
      "ARRIVALTIME": "20251206060000"
    },
    {
      "SEQ": 248,
      "BEFORE_NODE": 248.0,
      "AFTER_NODE": 249.0,
      "BEFORE_LAT": 20.429466,
      "BEFORE_LON": 115.61669,
      "AFTER_LAT": 20.531883,
      "AFTER_LON": 115.66992,
      "SOG": 13.6,
      "MOVINGTIME": 1500.0,
      "ARRIVALTIME": "20251206062500"
    },
    {
      "SEQ": 249,
      "BEFORE_NODE": 249.0,
      "AFTER_NODE": 250.0,
      "BEFORE_LAT": 20.531883,
      "BEFORE_LON": 115.66992,
      "AFTER_LAT": 20.615017,
      "AFTER_LON": 115.71442,
      "SOG": 13.6,
      "MOVINGTIME": 1920.0,
      "ARRIVALTIME": "20251206065700"
    },
    {
      "SEQ": 250,
      "BEFORE_NODE": 250.0,
      "AFTER_NODE": 251.0,
      "BEFORE_LAT": 20.615017,
      "BEFORE_LON": 115.71442,
      "AFTER_LAT": 20.718916,
      "AFTER_LON": 115.77721,
      "SOG": 14.1,
      "MOVINGTIME": 1680.0,
      "ARRIVALTIME": "20251206072500"
    },
    {
      "SEQ": 251,
      "BEFORE_NODE": 251.0,
      "AFTER_NODE": 252.0,
      "BEFORE_LAT": 20.718916,
      "BEFORE_LON": 115.77721,
      "AFTER_LAT": 20.817949,
      "AFTER_LON": 115.83808,
      "SOG": 13.3,
      "MOVINGTIME": 1800.0,
      "ARRIVALTIME": "20251206075500"
    },
    {
      "SEQ": 252,
      "BEFORE_NODE": 252.0,
      "AFTER_NODE": 253.0,
      "BEFORE_LAT": 20.817949,
      "BEFORE_LON": 115.83808,
      "AFTER_LAT": 20.928984,
      "AFTER_LON": 115.90493,
      "SOG": 13,
      "MOVINGTIME": 2100.0,
      "ARRIVALTIME": "20251206083000"
    },
    {
      "SEQ": 253,
      "BEFORE_NODE": 253.0,
      "AFTER_NODE": 254.0,
      "BEFORE_LAT": 20.928984,
      "BEFORE_LON": 115.90493,
      "AFTER_LAT": 21.022882,
      "AFTER_LON": 115.95866,
      "SOG": 12.3,
      "MOVINGTIME": 1620.0,
      "ARRIVALTIME": "20251206085700"
    },
    {
      "SEQ": 254,
      "BEFORE_NODE": 254.0,
      "AFTER_NODE": 255.0,
      "BEFORE_LAT": 21.022882,
      "BEFORE_LON": 115.95866,
      "AFTER_LAT": 21.098816,
      "AFTER_LON": 116.00294,
      "SOG": 12.3,
      "MOVINGTIME": 1800.0,
      "ARRIVALTIME": "20251206092700"
    },
    {
      "SEQ": 255,
      "BEFORE_NODE": 255.0,
      "AFTER_NODE": 256.0,
      "BEFORE_LAT": 21.098816,
      "BEFORE_LON": 116.00294,
      "AFTER_LAT": 21.159782,
      "AFTER_LON": 116.04128,
      "SOG": 13.1,
      "MOVINGTIME": 1740.0,
      "ARRIVALTIME": "20251206095600"
    },
    {
      "SEQ": 256,
      "BEFORE_NODE": 256.0,
      "AFTER_NODE": 257.0,
      "BEFORE_LAT": 21.159782,
      "BEFORE_LON": 116.04128,
      "AFTER_LAT": 21.2817,
      "AFTER_LON": 116.12704,
      "SOG": 12.8,
      "MOVINGTIME": 1740.0,
      "ARRIVALTIME": "20251206102500"
    },
    {
      "SEQ": 257,
      "BEFORE_NODE": 257.0,
      "AFTER_NODE": 258.0,
      "BEFORE_LAT": 21.2817,
      "BEFORE_LON": 116.12704,
      "AFTER_LAT": 21.386084,
      "AFTER_LON": 116.20702,
      "SOG": 13.3,
      "MOVINGTIME": 1980.0,
      "ARRIVALTIME": "20251206105800"
    },
    {
      "SEQ": 258,
      "BEFORE_NODE": 258.0,
      "AFTER_NODE": 259.0,
      "BEFORE_LAT": 21.386084,
      "BEFORE_LON": 116.20702,
      "AFTER_LAT": 21.479317,
      "AFTER_LON": 116.27736,
      "SOG": 13.8,
      "MOVINGTIME": 1680.0,
      "ARRIVALTIME": "20251206112600"
    },
    {
      "SEQ": 259,
      "BEFORE_NODE": 259.0,
      "AFTER_NODE": 260.0,
      "BEFORE_LAT": 21.479317,
      "BEFORE_LON": 116.27736,
      "AFTER_LAT": 21.56455,
      "AFTER_LON": 116.34216,
      "SOG": 14,
      "MOVINGTIME": 1560.0,
      "ARRIVALTIME": "20251206115200"
    },
    {
      "SEQ": 260,
      "BEFORE_NODE": 260.0,
      "AFTER_NODE": 261.0,
      "BEFORE_LAT": 21.56455,
      "BEFORE_LON": 116.34216,
      "AFTER_LAT": 21.654716,
      "AFTER_LON": 116.40912,
      "SOG": 14,
      "MOVINGTIME": 2160.0,
      "ARRIVALTIME": "20251206122800"
    },
    {
      "SEQ": 261,
      "BEFORE_NODE": 261.0,
      "AFTER_NODE": 262.0,
      "BEFORE_LAT": 21.654716,
      "BEFORE_LON": 116.40912,
      "AFTER_LAT": 21.749817,
      "AFTER_LON": 116.4788,
      "SOG": 13.8,
      "MOVINGTIME": 1620.0,
      "ARRIVALTIME": "20251206125500"
    },
    {
      "SEQ": 262,
      "BEFORE_NODE": 262.0,
      "AFTER_NODE": 263.0,
      "BEFORE_LAT": 21.749817,
      "BEFORE_LON": 116.4788,
      "AFTER_LAT": 21.861633,
      "AFTER_LON": 116.55962,
      "SOG": 13.8,
      "MOVINGTIME": 1800.0,
      "ARRIVALTIME": "20251206132500"
    },
    {
      "SEQ": 263,
      "BEFORE_NODE": 263.0,
      "AFTER_NODE": 264.0,
      "BEFORE_LAT": 21.861633,
      "BEFORE_LON": 116.55962,
      "AFTER_LAT": 21.92415,
      "AFTER_LON": 116.60886,
      "SOG": 13.8,
      "MOVINGTIME": 1620.0,
      "ARRIVALTIME": "20251206135200"
    }
  ]
}