{
  "mmsi": "574002930",
  "PredResult": [
    {
      "SEQ": 0,
      "BEFORE_NODE": 0.0,
      "AFTER_NODE": 1.0,
      "BEFORE_LAT": 20.794983333333334,
      "BEFORE_LON": 106.91301666666666,
      "AFTER_LAT": 20.696166666666667,
      "AFTER_LON": 106.97951666666667,
      "SOG": 11.6,
      "MOVINGTIME": 2107.0,
      "ARRIVALTIME": "20251129151256"
    },
    {
      "SEQ": 1,
      "BEFORE_NODE": 1.0,
      "AFTER_NODE": 2.0,
      "BEFORE_LAT": 20.696166666666667,
      "BEFORE_LON": 106.97951666666667,
      "AFTER_LAT": 20.65815,
      "AFTER_LON": 106.90578333333333,
      "SOG": 5.5,
      "MOVINGTIME": 1473.0,
      "ARRIVALTIME": "20251129153729"
    },
    {
      "SEQ": 2,
      "BEFORE_NODE": 2.0,
      "AFTER_NODE": 3.0,
      "BEFORE_LAT": 20.65815,
      "BEFORE_LON": 106.90578333333333,
      "AFTER_LAT": 20.62615,
      "AFTER_LON": 106.89921666666666,
      "SOG": 11.4,
      "MOVINGTIME": 1880.0,
      "ARRIVALTIME": "20251129160849"
    },
    {
      "SEQ": 3,
      "BEFORE_NODE": 3.0,
      "AFTER_NODE": 4.0,
      "BEFORE_LAT": 20.62615,
      "BEFORE_LON": 106.89921666666666,
      "AFTER_LAT": 20.579216666666667,
      "AFTER_LON": 107.00038333333333,
      "SOG": 11.8,
      "MOVINGTIME": 1871.0,
      "ARRIVALTIME": "20251129164000"
    },
    {
      "SEQ": 4,
      "BEFORE_NODE": 4.0,
      "AFTER_NODE": 5.0,
      "BEFORE_LAT": 20.579216666666667,
      "BEFORE_LON": 107.00038333333333,
      "AFTER_LAT": 20.565566666666665,
      "AFTER_LON": 107.11598333333333,
      "SOG": 12.7,
      "MOVINGTIME": 1869.0,
      "ARRIVALTIME": "20251129171109"
    },
    {
      "SEQ": 5,
      "BEFORE_NODE": 5.0,
      "AFTER_NODE": 6.0,
      "BEFORE_LAT": 20.565566666666665,
      "BEFORE_LON": 107.11598333333333,
      "AFTER_LAT": 20.562366666666666,
      "AFTER_LON": 107.21535,
      "SOG": 12.7,
      "MOVINGTIME": 1581.0,
      "ARRIVALTIME": "20251129173730"
    },
    {
      "SEQ": 6,
      "BEFORE_NODE": 6.0,
      "AFTER_NODE": 7.0,
      "BEFORE_LAT": 20.562366666666666,
      "BEFORE_LON": 107.21535,
      "AFTER_LAT": 20.543,
      "AFTER_LON": 107.3461,
      "SOG": 12.1,
      "MOVINGTIME": 2119.0,
      "ARRIVALTIME": "20251129181249"
    },
    {
      "SEQ": 7,
      "BEFORE_NODE": 7.0,
      "AFTER_NODE": 8.0,
      "BEFORE_LAT": 20.543,
      "BEFORE_LON": 107.3461,
      "AFTER_LAT": 20.531883333333333,
      "AFTER_LON": 107.44755,
      "SOG": 12.2,
      "MOVINGTIME": 1709.0,
      "ARRIVALTIME": "20251129184118"
    },
    {
      "SEQ": 8,
      "BEFORE_NODE": 8.0,
      "AFTER_NODE": 9.0,
      "BEFORE_LAT": 20.531883333333333,
      "BEFORE_LON": 107.44755,
      "AFTER_LAT": 20.461916,
      "AFTER_LON": 108.00819,
      "SOG": 12.5,
      "MOVINGTIME": 9822.0,
      "ARRIVALTIME": "20251129212500"
    },
    {
      "SEQ": 9,
      "BEFORE_NODE": 9.0,
      "AFTER_NODE": 10.0,
      "BEFORE_LAT": 20.461916,
      "BEFORE_LON": 108.00819,
      "AFTER_LAT": 20.434799,
      "AFTER_LON": 108.13499,
      "SOG": 12.6,
      "MOVINGTIME": 1740.0,
      "ARRIVALTIME": "20251129215400"
    },
    {
      "SEQ": 10,
      "BEFORE_NODE": 10.0,
      "AFTER_NODE": 11.0,
      "BEFORE_LAT": 20.434799,
      "BEFORE_LON": 108.13499,
      "AFTER_LAT": 20.17345,
      "AFTER_LON": 109.87624,
      "SOG": 9.6,
      "MOVINGTIME": 29160.0,
      "ARRIVALTIME": "20251130060000"
    },
    {
      "SEQ": 11,
      "BEFORE_NODE": 11.0,
      "AFTER_NODE": 12.0,
      "BEFORE_LAT": 20.17345,
      "BEFORE_LON": 109.87624,
      "AFTER_LAT": 20.148134,
      "AFTER_LON": 109.9519,
      "SOG": 9.1,
      "MOVINGTIME": 1860.0,
      "ARRIVALTIME": "20251130063100"
    },
    {
      "SEQ": 12,
      "BEFORE_NODE": 12.0,
      "AFTER_NODE": 13.0,
      "BEFORE_LAT": 20.148134,
      "BEFORE_LON": 109.9519,
      "AFTER_LAT": 20.128084,
      "AFTER_LON": 110.02741,
      "SOG": 9.1,
      "MOVINGTIME": 1680.0,
      "ARRIVALTIME": "20251130065900"
    },
    {
      "SEQ": 13,
      "BEFORE_NODE": 13.0,
      "AFTER_NODE": 14.0,
      "BEFORE_LAT": 20.128084,
      "BEFORE_LON": 110.02741,
      "AFTER_LAT": 20.13555,
      "AFTER_LON": 110.10841,
      "SOG": 10.1,
      "MOVINGTIME": 1920.0,
      "ARRIVALTIME": "20251130073100"
    },
    {
      "SEQ": 14,
      "BEFORE_NODE": 14.0,
      "AFTER_NODE": 15.0,
      "BEFORE_LAT": 20.13555,
      "BEFORE_LON": 110.10841,
      "AFTER_LAT": 20.1465,
      "AFTER_LON": 110.1827,
      "SOG": 9.1,
      "MOVINGTIME": 1800.0,
      "ARRIVALTIME": "20251130080100"
    },
    {
      "SEQ": 15,
      "BEFORE_NODE": 15.0,
      "AFTER_NODE": 16.0,
      "BEFORE_LAT": 20.1465,
      "BEFORE_LON": 110.1827,
      "AFTER_LAT": 20.162649,
      "AFTER_LON": 110.28248,
      "SOG": 9.3,
      "MOVINGTIME": 1800.0,
      "ARRIVALTIME": "20251130083100"
    },
    {
      "SEQ": 16,
      "BEFORE_NODE": 16.0,
      "AFTER_NODE": 17.0,
      "BEFORE_LAT": 20.162649,
      "BEFORE_LON": 110.28248,
      "AFTER_LAT": 20.17445,
      "AFTER_LON": 110.35372,
      "SOG": 9.1,
      "MOVINGTIME": 1740.0,
      "ARRIVALTIME": "20251130090000"
    },
    {
      "SEQ": 17,
      "BEFORE_NODE": 17.0,
      "AFTER_NODE": 18.0,
      "BEFORE_LAT": 20.17445,
      "BEFORE_LON": 110.35372,
      "AFTER_LAT": 20.203667,
      "AFTER_LON": 110.43865,
      "SOG": 9.6,
      "MOVINGTIME": 1740.0,
      "ARRIVALTIME": "20251130092900"
    },
    {
      "SEQ": 18,
      "BEFORE_NODE": 18.0,
      "AFTER_NODE": 19.0,
      "BEFORE_LAT": 20.203667,
      "BEFORE_LON": 110.43865,
      "AFTER_LAT": 20.233816,
      "AFTER_LON": 110.51315,
      "SOG": 8.8,
      "MOVINGTIME": 1740.0,
      "ARRIVALTIME": "20251130095800"
    },
    {
      "SEQ": 19,
      "BEFORE_NODE": 19.0,
      "AFTER_NODE": 20.0,
      "BEFORE_LAT": 20.233816,
      "BEFORE_LON": 110.51315,
      "AFTER_LAT": 20.2323,
      "AFTER_LON": 110.58359,
      "SOG": 8.3,
      "MOVINGTIME": 1860.0,
      "ARRIVALTIME": "20251130102900"
    },
    {
      "SEQ": 20,
      "BEFORE_NODE": 20.0,
      "AFTER_NODE": 21.0,
      "BEFORE_LAT": 20.2323,
      "BEFORE_LON": 110.58359,
      "AFTER_LAT": 21.606251,
      "AFTER_LON": 113.48571,
      "SOG": 12,
      "MOVINGTIME": 62880.0,
      "ARRIVALTIME": "20251201035700"
    },
    {
      "SEQ": 21,
      "BEFORE_NODE": 21.0,
      "AFTER_NODE": 22.0,
      "BEFORE_LAT": 21.606251,
      "BEFORE_LON": 113.48571,
      "AFTER_LAT": 21.636868,
      "AFTER_LON": 113.52927,
      "SOG": 12.1,
      "MOVINGTIME": 1500.0,
      "ARRIVALTIME": "20251201042200"
    },
    {
      "SEQ": 22,
      "BEFORE_NODE": 22.0,
      "AFTER_NODE": 23.0,
      "BEFORE_LAT": 21.636868,
      "BEFORE_LON": 113.52927,
      "AFTER_LAT": 21.706717,
      "AFTER_LON": 113.63113,
      "SOG": 11.5,
      "MOVINGTIME": 2040.0,
      "ARRIVALTIME": "20251201045600"
    },
    {
      "SEQ": 23,
      "BEFORE_NODE": 23.0,
      "AFTER_NODE": 24.0,
      "BEFORE_LAT": 21.706717,
      "BEFORE_LON": 113.63113,
      "AFTER_LAT": 21.906349,
      "AFTER_LON": 113.87739,
      "SOG": 12.3,
      "MOVINGTIME": 5460.0,
      "ARRIVALTIME": "20251201062700"
    },
    {
      "SEQ": 24,
      "BEFORE_NODE": 24.0,
      "AFTER_NODE": 25.0,
      "BEFORE_LAT": 21.906349,
      "BEFORE_LON": 113.87739,
      "AFTER_LAT": 21.940517,
      "AFTER_LON": 113.95885,
      "SOG": 1.1,
      "MOVINGTIME": 1920.0,
      "ARRIVALTIME": "20251201065900"
    },
    {
      "SEQ": 25,
      "BEFORE_NODE": 25.0,
      "AFTER_NODE": 26.0,
      "BEFORE_LAT": 21.940517,
      "BEFORE_LON": 113.95885,
      "AFTER_LAT": 21.940184,
      "AFTER_LON": 113.95892,
      "SOG": 0.1,
      "MOVINGTIME": 1200.0,
      "ARRIVALTIME": "20251201071900"
    },
    {
      "SEQ": 26,
      "BEFORE_NODE": 26.0,
      "AFTER_NODE": 27.0,
      "BEFORE_LAT": 21.940184,
      "BEFORE_LON": 113.95892,
      "AFTER_LAT": 21.94075,
      "AFTER_LON": 113.95898,
      "SOG": 0,
      "MOVINGTIME": 4080.0,
      "ARRIVALTIME": "20251201082700"
    },
    {
      "SEQ": 27,
      "BEFORE_NODE": 27.0,
      "AFTER_NODE": 28.0,
      "BEFORE_LAT": 21.94075,
      "BEFORE_LON": 113.95898,
      "AFTER_LAT": 21.94105,
      "AFTER_LON": 113.95904,
      "SOG": 0,
      "MOVINGTIME": 3480.0,
      "ARRIVALTIME": "20251201092500"
    },
    {
      "SEQ": 28,
      "BEFORE_NODE": 28.0,
      "AFTER_NODE": 29.0,
      "BEFORE_LAT": 21.94105,
      "BEFORE_LON": 113.95904,
      "AFTER_LAT": 21.941017,
      "AFTER_LON": 113.95901,
      "SOG": 0.2,
      "MOVINGTIME": 1560.0,
      "ARRIVALTIME": "20251201095100"
    },
    {
      "SEQ": 29,
      "BEFORE_NODE": 29.0,
      "AFTER_NODE": 30.0,
      "BEFORE_LAT": 21.941017,
      "BEFORE_LON": 113.95901,
      "AFTER_LAT": 21.940722,
      "AFTER_LON": 113.95885,
      "SOG": 1.1,
      "MOVINGTIME": 3960.0,
      "ARRIVALTIME": "20251201105700"
    },
    {
      "SEQ": 30,
      "BEFORE_NODE": 30.0,
      "AFTER_NODE": 31.0,
      "BEFORE_LAT": 21.940722,
      "BEFORE_LON": 113.95885,
      "AFTER_LAT": 21.940649,
      "AFTER_LON": 113.95887,
      "SOG": 0.8,
      "MOVINGTIME": 1794.0,
      "ARRIVALTIME": "20251201112654"
    },
    {
      "SEQ": 31,
      "BEFORE_NODE": 31.0,
      "AFTER_NODE": 32.0,
      "BEFORE_LAT": 21.940649,
      "BEFORE_LON": 113.95887,
      "AFTER_LAT": 21.940197,
      "AFTER_LON": 113.95895,
      "SOG": 0.6,
      "MOVINGTIME": 3426.0,
      "ARRIVALTIME": "20251201122400"
    },
    {
      "SEQ": 32,
      "BEFORE_NODE": 32.0,
      "AFTER_NODE": 33.0,
      "BEFORE_LAT": 21.940197,
      "BEFORE_LON": 113.95895,
      "AFTER_LAT": 21.940077,
      "AFTER_LON": 113.95901,
      "SOG": 0.5,
      "MOVINGTIME": 1620.0,
      "ARRIVALTIME": "20251201125100"
    },
    {
      "SEQ": 33,
      "BEFORE_NODE": 33.0,
      "AFTER_NODE": 34.0,
      "BEFORE_LAT": 21.940077,
      "BEFORE_LON": 113.95901,
      "AFTER_LAT": 21.94021,
      "AFTER_LON": 113.95898,
      "SOG": 1,
      "MOVINGTIME": 2160.0,
      "ARRIVALTIME": "20251201132700"
    },
    {
      "SEQ": 34,
      "BEFORE_NODE": 34.0,
      "AFTER_NODE": 35.0,
      "BEFORE_LAT": 21.94021,
      "BEFORE_LON": 113.95898,
      "AFTER_LAT": 21.940226,
      "AFTER_LON": 113.95891,
      "SOG": 0.2,
      "MOVINGTIME": 1500.0,
      "ARRIVALTIME": "20251201135200"
    },
    {
      "SEQ": 35,
      "BEFORE_NODE": 35.0,
      "AFTER_NODE": 36.0,
      "BEFORE_LAT": 21.940226,
      "BEFORE_LON": 113.95891,
      "AFTER_LAT": 21.940376,
      "AFTER_LON": 113.95891,
      "SOG": 0,
      "MOVINGTIME": 1500.0,
      "ARRIVALTIME": "20251201141700"
    },
    {
      "SEQ": 36,
      "BEFORE_NODE": 36.0,
      "AFTER_NODE": 37.0,
      "BEFORE_LAT": 21.940376,
      "BEFORE_LON": 113.95891,
      "AFTER_LAT": 21.940281,
      "AFTER_LON": 113.95868,
      "SOG": 1.1,
      "MOVINGTIME": 9540.0,
      "ARRIVALTIME": "20251201165600"
    },
    {
      "SEQ": 37,
      "BEFORE_NODE": 37.0,
      "AFTER_NODE": 38.0,
      "BEFORE_LAT": 21.940281,
      "BEFORE_LON": 113.95868,
      "AFTER_LAT": 21.940516,
      "AFTER_LON": 113.95873,
      "SOG": 0.6,
      "MOVINGTIME": 1740.0,
      "ARRIVALTIME": "20251201172500"
    },
    {
      "SEQ": 38,
      "BEFORE_NODE": 38.0,
      "AFTER_NODE": 39.0,
      "BEFORE_LAT": 21.940516,
      "BEFORE_LON": 113.95873,
      "AFTER_LAT": 21.939966,
      "AFTER_LON": 113.95859,
      "SOG": 0,
      "MOVINGTIME": 16260.0,
      "ARRIVALTIME": "20251201215600"
    },
    {
      "SEQ": 39,
      "BEFORE_NODE": 39.0,
      "AFTER_NODE": 40.0,
      "BEFORE_LAT": 21.939966,
      "BEFORE_LON": 113.95859,
      "AFTER_LAT": 21.939951,
      "AFTER_LON": 113.9586,
      "SOG": 0,
      "MOVINGTIME": 1980.0,
      "ARRIVALTIME": "20251201222900"
    },
    {
      "SEQ": 40,
      "BEFORE_NODE": 40.0,
      "AFTER_NODE": 41.0,
      "BEFORE_LAT": 21.939951,
      "BEFORE_LON": 113.9586,
      "AFTER_LAT": 21.9771,
      "AFTER_LON": 113.91685,
      "SOG": 11.8,
      "MOVINGTIME": 3859.0,
      "ARRIVALTIME": "20251201233319"
    },
    {
      "SEQ": 41,
      "BEFORE_NODE": 41.0,
      "AFTER_NODE": 42.0,
      "BEFORE_LAT": 21.9771,
      "BEFORE_LON": 113.91685,
      "AFTER_LAT": 22.064733333333333,
      "AFTER_LON": 113.83386666666667,
      "SOG": 7.7,
      "MOVINGTIME": 2550.0,
      "ARRIVALTIME": "20251202001549"
    },
    {
      "SEQ": 42,
      "BEFORE_NODE": 42.0,
      "AFTER_NODE": 43.0,
      "BEFORE_LAT": 22.064733333333333,
      "BEFORE_LON": 113.83386666666667,
      "AFTER_LAT": 22.10525,
      "AFTER_LON": 113.81165,
      "SOG": 7.5,
      "MOVINGTIME": 1250.0,
      "ARRIVALTIME": "20251202003639"
    },
    {
      "SEQ": 43,
      "BEFORE_NODE": 43.0,
      "AFTER_NODE": 44.0,
      "BEFORE_LAT": 22.10525,
      "BEFORE_LON": 113.81165,
      "AFTER_LAT": 22.18776666666667,
      "AFTER_LON": 113.78978333333333,
      "SOG": 11.7,
      "MOVINGTIME": 1920.0,
      "ARRIVALTIME": "20251202010839"
    },
    {
      "SEQ": 44,
      "BEFORE_NODE": 44.0,
      "AFTER_NODE": 45.0,
      "BEFORE_LAT": 22.18776666666667,
      "BEFORE_LON": 113.78978333333333,
      "AFTER_LAT": 22.28385,
      "AFTER_LON": 113.79818333333333,
      "SOG": 11.8,
      "MOVINGTIME": 2060.0,
      "ARRIVALTIME": "20251202014259"
    },
    {
      "SEQ": 45,
      "BEFORE_NODE": 45.0,
      "AFTER_NODE": 46.0,
      "BEFORE_LAT": 22.28385,
      "BEFORE_LON": 113.79818333333333,
      "AFTER_LAT": 22.386233333333333,
      "AFTER_LON": 113.77245,
      "SOG": 11.8,
      "MOVINGTIME": 1981.0,
      "ARRIVALTIME": "20251202021600"
    },
    {
      "SEQ": 46,
      "BEFORE_NODE": 46.0,
      "AFTER_NODE": 47.0,
      "BEFORE_LAT": 22.386233333333333,
      "BEFORE_LON": 113.77245,
      "AFTER_LAT": 22.470666666666666,
      "AFTER_LON": 113.75201666666666,
      "SOG": 12.1,
      "MOVINGTIME": 1610.0,
      "ARRIVALTIME": "20251202024250"
    },
    {
      "SEQ": 47,
      "BEFORE_NODE": 47.0,
      "AFTER_NODE": 48.0,
      "BEFORE_LAT": 22.470666666666666,
      "BEFORE_LON": 113.75201666666666,
      "AFTER_LAT": 22.5601,
      "AFTER_LON": 113.72516666666667,
      "SOG": 11.2,
      "MOVINGTIME": 1669.0,
      "ARRIVALTIME": "20251202031039"
    },
    {
      "SEQ": 48,
      "BEFORE_NODE": 48.0,
      "AFTER_NODE": 49.0,
      "BEFORE_LAT": 22.5601,
      "BEFORE_LON": 113.72516666666667,
      "AFTER_LAT": 22.603134,
      "AFTER_LON": 113.70825,
      "SOG": 7.5,
      "MOVINGTIME": 1041.0,
      "ARRIVALTIME": "20251202032800"
    },
    {
      "SEQ": 49,
      "BEFORE_NODE": 49.0,
      "AFTER_NODE": 50.0,
      "BEFORE_LAT": 22.603134,
      "BEFORE_LON": 113.70825,
      "AFTER_LAT": 22.648983333333334,
      "AFTER_LON": 113.68115,
      "SOG": 0,
      "MOVINGTIME": 2040.0,
      "ARRIVALTIME": "20251202040200"
    },
    {
      "SEQ": 50,
      "BEFORE_NODE": 50.0,
      "AFTER_NODE": 51.0,
      "BEFORE_LAT": 22.648983333333334,
      "BEFORE_LON": 113.68115,
      "AFTER_LAT": 22.649,
      "AFTER_LON": 113.68111666666667,
      "SOG": 0,
      "MOVINGTIME": 1212.0,
      "ARRIVALTIME": "20251202042212"
    },
    {
      "SEQ": 51,
      "BEFORE_NODE": 51.0,
      "AFTER_NODE": 52.0,
      "BEFORE_LAT": 22.649,
      "BEFORE_LON": 113.68111666666667,
      "AFTER_LAT": 22.649033333333332,
      "AFTER_LON": 113.68108333333333,
      "SOG": 0,
      "MOVINGTIME": 2697.0,
      "ARRIVALTIME": "20251202050709"
    },
    {
      "SEQ": 52,
      "BEFORE_NODE": 52.0,
      "AFTER_NODE": 53.0,
      "BEFORE_LAT": 22.649033333333332,
      "BEFORE_LON": 113.68108333333333,
      "AFTER_LAT": 22.649016666666668,
      "AFTER_LON": 113.6811,
      "SOG": 0,
      "MOVINGTIME": 1416.0,
      "ARRIVALTIME": "20251202053045"
    },
    {
      "SEQ": 53,
      "BEFORE_NODE": 53.0,
      "AFTER_NODE": 54.0,
      "BEFORE_LAT": 22.649016666666668,
      "BEFORE_LON": 113.6811,
      "AFTER_LAT": 22.649016666666668,
      "AFTER_LON": 113.6811,
      "SOG": 0,
      "MOVINGTIME": 1640.0,
      "ARRIVALTIME": "20251202055805"
    },
    {
      "SEQ": 54,
      "BEFORE_NODE": 54.0,
      "AFTER_NODE": 55.0,
      "BEFORE_LAT": 22.649016666666668,
      "BEFORE_LON": 113.6811,
      "AFTER_LAT": 22.649099,
      "AFTER_LON": 113.68105,
      "SOG": 0,
      "MOVINGTIME": 1555.0,
      "ARRIVALTIME": "20251202062400"
    },
    {
      "SEQ": 55,
      "BEFORE_NODE": 55.0,
      "AFTER_NODE": 56.0,
      "BEFORE_LAT": 22.649099,
      "BEFORE_LON": 113.68105,
      "AFTER_LAT": 22.64905,
      "AFTER_LON": 113.68108,
      "SOG": 0,
      "MOVINGTIME": 2161.0,
      "ARRIVALTIME": "20251202070001"
    },
    {
      "SEQ": 56,
      "BEFORE_NODE": 56.0,
      "AFTER_NODE": 57.0,
      "BEFORE_LAT": 22.64905,
      "BEFORE_LON": 113.68108,
      "AFTER_LAT": 22.64905,
      "AFTER_LON": 113.6811,
      "SOG": 0,
      "MOVINGTIME": 2005.0,
      "ARRIVALTIME": "20251202073326"
    },
    {
      "SEQ": 57,
      "BEFORE_NODE": 57.0,
      "AFTER_NODE": 58.0,
      "BEFORE_LAT": 22.64905,
      "BEFORE_LON": 113.6811,
      "AFTER_LAT": 22.649016666666668,
      "AFTER_LON": 113.68108333333333,
      "SOG": 0,
      "MOVINGTIME": 2012.0,
      "ARRIVALTIME": "20251202080658"
    },
    {
      "SEQ": 58,
      "BEFORE_NODE": 58.0,
      "AFTER_NODE": 59.0,
      "BEFORE_LAT": 22.649016666666668,
      "BEFORE_LON": 113.68108333333333,
      "AFTER_LAT": 22.648966666666666,
      "AFTER_LON": 113.68111666666667,
      "SOG": 0,
      "MOVINGTIME": 1712.0,
      "ARRIVALTIME": "20251202083530"
    },
    {
      "SEQ": 59,
      "BEFORE_NODE": 59.0,
      "AFTER_NODE": 60.0,
      "BEFORE_LAT": 22.648966666666666,
      "BEFORE_LON": 113.68111666666667,
      "AFTER_LAT": 22.649,
      "AFTER_LON": 113.68111666666667,
      "SOG": 0,
      "MOVINGTIME": 1580.0,
      "ARRIVALTIME": "20251202090150"
    },
    {
      "SEQ": 60,
      "BEFORE_NODE": 60.0,
      "AFTER_NODE": 61.0,
      "BEFORE_LAT": 22.649,
      "BEFORE_LON": 113.68111666666667,
      "AFTER_LAT": 22.649033333333332,
      "AFTER_LON": 113.6811,
      "SOG": 0,
      "MOVINGTIME": 2460.0,
      "ARRIVALTIME": "20251202094250"
    },
    {
      "SEQ": 61,
      "BEFORE_NODE": 61.0,
      "AFTER_NODE": 62.0,
      "BEFORE_LAT": 22.649033333333332,
      "BEFORE_LON": 113.6811,
      "AFTER_LAT": 22.64905,
      "AFTER_LON": 113.68111666666667,
      "SOG": 0.1,
      "MOVINGTIME": 1759.0,
      "ARRIVALTIME": "20251202101209"
    },
    {
      "SEQ": 62,
      "BEFORE_NODE": 62.0,
      "AFTER_NODE": 63.0,
      "BEFORE_LAT": 22.64905,
      "BEFORE_LON": 113.68111666666667,
      "AFTER_LAT": 22.64905,
      "AFTER_LON": 113.68111666666667,
      "SOG": 0,
      "MOVINGTIME": 1798.0,
      "ARRIVALTIME": "20251202104207"
    },
    {
      "SEQ": 63,
      "BEFORE_NODE": 63.0,
      "AFTER_NODE": 64.0,
      "BEFORE_LAT": 22.64905,
      "BEFORE_LON": 113.68111666666667,
      "AFTER_LAT": 22.64905,
      "AFTER_LON": 113.68111666666667,
      "SOG": 0,
      "MOVINGTIME": 1620.0,
      "ARRIVALTIME": "20251202110907"
    },
    {
      "SEQ": 64,
      "BEFORE_NODE": 64.0,
      "AFTER_NODE": 65.0,
      "BEFORE_LAT": 22.64905,
      "BEFORE_LON": 113.68111666666667,
      "AFTER_LAT": 22.649033333333332,
      "AFTER_LON": 113.68111666666667,
      "SOG": 0,
      "MOVINGTIME": 1589.0,
      "ARRIVALTIME": "20251202113536"
    },
    {
      "SEQ": 65,
      "BEFORE_NODE": 65.0,
      "AFTER_NODE": 66.0,
      "BEFORE_LAT": 22.649033333333332,
      "BEFORE_LON": 113.68111666666667,
      "AFTER_LAT": 22.649016666666668,
      "AFTER_LON": 113.68111666666667,
      "SOG": 0,
      "MOVINGTIME": 2229.0,
      "ARRIVALTIME": "20251202121245"
    },
    {
      "SEQ": 66,
      "BEFORE_NODE": 66.0,
      "AFTER_NODE": 67.0,
      "BEFORE_LAT": 22.649016666666668,
      "BEFORE_LON": 113.68111666666667,
      "AFTER_LAT": 22.649016666666668,
      "AFTER_LON": 113.68111666666667,
      "SOG": 0,
      "MOVINGTIME": 1321.0,
      "ARRIVALTIME": "20251202123446"
    },
    {
      "SEQ": 67,
      "BEFORE_NODE": 67.0,
      "AFTER_NODE": 68.0,
      "BEFORE_LAT": 22.649016666666668,
      "BEFORE_LON": 113.68111666666667,
      "AFTER_LAT": 22.648966,
      "AFTER_LON": 113.68114,
      "SOG": 0,
      "MOVINGTIME": 2053.0,
      "ARRIVALTIME": "20251202130859"
    },
    {
      "SEQ": 68,
      "BEFORE_NODE": 68.0,
      "AFTER_NODE": 69.0,
      "BEFORE_LAT": 22.648966,
      "BEFORE_LON": 113.68114,
      "AFTER_LAT": 22.649,
      "AFTER_LON": 113.68111666666667,
      "SOG": 0,
      "MOVINGTIME": 723.0,
      "ARRIVALTIME": "20251202132102"
    },
    {
      "SEQ": 69,
      "BEFORE_NODE": 69.0,
      "AFTER_NODE": 70.0,
      "BEFORE_LAT": 22.649,
      "BEFORE_LON": 113.68111666666667,
      "AFTER_LAT": 22.649016666666668,
      "AFTER_LON": 113.6811,
      "SOG": 0,
      "MOVINGTIME": 2742.0,
      "ARRIVALTIME": "20251202140644"
    },
    {
      "SEQ": 70,
      "BEFORE_NODE": 70.0,
      "AFTER_NODE": 71.0,
      "BEFORE_LAT": 22.649016666666668,
      "BEFORE_LON": 113.6811,
      "AFTER_LAT": 22.649033333333332,
      "AFTER_LON": 113.6811,
      "SOG": 0,
      "MOVINGTIME": 1622.0,
      "ARRIVALTIME": "20251202143346"
    },
    {
      "SEQ": 71,
      "BEFORE_NODE": 71.0,
      "AFTER_NODE": 72.0,
      "BEFORE_LAT": 22.649033333333332,
      "BEFORE_LON": 113.6811,
      "AFTER_LAT": 22.649016666666668,
      "AFTER_LON": 113.68111666666667,
      "SOG": 0,
      "MOVINGTIME": 2606.0,
      "ARRIVALTIME": "20251202151712"
    },
    {
      "SEQ": 72,
      "BEFORE_NODE": 72.0,
      "AFTER_NODE": 73.0,
      "BEFORE_LAT": 22.649016666666668,
      "BEFORE_LON": 113.68111666666667,
      "AFTER_LAT": 22.648983333333334,
      "AFTER_LON": 113.68108333333333,
      "SOG": 0,
      "MOVINGTIME": 3059.0,
      "ARRIVALTIME": "20251202160811"
    },
    {
      "SEQ": 73,
      "BEFORE_NODE": 73.0,
      "AFTER_NODE": 74.0,
      "BEFORE_LAT": 22.648983333333334,
      "BEFORE_LON": 113.68108333333333,
      "AFTER_LAT": 22.648983333333334,
      "AFTER_LON": 113.68118333333334,
      "SOG": 0,
      "MOVINGTIME": 2089.0,
      "ARRIVALTIME": "20251202164300"
    },
    {
      "SEQ": 74,
      "BEFORE_NODE": 74.0,
      "AFTER_NODE": 75.0,
      "BEFORE_LAT": 22.648983333333334,
      "BEFORE_LON": 113.68118333333334,
      "AFTER_LAT": 22.648983333333334,
      "AFTER_LON": 113.68106666666667,
      "SOG": 0,
      "MOVINGTIME": 1222.0,
      "ARRIVALTIME": "20251202170322"
    },
    {
      "SEQ": 75,
      "BEFORE_NODE": 75.0,
      "AFTER_NODE": 76.0,
      "BEFORE_LAT": 22.648983333333334,
      "BEFORE_LON": 113.68106666666667,
      "AFTER_LAT": 22.649,
      "AFTER_LON": 113.68108,
      "SOG": 0,
      "MOVINGTIME": 1538.0,
      "ARRIVALTIME": "20251202172900"
    },
    {
      "SEQ": 76,
      "BEFORE_NODE": 76.0,
      "AFTER_NODE": 77.0,
      "BEFORE_LAT": 22.649,
      "BEFORE_LON": 113.68108,
      "AFTER_LAT": 22.648983333333334,
      "AFTER_LON": 113.6811,
      "SOG": 0,
      "MOVINGTIME": 1958.0,
      "ARRIVALTIME": "20251202180138"
    },
    {
      "SEQ": 77,
      "BEFORE_NODE": 77.0,
      "AFTER_NODE": 78.0,
      "BEFORE_LAT": 22.648983333333334,
      "BEFORE_LON": 113.6811,
      "AFTER_LAT": 22.648983333333334,
      "AFTER_LON": 113.68111666666667,
      "SOG": 0,
      "MOVINGTIME": 2478.0,
      "ARRIVALTIME": "20251202184256"
    },
    {
      "SEQ": 78,
      "BEFORE_NODE": 78.0,
      "AFTER_NODE": 79.0,
      "BEFORE_LAT": 22.648983333333334,
      "BEFORE_LON": 113.68111666666667,
      "AFTER_LAT": 22.61,
      "AFTER_LON": 113.70463333333333,
      "SOG": 11.6,
      "MOVINGTIME": 1580.0,
      "ARRIVALTIME": "20251202190916"
    },
    {
      "SEQ": 79,
      "BEFORE_NODE": 79.0,
      "AFTER_NODE": 80.0,
      "BEFORE_LAT": 22.61,
      "BEFORE_LON": 113.70463333333333,
      "AFTER_LAT": 22.503316666666667,
      "AFTER_LON": 113.74353333333333,
      "SOG": 12.3,
      "MOVINGTIME": 2011.0,
      "ARRIVALTIME": "20251202194247"
    },
    {
      "SEQ": 80,
      "BEFORE_NODE": 80.0,
      "AFTER_NODE": 81.0,
      "BEFORE_LAT": 22.503316666666667,
      "BEFORE_LON": 113.74353333333333,
      "AFTER_LAT": 22.41495,
      "AFTER_LON": 113.75883333333333,
      "SOG": 12.8,
      "MOVINGTIME": 1470.0,
      "ARRIVALTIME": "20251202200717"
    },
    {
      "SEQ": 81,
      "BEFORE_NODE": 81.0,
      "AFTER_NODE": 82.0,
      "BEFORE_LAT": 22.41495,
      "BEFORE_LON": 113.75883333333333,
      "AFTER_LAT": 22.31915,
      "AFTER_LON": 113.79631666666667,
      "SOG": 12,
      "MOVINGTIME": 1840.0,
      "ARRIVALTIME": "20251202203757"
    },
    {
      "SEQ": 82,
      "BEFORE_NODE": 82.0,
      "AFTER_NODE": 83.0,
      "BEFORE_LAT": 22.31915,
      "BEFORE_LON": 113.79631666666667,
      "AFTER_LAT": 22.22993333333333,
      "AFTER_LON": 113.79788333333333,
      "SOG": 11.9,
      "MOVINGTIME": 1629.0,
      "ARRIVALTIME": "20251202210506"
    },
    {
      "SEQ": 83,
      "BEFORE_NODE": 83.0,
      "AFTER_NODE": 84.0,
      "BEFORE_LAT": 22.22993333333333,
      "BEFORE_LON": 113.79788333333333,
      "AFTER_LAT": 22.138033333333333,
      "AFTER_LON": 113.79715,
      "SOG": 9.4,
      "MOVINGTIME": 1840.0,
      "ARRIVALTIME": "20251202213546"
    },
    {
      "SEQ": 84,
      "BEFORE_NODE": 84.0,
      "AFTER_NODE": 85.0,
      "BEFORE_LAT": 22.138033333333333,
      "BEFORE_LON": 113.79715,
      "AFTER_LAT": 22.080833,
      "AFTER_LON": 113.81616,
      "SOG": 10.8,
      "MOVINGTIME": 1274.0,
      "ARRIVALTIME": "20251202215700"
    },
    {
      "SEQ": 85,
      "BEFORE_NODE": 85.0,
      "AFTER_NODE": 86.0,
      "BEFORE_LAT": 22.080833,
      "BEFORE_LON": 113.81616,
      "AFTER_LAT": 21.995983,
      "AFTER_LON": 113.85264,
      "SOG": 11.3,
      "MOVINGTIME": 1800.0,
      "ARRIVALTIME": "20251202222700"
    },
    {
      "SEQ": 86,
      "BEFORE_NODE": 86.0,
      "AFTER_NODE": 87.0,
      "BEFORE_LAT": 21.995983,
      "BEFORE_LON": 113.85264,
      "AFTER_LAT": 21.915382,
      "AFTER_LON": 113.84566,
      "SOG": 12,
      "MOVINGTIME": 1560.0,
      "ARRIVALTIME": "20251202225300"
    },
    {
      "SEQ": 87,
      "BEFORE_NODE": 87.0,
      "AFTER_NODE": 88.0,
      "BEFORE_LAT": 21.915382,
      "BEFORE_LON": 113.84566,
      "AFTER_LAT": 21.8493,
      "AFTER_LON": 113.78938,
      "SOG": 12.3,
      "MOVINGTIME": 1620.0,
      "ARRIVALTIME": "20251202232000"
    },
    {
      "SEQ": 88,
      "BEFORE_NODE": 88.0,
      "AFTER_NODE": 89.0,
      "BEFORE_LAT": 21.8493,
      "BEFORE_LON": 113.78938,
      "AFTER_LAT": 21.766516,
      "AFTER_LON": 113.69865,
      "SOG": 12.3,
      "MOVINGTIME": 1860.0,
      "ARRIVALTIME": "20251202235100"
    },
    {
      "SEQ": 89,
      "BEFORE_NODE": 89.0,
      "AFTER_NODE": 90.0,
      "BEFORE_LAT": 21.766516,
      "BEFORE_LON": 113.69865,
      "AFTER_LAT": 21.706066,
      "AFTER_LON": 113.61748,
      "SOG": 12.6,
      "MOVINGTIME": 1800.0,
      "ARRIVALTIME": "20251203002100"
    },
    {
      "SEQ": 90,
      "BEFORE_NODE": 90.0,
      "AFTER_NODE": 91.0,
      "BEFORE_LAT": 21.706066,
      "BEFORE_LON": 113.61748,
      "AFTER_LAT": 21.588266,
      "AFTER_LON": 113.44862,
      "SOG": 12.5,
      "MOVINGTIME": 3780.0,
      "ARRIVALTIME": "20251203012400"
    },
    {
      "SEQ": 91,
      "BEFORE_NODE": 91.0,
      "AFTER_NODE": 92.0,
      "BEFORE_LAT": 21.588266,
      "BEFORE_LON": 113.44862,
      "AFTER_LAT": 20.472166,
      "AFTER_LON": 111.48492,
      "SOG": 12.1,
      "MOVINGTIME": 37980.0,
      "ARRIVALTIME": "20251203115700"
    },
    {
      "SEQ": 92,
      "BEFORE_NODE": 92.0,
      "AFTER_NODE": 93.0,
      "BEFORE_LAT": 20.472166,
      "BEFORE_LON": 111.48492,
      "AFTER_LAT": 20.428699,
      "AFTER_LON": 111.40797,
      "SOG": 12.1,
      "MOVINGTIME": 1740.0,
      "ARRIVALTIME": "20251203122600"
    },
    {
      "SEQ": 93,
      "BEFORE_NODE": 93.0,
      "AFTER_NODE": 94.0,
      "BEFORE_LAT": 20.428699,
      "BEFORE_LON": 111.40797,
      "AFTER_LAT": 20.378651,
      "AFTER_LON": 111.29261,
      "SOG": 12.1,
      "MOVINGTIME": 1680.0,
      "ARRIVALTIME": "20251203125400"
    },
    {
      "SEQ": 94,
      "BEFORE_NODE": 94.0,
      "AFTER_NODE": 95.0,
      "BEFORE_LAT": 20.378651,
      "BEFORE_LON": 111.29261,
      "AFTER_LAT": 20.336334,
      "AFTER_LON": 111.19305,
      "SOG": 12.1,
      "MOVINGTIME": 2040.0,
      "ARRIVALTIME": "20251203132800"
    },
    {
      "SEQ": 95,
      "BEFORE_NODE": 95.0,
      "AFTER_NODE": 96.0,
      "BEFORE_LAT": 20.336334,
      "BEFORE_LON": 111.19305,
      "AFTER_LAT": 20.291134,
      "AFTER_LON": 111.09364,
      "SOG": 12.5,
      "MOVINGTIME": 1620.0,
      "ARRIVALTIME": "20251203135500"
    },
    {
      "SEQ": 96,
      "BEFORE_NODE": 96.0,
      "AFTER_NODE": 97.0,
      "BEFORE_LAT": 20.291134,
      "BEFORE_LON": 111.09364,
      "AFTER_LAT": 20.256968,
      "AFTER_LON": 111.00079,
      "SOG": 9.6,
      "MOVINGTIME": 1860.0,
      "ARRIVALTIME": "20251203142600"
    },
    {
      "SEQ": 97,
      "BEFORE_NODE": 97.0,
      "AFTER_NODE": 98.0,
      "BEFORE_LAT": 20.256968,
      "BEFORE_LON": 111.00079,
      "AFTER_LAT": 20.25605,
      "AFTER_LON": 110.95042,
      "SOG": 9.6,
      "MOVINGTIME": 1620.0,
      "ARRIVALTIME": "20251203145300"
    },
    {
      "SEQ": 98,
      "BEFORE_NODE": 98.0,
      "AFTER_NODE": 99.0,
      "BEFORE_LAT": 20.25605,
      "BEFORE_LON": 110.95042,
      "AFTER_LAT": 20.223618,
      "AFTER_LON": 110.42253,
      "SOG": 9.1,
      "MOVINGTIME": 11100.0,
      "ARRIVALTIME": "20251203175800"
    },
    {
      "SEQ": 99,
      "BEFORE_NODE": 99.0,
      "AFTER_NODE": 100.0,
      "BEFORE_LAT": 20.223618,
      "BEFORE_LON": 110.42253,
      "AFTER_LAT": 20.203449,
      "AFTER_LON": 110.33846,
      "SOG": 9.3,
      "MOVINGTIME": 1800.0,
      "ARRIVALTIME": "20251203182800"
    },
    {
      "SEQ": 100,
      "BEFORE_NODE": 100.0,
      "AFTER_NODE": 101.0,
      "BEFORE_LAT": 20.203449,
      "BEFORE_LON": 110.33846,
      "AFTER_LAT": 20.194166,
      "AFTER_LON": 110.25002,
      "SOG": 9.3,
      "MOVINGTIME": 1740.0,
      "ARRIVALTIME": "20251203185700"
    },
    {
      "SEQ": 101,
      "BEFORE_NODE": 101.0,
      "AFTER_NODE": 102.0,
      "BEFORE_LAT": 20.194166,
      "BEFORE_LON": 110.25002,
      "AFTER_LAT": 20.176283,
      "AFTER_LON": 110.17664,
      "SOG": 9.3,
      "MOVINGTIME": 1980.0,
      "ARRIVALTIME": "20251203193000"
    },
    {
      "SEQ": 102,
      "BEFORE_NODE": 102.0,
      "AFTER_NODE": 103.0,
      "BEFORE_LAT": 20.176283,
      "BEFORE_LON": 110.17664,
      "AFTER_LAT": 20.1626,
      "AFTER_LON": 110.08741,
      "SOG": 9.3,
      "MOVINGTIME": 1800.0,
      "ARRIVALTIME": "20251203200000"
    },
    {
      "SEQ": 103,
      "BEFORE_NODE": 103.0,
      "AFTER_NODE": 104.0,
      "BEFORE_LAT": 20.1626,
      "BEFORE_LON": 110.08741,
      "AFTER_LAT": 20.155783,
      "AFTER_LON": 110.03088,
      "SOG": 9.1,
      "MOVINGTIME": 1560.0,
      "ARRIVALTIME": "20251203202600"
    },
    {
      "SEQ": 104,
      "BEFORE_NODE": 104.0,
      "AFTER_NODE": 105.0,
      "BEFORE_LAT": 20.155783,
      "BEFORE_LON": 110.03088,
      "AFTER_LAT": 20.15645,
      "AFTER_LON": 109.93755,
      "SOG": 8.5,
      "MOVINGTIME": 1680.0,
      "ARRIVALTIME": "20251203205400"
    },
    {
      "SEQ": 105,
      "BEFORE_NODE": 105.0,
      "AFTER_NODE": 106.0,
      "BEFORE_LAT": 20.15645,
      "BEFORE_LON": 109.93755,
      "AFTER_LAT": 20.178133,
      "AFTER_LON": 109.86567,
      "SOG": 9,
      "MOVINGTIME": 1920.0,
      "ARRIVALTIME": "20251203212600"
    },
    {
      "SEQ": 106,
      "BEFORE_NODE": 106.0,
      "AFTER_NODE": 107.0,
      "BEFORE_LAT": 20.178133,
      "BEFORE_LON": 109.86567,
      "AFTER_LAT": 20.219601,
      "AFTER_LON": 109.79248,
      "SOG": 9.3,
      "MOVINGTIME": 1740.0,
      "ARRIVALTIME": "20251203215500"
    },
    {
      "SEQ": 107,
      "BEFORE_NODE": 107.0,
      "AFTER_NODE": 108.0,
      "BEFORE_LAT": 20.219601,
      "BEFORE_LON": 109.79248,
      "AFTER_LAT": 20.264999,
      "AFTER_LON": 109.72013,
      "SOG": 10.1,
      "MOVINGTIME": 1800.0,
      "ARRIVALTIME": "20251203222500"
    },
    {
      "SEQ": 108,
      "BEFORE_NODE": 108.0,
      "AFTER_NODE": 109.0,
      "BEFORE_LAT": 20.264999,
      "BEFORE_LON": 109.72013,
      "AFTER_LAT": 20.292601,
      "AFTER_LON": 109.62045,
      "SOG": 10.1,
      "MOVINGTIME": 1920.0,
      "ARRIVALTIME": "20251203225700"
    },
    {
      "SEQ": 109,
      "BEFORE_NODE": 109.0,
      "AFTER_NODE": 110.0,
      "BEFORE_LAT": 20.292601,
      "BEFORE_LON": 109.62045,
      "AFTER_LAT": 20.291849,
      "AFTER_LON": 109.52354,
      "SOG": 11.1,
      "MOVINGTIME": 1860.0,
      "ARRIVALTIME": "20251203232800"
    },
    {
      "SEQ": 110,
      "BEFORE_NODE": 110.0,
      "AFTER_NODE": 111.0,
      "BEFORE_LAT": 20.291849,
      "BEFORE_LON": 109.52354,
      "AFTER_LAT": 20.2866,
      "AFTER_LON": 109.47417,
      "SOG": 11.3,
      "MOVINGTIME": 1260.0,
      "ARRIVALTIME": "20251203234900"
    },
    {
      "SEQ": 111,
      "BEFORE_NODE": 111.0,
      "AFTER_NODE": 112.0,
      "BEFORE_LAT": 20.2866,
      "BEFORE_LON": 109.47417,
      "AFTER_LAT": 20.506701,
      "AFTER_LON": 107.63718,
      "SOG": 11.6,
      "MOVINGTIME": 31020.0,
      "ARRIVALTIME": "20251204082600"
    },
    {
      "SEQ": 112,
      "BEFORE_NODE": 112.0,
      "AFTER_NODE": 113.0,
      "BEFORE_LAT": 20.506701,
      "BEFORE_LON": 107.63718,
      "AFTER_LAT": 20.513149,
      "AFTER_LON": 107.5364,
      "SOG": 11.5,
      "MOVINGTIME": 1740.0,
      "ARRIVALTIME": "20251204085500"
    },
    {
      "SEQ": 113,
      "BEFORE_NODE": 113.0,
      "AFTER_NODE": 114.0,
      "BEFORE_LAT": 20.513149,
      "BEFORE_LON": 107.5364,
      "AFTER_LAT": 20.545166666666667,
      "AFTER_LON": 107.29853333333334,
      "SOG": 11.9,
      "MOVINGTIME": 4087.0,
      "ARRIVALTIME": "20251204100307"
    },
    {
      "SEQ": 114,
      "BEFORE_NODE": 114.0,
      "AFTER_NODE": 115.0,
      "BEFORE_LAT": 20.545166666666667,
      "BEFORE_LON": 107.29853333333334,
      "AFTER_LAT": 20.556366666666666,
      "AFTER_LON": 107.17606666666667,
      "SOG": 12.2,
      "MOVINGTIME": 2110.0,
      "ARRIVALTIME": "20251204103817"
    },
    {
      "SEQ": 115,
      "BEFORE_NODE": 115.0,
      "AFTER_NODE": 116.0,
      "BEFORE_LAT": 20.556366666666666,
      "BEFORE_LON": 107.17606666666667,
      "AFTER_LAT": 20.575366666666667,
      "AFTER_LON": 107.08865,
      "SOG": 11.8,
      "MOVINGTIME": 1491.0,
      "ARRIVALTIME": "20251204110308"
    },
    {
      "SEQ": 116,
      "BEFORE_NODE": 116.0,
      "AFTER_NODE": 117.0,
      "BEFORE_LAT": 20.575366666666667,
      "BEFORE_LON": 107.08865,
      "AFTER_LAT": 20.584499,
      "AFTER_LON": 107.07066,
      "SOG": 0.3,
      "MOVINGTIME": 1492.0,
      "ARRIVALTIME": "20251204112800"
    },
    {
      "SEQ": 117,
      "BEFORE_NODE": 117.0,
      "AFTER_NODE": 118.0,
      "BEFORE_LAT": 20.584499,
      "BEFORE_LON": 107.07066,
      "AFTER_LAT": 20.583851,
      "AFTER_LON": 107.07068,
      "SOG": 0,
      "MOVINGTIME": 3240.0,
      "ARRIVALTIME": "20251204122200"
    },
    {
      "SEQ": 118,
      "BEFORE_NODE": 118.0,
      "AFTER_NODE": 119.0,
      "BEFORE_LAT": 20.583851,
      "BEFORE_LON": 107.07068,
      "AFTER_LAT": 20.583918,
      "AFTER_LON": 107.07073,
      "SOG": 0,
      "MOVINGTIME": 2220.0,
      "ARRIVALTIME": "20251204125900"
    },
    {
      "SEQ": 119,
      "BEFORE_NODE": 119.0,
      "AFTER_NODE": 120.0,
      "BEFORE_LAT": 20.583918,
      "BEFORE_LON": 107.07073,
      "AFTER_LAT": 20.584017,
      "AFTER_LON": 107.0707,
      "SOG": 0,
      "MOVINGTIME": 1740.0,
      "ARRIVALTIME": "20251204132800"
    },
    {
      "SEQ": 120,
      "BEFORE_NODE": 120.0,
      "AFTER_NODE": 121.0,
      "BEFORE_LAT": 20.584017,
      "BEFORE_LON": 107.0707,
      "AFTER_LAT": 20.584066,
      "AFTER_LON": 107.0707,
      "SOG": 0,
      "MOVINGTIME": 1200.0,
      "ARRIVALTIME": "20251204134800"
    },
    {
      "SEQ": 121,
      "BEFORE_NODE": 121.0,
      "AFTER_NODE": 122.0,
      "BEFORE_LAT": 20.584066,
      "BEFORE_LON": 107.0707,
      "AFTER_LAT": 20.583282,
      "AFTER_LON": 107.07082,
      "SOG": 0.1,
      "MOVINGTIME": 50880.0,
      "ARRIVALTIME": "20251205035600"
    },
    {
      "SEQ": 122,
      "BEFORE_NODE": 122.0,
      "AFTER_NODE": 123.0,
      "BEFORE_LAT": 20.583282,
      "BEFORE_LON": 107.07082,
      "AFTER_LAT": 20.584,
      "AFTER_LON": 107.07063333333333,
      "SOG": 0,
      "MOVINGTIME": 11625.0,
      "ARRIVALTIME": "20251205070945"
    },
    {
      "SEQ": 123,
      "BEFORE_NODE": 123.0,
      "AFTER_NODE": 124.0,
      "BEFORE_LAT": 20.584,
      "BEFORE_LON": 107.07063333333333,
      "AFTER_LAT": 20.584116666666667,
      "AFTER_LON": 107.07065,
      "SOG": 0.1,
      "MOVINGTIME": 1079.0,
      "ARRIVALTIME": "20251205072744"
    },
    {
      "SEQ": 124,
      "BEFORE_NODE": 124.0,
      "AFTER_NODE": 125.0,
      "BEFORE_LAT": 20.584116666666667,
      "BEFORE_LON": 107.07065,
      "AFTER_LAT": 20.58395,
      "AFTER_LON": 107.07066,
      "SOG": 0.2,
      "MOVINGTIME": 1216.0,
      "ARRIVALTIME": "20251205074800"
    },
    {
      "SEQ": 125,
      "BEFORE_NODE": 125.0,
      "AFTER_NODE": 126.0,
      "BEFORE_LAT": 20.58395,
      "BEFORE_LON": 107.07066,
      "AFTER_LAT": 20.584016666666667,
      "AFTER_LON": 107.07061666666667,
      "SOG": 0,
      "MOVINGTIME": 3685.0,
      "ARRIVALTIME": "20251205084925"
    },
    {
      "SEQ": 126,
      "BEFORE_NODE": 126.0,
      "AFTER_NODE": 127.0,
      "BEFORE_LAT": 20.584016666666667,
      "BEFORE_LON": 107.07061666666667,
      "AFTER_LAT": 20.584101,
      "AFTER_LON": 107.07063,
      "SOG": 0,
      "MOVINGTIME": 1715.0,
      "ARRIVALTIME": "20251205091800"
    },
    {
      "SEQ": 127,
      "BEFORE_NODE": 127.0,
      "AFTER_NODE": 128.0,
      "BEFORE_LAT": 20.584101,
      "BEFORE_LON": 107.07063,
      "AFTER_LAT": 20.583883,
      "AFTER_LON": 107.0707,
      "SOG": 0.1,
      "MOVINGTIME": 5580.0,
      "ARRIVALTIME": "20251205105100"
    },
    {
      "SEQ": 128,
      "BEFORE_NODE": 128.0,
      "AFTER_NODE": 129.0,
      "BEFORE_LAT": 20.583883,
      "BEFORE_LON": 107.0707,
      "AFTER_LAT": 20.583817,
      "AFTER_LON": 107.07063,
      "SOG": 0,
      "MOVINGTIME": 1740.0,
      "ARRIVALTIME": "20251205112000"
    },
    {
      "SEQ": 129,
      "BEFORE_NODE": 129.0,
      "AFTER_NODE": 130.0,
      "BEFORE_LAT": 20.583817,
      "BEFORE_LON": 107.07063,
      "AFTER_LAT": 20.584049,
      "AFTER_LON": 107.07068,
      "SOG": 0,
      "MOVINGTIME": 8940.0,
      "ARRIVALTIME": "20251205134900"
    },
    {
      "SEQ": 130,
      "BEFORE_NODE": 130.0,
      "AFTER_NODE": 131.0,
      "BEFORE_LAT": 20.584049,
      "BEFORE_LON": 107.07068,
      "AFTER_LAT": 20.584116666666667,
      "AFTER_LON": 107.07066666666667,
      "SOG": 0,
      "MOVINGTIME": 6125.0,
      "ARRIVALTIME": "20251205153105"
    },
    {
      "SEQ": 131,
      "BEFORE_NODE": 131.0,
      "AFTER_NODE": 132.0,
      "BEFORE_LAT": 20.584116666666667,
      "BEFORE_LON": 107.07066666666667,
      "AFTER_LAT": 20.584101,
      "AFTER_LON": 107.07063,
      "SOG": 0,
      "MOVINGTIME": 4555.0,
      "ARRIVALTIME": "20251205164700"
    },
    {
      "SEQ": 132,
      "BEFORE_NODE": 132.0,
      "AFTER_NODE": 133.0,
      "BEFORE_LAT": 20.584101,
      "BEFORE_LON": 107.07063,
      "AFTER_LAT": 20.584316,
      "AFTER_LON": 107.07068,
      "SOG": 0,
      "MOVINGTIME": 2340.0,
      "ARRIVALTIME": "20251205172600"
    },
    {
      "SEQ": 133,
      "BEFORE_NODE": 133.0,
      "AFTER_NODE": 134.0,
      "BEFORE_LAT": 20.584316,
      "BEFORE_LON": 107.07068,
      "AFTER_LAT": 20.584066,
      "AFTER_LON": 107.07153,
      "SOG": 0.1,
      "MOVINGTIME": 1980.0,
      "ARRIVALTIME": "20251205175900"
    },
    {
      "SEQ": 134,
      "BEFORE_NODE": 134.0,
      "AFTER_NODE": 135.0,
      "BEFORE_LAT": 20.584066,
      "BEFORE_LON": 107.07153,
      "AFTER_LAT": 20.59125,
      "AFTER_LON": 106.97765,
      "SOG": 11.1,
      "MOVINGTIME": 2576.0,
      "ARRIVALTIME": "20251205184156"
    },
    {
      "SEQ": 135,
      "BEFORE_NODE": 135.0,
      "AFTER_NODE": 136.0,
      "BEFORE_LAT": 20.59125,
      "BEFORE_LON": 106.97765,
      "AFTER_LAT": 20.630566666666667,
      "AFTER_LON": 106.888,
      "SOG": 7.5,
      "MOVINGTIME": 1841.0,
      "ARRIVALTIME": "20251205191237"
    },
    {
      "SEQ": 136,
      "BEFORE_NODE": 136.0,
      "AFTER_NODE": 137.0,
      "BEFORE_LAT": 20.630566666666667,
      "BEFORE_LON": 106.888,
      "AFTER_LAT": 20.64445,
      "AFTER_LON": 106.87711666666667,
      "SOG": 7.5,
      "MOVINGTIME": 606.0,
      "ARRIVALTIME": "20251205192243"
    },
    {
      "SEQ": 137,
      "BEFORE_NODE": 137.0,
      "AFTER_NODE": 138.0,
      "BEFORE_LAT": 20.64445,
      "BEFORE_LON": 106.87711666666667,
      "AFTER_LAT": 20.715933333333332,
      "AFTER_LON": 106.97543333333333,
      "SOG": 9.4,
      "MOVINGTIME": 2714.0,
      "ARRIVALTIME": "20251205200757"
    },
    {
      "SEQ": 138,
      "BEFORE_NODE": 138.0,
      "AFTER_NODE": 139.0,
      "BEFORE_LAT": 20.715933333333332,
      "BEFORE_LON": 106.97543333333333,
      "AFTER_LAT": 20.8001,
      "AFTER_LON": 106.91096666666667,
      "SOG": 10.1,
      "MOVINGTIME": 2100.0,
      "ARRIVALTIME": "20251205204257"
    },
    {
      "SEQ": 139,
      "BEFORE_NODE": 139.0,
      "AFTER_NODE": 140.0,
      "BEFORE_LAT": 20.8001,
      "BEFORE_LON": 106.91096666666667,
      "AFTER_LAT": 20.8155,
      "AFTER_LON": 106.85596666666666,
      "SOG": 8.4,
      "MOVINGTIME": 1500.0,
      "ARRIVALTIME": "20251205210757"
    },
    {
      "SEQ": 140,
      "BEFORE_NODE": 140.0,
      "AFTER_NODE": 141.0,
      "BEFORE_LAT": 20.8155,
      "BEFORE_LON": 106.85596666666666,
      "AFTER_LAT": 20.830633333333335,
      "AFTER_LON": 106.79326666666667,
      "SOG": 4,
      "MOVINGTIME": 1920.0,
      "ARRIVALTIME": "20251205213957"
    },
    {
      "SEQ": 141,
      "BEFORE_NODE": 141.0,
      "AFTER_NODE": 142.0,
      "BEFORE_LAT": 20.830633333333335,
      "BEFORE_LON": 106.79326666666667,
      "AFTER_LAT": 20.83,
      "AFTER_LON": 106.78801666666666,
      "SOG": 0,
      "MOVINGTIME": 1669.0,
      "ARRIVALTIME": "20251205220746"
    },
    {
      "SEQ": 142,
      "BEFORE_NODE": 142.0,
      "AFTER_NODE": 143.0,
      "BEFORE_LAT": 20.83,
      "BEFORE_LON": 106.78801666666666,
      "AFTER_LAT": 20.83,
      "AFTER_LON": 106.78801666666666,
      "SOG": 0,
      "MOVINGTIME": 1991.0,
      "ARRIVALTIME": "20251205224057"
    },
    {
      "SEQ": 143,
      "BEFORE_NODE": 143.0,
      "AFTER_NODE": 144.0,
      "BEFORE_LAT": 20.83,
      "BEFORE_LON": 106.78801666666666,
      "AFTER_LAT": 20.83,
      "AFTER_LON": 106.78803333333333,
      "SOG": 0,
      "MOVINGTIME": 1621.0,
      "ARRIVALTIME": "20251205230758"
    },
    {
      "SEQ": 144,
      "BEFORE_NODE": 144.0,
      "AFTER_NODE": 145.0,
      "BEFORE_LAT": 20.83,
      "BEFORE_LON": 106.78803333333333,
      "AFTER_LAT": 20.830016666666666,
      "AFTER_LON": 106.788,
      "SOG": 0,
      "MOVINGTIME": 1698.0,
      "ARRIVALTIME": "20251205233616"
    },
    {
      "SEQ": 145,
      "BEFORE_NODE": 145.0,
      "AFTER_NODE": 146.0,
      "BEFORE_LAT": 20.830016666666666,
      "BEFORE_LON": 106.788,
      "AFTER_LAT": 20.830016666666666,
      "AFTER_LON": 106.788,
      "SOG": 0,
      "MOVINGTIME": 1760.0,
      "ARRIVALTIME": "20251206000536"
    },
    {
      "SEQ": 146,
      "BEFORE_NODE": 146.0,
      "AFTER_NODE": 147.0,
      "BEFORE_LAT": 20.830016666666666,
      "BEFORE_LON": 106.788,
      "AFTER_LAT": 20.83,
      "AFTER_LON": 106.78798333333333,
      "SOG": 0,
      "MOVINGTIME": 2161.0,
      "ARRIVALTIME": "20251206004137"
    },
    {
      "SEQ": 147,
      "BEFORE_NODE": 147.0,
      "AFTER_NODE": 148.0,
      "BEFORE_LAT": 20.83,
      "BEFORE_LON": 106.78798333333333,
      "AFTER_LAT": 20.83,
      "AFTER_LON": 106.78798333333333,
      "SOG": 0,
      "MOVINGTIME": 1437.0,
      "ARRIVALTIME": "20251206010534"
    },
    {
      "SEQ": 148,
      "BEFORE_NODE": 148.0,
      "AFTER_NODE": 149.0,
      "BEFORE_LAT": 20.83,
      "BEFORE_LON": 106.78798333333333,
      "AFTER_LAT": 20.830016666666666,
      "AFTER_LON": 106.788,
      "SOG": 0,
      "MOVINGTIME": 1941.0,
      "ARRIVALTIME": "20251206013755"
    },
    {
      "SEQ": 149,
      "BEFORE_NODE": 149.0,
      "AFTER_NODE": 150.0,
      "BEFORE_LAT": 20.830016666666666,
      "BEFORE_LON": 106.788,
      "AFTER_LAT": 20.830033333333333,
      "AFTER_LON": 106.788,
      "SOG": 0,
      "MOVINGTIME": 1600.0,
      "ARRIVALTIME": "20251206020435"
    },
    {
      "SEQ": 150,
      "BEFORE_NODE": 150.0,
      "AFTER_NODE": 151.0,
      "BEFORE_LAT": 20.830033333333333,
      "BEFORE_LON": 106.788,
      "AFTER_LAT": 20.83005,
      "AFTER_LON": 106.788,
      "SOG": 0,
      "MOVINGTIME": 1900.0,
      "ARRIVALTIME": "20251206023615"
    },
    {
      "SEQ": 151,
      "BEFORE_NODE": 151.0,
      "AFTER_NODE": 152.0,
      "BEFORE_LAT": 20.83005,
      "BEFORE_LON": 106.788,
      "AFTER_LAT": 20.830033333333333,
      "AFTER_LON": 106.78796666666666,
      "SOG": 0,
      "MOVINGTIME": 1841.0,
      "ARRIVALTIME": "20251206030656"
    },
    {
      "SEQ": 152,
      "BEFORE_NODE": 152.0,
      "AFTER_NODE": 153.0,
      "BEFORE_LAT": 20.830033333333333,
      "BEFORE_LON": 106.78796666666666,
      "AFTER_LAT": 20.830033333333333,
      "AFTER_LON": 106.788,
      "SOG": 0,
      "MOVINGTIME": 1980.0,
      "ARRIVALTIME": "20251206033956"
    },
    {
      "SEQ": 153,
      "BEFORE_NODE": 153.0,
      "AFTER_NODE": 154.0,
      "BEFORE_LAT": 20.830033333333333,
      "BEFORE_LON": 106.788,
      "AFTER_LAT": 20.83005,
      "AFTER_LON": 106.788,
      "SOG": 0,
      "MOVINGTIME": 1739.0,
      "ARRIVALTIME": "20251206040855"
    },
    {
      "SEQ": 154,
      "BEFORE_NODE": 154.0,
      "AFTER_NODE": 155.0,
      "BEFORE_LAT": 20.83005,
      "BEFORE_LON": 106.788,
      "AFTER_LAT": 20.830066666666667,
      "AFTER_LON": 106.78798333333333,
      "SOG": 0,
      "MOVINGTIME": 1733.0,
      "ARRIVALTIME": "20251206043748"
    },
    {
      "SEQ": 155,
      "BEFORE_NODE": 155.0,
      "AFTER_NODE": 156.0,
      "BEFORE_LAT": 20.830066666666667,
      "BEFORE_LON": 106.78798333333333,
      "AFTER_LAT": 20.83005,
      "AFTER_LON": 106.788,
      "SOG": 0,
      "MOVINGTIME": 1999.0,
      "ARRIVALTIME": "20251206051107"
    },
    {
      "SEQ": 156,
      "BEFORE_NODE": 156.0,
      "AFTER_NODE": 157.0,
      "BEFORE_LAT": 20.83005,
      "BEFORE_LON": 106.788,
      "AFTER_LAT": 20.830066666666667,
      "AFTER_LON": 106.788,
      "SOG": 0,
      "MOVINGTIME": 1716.0,
      "ARRIVALTIME": "20251206053943"
    },
    {
      "SEQ": 157,
      "BEFORE_NODE": 157.0,
      "AFTER_NODE": 158.0,
      "BEFORE_LAT": 20.830066666666667,
      "BEFORE_LON": 106.788,
      "AFTER_LAT": 20.830066666666667,
      "AFTER_LON": 106.78798333333333,
      "SOG": 0,
      "MOVINGTIME": 1912.0,
      "ARRIVALTIME": "20251206061135"
    },
    {
      "SEQ": 158,
      "BEFORE_NODE": 158.0,
      "AFTER_NODE": 159.0,
      "BEFORE_LAT": 20.830066666666667,
      "BEFORE_LON": 106.78798333333333,
      "AFTER_LAT": 20.830066666666667,
      "AFTER_LON": 106.788,
      "SOG": 0,
      "MOVINGTIME": 1620.0,
      "ARRIVALTIME": "20251206063835"
    },
    {
      "SEQ": 159,
      "BEFORE_NODE": 159.0,
      "AFTER_NODE": 160.0,
      "BEFORE_LAT": 20.830066666666667,
      "BEFORE_LON": 106.788,
      "AFTER_LAT": 20.830067,
      "AFTER_LON": 106.788,
      "SOG": 0,
      "MOVINGTIME": 1525.0,
      "ARRIVALTIME": "20251206070400"
    },
    {
      "SEQ": 160,
      "BEFORE_NODE": 160.0,
      "AFTER_NODE": 161.0,
      "BEFORE_LAT": 20.830067,
      "BEFORE_LON": 106.788,
      "AFTER_LAT": 20.830066666666667,
      "AFTER_LON": 106.78798333333333,
      "SOG": 0,
      "MOVINGTIME": 1794.0,
      "ARRIVALTIME": "20251206073354"
    },
    {
      "SEQ": 161,
      "BEFORE_NODE": 161.0,
      "AFTER_NODE": 162.0,
      "BEFORE_LAT": 20.830066666666667,
      "BEFORE_LON": 106.78798333333333,
      "AFTER_LAT": 20.83005,
      "AFTER_LON": 106.788,
      "SOG": 0,
      "MOVINGTIME": 1883.0,
      "ARRIVALTIME": "20251206080517"
    },
    {
      "SEQ": 162,
      "BEFORE_NODE": 162.0,
      "AFTER_NODE": 163.0,
      "BEFORE_LAT": 20.83005,
      "BEFORE_LON": 106.788,
      "AFTER_LAT": 20.83005,
      "AFTER_LON": 106.788,
      "SOG": 0,
      "MOVINGTIME": 2236.0,
      "ARRIVALTIME": "20251206084233"
    },
    {
      "SEQ": 163,
      "BEFORE_NODE": 163.0,
      "AFTER_NODE": 164.0,
      "BEFORE_LAT": 20.83005,
      "BEFORE_LON": 106.788,
      "AFTER_LAT": 20.830066666666667,
      "AFTER_LON": 106.788,
      "SOG": 0,
      "MOVINGTIME": 1620.0,
      "ARRIVALTIME": "20251206090933"
    },
    {
      "SEQ": 164,
      "BEFORE_NODE": 164.0,
      "AFTER_NODE": 165.0,
      "BEFORE_LAT": 20.830066666666667,
      "BEFORE_LON": 106.788,
      "AFTER_LAT": 20.83005,
      "AFTER_LON": 106.78801666666666,
      "SOG": 0,
      "MOVINGTIME": 1509.0,
      "ARRIVALTIME": "20251206093442"
    },
    {
      "SEQ": 165,
      "BEFORE_NODE": 165.0,
      "AFTER_NODE": 166.0,
      "BEFORE_LAT": 20.83005,
      "BEFORE_LON": 106.78801666666666,
      "AFTER_LAT": 20.830033333333333,
      "AFTER_LON": 106.78801666666666,
      "SOG": 0,
      "MOVINGTIME": 1801.0,
      "ARRIVALTIME": "20251206100443"
    },
    {
      "SEQ": 166,
      "BEFORE_NODE": 166.0,
      "AFTER_NODE": 167.0,
      "BEFORE_LAT": 20.830033333333333,
      "BEFORE_LON": 106.78801666666666,
      "AFTER_LAT": 20.830066666666667,
      "AFTER_LON": 106.78801666666666,
      "SOG": 0,
      "MOVINGTIME": 1981.0,
      "ARRIVALTIME": "20251206103744"
    },
    {
      "SEQ": 167,
      "BEFORE_NODE": 167.0,
      "AFTER_NODE": 168.0,
      "BEFORE_LAT": 20.830066666666667,
      "BEFORE_LON": 106.78801666666666,
      "AFTER_LAT": 20.83005,
      "AFTER_LON": 106.78801666666666,
      "SOG": 0,
      "MOVINGTIME": 1811.0,
      "ARRIVALTIME": "20251206110755"
    },
    {
      "SEQ": 168,
      "BEFORE_NODE": 168.0,
      "AFTER_NODE": 169.0,
      "BEFORE_LAT": 20.83005,
      "BEFORE_LON": 106.78801666666666,
      "AFTER_LAT": 20.81426666666667,
      "AFTER_LON": 106.84705,
      "SOG": 9.8,
      "MOVINGTIME": 1800.0,
      "ARRIVALTIME": "20251206113755"
    },
    {
      "SEQ": 169,
      "BEFORE_NODE": 169.0,
      "AFTER_NODE": 170.0,
      "BEFORE_LAT": 20.81426666666667,
      "BEFORE_LON": 106.84705,
      "AFTER_LAT": 20.791066666666666,
      "AFTER_LON": 106.9164,
      "SOG": 8.8,
      "MOVINGTIME": 1781.0,
      "ARRIVALTIME": "20251206120736"
    },
    {
      "SEQ": 170,
      "BEFORE_NODE": 170.0,
      "AFTER_NODE": 171.0,
      "BEFORE_LAT": 20.791066666666666,
      "BEFORE_LON": 106.9164,
      "AFTER_LAT": 20.71595,
      "AFTER_LON": 106.9735,
      "SOG": 10.9,
      "MOVINGTIME": 1809.0,
      "ARRIVALTIME": "20251206123745"
    },
    {
      "SEQ": 171,
      "BEFORE_NODE": 171.0,
      "AFTER_NODE": 172.0,
      "BEFORE_LAT": 20.71595,
      "BEFORE_LON": 106.9735,
      "AFTER_LAT": 20.6676,
      "AFTER_LON": 106.91268333333333,
      "SOG": 11.2,
      "MOVINGTIME": 1790.0,
      "ARRIVALTIME": "20251206130735"
    },
    {
      "SEQ": 172,
      "BEFORE_NODE": 172.0,
      "AFTER_NODE": 173.0,
      "BEFORE_LAT": 20.6676,
      "BEFORE_LON": 106.91268333333333,
      "AFTER_LAT": 20.643483333333332,
      "AFTER_LON": 106.88036666666666,
      "SOG": 11,
      "MOVINGTIME": 1820.0,
      "ARRIVALTIME": "20251206133755"
    },
    {
      "SEQ": 173,
      "BEFORE_NODE": 173.0,
      "AFTER_NODE": 174.0,
      "BEFORE_LAT": 20.643483333333332,
      "BEFORE_LON": 106.88036666666666,
      "AFTER_LAT": 20.597316666666668,
      "AFTER_LON": 106.9824,
      "SOG": 11.6,
      "MOVINGTIME": 2050.0,
      "ARRIVALTIME": "20251206141205"
    }
  ]
}