{
  "mmsi": "636014996",
  "PredResult": [
    {
      "SEQ": 0,
      "BEFORE_NODE": 0.0,
      "AFTER_NODE": 1.0,
      "BEFORE_LAT": 35.070999,
      "BEFORE_LON": 128.82933,
      "AFTER_LAT": 35.070999,
      "AFTER_LON": 128.82933,
      "SOG": 0.1,
      "MOVINGTIME": 1680.0,
      "ARRIVALTIME": "20251129151900"
    },
    {
      "SEQ": 1,
      "BEFORE_NODE": 1.0,
      "AFTER_NODE": 2.0,
      "BEFORE_LAT": 35.070999,
      "BEFORE_LON": 128.82933,
      "AFTER_LAT": 35.070999,
      "AFTER_LON": 128.82933,
      "SOG": 0.1,
      "MOVINGTIME": 1920.0,
      "ARRIVALTIME": "20251129155100"
    },
    {
      "SEQ": 2,
      "BEFORE_NODE": 2.0,
      "AFTER_NODE": 3.0,
      "BEFORE_LAT": 35.070999,
      "BEFORE_LON": 128.82933,
      "AFTER_LAT": 35.070999,
      "AFTER_LON": 128.82933,
      "SOG": 0.1,
      "MOVINGTIME": 1680.0,
      "ARRIVALTIME": "20251129161900"
    },
    {
      "SEQ": 3,
      "BEFORE_NODE": 3.0,
      "AFTER_NODE": 4.0,
      "BEFORE_LAT": 35.070999,
      "BEFORE_LON": 128.82933,
      "AFTER_LAT": 35.070999,
      "AFTER_LON": 128.82933,
      "SOG": 0.1,
      "MOVINGTIME": 1980.0,
      "ARRIVALTIME": "20251129165200"
    },
    {
      "SEQ": 4,
      "BEFORE_NODE": 4.0,
      "AFTER_NODE": 5.0,
      "BEFORE_LAT": 35.070999,
      "BEFORE_LON": 128.82933,
      "AFTER_LAT": 35.070999,
      "AFTER_LON": 128.82933,
      "SOG": 0.1,
      "MOVINGTIME": 1620.0,
      "ARRIVALTIME": "20251129171900"
    },
    {
      "SEQ": 5,
      "BEFORE_NODE": 5.0,
      "AFTER_NODE": 6.0,
      "BEFORE_LAT": 35.070999,
      "BEFORE_LON": 128.82933,
      "AFTER_LAT": 35.070999,
      "AFTER_LON": 128.82933,
      "SOG": 0.1,
      "MOVINGTIME": 1740.0,
      "ARRIVALTIME": "20251129174800"
    },
    {
      "SEQ": 6,
      "BEFORE_NODE": 6.0,
      "AFTER_NODE": 7.0,
      "BEFORE_LAT": 35.070999,
      "BEFORE_LON": 128.82933,
      "AFTER_LAT": 35.070999,
      "AFTER_LON": 128.82933,
      "SOG": 0.1,
      "MOVINGTIME": 1980.0,
      "ARRIVALTIME": "20251129182100"
    },
    {
      "SEQ": 7,
      "BEFORE_NODE": 7.0,
      "AFTER_NODE": 8.0,
      "BEFORE_LAT": 35.070999,
      "BEFORE_LON": 128.82933,
      "AFTER_LAT": 35.070999,
      "AFTER_LON": 128.82933,
      "SOG": 0.1,
      "MOVINGTIME": 1860.0,
      "ARRIVALTIME": "20251129185200"
    },
    {
      "SEQ": 8,
      "BEFORE_NODE": 8.0,
      "AFTER_NODE": 9.0,
      "BEFORE_LAT": 35.070999,
      "BEFORE_LON": 128.82933,
      "AFTER_LAT": 35.070999,
      "AFTER_LON": 128.82933,
      "SOG": 0.2,
      "MOVINGTIME": 1560.0,
      "ARRIVALTIME": "20251129191800"
    },
    {
      "SEQ": 9,
      "BEFORE_NODE": 9.0,
      "AFTER_NODE": 10.0,
      "BEFORE_LAT": 35.070999,
      "BEFORE_LON": 128.82933,
      "AFTER_LAT": 35.070999,
      "AFTER_LON": 128.82933,
      "SOG": 0.1,
      "MOVINGTIME": 1800.0,
      "ARRIVALTIME": "20251129194800"
    },
    {
      "SEQ": 10,
      "BEFORE_NODE": 10.0,
      "AFTER_NODE": 11.0,
      "BEFORE_LAT": 35.070999,
      "BEFORE_LON": 128.82933,
      "AFTER_LAT": 35.070999,
      "AFTER_LON": 128.8295,
      "SOG": 0.1,
      "MOVINGTIME": 1860.0,
      "ARRIVALTIME": "20251129201900"
    },
    {
      "SEQ": 11,
      "BEFORE_NODE": 11.0,
      "AFTER_NODE": 12.0,
      "BEFORE_LAT": 35.070999,
      "BEFORE_LON": 128.8295,
      "AFTER_LAT": 35.071037,
      "AFTER_LON": 128.82941,
      "SOG": 0.1,
      "MOVINGTIME": 1860.0,
      "ARRIVALTIME": "20251129205000"
    },
    {
      "SEQ": 12,
      "BEFORE_NODE": 12.0,
      "AFTER_NODE": 13.0,
      "BEFORE_LAT": 35.071037,
      "BEFORE_LON": 128.82941,
      "AFTER_LAT": 35.071068,
      "AFTER_LON": 128.82939,
      "SOG": 0.1,
      "MOVINGTIME": 1860.0,
      "ARRIVALTIME": "20251129212100"
    },
    {
      "SEQ": 13,
      "BEFORE_NODE": 13.0,
      "AFTER_NODE": 14.0,
      "BEFORE_LAT": 35.071068,
      "BEFORE_LON": 128.82939,
      "AFTER_LAT": 35.070999,
      "AFTER_LON": 128.82933,
      "SOG": 0.1,
      "MOVINGTIME": 1800.0,
      "ARRIVALTIME": "20251129215100"
    },
    {
      "SEQ": 14,
      "BEFORE_NODE": 14.0,
      "AFTER_NODE": 15.0,
      "BEFORE_LAT": 35.070999,
      "BEFORE_LON": 128.82933,
      "AFTER_LAT": 35.070999,
      "AFTER_LON": 128.82933,
      "SOG": 0.3,
      "MOVINGTIME": 1740.0,
      "ARRIVALTIME": "20251129222000"
    },
    {
      "SEQ": 15,
      "BEFORE_NODE": 15.0,
      "AFTER_NODE": 16.0,
      "BEFORE_LAT": 35.070999,
      "BEFORE_LON": 128.82933,
      "AFTER_LAT": 35.071068,
      "AFTER_LON": 128.82941,
      "SOG": 0.1,
      "MOVINGTIME": 1800.0,
      "ARRIVALTIME": "20251129225000"
    },
    {
      "SEQ": 16,
      "BEFORE_NODE": 16.0,
      "AFTER_NODE": 17.0,
      "BEFORE_LAT": 35.071068,
      "BEFORE_LON": 128.82941,
      "AFTER_LAT": 35.070999,
      "AFTER_LON": 128.82933,
      "SOG": 0.1,
      "MOVINGTIME": 1920.0,
      "ARRIVALTIME": "20251129232200"
    },
    {
      "SEQ": 17,
      "BEFORE_NODE": 17.0,
      "AFTER_NODE": 18.0,
      "BEFORE_LAT": 35.070999,
      "BEFORE_LON": 128.82933,
      "AFTER_LAT": 35.070999,
      "AFTER_LON": 128.82933,
      "SOG": 0,
      "MOVINGTIME": 1740.0,
      "ARRIVALTIME": "20251129235100"
    },
    {
      "SEQ": 18,
      "BEFORE_NODE": 18.0,
      "AFTER_NODE": 19.0,
      "BEFORE_LAT": 35.070999,
      "BEFORE_LON": 128.82933,
      "AFTER_LAT": 35.070999,
      "AFTER_LON": 128.82933,
      "SOG": 0.1,
      "MOVINGTIME": 1800.0,
      "ARRIVALTIME": "20251130002100"
    },
    {
      "SEQ": 19,
      "BEFORE_NODE": 19.0,
      "AFTER_NODE": 20.0,
      "BEFORE_LAT": 35.070999,
      "BEFORE_LON": 128.82933,
      "AFTER_LAT": 35.070999,
      "AFTER_LON": 128.82933,
      "SOG": 0.1,
      "MOVINGTIME": 1860.0,
      "ARRIVALTIME": "20251130005200"
    },
    {
      "SEQ": 20,
      "BEFORE_NODE": 20.0,
      "AFTER_NODE": 21.0,
      "BEFORE_LAT": 35.070999,
      "BEFORE_LON": 128.82933,
      "AFTER_LAT": 35.070999,
      "AFTER_LON": 128.82933,
      "SOG": 0.1,
      "MOVINGTIME": 1620.0,
      "ARRIVALTIME": "20251130011900"
    },
    {
      "SEQ": 21,
      "BEFORE_NODE": 21.0,
      "AFTER_NODE": 22.0,
      "BEFORE_LAT": 35.070999,
      "BEFORE_LON": 128.82933,
      "AFTER_LAT": 35.070999,
      "AFTER_LON": 128.82933,
      "SOG": 0,
      "MOVINGTIME": 2040.0,
      "ARRIVALTIME": "20251130015300"
    },
    {
      "SEQ": 22,
      "BEFORE_NODE": 22.0,
      "AFTER_NODE": 23.0,
      "BEFORE_LAT": 35.070999,
      "BEFORE_LON": 128.82933,
      "AFTER_LAT": 35.070999,
      "AFTER_LON": 128.8295,
      "SOG": 0.1,
      "MOVINGTIME": 1800.0,
      "ARRIVALTIME": "20251130022300"
    },
    {
      "SEQ": 23,
      "BEFORE_NODE": 23.0,
      "AFTER_NODE": 24.0,
      "BEFORE_LAT": 35.070999,
      "BEFORE_LON": 128.8295,
      "AFTER_LAT": 35.070999,
      "AFTER_LON": 128.82933,
      "SOG": 0.1,
      "MOVINGTIME": 1620.0,
      "ARRIVALTIME": "20251130025000"
    },
    {
      "SEQ": 24,
      "BEFORE_NODE": 24.0,
      "AFTER_NODE": 25.0,
      "BEFORE_LAT": 35.070999,
      "BEFORE_LON": 128.82933,
      "AFTER_LAT": 35.070999,
      "AFTER_LON": 128.82933,
      "SOG": 0,
      "MOVINGTIME": 1860.0,
      "ARRIVALTIME": "20251130032100"
    },
    {
      "SEQ": 25,
      "BEFORE_NODE": 25.0,
      "AFTER_NODE": 26.0,
      "BEFORE_LAT": 35.070999,
      "BEFORE_LON": 128.82933,
      "AFTER_LAT": 35.070999,
      "AFTER_LON": 128.82933,
      "SOG": 0.2,
      "MOVINGTIME": 1860.0,
      "ARRIVALTIME": "20251130035200"
    },
    {
      "SEQ": 26,
      "BEFORE_NODE": 26.0,
      "AFTER_NODE": 27.0,
      "BEFORE_LAT": 35.070999,
      "BEFORE_LON": 128.82933,
      "AFTER_LAT": 35.070999,
      "AFTER_LON": 128.82933,
      "SOG": 0.2,
      "MOVINGTIME": 1740.0,
      "ARRIVALTIME": "20251130042100"
    },
    {
      "SEQ": 27,
      "BEFORE_NODE": 27.0,
      "AFTER_NODE": 28.0,
      "BEFORE_LAT": 35.070999,
      "BEFORE_LON": 128.82933,
      "AFTER_LAT": 35.070999,
      "AFTER_LON": 128.8295,
      "SOG": 0.1,
      "MOVINGTIME": 1740.0,
      "ARRIVALTIME": "20251130045000"
    },
    {
      "SEQ": 28,
      "BEFORE_NODE": 28.0,
      "AFTER_NODE": 29.0,
      "BEFORE_LAT": 35.070999,
      "BEFORE_LON": 128.8295,
      "AFTER_LAT": 35.071068,
      "AFTER_LON": 128.82941,
      "SOG": 0,
      "MOVINGTIME": 1800.0,
      "ARRIVALTIME": "20251130052000"
    },
    {
      "SEQ": 29,
      "BEFORE_NODE": 29.0,
      "AFTER_NODE": 30.0,
      "BEFORE_LAT": 35.071068,
      "BEFORE_LON": 128.82941,
      "AFTER_LAT": 35.071045,
      "AFTER_LON": 128.82941,
      "SOG": 0.1,
      "MOVINGTIME": 3480.0,
      "ARRIVALTIME": "20251130061800"
    },
    {
      "SEQ": 30,
      "BEFORE_NODE": 30.0,
      "AFTER_NODE": 31.0,
      "BEFORE_LAT": 35.071045,
      "BEFORE_LON": 128.82941,
      "AFTER_LAT": 35.070999,
      "AFTER_LON": 128.8295,
      "SOG": 0.1,
      "MOVINGTIME": 1920.0,
      "ARRIVALTIME": "20251130065000"
    },
    {
      "SEQ": 31,
      "BEFORE_NODE": 31.0,
      "AFTER_NODE": 32.0,
      "BEFORE_LAT": 35.070999,
      "BEFORE_LON": 128.8295,
      "AFTER_LAT": 35.070999,
      "AFTER_LON": 128.82933,
      "SOG": 0,
      "MOVINGTIME": 1740.0,
      "ARRIVALTIME": "20251130071900"
    },
    {
      "SEQ": 32,
      "BEFORE_NODE": 32.0,
      "AFTER_NODE": 33.0,
      "BEFORE_LAT": 35.070999,
      "BEFORE_LON": 128.82933,
      "AFTER_LAT": 35.070999,
      "AFTER_LON": 128.8295,
      "SOG": 0.1,
      "MOVINGTIME": 1860.0,
      "ARRIVALTIME": "20251130075000"
    },
    {
      "SEQ": 33,
      "BEFORE_NODE": 33.0,
      "AFTER_NODE": 34.0,
      "BEFORE_LAT": 35.070999,
      "BEFORE_LON": 128.8295,
      "AFTER_LAT": 35.070999,
      "AFTER_LON": 128.82933,
      "SOG": 0.1,
      "MOVINGTIME": 1800.0,
      "ARRIVALTIME": "20251130082000"
    },
    {
      "SEQ": 34,
      "BEFORE_NODE": 34.0,
      "AFTER_NODE": 35.0,
      "BEFORE_LAT": 35.070999,
      "BEFORE_LON": 128.82933,
      "AFTER_LAT": 35.070999,
      "AFTER_LON": 128.82933,
      "SOG": 0,
      "MOVINGTIME": 1740.0,
      "ARRIVALTIME": "20251130084900"
    },
    {
      "SEQ": 35,
      "BEFORE_NODE": 35.0,
      "AFTER_NODE": 36.0,
      "BEFORE_LAT": 35.070999,
      "BEFORE_LON": 128.82933,
      "AFTER_LAT": 35.071037,
      "AFTER_LON": 128.82939,
      "SOG": 0.1,
      "MOVINGTIME": 1800.0,
      "ARRIVALTIME": "20251130091900"
    },
    {
      "SEQ": 36,
      "BEFORE_NODE": 36.0,
      "AFTER_NODE": 37.0,
      "BEFORE_LAT": 35.071037,
      "BEFORE_LON": 128.82939,
      "AFTER_LAT": 35.070999,
      "AFTER_LON": 128.82933,
      "SOG": 0.1,
      "MOVINGTIME": 1800.0,
      "ARRIVALTIME": "20251130094900"
    },
    {
      "SEQ": 37,
      "BEFORE_NODE": 37.0,
      "AFTER_NODE": 38.0,
      "BEFORE_LAT": 35.070999,
      "BEFORE_LON": 128.82933,
      "AFTER_LAT": 35.061333,
      "AFTER_LON": 128.78433,
      "SOG": 8.8,
      "MOVINGTIME": 1980.0,
      "ARRIVALTIME": "20251130102200"
    },
    {
      "SEQ": 38,
      "BEFORE_NODE": 38.0,
      "AFTER_NODE": 39.0,
      "BEFORE_LAT": 35.061333,
      "BEFORE_LON": 128.78433,
      "AFTER_LAT": 34.93116666666667,
      "AFTER_LON": 128.835,
      "SOG": 11.2,
      "MOVINGTIME": 2758.0,
      "ARRIVALTIME": "20251130110758"
    },
    {
      "SEQ": 39,
      "BEFORE_NODE": 39.0,
      "AFTER_NODE": 40.0,
      "BEFORE_LAT": 34.93116666666667,
      "BEFORE_LON": 128.835,
      "AFTER_LAT": 34.83866666666667,
      "AFTER_LON": 128.8535,
      "SOG": 10.2,
      "MOVINGTIME": 1880.0,
      "ARRIVALTIME": "20251130113918"
    },
    {
      "SEQ": 40,
      "BEFORE_NODE": 40.0,
      "AFTER_NODE": 41.0,
      "BEFORE_LAT": 34.83866666666667,
      "BEFORE_LON": 128.8535,
      "AFTER_LAT": 34.74433333333333,
      "AFTER_LON": 128.84433333333334,
      "SOG": 10.4,
      "MOVINGTIME": 1990.0,
      "ARRIVALTIME": "20251130121228"
    },
    {
      "SEQ": 41,
      "BEFORE_NODE": 41.0,
      "AFTER_NODE": 42.0,
      "BEFORE_LAT": 34.74433333333333,
      "BEFORE_LON": 128.84433333333334,
      "AFTER_LAT": 34.69616666666667,
      "AFTER_LON": 128.83333333333334,
      "SOG": 9.8,
      "MOVINGTIME": 1029.0,
      "ARRIVALTIME": "20251130122937"
    },
    {
      "SEQ": 42,
      "BEFORE_NODE": 42.0,
      "AFTER_NODE": 43.0,
      "BEFORE_LAT": 34.69616666666667,
      "BEFORE_LON": 128.83333333333334,
      "AFTER_LAT": 34.655666,
      "AFTER_LON": 128.791,
      "SOG": 9.8,
      "MOVINGTIME": 1163.0,
      "ARRIVALTIME": "20251130124900"
    },
    {
      "SEQ": 43,
      "BEFORE_NODE": 43.0,
      "AFTER_NODE": 44.0,
      "BEFORE_LAT": 34.655666,
      "BEFORE_LON": 128.791,
      "AFTER_LAT": 34.6255,
      "AFTER_LON": 128.73917,
      "SOG": 10.1,
      "MOVINGTIME": 1680.0,
      "ARRIVALTIME": "20251130131700"
    },
    {
      "SEQ": 44,
      "BEFORE_NODE": 44.0,
      "AFTER_NODE": 45.0,
      "BEFORE_LAT": 34.6255,
      "BEFORE_LON": 128.73917,
      "AFTER_LAT": 34.568001,
      "AFTER_LON": 128.6425,
      "SOG": 10.5,
      "MOVINGTIME": 1980.0,
      "ARRIVALTIME": "20251130135000"
    },
    {
      "SEQ": 45,
      "BEFORE_NODE": 45.0,
      "AFTER_NODE": 46.0,
      "BEFORE_LAT": 34.568001,
      "BEFORE_LON": 128.6425,
      "AFTER_LAT": 34.513168,
      "AFTER_LON": 128.5545,
      "SOG": 10.3,
      "MOVINGTIME": 1680.0,
      "ARRIVALTIME": "20251130141800"
    },
    {
      "SEQ": 46,
      "BEFORE_NODE": 46.0,
      "AFTER_NODE": 47.0,
      "BEFORE_LAT": 34.513168,
      "BEFORE_LON": 128.5545,
      "AFTER_LAT": 34.446667,
      "AFTER_LON": 128.46133,
      "SOG": 10.3,
      "MOVINGTIME": 1980.0,
      "ARRIVALTIME": "20251130145100"
    },
    {
      "SEQ": 47,
      "BEFORE_NODE": 47.0,
      "AFTER_NODE": 48.0,
      "BEFORE_LAT": 34.446667,
      "BEFORE_LON": 128.46133,
      "AFTER_LAT": 34.413166,
      "AFTER_LON": 128.41183,
      "SOG": 10.3,
      "MOVINGTIME": 1560.0,
      "ARRIVALTIME": "20251130151700"
    },
    {
      "SEQ": 48,
      "BEFORE_NODE": 48.0,
      "AFTER_NODE": 49.0,
      "BEFORE_LAT": 34.413166,
      "BEFORE_LON": 128.41183,
      "AFTER_LAT": 34.343166,
      "AFTER_LON": 128.32416,
      "SOG": 10.1,
      "MOVINGTIME": 1980.0,
      "ARRIVALTIME": "20251130155000"
    },
    {
      "SEQ": 49,
      "BEFORE_NODE": 49.0,
      "AFTER_NODE": 50.0,
      "BEFORE_LAT": 34.343166,
      "BEFORE_LON": 128.32416,
      "AFTER_LAT": 34.283501,
      "AFTER_LON": 128.22501,
      "SOG": 10.5,
      "MOVINGTIME": 1860.0,
      "ARRIVALTIME": "20251130162100"
    },
    {
      "SEQ": 50,
      "BEFORE_NODE": 50.0,
      "AFTER_NODE": 51.0,
      "BEFORE_LAT": 34.283501,
      "BEFORE_LON": 128.22501,
      "AFTER_LAT": 34.194332,
      "AFTER_LON": 128.0835,
      "SOG": 10.5,
      "MOVINGTIME": 2805.0,
      "ARRIVALTIME": "20251130170745"
    },
    {
      "SEQ": 51,
      "BEFORE_NODE": 51.0,
      "AFTER_NODE": 52.0,
      "BEFORE_LAT": 34.194332,
      "BEFORE_LON": 128.0835,
      "AFTER_LAT": 34.175667,
      "AFTER_LON": 128.05717,
      "SOG": 10.1,
      "MOVINGTIME": 615.0,
      "ARRIVALTIME": "20251130171800"
    },
    {
      "SEQ": 52,
      "BEFORE_NODE": 52.0,
      "AFTER_NODE": 53.0,
      "BEFORE_LAT": 34.175667,
      "BEFORE_LON": 128.05717,
      "AFTER_LAT": 34.124332,
      "AFTER_LON": 127.99784,
      "SOG": 9.8,
      "MOVINGTIME": 1860.0,
      "ARRIVALTIME": "20251130174900"
    },
    {
      "SEQ": 53,
      "BEFORE_NODE": 53.0,
      "AFTER_NODE": 54.0,
      "BEFORE_LAT": 34.124332,
      "BEFORE_LON": 127.99784,
      "AFTER_LAT": 34.067333,
      "AFTER_LON": 127.90334,
      "SOG": 10.3,
      "MOVINGTIME": 1920.0,
      "ARRIVALTIME": "20251130182100"
    },
    {
      "SEQ": 54,
      "BEFORE_NODE": 54.0,
      "AFTER_NODE": 55.0,
      "BEFORE_LAT": 34.067333,
      "BEFORE_LON": 127.90334,
      "AFTER_LAT": 34.010502,
      "AFTER_LON": 127.82933,
      "SOG": 10.8,
      "MOVINGTIME": 1680.0,
      "ARRIVALTIME": "20251130184900"
    },
    {
      "SEQ": 55,
      "BEFORE_NODE": 55.0,
      "AFTER_NODE": 56.0,
      "BEFORE_LAT": 34.010502,
      "BEFORE_LON": 127.82933,
      "AFTER_LAT": 33.937,
      "AFTER_LON": 127.74616,
      "SOG": 10.6,
      "MOVINGTIME": 1800.0,
      "ARRIVALTIME": "20251130191900"
    },
    {
      "SEQ": 56,
      "BEFORE_NODE": 56.0,
      "AFTER_NODE": 57.0,
      "BEFORE_LAT": 33.937,
      "BEFORE_LON": 127.74616,
      "AFTER_LAT": 33.889332,
      "AFTER_LON": 127.68216,
      "SOG": 10.3,
      "MOVINGTIME": 1920.0,
      "ARRIVALTIME": "20251130195100"
    },
    {
      "SEQ": 57,
      "BEFORE_NODE": 57.0,
      "AFTER_NODE": 58.0,
      "BEFORE_LAT": 33.889332,
      "BEFORE_LON": 127.68216,
      "AFTER_LAT": 33.832165,
      "AFTER_LON": 126.747,
      "SOG": 9.3,
      "MOVINGTIME": 16200.0,
      "ARRIVALTIME": "20251201002100"
    },
    {
      "SEQ": 58,
      "BEFORE_NODE": 58.0,
      "AFTER_NODE": 59.0,
      "BEFORE_LAT": 33.832165,
      "BEFORE_LON": 126.747,
      "AFTER_LAT": 33.832333,
      "AFTER_LON": 126.61749,
      "SOG": 9.3,
      "MOVINGTIME": 1740.0,
      "ARRIVALTIME": "20251201005000"
    },
    {
      "SEQ": 59,
      "BEFORE_NODE": 59.0,
      "AFTER_NODE": 60.0,
      "BEFORE_LAT": 33.832333,
      "BEFORE_LON": 126.61749,
      "AFTER_LAT": 33.829334,
      "AFTER_LON": 126.522,
      "SOG": 9.5,
      "MOVINGTIME": 1860.0,
      "ARRIVALTIME": "20251201012100"
    },
    {
      "SEQ": 60,
      "BEFORE_NODE": 60.0,
      "AFTER_NODE": 61.0,
      "BEFORE_LAT": 33.829334,
      "BEFORE_LON": 126.522,
      "AFTER_LAT": 33.826832,
      "AFTER_LON": 126.41784,
      "SOG": 10.1,
      "MOVINGTIME": 1800.0,
      "ARRIVALTIME": "20251201015100"
    },
    {
      "SEQ": 61,
      "BEFORE_NODE": 61.0,
      "AFTER_NODE": 62.0,
      "BEFORE_LAT": 33.826832,
      "BEFORE_LON": 126.41784,
      "AFTER_LAT": 33.829834,
      "AFTER_LON": 126.309,
      "SOG": 10.1,
      "MOVINGTIME": 1860.0,
      "ARRIVALTIME": "20251201022200"
    },
    {
      "SEQ": 62,
      "BEFORE_NODE": 62.0,
      "AFTER_NODE": 63.0,
      "BEFORE_LAT": 33.829834,
      "BEFORE_LON": 126.309,
      "AFTER_LAT": 33.832333,
      "AFTER_LON": 126.007,
      "SOG": 11,
      "MOVINGTIME": 5400.0,
      "ARRIVALTIME": "20251201035200"
    },
    {
      "SEQ": 63,
      "BEFORE_NODE": 63.0,
      "AFTER_NODE": 64.0,
      "BEFORE_LAT": 33.832333,
      "BEFORE_LON": 126.007,
      "AFTER_LAT": 33.876667,
      "AFTER_LON": 125.91483,
      "SOG": 10.1,
      "MOVINGTIME": 1740.0,
      "ARRIVALTIME": "20251201042100"
    },
    {
      "SEQ": 64,
      "BEFORE_NODE": 64.0,
      "AFTER_NODE": 65.0,
      "BEFORE_LAT": 33.876667,
      "BEFORE_LON": 125.91483,
      "AFTER_LAT": 33.917,
      "AFTER_LON": 125.80833,
      "SOG": 9.8,
      "MOVINGTIME": 1860.0,
      "ARRIVALTIME": "20251201045200"
    },
    {
      "SEQ": 65,
      "BEFORE_NODE": 65.0,
      "AFTER_NODE": 66.0,
      "BEFORE_LAT": 33.917,
      "BEFORE_LON": 125.80833,
      "AFTER_LAT": 33.937168,
      "AFTER_LON": 125.72616,
      "SOG": 10.3,
      "MOVINGTIME": 1680.0,
      "ARRIVALTIME": "20251201052000"
    },
    {
      "SEQ": 66,
      "BEFORE_NODE": 66.0,
      "AFTER_NODE": 67.0,
      "BEFORE_LAT": 33.937168,
      "BEFORE_LON": 125.72616,
      "AFTER_LAT": 34.376499,
      "AFTER_LON": 124.47451,
      "SOG": 10.6,
      "MOVINGTIME": 23280.0,
      "ARRIVALTIME": "20251201114800"
    },
    {
      "SEQ": 67,
      "BEFORE_NODE": 67.0,
      "AFTER_NODE": 68.0,
      "BEFORE_LAT": 34.376499,
      "BEFORE_LON": 124.47451,
      "AFTER_LAT": 34.489334,
      "AFTER_LON": 124.10483,
      "SOG": 10.1,
      "MOVINGTIME": 7200.0,
      "ARRIVALTIME": "20251201134800"
    },
    {
      "SEQ": 68,
      "BEFORE_NODE": 68.0,
      "AFTER_NODE": 69.0,
      "BEFORE_LAT": 34.489334,
      "BEFORE_LON": 124.10483,
      "AFTER_LAT": 35.120834,
      "AFTER_LON": 122.6805,
      "SOG": 9.1,
      "MOVINGTIME": 30960.0,
      "ARRIVALTIME": "20251201222400"
    },
    {
      "SEQ": 69,
      "BEFORE_NODE": 69.0,
      "AFTER_NODE": 70.0,
      "BEFORE_LAT": 35.120834,
      "BEFORE_LON": 122.6805,
      "AFTER_LAT": 35.161999,
      "AFTER_LON": 122.59784,
      "SOG": 9.5,
      "MOVINGTIME": 1740.0,
      "ARRIVALTIME": "20251201225300"
    },
    {
      "SEQ": 70,
      "BEFORE_NODE": 70.0,
      "AFTER_NODE": 71.0,
      "BEFORE_LAT": 35.161999,
      "BEFORE_LON": 122.59784,
      "AFTER_LAT": 35.231834,
      "AFTER_LON": 122.46451,
      "SOG": 9.6,
      "MOVINGTIME": 3480.0,
      "ARRIVALTIME": "20251201235100"
    },
    {
      "SEQ": 71,
      "BEFORE_NODE": 71.0,
      "AFTER_NODE": 72.0,
      "BEFORE_LAT": 35.231834,
      "BEFORE_LON": 122.46451,
      "AFTER_LAT": 35.311787,
      "AFTER_LON": 122.26138,
      "SOG": 10,
      "MOVINGTIME": 3660.0,
      "ARRIVALTIME": "20251202005200"
    },
    {
      "SEQ": 72,
      "BEFORE_NODE": 72.0,
      "AFTER_NODE": 73.0,
      "BEFORE_LAT": 35.311787,
      "BEFORE_LON": 122.26138,
      "AFTER_LAT": 35.344002,
      "AFTER_LON": 122.14851,
      "SOG": 10.5,
      "MOVINGTIME": 1860.0,
      "ARRIVALTIME": "20251202012300"
    },
    {
      "SEQ": 73,
      "BEFORE_NODE": 73.0,
      "AFTER_NODE": 74.0,
      "BEFORE_LAT": 35.344002,
      "BEFORE_LON": 122.14851,
      "AFTER_LAT": 35.364834,
      "AFTER_LON": 122.06934,
      "SOG": 10.6,
      "MOVINGTIME": 1920.0,
      "ARRIVALTIME": "20251202015500"
    },
    {
      "SEQ": 74,
      "BEFORE_NODE": 74.0,
      "AFTER_NODE": 75.0,
      "BEFORE_LAT": 35.364834,
      "BEFORE_LON": 122.06934,
      "AFTER_LAT": 35.394333,
      "AFTER_LON": 121.96149,
      "SOG": 11,
      "MOVINGTIME": 1740.0,
      "ARRIVALTIME": "20251202022400"
    },
    {
      "SEQ": 75,
      "BEFORE_NODE": 75.0,
      "AFTER_NODE": 76.0,
      "BEFORE_LAT": 35.394333,
      "BEFORE_LON": 121.96149,
      "AFTER_LAT": 35.438667,
      "AFTER_LON": 121.85918,
      "SOG": 10.6,
      "MOVINGTIME": 1860.0,
      "ARRIVALTIME": "20251202025500"
    },
    {
      "SEQ": 76,
      "BEFORE_NODE": 76.0,
      "AFTER_NODE": 77.0,
      "BEFORE_LAT": 35.438667,
      "BEFORE_LON": 121.85918,
      "AFTER_LAT": 35.480167,
      "AFTER_LON": 121.76216,
      "SOG": 10.3,
      "MOVINGTIME": 1620.0,
      "ARRIVALTIME": "20251202032200"
    },
    {
      "SEQ": 77,
      "BEFORE_NODE": 77.0,
      "AFTER_NODE": 78.0,
      "BEFORE_LAT": 35.480167,
      "BEFORE_LON": 121.76216,
      "AFTER_LAT": 35.537498,
      "AFTER_LON": 121.68166,
      "SOG": 10,
      "MOVINGTIME": 1860.0,
      "ARRIVALTIME": "20251202035300"
    },
    {
      "SEQ": 78,
      "BEFORE_NODE": 78.0,
      "AFTER_NODE": 79.0,
      "BEFORE_LAT": 35.537498,
      "BEFORE_LON": 121.68166,
      "AFTER_LAT": 35.572334,
      "AFTER_LON": 121.588,
      "SOG": 10.5,
      "MOVINGTIME": 1740.0,
      "ARRIVALTIME": "20251202042200"
    },
    {
      "SEQ": 79,
      "BEFORE_NODE": 79.0,
      "AFTER_NODE": 80.0,
      "BEFORE_LAT": 35.572334,
      "BEFORE_LON": 121.588,
      "AFTER_LAT": 35.580334,
      "AFTER_LON": 121.47633,
      "SOG": 10,
      "MOVINGTIME": 1860.0,
      "ARRIVALTIME": "20251202045300"
    },
    {
      "SEQ": 80,
      "BEFORE_NODE": 80.0,
      "AFTER_NODE": 81.0,
      "BEFORE_LAT": 35.580334,
      "BEFORE_LON": 121.47633,
      "AFTER_LAT": 35.587833,
      "AFTER_LON": 121.404,
      "SOG": 10.6,
      "MOVINGTIME": 1740.0,
      "ARRIVALTIME": "20251202052200"
    },
    {
      "SEQ": 81,
      "BEFORE_NODE": 81.0,
      "AFTER_NODE": 82.0,
      "BEFORE_LAT": 35.587833,
      "BEFORE_LON": 121.404,
      "AFTER_LAT": 35.6245,
      "AFTER_LON": 121.265,
      "SOG": 10,
      "MOVINGTIME": 1980.0,
      "ARRIVALTIME": "20251202055500"
    },
    {
      "SEQ": 82,
      "BEFORE_NODE": 82.0,
      "AFTER_NODE": 83.0,
      "BEFORE_LAT": 35.6245,
      "BEFORE_LON": 121.265,
      "AFTER_LAT": 35.636299,
      "AFTER_LON": 121.20292,
      "SOG": 10.1,
      "MOVINGTIME": 1320.0,
      "ARRIVALTIME": "20251202061700"
    },
    {
      "SEQ": 83,
      "BEFORE_NODE": 83.0,
      "AFTER_NODE": 84.0,
      "BEFORE_LAT": 35.636299,
      "BEFORE_LON": 121.20292,
      "AFTER_LAT": 35.659,
      "AFTER_LON": 121.072,
      "SOG": 9.1,
      "MOVINGTIME": 2160.0,
      "ARRIVALTIME": "20251202065300"
    },
    {
      "SEQ": 84,
      "BEFORE_NODE": 84.0,
      "AFTER_NODE": 85.0,
      "BEFORE_LAT": 35.659,
      "BEFORE_LON": 121.072,
      "AFTER_LAT": 35.688122,
      "AFTER_LON": 121.01794,
      "SOG": 1.2,
      "MOVINGTIME": 1920.0,
      "ARRIVALTIME": "20251202072500"
    },
    {
      "SEQ": 85,
      "BEFORE_NODE": 85.0,
      "AFTER_NODE": 86.0,
      "BEFORE_LAT": 35.688122,
      "BEFORE_LON": 121.01794,
      "AFTER_LAT": 35.685501,
      "AFTER_LON": 121.01816,
      "SOG": 0.1,
      "MOVINGTIME": 1380.0,
      "ARRIVALTIME": "20251202074800"
    },
    {
      "SEQ": 86,
      "BEFORE_NODE": 86.0,
      "AFTER_NODE": 87.0,
      "BEFORE_LAT": 35.685501,
      "BEFORE_LON": 121.01816,
      "AFTER_LAT": 35.685375,
      "AFTER_LON": 121.02068,
      "SOG": 0.3,
      "MOVINGTIME": 18180.0,
      "ARRIVALTIME": "20251202125100"
    },
    {
      "SEQ": 87,
      "BEFORE_NODE": 87.0,
      "AFTER_NODE": 88.0,
      "BEFORE_LAT": 35.685375,
      "BEFORE_LON": 121.02068,
      "AFTER_LAT": 35.685501,
      "AFTER_LON": 121.02051,
      "SOG": 0.5,
      "MOVINGTIME": 1740.0,
      "ARRIVALTIME": "20251202132000"
    },
    {
      "SEQ": 88,
      "BEFORE_NODE": 88.0,
      "AFTER_NODE": 89.0,
      "BEFORE_LAT": 35.685501,
      "BEFORE_LON": 121.02051,
      "AFTER_LAT": 35.685333,
      "AFTER_LON": 121.01967,
      "SOG": 0.4,
      "MOVINGTIME": 3600.0,
      "ARRIVALTIME": "20251202142000"
    },
    {
      "SEQ": 89,
      "BEFORE_NODE": 89.0,
      "AFTER_NODE": 90.0,
      "BEFORE_LAT": 35.685333,
      "BEFORE_LON": 121.01967,
      "AFTER_LAT": 35.685333,
      "AFTER_LON": 121.01949,
      "SOG": 0.2,
      "MOVINGTIME": 7140.0,
      "ARRIVALTIME": "20251202161900"
    },
    {
      "SEQ": 90,
      "BEFORE_NODE": 90.0,
      "AFTER_NODE": 91.0,
      "BEFORE_LAT": 35.685333,
      "BEFORE_LON": 121.01949,
      "AFTER_LAT": 35.685165,
      "AFTER_LON": 121.01967,
      "SOG": 0.3,
      "MOVINGTIME": 3600.0,
      "ARRIVALTIME": "20251202171900"
    },
    {
      "SEQ": 91,
      "BEFORE_NODE": 91.0,
      "AFTER_NODE": 92.0,
      "BEFORE_LAT": 35.685165,
      "BEFORE_LON": 121.01967,
      "AFTER_LAT": 35.685165,
      "AFTER_LON": 121.02,
      "SOG": 0.1,
      "MOVINGTIME": 2100.0,
      "ARRIVALTIME": "20251202175400"
    },
    {
      "SEQ": 92,
      "BEFORE_NODE": 92.0,
      "AFTER_NODE": 93.0,
      "BEFORE_LAT": 35.685165,
      "BEFORE_LON": 121.02,
      "AFTER_LAT": 35.685165,
      "AFTER_LON": 121.02,
      "SOG": 0.2,
      "MOVINGTIME": 1680.0,
      "ARRIVALTIME": "20251202182200"
    },
    {
      "SEQ": 93,
      "BEFORE_NODE": 93.0,
      "AFTER_NODE": 94.0,
      "BEFORE_LAT": 35.685165,
      "BEFORE_LON": 121.02,
      "AFTER_LAT": 35.685333,
      "AFTER_LON": 121.02033,
      "SOG": 0.3,
      "MOVINGTIME": 1740.0,
      "ARRIVALTIME": "20251202185100"
    },
    {
      "SEQ": 94,
      "BEFORE_NODE": 94.0,
      "AFTER_NODE": 95.0,
      "BEFORE_LAT": 35.685333,
      "BEFORE_LON": 121.02033,
      "AFTER_LAT": 35.685333,
      "AFTER_LON": 121.02083,
      "SOG": 0.1,
      "MOVINGTIME": 2040.0,
      "ARRIVALTIME": "20251202192500"
    },
    {
      "SEQ": 95,
      "BEFORE_NODE": 95.0,
      "AFTER_NODE": 96.0,
      "BEFORE_LAT": 35.685333,
      "BEFORE_LON": 121.02083,
      "AFTER_LAT": 35.685333,
      "AFTER_LON": 121.02067,
      "SOG": 0.4,
      "MOVINGTIME": 1500.0,
      "ARRIVALTIME": "20251202195000"
    },
    {
      "SEQ": 96,
      "BEFORE_NODE": 96.0,
      "AFTER_NODE": 97.0,
      "BEFORE_LAT": 35.685333,
      "BEFORE_LON": 121.02067,
      "AFTER_LAT": 35.685665,
      "AFTER_LON": 121.02149,
      "SOG": 0.6,
      "MOVINGTIME": 1920.0,
      "ARRIVALTIME": "20251202202200"
    },
    {
      "SEQ": 97,
      "BEFORE_NODE": 97.0,
      "AFTER_NODE": 98.0,
      "BEFORE_LAT": 35.685665,
      "BEFORE_LON": 121.02149,
      "AFTER_LAT": 35.685501,
      "AFTER_LON": 121.02149,
      "SOG": 0.8,
      "MOVINGTIME": 1740.0,
      "ARRIVALTIME": "20251202205100"
    },
    {
      "SEQ": 98,
      "BEFORE_NODE": 98.0,
      "AFTER_NODE": 99.0,
      "BEFORE_LAT": 35.685501,
      "BEFORE_LON": 121.02149,
      "AFTER_LAT": 35.685501,
      "AFTER_LON": 121.02184,
      "SOG": 0.2,
      "MOVINGTIME": 1920.0,
      "ARRIVALTIME": "20251202212300"
    },
    {
      "SEQ": 99,
      "BEFORE_NODE": 99.0,
      "AFTER_NODE": 100.0,
      "BEFORE_LAT": 35.685501,
      "BEFORE_LON": 121.02184,
      "AFTER_LAT": 35.686001,
      "AFTER_LON": 121.02267,
      "SOG": 0.3,
      "MOVINGTIME": 1800.0,
      "ARRIVALTIME": "20251202215300"
    },
    {
      "SEQ": 100,
      "BEFORE_NODE": 100.0,
      "AFTER_NODE": 101.0,
      "BEFORE_LAT": 35.686001,
      "BEFORE_LON": 121.02267,
      "AFTER_LAT": 35.686333,
      "AFTER_LON": 121.02283,
      "SOG": 0.2,
      "MOVINGTIME": 1620.0,
      "ARRIVALTIME": "20251202222000"
    },
    {
      "SEQ": 101,
      "BEFORE_NODE": 101.0,
      "AFTER_NODE": 102.0,
      "BEFORE_LAT": 35.686333,
      "BEFORE_LON": 121.02283,
      "AFTER_LAT": 35.686333,
      "AFTER_LON": 121.02283,
      "SOG": 0.3,
      "MOVINGTIME": 1860.0,
      "ARRIVALTIME": "20251202225100"
    },
    {
      "SEQ": 102,
      "BEFORE_NODE": 102.0,
      "AFTER_NODE": 103.0,
      "BEFORE_LAT": 35.686333,
      "BEFORE_LON": 121.02283,
      "AFTER_LAT": 35.686501,
      "AFTER_LON": 121.023,
      "SOG": 0.2,
      "MOVINGTIME": 1980.0,
      "ARRIVALTIME": "20251202232400"
    },
    {
      "SEQ": 103,
      "BEFORE_NODE": 103.0,
      "AFTER_NODE": 104.0,
      "BEFORE_LAT": 35.686501,
      "BEFORE_LON": 121.023,
      "AFTER_LAT": 35.686501,
      "AFTER_LON": 121.02317,
      "SOG": 0.1,
      "MOVINGTIME": 1680.0,
      "ARRIVALTIME": "20251202235200"
    },
    {
      "SEQ": 104,
      "BEFORE_NODE": 104.0,
      "AFTER_NODE": 105.0,
      "BEFORE_LAT": 35.686501,
      "BEFORE_LON": 121.02317,
      "AFTER_LAT": 35.686668,
      "AFTER_LON": 121.02317,
      "SOG": 0.2,
      "MOVINGTIME": 1680.0,
      "ARRIVALTIME": "20251203002000"
    },
    {
      "SEQ": 105,
      "BEFORE_NODE": 105.0,
      "AFTER_NODE": 106.0,
      "BEFORE_LAT": 35.686668,
      "BEFORE_LON": 121.02317,
      "AFTER_LAT": 35.686333,
      "AFTER_LON": 121.02317,
      "SOG": 0.2,
      "MOVINGTIME": 1860.0,
      "ARRIVALTIME": "20251203005100"
    },
    {
      "SEQ": 106,
      "BEFORE_NODE": 106.0,
      "AFTER_NODE": 107.0,
      "BEFORE_LAT": 35.686333,
      "BEFORE_LON": 121.02317,
      "AFTER_LAT": 35.686081,
      "AFTER_LON": 121.02276,
      "SOG": 0.1,
      "MOVINGTIME": 1980.0,
      "ARRIVALTIME": "20251203012400"
    },
    {
      "SEQ": 107,
      "BEFORE_NODE": 107.0,
      "AFTER_NODE": 108.0,
      "BEFORE_LAT": 35.686081,
      "BEFORE_LON": 121.02276,
      "AFTER_LAT": 35.686001,
      "AFTER_LON": 121.02251,
      "SOG": 0.4,
      "MOVINGTIME": 1680.0,
      "ARRIVALTIME": "20251203015200"
    },
    {
      "SEQ": 108,
      "BEFORE_NODE": 108.0,
      "AFTER_NODE": 109.0,
      "BEFORE_LAT": 35.686001,
      "BEFORE_LON": 121.02251,
      "AFTER_LAT": 35.685833,
      "AFTER_LON": 121.02233,
      "SOG": 0.1,
      "MOVINGTIME": 1800.0,
      "ARRIVALTIME": "20251203022200"
    },
    {
      "SEQ": 109,
      "BEFORE_NODE": 109.0,
      "AFTER_NODE": 110.0,
      "BEFORE_LAT": 35.685833,
      "BEFORE_LON": 121.02233,
      "AFTER_LAT": 35.686001,
      "AFTER_LON": 121.02251,
      "SOG": 0.6,
      "MOVINGTIME": 2040.0,
      "ARRIVALTIME": "20251203025600"
    },
    {
      "SEQ": 110,
      "BEFORE_NODE": 110.0,
      "AFTER_NODE": 111.0,
      "BEFORE_LAT": 35.686001,
      "BEFORE_LON": 121.02251,
      "AFTER_LAT": 35.685665,
      "AFTER_LON": 121.02216,
      "SOG": 0.3,
      "MOVINGTIME": 1500.0,
      "ARRIVALTIME": "20251203032100"
    },
    {
      "SEQ": 111,
      "BEFORE_NODE": 111.0,
      "AFTER_NODE": 112.0,
      "BEFORE_LAT": 35.685665,
      "BEFORE_LON": 121.02216,
      "AFTER_LAT": 35.685501,
      "AFTER_LON": 121.02167,
      "SOG": 0.2,
      "MOVINGTIME": 1860.0,
      "ARRIVALTIME": "20251203035200"
    },
    {
      "SEQ": 112,
      "BEFORE_NODE": 112.0,
      "AFTER_NODE": 113.0,
      "BEFORE_LAT": 35.685501,
      "BEFORE_LON": 121.02167,
      "AFTER_LAT": 35.686001,
      "AFTER_LON": 121.02251,
      "SOG": 0.2,
      "MOVINGTIME": 1740.0,
      "ARRIVALTIME": "20251203042100"
    },
    {
      "SEQ": 113,
      "BEFORE_NODE": 113.0,
      "AFTER_NODE": 114.0,
      "BEFORE_LAT": 35.686001,
      "BEFORE_LON": 121.02251,
      "AFTER_LAT": 35.685833,
      "AFTER_LON": 121.022,
      "SOG": 0.1,
      "MOVINGTIME": 2040.0,
      "ARRIVALTIME": "20251203045500"
    },
    {
      "SEQ": 114,
      "BEFORE_NODE": 114.0,
      "AFTER_NODE": 115.0,
      "BEFORE_LAT": 35.685833,
      "BEFORE_LON": 121.022,
      "AFTER_LAT": 35.685665,
      "AFTER_LON": 121.02216,
      "SOG": 0.2,
      "MOVINGTIME": 1740.0,
      "ARRIVALTIME": "20251203052400"
    },
    {
      "SEQ": 115,
      "BEFORE_NODE": 115.0,
      "AFTER_NODE": 116.0,
      "BEFORE_LAT": 35.685665,
      "BEFORE_LON": 121.02216,
      "AFTER_LAT": 35.685665,
      "AFTER_LON": 121.02167,
      "SOG": 0.1,
      "MOVINGTIME": 1920.0,
      "ARRIVALTIME": "20251203055600"
    },
    {
      "SEQ": 116,
      "BEFORE_NODE": 116.0,
      "AFTER_NODE": 117.0,
      "BEFORE_LAT": 35.685665,
      "BEFORE_LON": 121.02167,
      "AFTER_LAT": 35.685833,
      "AFTER_LON": 121.02216,
      "SOG": 0.2,
      "MOVINGTIME": 3360.0,
      "ARRIVALTIME": "20251203065200"
    },
    {
      "SEQ": 117,
      "BEFORE_NODE": 117.0,
      "AFTER_NODE": 118.0,
      "BEFORE_LAT": 35.685833,
      "BEFORE_LON": 121.02216,
      "AFTER_LAT": 35.685833,
      "AFTER_LON": 121.02233,
      "SOG": 0.2,
      "MOVINGTIME": 1800.0,
      "ARRIVALTIME": "20251203072200"
    },
    {
      "SEQ": 118,
      "BEFORE_NODE": 118.0,
      "AFTER_NODE": 119.0,
      "BEFORE_LAT": 35.685833,
      "BEFORE_LON": 121.02233,
      "AFTER_LAT": 35.685665,
      "AFTER_LON": 121.02216,
      "SOG": 0.2,
      "MOVINGTIME": 1800.0,
      "ARRIVALTIME": "20251203075200"
    },
    {
      "SEQ": 119,
      "BEFORE_NODE": 119.0,
      "AFTER_NODE": 120.0,
      "BEFORE_LAT": 35.685665,
      "BEFORE_LON": 121.02216,
      "AFTER_LAT": 35.686001,
      "AFTER_LON": 121.02251,
      "SOG": 0.1,
      "MOVINGTIME": 1620.0,
      "ARRIVALTIME": "20251203081900"
    },
    {
      "SEQ": 120,
      "BEFORE_NODE": 120.0,
      "AFTER_NODE": 121.0,
      "BEFORE_LAT": 35.686001,
      "BEFORE_LON": 121.02251,
      "AFTER_LAT": 35.685665,
      "AFTER_LON": 121.022,
      "SOG": 0.2,
      "MOVINGTIME": 1920.0,
      "ARRIVALTIME": "20251203085100"
    },
    {
      "SEQ": 121,
      "BEFORE_NODE": 121.0,
      "AFTER_NODE": 122.0,
      "BEFORE_LAT": 35.685665,
      "BEFORE_LON": 121.022,
      "AFTER_LAT": 35.685665,
      "AFTER_LON": 121.02233,
      "SOG": 0.3,
      "MOVINGTIME": 1980.0,
      "ARRIVALTIME": "20251203092400"
    },
    {
      "SEQ": 122,
      "BEFORE_NODE": 122.0,
      "AFTER_NODE": 123.0,
      "BEFORE_LAT": 35.685665,
      "BEFORE_LON": 121.02233,
      "AFTER_LAT": 35.686333,
      "AFTER_LON": 121.02267,
      "SOG": 0.6,
      "MOVINGTIME": 3240.0,
      "ARRIVALTIME": "20251203101800"
    },
    {
      "SEQ": 123,
      "BEFORE_NODE": 123.0,
      "AFTER_NODE": 124.0,
      "BEFORE_LAT": 35.686333,
      "BEFORE_LON": 121.02267,
      "AFTER_LAT": 35.686501,
      "AFTER_LON": 121.02317,
      "SOG": 0.4,
      "MOVINGTIME": 2220.0,
      "ARRIVALTIME": "20251203105500"
    },
    {
      "SEQ": 124,
      "BEFORE_NODE": 124.0,
      "AFTER_NODE": 125.0,
      "BEFORE_LAT": 35.686501,
      "BEFORE_LON": 121.02317,
      "AFTER_LAT": 35.686668,
      "AFTER_LON": 121.02317,
      "SOG": 0.1,
      "MOVINGTIME": 1500.0,
      "ARRIVALTIME": "20251203112000"
    },
    {
      "SEQ": 125,
      "BEFORE_NODE": 125.0,
      "AFTER_NODE": 126.0,
      "BEFORE_LAT": 35.686668,
      "BEFORE_LON": 121.02317,
      "AFTER_LAT": 35.686832,
      "AFTER_LON": 121.02317,
      "SOG": 0.1,
      "MOVINGTIME": 1980.0,
      "ARRIVALTIME": "20251203115300"
    },
    {
      "SEQ": 126,
      "BEFORE_NODE": 126.0,
      "AFTER_NODE": 127.0,
      "BEFORE_LAT": 35.686832,
      "BEFORE_LON": 121.02317,
      "AFTER_LAT": 35.686501,
      "AFTER_LON": 121.023,
      "SOG": 0.1,
      "MOVINGTIME": 1740.0,
      "ARRIVALTIME": "20251203122200"
    },
    {
      "SEQ": 127,
      "BEFORE_NODE": 127.0,
      "AFTER_NODE": 128.0,
      "BEFORE_LAT": 35.686501,
      "BEFORE_LON": 121.023,
      "AFTER_LAT": 35.687225,
      "AFTER_LON": 121.02333,
      "SOG": 0.1,
      "MOVINGTIME": 1680.0,
      "ARRIVALTIME": "20251203125000"
    },
    {
      "SEQ": 128,
      "BEFORE_NODE": 128.0,
      "AFTER_NODE": 129.0,
      "BEFORE_LAT": 35.687225,
      "BEFORE_LON": 121.02333,
      "AFTER_LAT": 35.687332,
      "AFTER_LON": 121.02317,
      "SOG": 0.1,
      "MOVINGTIME": 2221.0,
      "ARRIVALTIME": "20251203132701"
    },
    {
      "SEQ": 129,
      "BEFORE_NODE": 129.0,
      "AFTER_NODE": 130.0,
      "BEFORE_LAT": 35.687332,
      "BEFORE_LON": 121.02317,
      "AFTER_LAT": 35.687332,
      "AFTER_LON": 121.02317,
      "SOG": 0.2,
      "MOVINGTIME": 1439.0,
      "ARRIVALTIME": "20251203135100"
    },
    {
      "SEQ": 130,
      "BEFORE_NODE": 130.0,
      "AFTER_NODE": 131.0,
      "BEFORE_LAT": 35.687332,
      "BEFORE_LON": 121.02317,
      "AFTER_LAT": 35.687355,
      "AFTER_LON": 121.02333,
      "SOG": 0.1,
      "MOVINGTIME": 1680.0,
      "ARRIVALTIME": "20251203141900"
    },
    {
      "SEQ": 131,
      "BEFORE_NODE": 131.0,
      "AFTER_NODE": 132.0,
      "BEFORE_LAT": 35.687355,
      "BEFORE_LON": 121.02333,
      "AFTER_LAT": 35.687565,
      "AFTER_LON": 121.02313,
      "SOG": 0.1,
      "MOVINGTIME": 3660.0,
      "ARRIVALTIME": "20251203152000"
    },
    {
      "SEQ": 132,
      "BEFORE_NODE": 132.0,
      "AFTER_NODE": 133.0,
      "BEFORE_LAT": 35.687565,
      "BEFORE_LON": 121.02313,
      "AFTER_LAT": 35.688667,
      "AFTER_LON": 121.023,
      "SOG": 0.2,
      "MOVINGTIME": 1920.0,
      "ARRIVALTIME": "20251203155200"
    },
    {
      "SEQ": 133,
      "BEFORE_NODE": 133.0,
      "AFTER_NODE": 134.0,
      "BEFORE_LAT": 35.688667,
      "BEFORE_LON": 121.023,
      "AFTER_LAT": 35.689335,
      "AFTER_LON": 121.02216,
      "SOG": 0.1,
      "MOVINGTIME": 1680.0,
      "ARRIVALTIME": "20251203162000"
    },
    {
      "SEQ": 134,
      "BEFORE_NODE": 134.0,
      "AFTER_NODE": 135.0,
      "BEFORE_LAT": 35.689335,
      "BEFORE_LON": 121.02216,
      "AFTER_LAT": 35.689667,
      "AFTER_LON": 121.02067,
      "SOG": 0.1,
      "MOVINGTIME": 1920.0,
      "ARRIVALTIME": "20251203165200"
    },
    {
      "SEQ": 135,
      "BEFORE_NODE": 135.0,
      "AFTER_NODE": 136.0,
      "BEFORE_LAT": 35.689667,
      "BEFORE_LON": 121.02067,
      "AFTER_LAT": 35.689835,
      "AFTER_LON": 121.02083,
      "SOG": 0.1,
      "MOVINGTIME": 1560.0,
      "ARRIVALTIME": "20251203171800"
    },
    {
      "SEQ": 136,
      "BEFORE_NODE": 136.0,
      "AFTER_NODE": 137.0,
      "BEFORE_LAT": 35.689835,
      "BEFORE_LON": 121.02083,
      "AFTER_LAT": 35.68919,
      "AFTER_LON": 121.01926,
      "SOG": 0.2,
      "MOVINGTIME": 5460.0,
      "ARRIVALTIME": "20251203184900"
    },
    {
      "SEQ": 137,
      "BEFORE_NODE": 137.0,
      "AFTER_NODE": 138.0,
      "BEFORE_LAT": 35.68919,
      "BEFORE_LON": 121.01926,
      "AFTER_LAT": 35.688835,
      "AFTER_LON": 121.019,
      "SOG": 0.2,
      "MOVINGTIME": 1860.0,
      "ARRIVALTIME": "20251203192000"
    },
    {
      "SEQ": 138,
      "BEFORE_NODE": 138.0,
      "AFTER_NODE": 139.0,
      "BEFORE_LAT": 35.688835,
      "BEFORE_LON": 121.019,
      "AFTER_LAT": 35.6875,
      "AFTER_LON": 121.01851,
      "SOG": 0.2,
      "MOVINGTIME": 1800.0,
      "ARRIVALTIME": "20251203195000"
    },
    {
      "SEQ": 139,
      "BEFORE_NODE": 139.0,
      "AFTER_NODE": 140.0,
      "BEFORE_LAT": 35.6875,
      "BEFORE_LON": 121.01851,
      "AFTER_LAT": 35.685333,
      "AFTER_LON": 121.02117,
      "SOG": 0.5,
      "MOVINGTIME": 1860.0,
      "ARRIVALTIME": "20251203202100"
    },
    {
      "SEQ": 140,
      "BEFORE_NODE": 140.0,
      "AFTER_NODE": 141.0,
      "BEFORE_LAT": 35.685333,
      "BEFORE_LON": 121.02117,
      "AFTER_LAT": 35.687,
      "AFTER_LON": 121.02333,
      "SOG": 0.2,
      "MOVINGTIME": 1920.0,
      "ARRIVALTIME": "20251203205300"
    },
    {
      "SEQ": 141,
      "BEFORE_NODE": 141.0,
      "AFTER_NODE": 142.0,
      "BEFORE_LAT": 35.687,
      "BEFORE_LON": 121.02333,
      "AFTER_LAT": 35.687168,
      "AFTER_LON": 121.02333,
      "SOG": 0.1,
      "MOVINGTIME": 1680.0,
      "ARRIVALTIME": "20251203212100"
    },
    {
      "SEQ": 142,
      "BEFORE_NODE": 142.0,
      "AFTER_NODE": 143.0,
      "BEFORE_LAT": 35.687168,
      "BEFORE_LON": 121.02333,
      "AFTER_LAT": 35.687832,
      "AFTER_LON": 121.02349,
      "SOG": 0.1,
      "MOVINGTIME": 1800.0,
      "ARRIVALTIME": "20251203215100"
    },
    {
      "SEQ": 143,
      "BEFORE_NODE": 143.0,
      "AFTER_NODE": 144.0,
      "BEFORE_LAT": 35.687832,
      "BEFORE_LON": 121.02349,
      "AFTER_LAT": 35.687832,
      "AFTER_LON": 121.02349,
      "SOG": 0.1,
      "MOVINGTIME": 1800.0,
      "ARRIVALTIME": "20251203222100"
    },
    {
      "SEQ": 144,
      "BEFORE_NODE": 144.0,
      "AFTER_NODE": 145.0,
      "BEFORE_LAT": 35.687832,
      "BEFORE_LON": 121.02349,
      "AFTER_LAT": 35.687832,
      "AFTER_LON": 121.02349,
      "SOG": 0.1,
      "MOVINGTIME": 1860.0,
      "ARRIVALTIME": "20251203225200"
    },
    {
      "SEQ": 145,
      "BEFORE_NODE": 145.0,
      "AFTER_NODE": 146.0,
      "BEFORE_LAT": 35.687832,
      "BEFORE_LON": 121.02349,
      "AFTER_LAT": 35.688,
      "AFTER_LON": 121.02349,
      "SOG": 0.1,
      "MOVINGTIME": 1620.0,
      "ARRIVALTIME": "20251203231900"
    },
    {
      "SEQ": 146,
      "BEFORE_NODE": 146.0,
      "AFTER_NODE": 147.0,
      "BEFORE_LAT": 35.688,
      "BEFORE_LON": 121.02349,
      "AFTER_LAT": 35.688332,
      "AFTER_LON": 121.02349,
      "SOG": 0.1,
      "MOVINGTIME": 2100.0,
      "ARRIVALTIME": "20251203235400"
    },
    {
      "SEQ": 147,
      "BEFORE_NODE": 147.0,
      "AFTER_NODE": 148.0,
      "BEFORE_LAT": 35.688332,
      "BEFORE_LON": 121.02349,
      "AFTER_LAT": 35.688667,
      "AFTER_LON": 121.02333,
      "SOG": 0.3,
      "MOVINGTIME": 1800.0,
      "ARRIVALTIME": "20251204002400"
    },
    {
      "SEQ": 148,
      "BEFORE_NODE": 148.0,
      "AFTER_NODE": 149.0,
      "BEFORE_LAT": 35.688667,
      "BEFORE_LON": 121.02333,
      "AFTER_LAT": 35.688499,
      "AFTER_LON": 121.02349,
      "SOG": 0.3,
      "MOVINGTIME": 1620.0,
      "ARRIVALTIME": "20251204005100"
    },
    {
      "SEQ": 149,
      "BEFORE_NODE": 149.0,
      "AFTER_NODE": 150.0,
      "BEFORE_LAT": 35.688499,
      "BEFORE_LON": 121.02349,
      "AFTER_LAT": 35.688667,
      "AFTER_LON": 121.02349,
      "SOG": 0.1,
      "MOVINGTIME": 1800.0,
      "ARRIVALTIME": "20251204012100"
    },
    {
      "SEQ": 150,
      "BEFORE_NODE": 150.0,
      "AFTER_NODE": 151.0,
      "BEFORE_LAT": 35.688667,
      "BEFORE_LON": 121.02349,
      "AFTER_LAT": 35.688667,
      "AFTER_LON": 121.02349,
      "SOG": 0.4,
      "MOVINGTIME": 1980.0,
      "ARRIVALTIME": "20251204015400"
    },
    {
      "SEQ": 151,
      "BEFORE_NODE": 151.0,
      "AFTER_NODE": 152.0,
      "BEFORE_LAT": 35.688667,
      "BEFORE_LON": 121.02349,
      "AFTER_LAT": 35.688667,
      "AFTER_LON": 121.02349,
      "SOG": 0.1,
      "MOVINGTIME": 1680.0,
      "ARRIVALTIME": "20251204022200"
    },
    {
      "SEQ": 152,
      "BEFORE_NODE": 152.0,
      "AFTER_NODE": 153.0,
      "BEFORE_LAT": 35.688667,
      "BEFORE_LON": 121.02349,
      "AFTER_LAT": 35.688835,
      "AFTER_LON": 121.02333,
      "SOG": 0.2,
      "MOVINGTIME": 1920.0,
      "ARRIVALTIME": "20251204025400"
    },
    {
      "SEQ": 153,
      "BEFORE_NODE": 153.0,
      "AFTER_NODE": 154.0,
      "BEFORE_LAT": 35.688835,
      "BEFORE_LON": 121.02333,
      "AFTER_LAT": 35.688835,
      "AFTER_LON": 121.02349,
      "SOG": 0.1,
      "MOVINGTIME": 1620.0,
      "ARRIVALTIME": "20251204032100"
    },
    {
      "SEQ": 154,
      "BEFORE_NODE": 154.0,
      "AFTER_NODE": 155.0,
      "BEFORE_LAT": 35.688835,
      "BEFORE_LON": 121.02349,
      "AFTER_LAT": 35.689167,
      "AFTER_LON": 121.02333,
      "SOG": 0.2,
      "MOVINGTIME": 1980.0,
      "ARRIVALTIME": "20251204035400"
    },
    {
      "SEQ": 155,
      "BEFORE_NODE": 155.0,
      "AFTER_NODE": 156.0,
      "BEFORE_LAT": 35.689167,
      "BEFORE_LON": 121.02333,
      "AFTER_LAT": 35.688667,
      "AFTER_LON": 121.02333,
      "SOG": 0.1,
      "MOVINGTIME": 1740.0,
      "ARRIVALTIME": "20251204042300"
    },
    {
      "SEQ": 156,
      "BEFORE_NODE": 156.0,
      "AFTER_NODE": 157.0,
      "BEFORE_LAT": 35.688667,
      "BEFORE_LON": 121.02333,
      "AFTER_LAT": 35.688667,
      "AFTER_LON": 121.02333,
      "SOG": 0.1,
      "MOVINGTIME": 1680.0,
      "ARRIVALTIME": "20251204045100"
    },
    {
      "SEQ": 157,
      "BEFORE_NODE": 157.0,
      "AFTER_NODE": 158.0,
      "BEFORE_LAT": 35.688667,
      "BEFORE_LON": 121.02333,
      "AFTER_LAT": 35.688,
      "AFTER_LON": 121.02349,
      "SOG": 0.2,
      "MOVINGTIME": 1740.0,
      "ARRIVALTIME": "20251204052000"
    },
    {
      "SEQ": 158,
      "BEFORE_NODE": 158.0,
      "AFTER_NODE": 159.0,
      "BEFORE_LAT": 35.688,
      "BEFORE_LON": 121.02349,
      "AFTER_LAT": 35.687168,
      "AFTER_LON": 121.02317,
      "SOG": 0.3,
      "MOVINGTIME": 1860.0,
      "ARRIVALTIME": "20251204055100"
    },
    {
      "SEQ": 159,
      "BEFORE_NODE": 159.0,
      "AFTER_NODE": 160.0,
      "BEFORE_LAT": 35.687168,
      "BEFORE_LON": 121.02317,
      "AFTER_LAT": 35.685356,
      "AFTER_LON": 121.01968,
      "SOG": 0.2,
      "MOVINGTIME": 39540.0,
      "ARRIVALTIME": "20251204165000"
    },
    {
      "SEQ": 160,
      "BEFORE_NODE": 160.0,
      "AFTER_NODE": 161.0,
      "BEFORE_LAT": 35.685356,
      "BEFORE_LON": 121.01968,
      "AFTER_LAT": 35.685501,
      "AFTER_LON": 121.019,
      "SOG": 0.2,
      "MOVINGTIME": 9240.0,
      "ARRIVALTIME": "20251204192400"
    },
    {
      "SEQ": 161,
      "BEFORE_NODE": 161.0,
      "AFTER_NODE": 162.0,
      "BEFORE_LAT": 35.685501,
      "BEFORE_LON": 121.019,
      "AFTER_LAT": 35.685665,
      "AFTER_LON": 121.01917,
      "SOG": 0.3,
      "MOVINGTIME": 1560.0,
      "ARRIVALTIME": "20251204195000"
    },
    {
      "SEQ": 162,
      "BEFORE_NODE": 162.0,
      "AFTER_NODE": 163.0,
      "BEFORE_LAT": 35.685665,
      "BEFORE_LON": 121.01917,
      "AFTER_LAT": 35.685333,
      "AFTER_LON": 121.02016,
      "SOG": 0.1,
      "MOVINGTIME": 1920.0,
      "ARRIVALTIME": "20251204202200"
    },
    {
      "SEQ": 163,
      "BEFORE_NODE": 163.0,
      "AFTER_NODE": 164.0,
      "BEFORE_LAT": 35.685333,
      "BEFORE_LON": 121.02016,
      "AFTER_LAT": 35.685501,
      "AFTER_LON": 121.01984,
      "SOG": 0.1,
      "MOVINGTIME": 1920.0,
      "ARRIVALTIME": "20251204205400"
    },
    {
      "SEQ": 164,
      "BEFORE_NODE": 164.0,
      "AFTER_NODE": 165.0,
      "BEFORE_LAT": 35.685501,
      "BEFORE_LON": 121.01984,
      "AFTER_LAT": 35.685333,
      "AFTER_LON": 121.02051,
      "SOG": 0.4,
      "MOVINGTIME": 1680.0,
      "ARRIVALTIME": "20251204212200"
    },
    {
      "SEQ": 165,
      "BEFORE_NODE": 165.0,
      "AFTER_NODE": 166.0,
      "BEFORE_LAT": 35.685333,
      "BEFORE_LON": 121.02051,
      "AFTER_LAT": 35.685333,
      "AFTER_LON": 121.02051,
      "SOG": 0.2,
      "MOVINGTIME": 1860.0,
      "ARRIVALTIME": "20251204215300"
    },
    {
      "SEQ": 166,
      "BEFORE_NODE": 166.0,
      "AFTER_NODE": 167.0,
      "BEFORE_LAT": 35.685333,
      "BEFORE_LON": 121.02051,
      "AFTER_LAT": 35.685665,
      "AFTER_LON": 121.02149,
      "SOG": 0.1,
      "MOVINGTIME": 1860.0,
      "ARRIVALTIME": "20251204222400"
    },
    {
      "SEQ": 167,
      "BEFORE_NODE": 167.0,
      "AFTER_NODE": 168.0,
      "BEFORE_LAT": 35.685665,
      "BEFORE_LON": 121.02149,
      "AFTER_LAT": 35.686001,
      "AFTER_LON": 121.02216,
      "SOG": 0.2,
      "MOVINGTIME": 1800.0,
      "ARRIVALTIME": "20251204225400"
    },
    {
      "SEQ": 168,
      "BEFORE_NODE": 168.0,
      "AFTER_NODE": 169.0,
      "BEFORE_LAT": 35.686001,
      "BEFORE_LON": 121.02216,
      "AFTER_LAT": 35.686668,
      "AFTER_LON": 121.02267,
      "SOG": 0,
      "MOVINGTIME": 1620.0,
      "ARRIVALTIME": "20251204232100"
    },
    {
      "SEQ": 169,
      "BEFORE_NODE": 169.0,
      "AFTER_NODE": 170.0,
      "BEFORE_LAT": 35.686668,
      "BEFORE_LON": 121.02267,
      "AFTER_LAT": 35.687153,
      "AFTER_LON": 121.02287,
      "SOG": 0,
      "MOVINGTIME": 1800.0,
      "ARRIVALTIME": "20251204235100"
    },
    {
      "SEQ": 170,
      "BEFORE_NODE": 170.0,
      "AFTER_NODE": 171.0,
      "BEFORE_LAT": 35.687153,
      "BEFORE_LON": 121.02287,
      "AFTER_LAT": 35.6875,
      "AFTER_LON": 121.023,
      "SOG": 0.1,
      "MOVINGTIME": 1740.0,
      "ARRIVALTIME": "20251205002000"
    },
    {
      "SEQ": 171,
      "BEFORE_NODE": 171.0,
      "AFTER_NODE": 172.0,
      "BEFORE_LAT": 35.6875,
      "BEFORE_LON": 121.023,
      "AFTER_LAT": 35.688,
      "AFTER_LON": 121.023,
      "SOG": 0.2,
      "MOVINGTIME": 1740.0,
      "ARRIVALTIME": "20251205004900"
    },
    {
      "SEQ": 172,
      "BEFORE_NODE": 172.0,
      "AFTER_NODE": 173.0,
      "BEFORE_LAT": 35.688,
      "BEFORE_LON": 121.023,
      "AFTER_LAT": 35.688168,
      "AFTER_LON": 121.023,
      "SOG": 0,
      "MOVINGTIME": 2160.0,
      "ARRIVALTIME": "20251205012500"
    },
    {
      "SEQ": 173,
      "BEFORE_NODE": 173.0,
      "AFTER_NODE": 174.0,
      "BEFORE_LAT": 35.688168,
      "BEFORE_LON": 121.023,
      "AFTER_LAT": 35.688999,
      "AFTER_LON": 121.02267,
      "SOG": 0.3,
      "MOVINGTIME": 3840.0,
      "ARRIVALTIME": "20251205022900"
    },
    {
      "SEQ": 174,
      "BEFORE_NODE": 174.0,
      "AFTER_NODE": 175.0,
      "BEFORE_LAT": 35.688999,
      "BEFORE_LON": 121.02267,
      "AFTER_LAT": 35.689167,
      "AFTER_LON": 121.02251,
      "SOG": 0.2,
      "MOVINGTIME": 1260.0,
      "ARRIVALTIME": "20251205025000"
    },
    {
      "SEQ": 175,
      "BEFORE_NODE": 175.0,
      "AFTER_NODE": 176.0,
      "BEFORE_LAT": 35.689167,
      "BEFORE_LON": 121.02251,
      "AFTER_LAT": 35.689835,
      "AFTER_LON": 121.02167,
      "SOG": 0,
      "MOVINGTIME": 2272.0,
      "ARRIVALTIME": "20251205032752"
    },
    {
      "SEQ": 176,
      "BEFORE_NODE": 176.0,
      "AFTER_NODE": 177.0,
      "BEFORE_LAT": 35.689835,
      "BEFORE_LON": 121.02167,
      "AFTER_LAT": 35.689835,
      "AFTER_LON": 121.02133,
      "SOG": 0.1,
      "MOVINGTIME": 1208.0,
      "ARRIVALTIME": "20251205034800"
    },
    {
      "SEQ": 177,
      "BEFORE_NODE": 177.0,
      "AFTER_NODE": 178.0,
      "BEFORE_LAT": 35.689835,
      "BEFORE_LON": 121.02133,
      "AFTER_LAT": 35.689835,
      "AFTER_LON": 121.02067,
      "SOG": 0.1,
      "MOVINGTIME": 2040.0,
      "ARRIVALTIME": "20251205042200"
    },
    {
      "SEQ": 178,
      "BEFORE_NODE": 178.0,
      "AFTER_NODE": 179.0,
      "BEFORE_LAT": 35.689835,
      "BEFORE_LON": 121.02067,
      "AFTER_LAT": 35.689999,
      "AFTER_LON": 121.02033,
      "SOG": 0.2,
      "MOVINGTIME": 2100.0,
      "ARRIVALTIME": "20251205045700"
    },
    {
      "SEQ": 179,
      "BEFORE_NODE": 179.0,
      "AFTER_NODE": 180.0,
      "BEFORE_LAT": 35.689999,
      "BEFORE_LON": 121.02033,
      "AFTER_LAT": 35.691166,
      "AFTER_LON": 121.01851,
      "SOG": 0.2,
      "MOVINGTIME": 1860.0,
      "ARRIVALTIME": "20251205052800"
    },
    {
      "SEQ": 180,
      "BEFORE_NODE": 180.0,
      "AFTER_NODE": 181.0,
      "BEFORE_LAT": 35.691166,
      "BEFORE_LON": 121.01851,
      "AFTER_LAT": 35.693832,
      "AFTER_LON": 120.976,
      "SOG": 10.5,
      "MOVINGTIME": 1380.0,
      "ARRIVALTIME": "20251205055100"
    },
    {
      "SEQ": 181,
      "BEFORE_NODE": 181.0,
      "AFTER_NODE": 182.0,
      "BEFORE_LAT": 35.693832,
      "BEFORE_LON": 120.976,
      "AFTER_LAT": 35.7505,
      "AFTER_LON": 120.891,
      "SOG": 10.3,
      "MOVINGTIME": 1920.0,
      "ARRIVALTIME": "20251205062300"
    },
    {
      "SEQ": 182,
      "BEFORE_NODE": 182.0,
      "AFTER_NODE": 183.0,
      "BEFORE_LAT": 35.7505,
      "BEFORE_LON": 120.891,
      "AFTER_LAT": 35.822834,
      "AFTER_LON": 120.84584,
      "SOG": 7.6,
      "MOVINGTIME": 2040.0,
      "ARRIVALTIME": "20251205065700"
    },
    {
      "SEQ": 183,
      "BEFORE_NODE": 183.0,
      "AFTER_NODE": 184.0,
      "BEFORE_LAT": 35.822834,
      "BEFORE_LON": 120.84584,
      "AFTER_LAT": 35.891167,
      "AFTER_LON": 120.80051,
      "SOG": 9.6,
      "MOVINGTIME": 1740.0,
      "ARRIVALTIME": "20251205072600"
    },
    {
      "SEQ": 184,
      "BEFORE_NODE": 184.0,
      "AFTER_NODE": 185.0,
      "BEFORE_LAT": 35.891167,
      "BEFORE_LON": 120.80051,
      "AFTER_LAT": 35.9375,
      "AFTER_LON": 120.7635,
      "SOG": 10.1,
      "MOVINGTIME": 1620.0,
      "ARRIVALTIME": "20251205075300"
    },
    {
      "SEQ": 185,
      "BEFORE_NODE": 185.0,
      "AFTER_NODE": 186.0,
      "BEFORE_LAT": 35.9375,
      "BEFORE_LON": 120.7635,
      "AFTER_LAT": 35.965832,
      "AFTER_LON": 120.662,
      "SOG": 10.6,
      "MOVINGTIME": 1920.0,
      "ARRIVALTIME": "20251205082500"
    },
    {
      "SEQ": 186,
      "BEFORE_NODE": 186.0,
      "AFTER_NODE": 187.0,
      "BEFORE_LAT": 35.965832,
      "BEFORE_LON": 120.662,
      "AFTER_LAT": 36.0065,
      "AFTER_LON": 120.44651,
      "SOG": 9.5,
      "MOVINGTIME": 3600.0,
      "ARRIVALTIME": "20251205092500"
    },
    {
      "SEQ": 187,
      "BEFORE_NODE": 187.0,
      "AFTER_NODE": 188.0,
      "BEFORE_LAT": 36.0065,
      "BEFORE_LON": 120.44651,
      "AFTER_LAT": 36.024334,
      "AFTER_LON": 120.34451,
      "SOG": 7.4,
      "MOVINGTIME": 2100.0,
      "ARRIVALTIME": "20251205100000"
    },
    {
      "SEQ": 188,
      "BEFORE_NODE": 188.0,
      "AFTER_NODE": 189.0,
      "BEFORE_LAT": 36.024334,
      "BEFORE_LON": 120.34451,
      "AFTER_LAT": 36.035015,
      "AFTER_LON": 120.26131,
      "SOG": 9.8,
      "MOVINGTIME": 1440.0,
      "ARRIVALTIME": "20251205102400"
    },
    {
      "SEQ": 189,
      "BEFORE_NODE": 189.0,
      "AFTER_NODE": 190.0,
      "BEFORE_LAT": 36.035015,
      "BEFORE_LON": 120.26131,
      "AFTER_LAT": 36.003834,
      "AFTER_LON": 120.21451,
      "SOG": 1.2,
      "MOVINGTIME": 1620.0,
      "ARRIVALTIME": "20251205105100"
    },
    {
      "SEQ": 190,
      "BEFORE_NODE": 190.0,
      "AFTER_NODE": 191.0,
      "BEFORE_LAT": 36.003834,
      "BEFORE_LON": 120.21451,
      "AFTER_LAT": 36.001667,
      "AFTER_LON": 120.21451,
      "SOG": 0.1,
      "MOVINGTIME": 3780.0,
      "ARRIVALTIME": "20251205115400"
    },
    {
      "SEQ": 191,
      "BEFORE_NODE": 191.0,
      "AFTER_NODE": 192.0,
      "BEFORE_LAT": 36.001667,
      "BEFORE_LON": 120.21451,
      "AFTER_LAT": 36.001667,
      "AFTER_LON": 120.21451,
      "SOG": 0.1,
      "MOVINGTIME": 1560.0,
      "ARRIVALTIME": "20251205122000"
    },
    {
      "SEQ": 192,
      "BEFORE_NODE": 192.0,
      "AFTER_NODE": 193.0,
      "BEFORE_LAT": 36.001667,
      "BEFORE_LON": 120.21451,
      "AFTER_LAT": 36.001667,
      "AFTER_LON": 120.21451,
      "SOG": 0.2,
      "MOVINGTIME": 1980.0,
      "ARRIVALTIME": "20251205125300"
    },
    {
      "SEQ": 193,
      "BEFORE_NODE": 193.0,
      "AFTER_NODE": 194.0,
      "BEFORE_LAT": 36.001667,
      "BEFORE_LON": 120.21451,
      "AFTER_LAT": 36.001667,
      "AFTER_LON": 120.21451,
      "SOG": 0.1,
      "MOVINGTIME": 1440.0,
      "ARRIVALTIME": "20251205131700"
    },
    {
      "SEQ": 194,
      "BEFORE_NODE": 194.0,
      "AFTER_NODE": 195.0,
      "BEFORE_LAT": 36.001667,
      "BEFORE_LON": 120.21451,
      "AFTER_LAT": 36.001667,
      "AFTER_LON": 120.21451,
      "SOG": 0,
      "MOVINGTIME": 5460.0,
      "ARRIVALTIME": "20251205144800"
    },
    {
      "SEQ": 195,
      "BEFORE_NODE": 195.0,
      "AFTER_NODE": 196.0,
      "BEFORE_LAT": 36.001667,
      "BEFORE_LON": 120.21451,
      "AFTER_LAT": 36.001667,
      "AFTER_LON": 120.21433,
      "SOG": 0.2,
      "MOVINGTIME": 2220.0,
      "ARRIVALTIME": "20251205152500"
    },
    {
      "SEQ": 196,
      "BEFORE_NODE": 196.0,
      "AFTER_NODE": 197.0,
      "BEFORE_LAT": 36.001667,
      "BEFORE_LON": 120.21433,
      "AFTER_LAT": 36.001667,
      "AFTER_LON": 120.21433,
      "SOG": 0.1,
      "MOVINGTIME": 1320.0,
      "ARRIVALTIME": "20251205154700"
    },
    {
      "SEQ": 197,
      "BEFORE_NODE": 197.0,
      "AFTER_NODE": 198.0,
      "BEFORE_LAT": 36.001667,
      "BEFORE_LON": 120.21433,
      "AFTER_LAT": 36.001667,
      "AFTER_LON": 120.21451,
      "SOG": 0.1,
      "MOVINGTIME": 1920.0,
      "ARRIVALTIME": "20251205161900"
    },
    {
      "SEQ": 198,
      "BEFORE_NODE": 198.0,
      "AFTER_NODE": 199.0,
      "BEFORE_LAT": 36.001667,
      "BEFORE_LON": 120.21451,
      "AFTER_LAT": 36.001667,
      "AFTER_LON": 120.21433,
      "SOG": 0.1,
      "MOVINGTIME": 2160.0,
      "ARRIVALTIME": "20251205165500"
    },
    {
      "SEQ": 199,
      "BEFORE_NODE": 199.0,
      "AFTER_NODE": 200.0,
      "BEFORE_LAT": 36.001667,
      "BEFORE_LON": 120.21433,
      "AFTER_LAT": 36.001667,
      "AFTER_LON": 120.21451,
      "SOG": 0.1,
      "MOVINGTIME": 3240.0,
      "ARRIVALTIME": "20251205174900"
    },
    {
      "SEQ": 200,
      "BEFORE_NODE": 200.0,
      "AFTER_NODE": 201.0,
      "BEFORE_LAT": 36.001667,
      "BEFORE_LON": 120.21451,
      "AFTER_LAT": 36.001667,
      "AFTER_LON": 120.21433,
      "SOG": 0.3,
      "MOVINGTIME": 3540.0,
      "ARRIVALTIME": "20251205184800"
    },
    {
      "SEQ": 201,
      "BEFORE_NODE": 201.0,
      "AFTER_NODE": 202.0,
      "BEFORE_LAT": 36.001667,
      "BEFORE_LON": 120.21433,
      "AFTER_LAT": 36.001667,
      "AFTER_LON": 120.21433,
      "SOG": 0.2,
      "MOVINGTIME": 1740.0,
      "ARRIVALTIME": "20251205191700"
    },
    {
      "SEQ": 202,
      "BEFORE_NODE": 202.0,
      "AFTER_NODE": 203.0,
      "BEFORE_LAT": 36.001667,
      "BEFORE_LON": 120.21433,
      "AFTER_LAT": 36.001667,
      "AFTER_LON": 120.21451,
      "SOG": 0.2,
      "MOVINGTIME": 7200.0,
      "ARRIVALTIME": "20251205211700"
    },
    {
      "SEQ": 203,
      "BEFORE_NODE": 203.0,
      "AFTER_NODE": 204.0,
      "BEFORE_LAT": 36.001667,
      "BEFORE_LON": 120.21451,
      "AFTER_LAT": 36.001667,
      "AFTER_LON": 120.21433,
      "SOG": 0.2,
      "MOVINGTIME": 5700.0,
      "ARRIVALTIME": "20251205225200"
    },
    {
      "SEQ": 204,
      "BEFORE_NODE": 204.0,
      "AFTER_NODE": 205.0,
      "BEFORE_LAT": 36.001667,
      "BEFORE_LON": 120.21433,
      "AFTER_LAT": 36.001667,
      "AFTER_LON": 120.21433,
      "SOG": 0.1,
      "MOVINGTIME": 8700.0,
      "ARRIVALTIME": "20251206011700"
    },
    {
      "SEQ": 205,
      "BEFORE_NODE": 205.0,
      "AFTER_NODE": 206.0,
      "BEFORE_LAT": 36.001667,
      "BEFORE_LON": 120.21433,
      "AFTER_LAT": 36.001701,
      "AFTER_LON": 120.21442,
      "SOG": 0.6,
      "MOVINGTIME": 2340.0,
      "ARRIVALTIME": "20251206015600"
    },
    {
      "SEQ": 206,
      "BEFORE_NODE": 206.0,
      "AFTER_NODE": 207.0,
      "BEFORE_LAT": 36.001701,
      "BEFORE_LON": 120.21442,
      "AFTER_LAT": 36.001667,
      "AFTER_LON": 120.21451,
      "SOG": 0.2,
      "MOVINGTIME": 8700.0,
      "ARRIVALTIME": "20251206042100"
    },
    {
      "SEQ": 207,
      "BEFORE_NODE": 207.0,
      "AFTER_NODE": 208.0,
      "BEFORE_LAT": 36.001667,
      "BEFORE_LON": 120.21451,
      "AFTER_LAT": 36.001667,
      "AFTER_LON": 120.21467,
      "SOG": 0.1,
      "MOVINGTIME": 1860.0,
      "ARRIVALTIME": "20251206045200"
    },
    {
      "SEQ": 208,
      "BEFORE_NODE": 208.0,
      "AFTER_NODE": 209.0,
      "BEFORE_LAT": 36.001667,
      "BEFORE_LON": 120.21467,
      "AFTER_LAT": 36.001667,
      "AFTER_LON": 120.21451,
      "SOG": 0.1,
      "MOVINGTIME": 8880.0,
      "ARRIVALTIME": "20251206072000"
    },
    {
      "SEQ": 209,
      "BEFORE_NODE": 209.0,
      "AFTER_NODE": 210.0,
      "BEFORE_LAT": 36.001667,
      "BEFORE_LON": 120.21451,
      "AFTER_LAT": 36.001667,
      "AFTER_LON": 120.21433,
      "SOG": 0.2,
      "MOVINGTIME": 3660.0,
      "ARRIVALTIME": "20251206082100"
    },
    {
      "SEQ": 210,
      "BEFORE_NODE": 210.0,
      "AFTER_NODE": 211.0,
      "BEFORE_LAT": 36.001667,
      "BEFORE_LON": 120.21433,
      "AFTER_LAT": 36.001499,
      "AFTER_LON": 120.21433,
      "SOG": 0.2,
      "MOVINGTIME": 1560.0,
      "ARRIVALTIME": "20251206084700"
    },
    {
      "SEQ": 211,
      "BEFORE_NODE": 211.0,
      "AFTER_NODE": 212.0,
      "BEFORE_LAT": 36.001499,
      "BEFORE_LON": 120.21433,
      "AFTER_LAT": 36.001667,
      "AFTER_LON": 120.21433,
      "SOG": 0,
      "MOVINGTIME": 2040.0,
      "ARRIVALTIME": "20251206092100"
    },
    {
      "SEQ": 212,
      "BEFORE_NODE": 212.0,
      "AFTER_NODE": 213.0,
      "BEFORE_LAT": 36.001667,
      "BEFORE_LON": 120.21433,
      "AFTER_LAT": 36.018166,
      "AFTER_LON": 120.23067,
      "SOG": 12.6,
      "MOVINGTIME": 16140.0,
      "ARRIVALTIME": "20251206135000"
    }
  ]
}