{
  "mmsi": "636018263",
  "PredResult": [
    {
      "SEQ": 0,
      "BEFORE_NODE": 0.0,
      "AFTER_NODE": 1.0,
      "BEFORE_LAT": 56.183907,
      "BEFORE_LON": -166.65125,
      "AFTER_LAT": 56.308861,
      "AFTER_LON": -166.78448,
      "SOG": 16.7,
      "MOVINGTIME": 1860.0,
      "ARRIVALTIME": "20251129211900"
    },
    {
      "SEQ": 1,
      "BEFORE_NODE": 1.0,
      "AFTER_NODE": 2.0,
      "BEFORE_LAT": 56.308861,
      "BEFORE_LON": -166.78448,
      "AFTER_LAT": 56.436321,
      "AFTER_LON": -166.92406,
      "SOG": 16.7,
      "MOVINGTIME": 1860.0,
      "ARRIVALTIME": "20251129215000"
    },
    {
      "SEQ": 2,
      "BEFORE_NODE": 2.0,
      "AFTER_NODE": 3.0,
      "BEFORE_LAT": 56.436321,
      "BEFORE_LON": -166.92406,
      "AFTER_LAT": 56.523701,
      "AFTER_LON": -167.02029,
      "SOG": 16.6,
      "MOVINGTIME": 1740.0,
      "ARRIVALTIME": "20251129221900"
    },
    {
      "SEQ": 3,
      "BEFORE_NODE": 3.0,
      "AFTER_NODE": 4.0,
      "BEFORE_LAT": 56.523701,
      "BEFORE_LON": -167.02029,
      "AFTER_LAT": 56.661961,
      "AFTER_LON": -167.18617,
      "SOG": 16.3,
      "MOVINGTIME": 1860.0,
      "ARRIVALTIME": "20251129225000"
    },
    {
      "SEQ": 4,
      "BEFORE_NODE": 4.0,
      "AFTER_NODE": 5.0,
      "BEFORE_LAT": 56.661961,
      "BEFORE_LON": -167.18617,
      "AFTER_LAT": 56.795174,
      "AFTER_LON": -167.36342,
      "SOG": 16.6,
      "MOVINGTIME": 2160.0,
      "ARRIVALTIME": "20251129232600"
    },
    {
      "SEQ": 5,
      "BEFORE_NODE": 5.0,
      "AFTER_NODE": 6.0,
      "BEFORE_LAT": 56.795174,
      "BEFORE_LON": -167.36342,
      "AFTER_LAT": 56.915047,
      "AFTER_LON": -167.50996,
      "SOG": 16.2,
      "MOVINGTIME": 1800.0,
      "ARRIVALTIME": "20251129235600"
    },
    {
      "SEQ": 6,
      "BEFORE_NODE": 6.0,
      "AFTER_NODE": 7.0,
      "BEFORE_LAT": 56.915047,
      "BEFORE_LON": -167.50996,
      "AFTER_LAT": 57.817348,
      "AFTER_LON": 168.31155,
      "SOG": 16.1,
      "MOVINGTIME": 188955.0,
      "ARRIVALTIME": "20251202042515"
    },
    {
      "SEQ": 7,
      "BEFORE_NODE": 7.0,
      "AFTER_NODE": 8.0,
      "BEFORE_LAT": 57.817348,
      "BEFORE_LON": 168.31155,
      "AFTER_LAT": 57.737465,
      "AFTER_LON": 168.17262,
      "SOG": 16.2,
      "MOVINGTIME": 1425.0,
      "ARRIVALTIME": "20251202044900"
    },
    {
      "SEQ": 8,
      "BEFORE_NODE": 8.0,
      "AFTER_NODE": 9.0,
      "BEFORE_LAT": 57.737465,
      "BEFORE_LON": 168.17262,
      "AFTER_LAT": 57.664574,
      "AFTER_LON": 168.04477,
      "SOG": 16.3,
      "MOVINGTIME": 1740.0,
      "ARRIVALTIME": "20251202051800"
    },
    {
      "SEQ": 9,
      "BEFORE_NODE": 9.0,
      "AFTER_NODE": 10.0,
      "BEFORE_LAT": 57.664574,
      "BEFORE_LON": 168.04477,
      "AFTER_LAT": 46.914593,
      "AFTER_LON": 152.98264,
      "SOG": 12.1,
      "MOVINGTIME": 197940.0,
      "ARRIVALTIME": "20251204121700"
    },
    {
      "SEQ": 10,
      "BEFORE_NODE": 10.0,
      "AFTER_NODE": 11.0,
      "BEFORE_LAT": 46.914593,
      "BEFORE_LON": 152.98264,
      "AFTER_LAT": 46.824379,
      "AFTER_LON": 152.86829,
      "SOG": 11.8,
      "MOVINGTIME": 1800.0,
      "ARRIVALTIME": "20251204124700"
    },
    {
      "SEQ": 11,
      "BEFORE_NODE": 11.0,
      "AFTER_NODE": 12.0,
      "BEFORE_LAT": 46.824379,
      "BEFORE_LON": 152.86829,
      "AFTER_LAT": 46.751499,
      "AFTER_LON": 152.7618,
      "SOG": 11.3,
      "MOVINGTIME": 1860.0,
      "ARRIVALTIME": "20251204131800"
    },
    {
      "SEQ": 12,
      "BEFORE_NODE": 12.0,
      "AFTER_NODE": 13.0,
      "BEFORE_LAT": 46.751499,
      "BEFORE_LON": 152.7618,
      "AFTER_LAT": 46.614437,
      "AFTER_LON": 152.57182,
      "SOG": 11.3,
      "MOVINGTIME": 3600.0,
      "ARRIVALTIME": "20251204141800"
    },
    {
      "SEQ": 13,
      "BEFORE_NODE": 13.0,
      "AFTER_NODE": 14.0,
      "BEFORE_LAT": 46.614437,
      "BEFORE_LON": 152.57182,
      "AFTER_LAT": 46.56142,
      "AFTER_LON": 152.49962,
      "SOG": 11.5,
      "MOVINGTIME": 1740.0,
      "ARRIVALTIME": "20251204144700"
    },
    {
      "SEQ": 14,
      "BEFORE_NODE": 14.0,
      "AFTER_NODE": 15.0,
      "BEFORE_LAT": 46.56142,
      "BEFORE_LON": 152.49962,
      "AFTER_LAT": 44.365265,
      "AFTER_LON": 149.12724,
      "SOG": 12.5,
      "MOVINGTIME": 61260.0,
      "ARRIVALTIME": "20251205074800"
    },
    {
      "SEQ": 15,
      "BEFORE_NODE": 15.0,
      "AFTER_NODE": 16.0,
      "BEFORE_LAT": 44.365265,
      "BEFORE_LON": 149.12724,
      "AFTER_LAT": 41.930405,
      "AFTER_LON": 144.11685,
      "SOG": 11,
      "MOVINGTIME": 82860.0,
      "ARRIVALTIME": "20251206064900"
    },
    {
      "SEQ": 16,
      "BEFORE_NODE": 16.0,
      "AFTER_NODE": 17.0,
      "BEFORE_LAT": 41.930405,
      "BEFORE_LON": 144.11685,
      "AFTER_LAT": 41.831615,
      "AFTER_LON": 143.88829,
      "SOG": 11.3,
      "MOVINGTIME": 3600.0,
      "ARRIVALTIME": "20251206074900"
    },
    {
      "SEQ": 17,
      "BEFORE_NODE": 17.0,
      "AFTER_NODE": 18.0,
      "BEFORE_LAT": 41.831615,
      "BEFORE_LON": 143.88829,
      "AFTER_LAT": 41.739288,
      "AFTER_LON": 143.67841,
      "SOG": 11.6,
      "MOVINGTIME": 3660.0,
      "ARRIVALTIME": "20251206085000"
    },
    {
      "SEQ": 18,
      "BEFORE_NODE": 18.0,
      "AFTER_NODE": 19.0,
      "BEFORE_LAT": 41.739288,
      "BEFORE_LON": 143.67841,
      "AFTER_LAT": 41.689011,
      "AFTER_LON": 143.4248,
      "SOG": 11.5,
      "MOVINGTIME": 3540.0,
      "ARRIVALTIME": "20251206094900"
    },
    {
      "SEQ": 19,
      "BEFORE_NODE": 19.0,
      "AFTER_NODE": 20.0,
      "BEFORE_LAT": 41.689011,
      "BEFORE_LON": 143.4248,
      "AFTER_LAT": 41.702209,
      "AFTER_LON": 143.10397,
      "SOG": 11.6,
      "MOVINGTIME": 4130.0,
      "ARRIVALTIME": "20251206105750"
    },
    {
      "SEQ": 20,
      "BEFORE_NODE": 20.0,
      "AFTER_NODE": 21.0,
      "BEFORE_LAT": 41.702209,
      "BEFORE_LON": 143.10397,
      "AFTER_LAT": 41.715439,
      "AFTER_LON": 142.89516,
      "SOG": 11.6,
      "MOVINGTIME": 3130.0,
      "ARRIVALTIME": "20251206115000"
    },
    {
      "SEQ": 21,
      "BEFORE_NODE": 21.0,
      "AFTER_NODE": 22.0,
      "BEFORE_LAT": 41.715439,
      "BEFORE_LON": 142.89516,
      "AFTER_LAT": 41.701382,
      "AFTER_LON": 142.74921,
      "SOG": 11.8,
      "MOVINGTIME": 1860.0,
      "ARRIVALTIME": "20251206122100"
    },
    {
      "SEQ": 22,
      "BEFORE_NODE": 22.0,
      "AFTER_NODE": 23.0,
      "BEFORE_LAT": 41.701382,
      "BEFORE_LON": 142.74921,
      "AFTER_LAT": 41.701012,
      "AFTER_LON": 142.63802,
      "SOG": 11.6,
      "MOVINGTIME": 1740.0,
      "ARRIVALTIME": "20251206125000"
    },
    {
      "SEQ": 23,
      "BEFORE_NODE": 23.0,
      "AFTER_NODE": 24.0,
      "BEFORE_LAT": 41.701012,
      "BEFORE_LON": 142.63802,
      "AFTER_LAT": 41.696247,
      "AFTER_LON": 142.53421,
      "SOG": 10.6,
      "MOVINGTIME": 1680.0,
      "ARRIVALTIME": "20251206131800"
    }
  ]
}