{
  "mmsi": "440756000",
  "PredResult": [
    {
      "SEQ": 0,
      "BEFORE_NODE": 0.0,
      "AFTER_NODE": 1.0,
      "BEFORE_LAT": 30.819424,
      "BEFORE_LON": 123.32416,
      "AFTER_LAT": 30.811707,
      "AFTER_LON": 123.33048,
      "SOG": 1,
      "MOVINGTIME": 1860.0,
      "ARRIVALTIME": "20251129152300"
    },
    {
      "SEQ": 1,
      "BEFORE_NODE": 1.0,
      "AFTER_NODE": 2.0,
      "BEFORE_LAT": 30.811707,
      "BEFORE_LON": 123.33048,
      "AFTER_LAT": 30.821186,
      "AFTER_LON": 123.33976,
      "SOG": 1,
      "MOVINGTIME": 1740.0,
      "ARRIVALTIME": "20251129155200"
    },
    {
      "SEQ": 2,
      "BEFORE_NODE": 2.0,
      "AFTER_NODE": 3.0,
      "BEFORE_LAT": 30.821186,
      "BEFORE_LON": 123.33976,
      "AFTER_LAT": 30.826521,
      "AFTER_LON": 123.34511,
      "SOG": 3,
      "MOVINGTIME": 1620.0,
      "ARRIVALTIME": "20251129161900"
    },
    {
      "SEQ": 3,
      "BEFORE_NODE": 3.0,
      "AFTER_NODE": 4.0,
      "BEFORE_LAT": 30.826521,
      "BEFORE_LON": 123.34511,
      "AFTER_LAT": 30.883039,
      "AFTER_LON": 123.26355,
      "SOG": 11.3,
      "MOVINGTIME": 2040.0,
      "ARRIVALTIME": "20251129165300"
    },
    {
      "SEQ": 4,
      "BEFORE_NODE": 4.0,
      "AFTER_NODE": 5.0,
      "BEFORE_LAT": 30.883039,
      "BEFORE_LON": 123.26355,
      "AFTER_LAT": 30.946707,
      "AFTER_LON": 123.1988,
      "SOG": 11,
      "MOVINGTIME": 1680.0,
      "ARRIVALTIME": "20251129172100"
    },
    {
      "SEQ": 5,
      "BEFORE_NODE": 5.0,
      "AFTER_NODE": 6.0,
      "BEFORE_LAT": 30.946707,
      "BEFORE_LON": 123.1988,
      "AFTER_LAT": 31.009167,
      "AFTER_LON": 123.10664,
      "SOG": 11.5,
      "MOVINGTIME": 1920.0,
      "ARRIVALTIME": "20251129175300"
    },
    {
      "SEQ": 6,
      "BEFORE_NODE": 6.0,
      "AFTER_NODE": 7.0,
      "BEFORE_LAT": 31.009167,
      "BEFORE_LON": 123.10664,
      "AFTER_LAT": 31.077984,
      "AFTER_LON": 123.04357,
      "SOG": 11.1,
      "MOVINGTIME": 1680.0,
      "ARRIVALTIME": "20251129182100"
    },
    {
      "SEQ": 7,
      "BEFORE_NODE": 7.0,
      "AFTER_NODE": 8.0,
      "BEFORE_LAT": 31.077984,
      "BEFORE_LON": 123.04357,
      "AFTER_LAT": 31.11286,
      "AFTER_LON": 122.95468,
      "SOG": 11.5,
      "MOVINGTIME": 1740.0,
      "ARRIVALTIME": "20251129185000"
    },
    {
      "SEQ": 8,
      "BEFORE_NODE": 8.0,
      "AFTER_NODE": 9.0,
      "BEFORE_LAT": 31.11286,
      "BEFORE_LON": 122.95468,
      "AFTER_LAT": 31.113474,
      "AFTER_LON": 122.83527,
      "SOG": 11.8,
      "MOVINGTIME": 1800.0,
      "ARRIVALTIME": "20251129192000"
    },
    {
      "SEQ": 9,
      "BEFORE_NODE": 9.0,
      "AFTER_NODE": 10.0,
      "BEFORE_LAT": 31.113474,
      "BEFORE_LON": 122.83527,
      "AFTER_LAT": 31.114759,
      "AFTER_LON": 122.63527,
      "SOG": 10,
      "MOVINGTIME": 3480.0,
      "ARRIVALTIME": "20251129201800"
    },
    {
      "SEQ": 10,
      "BEFORE_NODE": 10.0,
      "AFTER_NODE": 11.0,
      "BEFORE_LAT": 31.114759,
      "BEFORE_LON": 122.63527,
      "AFTER_LAT": 31.105093,
      "AFTER_LON": 122.34763,
      "SOG": 14,
      "MOVINGTIME": 5400.0,
      "ARRIVALTIME": "20251129214800"
    },
    {
      "SEQ": 11,
      "BEFORE_NODE": 11.0,
      "AFTER_NODE": 12.0,
      "BEFORE_LAT": 31.105093,
      "BEFORE_LON": 122.34763,
      "AFTER_LAT": 31.170719,
      "AFTER_LON": 122.19195,
      "SOG": 12.5,
      "MOVINGTIME": 2236.0,
      "ARRIVALTIME": "20251129222516"
    },
    {
      "SEQ": 12,
      "BEFORE_NODE": 12.0,
      "AFTER_NODE": 13.0,
      "BEFORE_LAT": 31.170719,
      "BEFORE_LON": 122.19195,
      "AFTER_LAT": 31.215006,
      "AFTER_LON": 122.12077,
      "SOG": 11.6,
      "MOVINGTIME": 1664.0,
      "ARRIVALTIME": "20251129225300"
    },
    {
      "SEQ": 13,
      "BEFORE_NODE": 13.0,
      "AFTER_NODE": 14.0,
      "BEFORE_LAT": 31.215006,
      "BEFORE_LON": 122.12077,
      "AFTER_LAT": 31.239401,
      "AFTER_LON": 122.04699,
      "SOG": 11.1,
      "MOVINGTIME": 1860.0,
      "ARRIVALTIME": "20251129232400"
    },
    {
      "SEQ": 14,
      "BEFORE_NODE": 14.0,
      "AFTER_NODE": 15.0,
      "BEFORE_LAT": 31.239401,
      "BEFORE_LON": 122.04699,
      "AFTER_LAT": 31.264217,
      "AFTER_LON": 121.8969,
      "SOG": 11.1,
      "MOVINGTIME": 1800.0,
      "ARRIVALTIME": "20251129235400"
    },
    {
      "SEQ": 15,
      "BEFORE_NODE": 15.0,
      "AFTER_NODE": 16.0,
      "BEFORE_LAT": 31.264217,
      "BEFORE_LON": 121.8969,
      "AFTER_LAT": 31.29822,
      "AFTER_LON": 121.78469,
      "SOG": 8.8,
      "MOVINGTIME": 1920.0,
      "ARRIVALTIME": "20251130002600"
    },
    {
      "SEQ": 16,
      "BEFORE_NODE": 16.0,
      "AFTER_NODE": 17.0,
      "BEFORE_LAT": 31.29822,
      "BEFORE_LON": 121.78469,
      "AFTER_LAT": 31.32148,
      "AFTER_LON": 121.72182,
      "SOG": 8.6,
      "MOVINGTIME": 1620.0,
      "ARRIVALTIME": "20251130005300"
    },
    {
      "SEQ": 17,
      "BEFORE_NODE": 17.0,
      "AFTER_NODE": 18.0,
      "BEFORE_LAT": 31.32148,
      "BEFORE_LON": 121.72182,
      "AFTER_LAT": 31.364246,
      "AFTER_LON": 121.63096,
      "SOG": 8.3,
      "MOVINGTIME": 1980.0,
      "ARRIVALTIME": "20251130012600"
    },
    {
      "SEQ": 18,
      "BEFORE_NODE": 18.0,
      "AFTER_NODE": 19.0,
      "BEFORE_LAT": 31.364246,
      "BEFORE_LON": 121.63096,
      "AFTER_LAT": 31.376369,
      "AFTER_LON": 121.5928,
      "SOG": 0.4,
      "MOVINGTIME": 1620.0,
      "ARRIVALTIME": "20251130015300"
    },
    {
      "SEQ": 19,
      "BEFORE_NODE": 19.0,
      "AFTER_NODE": 20.0,
      "BEFORE_LAT": 31.376369,
      "BEFORE_LON": 121.5928,
      "AFTER_LAT": 31.375919,
      "AFTER_LON": 121.5778,
      "SOG": 0.1,
      "MOVINGTIME": 2100.0,
      "ARRIVALTIME": "20251130022800"
    },
    {
      "SEQ": 20,
      "BEFORE_NODE": 20.0,
      "AFTER_NODE": 21.0,
      "BEFORE_LAT": 31.375919,
      "BEFORE_LON": 121.5778,
      "AFTER_LAT": 31.375887,
      "AFTER_LON": 121.57784,
      "SOG": 0,
      "MOVINGTIME": 1560.0,
      "ARRIVALTIME": "20251130025400"
    },
    {
      "SEQ": 21,
      "BEFORE_NODE": 21.0,
      "AFTER_NODE": 22.0,
      "BEFORE_LAT": 31.375887,
      "BEFORE_LON": 121.57784,
      "AFTER_LAT": 31.375887,
      "AFTER_LON": 121.57784,
      "SOG": 0,
      "MOVINGTIME": 1860.0,
      "ARRIVALTIME": "20251130032500"
    },
    {
      "SEQ": 22,
      "BEFORE_NODE": 22.0,
      "AFTER_NODE": 23.0,
      "BEFORE_LAT": 31.375887,
      "BEFORE_LON": 121.57784,
      "AFTER_LAT": 31.375874,
      "AFTER_LON": 121.57787,
      "SOG": 0,
      "MOVINGTIME": 1740.0,
      "ARRIVALTIME": "20251130035400"
    },
    {
      "SEQ": 23,
      "BEFORE_NODE": 23.0,
      "AFTER_NODE": 24.0,
      "BEFORE_LAT": 31.375874,
      "BEFORE_LON": 121.57787,
      "AFTER_LAT": 31.375959,
      "AFTER_LON": 121.5779,
      "SOG": 0,
      "MOVINGTIME": 1800.0,
      "ARRIVALTIME": "20251130042400"
    },
    {
      "SEQ": 24,
      "BEFORE_NODE": 24.0,
      "AFTER_NODE": 25.0,
      "BEFORE_LAT": 31.375959,
      "BEFORE_LON": 121.5779,
      "AFTER_LAT": 31.375931,
      "AFTER_LON": 121.57784,
      "SOG": 0,
      "MOVINGTIME": 1620.0,
      "ARRIVALTIME": "20251130045100"
    },
    {
      "SEQ": 25,
      "BEFORE_NODE": 25.0,
      "AFTER_NODE": 26.0,
      "BEFORE_LAT": 31.375931,
      "BEFORE_LON": 121.57784,
      "AFTER_LAT": 31.376093,
      "AFTER_LON": 121.57772,
      "SOG": 0,
      "MOVINGTIME": 1980.0,
      "ARRIVALTIME": "20251130052400"
    },
    {
      "SEQ": 26,
      "BEFORE_NODE": 26.0,
      "AFTER_NODE": 27.0,
      "BEFORE_LAT": 31.376093,
      "BEFORE_LON": 121.57772,
      "AFTER_LAT": 31.37587,
      "AFTER_LON": 121.57776,
      "SOG": 0,
      "MOVINGTIME": 1380.0,
      "ARRIVALTIME": "20251130054700"
    },
    {
      "SEQ": 27,
      "BEFORE_NODE": 27.0,
      "AFTER_NODE": 28.0,
      "BEFORE_LAT": 31.37587,
      "BEFORE_LON": 121.57776,
      "AFTER_LAT": 31.375793,
      "AFTER_LON": 121.57784,
      "SOG": 0,
      "MOVINGTIME": 1860.0,
      "ARRIVALTIME": "20251130061800"
    },
    {
      "SEQ": 28,
      "BEFORE_NODE": 28.0,
      "AFTER_NODE": 29.0,
      "BEFORE_LAT": 31.375793,
      "BEFORE_LON": 121.57784,
      "AFTER_LAT": 31.37604,
      "AFTER_LON": 121.57779,
      "SOG": 0,
      "MOVINGTIME": 2340.0,
      "ARRIVALTIME": "20251130065700"
    },
    {
      "SEQ": 29,
      "BEFORE_NODE": 29.0,
      "AFTER_NODE": 30.0,
      "BEFORE_LAT": 31.37604,
      "BEFORE_LON": 121.57779,
      "AFTER_LAT": 31.376074,
      "AFTER_LON": 121.57765,
      "SOG": 0,
      "MOVINGTIME": 1680.0,
      "ARRIVALTIME": "20251130072500"
    },
    {
      "SEQ": 30,
      "BEFORE_NODE": 30.0,
      "AFTER_NODE": 31.0,
      "BEFORE_LAT": 31.376074,
      "BEFORE_LON": 121.57765,
      "AFTER_LAT": 31.375919,
      "AFTER_LON": 121.57776,
      "SOG": 0,
      "MOVINGTIME": 1740.0,
      "ARRIVALTIME": "20251130075400"
    },
    {
      "SEQ": 31,
      "BEFORE_NODE": 31.0,
      "AFTER_NODE": 32.0,
      "BEFORE_LAT": 31.375919,
      "BEFORE_LON": 121.57776,
      "AFTER_LAT": 31.376013,
      "AFTER_LON": 121.57769,
      "SOG": 0,
      "MOVINGTIME": 1620.0,
      "ARRIVALTIME": "20251130082100"
    },
    {
      "SEQ": 32,
      "BEFORE_NODE": 32.0,
      "AFTER_NODE": 33.0,
      "BEFORE_LAT": 31.376013,
      "BEFORE_LON": 121.57769,
      "AFTER_LAT": 31.375937,
      "AFTER_LON": 121.57768,
      "SOG": 0,
      "MOVINGTIME": 1920.0,
      "ARRIVALTIME": "20251130085300"
    },
    {
      "SEQ": 33,
      "BEFORE_NODE": 33.0,
      "AFTER_NODE": 34.0,
      "BEFORE_LAT": 31.375937,
      "BEFORE_LON": 121.57768,
      "AFTER_LAT": 31.375954,
      "AFTER_LON": 121.5778,
      "SOG": 0,
      "MOVINGTIME": 1920.0,
      "ARRIVALTIME": "20251130092500"
    },
    {
      "SEQ": 34,
      "BEFORE_NODE": 34.0,
      "AFTER_NODE": 35.0,
      "BEFORE_LAT": 31.375954,
      "BEFORE_LON": 121.5778,
      "AFTER_LAT": 31.376047,
      "AFTER_LON": 121.57768,
      "SOG": 0,
      "MOVINGTIME": 1740.0,
      "ARRIVALTIME": "20251130095400"
    },
    {
      "SEQ": 35,
      "BEFORE_NODE": 35.0,
      "AFTER_NODE": 36.0,
      "BEFORE_LAT": 31.376047,
      "BEFORE_LON": 121.57768,
      "AFTER_LAT": 31.376053,
      "AFTER_LON": 121.57777,
      "SOG": 0,
      "MOVINGTIME": 1980.0,
      "ARRIVALTIME": "20251130102700"
    },
    {
      "SEQ": 36,
      "BEFORE_NODE": 36.0,
      "AFTER_NODE": 37.0,
      "BEFORE_LAT": 31.376053,
      "BEFORE_LON": 121.57777,
      "AFTER_LAT": 31.376247,
      "AFTER_LON": 121.57776,
      "SOG": 0,
      "MOVINGTIME": 1620.0,
      "ARRIVALTIME": "20251130105400"
    },
    {
      "SEQ": 37,
      "BEFORE_NODE": 37.0,
      "AFTER_NODE": 38.0,
      "BEFORE_LAT": 31.376247,
      "BEFORE_LON": 121.57776,
      "AFTER_LAT": 31.375879,
      "AFTER_LON": 121.57774,
      "SOG": 0,
      "MOVINGTIME": 2391.0,
      "ARRIVALTIME": "20251130113351"
    },
    {
      "SEQ": 38,
      "BEFORE_NODE": 38.0,
      "AFTER_NODE": 39.0,
      "BEFORE_LAT": 31.375879,
      "BEFORE_LON": 121.57774,
      "AFTER_LAT": 31.375919,
      "AFTER_LON": 121.5778,
      "SOG": 0,
      "MOVINGTIME": 1149.0,
      "ARRIVALTIME": "20251130115300"
    },
    {
      "SEQ": 39,
      "BEFORE_NODE": 39.0,
      "AFTER_NODE": 40.0,
      "BEFORE_LAT": 31.375919,
      "BEFORE_LON": 121.5778,
      "AFTER_LAT": 31.378019,
      "AFTER_LON": 121.59243,
      "SOG": 9.1,
      "MOVINGTIME": 1920.0,
      "ARRIVALTIME": "20251130122500"
    },
    {
      "SEQ": 40,
      "BEFORE_NODE": 40.0,
      "AFTER_NODE": 41.0,
      "BEFORE_LAT": 31.378019,
      "BEFORE_LON": 121.59243,
      "AFTER_LAT": 31.345461,
      "AFTER_LON": 121.66331,
      "SOG": 8.5,
      "MOVINGTIME": 1800.0,
      "ARRIVALTIME": "20251130125500"
    },
    {
      "SEQ": 41,
      "BEFORE_NODE": 41.0,
      "AFTER_NODE": 42.0,
      "BEFORE_LAT": 31.345461,
      "BEFORE_LON": 121.66331,
      "AFTER_LAT": 31.312744,
      "AFTER_LON": 121.73978,
      "SOG": 11.6,
      "MOVINGTIME": 1740.0,
      "ARRIVALTIME": "20251130132400"
    },
    {
      "SEQ": 42,
      "BEFORE_NODE": 42.0,
      "AFTER_NODE": 43.0,
      "BEFORE_LAT": 31.312744,
      "BEFORE_LON": 121.73978,
      "AFTER_LAT": 31.274597,
      "AFTER_LON": 121.84279,
      "SOG": 11.8,
      "MOVINGTIME": 1680.0,
      "ARRIVALTIME": "20251130135200"
    },
    {
      "SEQ": 43,
      "BEFORE_NODE": 43.0,
      "AFTER_NODE": 44.0,
      "BEFORE_LAT": 31.274597,
      "BEFORE_LON": 121.84279,
      "AFTER_LAT": 31.249706,
      "AFTER_LON": 121.97389,
      "SOG": 13.8,
      "MOVINGTIME": 1800.0,
      "ARRIVALTIME": "20251130142200"
    },
    {
      "SEQ": 44,
      "BEFORE_NODE": 44.0,
      "AFTER_NODE": 45.0,
      "BEFORE_LAT": 31.249706,
      "BEFORE_LON": 121.97389,
      "AFTER_LAT": 31.233694,
      "AFTER_LON": 122.06961,
      "SOG": 14.1,
      "MOVINGTIME": 1980.0,
      "ARRIVALTIME": "20251130145500"
    },
    {
      "SEQ": 45,
      "BEFORE_NODE": 45.0,
      "AFTER_NODE": 46.0,
      "BEFORE_LAT": 31.233694,
      "BEFORE_LON": 122.06961,
      "AFTER_LAT": 31.172581,
      "AFTER_LON": 122.18573,
      "SOG": 15,
      "MOVINGTIME": 1560.0,
      "ARRIVALTIME": "20251130152100"
    },
    {
      "SEQ": 46,
      "BEFORE_NODE": 46.0,
      "AFTER_NODE": 47.0,
      "BEFORE_LAT": 31.172581,
      "BEFORE_LON": 122.18573,
      "AFTER_LAT": 31.09882,
      "AFTER_LON": 122.34067,
      "SOG": 14,
      "MOVINGTIME": 1800.0,
      "ARRIVALTIME": "20251130155100"
    },
    {
      "SEQ": 47,
      "BEFORE_NODE": 47.0,
      "AFTER_NODE": 48.0,
      "BEFORE_LAT": 31.09882,
      "BEFORE_LON": 122.34067,
      "AFTER_LAT": 31.09469,
      "AFTER_LON": 122.44593,
      "SOG": 10.1,
      "MOVINGTIME": 1920.0,
      "ARRIVALTIME": "20251130162300"
    },
    {
      "SEQ": 48,
      "BEFORE_NODE": 48.0,
      "AFTER_NODE": 49.0,
      "BEFORE_LAT": 31.09469,
      "BEFORE_LON": 122.44593,
      "AFTER_LAT": 31.091299,
      "AFTER_LON": 122.59602,
      "SOG": 14.1,
      "MOVINGTIME": 1740.0,
      "ARRIVALTIME": "20251130165200"
    },
    {
      "SEQ": 49,
      "BEFORE_NODE": 49.0,
      "AFTER_NODE": 50.0,
      "BEFORE_LAT": 31.091299,
      "BEFORE_LON": 122.59602,
      "AFTER_LAT": 31.093714,
      "AFTER_LON": 122.7032,
      "SOG": 13.6,
      "MOVINGTIME": 1620.0,
      "ARRIVALTIME": "20251130171900"
    },
    {
      "SEQ": 50,
      "BEFORE_NODE": 50.0,
      "AFTER_NODE": 51.0,
      "BEFORE_LAT": 31.093714,
      "BEFORE_LON": 122.7032,
      "AFTER_LAT": 31.094919,
      "AFTER_LON": 122.83118,
      "SOG": 14,
      "MOVINGTIME": 1740.0,
      "ARRIVALTIME": "20251130174800"
    },
    {
      "SEQ": 51,
      "BEFORE_NODE": 51.0,
      "AFTER_NODE": 52.0,
      "BEFORE_LAT": 31.094919,
      "BEFORE_LON": 122.83118,
      "AFTER_LAT": 31.094761,
      "AFTER_LON": 122.97672,
      "SOG": 14,
      "MOVINGTIME": 1860.0,
      "ARRIVALTIME": "20251130181900"
    },
    {
      "SEQ": 52,
      "BEFORE_NODE": 52.0,
      "AFTER_NODE": 53.0,
      "BEFORE_LAT": 31.094761,
      "BEFORE_LON": 122.97672,
      "AFTER_LAT": 31.16794,
      "AFTER_LON": 123.75032,
      "SOG": 12.8,
      "MOVINGTIME": 10860.0,
      "ARRIVALTIME": "20251130212000"
    },
    {
      "SEQ": 53,
      "BEFORE_NODE": 53.0,
      "AFTER_NODE": 54.0,
      "BEFORE_LAT": 31.16794,
      "BEFORE_LON": 123.75032,
      "AFTER_LAT": 31.186827,
      "AFTER_LON": 123.83807,
      "SOG": 12.8,
      "MOVINGTIME": 1620.0,
      "ARRIVALTIME": "20251130214700"
    },
    {
      "SEQ": 54,
      "BEFORE_NODE": 54.0,
      "AFTER_NODE": 55.0,
      "BEFORE_LAT": 31.186827,
      "BEFORE_LON": 123.83807,
      "AFTER_LAT": 31.21312,
      "AFTER_LON": 123.93842,
      "SOG": 12.8,
      "MOVINGTIME": 1980.0,
      "ARRIVALTIME": "20251130222000"
    },
    {
      "SEQ": 55,
      "BEFORE_NODE": 55.0,
      "AFTER_NODE": 56.0,
      "BEFORE_LAT": 31.21312,
      "BEFORE_LON": 123.93842,
      "AFTER_LAT": 31.249506,
      "AFTER_LON": 124.10333,
      "SOG": 13,
      "MOVINGTIME": 1680.0,
      "ARRIVALTIME": "20251130224800"
    },
    {
      "SEQ": 56,
      "BEFORE_NODE": 56.0,
      "AFTER_NODE": 57.0,
      "BEFORE_LAT": 31.249506,
      "BEFORE_LON": 124.10333,
      "AFTER_LAT": 31.299667,
      "AFTER_LON": 124.352,
      "SOG": 13.1,
      "MOVINGTIME": 3600.0,
      "ARRIVALTIME": "20251130234800"
    },
    {
      "SEQ": 57,
      "BEFORE_NODE": 57.0,
      "AFTER_NODE": 58.0,
      "BEFORE_LAT": 31.299667,
      "BEFORE_LON": 124.352,
      "AFTER_LAT": 31.342501,
      "AFTER_LON": 124.58041,
      "SOG": 13.1,
      "MOVINGTIME": 3600.0,
      "ARRIVALTIME": "20251201004800"
    },
    {
      "SEQ": 58,
      "BEFORE_NODE": 58.0,
      "AFTER_NODE": 59.0,
      "BEFORE_LAT": 31.342501,
      "BEFORE_LON": 124.58041,
      "AFTER_LAT": 31.353888,
      "AFTER_LON": 124.66716,
      "SOG": 13.8,
      "MOVINGTIME": 1740.0,
      "ARRIVALTIME": "20251201011700"
    },
    {
      "SEQ": 59,
      "BEFORE_NODE": 59.0,
      "AFTER_NODE": 60.0,
      "BEFORE_LAT": 31.353888,
      "BEFORE_LON": 124.66716,
      "AFTER_LAT": 31.519533,
      "AFTER_LON": 125.35374,
      "SOG": 12.1,
      "MOVINGTIME": 9180.0,
      "ARRIVALTIME": "20251201035000"
    },
    {
      "SEQ": 60,
      "BEFORE_NODE": 60.0,
      "AFTER_NODE": 61.0,
      "BEFORE_LAT": 31.519533,
      "BEFORE_LON": 125.35374,
      "AFTER_LAT": 32.343998,
      "AFTER_LON": 126.44384,
      "SOG": 12.3,
      "MOVINGTIME": 21720.0,
      "ARRIVALTIME": "20251201095200"
    },
    {
      "SEQ": 61,
      "BEFORE_NODE": 61.0,
      "AFTER_NODE": 62.0,
      "BEFORE_LAT": 32.343998,
      "BEFORE_LON": 126.44384,
      "AFTER_LAT": 32.496407,
      "AFTER_LON": 126.61376,
      "SOG": 12.6,
      "MOVINGTIME": 3540.0,
      "ARRIVALTIME": "20251201105100"
    },
    {
      "SEQ": 62,
      "BEFORE_NODE": 62.0,
      "AFTER_NODE": 63.0,
      "BEFORE_LAT": 32.496407,
      "BEFORE_LON": 126.61376,
      "AFTER_LAT": 32.674938,
      "AFTER_LON": 126.83569,
      "SOG": 12.6,
      "MOVINGTIME": 4108.0,
      "ARRIVALTIME": "20251201115928"
    },
    {
      "SEQ": 63,
      "BEFORE_NODE": 63.0,
      "AFTER_NODE": 64.0,
      "BEFORE_LAT": 32.674938,
      "BEFORE_LON": 126.83569,
      "AFTER_LAT": 32.835312,
      "AFTER_LON": 127.04657,
      "SOG": 12.8,
      "MOVINGTIME": 4652.0,
      "ARRIVALTIME": "20251201131700"
    },
    {
      "SEQ": 64,
      "BEFORE_NODE": 64.0,
      "AFTER_NODE": 65.0,
      "BEFORE_LAT": 32.835312,
      "BEFORE_LON": 127.04657,
      "AFTER_LAT": 33.229412,
      "AFTER_LON": 127.552,
      "SOG": 12.3,
      "MOVINGTIME": 9360.0,
      "ARRIVALTIME": "20251201155300"
    },
    {
      "SEQ": 65,
      "BEFORE_NODE": 65.0,
      "AFTER_NODE": 66.0,
      "BEFORE_LAT": 33.229412,
      "BEFORE_LON": 127.552,
      "AFTER_LAT": 33.296547,
      "AFTER_LON": 127.63274,
      "SOG": 12,
      "MOVINGTIME": 1680.0,
      "ARRIVALTIME": "20251201162100"
    },
    {
      "SEQ": 66,
      "BEFORE_NODE": 66.0,
      "AFTER_NODE": 67.0,
      "BEFORE_LAT": 33.296547,
      "BEFORE_LON": 127.63274,
      "AFTER_LAT": 33.484798,
      "AFTER_LON": 127.8567,
      "SOG": 12.1,
      "MOVINGTIME": 5220.0,
      "ARRIVALTIME": "20251201174800"
    },
    {
      "SEQ": 67,
      "BEFORE_NODE": 67.0,
      "AFTER_NODE": 68.0,
      "BEFORE_LAT": 33.484798,
      "BEFORE_LON": 127.8567,
      "AFTER_LAT": 33.570023,
      "AFTER_LON": 127.94587,
      "SOG": 12.3,
      "MOVINGTIME": 1860.0,
      "ARRIVALTIME": "20251201181900"
    },
    {
      "SEQ": 68,
      "BEFORE_NODE": 68.0,
      "AFTER_NODE": 69.0,
      "BEFORE_LAT": 33.570023,
      "BEFORE_LON": 127.94587,
      "AFTER_LAT": 33.641315,
      "AFTER_LON": 128.02663,
      "SOG": 12.1,
      "MOVINGTIME": 1680.0,
      "ARRIVALTIME": "20251201184700"
    },
    {
      "SEQ": 69,
      "BEFORE_NODE": 69.0,
      "AFTER_NODE": 70.0,
      "BEFORE_LAT": 33.641315,
      "BEFORE_LON": 128.02663,
      "AFTER_LAT": 33.70908,
      "AFTER_LON": 128.10127,
      "SOG": 12.5,
      "MOVINGTIME": 2040.0,
      "ARRIVALTIME": "20251201192100"
    },
    {
      "SEQ": 70,
      "BEFORE_NODE": 70.0,
      "AFTER_NODE": 71.0,
      "BEFORE_LAT": 33.70908,
      "BEFORE_LON": 128.10127,
      "AFTER_LAT": 33.782604,
      "AFTER_LON": 128.18811,
      "SOG": 12.1,
      "MOVINGTIME": 1620.0,
      "ARRIVALTIME": "20251201194800"
    },
    {
      "SEQ": 71,
      "BEFORE_NODE": 71.0,
      "AFTER_NODE": 72.0,
      "BEFORE_LAT": 33.782604,
      "BEFORE_LON": 128.18811,
      "AFTER_LAT": 33.861729,
      "AFTER_LON": 128.28273,
      "SOG": 12.6,
      "MOVINGTIME": 1800.0,
      "ARRIVALTIME": "20251201201800"
    },
    {
      "SEQ": 72,
      "BEFORE_NODE": 72.0,
      "AFTER_NODE": 73.0,
      "BEFORE_LAT": 33.861729,
      "BEFORE_LON": 128.28273,
      "AFTER_LAT": 33.952915,
      "AFTER_LON": 128.38713,
      "SOG": 12.3,
      "MOVINGTIME": 1980.0,
      "ARRIVALTIME": "20251201205100"
    },
    {
      "SEQ": 73,
      "BEFORE_NODE": 73.0,
      "AFTER_NODE": 74.0,
      "BEFORE_LAT": 33.952915,
      "BEFORE_LON": 128.38713,
      "AFTER_LAT": 34.008461,
      "AFTER_LON": 128.44952,
      "SOG": 12.8,
      "MOVINGTIME": 1860.0,
      "ARRIVALTIME": "20251201212200"
    },
    {
      "SEQ": 74,
      "BEFORE_NODE": 74.0,
      "AFTER_NODE": 75.0,
      "BEFORE_LAT": 34.008461,
      "BEFORE_LON": 128.44952,
      "AFTER_LAT": 34.107174,
      "AFTER_LON": 128.56985,
      "SOG": 12.1,
      "MOVINGTIME": 1740.0,
      "ARRIVALTIME": "20251201215100"
    },
    {
      "SEQ": 75,
      "BEFORE_NODE": 75.0,
      "AFTER_NODE": 76.0,
      "BEFORE_LAT": 34.107174,
      "BEFORE_LON": 128.56985,
      "AFTER_LAT": 34.180382,
      "AFTER_LON": 128.67227,
      "SOG": 12.3,
      "MOVINGTIME": 1800.0,
      "ARRIVALTIME": "20251201222100"
    },
    {
      "SEQ": 76,
      "BEFORE_NODE": 76.0,
      "AFTER_NODE": 77.0,
      "BEFORE_LAT": 34.180382,
      "BEFORE_LON": 128.67227,
      "AFTER_LAT": 34.260323,
      "AFTER_LON": 128.74971,
      "SOG": 12.6,
      "MOVINGTIME": 1860.0,
      "ARRIVALTIME": "20251201225200"
    },
    {
      "SEQ": 77,
      "BEFORE_NODE": 77.0,
      "AFTER_NODE": 78.0,
      "BEFORE_LAT": 34.260323,
      "BEFORE_LON": 128.74971,
      "AFTER_LAT": 34.330406,
      "AFTER_LON": 128.77075,
      "SOG": 13.1,
      "MOVINGTIME": 1800.0,
      "ARRIVALTIME": "20251201232200"
    },
    {
      "SEQ": 78,
      "BEFORE_NODE": 78.0,
      "AFTER_NODE": 79.0,
      "BEFORE_LAT": 34.330406,
      "BEFORE_LON": 128.77075,
      "AFTER_LAT": 34.470627,
      "AFTER_LON": 128.82431,
      "SOG": 13,
      "MOVINGTIME": 1740.0,
      "ARRIVALTIME": "20251201235100"
    },
    {
      "SEQ": 79,
      "BEFORE_NODE": 79.0,
      "AFTER_NODE": 80.0,
      "BEFORE_LAT": 34.470627,
      "BEFORE_LON": 128.82431,
      "AFTER_LAT": 34.541626,
      "AFTER_LON": 128.85835,
      "SOG": 12.6,
      "MOVINGTIME": 1800.0,
      "ARRIVALTIME": "20251202002100"
    },
    {
      "SEQ": 80,
      "BEFORE_NODE": 80.0,
      "AFTER_NODE": 81.0,
      "BEFORE_LAT": 34.541626,
      "BEFORE_LON": 128.85835,
      "AFTER_LAT": 34.72028,
      "AFTER_LON": 128.90470666666667,
      "SOG": 11.2,
      "MOVINGTIME": 2810.0,
      "ARRIVALTIME": "20251202010750"
    },
    {
      "SEQ": 81,
      "BEFORE_NODE": 81.0,
      "AFTER_NODE": 82.0,
      "BEFORE_LAT": 34.72028,
      "BEFORE_LON": 128.90470666666667,
      "AFTER_LAT": 34.826346666666666,
      "AFTER_LON": 128.907015,
      "SOG": 10.6,
      "MOVINGTIME": 2108.0,
      "ARRIVALTIME": "20251202014258"
    },
    {
      "SEQ": 82,
      "BEFORE_NODE": 82.0,
      "AFTER_NODE": 83.0,
      "BEFORE_LAT": 34.826346666666666,
      "BEFORE_LON": 128.907015,
      "AFTER_LAT": 34.88135333333334,
      "AFTER_LON": 128.90600833333335,
      "SOG": 6.9,
      "MOVINGTIME": 1501.0,
      "ARRIVALTIME": "20251202020759"
    },
    {
      "SEQ": 83,
      "BEFORE_NODE": 83.0,
      "AFTER_NODE": 84.0,
      "BEFORE_LAT": 34.88135333333334,
      "BEFORE_LON": 128.90600833333335,
      "AFTER_LAT": 34.941965,
      "AFTER_LON": 128.84386666666666,
      "SOG": 7,
      "MOVINGTIME": 2069.0,
      "ARRIVALTIME": "20251202024228"
    },
    {
      "SEQ": 84,
      "BEFORE_NODE": 84.0,
      "AFTER_NODE": 85.0,
      "BEFORE_LAT": 34.941965,
      "BEFORE_LON": 128.84386666666666,
      "AFTER_LAT": 34.980175,
      "AFTER_LON": 128.81573333333333,
      "SOG": 9.6,
      "MOVINGTIME": 1291.0,
      "ARRIVALTIME": "20251202030359"
    },
    {
      "SEQ": 85,
      "BEFORE_NODE": 85.0,
      "AFTER_NODE": 86.0,
      "BEFORE_LAT": 34.980175,
      "BEFORE_LON": 128.81573333333333,
      "AFTER_LAT": 35.012787,
      "AFTER_LON": 128.79868,
      "SOG": 13.6,
      "MOVINGTIME": 961.0,
      "ARRIVALTIME": "20251202032000"
    },
    {
      "SEQ": 86,
      "BEFORE_NODE": 86.0,
      "AFTER_NODE": 87.0,
      "BEFORE_LAT": 35.012787,
      "BEFORE_LON": 128.79868,
      "AFTER_LAT": 35.075523,
      "AFTER_LON": 128.78831,
      "SOG": 1.3,
      "MOVINGTIME": 1860.0,
      "ARRIVALTIME": "20251202035100"
    },
    {
      "SEQ": 87,
      "BEFORE_NODE": 87.0,
      "AFTER_NODE": 88.0,
      "BEFORE_LAT": 35.075523,
      "BEFORE_LON": 128.78831,
      "AFTER_LAT": 35.07732,
      "AFTER_LON": 128.78751,
      "SOG": 0,
      "MOVINGTIME": 1620.0,
      "ARRIVALTIME": "20251202041800"
    },
    {
      "SEQ": 88,
      "BEFORE_NODE": 88.0,
      "AFTER_NODE": 89.0,
      "BEFORE_LAT": 35.07732,
      "BEFORE_LON": 128.78751,
      "AFTER_LAT": 35.077175,
      "AFTER_LON": 128.78741,
      "SOG": 0,
      "MOVINGTIME": 1920.0,
      "ARRIVALTIME": "20251202045000"
    },
    {
      "SEQ": 89,
      "BEFORE_NODE": 89.0,
      "AFTER_NODE": 90.0,
      "BEFORE_LAT": 35.077175,
      "BEFORE_LON": 128.78741,
      "AFTER_LAT": 35.077431,
      "AFTER_LON": 128.78754,
      "SOG": 0,
      "MOVINGTIME": 1800.0,
      "ARRIVALTIME": "20251202052000"
    },
    {
      "SEQ": 90,
      "BEFORE_NODE": 90.0,
      "AFTER_NODE": 91.0,
      "BEFORE_LAT": 35.077431,
      "BEFORE_LON": 128.78754,
      "AFTER_LAT": 35.077419,
      "AFTER_LON": 128.78749,
      "SOG": 0,
      "MOVINGTIME": 1800.0,
      "ARRIVALTIME": "20251202055000"
    },
    {
      "SEQ": 91,
      "BEFORE_NODE": 91.0,
      "AFTER_NODE": 92.0,
      "BEFORE_LAT": 35.077419,
      "BEFORE_LON": 128.78749,
      "AFTER_LAT": 35.077358,
      "AFTER_LON": 128.78748,
      "SOG": 0,
      "MOVINGTIME": 3720.0,
      "ARRIVALTIME": "20251202065200"
    },
    {
      "SEQ": 92,
      "BEFORE_NODE": 92.0,
      "AFTER_NODE": 93.0,
      "BEFORE_LAT": 35.077358,
      "BEFORE_LON": 128.78748,
      "AFTER_LAT": 35.077366,
      "AFTER_LON": 128.78746,
      "SOG": 0,
      "MOVINGTIME": 1800.0,
      "ARRIVALTIME": "20251202072200"
    },
    {
      "SEQ": 93,
      "BEFORE_NODE": 93.0,
      "AFTER_NODE": 94.0,
      "BEFORE_LAT": 35.077366,
      "BEFORE_LON": 128.78746,
      "AFTER_LAT": 35.077488,
      "AFTER_LON": 128.78758,
      "SOG": 0,
      "MOVINGTIME": 1680.0,
      "ARRIVALTIME": "20251202075000"
    },
    {
      "SEQ": 94,
      "BEFORE_NODE": 94.0,
      "AFTER_NODE": 95.0,
      "BEFORE_LAT": 35.077488,
      "BEFORE_LON": 128.78758,
      "AFTER_LAT": 35.077511,
      "AFTER_LON": 128.78755,
      "SOG": 0,
      "MOVINGTIME": 1800.0,
      "ARRIVALTIME": "20251202082000"
    },
    {
      "SEQ": 95,
      "BEFORE_NODE": 95.0,
      "AFTER_NODE": 96.0,
      "BEFORE_LAT": 35.077511,
      "BEFORE_LON": 128.78755,
      "AFTER_LAT": 35.077393,
      "AFTER_LON": 128.78754,
      "SOG": 0,
      "MOVINGTIME": 1740.0,
      "ARRIVALTIME": "20251202084900"
    },
    {
      "SEQ": 96,
      "BEFORE_NODE": 96.0,
      "AFTER_NODE": 97.0,
      "BEFORE_LAT": 35.077393,
      "BEFORE_LON": 128.78754,
      "AFTER_LAT": 35.077572,
      "AFTER_LON": 128.78743,
      "SOG": 0,
      "MOVINGTIME": 1860.0,
      "ARRIVALTIME": "20251202092000"
    },
    {
      "SEQ": 97,
      "BEFORE_NODE": 97.0,
      "AFTER_NODE": 98.0,
      "BEFORE_LAT": 35.077572,
      "BEFORE_LON": 128.78743,
      "AFTER_LAT": 35.077679,
      "AFTER_LON": 128.78757,
      "SOG": 0,
      "MOVINGTIME": 1800.0,
      "ARRIVALTIME": "20251202095000"
    },
    {
      "SEQ": 98,
      "BEFORE_NODE": 98.0,
      "AFTER_NODE": 99.0,
      "BEFORE_LAT": 35.077679,
      "BEFORE_LON": 128.78757,
      "AFTER_LAT": 35.077385,
      "AFTER_LON": 128.78737,
      "SOG": 0,
      "MOVINGTIME": 1740.0,
      "ARRIVALTIME": "20251202101900"
    },
    {
      "SEQ": 99,
      "BEFORE_NODE": 99.0,
      "AFTER_NODE": 100.0,
      "BEFORE_LAT": 35.077385,
      "BEFORE_LON": 128.78737,
      "AFTER_LAT": 35.077351,
      "AFTER_LON": 128.78749,
      "SOG": 0,
      "MOVINGTIME": 1920.0,
      "ARRIVALTIME": "20251202105100"
    },
    {
      "SEQ": 100,
      "BEFORE_NODE": 100.0,
      "AFTER_NODE": 101.0,
      "BEFORE_LAT": 35.077351,
      "BEFORE_LON": 128.78749,
      "AFTER_LAT": 35.077354,
      "AFTER_LON": 128.78746,
      "SOG": 0,
      "MOVINGTIME": 1800.0,
      "ARRIVALTIME": "20251202112100"
    },
    {
      "SEQ": 101,
      "BEFORE_NODE": 101.0,
      "AFTER_NODE": 102.0,
      "BEFORE_LAT": 35.077354,
      "BEFORE_LON": 128.78746,
      "AFTER_LAT": 35.077274,
      "AFTER_LON": 128.7874,
      "SOG": 0,
      "MOVINGTIME": 2290.0,
      "ARRIVALTIME": "20251202115910"
    },
    {
      "SEQ": 102,
      "BEFORE_NODE": 102.0,
      "AFTER_NODE": 103.0,
      "BEFORE_LAT": 35.077274,
      "BEFORE_LON": 128.7874,
      "AFTER_LAT": 35.077293,
      "AFTER_LON": 128.78741,
      "SOG": 0,
      "MOVINGTIME": 1310.0,
      "ARRIVALTIME": "20251202122100"
    },
    {
      "SEQ": 103,
      "BEFORE_NODE": 103.0,
      "AFTER_NODE": 104.0,
      "BEFORE_LAT": 35.077293,
      "BEFORE_LON": 128.78741,
      "AFTER_LAT": 35.077332,
      "AFTER_LON": 128.78746,
      "SOG": 0,
      "MOVINGTIME": 1800.0,
      "ARRIVALTIME": "20251202125100"
    },
    {
      "SEQ": 104,
      "BEFORE_NODE": 104.0,
      "AFTER_NODE": 105.0,
      "BEFORE_LAT": 35.077332,
      "BEFORE_LON": 128.78746,
      "AFTER_LAT": 35.077221,
      "AFTER_LON": 128.78767,
      "SOG": 0,
      "MOVINGTIME": 1860.0,
      "ARRIVALTIME": "20251202132200"
    },
    {
      "SEQ": 105,
      "BEFORE_NODE": 105.0,
      "AFTER_NODE": 106.0,
      "BEFORE_LAT": 35.077221,
      "BEFORE_LON": 128.78767,
      "AFTER_LAT": 35.077293,
      "AFTER_LON": 128.78758,
      "SOG": 0,
      "MOVINGTIME": 1620.0,
      "ARRIVALTIME": "20251202134900"
    },
    {
      "SEQ": 106,
      "BEFORE_NODE": 106.0,
      "AFTER_NODE": 107.0,
      "BEFORE_LAT": 35.077293,
      "BEFORE_LON": 128.78758,
      "AFTER_LAT": 35.077366,
      "AFTER_LON": 128.78728,
      "SOG": 0,
      "MOVINGTIME": 1860.0,
      "ARRIVALTIME": "20251202142000"
    },
    {
      "SEQ": 107,
      "BEFORE_NODE": 107.0,
      "AFTER_NODE": 108.0,
      "BEFORE_LAT": 35.077366,
      "BEFORE_LON": 128.78728,
      "AFTER_LAT": 35.077305,
      "AFTER_LON": 128.78746,
      "SOG": 0,
      "MOVINGTIME": 1800.0,
      "ARRIVALTIME": "20251202145000"
    },
    {
      "SEQ": 108,
      "BEFORE_NODE": 108.0,
      "AFTER_NODE": 109.0,
      "BEFORE_LAT": 35.077305,
      "BEFORE_LON": 128.78746,
      "AFTER_LAT": 35.077408,
      "AFTER_LON": 128.78749,
      "SOG": 0,
      "MOVINGTIME": 1740.0,
      "ARRIVALTIME": "20251202151900"
    },
    {
      "SEQ": 109,
      "BEFORE_NODE": 109.0,
      "AFTER_NODE": 110.0,
      "BEFORE_LAT": 35.077408,
      "BEFORE_LON": 128.78749,
      "AFTER_LAT": 35.077374,
      "AFTER_LON": 128.78751,
      "SOG": 0,
      "MOVINGTIME": 1800.0,
      "ARRIVALTIME": "20251202154900"
    },
    {
      "SEQ": 110,
      "BEFORE_NODE": 110.0,
      "AFTER_NODE": 111.0,
      "BEFORE_LAT": 35.077374,
      "BEFORE_LON": 128.78751,
      "AFTER_LAT": 35.077358,
      "AFTER_LON": 128.78748,
      "SOG": 0,
      "MOVINGTIME": 1920.0,
      "ARRIVALTIME": "20251202162100"
    },
    {
      "SEQ": 111,
      "BEFORE_NODE": 111.0,
      "AFTER_NODE": 112.0,
      "BEFORE_LAT": 35.077358,
      "BEFORE_LON": 128.78748,
      "AFTER_LAT": 35.077381,
      "AFTER_LON": 128.78748,
      "SOG": 0,
      "MOVINGTIME": 1560.0,
      "ARRIVALTIME": "20251202164700"
    },
    {
      "SEQ": 112,
      "BEFORE_NODE": 112.0,
      "AFTER_NODE": 113.0,
      "BEFORE_LAT": 35.077381,
      "BEFORE_LON": 128.78748,
      "AFTER_LAT": 35.077332,
      "AFTER_LON": 128.78749,
      "SOG": 0,
      "MOVINGTIME": 1920.0,
      "ARRIVALTIME": "20251202171900"
    },
    {
      "SEQ": 113,
      "BEFORE_NODE": 113.0,
      "AFTER_NODE": 114.0,
      "BEFORE_LAT": 35.077332,
      "BEFORE_LON": 128.78749,
      "AFTER_LAT": 35.077358,
      "AFTER_LON": 128.78746,
      "SOG": 0,
      "MOVINGTIME": 1860.0,
      "ARRIVALTIME": "20251202175000"
    },
    {
      "SEQ": 114,
      "BEFORE_NODE": 114.0,
      "AFTER_NODE": 115.0,
      "BEFORE_LAT": 35.077358,
      "BEFORE_LON": 128.78746,
      "AFTER_LAT": 35.077515,
      "AFTER_LON": 128.78751,
      "SOG": 0,
      "MOVINGTIME": 1800.0,
      "ARRIVALTIME": "20251202182000"
    },
    {
      "SEQ": 115,
      "BEFORE_NODE": 115.0,
      "AFTER_NODE": 116.0,
      "BEFORE_LAT": 35.077515,
      "BEFORE_LON": 128.78751,
      "AFTER_LAT": 35.077381,
      "AFTER_LON": 128.78752,
      "SOG": 0,
      "MOVINGTIME": 1620.0,
      "ARRIVALTIME": "20251202184700"
    },
    {
      "SEQ": 116,
      "BEFORE_NODE": 116.0,
      "AFTER_NODE": 117.0,
      "BEFORE_LAT": 35.077381,
      "BEFORE_LON": 128.78752,
      "AFTER_LAT": 35.077358,
      "AFTER_LON": 128.78751,
      "SOG": 0,
      "MOVINGTIME": 1980.0,
      "ARRIVALTIME": "20251202192000"
    },
    {
      "SEQ": 117,
      "BEFORE_NODE": 117.0,
      "AFTER_NODE": 118.0,
      "BEFORE_LAT": 35.077358,
      "BEFORE_LON": 128.78751,
      "AFTER_LAT": 35.077381,
      "AFTER_LON": 128.78749,
      "SOG": 0,
      "MOVINGTIME": 1740.0,
      "ARRIVALTIME": "20251202194900"
    },
    {
      "SEQ": 118,
      "BEFORE_NODE": 118.0,
      "AFTER_NODE": 119.0,
      "BEFORE_LAT": 35.077381,
      "BEFORE_LON": 128.78749,
      "AFTER_LAT": 35.07732,
      "AFTER_LON": 128.78749,
      "SOG": 0,
      "MOVINGTIME": 1860.0,
      "ARRIVALTIME": "20251202202000"
    },
    {
      "SEQ": 119,
      "BEFORE_NODE": 119.0,
      "AFTER_NODE": 120.0,
      "BEFORE_LAT": 35.07732,
      "BEFORE_LON": 128.78749,
      "AFTER_LAT": 35.077305,
      "AFTER_LON": 128.78745,
      "SOG": 0,
      "MOVINGTIME": 1800.0,
      "ARRIVALTIME": "20251202205000"
    },
    {
      "SEQ": 120,
      "BEFORE_NODE": 120.0,
      "AFTER_NODE": 121.0,
      "BEFORE_LAT": 35.077305,
      "BEFORE_LON": 128.78745,
      "AFTER_LAT": 35.077354,
      "AFTER_LON": 128.78748,
      "SOG": 0,
      "MOVINGTIME": 1740.0,
      "ARRIVALTIME": "20251202211900"
    },
    {
      "SEQ": 121,
      "BEFORE_NODE": 121.0,
      "AFTER_NODE": 122.0,
      "BEFORE_LAT": 35.077354,
      "BEFORE_LON": 128.78748,
      "AFTER_LAT": 35.077267,
      "AFTER_LON": 128.78743,
      "SOG": 0,
      "MOVINGTIME": 1680.0,
      "ARRIVALTIME": "20251202214700"
    },
    {
      "SEQ": 122,
      "BEFORE_NODE": 122.0,
      "AFTER_NODE": 123.0,
      "BEFORE_LAT": 35.077267,
      "BEFORE_LON": 128.78743,
      "AFTER_LAT": 35.077339,
      "AFTER_LON": 128.78751,
      "SOG": 0,
      "MOVINGTIME": 1800.0,
      "ARRIVALTIME": "20251202221700"
    },
    {
      "SEQ": 123,
      "BEFORE_NODE": 123.0,
      "AFTER_NODE": 124.0,
      "BEFORE_LAT": 35.077339,
      "BEFORE_LON": 128.78751,
      "AFTER_LAT": 35.077385,
      "AFTER_LON": 128.78748,
      "SOG": 0,
      "MOVINGTIME": 1980.0,
      "ARRIVALTIME": "20251202225000"
    },
    {
      "SEQ": 124,
      "BEFORE_NODE": 124.0,
      "AFTER_NODE": 125.0,
      "BEFORE_LAT": 35.077385,
      "BEFORE_LON": 128.78748,
      "AFTER_LAT": 35.077335,
      "AFTER_LON": 128.78746,
      "SOG": 0,
      "MOVINGTIME": 1800.0,
      "ARRIVALTIME": "20251202232000"
    },
    {
      "SEQ": 125,
      "BEFORE_NODE": 125.0,
      "AFTER_NODE": 126.0,
      "BEFORE_LAT": 35.077335,
      "BEFORE_LON": 128.78746,
      "AFTER_LAT": 35.077312,
      "AFTER_LON": 128.78743,
      "SOG": 0,
      "MOVINGTIME": 1680.0,
      "ARRIVALTIME": "20251202234800"
    },
    {
      "SEQ": 126,
      "BEFORE_NODE": 126.0,
      "AFTER_NODE": 127.0,
      "BEFORE_LAT": 35.077312,
      "BEFORE_LON": 128.78743,
      "AFTER_LAT": 35.077347,
      "AFTER_LON": 128.78749,
      "SOG": 0,
      "MOVINGTIME": 1920.0,
      "ARRIVALTIME": "20251203002000"
    },
    {
      "SEQ": 127,
      "BEFORE_NODE": 127.0,
      "AFTER_NODE": 128.0,
      "BEFORE_LAT": 35.077347,
      "BEFORE_LON": 128.78749,
      "AFTER_LAT": 35.077381,
      "AFTER_LON": 128.78748,
      "SOG": 0,
      "MOVINGTIME": 1800.0,
      "ARRIVALTIME": "20251203005000"
    },
    {
      "SEQ": 128,
      "BEFORE_NODE": 128.0,
      "AFTER_NODE": 129.0,
      "BEFORE_LAT": 35.077381,
      "BEFORE_LON": 128.78748,
      "AFTER_LAT": 35.077354,
      "AFTER_LON": 128.78754,
      "SOG": 0,
      "MOVINGTIME": 1620.0,
      "ARRIVALTIME": "20251203011700"
    },
    {
      "SEQ": 129,
      "BEFORE_NODE": 129.0,
      "AFTER_NODE": 130.0,
      "BEFORE_LAT": 35.077354,
      "BEFORE_LON": 128.78754,
      "AFTER_LAT": 35.077347,
      "AFTER_LON": 128.78748,
      "SOG": 0,
      "MOVINGTIME": 1980.0,
      "ARRIVALTIME": "20251203015000"
    },
    {
      "SEQ": 130,
      "BEFORE_NODE": 130.0,
      "AFTER_NODE": 131.0,
      "BEFORE_LAT": 35.077347,
      "BEFORE_LON": 128.78748,
      "AFTER_LAT": 35.077335,
      "AFTER_LON": 128.78738,
      "SOG": 0,
      "MOVINGTIME": 1860.0,
      "ARRIVALTIME": "20251203022100"
    },
    {
      "SEQ": 131,
      "BEFORE_NODE": 131.0,
      "AFTER_NODE": 132.0,
      "BEFORE_LAT": 35.077335,
      "BEFORE_LON": 128.78738,
      "AFTER_LAT": 35.077351,
      "AFTER_LON": 128.78748,
      "SOG": 0,
      "MOVINGTIME": 1800.0,
      "ARRIVALTIME": "20251203025100"
    },
    {
      "SEQ": 132,
      "BEFORE_NODE": 132.0,
      "AFTER_NODE": 133.0,
      "BEFORE_LAT": 35.077351,
      "BEFORE_LON": 128.78748,
      "AFTER_LAT": 35.077374,
      "AFTER_LON": 128.78746,
      "SOG": 0,
      "MOVINGTIME": 1800.0,
      "ARRIVALTIME": "20251203032100"
    },
    {
      "SEQ": 133,
      "BEFORE_NODE": 133.0,
      "AFTER_NODE": 134.0,
      "BEFORE_LAT": 35.077374,
      "BEFORE_LON": 128.78746,
      "AFTER_LAT": 35.077374,
      "AFTER_LON": 128.78754,
      "SOG": 0,
      "MOVINGTIME": 1740.0,
      "ARRIVALTIME": "20251203035000"
    },
    {
      "SEQ": 134,
      "BEFORE_NODE": 134.0,
      "AFTER_NODE": 135.0,
      "BEFORE_LAT": 35.077374,
      "BEFORE_LON": 128.78754,
      "AFTER_LAT": 35.077324,
      "AFTER_LON": 128.78741,
      "SOG": 0,
      "MOVINGTIME": 1800.0,
      "ARRIVALTIME": "20251203042000"
    },
    {
      "SEQ": 135,
      "BEFORE_NODE": 135.0,
      "AFTER_NODE": 136.0,
      "BEFORE_LAT": 35.077324,
      "BEFORE_LON": 128.78741,
      "AFTER_LAT": 35.077259,
      "AFTER_LON": 128.78738,
      "SOG": 0,
      "MOVINGTIME": 1740.0,
      "ARRIVALTIME": "20251203044900"
    },
    {
      "SEQ": 136,
      "BEFORE_NODE": 136.0,
      "AFTER_NODE": 137.0,
      "BEFORE_LAT": 35.077259,
      "BEFORE_LON": 128.78738,
      "AFTER_LAT": 35.075554,
      "AFTER_LON": 128.7867,
      "SOG": 2.5,
      "MOVINGTIME": 1860.0,
      "ARRIVALTIME": "20251203052000"
    },
    {
      "SEQ": 137,
      "BEFORE_NODE": 137.0,
      "AFTER_NODE": 138.0,
      "BEFORE_LAT": 35.075554,
      "BEFORE_LON": 128.7867,
      "AFTER_LAT": 34.940983333333335,
      "AFTER_LON": 128.82090333333332,
      "SOG": 14.3,
      "MOVINGTIME": 2851.0,
      "ARRIVALTIME": "20251203060731"
    },
    {
      "SEQ": 138,
      "BEFORE_NODE": 138.0,
      "AFTER_NODE": 139.0,
      "BEFORE_LAT": 34.940983333333335,
      "BEFORE_LON": 128.82090333333332,
      "AFTER_LAT": 34.83396,
      "AFTER_LON": 128.98527833333333,
      "SOG": 19.2,
      "MOVINGTIME": 2112.0,
      "ARRIVALTIME": "20251203064243"
    },
    {
      "SEQ": 139,
      "BEFORE_NODE": 139.0,
      "AFTER_NODE": 140.0,
      "BEFORE_LAT": 34.83396,
      "BEFORE_LON": 128.98527833333333,
      "AFTER_LAT": 34.83339333333333,
      "AFTER_LON": 129.15427,
      "SOG": 20.5,
      "MOVINGTIME": 1501.0,
      "ARRIVALTIME": "20251203070744"
    },
    {
      "SEQ": 140,
      "BEFORE_NODE": 140.0,
      "AFTER_NODE": 141.0,
      "BEFORE_LAT": 34.83339333333333,
      "BEFORE_LON": 129.15427,
      "AFTER_LAT": 34.850716,
      "AFTER_LON": 129.2357,
      "SOG": 20.5,
      "MOVINGTIME": 736.0,
      "ARRIVALTIME": "20251203072000"
    },
    {
      "SEQ": 141,
      "BEFORE_NODE": 141.0,
      "AFTER_NODE": 142.0,
      "BEFORE_LAT": 34.850716,
      "BEFORE_LON": 129.2357,
      "AFTER_LAT": 34.911819,
      "AFTER_LON": 129.36763,
      "SOG": 20.2,
      "MOVINGTIME": 1740.0,
      "ARRIVALTIME": "20251203074900"
    },
    {
      "SEQ": 142,
      "BEFORE_NODE": 142.0,
      "AFTER_NODE": 143.0,
      "BEFORE_LAT": 34.911819,
      "BEFORE_LON": 129.36763,
      "AFTER_LAT": 35.305187,
      "AFTER_LON": 130.00671,
      "SOG": 18.7,
      "MOVINGTIME": 7140.0,
      "ARRIVALTIME": "20251203094800"
    },
    {
      "SEQ": 143,
      "BEFORE_NODE": 143.0,
      "AFTER_NODE": 144.0,
      "BEFORE_LAT": 35.305187,
      "BEFORE_LON": 130.00671,
      "AFTER_LAT": 39.973675,
      "AFTER_LON": 138.01923,
      "SOG": 16.3,
      "MOVINGTIME": 97320.0,
      "ARRIVALTIME": "20251204125000"
    },
    {
      "SEQ": 144,
      "BEFORE_NODE": 144.0,
      "AFTER_NODE": 145.0,
      "BEFORE_LAT": 39.973675,
      "BEFORE_LON": 138.01923,
      "AFTER_LAT": 40.072735,
      "AFTER_LON": 138.15541,
      "SOG": 17.7,
      "MOVINGTIME": 1620.0,
      "ARRIVALTIME": "20251204131700"
    },
    {
      "SEQ": 145,
      "BEFORE_NODE": 145.0,
      "AFTER_NODE": 146.0,
      "BEFORE_LAT": 40.072735,
      "BEFORE_LON": 138.15541,
      "AFTER_LAT": 41.193165,
      "AFTER_LON": 140.06961,
      "SOG": 18.6,
      "MOVINGTIME": 21780.0,
      "ARRIVALTIME": "20251204192000"
    },
    {
      "SEQ": 146,
      "BEFORE_NODE": 146.0,
      "AFTER_NODE": 147.0,
      "BEFORE_LAT": 41.193165,
      "BEFORE_LON": 140.06961,
      "AFTER_LAT": 41.254467,
      "AFTER_LON": 140.21092,
      "SOG": 19.6,
      "MOVINGTIME": 1680.0,
      "ARRIVALTIME": "20251204194800"
    },
    {
      "SEQ": 147,
      "BEFORE_NODE": 147.0,
      "AFTER_NODE": 148.0,
      "BEFORE_LAT": 41.254467,
      "BEFORE_LON": 140.21092,
      "AFTER_LAT": 41.340641,
      "AFTER_LON": 140.39008,
      "SOG": 21.2,
      "MOVINGTIME": 1920.0,
      "ARRIVALTIME": "20251204202000"
    },
    {
      "SEQ": 148,
      "BEFORE_NODE": 148.0,
      "AFTER_NODE": 149.0,
      "BEFORE_LAT": 41.340641,
      "BEFORE_LON": 140.39008,
      "AFTER_LAT": 41.450794,
      "AFTER_LON": 140.63838,
      "SOG": 23.2,
      "MOVINGTIME": 1740.0,
      "ARRIVALTIME": "20251204204900"
    },
    {
      "SEQ": 149,
      "BEFORE_NODE": 149.0,
      "AFTER_NODE": 150.0,
      "BEFORE_LAT": 41.450794,
      "BEFORE_LON": 140.63838,
      "AFTER_LAT": 41.571152,
      "AFTER_LON": 140.84346,
      "SOG": 19.7,
      "MOVINGTIME": 1800.0,
      "ARRIVALTIME": "20251204211900"
    },
    {
      "SEQ": 150,
      "BEFORE_NODE": 150.0,
      "AFTER_NODE": 151.0,
      "BEFORE_LAT": 41.571152,
      "BEFORE_LON": 140.84346,
      "AFTER_LAT": 41.612968,
      "AFTER_LON": 141.01135,
      "SOG": 21.1,
      "MOVINGTIME": 1740.0,
      "ARRIVALTIME": "20251204214800"
    },
    {
      "SEQ": 151,
      "BEFORE_NODE": 151.0,
      "AFTER_NODE": 152.0,
      "BEFORE_LAT": 41.612968,
      "BEFORE_LON": 141.01135,
      "AFTER_LAT": 41.621433,
      "AFTER_LON": 141.20123,
      "SOG": 17.8,
      "MOVINGTIME": 1800.0,
      "ARRIVALTIME": "20251204221800"
    },
    {
      "SEQ": 152,
      "BEFORE_NODE": 152.0,
      "AFTER_NODE": 153.0,
      "BEFORE_LAT": 41.621433,
      "BEFORE_LON": 141.20123,
      "AFTER_LAT": 41.620415,
      "AFTER_LON": 141.67163,
      "SOG": 19.3,
      "MOVINGTIME": 3660.0,
      "ARRIVALTIME": "20251204231900"
    },
    {
      "SEQ": 153,
      "BEFORE_NODE": 153.0,
      "AFTER_NODE": 154.0,
      "BEFORE_LAT": 41.620415,
      "BEFORE_LON": 141.67163,
      "AFTER_LAT": 41.618004,
      "AFTER_LON": 141.90317,
      "SOG": 18.7,
      "MOVINGTIME": 1920.0,
      "ARRIVALTIME": "20251204235100"
    },
    {
      "SEQ": 154,
      "BEFORE_NODE": 154.0,
      "AFTER_NODE": 155.0,
      "BEFORE_LAT": 41.618004,
      "BEFORE_LON": 141.90317,
      "AFTER_LAT": 41.619766,
      "AFTER_LON": 142.04369,
      "SOG": 18.7,
      "MOVINGTIME": 1740.0,
      "ARRIVALTIME": "20251205002000"
    },
    {
      "SEQ": 155,
      "BEFORE_NODE": 155.0,
      "AFTER_NODE": 156.0,
      "BEFORE_LAT": 41.619766,
      "BEFORE_LON": 142.04369,
      "AFTER_LAT": 41.629688,
      "AFTER_LON": 142.32222,
      "SOG": 18.8,
      "MOVINGTIME": 1800.0,
      "ARRIVALTIME": "20251205005000"
    },
    {
      "SEQ": 156,
      "BEFORE_NODE": 156.0,
      "AFTER_NODE": 157.0,
      "BEFORE_LAT": 41.629688,
      "BEFORE_LON": 142.32222,
      "AFTER_LAT": 41.629147,
      "AFTER_LON": 142.54492,
      "SOG": 18.7,
      "MOVINGTIME": 1800.0,
      "ARRIVALTIME": "20251205012000"
    },
    {
      "SEQ": 157,
      "BEFORE_NODE": 157.0,
      "AFTER_NODE": 158.0,
      "BEFORE_LAT": 41.629147,
      "BEFORE_LON": 142.54492,
      "AFTER_LAT": 41.624863,
      "AFTER_LON": 142.75699,
      "SOG": 18.3,
      "MOVINGTIME": 1740.0,
      "ARRIVALTIME": "20251205014900"
    },
    {
      "SEQ": 158,
      "BEFORE_NODE": 158.0,
      "AFTER_NODE": 159.0,
      "BEFORE_LAT": 41.624863,
      "BEFORE_LON": 142.75699,
      "AFTER_LAT": 41.620754,
      "AFTER_LON": 143.11546,
      "SOG": 18.6,
      "MOVINGTIME": 3660.0,
      "ARRIVALTIME": "20251205025000"
    }
  ]
}