{
  "mmsi": "440326000",
  "PredResult": [
    {
      "SEQ": 0,
      "BEFORE_NODE": 0.0,
      "AFTER_NODE": 1.0,
      "BEFORE_LAT": 54.031658,
      "BEFORE_LON": 7.4309549,
      "AFTER_LAT": 54.03159,
      "AFTER_LON": 7.4310198,
      "SOG": 0.1,
      "MOVINGTIME": 1740.0,
      "ARRIVALTIME": "20251129150900"
    },
    {
      "SEQ": 1,
      "BEFORE_NODE": 1.0,
      "AFTER_NODE": 2.0,
      "BEFORE_LAT": 54.03159,
      "BEFORE_LON": 7.4310198,
      "AFTER_LAT": 54.031635,
      "AFTER_LON": 7.4311066,
      "SOG": 0.1,
      "MOVINGTIME": 1800.0,
      "ARRIVALTIME": "20251129153900"
    },
    {
      "SEQ": 2,
      "BEFORE_NODE": 2.0,
      "AFTER_NODE": 3.0,
      "BEFORE_LAT": 54.031635,
      "BEFORE_LON": 7.4311066,
      "AFTER_LAT": 54.031609,
      "AFTER_LON": 7.4307585,
      "SOG": 0.2,
      "MOVINGTIME": 1920.0,
      "ARRIVALTIME": "20251129161100"
    },
    {
      "SEQ": 3,
      "BEFORE_NODE": 3.0,
      "AFTER_NODE": 4.0,
      "BEFORE_LAT": 54.031609,
      "BEFORE_LON": 7.4307585,
      "AFTER_LAT": 54.031681,
      "AFTER_LON": 7.4307332,
      "SOG": 0.1,
      "MOVINGTIME": 1680.0,
      "ARRIVALTIME": "20251129163900"
    },
    {
      "SEQ": 4,
      "BEFORE_NODE": 4.0,
      "AFTER_NODE": 5.0,
      "BEFORE_LAT": 54.031681,
      "BEFORE_LON": 7.4307332,
      "AFTER_LAT": 54.031654,
      "AFTER_LON": 7.4303684,
      "SOG": 0,
      "MOVINGTIME": 1620.0,
      "ARRIVALTIME": "20251129170600"
    },
    {
      "SEQ": 5,
      "BEFORE_NODE": 5.0,
      "AFTER_NODE": 6.0,
      "BEFORE_LAT": 54.031654,
      "BEFORE_LON": 7.4303684,
      "AFTER_LAT": 54.031765,
      "AFTER_LON": 7.4301233,
      "SOG": 0.1,
      "MOVINGTIME": 1920.0,
      "ARRIVALTIME": "20251129173800"
    },
    {
      "SEQ": 6,
      "BEFORE_NODE": 6.0,
      "AFTER_NODE": 7.0,
      "BEFORE_LAT": 54.031765,
      "BEFORE_LON": 7.4301233,
      "AFTER_LAT": 54.031734,
      "AFTER_LON": 7.4297981,
      "SOG": 0.1,
      "MOVINGTIME": 1740.0,
      "ARRIVALTIME": "20251129180700"
    },
    {
      "SEQ": 7,
      "BEFORE_NODE": 7.0,
      "AFTER_NODE": 8.0,
      "BEFORE_LAT": 54.031734,
      "BEFORE_LON": 7.4297981,
      "AFTER_LAT": 54.031818,
      "AFTER_LON": 7.4294634,
      "SOG": 0.1,
      "MOVINGTIME": 2040.0,
      "ARRIVALTIME": "20251129184100"
    },
    {
      "SEQ": 8,
      "BEFORE_NODE": 8.0,
      "AFTER_NODE": 9.0,
      "BEFORE_LAT": 54.031818,
      "BEFORE_LON": 7.4294634,
      "AFTER_LAT": 54.03046,
      "AFTER_LON": 7.4279833,
      "SOG": 0.3,
      "MOVINGTIME": 1740.0,
      "ARRIVALTIME": "20251129191000"
    },
    {
      "SEQ": 9,
      "BEFORE_NODE": 9.0,
      "AFTER_NODE": 10.0,
      "BEFORE_LAT": 54.03046,
      "BEFORE_LON": 7.4279833,
      "AFTER_LAT": 54.029919,
      "AFTER_LON": 7.4127216,
      "SOG": 3.7,
      "MOVINGTIME": 1740.0,
      "ARRIVALTIME": "20251129193900"
    },
    {
      "SEQ": 10,
      "BEFORE_NODE": 10.0,
      "AFTER_NODE": 11.0,
      "BEFORE_LAT": 54.029919,
      "BEFORE_LON": 7.4127216,
      "AFTER_LAT": 54.074154,
      "AFTER_LON": 7.3653584,
      "SOG": 7,
      "MOVINGTIME": 1920.0,
      "ARRIVALTIME": "20251129201100"
    },
    {
      "SEQ": 11,
      "BEFORE_NODE": 11.0,
      "AFTER_NODE": 12.0,
      "BEFORE_LAT": 54.074154,
      "BEFORE_LON": 7.3653584,
      "AFTER_LAT": 54.110386,
      "AFTER_LON": 7.3411484,
      "SOG": 7,
      "MOVINGTIME": 1800.0,
      "ARRIVALTIME": "20251129204100"
    },
    {
      "SEQ": 12,
      "BEFORE_NODE": 12.0,
      "AFTER_NODE": 13.0,
      "BEFORE_LAT": 54.110386,
      "BEFORE_LON": 7.3411484,
      "AFTER_LAT": 54.188206,
      "AFTER_LON": 7.3159084,
      "SOG": 7.3,
      "MOVINGTIME": 1800.0,
      "ARRIVALTIME": "20251129211100"
    },
    {
      "SEQ": 13,
      "BEFORE_NODE": 13.0,
      "AFTER_NODE": 14.0,
      "BEFORE_LAT": 54.188206,
      "BEFORE_LON": 7.3159084,
      "AFTER_LAT": 54.251114,
      "AFTER_LON": 7.3005433,
      "SOG": 7.5,
      "MOVINGTIME": 1860.0,
      "ARRIVALTIME": "20251129214200"
    },
    {
      "SEQ": 14,
      "BEFORE_NODE": 14.0,
      "AFTER_NODE": 15.0,
      "BEFORE_LAT": 54.251114,
      "BEFORE_LON": 7.3005433,
      "AFTER_LAT": 54.290966,
      "AFTER_LON": 7.2927952,
      "SOG": 7.4,
      "MOVINGTIME": 1680.0,
      "ARRIVALTIME": "20251129221000"
    },
    {
      "SEQ": 15,
      "BEFORE_NODE": 15.0,
      "AFTER_NODE": 16.0,
      "BEFORE_LAT": 54.290966,
      "BEFORE_LON": 7.2927952,
      "AFTER_LAT": 54.353615,
      "AFTER_LON": 7.2944465,
      "SOG": 7.4,
      "MOVINGTIME": 1740.0,
      "ARRIVALTIME": "20251129223900"
    },
    {
      "SEQ": 16,
      "BEFORE_NODE": 16.0,
      "AFTER_NODE": 17.0,
      "BEFORE_LAT": 54.353615,
      "BEFORE_LON": 7.2944465,
      "AFTER_LAT": 54.433418,
      "AFTER_LON": 7.3268452,
      "SOG": 7.5,
      "MOVINGTIME": 2160.0,
      "ARRIVALTIME": "20251129231500"
    },
    {
      "SEQ": 17,
      "BEFORE_NODE": 17.0,
      "AFTER_NODE": 18.0,
      "BEFORE_LAT": 54.433418,
      "BEFORE_LON": 7.3268452,
      "AFTER_LAT": 54.492966,
      "AFTER_LON": 7.3235435,
      "SOG": 6.8,
      "MOVINGTIME": 1920.0,
      "ARRIVALTIME": "20251129234700"
    },
    {
      "SEQ": 18,
      "BEFORE_NODE": 18.0,
      "AFTER_NODE": 19.0,
      "BEFORE_LAT": 54.492966,
      "BEFORE_LON": 7.3235435,
      "AFTER_LAT": 54.536072,
      "AFTER_LON": 7.2759066,
      "SOG": 4.5,
      "MOVINGTIME": 2040.0,
      "ARRIVALTIME": "20251130002100"
    },
    {
      "SEQ": 19,
      "BEFORE_NODE": 19.0,
      "AFTER_NODE": 20.0,
      "BEFORE_LAT": 54.536072,
      "BEFORE_LON": 7.2759066,
      "AFTER_LAT": 54.534119,
      "AFTER_LON": 7.2245865,
      "SOG": 3.5,
      "MOVINGTIME": 1740.0,
      "ARRIVALTIME": "20251130005000"
    },
    {
      "SEQ": 20,
      "BEFORE_NODE": 20.0,
      "AFTER_NODE": 21.0,
      "BEFORE_LAT": 54.534119,
      "BEFORE_LON": 7.2245865,
      "AFTER_LAT": 54.513168,
      "AFTER_LON": 7.1494718,
      "SOG": 3.5,
      "MOVINGTIME": 3420.0,
      "ARRIVALTIME": "20251130014700"
    },
    {
      "SEQ": 21,
      "BEFORE_NODE": 21.0,
      "AFTER_NODE": 22.0,
      "BEFORE_LAT": 54.513168,
      "BEFORE_LON": 7.1494718,
      "AFTER_LAT": 54.503395,
      "AFTER_LON": 7.1049666,
      "SOG": 3,
      "MOVINGTIME": 1800.0,
      "ARRIVALTIME": "20251130021700"
    },
    {
      "SEQ": 22,
      "BEFORE_NODE": 22.0,
      "AFTER_NODE": 23.0,
      "BEFORE_LAT": 54.503395,
      "BEFORE_LON": 7.1049666,
      "AFTER_LAT": 54.462448,
      "AFTER_LON": 7.0100217,
      "SOG": 2.9,
      "MOVINGTIME": 5220.0,
      "ARRIVALTIME": "20251130034400"
    },
    {
      "SEQ": 23,
      "BEFORE_NODE": 23.0,
      "AFTER_NODE": 24.0,
      "BEFORE_LAT": 54.462448,
      "BEFORE_LON": 7.0100217,
      "AFTER_LAT": 54.44978,
      "AFTER_LON": 6.9796934,
      "SOG": 2.2,
      "MOVINGTIME": 1560.0,
      "ARRIVALTIME": "20251130041000"
    },
    {
      "SEQ": 24,
      "BEFORE_NODE": 24.0,
      "AFTER_NODE": 25.0,
      "BEFORE_LAT": 54.44978,
      "BEFORE_LON": 6.9796934,
      "AFTER_LAT": 54.437817,
      "AFTER_LON": 6.9549398,
      "SOG": 2,
      "MOVINGTIME": 1740.0,
      "ARRIVALTIME": "20251130043900"
    },
    {
      "SEQ": 25,
      "BEFORE_NODE": 25.0,
      "AFTER_NODE": 26.0,
      "BEFORE_LAT": 54.437817,
      "BEFORE_LON": 6.9549398,
      "AFTER_LAT": 54.428253,
      "AFTER_LON": 6.9310565,
      "SOG": 1.7,
      "MOVINGTIME": 1800.0,
      "ARRIVALTIME": "20251130050900"
    },
    {
      "SEQ": 26,
      "BEFORE_NODE": 26.0,
      "AFTER_NODE": 27.0,
      "BEFORE_LAT": 54.428253,
      "BEFORE_LON": 6.9310565,
      "AFTER_LAT": 54.418087,
      "AFTER_LON": 6.9112082,
      "SOG": 1.7,
      "MOVINGTIME": 1800.0,
      "ARRIVALTIME": "20251130053900"
    },
    {
      "SEQ": 27,
      "BEFORE_NODE": 27.0,
      "AFTER_NODE": 28.0,
      "BEFORE_LAT": 54.418087,
      "BEFORE_LON": 6.9112082,
      "AFTER_LAT": 54.406216,
      "AFTER_LON": 6.8905001,
      "SOG": 2.2,
      "MOVINGTIME": 2220.0,
      "ARRIVALTIME": "20251130061600"
    },
    {
      "SEQ": 28,
      "BEFORE_NODE": 28.0,
      "AFTER_NODE": 29.0,
      "BEFORE_LAT": 54.406216,
      "BEFORE_LON": 6.8905001,
      "AFTER_LAT": 54.390598,
      "AFTER_LON": 6.8680582,
      "SOG": 2.7,
      "MOVINGTIME": 1440.0,
      "ARRIVALTIME": "20251130064000"
    },
    {
      "SEQ": 29,
      "BEFORE_NODE": 29.0,
      "AFTER_NODE": 30.0,
      "BEFORE_LAT": 54.390598,
      "BEFORE_LON": 6.8680582,
      "AFTER_LAT": 54.376839,
      "AFTER_LON": 6.8407416,
      "SOG": 2.5,
      "MOVINGTIME": 1800.0,
      "ARRIVALTIME": "20251130071000"
    },
    {
      "SEQ": 30,
      "BEFORE_NODE": 30.0,
      "AFTER_NODE": 31.0,
      "BEFORE_LAT": 54.376839,
      "BEFORE_LON": 6.8407416,
      "AFTER_LAT": 54.36768,
      "AFTER_LON": 6.8236284,
      "SOG": 2.2,
      "MOVINGTIME": 1800.0,
      "ARRIVALTIME": "20251130074000"
    },
    {
      "SEQ": 31,
      "BEFORE_NODE": 31.0,
      "AFTER_NODE": 32.0,
      "BEFORE_LAT": 54.36768,
      "BEFORE_LON": 6.8236284,
      "AFTER_LAT": 54.353779,
      "AFTER_LON": 6.7964716,
      "SOG": 1.8,
      "MOVINGTIME": 1800.0,
      "ARRIVALTIME": "20251130081000"
    },
    {
      "SEQ": 32,
      "BEFORE_NODE": 32.0,
      "AFTER_NODE": 33.0,
      "BEFORE_LAT": 54.353779,
      "BEFORE_LON": 6.7964716,
      "AFTER_LAT": 54.342319,
      "AFTER_LON": 6.7844148,
      "SOG": 2.2,
      "MOVINGTIME": 1740.0,
      "ARRIVALTIME": "20251130083900"
    },
    {
      "SEQ": 33,
      "BEFORE_NODE": 33.0,
      "AFTER_NODE": 34.0,
      "BEFORE_LAT": 54.342319,
      "BEFORE_LON": 6.7844148,
      "AFTER_LAT": 54.323734,
      "AFTER_LON": 6.7930117,
      "SOG": 4,
      "MOVINGTIME": 1740.0,
      "ARRIVALTIME": "20251130090800"
    },
    {
      "SEQ": 34,
      "BEFORE_NODE": 34.0,
      "AFTER_NODE": 35.0,
      "BEFORE_LAT": 54.323734,
      "BEFORE_LON": 6.7930117,
      "AFTER_LAT": 54.292767,
      "AFTER_LON": 6.7801199,
      "SOG": 3.7,
      "MOVINGTIME": 1860.0,
      "ARRIVALTIME": "20251130093900"
    },
    {
      "SEQ": 35,
      "BEFORE_NODE": 35.0,
      "AFTER_NODE": 36.0,
      "BEFORE_LAT": 54.292767,
      "BEFORE_LON": 6.7801199,
      "AFTER_LAT": 54.281086,
      "AFTER_LON": 6.7602649,
      "SOG": 3.9,
      "MOVINGTIME": 1800.0,
      "ARRIVALTIME": "20251130100900"
    },
    {
      "SEQ": 36,
      "BEFORE_NODE": 36.0,
      "AFTER_NODE": 37.0,
      "BEFORE_LAT": 54.281086,
      "BEFORE_LON": 6.7602649,
      "AFTER_LAT": 54.297665,
      "AFTER_LON": 6.7311516,
      "SOG": 2,
      "MOVINGTIME": 1740.0,
      "ARRIVALTIME": "20251130103800"
    },
    {
      "SEQ": 37,
      "BEFORE_NODE": 37.0,
      "AFTER_NODE": 38.0,
      "BEFORE_LAT": 54.297665,
      "BEFORE_LON": 6.7311516,
      "AFTER_LAT": 54.313965,
      "AFTER_LON": 6.7010365,
      "SOG": 2.2,
      "MOVINGTIME": 1860.0,
      "ARRIVALTIME": "20251130110900"
    },
    {
      "SEQ": 38,
      "BEFORE_NODE": 38.0,
      "AFTER_NODE": 39.0,
      "BEFORE_LAT": 54.313965,
      "BEFORE_LON": 6.7010365,
      "AFTER_LAT": 54.324947,
      "AFTER_LON": 6.6651249,
      "SOG": 3,
      "MOVINGTIME": 1800.0,
      "ARRIVALTIME": "20251130113900"
    },
    {
      "SEQ": 39,
      "BEFORE_NODE": 39.0,
      "AFTER_NODE": 40.0,
      "BEFORE_LAT": 54.324947,
      "BEFORE_LON": 6.6651249,
      "AFTER_LAT": 54.34137,
      "AFTER_LON": 6.6431632,
      "SOG": 2.2,
      "MOVINGTIME": 1740.0,
      "ARRIVALTIME": "20251130120800"
    },
    {
      "SEQ": 40,
      "BEFORE_NODE": 40.0,
      "AFTER_NODE": 41.0,
      "BEFORE_LAT": 54.34137,
      "BEFORE_LON": 6.6431632,
      "AFTER_LAT": 54.35498,
      "AFTER_LON": 6.6247702,
      "SOG": 2,
      "MOVINGTIME": 1860.0,
      "ARRIVALTIME": "20251130123900"
    },
    {
      "SEQ": 41,
      "BEFORE_NODE": 41.0,
      "AFTER_NODE": 42.0,
      "BEFORE_LAT": 54.35498,
      "BEFORE_LON": 6.6247702,
      "AFTER_LAT": 54.36824,
      "AFTER_LON": 6.5993948,
      "SOG": 2.2,
      "MOVINGTIME": 1740.0,
      "ARRIVALTIME": "20251130130800"
    },
    {
      "SEQ": 42,
      "BEFORE_NODE": 42.0,
      "AFTER_NODE": 43.0,
      "BEFORE_LAT": 54.36824,
      "BEFORE_LON": 6.5993948,
      "AFTER_LAT": 54.377033,
      "AFTER_LON": 6.5962534,
      "SOG": 1.7,
      "MOVINGTIME": 1800.0,
      "ARRIVALTIME": "20251130133800"
    },
    {
      "SEQ": 43,
      "BEFORE_NODE": 43.0,
      "AFTER_NODE": 44.0,
      "BEFORE_LAT": 54.377033,
      "BEFORE_LON": 6.5962534,
      "AFTER_LAT": 54.401039,
      "AFTER_LON": 6.5517616,
      "SOG": 6.4,
      "MOVINGTIME": 1860.0,
      "ARRIVALTIME": "20251130140900"
    },
    {
      "SEQ": 44,
      "BEFORE_NODE": 44.0,
      "AFTER_NODE": 45.0,
      "BEFORE_LAT": 54.401039,
      "BEFORE_LON": 6.5517616,
      "AFTER_LAT": 54.427025,
      "AFTER_LON": 6.5852485,
      "SOG": 3.9,
      "MOVINGTIME": 1800.0,
      "ARRIVALTIME": "20251130143900"
    },
    {
      "SEQ": 45,
      "BEFORE_NODE": 45.0,
      "AFTER_NODE": 46.0,
      "BEFORE_LAT": 54.427025,
      "BEFORE_LON": 6.5852485,
      "AFTER_LAT": 54.423923,
      "AFTER_LON": 6.6339283,
      "SOG": 3,
      "MOVINGTIME": 1740.0,
      "ARRIVALTIME": "20251130150800"
    },
    {
      "SEQ": 46,
      "BEFORE_NODE": 46.0,
      "AFTER_NODE": 47.0,
      "BEFORE_LAT": 54.423923,
      "BEFORE_LON": 6.6339283,
      "AFTER_LAT": 54.412792,
      "AFTER_LON": 6.6808,
      "SOG": 3,
      "MOVINGTIME": 1800.0,
      "ARRIVALTIME": "20251130153800"
    },
    {
      "SEQ": 47,
      "BEFORE_NODE": 47.0,
      "AFTER_NODE": 48.0,
      "BEFORE_LAT": 54.412792,
      "BEFORE_LON": 6.6808,
      "AFTER_LAT": 54.399525,
      "AFTER_LON": 6.7264066,
      "SOG": 3.5,
      "MOVINGTIME": 1800.0,
      "ARRIVALTIME": "20251130160800"
    },
    {
      "SEQ": 48,
      "BEFORE_NODE": 48.0,
      "AFTER_NODE": 49.0,
      "BEFORE_LAT": 54.399525,
      "BEFORE_LON": 6.7264066,
      "AFTER_LAT": 54.388348,
      "AFTER_LON": 6.7682219,
      "SOG": 3.5,
      "MOVINGTIME": 1800.0,
      "ARRIVALTIME": "20251130163800"
    },
    {
      "SEQ": 49,
      "BEFORE_NODE": 49.0,
      "AFTER_NODE": 50.0,
      "BEFORE_LAT": 54.388348,
      "BEFORE_LON": 6.7682219,
      "AFTER_LAT": 54.375584,
      "AFTER_LON": 6.8105583,
      "SOG": 2.9,
      "MOVINGTIME": 1860.0,
      "ARRIVALTIME": "20251130170900"
    },
    {
      "SEQ": 50,
      "BEFORE_NODE": 50.0,
      "AFTER_NODE": 51.0,
      "BEFORE_LAT": 54.375584,
      "BEFORE_LON": 6.8105583,
      "AFTER_LAT": 54.363899,
      "AFTER_LON": 6.8489718,
      "SOG": 2.7,
      "MOVINGTIME": 1800.0,
      "ARRIVALTIME": "20251130173900"
    },
    {
      "SEQ": 51,
      "BEFORE_NODE": 51.0,
      "AFTER_NODE": 52.0,
      "BEFORE_LAT": 54.363899,
      "BEFORE_LON": 6.8489718,
      "AFTER_LAT": 54.352795,
      "AFTER_LON": 6.8863115,
      "SOG": 2.2,
      "MOVINGTIME": 1860.0,
      "ARRIVALTIME": "20251130181000"
    },
    {
      "SEQ": 52,
      "BEFORE_NODE": 52.0,
      "AFTER_NODE": 53.0,
      "BEFORE_LAT": 54.352795,
      "BEFORE_LON": 6.8863115,
      "AFTER_LAT": 54.308201,
      "AFTER_LON": 7.0303898,
      "SOG": 1.7,
      "MOVINGTIME": 9300.0,
      "ARRIVALTIME": "20251130204500"
    },
    {
      "SEQ": 53,
      "BEFORE_NODE": 53.0,
      "AFTER_NODE": 54.0,
      "BEFORE_LAT": 54.308201,
      "BEFORE_LON": 7.0303898,
      "AFTER_LAT": 54.298656,
      "AFTER_LON": 7.0459685,
      "SOG": 1.7,
      "MOVINGTIME": 1800.0,
      "ARRIVALTIME": "20251130211500"
    },
    {
      "SEQ": 54,
      "BEFORE_NODE": 54.0,
      "AFTER_NODE": 55.0,
      "BEFORE_LAT": 54.298656,
      "BEFORE_LON": 7.0459685,
      "AFTER_LAT": 54.275814,
      "AFTER_LON": 7.0961719,
      "SOG": 1.2,
      "MOVINGTIME": 5520.0,
      "ARRIVALTIME": "20251130224700"
    },
    {
      "SEQ": 55,
      "BEFORE_NODE": 55.0,
      "AFTER_NODE": 56.0,
      "BEFORE_LAT": 54.275814,
      "BEFORE_LON": 7.0961719,
      "AFTER_LAT": 54.267647,
      "AFTER_LON": 7.1256886,
      "SOG": 1.2,
      "MOVINGTIME": 2614.0,
      "ARRIVALTIME": "20251130233034"
    },
    {
      "SEQ": 56,
      "BEFORE_NODE": 56.0,
      "AFTER_NODE": 57.0,
      "BEFORE_LAT": 54.267647,
      "BEFORE_LON": 7.1256886,
      "AFTER_LAT": 54.264427,
      "AFTER_LON": 7.1360002,
      "SOG": 1.5,
      "MOVINGTIME": 1226.0,
      "ARRIVALTIME": "20251130235100"
    },
    {
      "SEQ": 57,
      "BEFORE_NODE": 57.0,
      "AFTER_NODE": 58.0,
      "BEFORE_LAT": 54.264427,
      "BEFORE_LON": 7.1360002,
      "AFTER_LAT": 54.258141,
      "AFTER_LON": 7.153615,
      "SOG": 1.5,
      "MOVINGTIME": 1860.0,
      "ARRIVALTIME": "20251201002200"
    },
    {
      "SEQ": 58,
      "BEFORE_NODE": 58.0,
      "AFTER_NODE": 59.0,
      "BEFORE_LAT": 54.258141,
      "BEFORE_LON": 7.153615,
      "AFTER_LAT": 54.258541,
      "AFTER_LON": 7.16679,
      "SOG": 3.5,
      "MOVINGTIME": 1560.0,
      "ARRIVALTIME": "20251201004800"
    },
    {
      "SEQ": 59,
      "BEFORE_NODE": 59.0,
      "AFTER_NODE": 60.0,
      "BEFORE_LAT": 54.258541,
      "BEFORE_LON": 7.16679,
      "AFTER_LAT": 54.266628,
      "AFTER_LON": 7.1398749,
      "SOG": 3,
      "MOVINGTIME": 1740.0,
      "ARRIVALTIME": "20251201011700"
    },
    {
      "SEQ": 60,
      "BEFORE_NODE": 60.0,
      "AFTER_NODE": 61.0,
      "BEFORE_LAT": 54.266628,
      "BEFORE_LON": 7.1398749,
      "AFTER_LAT": 54.2822,
      "AFTER_LON": 7.0838599,
      "SOG": 3.2,
      "MOVINGTIME": 2100.0,
      "ARRIVALTIME": "20251201015200"
    },
    {
      "SEQ": 61,
      "BEFORE_NODE": 61.0,
      "AFTER_NODE": 62.0,
      "BEFORE_LAT": 54.2822,
      "BEFORE_LON": 7.0838599,
      "AFTER_LAT": 54.302315,
      "AFTER_LON": 7.0256715,
      "SOG": 2,
      "MOVINGTIME": 3120.0,
      "ARRIVALTIME": "20251201024400"
    },
    {
      "SEQ": 62,
      "BEFORE_NODE": 62.0,
      "AFTER_NODE": 63.0,
      "BEFORE_LAT": 54.302315,
      "BEFORE_LON": 7.0256715,
      "AFTER_LAT": 54.310066,
      "AFTER_LON": 7.0016084,
      "SOG": 1.7,
      "MOVINGTIME": 1740.0,
      "ARRIVALTIME": "20251201031300"
    },
    {
      "SEQ": 63,
      "BEFORE_NODE": 63.0,
      "AFTER_NODE": 64.0,
      "BEFORE_LAT": 54.310066,
      "BEFORE_LON": 7.0016084,
      "AFTER_LAT": 54.317375,
      "AFTER_LON": 6.97574,
      "SOG": 1.8,
      "MOVINGTIME": 1860.0,
      "ARRIVALTIME": "20251201034400"
    },
    {
      "SEQ": 64,
      "BEFORE_NODE": 64.0,
      "AFTER_NODE": 65.0,
      "BEFORE_LAT": 54.317375,
      "BEFORE_LON": 6.97574,
      "AFTER_LAT": 54.32518,
      "AFTER_LON": 6.9478717,
      "SOG": 2.4,
      "MOVINGTIME": 1560.0,
      "ARRIVALTIME": "20251201041000"
    },
    {
      "SEQ": 65,
      "BEFORE_NODE": 65.0,
      "AFTER_NODE": 66.0,
      "BEFORE_LAT": 54.32518,
      "BEFORE_LON": 6.9478717,
      "AFTER_LAT": 54.331688,
      "AFTER_LON": 6.9253883,
      "SOG": 2.2,
      "MOVINGTIME": 1800.0,
      "ARRIVALTIME": "20251201044000"
    },
    {
      "SEQ": 66,
      "BEFORE_NODE": 66.0,
      "AFTER_NODE": 67.0,
      "BEFORE_LAT": 54.331688,
      "BEFORE_LON": 6.9253883,
      "AFTER_LAT": 54.343182,
      "AFTER_LON": 6.8883548,
      "SOG": 3,
      "MOVINGTIME": 1800.0,
      "ARRIVALTIME": "20251201051000"
    },
    {
      "SEQ": 67,
      "BEFORE_NODE": 67.0,
      "AFTER_NODE": 68.0,
      "BEFORE_LAT": 54.343182,
      "BEFORE_LON": 6.8883548,
      "AFTER_LAT": 54.355434,
      "AFTER_LON": 6.8490119,
      "SOG": 3.5,
      "MOVINGTIME": 1740.0,
      "ARRIVALTIME": "20251201053900"
    },
    {
      "SEQ": 68,
      "BEFORE_NODE": 68.0,
      "AFTER_NODE": 69.0,
      "BEFORE_LAT": 54.355434,
      "BEFORE_LON": 6.8490119,
      "AFTER_LAT": 54.368767,
      "AFTER_LON": 6.802,
      "SOG": 3.5,
      "MOVINGTIME": 1800.0,
      "ARRIVALTIME": "20251201060900"
    },
    {
      "SEQ": 69,
      "BEFORE_NODE": 69.0,
      "AFTER_NODE": 70.0,
      "BEFORE_LAT": 54.368767,
      "BEFORE_LON": 6.802,
      "AFTER_LAT": 54.382965,
      "AFTER_LON": 6.7555552,
      "SOG": 3.7,
      "MOVINGTIME": 1800.0,
      "ARRIVALTIME": "20251201063900"
    },
    {
      "SEQ": 70,
      "BEFORE_NODE": 70.0,
      "AFTER_NODE": 71.0,
      "BEFORE_LAT": 54.382965,
      "BEFORE_LON": 6.7555552,
      "AFTER_LAT": 54.391685,
      "AFTER_LON": 6.7263732,
      "SOG": 3.4,
      "MOVINGTIME": 1740.0,
      "ARRIVALTIME": "20251201070800"
    },
    {
      "SEQ": 71,
      "BEFORE_NODE": 71.0,
      "AFTER_NODE": 72.0,
      "BEFORE_LAT": 54.391685,
      "BEFORE_LON": 6.7263732,
      "AFTER_LAT": 54.407398,
      "AFTER_LON": 6.6605549,
      "SOG": 3.7,
      "MOVINGTIME": 1860.0,
      "ARRIVALTIME": "20251201073900"
    },
    {
      "SEQ": 72,
      "BEFORE_NODE": 72.0,
      "AFTER_NODE": 73.0,
      "BEFORE_LAT": 54.407398,
      "BEFORE_LON": 6.6605549,
      "AFTER_LAT": 54.422813,
      "AFTER_LON": 6.6109567,
      "SOG": 2.7,
      "MOVINGTIME": 1800.0,
      "ARRIVALTIME": "20251201080900"
    },
    {
      "SEQ": 73,
      "BEFORE_NODE": 73.0,
      "AFTER_NODE": 74.0,
      "BEFORE_LAT": 54.422813,
      "BEFORE_LON": 6.6109567,
      "AFTER_LAT": 54.44088,
      "AFTER_LON": 6.6242166,
      "SOG": 2.2,
      "MOVINGTIME": 1800.0,
      "ARRIVALTIME": "20251201083900"
    },
    {
      "SEQ": 74,
      "BEFORE_NODE": 74.0,
      "AFTER_NODE": 75.0,
      "BEFORE_LAT": 54.44088,
      "BEFORE_LON": 6.6242166,
      "AFTER_LAT": 54.4562,
      "AFTER_LON": 6.6486769,
      "SOG": 2.5,
      "MOVINGTIME": 1860.0,
      "ARRIVALTIME": "20251201091000"
    },
    {
      "SEQ": 75,
      "BEFORE_NODE": 75.0,
      "AFTER_NODE": 76.0,
      "BEFORE_LAT": 54.4562,
      "BEFORE_LON": 6.6486769,
      "AFTER_LAT": 54.472328,
      "AFTER_LON": 6.6697135,
      "SOG": 2.2,
      "MOVINGTIME": 1800.0,
      "ARRIVALTIME": "20251201094000"
    },
    {
      "SEQ": 76,
      "BEFORE_NODE": 76.0,
      "AFTER_NODE": 77.0,
      "BEFORE_LAT": 54.472328,
      "BEFORE_LON": 6.6697135,
      "AFTER_LAT": 54.489719,
      "AFTER_LON": 6.6908717,
      "SOG": 2.5,
      "MOVINGTIME": 1860.0,
      "ARRIVALTIME": "20251201101100"
    },
    {
      "SEQ": 77,
      "BEFORE_NODE": 77.0,
      "AFTER_NODE": 78.0,
      "BEFORE_LAT": 54.489719,
      "BEFORE_LON": 6.6908717,
      "AFTER_LAT": 54.507118,
      "AFTER_LON": 6.711225,
      "SOG": 2.5,
      "MOVINGTIME": 1740.0,
      "ARRIVALTIME": "20251201104000"
    },
    {
      "SEQ": 78,
      "BEFORE_NODE": 78.0,
      "AFTER_NODE": 79.0,
      "BEFORE_LAT": 54.507118,
      "BEFORE_LON": 6.711225,
      "AFTER_LAT": 54.518726,
      "AFTER_LON": 6.725625,
      "SOG": 2.5,
      "MOVINGTIME": 1860.0,
      "ARRIVALTIME": "20251201111100"
    },
    {
      "SEQ": 79,
      "BEFORE_NODE": 79.0,
      "AFTER_NODE": 80.0,
      "BEFORE_LAT": 54.518726,
      "BEFORE_LON": 6.725625,
      "AFTER_LAT": 54.542034,
      "AFTER_LON": 6.7540851,
      "SOG": 2.5,
      "MOVINGTIME": 1800.0,
      "ARRIVALTIME": "20251201114100"
    },
    {
      "SEQ": 80,
      "BEFORE_NODE": 80.0,
      "AFTER_NODE": 81.0,
      "BEFORE_LAT": 54.542034,
      "BEFORE_LON": 6.7540851,
      "AFTER_LAT": 54.55994,
      "AFTER_LON": 6.7752767,
      "SOG": 2.5,
      "MOVINGTIME": 1740.0,
      "ARRIVALTIME": "20251201121000"
    },
    {
      "SEQ": 81,
      "BEFORE_NODE": 81.0,
      "AFTER_NODE": 82.0,
      "BEFORE_LAT": 54.55994,
      "BEFORE_LON": 6.7752767,
      "AFTER_LAT": 54.577866,
      "AFTER_LON": 6.7995701,
      "SOG": 2.5,
      "MOVINGTIME": 1800.0,
      "ARRIVALTIME": "20251201124000"
    },
    {
      "SEQ": 82,
      "BEFORE_NODE": 82.0,
      "AFTER_NODE": 83.0,
      "BEFORE_LAT": 54.577866,
      "BEFORE_LON": 6.7995701,
      "AFTER_LAT": 54.595325,
      "AFTER_LON": 6.82581,
      "SOG": 2.7,
      "MOVINGTIME": 1800.0,
      "ARRIVALTIME": "20251201131000"
    },
    {
      "SEQ": 83,
      "BEFORE_NODE": 83.0,
      "AFTER_NODE": 84.0,
      "BEFORE_LAT": 54.595325,
      "BEFORE_LON": 6.82581,
      "AFTER_LAT": 54.612175,
      "AFTER_LON": 6.8544369,
      "SOG": 2.7,
      "MOVINGTIME": 1800.0,
      "ARRIVALTIME": "20251201134000"
    },
    {
      "SEQ": 84,
      "BEFORE_NODE": 84.0,
      "AFTER_NODE": 85.0,
      "BEFORE_LAT": 54.612175,
      "BEFORE_LON": 6.8544369,
      "AFTER_LAT": 54.628422,
      "AFTER_LON": 6.8863468,
      "SOG": 3,
      "MOVINGTIME": 1740.0,
      "ARRIVALTIME": "20251201140900"
    },
    {
      "SEQ": 85,
      "BEFORE_NODE": 85.0,
      "AFTER_NODE": 86.0,
      "BEFORE_LAT": 54.628422,
      "BEFORE_LON": 6.8863468,
      "AFTER_LAT": 54.64489,
      "AFTER_LON": 6.9237385,
      "SOG": 3,
      "MOVINGTIME": 1860.0,
      "ARRIVALTIME": "20251201144000"
    },
    {
      "SEQ": 86,
      "BEFORE_NODE": 86.0,
      "AFTER_NODE": 87.0,
      "BEFORE_LAT": 54.64489,
      "BEFORE_LON": 6.9237385,
      "AFTER_LAT": 54.660069,
      "AFTER_LON": 6.9644017,
      "SOG": 2.7,
      "MOVINGTIME": 1800.0,
      "ARRIVALTIME": "20251201151000"
    },
    {
      "SEQ": 87,
      "BEFORE_NODE": 87.0,
      "AFTER_NODE": 88.0,
      "BEFORE_LAT": 54.660069,
      "BEFORE_LON": 6.9644017,
      "AFTER_LAT": 54.651955,
      "AFTER_LON": 6.9590368,
      "SOG": 3.9,
      "MOVINGTIME": 1860.0,
      "ARRIVALTIME": "20251201154100"
    },
    {
      "SEQ": 88,
      "BEFORE_NODE": 88.0,
      "AFTER_NODE": 89.0,
      "BEFORE_LAT": 54.651955,
      "BEFORE_LON": 6.9590368,
      "AFTER_LAT": 54.618141,
      "AFTER_LON": 6.9552717,
      "SOG": 4,
      "MOVINGTIME": 1740.0,
      "ARRIVALTIME": "20251201161000"
    },
    {
      "SEQ": 89,
      "BEFORE_NODE": 89.0,
      "AFTER_NODE": 90.0,
      "BEFORE_LAT": 54.618141,
      "BEFORE_LON": 6.9552717,
      "AFTER_LAT": 54.595745,
      "AFTER_LON": 6.95086,
      "SOG": 4.1,
      "MOVINGTIME": 1800.0,
      "ARRIVALTIME": "20251201164000"
    },
    {
      "SEQ": 90,
      "BEFORE_NODE": 90.0,
      "AFTER_NODE": 91.0,
      "BEFORE_LAT": 54.595745,
      "BEFORE_LON": 6.95086,
      "AFTER_LAT": 54.563805,
      "AFTER_LON": 6.9443498,
      "SOG": 3.9,
      "MOVINGTIME": 1860.0,
      "ARRIVALTIME": "20251201171100"
    },
    {
      "SEQ": 91,
      "BEFORE_NODE": 91.0,
      "AFTER_NODE": 92.0,
      "BEFORE_LAT": 54.563805,
      "BEFORE_LON": 6.9443498,
      "AFTER_LAT": 54.521694,
      "AFTER_LON": 6.9325051,
      "SOG": 3.7,
      "MOVINGTIME": 1740.0,
      "ARRIVALTIME": "20251201174000"
    },
    {
      "SEQ": 92,
      "BEFORE_NODE": 92.0,
      "AFTER_NODE": 93.0,
      "BEFORE_LAT": 54.521694,
      "BEFORE_LON": 6.9325051,
      "AFTER_LAT": 54.491295,
      "AFTER_LON": 6.9254751,
      "SOG": 3.9,
      "MOVINGTIME": 1800.0,
      "ARRIVALTIME": "20251201181000"
    },
    {
      "SEQ": 93,
      "BEFORE_NODE": 93.0,
      "AFTER_NODE": 94.0,
      "BEFORE_LAT": 54.491295,
      "BEFORE_LON": 6.9254751,
      "AFTER_LAT": 54.470638,
      "AFTER_LON": 6.9200482,
      "SOG": 3.5,
      "MOVINGTIME": 1740.0,
      "ARRIVALTIME": "20251201183900"
    },
    {
      "SEQ": 94,
      "BEFORE_NODE": 94.0,
      "AFTER_NODE": 95.0,
      "BEFORE_LAT": 54.470638,
      "BEFORE_LON": 6.9200482,
      "AFTER_LAT": 54.443775,
      "AFTER_LON": 6.9005618,
      "SOG": 3.2,
      "MOVINGTIME": 1740.0,
      "ARRIVALTIME": "20251201190800"
    },
    {
      "SEQ": 95,
      "BEFORE_NODE": 95.0,
      "AFTER_NODE": 96.0,
      "BEFORE_LAT": 54.443775,
      "BEFORE_LON": 6.9005618,
      "AFTER_LAT": 54.418495,
      "AFTER_LON": 6.8766031,
      "SOG": 3.5,
      "MOVINGTIME": 1920.0,
      "ARRIVALTIME": "20251201194000"
    },
    {
      "SEQ": 96,
      "BEFORE_NODE": 96.0,
      "AFTER_NODE": 97.0,
      "BEFORE_LAT": 54.418495,
      "BEFORE_LON": 6.8766031,
      "AFTER_LAT": 54.380669,
      "AFTER_LON": 6.8536849,
      "SOG": 4.3,
      "MOVINGTIME": 1800.0,
      "ARRIVALTIME": "20251201201000"
    },
    {
      "SEQ": 97,
      "BEFORE_NODE": 97.0,
      "AFTER_NODE": 98.0,
      "BEFORE_LAT": 54.380669,
      "BEFORE_LON": 6.8536849,
      "AFTER_LAT": 54.342674,
      "AFTER_LON": 6.8564968,
      "SOG": 4.5,
      "MOVINGTIME": 1800.0,
      "ARRIVALTIME": "20251201204000"
    },
    {
      "SEQ": 98,
      "BEFORE_NODE": 98.0,
      "AFTER_NODE": 99.0,
      "BEFORE_LAT": 54.342674,
      "BEFORE_LON": 6.8564968,
      "AFTER_LAT": 54.31797,
      "AFTER_LON": 6.8581681,
      "SOG": 4.8,
      "MOVINGTIME": 1800.0,
      "ARRIVALTIME": "20251201211000"
    },
    {
      "SEQ": 99,
      "BEFORE_NODE": 99.0,
      "AFTER_NODE": 100.0,
      "BEFORE_LAT": 54.31797,
      "BEFORE_LON": 6.8581681,
      "AFTER_LAT": 54.280735,
      "AFTER_LON": 6.8625932,
      "SOG": 4.5,
      "MOVINGTIME": 1860.0,
      "ARRIVALTIME": "20251201214100"
    },
    {
      "SEQ": 100,
      "BEFORE_NODE": 100.0,
      "AFTER_NODE": 101.0,
      "BEFORE_LAT": 54.280735,
      "BEFORE_LON": 6.8625932,
      "AFTER_LAT": 54.291168,
      "AFTER_LON": 6.8323832,
      "SOG": 3,
      "MOVINGTIME": 1800.0,
      "ARRIVALTIME": "20251201221100"
    },
    {
      "SEQ": 101,
      "BEFORE_NODE": 101.0,
      "AFTER_NODE": 102.0,
      "BEFORE_LAT": 54.291168,
      "BEFORE_LON": 6.8323832,
      "AFTER_LAT": 54.306366,
      "AFTER_LON": 6.8393235,
      "SOG": 2.7,
      "MOVINGTIME": 1860.0,
      "ARRIVALTIME": "20251201224200"
    },
    {
      "SEQ": 102,
      "BEFORE_NODE": 102.0,
      "AFTER_NODE": 103.0,
      "BEFORE_LAT": 54.306366,
      "BEFORE_LON": 6.8393235,
      "AFTER_LAT": 54.324333,
      "AFTER_LON": 6.8612299,
      "SOG": 2.5,
      "MOVINGTIME": 1800.0,
      "ARRIVALTIME": "20251201231200"
    },
    {
      "SEQ": 103,
      "BEFORE_NODE": 103.0,
      "AFTER_NODE": 104.0,
      "BEFORE_LAT": 54.324333,
      "BEFORE_LON": 6.8612299,
      "AFTER_LAT": 54.341702,
      "AFTER_LON": 6.8826585,
      "SOG": 2.2,
      "MOVINGTIME": 1800.0,
      "ARRIVALTIME": "20251201234200"
    },
    {
      "SEQ": 104,
      "BEFORE_NODE": 104.0,
      "AFTER_NODE": 105.0,
      "BEFORE_LAT": 54.341702,
      "BEFORE_LON": 6.8826585,
      "AFTER_LAT": 54.35994,
      "AFTER_LON": 6.9038568,
      "SOG": 2.9,
      "MOVINGTIME": 1800.0,
      "ARRIVALTIME": "20251202001200"
    },
    {
      "SEQ": 105,
      "BEFORE_NODE": 105.0,
      "AFTER_NODE": 106.0,
      "BEFORE_LAT": 54.35994,
      "BEFORE_LON": 6.9038568,
      "AFTER_LAT": 54.377178,
      "AFTER_LON": 6.9261732,
      "SOG": 2.5,
      "MOVINGTIME": 1740.0,
      "ARRIVALTIME": "20251202004100"
    },
    {
      "SEQ": 106,
      "BEFORE_NODE": 106.0,
      "AFTER_NODE": 107.0,
      "BEFORE_LAT": 54.377178,
      "BEFORE_LON": 6.9261732,
      "AFTER_LAT": 54.394009,
      "AFTER_LON": 6.9473219,
      "SOG": 2.5,
      "MOVINGTIME": 1740.0,
      "ARRIVALTIME": "20251202011000"
    },
    {
      "SEQ": 107,
      "BEFORE_NODE": 107.0,
      "AFTER_NODE": 108.0,
      "BEFORE_LAT": 54.394009,
      "BEFORE_LON": 6.9473219,
      "AFTER_LAT": 54.412373,
      "AFTER_LON": 6.9728017,
      "SOG": 2.7,
      "MOVINGTIME": 2100.0,
      "ARRIVALTIME": "20251202014500"
    },
    {
      "SEQ": 108,
      "BEFORE_NODE": 108.0,
      "AFTER_NODE": 109.0,
      "BEFORE_LAT": 54.412373,
      "BEFORE_LON": 6.9728017,
      "AFTER_LAT": 54.42391333333333,
      "AFTER_LON": 6.989821666666667,
      "SOG": 2.5,
      "MOVINGTIME": 621.0,
      "ARRIVALTIME": "20251202015521"
    },
    {
      "SEQ": 109,
      "BEFORE_NODE": 109.0,
      "AFTER_NODE": 110.0,
      "BEFORE_LAT": 54.42391333333333,
      "BEFORE_LON": 6.989821666666667,
      "AFTER_LAT": 54.434105,
      "AFTER_LON": 7.0067601,
      "SOG": 2.9,
      "MOVINGTIME": 1299.0,
      "ARRIVALTIME": "20251202021700"
    },
    {
      "SEQ": 110,
      "BEFORE_NODE": 110.0,
      "AFTER_NODE": 111.0,
      "BEFORE_LAT": 54.434105,
      "BEFORE_LON": 7.0067601,
      "AFTER_LAT": 54.449814,
      "AFTER_LON": 7.037735,
      "SOG": 3,
      "MOVINGTIME": 1800.0,
      "ARRIVALTIME": "20251202024700"
    },
    {
      "SEQ": 111,
      "BEFORE_NODE": 111.0,
      "AFTER_NODE": 112.0,
      "BEFORE_LAT": 54.449814,
      "BEFORE_LON": 7.037735,
      "AFTER_LAT": 54.474483,
      "AFTER_LON": 7.09835,
      "SOG": 3,
      "MOVINGTIME": 3420.0,
      "ARRIVALTIME": "20251202034400"
    },
    {
      "SEQ": 112,
      "BEFORE_NODE": 112.0,
      "AFTER_NODE": 113.0,
      "BEFORE_LAT": 54.474483,
      "BEFORE_LON": 7.09835,
      "AFTER_LAT": 54.488071,
      "AFTER_LON": 7.1354084,
      "SOG": 3,
      "MOVINGTIME": 1740.0,
      "ARRIVALTIME": "20251202041300"
    },
    {
      "SEQ": 113,
      "BEFORE_NODE": 113.0,
      "AFTER_NODE": 114.0,
      "BEFORE_LAT": 54.488071,
      "BEFORE_LON": 7.1354084,
      "AFTER_LAT": 54.501888,
      "AFTER_LON": 7.1751752,
      "SOG": 2.9,
      "MOVINGTIME": 1620.0,
      "ARRIVALTIME": "20251202044000"
    },
    {
      "SEQ": 114,
      "BEFORE_NODE": 114.0,
      "AFTER_NODE": 115.0,
      "BEFORE_LAT": 54.501888,
      "BEFORE_LON": 7.1751752,
      "AFTER_LAT": 54.514748,
      "AFTER_LON": 7.2156682,
      "SOG": 3.2,
      "MOVINGTIME": 1860.0,
      "ARRIVALTIME": "20251202051100"
    },
    {
      "SEQ": 115,
      "BEFORE_NODE": 115.0,
      "AFTER_NODE": 116.0,
      "BEFORE_LAT": 54.514748,
      "BEFORE_LON": 7.2156682,
      "AFTER_LAT": 54.527561,
      "AFTER_LON": 7.2524433,
      "SOG": 3,
      "MOVINGTIME": 1740.0,
      "ARRIVALTIME": "20251202054000"
    },
    {
      "SEQ": 116,
      "BEFORE_NODE": 116.0,
      "AFTER_NODE": 117.0,
      "BEFORE_LAT": 54.527561,
      "BEFORE_LON": 7.2524433,
      "AFTER_LAT": 54.539478,
      "AFTER_LON": 7.2900414,
      "SOG": 2.7,
      "MOVINGTIME": 1860.0,
      "ARRIVALTIME": "20251202061100"
    },
    {
      "SEQ": 117,
      "BEFORE_NODE": 117.0,
      "AFTER_NODE": 118.0,
      "BEFORE_LAT": 54.539478,
      "BEFORE_LON": 7.2900414,
      "AFTER_LAT": 54.54858,
      "AFTER_LON": 7.3145719,
      "SOG": 2.7,
      "MOVINGTIME": 1740.0,
      "ARRIVALTIME": "20251202064000"
    },
    {
      "SEQ": 118,
      "BEFORE_NODE": 118.0,
      "AFTER_NODE": 119.0,
      "BEFORE_LAT": 54.54858,
      "BEFORE_LON": 7.3145719,
      "AFTER_LAT": 54.560818,
      "AFTER_LON": 7.3479815,
      "SOG": 3,
      "MOVINGTIME": 1740.0,
      "ARRIVALTIME": "20251202070900"
    },
    {
      "SEQ": 119,
      "BEFORE_NODE": 119.0,
      "AFTER_NODE": 120.0,
      "BEFORE_LAT": 54.560818,
      "BEFORE_LON": 7.3479815,
      "AFTER_LAT": 54.577278,
      "AFTER_LON": 7.3925219,
      "SOG": 2.5,
      "MOVINGTIME": 1800.0,
      "ARRIVALTIME": "20251202073900"
    },
    {
      "SEQ": 120,
      "BEFORE_NODE": 120.0,
      "AFTER_NODE": 121.0,
      "BEFORE_LAT": 54.577278,
      "BEFORE_LON": 7.3925219,
      "AFTER_LAT": 54.587452,
      "AFTER_LON": 7.423975,
      "SOG": 2.5,
      "MOVINGTIME": 1680.0,
      "ARRIVALTIME": "20251202080700"
    },
    {
      "SEQ": 121,
      "BEFORE_NODE": 121.0,
      "AFTER_NODE": 122.0,
      "BEFORE_LAT": 54.587452,
      "BEFORE_LON": 7.423975,
      "AFTER_LAT": 54.602112,
      "AFTER_LON": 7.4464149,
      "SOG": 2.5,
      "MOVINGTIME": 1920.0,
      "ARRIVALTIME": "20251202083900"
    },
    {
      "SEQ": 122,
      "BEFORE_NODE": 122.0,
      "AFTER_NODE": 123.0,
      "BEFORE_LAT": 54.602112,
      "BEFORE_LON": 7.4464149,
      "AFTER_LAT": 54.585426,
      "AFTER_LON": 7.4088383,
      "SOG": 4,
      "MOVINGTIME": 1860.0,
      "ARRIVALTIME": "20251202091000"
    },
    {
      "SEQ": 123,
      "BEFORE_NODE": 123.0,
      "AFTER_NODE": 124.0,
      "BEFORE_LAT": 54.585426,
      "BEFORE_LON": 7.4088383,
      "AFTER_LAT": 54.564594,
      "AFTER_LON": 7.3732285,
      "SOG": 3.4,
      "MOVINGTIME": 1860.0,
      "ARRIVALTIME": "20251202094100"
    },
    {
      "SEQ": 124,
      "BEFORE_NODE": 124.0,
      "AFTER_NODE": 125.0,
      "BEFORE_LAT": 54.564594,
      "BEFORE_LON": 7.3732285,
      "AFTER_LAT": 54.551006,
      "AFTER_LON": 7.3522034,
      "SOG": 3.5,
      "MOVINGTIME": 1620.0,
      "ARRIVALTIME": "20251202100800"
    },
    {
      "SEQ": 125,
      "BEFORE_NODE": 125.0,
      "AFTER_NODE": 126.0,
      "BEFORE_LAT": 54.551006,
      "BEFORE_LON": 7.3522034,
      "AFTER_LAT": 54.520378,
      "AFTER_LON": 7.3113766,
      "SOG": 3.5,
      "MOVINGTIME": 1860.0,
      "ARRIVALTIME": "20251202103900"
    },
    {
      "SEQ": 126,
      "BEFORE_NODE": 126.0,
      "AFTER_NODE": 127.0,
      "BEFORE_LAT": 54.520378,
      "BEFORE_LON": 7.3113766,
      "AFTER_LAT": 54.502804,
      "AFTER_LON": 7.2916918,
      "SOG": 3.9,
      "MOVINGTIME": 1860.0,
      "ARRIVALTIME": "20251202111000"
    },
    {
      "SEQ": 127,
      "BEFORE_NODE": 127.0,
      "AFTER_NODE": 128.0,
      "BEFORE_LAT": 54.502804,
      "BEFORE_LON": 7.2916918,
      "AFTER_LAT": 54.46648,
      "AFTER_LON": 7.2459183,
      "SOG": 4,
      "MOVINGTIME": 1980.0,
      "ARRIVALTIME": "20251202114300"
    },
    {
      "SEQ": 128,
      "BEFORE_NODE": 128.0,
      "AFTER_NODE": 129.0,
      "BEFORE_LAT": 54.46648,
      "BEFORE_LON": 7.2459183,
      "AFTER_LAT": 54.446079,
      "AFTER_LON": 7.2223816,
      "SOG": 4.3,
      "MOVINGTIME": 1500.0,
      "ARRIVALTIME": "20251202120800"
    },
    {
      "SEQ": 129,
      "BEFORE_NODE": 129.0,
      "AFTER_NODE": 130.0,
      "BEFORE_LAT": 54.446079,
      "BEFORE_LON": 7.2223816,
      "AFTER_LAT": 54.415218,
      "AFTER_LON": 7.1844134,
      "SOG": 4.5,
      "MOVINGTIME": 1980.0,
      "ARRIVALTIME": "20251202124100"
    },
    {
      "SEQ": 130,
      "BEFORE_NODE": 130.0,
      "AFTER_NODE": 131.0,
      "BEFORE_LAT": 54.415218,
      "BEFORE_LON": 7.1844134,
      "AFTER_LAT": 54.386375,
      "AFTER_LON": 7.1452985,
      "SOG": 4.5,
      "MOVINGTIME": 1560.0,
      "ARRIVALTIME": "20251202130700"
    },
    {
      "SEQ": 131,
      "BEFORE_NODE": 131.0,
      "AFTER_NODE": 132.0,
      "BEFORE_LAT": 54.386375,
      "BEFORE_LON": 7.1452985,
      "AFTER_LAT": 54.36525,
      "AFTER_LON": 7.1198483,
      "SOG": 4.5,
      "MOVINGTIME": 1860.0,
      "ARRIVALTIME": "20251202133800"
    },
    {
      "SEQ": 132,
      "BEFORE_NODE": 132.0,
      "AFTER_NODE": 133.0,
      "BEFORE_LAT": 54.36525,
      "BEFORE_LON": 7.1198483,
      "AFTER_LAT": 54.340946,
      "AFTER_LON": 7.0969281,
      "SOG": 4.8,
      "MOVINGTIME": 1200.0,
      "ARRIVALTIME": "20251202135800"
    },
    {
      "SEQ": 133,
      "BEFORE_NODE": 133.0,
      "AFTER_NODE": 134.0,
      "BEFORE_LAT": 54.340946,
      "BEFORE_LON": 7.0969281,
      "AFTER_LAT": 54.300713,
      "AFTER_LON": 7.0608435,
      "SOG": 5,
      "MOVINGTIME": 1380.0,
      "ARRIVALTIME": "20251202142100"
    },
    {
      "SEQ": 134,
      "BEFORE_NODE": 134.0,
      "AFTER_NODE": 135.0,
      "BEFORE_LAT": 54.300713,
      "BEFORE_LON": 7.0608435,
      "AFTER_LAT": 54.309898,
      "AFTER_LON": 7.0244064,
      "SOG": 1.6,
      "MOVINGTIME": 3540.0,
      "ARRIVALTIME": "20251202152000"
    },
    {
      "SEQ": 135,
      "BEFORE_NODE": 135.0,
      "AFTER_NODE": 136.0,
      "BEFORE_LAT": 54.309898,
      "BEFORE_LON": 7.0244064,
      "AFTER_LAT": 54.323574,
      "AFTER_LON": 7.0602117,
      "SOG": 2.2,
      "MOVINGTIME": 2940.0,
      "ARRIVALTIME": "20251202160900"
    },
    {
      "SEQ": 136,
      "BEFORE_NODE": 136.0,
      "AFTER_NODE": 137.0,
      "BEFORE_LAT": 54.323574,
      "BEFORE_LON": 7.0602117,
      "AFTER_LAT": 54.328171,
      "AFTER_LON": 7.0925632,
      "SOG": 2.2,
      "MOVINGTIME": 1860.0,
      "ARRIVALTIME": "20251202164000"
    },
    {
      "SEQ": 137,
      "BEFORE_NODE": 137.0,
      "AFTER_NODE": 138.0,
      "BEFORE_LAT": 54.328171,
      "BEFORE_LON": 7.0925632,
      "AFTER_LAT": 54.33202,
      "AFTER_LON": 7.1230617,
      "SOG": 2.2,
      "MOVINGTIME": 1800.0,
      "ARRIVALTIME": "20251202171000"
    },
    {
      "SEQ": 138,
      "BEFORE_NODE": 138.0,
      "AFTER_NODE": 139.0,
      "BEFORE_LAT": 54.33202,
      "BEFORE_LON": 7.1230617,
      "AFTER_LAT": 54.336124,
      "AFTER_LON": 7.1533952,
      "SOG": 2.2,
      "MOVINGTIME": 1680.0,
      "ARRIVALTIME": "20251202173800"
    },
    {
      "SEQ": 139,
      "BEFORE_NODE": 139.0,
      "AFTER_NODE": 140.0,
      "BEFORE_LAT": 54.336124,
      "BEFORE_LON": 7.1533952,
      "AFTER_LAT": 54.339775,
      "AFTER_LON": 7.1827831,
      "SOG": 2,
      "MOVINGTIME": 1800.0,
      "ARRIVALTIME": "20251202180800"
    },
    {
      "SEQ": 140,
      "BEFORE_NODE": 140.0,
      "AFTER_NODE": 141.0,
      "BEFORE_LAT": 54.339775,
      "BEFORE_LON": 7.1827831,
      "AFTER_LAT": 54.342426,
      "AFTER_LON": 7.2119164,
      "SOG": 1.8,
      "MOVINGTIME": 1920.0,
      "ARRIVALTIME": "20251202184000"
    },
    {
      "SEQ": 141,
      "BEFORE_NODE": 141.0,
      "AFTER_NODE": 142.0,
      "BEFORE_LAT": 54.342426,
      "BEFORE_LON": 7.2119164,
      "AFTER_LAT": 54.345634,
      "AFTER_LON": 7.2360201,
      "SOG": 1.7,
      "MOVINGTIME": 1680.0,
      "ARRIVALTIME": "20251202190800"
    },
    {
      "SEQ": 142,
      "BEFORE_NODE": 142.0,
      "AFTER_NODE": 143.0,
      "BEFORE_LAT": 54.345634,
      "BEFORE_LON": 7.2360201,
      "AFTER_LAT": 54.350235,
      "AFTER_LON": 7.2598548,
      "SOG": 1.6,
      "MOVINGTIME": 1860.0,
      "ARRIVALTIME": "20251202193900"
    },
    {
      "SEQ": 143,
      "BEFORE_NODE": 143.0,
      "AFTER_NODE": 144.0,
      "BEFORE_LAT": 54.350235,
      "BEFORE_LON": 7.2598548,
      "AFTER_LAT": 54.354881,
      "AFTER_LON": 7.2815886,
      "SOG": 1.3,
      "MOVINGTIME": 1860.0,
      "ARRIVALTIME": "20251202201000"
    },
    {
      "SEQ": 144,
      "BEFORE_NODE": 144.0,
      "AFTER_NODE": 145.0,
      "BEFORE_LAT": 54.354881,
      "BEFORE_LON": 7.2815886,
      "AFTER_LAT": 54.361446,
      "AFTER_LON": 7.2983165,
      "SOG": 1.3,
      "MOVINGTIME": 1800.0,
      "ARRIVALTIME": "20251202204000"
    },
    {
      "SEQ": 145,
      "BEFORE_NODE": 145.0,
      "AFTER_NODE": 146.0,
      "BEFORE_LAT": 54.361446,
      "BEFORE_LON": 7.2983165,
      "AFTER_LAT": 54.369167,
      "AFTER_LON": 7.3132749,
      "SOG": 1.3,
      "MOVINGTIME": 1740.0,
      "ARRIVALTIME": "20251202210900"
    },
    {
      "SEQ": 146,
      "BEFORE_NODE": 146.0,
      "AFTER_NODE": 147.0,
      "BEFORE_LAT": 54.369167,
      "BEFORE_LON": 7.3132749,
      "AFTER_LAT": 54.377899,
      "AFTER_LON": 7.3259416,
      "SOG": 1.2,
      "MOVINGTIME": 1800.0,
      "ARRIVALTIME": "20251202213900"
    },
    {
      "SEQ": 147,
      "BEFORE_NODE": 147.0,
      "AFTER_NODE": 148.0,
      "BEFORE_LAT": 54.377899,
      "BEFORE_LON": 7.3259416,
      "AFTER_LAT": 54.386147,
      "AFTER_LON": 7.3346415,
      "SOG": 1.1,
      "MOVINGTIME": 1800.0,
      "ARRIVALTIME": "20251202220900"
    },
    {
      "SEQ": 148,
      "BEFORE_NODE": 148.0,
      "AFTER_NODE": 149.0,
      "BEFORE_LAT": 54.386147,
      "BEFORE_LON": 7.3346415,
      "AFTER_LAT": 54.394958,
      "AFTER_LON": 7.3410416,
      "SOG": 1.1,
      "MOVINGTIME": 1800.0,
      "ARRIVALTIME": "20251202223900"
    },
    {
      "SEQ": 149,
      "BEFORE_NODE": 149.0,
      "AFTER_NODE": 150.0,
      "BEFORE_LAT": 54.394958,
      "BEFORE_LON": 7.3410416,
      "AFTER_LAT": 54.403675,
      "AFTER_LON": 7.3448634,
      "SOG": 1,
      "MOVINGTIME": 1920.0,
      "ARRIVALTIME": "20251202231100"
    },
    {
      "SEQ": 150,
      "BEFORE_NODE": 150.0,
      "AFTER_NODE": 151.0,
      "BEFORE_LAT": 54.403675,
      "BEFORE_LON": 7.3448634,
      "AFTER_LAT": 54.412395,
      "AFTER_LON": 7.3451881,
      "SOG": 1.1,
      "MOVINGTIME": 1800.0,
      "ARRIVALTIME": "20251202234100"
    },
    {
      "SEQ": 151,
      "BEFORE_NODE": 151.0,
      "AFTER_NODE": 152.0,
      "BEFORE_LAT": 54.412395,
      "BEFORE_LON": 7.3451881,
      "AFTER_LAT": 54.420937,
      "AFTER_LON": 7.3439035,
      "SOG": 1,
      "MOVINGTIME": 1680.0,
      "ARRIVALTIME": "20251203000900"
    },
    {
      "SEQ": 152,
      "BEFORE_NODE": 152.0,
      "AFTER_NODE": 153.0,
      "BEFORE_LAT": 54.420937,
      "BEFORE_LON": 7.3439035,
      "AFTER_LAT": 54.420712,
      "AFTER_LON": 7.3303566,
      "SOG": 4,
      "MOVINGTIME": 1800.0,
      "ARRIVALTIME": "20251203003900"
    },
    {
      "SEQ": 153,
      "BEFORE_NODE": 153.0,
      "AFTER_NODE": 154.0,
      "BEFORE_LAT": 54.420712,
      "BEFORE_LON": 7.3303566,
      "AFTER_LAT": 54.298222,
      "AFTER_LON": 7.3339767,
      "SOG": 8,
      "MOVINGTIME": 3900.0,
      "ARRIVALTIME": "20251203014400"
    },
    {
      "SEQ": 154,
      "BEFORE_NODE": 154.0,
      "AFTER_NODE": 155.0,
      "BEFORE_LAT": 54.298222,
      "BEFORE_LON": 7.3339767,
      "AFTER_LAT": 54.255394,
      "AFTER_LON": 7.3343234,
      "SOG": 8.1,
      "MOVINGTIME": 1320.0,
      "ARRIVALTIME": "20251203020600"
    },
    {
      "SEQ": 155,
      "BEFORE_NODE": 155.0,
      "AFTER_NODE": 156.0,
      "BEFORE_LAT": 54.255394,
      "BEFORE_LON": 7.3343234,
      "AFTER_LAT": 54.165356,
      "AFTER_LON": 7.3368416,
      "SOG": 7.8,
      "MOVINGTIME": 2340.0,
      "ARRIVALTIME": "20251203024500"
    },
    {
      "SEQ": 156,
      "BEFORE_NODE": 156.0,
      "AFTER_NODE": 157.0,
      "BEFORE_LAT": 54.165356,
      "BEFORE_LON": 7.3368416,
      "AFTER_LAT": 54.156078,
      "AFTER_LON": 7.425005,
      "SOG": 7.9,
      "MOVINGTIME": 1560.0,
      "ARRIVALTIME": "20251203031100"
    },
    {
      "SEQ": 157,
      "BEFORE_NODE": 157.0,
      "AFTER_NODE": 158.0,
      "BEFORE_LAT": 54.156078,
      "BEFORE_LON": 7.425005,
      "AFTER_LAT": 54.146351,
      "AFTER_LON": 7.5099101,
      "SOG": 8.1,
      "MOVINGTIME": 1800.0,
      "ARRIVALTIME": "20251203034100"
    },
    {
      "SEQ": 158,
      "BEFORE_NODE": 158.0,
      "AFTER_NODE": 159.0,
      "BEFORE_LAT": 54.146351,
      "BEFORE_LON": 7.5099101,
      "AFTER_LAT": 54.116879,
      "AFTER_LON": 7.6630015,
      "SOG": 8.6,
      "MOVINGTIME": 1800.0,
      "ARRIVALTIME": "20251203041100"
    },
    {
      "SEQ": 159,
      "BEFORE_NODE": 159.0,
      "AFTER_NODE": 160.0,
      "BEFORE_LAT": 54.116879,
      "BEFORE_LON": 7.6630015,
      "AFTER_LAT": 54.087799,
      "AFTER_LON": 7.7758732,
      "SOG": 9.1,
      "MOVINGTIME": 1800.0,
      "ARRIVALTIME": "20251203044100"
    },
    {
      "SEQ": 160,
      "BEFORE_NODE": 160.0,
      "AFTER_NODE": 161.0,
      "BEFORE_LAT": 54.087799,
      "BEFORE_LON": 7.7758732,
      "AFTER_LAT": 54.064365,
      "AFTER_LON": 7.8588018,
      "SOG": 9.3,
      "MOVINGTIME": 1680.0,
      "ARRIVALTIME": "20251203050900"
    },
    {
      "SEQ": 161,
      "BEFORE_NODE": 161.0,
      "AFTER_NODE": 162.0,
      "BEFORE_LAT": 54.064365,
      "BEFORE_LON": 7.8588018,
      "AFTER_LAT": 54.01934833333333,
      "AFTER_LON": 7.887856666666667,
      "SOG": 2.3,
      "MOVINGTIME": 1963.0,
      "ARRIVALTIME": "20251203054143"
    },
    {
      "SEQ": 162,
      "BEFORE_NODE": 162.0,
      "AFTER_NODE": 163.0,
      "BEFORE_LAT": 54.01934833333333,
      "BEFORE_LON": 7.887856666666667,
      "AFTER_LAT": 54.016331,
      "AFTER_LON": 7.8745484,
      "SOG": 0.6,
      "MOVINGTIME": 1757.0,
      "ARRIVALTIME": "20251203061100"
    },
    {
      "SEQ": 163,
      "BEFORE_NODE": 163.0,
      "AFTER_NODE": 164.0,
      "BEFORE_LAT": 54.016331,
      "BEFORE_LON": 7.8745484,
      "AFTER_LAT": 54.013775,
      "AFTER_LON": 7.8772736,
      "SOG": 0.5,
      "MOVINGTIME": 1680.0,
      "ARRIVALTIME": "20251203063900"
    },
    {
      "SEQ": 164,
      "BEFORE_NODE": 164.0,
      "AFTER_NODE": 165.0,
      "BEFORE_LAT": 54.013775,
      "BEFORE_LON": 7.8772736,
      "AFTER_LAT": 54.012535,
      "AFTER_LON": 7.8838148,
      "SOG": 0.8,
      "MOVINGTIME": 1800.0,
      "ARRIVALTIME": "20251203070900"
    },
    {
      "SEQ": 165,
      "BEFORE_NODE": 165.0,
      "AFTER_NODE": 166.0,
      "BEFORE_LAT": 54.012535,
      "BEFORE_LON": 7.8838148,
      "AFTER_LAT": 53.997375,
      "AFTER_LON": 7.9535718,
      "SOG": 8,
      "MOVINGTIME": 1800.0,
      "ARRIVALTIME": "20251203073900"
    },
    {
      "SEQ": 166,
      "BEFORE_NODE": 166.0,
      "AFTER_NODE": 167.0,
      "BEFORE_LAT": 53.997375,
      "BEFORE_LON": 7.9535718,
      "AFTER_LAT": 53.989712,
      "AFTER_LON": 8.0742416,
      "SOG": 10.3,
      "MOVINGTIME": 1740.0,
      "ARRIVALTIME": "20251203080800"
    },
    {
      "SEQ": 167,
      "BEFORE_NODE": 167.0,
      "AFTER_NODE": 168.0,
      "BEFORE_LAT": 53.989712,
      "BEFORE_LON": 8.0742416,
      "AFTER_LAT": 53.990456,
      "AFTER_LON": 8.1799746,
      "SOG": 13,
      "MOVINGTIME": 1860.0,
      "ARRIVALTIME": "20251203083900"
    },
    {
      "SEQ": 168,
      "BEFORE_NODE": 168.0,
      "AFTER_NODE": 169.0,
      "BEFORE_LAT": 53.990456,
      "BEFORE_LON": 8.1799746,
      "AFTER_LAT": 53.975403,
      "AFTER_LON": 8.473732,
      "SOG": 15.3,
      "MOVINGTIME": 1800.0,
      "ARRIVALTIME": "20251203090900"
    },
    {
      "SEQ": 169,
      "BEFORE_NODE": 169.0,
      "AFTER_NODE": 170.0,
      "BEFORE_LAT": 53.975403,
      "BEFORE_LON": 8.473732,
      "AFTER_LAT": 53.934338,
      "AFTER_LON": 8.6583986,
      "SOG": 15.1,
      "MOVINGTIME": 1800.0,
      "ARRIVALTIME": "20251203093900"
    },
    {
      "SEQ": 170,
      "BEFORE_NODE": 170.0,
      "AFTER_NODE": 171.0,
      "BEFORE_LAT": 53.934338,
      "BEFORE_LON": 8.6583986,
      "AFTER_LAT": 53.845665,
      "AFTER_LON": 8.7706318,
      "SOG": 13.6,
      "MOVINGTIME": 1680.0,
      "ARRIVALTIME": "20251203100700"
    },
    {
      "SEQ": 171,
      "BEFORE_NODE": 171.0,
      "AFTER_NODE": 172.0,
      "BEFORE_LAT": 53.845665,
      "BEFORE_LON": 8.7706318,
      "AFTER_LAT": 53.849007,
      "AFTER_LON": 8.97085,
      "SOG": 13.1,
      "MOVINGTIME": 1980.0,
      "ARRIVALTIME": "20251203104000"
    },
    {
      "SEQ": 172,
      "BEFORE_NODE": 172.0,
      "AFTER_NODE": 173.0,
      "BEFORE_LAT": 53.849007,
      "BEFORE_LON": 8.97085,
      "AFTER_LAT": 53.878345,
      "AFTER_LON": 9.1132002,
      "SOG": 8.6,
      "MOVINGTIME": 1800.0,
      "ARRIVALTIME": "20251203111000"
    },
    {
      "SEQ": 173,
      "BEFORE_NODE": 173.0,
      "AFTER_NODE": 174.0,
      "BEFORE_LAT": 53.878345,
      "BEFORE_LON": 9.1132002,
      "AFTER_LAT": 53.85839,
      "AFTER_LON": 9.302956666666667,
      "SOG": 13,
      "MOVINGTIME": 1980.0,
      "ARRIVALTIME": "20251203114300"
    },
    {
      "SEQ": 174,
      "BEFORE_NODE": 174.0,
      "AFTER_NODE": 175.0,
      "BEFORE_LAT": 53.85839,
      "BEFORE_LON": 9.302956666666667,
      "AFTER_LAT": 53.791168,
      "AFTER_LON": 9.3824587,
      "SOG": 13.1,
      "MOVINGTIME": 1620.0,
      "ARRIVALTIME": "20251203121000"
    },
    {
      "SEQ": 175,
      "BEFORE_NODE": 175.0,
      "AFTER_NODE": 176.0,
      "BEFORE_LAT": 53.791168,
      "BEFORE_LON": 9.3824587,
      "AFTER_LAT": 53.686055,
      "AFTER_LON": 9.501291666666667,
      "SOG": 12.4,
      "MOVINGTIME": 1980.0,
      "ARRIVALTIME": "20251203124300"
    },
    {
      "SEQ": 176,
      "BEFORE_NODE": 176.0,
      "AFTER_NODE": 177.0,
      "BEFORE_LAT": 53.686055,
      "BEFORE_LON": 9.501291666666667,
      "AFTER_LAT": 53.623528,
      "AFTER_LON": 9.5418615,
      "SOG": 10.8,
      "MOVINGTIME": 1620.0,
      "ARRIVALTIME": "20251203131000"
    },
    {
      "SEQ": 177,
      "BEFORE_NODE": 177.0,
      "AFTER_NODE": 178.0,
      "BEFORE_LAT": 53.623528,
      "BEFORE_LON": 9.5418615,
      "AFTER_LAT": 53.56773166666667,
      "AFTER_LON": 9.672888333333333,
      "SOG": 8.5,
      "MOVINGTIME": 1979.0,
      "ARRIVALTIME": "20251203134259"
    },
    {
      "SEQ": 178,
      "BEFORE_NODE": 178.0,
      "AFTER_NODE": 179.0,
      "BEFORE_LAT": 53.56773166666667,
      "BEFORE_LON": 9.672888333333333,
      "AFTER_LAT": 53.56234,
      "AFTER_LON": 9.7298918,
      "SOG": 9.1,
      "MOVINGTIME": 1621.0,
      "ARRIVALTIME": "20251203141000"
    },
    {
      "SEQ": 179,
      "BEFORE_NODE": 179.0,
      "AFTER_NODE": 180.0,
      "BEFORE_LAT": 53.56234,
      "BEFORE_LON": 9.7298918,
      "AFTER_LAT": 53.54228166666667,
      "AFTER_LON": 9.87795,
      "SOG": 6.5,
      "MOVINGTIME": 1980.0,
      "ARRIVALTIME": "20251203144300"
    },
    {
      "SEQ": 180,
      "BEFORE_NODE": 180.0,
      "AFTER_NODE": 181.0,
      "BEFORE_LAT": 53.54228166666667,
      "BEFORE_LON": 9.87795,
      "AFTER_LAT": 53.53990666666667,
      "AFTER_LON": 9.902025,
      "SOG": 2,
      "MOVINGTIME": 1499.0,
      "ARRIVALTIME": "20251203150759"
    },
    {
      "SEQ": 181,
      "BEFORE_NODE": 181.0,
      "AFTER_NODE": 182.0,
      "BEFORE_LAT": 53.53990666666667,
      "BEFORE_LON": 9.902025,
      "AFTER_LAT": 53.532945,
      "AFTER_LON": 9.912461666666667,
      "SOG": 0,
      "MOVINGTIME": 2047.0,
      "ARRIVALTIME": "20251203154206"
    },
    {
      "SEQ": 182,
      "BEFORE_NODE": 182.0,
      "AFTER_NODE": 183.0,
      "BEFORE_LAT": 53.532945,
      "BEFORE_LON": 9.912461666666667,
      "AFTER_LAT": 53.532959,
      "AFTER_LON": 9.9124765,
      "SOG": 0,
      "MOVINGTIME": 1494.0,
      "ARRIVALTIME": "20251203160700"
    },
    {
      "SEQ": 183,
      "BEFORE_NODE": 183.0,
      "AFTER_NODE": 184.0,
      "BEFORE_LAT": 53.532959,
      "BEFORE_LON": 9.9124765,
      "AFTER_LAT": 53.532923333333336,
      "AFTER_LON": 9.912483333333332,
      "SOG": 0,
      "MOVINGTIME": 1927.0,
      "ARRIVALTIME": "20251203163907"
    },
    {
      "SEQ": 184,
      "BEFORE_NODE": 184.0,
      "AFTER_NODE": 185.0,
      "BEFORE_LAT": 53.532923333333336,
      "BEFORE_LON": 9.912483333333332,
      "AFTER_LAT": 53.5329,
      "AFTER_LON": 9.912471666666667,
      "SOG": 0,
      "MOVINGTIME": 1981.0,
      "ARRIVALTIME": "20251203171208"
    },
    {
      "SEQ": 185,
      "BEFORE_NODE": 185.0,
      "AFTER_NODE": 186.0,
      "BEFORE_LAT": 53.5329,
      "BEFORE_LON": 9.912471666666667,
      "AFTER_LAT": 53.532896666666666,
      "AFTER_LON": 9.912495,
      "SOG": 0,
      "MOVINGTIME": 1622.0,
      "ARRIVALTIME": "20251203173910"
    },
    {
      "SEQ": 186,
      "BEFORE_NODE": 186.0,
      "AFTER_NODE": 187.0,
      "BEFORE_LAT": 53.532896666666666,
      "BEFORE_LON": 9.912495,
      "AFTER_LAT": 53.532905,
      "AFTER_LON": 9.912451666666668,
      "SOG": 0,
      "MOVINGTIME": 1975.0,
      "ARRIVALTIME": "20251203181205"
    },
    {
      "SEQ": 187,
      "BEFORE_NODE": 187.0,
      "AFTER_NODE": 188.0,
      "BEFORE_LAT": 53.532905,
      "BEFORE_LON": 9.912451666666668,
      "AFTER_LAT": 53.53285666666667,
      "AFTER_LON": 9.912453333333334,
      "SOG": 0,
      "MOVINGTIME": 1802.0,
      "ARRIVALTIME": "20251203184207"
    },
    {
      "SEQ": 188,
      "BEFORE_NODE": 188.0,
      "AFTER_NODE": 189.0,
      "BEFORE_LAT": 53.53285666666667,
      "BEFORE_LON": 9.912453333333334,
      "AFTER_LAT": 53.532875,
      "AFTER_LON": 9.9124632,
      "SOG": 0,
      "MOVINGTIME": 1493.0,
      "ARRIVALTIME": "20251203190700"
    },
    {
      "SEQ": 189,
      "BEFORE_NODE": 189.0,
      "AFTER_NODE": 190.0,
      "BEFORE_LAT": 53.532875,
      "BEFORE_LON": 9.9124632,
      "AFTER_LAT": 53.532902,
      "AFTER_LON": 9.9124718,
      "SOG": 0,
      "MOVINGTIME": 1920.0,
      "ARRIVALTIME": "20251203193900"
    },
    {
      "SEQ": 190,
      "BEFORE_NODE": 190.0,
      "AFTER_NODE": 191.0,
      "BEFORE_LAT": 53.532902,
      "BEFORE_LON": 9.9124718,
      "AFTER_LAT": 53.532936666666664,
      "AFTER_LON": 9.912456666666667,
      "SOG": 0,
      "MOVINGTIME": 1628.0,
      "ARRIVALTIME": "20251203200608"
    },
    {
      "SEQ": 191,
      "BEFORE_NODE": 191.0,
      "AFTER_NODE": 192.0,
      "BEFORE_LAT": 53.532936666666664,
      "BEFORE_LON": 9.912456666666667,
      "AFTER_LAT": 53.532906,
      "AFTER_LON": 9.9124651,
      "SOG": 0,
      "MOVINGTIME": 1852.0,
      "ARRIVALTIME": "20251203203700"
    },
    {
      "SEQ": 192,
      "BEFORE_NODE": 192.0,
      "AFTER_NODE": 193.0,
      "BEFORE_LAT": 53.532906,
      "BEFORE_LON": 9.9124651,
      "AFTER_LAT": 53.5329,
      "AFTER_LON": 9.912491666666666,
      "SOG": 0,
      "MOVINGTIME": 2113.0,
      "ARRIVALTIME": "20251203211213"
    },
    {
      "SEQ": 193,
      "BEFORE_NODE": 193.0,
      "AFTER_NODE": 194.0,
      "BEFORE_LAT": 53.5329,
      "BEFORE_LON": 9.912491666666666,
      "AFTER_LAT": 53.532896666666666,
      "AFTER_LON": 9.912455,
      "SOG": 0,
      "MOVINGTIME": 1795.0,
      "ARRIVALTIME": "20251203214208"
    },
    {
      "SEQ": 194,
      "BEFORE_NODE": 194.0,
      "AFTER_NODE": 195.0,
      "BEFORE_LAT": 53.532896666666666,
      "BEFORE_LON": 9.912455,
      "AFTER_LAT": 53.532902,
      "AFTER_LON": 9.9124851,
      "SOG": 0,
      "MOVINGTIME": 1492.0,
      "ARRIVALTIME": "20251203220700"
    },
    {
      "SEQ": 195,
      "BEFORE_NODE": 195.0,
      "AFTER_NODE": 196.0,
      "BEFORE_LAT": 53.532902,
      "BEFORE_LON": 9.9124851,
      "AFTER_LAT": 53.53287666666667,
      "AFTER_LON": 9.912476666666667,
      "SOG": 0,
      "MOVINGTIME": 2106.0,
      "ARRIVALTIME": "20251203224206"
    },
    {
      "SEQ": 196,
      "BEFORE_NODE": 196.0,
      "AFTER_NODE": 197.0,
      "BEFORE_LAT": 53.53287666666667,
      "BEFORE_LON": 9.912476666666667,
      "AFTER_LAT": 53.53287666666667,
      "AFTER_LON": 9.912471666666667,
      "SOG": 0,
      "MOVINGTIME": 1445.0,
      "ARRIVALTIME": "20251203230611"
    },
    {
      "SEQ": 197,
      "BEFORE_NODE": 197.0,
      "AFTER_NODE": 198.0,
      "BEFORE_LAT": 53.53287666666667,
      "BEFORE_LON": 9.912471666666667,
      "AFTER_LAT": 53.53289,
      "AFTER_LON": 9.912481666666666,
      "SOG": 0,
      "MOVINGTIME": 1979.0,
      "ARRIVALTIME": "20251203233910"
    },
    {
      "SEQ": 198,
      "BEFORE_NODE": 198.0,
      "AFTER_NODE": 199.0,
      "BEFORE_LAT": 53.53289,
      "BEFORE_LON": 9.912481666666666,
      "AFTER_LAT": 53.53290666666667,
      "AFTER_LON": 9.91248,
      "SOG": 0,
      "MOVINGTIME": 1621.0,
      "ARRIVALTIME": "20251204000611"
    },
    {
      "SEQ": 199,
      "BEFORE_NODE": 199.0,
      "AFTER_NODE": 200.0,
      "BEFORE_LAT": 53.53290666666667,
      "BEFORE_LON": 9.91248,
      "AFTER_LAT": 53.532885,
      "AFTER_LON": 9.912451666666668,
      "SOG": 0,
      "MOVINGTIME": 2159.0,
      "ARRIVALTIME": "20251204004210"
    },
    {
      "SEQ": 200,
      "BEFORE_NODE": 200.0,
      "AFTER_NODE": 201.0,
      "BEFORE_LAT": 53.532885,
      "BEFORE_LON": 9.912451666666668,
      "AFTER_LAT": 53.532875,
      "AFTER_LON": 9.9124403,
      "SOG": 0,
      "MOVINGTIME": 1490.0,
      "ARRIVALTIME": "20251204010700"
    },
    {
      "SEQ": 201,
      "BEFORE_NODE": 201.0,
      "AFTER_NODE": 202.0,
      "BEFORE_LAT": 53.532875,
      "BEFORE_LON": 9.9124403,
      "AFTER_LAT": 53.532887,
      "AFTER_LON": 9.9124546,
      "SOG": 0,
      "MOVINGTIME": 2280.0,
      "ARRIVALTIME": "20251204014500"
    },
    {
      "SEQ": 202,
      "BEFORE_NODE": 202.0,
      "AFTER_NODE": 203.0,
      "BEFORE_LAT": 53.532887,
      "BEFORE_LON": 9.9124546,
      "AFTER_LAT": 53.532893333333334,
      "AFTER_LON": 9.912475,
      "SOG": 0,
      "MOVINGTIME": 1273.0,
      "ARRIVALTIME": "20251204020613"
    },
    {
      "SEQ": 203,
      "BEFORE_NODE": 203.0,
      "AFTER_NODE": 204.0,
      "BEFORE_LAT": 53.532893333333334,
      "BEFORE_LON": 9.912475,
      "AFTER_LAT": 53.532885,
      "AFTER_LON": 9.912441666666666,
      "SOG": 0,
      "MOVINGTIME": 2154.0,
      "ARRIVALTIME": "20251204024207"
    },
    {
      "SEQ": 204,
      "BEFORE_NODE": 204.0,
      "AFTER_NODE": 205.0,
      "BEFORE_LAT": 53.532885,
      "BEFORE_LON": 9.912441666666666,
      "AFTER_LAT": 53.532887,
      "AFTER_LON": 9.9124765,
      "SOG": 0,
      "MOVINGTIME": 1973.0,
      "ARRIVALTIME": "20251204031500"
    },
    {
      "SEQ": 205,
      "BEFORE_NODE": 205.0,
      "AFTER_NODE": 206.0,
      "BEFORE_LAT": 53.532887,
      "BEFORE_LON": 9.9124765,
      "AFTER_LAT": 53.532871666666665,
      "AFTER_LON": 9.91248,
      "SOG": 0,
      "MOVINGTIME": 1630.0,
      "ARRIVALTIME": "20251204034210"
    },
    {
      "SEQ": 206,
      "BEFORE_NODE": 206.0,
      "AFTER_NODE": 207.0,
      "BEFORE_LAT": 53.532871666666665,
      "BEFORE_LON": 9.91248,
      "AFTER_LAT": 53.532887,
      "AFTER_LON": 9.9124899,
      "SOG": 0,
      "MOVINGTIME": 1610.0,
      "ARRIVALTIME": "20251204040900"
    },
    {
      "SEQ": 207,
      "BEFORE_NODE": 207.0,
      "AFTER_NODE": 208.0,
      "BEFORE_LAT": 53.532887,
      "BEFORE_LON": 9.9124899,
      "AFTER_LAT": 53.532875,
      "AFTER_LON": 9.9124784,
      "SOG": 0,
      "MOVINGTIME": 1860.0,
      "ARRIVALTIME": "20251204044000"
    },
    {
      "SEQ": 208,
      "BEFORE_NODE": 208.0,
      "AFTER_NODE": 209.0,
      "BEFORE_LAT": 53.532875,
      "BEFORE_LON": 9.9124784,
      "AFTER_LAT": 53.532887,
      "AFTER_LON": 9.9124804,
      "SOG": 0,
      "MOVINGTIME": 1800.0,
      "ARRIVALTIME": "20251204051000"
    },
    {
      "SEQ": 209,
      "BEFORE_NODE": 209.0,
      "AFTER_NODE": 210.0,
      "BEFORE_LAT": 53.532887,
      "BEFORE_LON": 9.9124804,
      "AFTER_LAT": 53.532887,
      "AFTER_LON": 9.9124813,
      "SOG": 0,
      "MOVINGTIME": 1860.0,
      "ARRIVALTIME": "20251204054100"
    },
    {
      "SEQ": 210,
      "BEFORE_NODE": 210.0,
      "AFTER_NODE": 211.0,
      "BEFORE_LAT": 53.532887,
      "BEFORE_LON": 9.9124813,
      "AFTER_LAT": 53.532898,
      "AFTER_LON": 9.9124746,
      "SOG": 0,
      "MOVINGTIME": 1680.0,
      "ARRIVALTIME": "20251204060900"
    },
    {
      "SEQ": 211,
      "BEFORE_NODE": 211.0,
      "AFTER_NODE": 212.0,
      "BEFORE_LAT": 53.532898,
      "BEFORE_LON": 9.9124746,
      "AFTER_LAT": 53.53292166666667,
      "AFTER_LON": 9.9125,
      "SOG": 0,
      "MOVINGTIME": 1632.0,
      "ARRIVALTIME": "20251204063612"
    },
    {
      "SEQ": 212,
      "BEFORE_NODE": 212.0,
      "AFTER_NODE": 213.0,
      "BEFORE_LAT": 53.53292166666667,
      "BEFORE_LON": 9.9125,
      "AFTER_LAT": 53.532891666666664,
      "AFTER_LON": 9.912496666666666,
      "SOG": 0,
      "MOVINGTIME": 2161.0,
      "ARRIVALTIME": "20251204071213"
    },
    {
      "SEQ": 213,
      "BEFORE_NODE": 213.0,
      "AFTER_NODE": 214.0,
      "BEFORE_LAT": 53.532891666666664,
      "BEFORE_LON": 9.912496666666666,
      "AFTER_LAT": 53.532893333333334,
      "AFTER_LON": 9.912458333333333,
      "SOG": 0,
      "MOVINGTIME": 1441.0,
      "ARRIVALTIME": "20251204073614"
    },
    {
      "SEQ": 214,
      "BEFORE_NODE": 214.0,
      "AFTER_NODE": 215.0,
      "BEFORE_LAT": 53.532893333333334,
      "BEFORE_LON": 9.912458333333333,
      "AFTER_LAT": 53.53294,
      "AFTER_LON": 9.912465,
      "SOG": 0,
      "MOVINGTIME": 1797.0,
      "ARRIVALTIME": "20251204080611"
    },
    {
      "SEQ": 215,
      "BEFORE_NODE": 215.0,
      "AFTER_NODE": 216.0,
      "BEFORE_LAT": 53.53294,
      "BEFORE_LON": 9.912465,
      "AFTER_LAT": 53.53288833333333,
      "AFTER_LON": 9.912461666666667,
      "SOG": 0,
      "MOVINGTIME": 2161.0,
      "ARRIVALTIME": "20251204084212"
    },
    {
      "SEQ": 216,
      "BEFORE_NODE": 216.0,
      "AFTER_NODE": 217.0,
      "BEFORE_LAT": 53.53288833333333,
      "BEFORE_LON": 9.912461666666667,
      "AFTER_LAT": 53.53291,
      "AFTER_LON": 9.912463333333333,
      "SOG": 0,
      "MOVINGTIME": 1803.0,
      "ARRIVALTIME": "20251204091215"
    },
    {
      "SEQ": 217,
      "BEFORE_NODE": 217.0,
      "AFTER_NODE": 218.0,
      "BEFORE_LAT": 53.53291,
      "BEFORE_LON": 9.912463333333333,
      "AFTER_LAT": 53.53292,
      "AFTER_LON": 9.912451666666668,
      "SOG": 0,
      "MOVINGTIME": 1796.0,
      "ARRIVALTIME": "20251204094211"
    },
    {
      "SEQ": 218,
      "BEFORE_NODE": 218.0,
      "AFTER_NODE": 219.0,
      "BEFORE_LAT": 53.53292,
      "BEFORE_LON": 9.912451666666668,
      "AFTER_LAT": 53.53289,
      "AFTER_LON": 9.91247,
      "SOG": 0,
      "MOVINGTIME": 1440.0,
      "ARRIVALTIME": "20251204100611"
    },
    {
      "SEQ": 219,
      "BEFORE_NODE": 219.0,
      "AFTER_NODE": 220.0,
      "BEFORE_LAT": 53.53289,
      "BEFORE_LON": 9.91247,
      "AFTER_LAT": 53.53288666666667,
      "AFTER_LON": 9.912486666666666,
      "SOG": 0,
      "MOVINGTIME": 1978.0,
      "ARRIVALTIME": "20251204103909"
    },
    {
      "SEQ": 220,
      "BEFORE_NODE": 220.0,
      "AFTER_NODE": 221.0,
      "BEFORE_LAT": 53.53288666666667,
      "BEFORE_LON": 9.912486666666666,
      "AFTER_LAT": 53.532895,
      "AFTER_LON": 9.91247,
      "SOG": 0,
      "MOVINGTIME": 1982.0,
      "ARRIVALTIME": "20251204111211"
    },
    {
      "SEQ": 221,
      "BEFORE_NODE": 221.0,
      "AFTER_NODE": 222.0,
      "BEFORE_LAT": 53.532895,
      "BEFORE_LON": 9.91247,
      "AFTER_LAT": 53.532895,
      "AFTER_LON": 9.91248,
      "SOG": 0,
      "MOVINGTIME": 1801.0,
      "ARRIVALTIME": "20251204114212"
    },
    {
      "SEQ": 222,
      "BEFORE_NODE": 222.0,
      "AFTER_NODE": 223.0,
      "BEFORE_LAT": 53.532895,
      "BEFORE_LON": 9.91248,
      "AFTER_LAT": 53.53291,
      "AFTER_LON": 9.912495,
      "SOG": 0,
      "MOVINGTIME": 1803.0,
      "ARRIVALTIME": "20251204121215"
    },
    {
      "SEQ": 223,
      "BEFORE_NODE": 223.0,
      "AFTER_NODE": 224.0,
      "BEFORE_LAT": 53.53291,
      "BEFORE_LON": 9.912495,
      "AFTER_LAT": 53.53288,
      "AFTER_LON": 9.912505,
      "SOG": 0,
      "MOVINGTIME": 1794.0,
      "ARRIVALTIME": "20251204124209"
    },
    {
      "SEQ": 224,
      "BEFORE_NODE": 224.0,
      "AFTER_NODE": 225.0,
      "BEFORE_LAT": 53.53288,
      "BEFORE_LON": 9.912505,
      "AFTER_LAT": 53.532895,
      "AFTER_LON": 9.91248,
      "SOG": 0,
      "MOVINGTIME": 1802.0,
      "ARRIVALTIME": "20251204131211"
    },
    {
      "SEQ": 225,
      "BEFORE_NODE": 225.0,
      "AFTER_NODE": 226.0,
      "BEFORE_LAT": 53.532895,
      "BEFORE_LON": 9.91248,
      "AFTER_LAT": 53.532921,
      "AFTER_LON": 9.9124517,
      "SOG": 0,
      "MOVINGTIME": 1489.0,
      "ARRIVALTIME": "20251204133700"
    },
    {
      "SEQ": 226,
      "BEFORE_NODE": 226.0,
      "AFTER_NODE": 227.0,
      "BEFORE_LAT": 53.532921,
      "BEFORE_LON": 9.9124517,
      "AFTER_LAT": 53.532905,
      "AFTER_LON": 9.912466666666667,
      "SOG": 0,
      "MOVINGTIME": 2113.0,
      "ARRIVALTIME": "20251204141213"
    },
    {
      "SEQ": 227,
      "BEFORE_NODE": 227.0,
      "AFTER_NODE": 228.0,
      "BEFORE_LAT": 53.532905,
      "BEFORE_LON": 9.912466666666667,
      "AFTER_LAT": 53.53288666666667,
      "AFTER_LON": 9.912471666666667,
      "SOG": 0,
      "MOVINGTIME": 1797.0,
      "ARRIVALTIME": "20251204144210"
    },
    {
      "SEQ": 228,
      "BEFORE_NODE": 228.0,
      "AFTER_NODE": 229.0,
      "BEFORE_LAT": 53.53288666666667,
      "BEFORE_LON": 9.912471666666667,
      "AFTER_LAT": 53.532879,
      "AFTER_LON": 9.9124918,
      "SOG": 0,
      "MOVINGTIME": 1490.0,
      "ARRIVALTIME": "20251204150700"
    },
    {
      "SEQ": 229,
      "BEFORE_NODE": 229.0,
      "AFTER_NODE": 230.0,
      "BEFORE_LAT": 53.532879,
      "BEFORE_LON": 9.9124918,
      "AFTER_LAT": 53.532905,
      "AFTER_LON": 9.91246,
      "SOG": 0,
      "MOVINGTIME": 2112.0,
      "ARRIVALTIME": "20251204154212"
    },
    {
      "SEQ": 230,
      "BEFORE_NODE": 230.0,
      "AFTER_NODE": 231.0,
      "BEFORE_LAT": 53.532905,
      "BEFORE_LON": 9.91246,
      "AFTER_LAT": 53.532941666666666,
      "AFTER_LON": 9.912435,
      "SOG": 0,
      "MOVINGTIME": 1442.0,
      "ARRIVALTIME": "20251204160614"
    },
    {
      "SEQ": 231,
      "BEFORE_NODE": 231.0,
      "AFTER_NODE": 232.0,
      "BEFORE_LAT": 53.532941666666666,
      "BEFORE_LON": 9.912435,
      "AFTER_LAT": 53.532906,
      "AFTER_LON": 9.9125004,
      "SOG": 0,
      "MOVINGTIME": 1846.0,
      "ARRIVALTIME": "20251204163700"
    },
    {
      "SEQ": 232,
      "BEFORE_NODE": 232.0,
      "AFTER_NODE": 233.0,
      "BEFORE_LAT": 53.532906,
      "BEFORE_LON": 9.9125004,
      "AFTER_LAT": 53.532896666666666,
      "AFTER_LON": 9.912466666666667,
      "SOG": 0,
      "MOVINGTIME": 2111.0,
      "ARRIVALTIME": "20251204171211"
    },
    {
      "SEQ": 233,
      "BEFORE_NODE": 233.0,
      "AFTER_NODE": 234.0,
      "BEFORE_LAT": 53.532896666666666,
      "BEFORE_LON": 9.912466666666667,
      "AFTER_LAT": 53.53292,
      "AFTER_LON": 9.91248,
      "SOG": 0,
      "MOVINGTIME": 1620.0,
      "ARRIVALTIME": "20251204173911"
    },
    {
      "SEQ": 234,
      "BEFORE_NODE": 234.0,
      "AFTER_NODE": 235.0,
      "BEFORE_LAT": 53.53292,
      "BEFORE_LON": 9.91248,
      "AFTER_LAT": 53.532948,
      "AFTER_LON": 9.9124985,
      "SOG": 0,
      "MOVINGTIME": 1789.0,
      "ARRIVALTIME": "20251204180900"
    },
    {
      "SEQ": 235,
      "BEFORE_NODE": 235.0,
      "AFTER_NODE": 236.0,
      "BEFORE_LAT": 53.532948,
      "BEFORE_LON": 9.9124985,
      "AFTER_LAT": 53.532894,
      "AFTER_LON": 9.9124613,
      "SOG": 0,
      "MOVINGTIME": 1860.0,
      "ARRIVALTIME": "20251204184000"
    },
    {
      "SEQ": 236,
      "BEFORE_NODE": 236.0,
      "AFTER_NODE": 237.0,
      "BEFORE_LAT": 53.532894,
      "BEFORE_LON": 9.9124613,
      "AFTER_LAT": 53.532896666666666,
      "AFTER_LON": 9.912445,
      "SOG": 0,
      "MOVINGTIME": 1571.0,
      "ARRIVALTIME": "20251204190611"
    },
    {
      "SEQ": 237,
      "BEFORE_NODE": 237.0,
      "AFTER_NODE": 238.0,
      "BEFORE_LAT": 53.532896666666666,
      "BEFORE_LON": 9.912445,
      "AFTER_LAT": 53.53288,
      "AFTER_LON": 9.912425,
      "SOG": 0,
      "MOVINGTIME": 2167.0,
      "ARRIVALTIME": "20251204194218"
    },
    {
      "SEQ": 238,
      "BEFORE_NODE": 238.0,
      "AFTER_NODE": 239.0,
      "BEFORE_LAT": 53.53288,
      "BEFORE_LON": 9.912425,
      "AFTER_LAT": 53.53289,
      "AFTER_LON": 9.91243,
      "SOG": 0,
      "MOVINGTIME": 1799.0,
      "ARRIVALTIME": "20251204201217"
    },
    {
      "SEQ": 239,
      "BEFORE_NODE": 239.0,
      "AFTER_NODE": 240.0,
      "BEFORE_LAT": 53.53289,
      "BEFORE_LON": 9.91243,
      "AFTER_LAT": 53.532905,
      "AFTER_LON": 9.91251,
      "SOG": 0,
      "MOVINGTIME": 1794.0,
      "ARRIVALTIME": "20251204204211"
    },
    {
      "SEQ": 240,
      "BEFORE_NODE": 240.0,
      "AFTER_NODE": 241.0,
      "BEFORE_LAT": 53.532905,
      "BEFORE_LON": 9.91251,
      "AFTER_LAT": 53.532891666666664,
      "AFTER_LON": 9.91244,
      "SOG": 0,
      "MOVINGTIME": 1804.0,
      "ARRIVALTIME": "20251204211215"
    },
    {
      "SEQ": 241,
      "BEFORE_NODE": 241.0,
      "AFTER_NODE": 242.0,
      "BEFORE_LAT": 53.532891666666664,
      "BEFORE_LON": 9.91244,
      "AFTER_LAT": 53.532935,
      "AFTER_LON": 9.912495,
      "SOG": 0,
      "MOVINGTIME": 1797.0,
      "ARRIVALTIME": "20251204214212"
    },
    {
      "SEQ": 242,
      "BEFORE_NODE": 242.0,
      "AFTER_NODE": 243.0,
      "BEFORE_LAT": 53.532935,
      "BEFORE_LON": 9.912495,
      "AFTER_LAT": 53.53278,
      "AFTER_LON": 9.9124765,
      "SOG": 0,
      "MOVINGTIME": 1488.0,
      "ARRIVALTIME": "20251204220700"
    },
    {
      "SEQ": 243,
      "BEFORE_NODE": 243.0,
      "AFTER_NODE": 244.0,
      "BEFORE_LAT": 53.53278,
      "BEFORE_LON": 9.9124765,
      "AFTER_LAT": 53.532916666666665,
      "AFTER_LON": 9.912468333333333,
      "SOG": 0,
      "MOVINGTIME": 2112.0,
      "ARRIVALTIME": "20251204224212"
    },
    {
      "SEQ": 244,
      "BEFORE_NODE": 244.0,
      "AFTER_NODE": 245.0,
      "BEFORE_LAT": 53.532916666666665,
      "BEFORE_LON": 9.912468333333333,
      "AFTER_LAT": 53.532895,
      "AFTER_LON": 9.912481666666666,
      "SOG": 0,
      "MOVINGTIME": 1808.0,
      "ARRIVALTIME": "20251204231220"
    },
    {
      "SEQ": 245,
      "BEFORE_NODE": 245.0,
      "AFTER_NODE": 246.0,
      "BEFORE_LAT": 53.532895,
      "BEFORE_LON": 9.912481666666666,
      "AFTER_LAT": 53.532925,
      "AFTER_LON": 9.912475,
      "SOG": 0,
      "MOVINGTIME": 1801.0,
      "ARRIVALTIME": "20251204234221"
    },
    {
      "SEQ": 246,
      "BEFORE_NODE": 246.0,
      "AFTER_NODE": 247.0,
      "BEFORE_LAT": 53.532925,
      "BEFORE_LON": 9.912475,
      "AFTER_LAT": 53.5329,
      "AFTER_LON": 9.912471666666667,
      "SOG": 0,
      "MOVINGTIME": 1796.0,
      "ARRIVALTIME": "20251205001217"
    },
    {
      "SEQ": 247,
      "BEFORE_NODE": 247.0,
      "AFTER_NODE": 248.0,
      "BEFORE_LAT": 53.5329,
      "BEFORE_LON": 9.912471666666667,
      "AFTER_LAT": 53.532915,
      "AFTER_LON": 9.912476666666667,
      "SOG": 0,
      "MOVINGTIME": 1795.0,
      "ARRIVALTIME": "20251205004212"
    },
    {
      "SEQ": 248,
      "BEFORE_NODE": 248.0,
      "AFTER_NODE": 249.0,
      "BEFORE_LAT": 53.532915,
      "BEFORE_LON": 9.912476666666667,
      "AFTER_LAT": 53.532921,
      "AFTER_LON": 9.912447,
      "SOG": 0,
      "MOVINGTIME": 1668.0,
      "ARRIVALTIME": "20251205011000"
    },
    {
      "SEQ": 249,
      "BEFORE_NODE": 249.0,
      "AFTER_NODE": 250.0,
      "BEFORE_LAT": 53.532921,
      "BEFORE_LON": 9.912447,
      "AFTER_LAT": 53.53290166666667,
      "AFTER_LON": 9.912451666666668,
      "SOG": 0,
      "MOVINGTIME": 1933.0,
      "ARRIVALTIME": "20251205014213"
    },
    {
      "SEQ": 250,
      "BEFORE_NODE": 250.0,
      "AFTER_NODE": 251.0,
      "BEFORE_LAT": 53.53290166666667,
      "BEFORE_LON": 9.912451666666668,
      "AFTER_LAT": 53.53288,
      "AFTER_LON": 9.912446666666666,
      "SOG": 0,
      "MOVINGTIME": 1800.0,
      "ARRIVALTIME": "20251205021213"
    },
    {
      "SEQ": 251,
      "BEFORE_NODE": 251.0,
      "AFTER_NODE": 252.0,
      "BEFORE_LAT": 53.53288,
      "BEFORE_LON": 9.912446666666666,
      "AFTER_LAT": 53.53292166666667,
      "AFTER_LON": 9.912481666666666,
      "SOG": 0,
      "MOVINGTIME": 1801.0,
      "ARRIVALTIME": "20251205024214"
    },
    {
      "SEQ": 252,
      "BEFORE_NODE": 252.0,
      "AFTER_NODE": 253.0,
      "BEFORE_LAT": 53.53292166666667,
      "BEFORE_LON": 9.912481666666666,
      "AFTER_LAT": 53.53291333333333,
      "AFTER_LON": 9.912466666666667,
      "SOG": 0,
      "MOVINGTIME": 1804.0,
      "ARRIVALTIME": "20251205031218"
    },
    {
      "SEQ": 253,
      "BEFORE_NODE": 253.0,
      "AFTER_NODE": 254.0,
      "BEFORE_LAT": 53.53291333333333,
      "BEFORE_LON": 9.912466666666667,
      "AFTER_LAT": 53.5329,
      "AFTER_LON": 9.912443333333334,
      "SOG": 0,
      "MOVINGTIME": 1795.0,
      "ARRIVALTIME": "20251205034213"
    },
    {
      "SEQ": 254,
      "BEFORE_NODE": 254.0,
      "AFTER_NODE": 255.0,
      "BEFORE_LAT": 53.5329,
      "BEFORE_LON": 9.912443333333334,
      "AFTER_LAT": 53.532932,
      "AFTER_LON": 9.912468,
      "SOG": 0,
      "MOVINGTIME": 1607.0,
      "ARRIVALTIME": "20251205040900"
    },
    {
      "SEQ": 255,
      "BEFORE_NODE": 255.0,
      "AFTER_NODE": 256.0,
      "BEFORE_LAT": 53.532932,
      "BEFORE_LON": 9.912468,
      "AFTER_LAT": 53.532905,
      "AFTER_LON": 9.912491666666666,
      "SOG": 0,
      "MOVINGTIME": 2001.0,
      "ARRIVALTIME": "20251205044221"
    },
    {
      "SEQ": 256,
      "BEFORE_NODE": 256.0,
      "AFTER_NODE": 257.0,
      "BEFORE_LAT": 53.532905,
      "BEFORE_LON": 9.912491666666666,
      "AFTER_LAT": 53.53289,
      "AFTER_LON": 9.912447,
      "SOG": 0,
      "MOVINGTIME": 1779.0,
      "ARRIVALTIME": "20251205051200"
    },
    {
      "SEQ": 257,
      "BEFORE_NODE": 257.0,
      "AFTER_NODE": 258.0,
      "BEFORE_LAT": 53.53289,
      "BEFORE_LON": 9.912447,
      "AFTER_LAT": 53.532885,
      "AFTER_LON": 9.912426666666667,
      "SOG": 0,
      "MOVINGTIME": 1814.0,
      "ARRIVALTIME": "20251205054214"
    },
    {
      "SEQ": 258,
      "BEFORE_NODE": 258.0,
      "AFTER_NODE": 259.0,
      "BEFORE_LAT": 53.532885,
      "BEFORE_LON": 9.912426666666667,
      "AFTER_LAT": 53.532902,
      "AFTER_LON": 9.9124918,
      "SOG": 0,
      "MOVINGTIME": 1666.0,
      "ARRIVALTIME": "20251205061000"
    },
    {
      "SEQ": 259,
      "BEFORE_NODE": 259.0,
      "AFTER_NODE": 260.0,
      "BEFORE_LAT": 53.532902,
      "BEFORE_LON": 9.9124918,
      "AFTER_LAT": 53.53286,
      "AFTER_LON": 9.912526666666666,
      "SOG": 0,
      "MOVINGTIME": 1935.0,
      "ARRIVALTIME": "20251205064215"
    },
    {
      "SEQ": 260,
      "BEFORE_NODE": 260.0,
      "AFTER_NODE": 261.0,
      "BEFORE_LAT": 53.53286,
      "BEFORE_LON": 9.912526666666666,
      "AFTER_LAT": 53.53293166666667,
      "AFTER_LON": 9.912478333333333,
      "SOG": 0,
      "MOVINGTIME": 1807.0,
      "ARRIVALTIME": "20251205071222"
    },
    {
      "SEQ": 261,
      "BEFORE_NODE": 261.0,
      "AFTER_NODE": 262.0,
      "BEFORE_LAT": 53.53293166666667,
      "BEFORE_LON": 9.912478333333333,
      "AFTER_LAT": 53.532902,
      "AFTER_LON": 9.912468,
      "SOG": 0,
      "MOVINGTIME": 1538.0,
      "ARRIVALTIME": "20251205073800"
    },
    {
      "SEQ": 262,
      "BEFORE_NODE": 262.0,
      "AFTER_NODE": 263.0,
      "BEFORE_LAT": 53.532902,
      "BEFORE_LON": 9.912468,
      "AFTER_LAT": 53.532871666666665,
      "AFTER_LON": 9.912476666666667,
      "SOG": 0,
      "MOVINGTIME": 2055.0,
      "ARRIVALTIME": "20251205081215"
    },
    {
      "SEQ": 263,
      "BEFORE_NODE": 263.0,
      "AFTER_NODE": 264.0,
      "BEFORE_LAT": 53.532871666666665,
      "BEFORE_LON": 9.912476666666667,
      "AFTER_LAT": 53.53288833333333,
      "AFTER_LON": 9.912421666666667,
      "SOG": 0,
      "MOVINGTIME": 1806.0,
      "ARRIVALTIME": "20251205084221"
    },
    {
      "SEQ": 264,
      "BEFORE_NODE": 264.0,
      "AFTER_NODE": 265.0,
      "BEFORE_LAT": 53.53288833333333,
      "BEFORE_LON": 9.912421666666667,
      "AFTER_LAT": 53.532895,
      "AFTER_LON": 9.912416666666667,
      "SOG": 0,
      "MOVINGTIME": 1439.0,
      "ARRIVALTIME": "20251205090620"
    },
    {
      "SEQ": 265,
      "BEFORE_NODE": 265.0,
      "AFTER_NODE": 266.0,
      "BEFORE_LAT": 53.532895,
      "BEFORE_LON": 9.912416666666667,
      "AFTER_LAT": 53.532873333333335,
      "AFTER_LON": 9.912555,
      "SOG": 0,
      "MOVINGTIME": 2158.0,
      "ARRIVALTIME": "20251205094218"
    },
    {
      "SEQ": 266,
      "BEFORE_NODE": 266.0,
      "AFTER_NODE": 267.0,
      "BEFORE_LAT": 53.532873333333335,
      "BEFORE_LON": 9.912555,
      "AFTER_LAT": 53.532885,
      "AFTER_LON": 9.912481666666666,
      "SOG": 0,
      "MOVINGTIME": 1802.0,
      "ARRIVALTIME": "20251205101220"
    },
    {
      "SEQ": 267,
      "BEFORE_NODE": 267.0,
      "AFTER_NODE": 268.0,
      "BEFORE_LAT": 53.532885,
      "BEFORE_LON": 9.912481666666666,
      "AFTER_LAT": 53.532894,
      "AFTER_LON": 9.9124765,
      "SOG": 0,
      "MOVINGTIME": 1780.0,
      "ARRIVALTIME": "20251205104200"
    },
    {
      "SEQ": 268,
      "BEFORE_NODE": 268.0,
      "AFTER_NODE": 269.0,
      "BEFORE_LAT": 53.532894,
      "BEFORE_LON": 9.9124765,
      "AFTER_LAT": 53.53290333333333,
      "AFTER_LON": 9.912508333333333,
      "SOG": 0,
      "MOVINGTIME": 1821.0,
      "ARRIVALTIME": "20251205111221"
    },
    {
      "SEQ": 269,
      "BEFORE_NODE": 269.0,
      "AFTER_NODE": 270.0,
      "BEFORE_LAT": 53.53290333333333,
      "BEFORE_LON": 9.912508333333333,
      "AFTER_LAT": 53.53293333333333,
      "AFTER_LON": 9.912486666666666,
      "SOG": 0,
      "MOVINGTIME": 1801.0,
      "ARRIVALTIME": "20251205114222"
    },
    {
      "SEQ": 270,
      "BEFORE_NODE": 270.0,
      "AFTER_NODE": 271.0,
      "BEFORE_LAT": 53.53293333333333,
      "BEFORE_LON": 9.912486666666666,
      "AFTER_LAT": 53.53289,
      "AFTER_LON": 9.91249,
      "SOG": 0,
      "MOVINGTIME": 1799.0,
      "ARRIVALTIME": "20251205121221"
    },
    {
      "SEQ": 271,
      "BEFORE_NODE": 271.0,
      "AFTER_NODE": 272.0,
      "BEFORE_LAT": 53.53289,
      "BEFORE_LON": 9.91249,
      "AFTER_LAT": 53.532956666666664,
      "AFTER_LON": 9.912526666666666,
      "SOG": 0,
      "MOVINGTIME": 1619.0,
      "ARRIVALTIME": "20251205123920"
    },
    {
      "SEQ": 272,
      "BEFORE_NODE": 272.0,
      "AFTER_NODE": 273.0,
      "BEFORE_LAT": 53.532956666666664,
      "BEFORE_LON": 9.912526666666666,
      "AFTER_LAT": 53.532915,
      "AFTER_LON": 9.912468333333333,
      "SOG": 0,
      "MOVINGTIME": 2006.0,
      "ARRIVALTIME": "20251205131246"
    },
    {
      "SEQ": 273,
      "BEFORE_NODE": 273.0,
      "AFTER_NODE": 274.0,
      "BEFORE_LAT": 53.532915,
      "BEFORE_LON": 9.912468333333333,
      "AFTER_LAT": 53.532906,
      "AFTER_LON": 9.9124432,
      "SOG": 0,
      "MOVINGTIME": 1574.0,
      "ARRIVALTIME": "20251205133900"
    },
    {
      "SEQ": 274,
      "BEFORE_NODE": 274.0,
      "AFTER_NODE": 275.0,
      "BEFORE_LAT": 53.532906,
      "BEFORE_LON": 9.9124432,
      "AFTER_LAT": 53.532893333333334,
      "AFTER_LON": 9.912508333333333,
      "SOG": 0,
      "MOVINGTIME": 1999.0,
      "ARRIVALTIME": "20251205141219"
    },
    {
      "SEQ": 275,
      "BEFORE_NODE": 275.0,
      "AFTER_NODE": 276.0,
      "BEFORE_LAT": 53.532893333333334,
      "BEFORE_LON": 9.912508333333333,
      "AFTER_LAT": 53.532875,
      "AFTER_LON": 9.9125271,
      "SOG": 0,
      "MOVINGTIME": 1541.0,
      "ARRIVALTIME": "20251205143800"
    },
    {
      "SEQ": 276,
      "BEFORE_NODE": 276.0,
      "AFTER_NODE": 277.0,
      "BEFORE_LAT": 53.532875,
      "BEFORE_LON": 9.9125271,
      "AFTER_LAT": 53.532852,
      "AFTER_LON": 9.9125051,
      "SOG": 0,
      "MOVINGTIME": 1860.0,
      "ARRIVALTIME": "20251205150900"
    },
    {
      "SEQ": 277,
      "BEFORE_NODE": 277.0,
      "AFTER_NODE": 278.0,
      "BEFORE_LAT": 53.532852,
      "BEFORE_LON": 9.9125051,
      "AFTER_LAT": 53.532906,
      "AFTER_LON": 9.9124966,
      "SOG": 0,
      "MOVINGTIME": 1860.0,
      "ARRIVALTIME": "20251205154000"
    },
    {
      "SEQ": 278,
      "BEFORE_NODE": 278.0,
      "AFTER_NODE": 279.0,
      "BEFORE_LAT": 53.532906,
      "BEFORE_LON": 9.9124966,
      "AFTER_LAT": 53.532835,
      "AFTER_LON": 9.912463333333333,
      "SOG": 0,
      "MOVINGTIME": 1942.0,
      "ARRIVALTIME": "20251205161222"
    },
    {
      "SEQ": 279,
      "BEFORE_NODE": 279.0,
      "AFTER_NODE": 280.0,
      "BEFORE_LAT": 53.532835,
      "BEFORE_LON": 9.912463333333333,
      "AFTER_LAT": 53.53287666666667,
      "AFTER_LON": 9.912446666666666,
      "SOG": 0,
      "MOVINGTIME": 1620.0,
      "ARRIVALTIME": "20251205163922"
    },
    {
      "SEQ": 280,
      "BEFORE_NODE": 280.0,
      "AFTER_NODE": 281.0,
      "BEFORE_LAT": 53.53287666666667,
      "BEFORE_LON": 9.912446666666666,
      "AFTER_LAT": 53.532895,
      "AFTER_LON": 9.91249,
      "SOG": 0,
      "MOVINGTIME": 1977.0,
      "ARRIVALTIME": "20251205171219"
    },
    {
      "SEQ": 281,
      "BEFORE_NODE": 281.0,
      "AFTER_NODE": 282.0,
      "BEFORE_LAT": 53.532895,
      "BEFORE_LON": 9.91249,
      "AFTER_LAT": 53.532894,
      "AFTER_LON": 9.9124565,
      "SOG": 0,
      "MOVINGTIME": 1721.0,
      "ARRIVALTIME": "20251205174100"
    },
    {
      "SEQ": 282,
      "BEFORE_NODE": 282.0,
      "AFTER_NODE": 283.0,
      "BEFORE_LAT": 53.532894,
      "BEFORE_LON": 9.9124565,
      "AFTER_LAT": 53.532875,
      "AFTER_LON": 9.9124603,
      "SOG": 0,
      "MOVINGTIME": 1680.0,
      "ARRIVALTIME": "20251205180900"
    },
    {
      "SEQ": 283,
      "BEFORE_NODE": 283.0,
      "AFTER_NODE": 284.0,
      "BEFORE_LAT": 53.532875,
      "BEFORE_LON": 9.9124603,
      "AFTER_LAT": 53.532916666666665,
      "AFTER_LON": 9.912448333333334,
      "SOG": 0,
      "MOVINGTIME": 2000.0,
      "ARRIVALTIME": "20251205184220"
    },
    {
      "SEQ": 284,
      "BEFORE_NODE": 284.0,
      "AFTER_NODE": 285.0,
      "BEFORE_LAT": 53.532916666666665,
      "BEFORE_LON": 9.912448333333334,
      "AFTER_LAT": 53.532896666666666,
      "AFTER_LON": 9.912451666666668,
      "SOG": 0,
      "MOVINGTIME": 1801.0,
      "ARRIVALTIME": "20251205191221"
    },
    {
      "SEQ": 285,
      "BEFORE_NODE": 285.0,
      "AFTER_NODE": 286.0,
      "BEFORE_LAT": 53.532896666666666,
      "BEFORE_LON": 9.912451666666668,
      "AFTER_LAT": 53.532895,
      "AFTER_LON": 9.912405,
      "SOG": 0,
      "MOVINGTIME": 1796.0,
      "ARRIVALTIME": "20251205194217"
    },
    {
      "SEQ": 286,
      "BEFORE_NODE": 286.0,
      "AFTER_NODE": 287.0,
      "BEFORE_LAT": 53.532895,
      "BEFORE_LON": 9.912405,
      "AFTER_LAT": 53.532917,
      "AFTER_LON": 9.912468,
      "SOG": 0,
      "MOVINGTIME": 1663.0,
      "ARRIVALTIME": "20251205201000"
    },
    {
      "SEQ": 287,
      "BEFORE_NODE": 287.0,
      "AFTER_NODE": 288.0,
      "BEFORE_LAT": 53.532917,
      "BEFORE_LON": 9.912468,
      "AFTER_LAT": 53.532941666666666,
      "AFTER_LON": 9.912418333333333,
      "SOG": 0,
      "MOVINGTIME": 1942.0,
      "ARRIVALTIME": "20251205204222"
    },
    {
      "SEQ": 288,
      "BEFORE_NODE": 288.0,
      "AFTER_NODE": 289.0,
      "BEFORE_LAT": 53.532941666666666,
      "BEFORE_LON": 9.912418333333333,
      "AFTER_LAT": 53.532921,
      "AFTER_LON": 9.9124918,
      "SOG": 0,
      "MOVINGTIME": 1658.0,
      "ARRIVALTIME": "20251205211000"
    },
    {
      "SEQ": 289,
      "BEFORE_NODE": 289.0,
      "AFTER_NODE": 290.0,
      "BEFORE_LAT": 53.532921,
      "BEFORE_LON": 9.9124918,
      "AFTER_LAT": 53.532913,
      "AFTER_LON": 9.9124851,
      "SOG": 0,
      "MOVINGTIME": 1800.0,
      "ARRIVALTIME": "20251205214000"
    },
    {
      "SEQ": 290,
      "BEFORE_NODE": 290.0,
      "AFTER_NODE": 291.0,
      "BEFORE_LAT": 53.532913,
      "BEFORE_LON": 9.9124851,
      "AFTER_LAT": 53.532963,
      "AFTER_LON": 9.9125853,
      "SOG": 0,
      "MOVINGTIME": 1800.0,
      "ARRIVALTIME": "20251205221000"
    },
    {
      "SEQ": 291,
      "BEFORE_NODE": 291.0,
      "AFTER_NODE": 292.0,
      "BEFORE_LAT": 53.532963,
      "BEFORE_LON": 9.9125853,
      "AFTER_LAT": 53.532941666666666,
      "AFTER_LON": 9.912475,
      "SOG": 0,
      "MOVINGTIME": 1938.0,
      "ARRIVALTIME": "20251205224218"
    },
    {
      "SEQ": 292,
      "BEFORE_NODE": 292.0,
      "AFTER_NODE": 293.0,
      "BEFORE_LAT": 53.532941666666666,
      "BEFORE_LON": 9.912475,
      "AFTER_LAT": 53.53288666666667,
      "AFTER_LON": 9.912425,
      "SOG": 0,
      "MOVINGTIME": 1803.0,
      "ARRIVALTIME": "20251205231221"
    },
    {
      "SEQ": 293,
      "BEFORE_NODE": 293.0,
      "AFTER_NODE": 294.0,
      "BEFORE_LAT": 53.53288666666667,
      "BEFORE_LON": 9.912425,
      "AFTER_LAT": 53.532875,
      "AFTER_LON": 9.912487,
      "SOG": 0,
      "MOVINGTIME": 1719.0,
      "ARRIVALTIME": "20251205234100"
    },
    {
      "SEQ": 294,
      "BEFORE_NODE": 294.0,
      "AFTER_NODE": 295.0,
      "BEFORE_LAT": 53.532875,
      "BEFORE_LON": 9.912487,
      "AFTER_LAT": 53.532928,
      "AFTER_LON": 9.9124966,
      "SOG": 0,
      "MOVINGTIME": 1800.0,
      "ARRIVALTIME": "20251206001100"
    },
    {
      "SEQ": 295,
      "BEFORE_NODE": 295.0,
      "AFTER_NODE": 296.0,
      "BEFORE_LAT": 53.532928,
      "BEFORE_LON": 9.9124966,
      "AFTER_LAT": 53.532873333333335,
      "AFTER_LON": 9.912445,
      "SOG": 0,
      "MOVINGTIME": 1883.0,
      "ARRIVALTIME": "20251206004223"
    },
    {
      "SEQ": 296,
      "BEFORE_NODE": 296.0,
      "AFTER_NODE": 297.0,
      "BEFORE_LAT": 53.532873333333335,
      "BEFORE_LON": 9.912445,
      "AFTER_LAT": 53.532896666666666,
      "AFTER_LON": 9.912445,
      "SOG": 0,
      "MOVINGTIME": 1441.0,
      "ARRIVALTIME": "20251206010624"
    },
    {
      "SEQ": 297,
      "BEFORE_NODE": 297.0,
      "AFTER_NODE": 298.0,
      "BEFORE_LAT": 53.532896666666666,
      "BEFORE_LON": 9.912445,
      "AFTER_LAT": 53.532902,
      "AFTER_LON": 9.9124918,
      "SOG": 0,
      "MOVINGTIME": 1956.0,
      "ARRIVALTIME": "20251206013900"
    },
    {
      "SEQ": 298,
      "BEFORE_NODE": 298.0,
      "AFTER_NODE": 299.0,
      "BEFORE_LAT": 53.532902,
      "BEFORE_LON": 9.9124918,
      "AFTER_LAT": 53.532898,
      "AFTER_LON": 9.9124184,
      "SOG": 0,
      "MOVINGTIME": 1680.0,
      "ARRIVALTIME": "20251206020700"
    },
    {
      "SEQ": 299,
      "BEFORE_NODE": 299.0,
      "AFTER_NODE": 300.0,
      "BEFORE_LAT": 53.532898,
      "BEFORE_LON": 9.9124184,
      "AFTER_LAT": 53.53290666666667,
      "AFTER_LON": 9.91244,
      "SOG": 0,
      "MOVINGTIME": 2122.0,
      "ARRIVALTIME": "20251206024222"
    },
    {
      "SEQ": 300,
      "BEFORE_NODE": 300.0,
      "AFTER_NODE": 301.0,
      "BEFORE_LAT": 53.53290666666667,
      "BEFORE_LON": 9.91244,
      "AFTER_LAT": 53.532902,
      "AFTER_LON": 9.9124346,
      "SOG": 0,
      "MOVINGTIME": 1958.0,
      "ARRIVALTIME": "20251206031500"
    },
    {
      "SEQ": 301,
      "BEFORE_NODE": 301.0,
      "AFTER_NODE": 302.0,
      "BEFORE_LAT": 53.532902,
      "BEFORE_LON": 9.9124346,
      "AFTER_LAT": 53.5329,
      "AFTER_LON": 9.91246,
      "SOG": 0,
      "MOVINGTIME": 1460.0,
      "ARRIVALTIME": "20251206033920"
    },
    {
      "SEQ": 302,
      "BEFORE_NODE": 302.0,
      "AFTER_NODE": 303.0,
      "BEFORE_LAT": 53.5329,
      "BEFORE_LON": 9.91246,
      "AFTER_LAT": 53.53285833333333,
      "AFTER_LON": 9.912478333333333,
      "SOG": 0,
      "MOVINGTIME": 1980.0,
      "ARRIVALTIME": "20251206041220"
    },
    {
      "SEQ": 303,
      "BEFORE_NODE": 303.0,
      "AFTER_NODE": 304.0,
      "BEFORE_LAT": 53.53285833333333,
      "BEFORE_LON": 9.912478333333333,
      "AFTER_LAT": 53.532885,
      "AFTER_LON": 9.912466666666667,
      "SOG": 0,
      "MOVINGTIME": 1446.0,
      "ARRIVALTIME": "20251206043626"
    },
    {
      "SEQ": 304,
      "BEFORE_NODE": 304.0,
      "AFTER_NODE": 305.0,
      "BEFORE_LAT": 53.532885,
      "BEFORE_LON": 9.912466666666667,
      "AFTER_LAT": 53.532898,
      "AFTER_LON": 9.9124832,
      "SOG": 0,
      "MOVINGTIME": 2194.0,
      "ARRIVALTIME": "20251206051300"
    },
    {
      "SEQ": 305,
      "BEFORE_NODE": 305.0,
      "AFTER_NODE": 306.0,
      "BEFORE_LAT": 53.532898,
      "BEFORE_LON": 9.9124832,
      "AFTER_LAT": 53.5329,
      "AFTER_LON": 9.912471666666667,
      "SOG": 0,
      "MOVINGTIME": 1587.0,
      "ARRIVALTIME": "20251206053927"
    },
    {
      "SEQ": 306,
      "BEFORE_NODE": 306.0,
      "AFTER_NODE": 307.0,
      "BEFORE_LAT": 53.5329,
      "BEFORE_LON": 9.912471666666667,
      "AFTER_LAT": 53.53290666666667,
      "AFTER_LON": 9.91246,
      "SOG": 0,
      "MOVINGTIME": 1979.0,
      "ARRIVALTIME": "20251206061226"
    },
    {
      "SEQ": 307,
      "BEFORE_NODE": 307.0,
      "AFTER_NODE": 308.0,
      "BEFORE_LAT": 53.53290666666667,
      "BEFORE_LON": 9.91246,
      "AFTER_LAT": 53.532902,
      "AFTER_LON": 9.9124947,
      "SOG": 0,
      "MOVINGTIME": 1714.0,
      "ARRIVALTIME": "20251206064100"
    },
    {
      "SEQ": 308,
      "BEFORE_NODE": 308.0,
      "AFTER_NODE": 309.0,
      "BEFORE_LAT": 53.532902,
      "BEFORE_LON": 9.9124947,
      "AFTER_LAT": 53.532928,
      "AFTER_LON": 9.9125204,
      "SOG": 0,
      "MOVINGTIME": 1620.0,
      "ARRIVALTIME": "20251206070800"
    },
    {
      "SEQ": 309,
      "BEFORE_NODE": 309.0,
      "AFTER_NODE": 310.0,
      "BEFORE_LAT": 53.532928,
      "BEFORE_LON": 9.9125204,
      "AFTER_LAT": 53.532913,
      "AFTER_LON": 9.9124918,
      "SOG": 0,
      "MOVINGTIME": 1920.0,
      "ARRIVALTIME": "20251206074000"
    },
    {
      "SEQ": 310,
      "BEFORE_NODE": 310.0,
      "AFTER_NODE": 311.0,
      "BEFORE_LAT": 53.532913,
      "BEFORE_LON": 9.9124918,
      "AFTER_LAT": 53.532894,
      "AFTER_LON": 9.9124947,
      "SOG": 0,
      "MOVINGTIME": 1800.0,
      "ARRIVALTIME": "20251206081000"
    },
    {
      "SEQ": 311,
      "BEFORE_NODE": 311.0,
      "AFTER_NODE": 312.0,
      "BEFORE_LAT": 53.532894,
      "BEFORE_LON": 9.9124947,
      "AFTER_LAT": 53.532913,
      "AFTER_LON": 9.9124718,
      "SOG": 0,
      "MOVINGTIME": 1980.0,
      "ARRIVALTIME": "20251206084300"
    },
    {
      "SEQ": 312,
      "BEFORE_NODE": 312.0,
      "AFTER_NODE": 313.0,
      "BEFORE_LAT": 53.532913,
      "BEFORE_LON": 9.9124718,
      "AFTER_LAT": 53.53290333333333,
      "AFTER_LON": 9.912476666666667,
      "SOG": 0,
      "MOVINGTIME": 1763.0,
      "ARRIVALTIME": "20251206091223"
    },
    {
      "SEQ": 313,
      "BEFORE_NODE": 313.0,
      "AFTER_NODE": 314.0,
      "BEFORE_LAT": 53.53290333333333,
      "BEFORE_LON": 9.912476666666667,
      "AFTER_LAT": 53.53290666666667,
      "AFTER_LON": 9.912463333333333,
      "SOG": 0,
      "MOVINGTIME": 1618.0,
      "ARRIVALTIME": "20251206093921"
    },
    {
      "SEQ": 314,
      "BEFORE_NODE": 314.0,
      "AFTER_NODE": 315.0,
      "BEFORE_LAT": 53.53290666666667,
      "BEFORE_LON": 9.912463333333333,
      "AFTER_LAT": 53.532915,
      "AFTER_LON": 9.912463333333333,
      "SOG": 0,
      "MOVINGTIME": 1984.0,
      "ARRIVALTIME": "20251206101225"
    },
    {
      "SEQ": 315,
      "BEFORE_NODE": 315.0,
      "AFTER_NODE": 316.0,
      "BEFORE_LAT": 53.532915,
      "BEFORE_LON": 9.912463333333333,
      "AFTER_LAT": 53.532871,
      "AFTER_LON": 9.9125099,
      "SOG": 0,
      "MOVINGTIME": 1655.0,
      "ARRIVALTIME": "20251206104000"
    },
    {
      "SEQ": 316,
      "BEFORE_NODE": 316.0,
      "AFTER_NODE": 317.0,
      "BEFORE_LAT": 53.532871,
      "BEFORE_LON": 9.9125099,
      "AFTER_LAT": 53.532852,
      "AFTER_LON": 9.9125013,
      "SOG": 0,
      "MOVINGTIME": 1800.0,
      "ARRIVALTIME": "20251206111000"
    },
    {
      "SEQ": 317,
      "BEFORE_NODE": 317.0,
      "AFTER_NODE": 318.0,
      "BEFORE_LAT": 53.532852,
      "BEFORE_LON": 9.9125013,
      "AFTER_LAT": 53.5329,
      "AFTER_LON": 9.912405,
      "SOG": 0,
      "MOVINGTIME": 1582.0,
      "ARRIVALTIME": "20251206113622"
    },
    {
      "SEQ": 318,
      "BEFORE_NODE": 318.0,
      "AFTER_NODE": 319.0,
      "BEFORE_LAT": 53.5329,
      "BEFORE_LON": 9.912405,
      "AFTER_LAT": 53.53289,
      "AFTER_LON": 9.9124765,
      "SOG": 0,
      "MOVINGTIME": 878.0,
      "ARRIVALTIME": "20251206115100"
    },
    {
      "SEQ": 319,
      "BEFORE_NODE": 319.0,
      "AFTER_NODE": 320.0,
      "BEFORE_LAT": 53.53289,
      "BEFORE_LON": 9.9124765,
      "AFTER_LAT": 53.532887,
      "AFTER_LON": 9.9125051,
      "SOG": 0,
      "MOVINGTIME": 6360.0,
      "ARRIVALTIME": "20251206133700"
    },
    {
      "SEQ": 320,
      "BEFORE_NODE": 320.0,
      "AFTER_NODE": 321.0,
      "BEFORE_LAT": 53.532887,
      "BEFORE_LON": 9.9125051,
      "AFTER_LAT": 53.53288,
      "AFTER_LON": 9.912485,
      "SOG": 0,
      "MOVINGTIME": 2161.0,
      "ARRIVALTIME": "20251206141301"
    }
  ]
}