{
  "mmsi": "563004500",
  "PredResult": [
    {
      "SEQ": 0,
      "BEFORE_NODE": 0.0,
      "AFTER_NODE": 1.0,
      "BEFORE_LAT": 9.448638,
      "BEFORE_LON": -79.832016,
      "AFTER_LAT": 9.4480896,
      "AFTER_LON": -79.831947,
      "SOG": 0.2,
      "MOVINGTIME": 7260.0,
      "ARRIVALTIME": "20251129204800"
    },
    {
      "SEQ": 1,
      "BEFORE_NODE": 1.0,
      "AFTER_NODE": 2.0,
      "BEFORE_LAT": 9.4480896,
      "BEFORE_LON": -79.831947,
      "AFTER_LAT": 9.4477797,
      "AFTER_LON": -79.831909,
      "SOG": 0.3,
      "MOVINGTIME": 3540.0,
      "ARRIVALTIME": "20251129214700"
    },
    {
      "SEQ": 2,
      "BEFORE_NODE": 2.0,
      "AFTER_NODE": 3.0,
      "BEFORE_LAT": 9.4477797,
      "BEFORE_LON": -79.831909,
      "AFTER_LAT": 9.4481964,
      "AFTER_LON": -79.831993,
      "SOG": 0.5,
      "MOVINGTIME": 4294.0,
      "ARRIVALTIME": "20251129225834"
    },
    {
      "SEQ": 3,
      "BEFORE_NODE": 3.0,
      "AFTER_NODE": 4.0,
      "BEFORE_LAT": 9.4481964,
      "BEFORE_LON": -79.831993,
      "AFTER_LAT": 9.4484196,
      "AFTER_LON": -79.831978,
      "SOG": 0.3,
      "MOVINGTIME": 1286.0,
      "ARRIVALTIME": "20251129232000"
    },
    {
      "SEQ": 4,
      "BEFORE_NODE": 4.0,
      "AFTER_NODE": 5.0,
      "BEFORE_LAT": 9.4484196,
      "BEFORE_LON": -79.831978,
      "AFTER_LAT": 9.4485216,
      "AFTER_LON": -79.832092,
      "SOG": 0,
      "MOVINGTIME": 2280.0,
      "ARRIVALTIME": "20251129235800"
    },
    {
      "SEQ": 5,
      "BEFORE_NODE": 5.0,
      "AFTER_NODE": 6.0,
      "BEFORE_LAT": 9.4485216,
      "BEFORE_LON": -79.832092,
      "AFTER_LAT": 9.4486914,
      "AFTER_LON": -79.832153,
      "SOG": 0.1,
      "MOVINGTIME": 1980.0,
      "ARRIVALTIME": "20251130003100"
    },
    {
      "SEQ": 6,
      "BEFORE_NODE": 6.0,
      "AFTER_NODE": 7.0,
      "BEFORE_LAT": 9.4486914,
      "BEFORE_LON": -79.832153,
      "AFTER_LAT": 9.4486265,
      "AFTER_LON": -79.832237,
      "SOG": 0,
      "MOVINGTIME": 1620.0,
      "ARRIVALTIME": "20251130005800"
    },
    {
      "SEQ": 7,
      "BEFORE_NODE": 7.0,
      "AFTER_NODE": 8.0,
      "BEFORE_LAT": 9.4486265,
      "BEFORE_LON": -79.832237,
      "AFTER_LAT": 9.4482269,
      "AFTER_LON": -79.8321,
      "SOG": 0.2,
      "MOVINGTIME": 1320.0,
      "ARRIVALTIME": "20251130012000"
    },
    {
      "SEQ": 8,
      "BEFORE_NODE": 8.0,
      "AFTER_NODE": 9.0,
      "BEFORE_LAT": 9.4482269,
      "BEFORE_LON": -79.8321,
      "AFTER_LAT": 9.4478798,
      "AFTER_LON": -79.832146,
      "SOG": 0.3,
      "MOVINGTIME": 2160.0,
      "ARRIVALTIME": "20251130015600"
    },
    {
      "SEQ": 9,
      "BEFORE_NODE": 9.0,
      "AFTER_NODE": 10.0,
      "BEFORE_LAT": 9.4478798,
      "BEFORE_LON": -79.832146,
      "AFTER_LAT": 9.448,
      "AFTER_LON": -79.832077,
      "SOG": 0.2,
      "MOVINGTIME": 1680.0,
      "ARRIVALTIME": "20251130022400"
    },
    {
      "SEQ": 10,
      "BEFORE_NODE": 10.0,
      "AFTER_NODE": 11.0,
      "BEFORE_LAT": 9.448,
      "BEFORE_LON": -79.832077,
      "AFTER_LAT": 9.4482946,
      "AFTER_LON": -79.83197,
      "SOG": 0.1,
      "MOVINGTIME": 1800.0,
      "ARRIVALTIME": "20251130025400"
    },
    {
      "SEQ": 11,
      "BEFORE_NODE": 11.0,
      "AFTER_NODE": 12.0,
      "BEFORE_LAT": 9.4482946,
      "BEFORE_LON": -79.83197,
      "AFTER_LAT": 9.4485769,
      "AFTER_LON": -79.832069,
      "SOG": 0.1,
      "MOVINGTIME": 1740.0,
      "ARRIVALTIME": "20251130032300"
    },
    {
      "SEQ": 12,
      "BEFORE_NODE": 12.0,
      "AFTER_NODE": 13.0,
      "BEFORE_LAT": 9.4485769,
      "BEFORE_LON": -79.832069,
      "AFTER_LAT": 9.4482365,
      "AFTER_LON": -79.831863,
      "SOG": 0.2,
      "MOVINGTIME": 1500.0,
      "ARRIVALTIME": "20251130034800"
    },
    {
      "SEQ": 13,
      "BEFORE_NODE": 13.0,
      "AFTER_NODE": 14.0,
      "BEFORE_LAT": 9.4482365,
      "BEFORE_LON": -79.831863,
      "AFTER_LAT": 9.4455853,
      "AFTER_LON": -79.841309,
      "SOG": 6.5,
      "MOVINGTIME": 5340.0,
      "ARRIVALTIME": "20251130051700"
    },
    {
      "SEQ": 14,
      "BEFORE_NODE": 14.0,
      "AFTER_NODE": 15.0,
      "BEFORE_LAT": 9.4455853,
      "BEFORE_LON": -79.841309,
      "AFTER_LAT": 9.4128637,
      "AFTER_LON": -79.89212,
      "SOG": 5.8,
      "MOVINGTIME": 1860.0,
      "ARRIVALTIME": "20251130054800"
    },
    {
      "SEQ": 15,
      "BEFORE_NODE": 15.0,
      "AFTER_NODE": 16.0,
      "BEFORE_LAT": 9.4128637,
      "BEFORE_LON": -79.89212,
      "AFTER_LAT": 9.3639164,
      "AFTER_LON": -79.887695,
      "SOG": 3,
      "MOVINGTIME": 2100.0,
      "ARRIVALTIME": "20251130062300"
    },
    {
      "SEQ": 16,
      "BEFORE_NODE": 16.0,
      "AFTER_NODE": 17.0,
      "BEFORE_LAT": 9.3639164,
      "BEFORE_LON": -79.887695,
      "AFTER_LAT": 9.3582096,
      "AFTER_LON": -79.883217,
      "SOG": 0.1,
      "MOVINGTIME": 35520.0,
      "ARRIVALTIME": "20251130161500"
    },
    {
      "SEQ": 17,
      "BEFORE_NODE": 17.0,
      "AFTER_NODE": 18.0,
      "BEFORE_LAT": 9.3582096,
      "BEFORE_LON": -79.883217,
      "AFTER_LAT": 9.357873,
      "AFTER_LON": -79.882988,
      "SOG": 0,
      "MOVINGTIME": 7440.0,
      "ARRIVALTIME": "20251130181900"
    },
    {
      "SEQ": 18,
      "BEFORE_NODE": 18.0,
      "AFTER_NODE": 19.0,
      "BEFORE_LAT": 9.357873,
      "BEFORE_LON": -79.882988,
      "AFTER_LAT": 9.3581867,
      "AFTER_LON": -79.883163,
      "SOG": 0,
      "MOVINGTIME": 2160.0,
      "ARRIVALTIME": "20251130185500"
    },
    {
      "SEQ": 19,
      "BEFORE_NODE": 19.0,
      "AFTER_NODE": 20.0,
      "BEFORE_LAT": 9.3581867,
      "BEFORE_LON": -79.883163,
      "AFTER_LAT": 9.3581753,
      "AFTER_LON": -79.883263,
      "SOG": 0,
      "MOVINGTIME": 1740.0,
      "ARRIVALTIME": "20251130192400"
    },
    {
      "SEQ": 20,
      "BEFORE_NODE": 20.0,
      "AFTER_NODE": 21.0,
      "BEFORE_LAT": 9.3581753,
      "BEFORE_LON": -79.883263,
      "AFTER_LAT": 9.3582029,
      "AFTER_LON": -79.883255,
      "SOG": 0,
      "MOVINGTIME": 1980.0,
      "ARRIVALTIME": "20251130195700"
    },
    {
      "SEQ": 21,
      "BEFORE_NODE": 21.0,
      "AFTER_NODE": 22.0,
      "BEFORE_LAT": 9.3582029,
      "BEFORE_LON": -79.883255,
      "AFTER_LAT": 9.3581085,
      "AFTER_LON": -79.883202,
      "SOG": 0,
      "MOVINGTIME": 1680.0,
      "ARRIVALTIME": "20251130202500"
    },
    {
      "SEQ": 22,
      "BEFORE_NODE": 22.0,
      "AFTER_NODE": 23.0,
      "BEFORE_LAT": 9.3581085,
      "BEFORE_LON": -79.883202,
      "AFTER_LAT": 9.3581696,
      "AFTER_LON": -79.883247,
      "SOG": 0,
      "MOVINGTIME": 1620.0,
      "ARRIVALTIME": "20251130205200"
    },
    {
      "SEQ": 23,
      "BEFORE_NODE": 23.0,
      "AFTER_NODE": 24.0,
      "BEFORE_LAT": 9.3581696,
      "BEFORE_LON": -79.883247,
      "AFTER_LAT": 9.3582096,
      "AFTER_LON": -79.883209,
      "SOG": 0,
      "MOVINGTIME": 1740.0,
      "ARRIVALTIME": "20251130212100"
    },
    {
      "SEQ": 24,
      "BEFORE_NODE": 24.0,
      "AFTER_NODE": 25.0,
      "BEFORE_LAT": 9.3582096,
      "BEFORE_LON": -79.883209,
      "AFTER_LAT": 9.358202,
      "AFTER_LON": -79.883232,
      "SOG": 0,
      "MOVINGTIME": 1980.0,
      "ARRIVALTIME": "20251130215400"
    },
    {
      "SEQ": 25,
      "BEFORE_NODE": 25.0,
      "AFTER_NODE": 26.0,
      "BEFORE_LAT": 9.358202,
      "BEFORE_LON": -79.883232,
      "AFTER_LAT": 9.3581781,
      "AFTER_LON": -79.88324,
      "SOG": 0,
      "MOVINGTIME": 1860.0,
      "ARRIVALTIME": "20251130222500"
    },
    {
      "SEQ": 26,
      "BEFORE_NODE": 26.0,
      "AFTER_NODE": 27.0,
      "BEFORE_LAT": 9.3581781,
      "BEFORE_LON": -79.88324,
      "AFTER_LAT": 9.3581619,
      "AFTER_LON": -79.883247,
      "SOG": 0,
      "MOVINGTIME": 1740.0,
      "ARRIVALTIME": "20251130225400"
    },
    {
      "SEQ": 27,
      "BEFORE_NODE": 27.0,
      "AFTER_NODE": 28.0,
      "BEFORE_LAT": 9.3581619,
      "BEFORE_LON": -79.883247,
      "AFTER_LAT": 9.3581495,
      "AFTER_LON": -79.883224,
      "SOG": 0.1,
      "MOVINGTIME": 1980.0,
      "ARRIVALTIME": "20251130232700"
    },
    {
      "SEQ": 28,
      "BEFORE_NODE": 28.0,
      "AFTER_NODE": 29.0,
      "BEFORE_LAT": 9.3581495,
      "BEFORE_LON": -79.883224,
      "AFTER_LAT": 9.3581648,
      "AFTER_LON": -79.883286,
      "SOG": 0,
      "MOVINGTIME": 2100.0,
      "ARRIVALTIME": "20251201000200"
    },
    {
      "SEQ": 29,
      "BEFORE_NODE": 29.0,
      "AFTER_NODE": 30.0,
      "BEFORE_LAT": 9.3581648,
      "BEFORE_LON": -79.883286,
      "AFTER_LAT": 9.358263,
      "AFTER_LON": -79.88324,
      "SOG": 0,
      "MOVINGTIME": 1620.0,
      "ARRIVALTIME": "20251201002900"
    },
    {
      "SEQ": 30,
      "BEFORE_NODE": 30.0,
      "AFTER_NODE": 31.0,
      "BEFORE_LAT": 9.358263,
      "BEFORE_LON": -79.88324,
      "AFTER_LAT": 9.3581266,
      "AFTER_LON": -79.88324,
      "SOG": 0.1,
      "MOVINGTIME": 1800.0,
      "ARRIVALTIME": "20251201005900"
    },
    {
      "SEQ": 31,
      "BEFORE_NODE": 31.0,
      "AFTER_NODE": 32.0,
      "BEFORE_LAT": 9.3581266,
      "BEFORE_LON": -79.88324,
      "AFTER_LAT": 9.3582497,
      "AFTER_LON": -79.883316,
      "SOG": 0,
      "MOVINGTIME": 1620.0,
      "ARRIVALTIME": "20251201012600"
    },
    {
      "SEQ": 32,
      "BEFORE_NODE": 32.0,
      "AFTER_NODE": 33.0,
      "BEFORE_LAT": 9.3582497,
      "BEFORE_LON": -79.883316,
      "AFTER_LAT": 9.3582821,
      "AFTER_LON": -79.883286,
      "SOG": 0,
      "MOVINGTIME": 2160.0,
      "ARRIVALTIME": "20251201020200"
    },
    {
      "SEQ": 33,
      "BEFORE_NODE": 33.0,
      "AFTER_NODE": 34.0,
      "BEFORE_LAT": 9.3582821,
      "BEFORE_LON": -79.883286,
      "AFTER_LAT": 9.3580666,
      "AFTER_LON": -79.883423,
      "SOG": 0.1,
      "MOVINGTIME": 1740.0,
      "ARRIVALTIME": "20251201023100"
    },
    {
      "SEQ": 34,
      "BEFORE_NODE": 34.0,
      "AFTER_NODE": 35.0,
      "BEFORE_LAT": 9.3580666,
      "BEFORE_LON": -79.883423,
      "AFTER_LAT": 9.3582563,
      "AFTER_LON": -79.883255,
      "SOG": 0.1,
      "MOVINGTIME": 1320.0,
      "ARRIVALTIME": "20251201025300"
    },
    {
      "SEQ": 35,
      "BEFORE_NODE": 35.0,
      "AFTER_NODE": 36.0,
      "BEFORE_LAT": 9.3582563,
      "BEFORE_LON": -79.883255,
      "AFTER_LAT": 9.35818,
      "AFTER_LON": -79.88327,
      "SOG": 0.1,
      "MOVINGTIME": 1500.0,
      "ARRIVALTIME": "20251201031800"
    },
    {
      "SEQ": 36,
      "BEFORE_NODE": 36.0,
      "AFTER_NODE": 37.0,
      "BEFORE_LAT": 9.35818,
      "BEFORE_LON": -79.88327,
      "AFTER_LAT": 9.3581629,
      "AFTER_LON": -79.883255,
      "SOG": 0,
      "MOVINGTIME": 2100.0,
      "ARRIVALTIME": "20251201035300"
    },
    {
      "SEQ": 37,
      "BEFORE_NODE": 37.0,
      "AFTER_NODE": 38.0,
      "BEFORE_LAT": 9.3581629,
      "BEFORE_LON": -79.883255,
      "AFTER_LAT": 9.5592518,
      "AFTER_LON": -79.787682,
      "SOG": 11.1,
      "MOVINGTIME": 23040.0,
      "ARRIVALTIME": "20251201101700"
    },
    {
      "SEQ": 38,
      "BEFORE_NODE": 38.0,
      "AFTER_NODE": 39.0,
      "BEFORE_LAT": 9.5592518,
      "BEFORE_LON": -79.787682,
      "AFTER_LAT": 9.6261549,
      "AFTER_LON": -79.732368,
      "SOG": 11.5,
      "MOVINGTIME": 1920.0,
      "ARRIVALTIME": "20251201104900"
    },
    {
      "SEQ": 39,
      "BEFORE_NODE": 39.0,
      "AFTER_NODE": 40.0,
      "BEFORE_LAT": 9.6261549,
      "BEFORE_LON": -79.732368,
      "AFTER_LAT": 9.7755547,
      "AFTER_LON": -79.483528,
      "SOG": 11.6,
      "MOVINGTIME": 5280.0,
      "ARRIVALTIME": "20251201121700"
    },
    {
      "SEQ": 40,
      "BEFORE_NODE": 40.0,
      "AFTER_NODE": 41.0,
      "BEFORE_LAT": 9.7755547,
      "BEFORE_LON": -79.483528,
      "AFTER_LAT": 9.8784971,
      "AFTER_LON": -78.787308,
      "SOG": 10.5,
      "MOVINGTIME": 14460.0,
      "ARRIVALTIME": "20251201161800"
    },
    {
      "SEQ": 41,
      "BEFORE_NODE": 41.0,
      "AFTER_NODE": 42.0,
      "BEFORE_LAT": 9.8784971,
      "BEFORE_LON": -78.787308,
      "AFTER_LAT": 9.8907518,
      "AFTER_LON": -78.669144,
      "SOG": 10.5,
      "MOVINGTIME": 1740.0,
      "ARRIVALTIME": "20251201164700"
    },
    {
      "SEQ": 42,
      "BEFORE_NODE": 42.0,
      "AFTER_NODE": 43.0,
      "BEFORE_LAT": 9.8907518,
      "BEFORE_LON": -78.669144,
      "AFTER_LAT": 9.9014864,
      "AFTER_LON": -78.580597,
      "SOG": 10.6,
      "MOVINGTIME": 1860.0,
      "ARRIVALTIME": "20251201171800"
    },
    {
      "SEQ": 43,
      "BEFORE_NODE": 43.0,
      "AFTER_NODE": 44.0,
      "BEFORE_LAT": 9.9014864,
      "BEFORE_LON": -78.580597,
      "AFTER_LAT": 9.9491682,
      "AFTER_LON": -78.302414,
      "SOG": 10.3,
      "MOVINGTIME": 5400.0,
      "ARRIVALTIME": "20251201184800"
    },
    {
      "SEQ": 44,
      "BEFORE_NODE": 44.0,
      "AFTER_NODE": 45.0,
      "BEFORE_LAT": 9.9491682,
      "BEFORE_LON": -78.302414,
      "AFTER_LAT": 9.958643,
      "AFTER_LON": -78.243736,
      "SOG": 10.3,
      "MOVINGTIME": 1740.0,
      "ARRIVALTIME": "20251201191700"
    },
    {
      "SEQ": 45,
      "BEFORE_NODE": 45.0,
      "AFTER_NODE": 46.0,
      "BEFORE_LAT": 9.958643,
      "BEFORE_LON": -78.243736,
      "AFTER_LAT": 9.9851513,
      "AFTER_LON": -78.090363,
      "SOG": 10.1,
      "MOVINGTIME": 2676.0,
      "ARRIVALTIME": "20251201200136"
    },
    {
      "SEQ": 46,
      "BEFORE_NODE": 46.0,
      "AFTER_NODE": 47.0,
      "BEFORE_LAT": 9.9851513,
      "BEFORE_LON": -78.090363,
      "AFTER_LAT": 10.61332,
      "AFTER_LON": -76.02443,
      "SOG": 0.3,
      "MOVINGTIME": 59864.0,
      "ARRIVALTIME": "20251202123920"
    },
    {
      "SEQ": 47,
      "BEFORE_NODE": 47.0,
      "AFTER_NODE": 48.0,
      "BEFORE_LAT": 10.61332,
      "BEFORE_LON": -76.02443,
      "AFTER_LAT": 10.613182,
      "AFTER_LON": -76.021965,
      "SOG": 0.3,
      "MOVINGTIME": 1780.0,
      "ARRIVALTIME": "20251202130900"
    },
    {
      "SEQ": 48,
      "BEFORE_NODE": 48.0,
      "AFTER_NODE": 49.0,
      "BEFORE_LAT": 10.613182,
      "BEFORE_LON": -76.021965,
      "AFTER_LAT": 10.612918,
      "AFTER_LON": -76.020531,
      "SOG": 0.3,
      "MOVINGTIME": 840.0,
      "ARRIVALTIME": "20251202132300"
    },
    {
      "SEQ": 49,
      "BEFORE_NODE": 49.0,
      "AFTER_NODE": 50.0,
      "BEFORE_LAT": 10.612918,
      "BEFORE_LON": -76.020531,
      "AFTER_LAT": 10.612198333333334,
      "AFTER_LON": -76.016315,
      "SOG": 0.4,
      "MOVINGTIME": 2924.0,
      "ARRIVALTIME": "20251202141144"
    },
    {
      "SEQ": 50,
      "BEFORE_NODE": 50.0,
      "AFTER_NODE": 51.0,
      "BEFORE_LAT": 10.612198333333334,
      "BEFORE_LON": -76.016315,
      "AFTER_LAT": 10.611075,
      "AFTER_LON": -76.01413833333334,
      "SOG": 0.5,
      "MOVINGTIME": 1052.0,
      "ARRIVALTIME": "20251202142916"
    },
    {
      "SEQ": 51,
      "BEFORE_NODE": 51.0,
      "AFTER_NODE": 52.0,
      "BEFORE_LAT": 10.611075,
      "BEFORE_LON": -76.01413833333334,
      "AFTER_LAT": 10.60798,
      "AFTER_LON": -76.00924166666667,
      "SOG": 0.6,
      "MOVINGTIME": 2619.0,
      "ARRIVALTIME": "20251202151255"
    },
    {
      "SEQ": 52,
      "BEFORE_NODE": 52.0,
      "AFTER_NODE": 53.0,
      "BEFORE_LAT": 10.60798,
      "BEFORE_LON": -76.00924166666667,
      "AFTER_LAT": 10.606078333333333,
      "AFTER_LON": -76.00695833333333,
      "SOG": 0.6,
      "MOVINGTIME": 1368.0,
      "ARRIVALTIME": "20251202153543"
    },
    {
      "SEQ": 53,
      "BEFORE_NODE": 53.0,
      "AFTER_NODE": 54.0,
      "BEFORE_LAT": 10.606078333333333,
      "BEFORE_LON": -76.00695833333333,
      "AFTER_LAT": 10.603595,
      "AFTER_LON": -76.00292166666667,
      "SOG": 0.7,
      "MOVINGTIME": 1766.0,
      "ARRIVALTIME": "20251202160509"
    },
    {
      "SEQ": 54,
      "BEFORE_NODE": 54.0,
      "AFTER_NODE": 55.0,
      "BEFORE_LAT": 10.603595,
      "BEFORE_LON": -76.00292166666667,
      "AFTER_LAT": 10.602001666666666,
      "AFTER_LON": -75.99840333333333,
      "SOG": 0.7,
      "MOVINGTIME": 1406.0,
      "ARRIVALTIME": "20251202162835"
    },
    {
      "SEQ": 55,
      "BEFORE_NODE": 55.0,
      "AFTER_NODE": 56.0,
      "BEFORE_LAT": 10.602001666666666,
      "BEFORE_LON": -75.99840333333333,
      "AFTER_LAT": 10.599973333333333,
      "AFTER_LON": -75.99142833333333,
      "SOG": 0.7,
      "MOVINGTIME": 2353.0,
      "ARRIVALTIME": "20251202170748"
    },
    {
      "SEQ": 56,
      "BEFORE_NODE": 56.0,
      "AFTER_NODE": 57.0,
      "BEFORE_LAT": 10.599973333333333,
      "BEFORE_LON": -75.99142833333333,
      "AFTER_LAT": 10.597031666666666,
      "AFTER_LON": -75.985845,
      "SOG": 0.5,
      "MOVINGTIME": 1896.0,
      "ARRIVALTIME": "20251202173924"
    },
    {
      "SEQ": 57,
      "BEFORE_NODE": 57.0,
      "AFTER_NODE": 58.0,
      "BEFORE_LAT": 10.597031666666666,
      "BEFORE_LON": -75.985845,
      "AFTER_LAT": 10.596405,
      "AFTER_LON": -75.97677,
      "SOG": 0.9,
      "MOVINGTIME": 1980.0,
      "ARRIVALTIME": "20251202181224"
    },
    {
      "SEQ": 58,
      "BEFORE_NODE": 58.0,
      "AFTER_NODE": 59.0,
      "BEFORE_LAT": 10.596405,
      "BEFORE_LON": -75.97677,
      "AFTER_LAT": 10.594411666666666,
      "AFTER_LON": -75.96872333333333,
      "SOG": 0.7,
      "MOVINGTIME": 1763.0,
      "ARRIVALTIME": "20251202184147"
    },
    {
      "SEQ": 59,
      "BEFORE_NODE": 59.0,
      "AFTER_NODE": 60.0,
      "BEFORE_LAT": 10.594411666666666,
      "BEFORE_LON": -75.96872333333333,
      "AFTER_LAT": 10.594566666666667,
      "AFTER_LON": -75.964595,
      "SOG": 0.4,
      "MOVINGTIME": 1730.0,
      "ARRIVALTIME": "20251202191037"
    },
    {
      "SEQ": 60,
      "BEFORE_NODE": 60.0,
      "AFTER_NODE": 61.0,
      "BEFORE_LAT": 10.594566666666667,
      "BEFORE_LON": -75.964595,
      "AFTER_LAT": 10.595763333333334,
      "AFTER_LON": -75.95928333333333,
      "SOG": 0.9,
      "MOVINGTIME": 1890.0,
      "ARRIVALTIME": "20251202194207"
    },
    {
      "SEQ": 61,
      "BEFORE_NODE": 61.0,
      "AFTER_NODE": 62.0,
      "BEFORE_LAT": 10.595763333333334,
      "BEFORE_LON": -75.95928333333333,
      "AFTER_LAT": 10.594473,
      "AFTER_LON": -75.95269,
      "SOG": 0.6,
      "MOVINGTIME": 1793.0,
      "ARRIVALTIME": "20251202201200"
    },
    {
      "SEQ": 62,
      "BEFORE_NODE": 62.0,
      "AFTER_NODE": 63.0,
      "BEFORE_LAT": 10.594473,
      "BEFORE_LON": -75.95269,
      "AFTER_LAT": 10.593346666666667,
      "AFTER_LON": -75.94637333333333,
      "SOG": 0.7,
      "MOVINGTIME": 1380.0,
      "ARRIVALTIME": "20251202203500"
    },
    {
      "SEQ": 63,
      "BEFORE_NODE": 63.0,
      "AFTER_NODE": 64.0,
      "BEFORE_LAT": 10.593346666666667,
      "BEFORE_LON": -75.94637333333333,
      "AFTER_LAT": 10.591368333333333,
      "AFTER_LON": -75.94101166666667,
      "SOG": 0.5,
      "MOVINGTIME": 1948.0,
      "ARRIVALTIME": "20251202210728"
    },
    {
      "SEQ": 64,
      "BEFORE_NODE": 64.0,
      "AFTER_NODE": 65.0,
      "BEFORE_LAT": 10.591368333333333,
      "BEFORE_LON": -75.94101166666667,
      "AFTER_LAT": 10.588876666666666,
      "AFTER_LON": -75.93669333333334,
      "SOG": 0.3,
      "MOVINGTIME": 2093.0,
      "ARRIVALTIME": "20251202214221"
    },
    {
      "SEQ": 65,
      "BEFORE_NODE": 65.0,
      "AFTER_NODE": 66.0,
      "BEFORE_LAT": 10.588876666666666,
      "BEFORE_LON": -75.93669333333334,
      "AFTER_LAT": 10.587126666666666,
      "AFTER_LON": -75.93445666666666,
      "SOG": 0.3,
      "MOVINGTIME": 1816.0,
      "ARRIVALTIME": "20251202221237"
    },
    {
      "SEQ": 66,
      "BEFORE_NODE": 66.0,
      "AFTER_NODE": 67.0,
      "BEFORE_LAT": 10.587126666666666,
      "BEFORE_LON": -75.93445666666666,
      "AFTER_LAT": 10.58596,
      "AFTER_LON": -75.93232666666667,
      "SOG": 0.3,
      "MOVINGTIME": 1585.0,
      "ARRIVALTIME": "20251202223902"
    },
    {
      "SEQ": 67,
      "BEFORE_NODE": 67.0,
      "AFTER_NODE": 68.0,
      "BEFORE_LAT": 10.58596,
      "BEFORE_LON": -75.93232666666667,
      "AFTER_LAT": 10.58464,
      "AFTER_LON": -75.92999666666667,
      "SOG": 0.2,
      "MOVINGTIME": 1916.0,
      "ARRIVALTIME": "20251202231058"
    },
    {
      "SEQ": 68,
      "BEFORE_NODE": 68.0,
      "AFTER_NODE": 69.0,
      "BEFORE_LAT": 10.58464,
      "BEFORE_LON": -75.92999666666667,
      "AFTER_LAT": 10.582706666666667,
      "AFTER_LON": -75.92829333333333,
      "SOG": 0.4,
      "MOVINGTIME": 1619.0,
      "ARRIVALTIME": "20251202233757"
    },
    {
      "SEQ": 69,
      "BEFORE_NODE": 69.0,
      "AFTER_NODE": 70.0,
      "BEFORE_LAT": 10.582706666666667,
      "BEFORE_LON": -75.92829333333333,
      "AFTER_LAT": 10.579788333333333,
      "AFTER_LON": -75.92697666666666,
      "SOG": 0.4,
      "MOVINGTIME": 1729.0,
      "ARRIVALTIME": "20251203000646"
    },
    {
      "SEQ": 70,
      "BEFORE_NODE": 70.0,
      "AFTER_NODE": 71.0,
      "BEFORE_LAT": 10.579788333333333,
      "BEFORE_LON": -75.92697666666666,
      "AFTER_LAT": 10.576433333333334,
      "AFTER_LON": -75.92624333333333,
      "SOG": 0.5,
      "MOVINGTIME": 1471.0,
      "ARRIVALTIME": "20251203003117"
    },
    {
      "SEQ": 71,
      "BEFORE_NODE": 71.0,
      "AFTER_NODE": 72.0,
      "BEFORE_LAT": 10.576433333333334,
      "BEFORE_LON": -75.92624333333333,
      "AFTER_LAT": 10.570873333333333,
      "AFTER_LON": -75.92545333333334,
      "SOG": 0.4,
      "MOVINGTIME": 2393.0,
      "ARRIVALTIME": "20251203011110"
    },
    {
      "SEQ": 72,
      "BEFORE_NODE": 72.0,
      "AFTER_NODE": 73.0,
      "BEFORE_LAT": 10.570873333333333,
      "BEFORE_LON": -75.92545333333334,
      "AFTER_LAT": 10.570164,
      "AFTER_LON": -75.925613,
      "SOG": 0.3,
      "MOVINGTIME": 590.0,
      "ARRIVALTIME": "20251203012100"
    },
    {
      "SEQ": 73,
      "BEFORE_NODE": 73.0,
      "AFTER_NODE": 74.0,
      "BEFORE_LAT": 10.570164,
      "BEFORE_LON": -75.925613,
      "AFTER_LAT": 10.565828,
      "AFTER_LON": -75.925362,
      "SOG": 0.5,
      "MOVINGTIME": 1800.0,
      "ARRIVALTIME": "20251203015100"
    },
    {
      "SEQ": 74,
      "BEFORE_NODE": 74.0,
      "AFTER_NODE": 75.0,
      "BEFORE_LAT": 10.565828,
      "BEFORE_LON": -75.925362,
      "AFTER_LAT": 10.557371666666667,
      "AFTER_LON": -75.92374,
      "SOG": 0.8,
      "MOVINGTIME": 2488.0,
      "ARRIVALTIME": "20251203023228"
    },
    {
      "SEQ": 75,
      "BEFORE_NODE": 75.0,
      "AFTER_NODE": 76.0,
      "BEFORE_LAT": 10.557371666666667,
      "BEFORE_LON": -75.92374,
      "AFTER_LAT": 10.539416666666666,
      "AFTER_LON": -75.91982,
      "SOG": 0.8,
      "MOVINGTIME": 4731.0,
      "ARRIVALTIME": "20251203035119"
    },
    {
      "SEQ": 76,
      "BEFORE_NODE": 76.0,
      "AFTER_NODE": 77.0,
      "BEFORE_LAT": 10.539416666666666,
      "BEFORE_LON": -75.91982,
      "AFTER_LAT": 10.529736666666667,
      "AFTER_LON": -75.91813833333333,
      "SOG": 0.8,
      "MOVINGTIME": 2537.0,
      "ARRIVALTIME": "20251203043336"
    },
    {
      "SEQ": 77,
      "BEFORE_NODE": 77.0,
      "AFTER_NODE": 78.0,
      "BEFORE_LAT": 10.529736666666667,
      "BEFORE_LON": -75.91813833333333,
      "AFTER_LAT": 10.529737,
      "AFTER_LON": -75.918137,
      "SOG": 0.8,
      "MOVINGTIME": 984.0,
      "ARRIVALTIME": "20251203045000"
    },
    {
      "SEQ": 78,
      "BEFORE_NODE": 78.0,
      "AFTER_NODE": 79.0,
      "BEFORE_LAT": 10.529737,
      "BEFORE_LON": -75.918137,
      "AFTER_LAT": 10.511281666666667,
      "AFTER_LON": -75.91619333333334,
      "SOG": 0.8,
      "MOVINGTIME": 4479.0,
      "ARRIVALTIME": "20251203060439"
    },
    {
      "SEQ": 79,
      "BEFORE_NODE": 79.0,
      "AFTER_NODE": 80.0,
      "BEFORE_LAT": 10.511281666666667,
      "BEFORE_LON": -75.91619333333334,
      "AFTER_LAT": 10.503606666666666,
      "AFTER_LON": -75.91459,
      "SOG": 0.8,
      "MOVINGTIME": 2277.0,
      "ARRIVALTIME": "20251203064236"
    },
    {
      "SEQ": 80,
      "BEFORE_NODE": 80.0,
      "AFTER_NODE": 81.0,
      "BEFORE_LAT": 10.503606666666666,
      "BEFORE_LON": -75.91459,
      "AFTER_LAT": 10.497679,
      "AFTER_LON": -75.914276,
      "SOG": 0.8,
      "MOVINGTIME": 1764.0,
      "ARRIVALTIME": "20251203071200"
    },
    {
      "SEQ": 81,
      "BEFORE_NODE": 81.0,
      "AFTER_NODE": 82.0,
      "BEFORE_LAT": 10.497679,
      "BEFORE_LON": -75.914276,
      "AFTER_LAT": 10.489698,
      "AFTER_LON": -75.913048,
      "SOG": 0.8,
      "MOVINGTIME": 1980.0,
      "ARRIVALTIME": "20251203074500"
    },
    {
      "SEQ": 82,
      "BEFORE_NODE": 82.0,
      "AFTER_NODE": 83.0,
      "BEFORE_LAT": 10.489698,
      "BEFORE_LON": -75.913048,
      "AFTER_LAT": 10.484923333333333,
      "AFTER_LON": -75.9123,
      "SOG": 1,
      "MOVINGTIME": 959.0,
      "ARRIVALTIME": "20251203080059"
    },
    {
      "SEQ": 83,
      "BEFORE_NODE": 83.0,
      "AFTER_NODE": 84.0,
      "BEFORE_LAT": 10.484923333333333,
      "BEFORE_LON": -75.9123,
      "AFTER_LAT": 10.473438333333334,
      "AFTER_LON": -75.91185166666666,
      "SOG": 1,
      "MOVINGTIME": 2430.0,
      "ARRIVALTIME": "20251203084129"
    },
    {
      "SEQ": 84,
      "BEFORE_NODE": 84.0,
      "AFTER_NODE": 85.0,
      "BEFORE_LAT": 10.473438333333334,
      "BEFORE_LON": -75.91185166666666,
      "AFTER_LAT": 10.465055,
      "AFTER_LON": -75.91312666666667,
      "SOG": 0.9,
      "MOVINGTIME": 1749.0,
      "ARRIVALTIME": "20251203091038"
    },
    {
      "SEQ": 85,
      "BEFORE_NODE": 85.0,
      "AFTER_NODE": 86.0,
      "BEFORE_LAT": 10.465055,
      "BEFORE_LON": -75.91312666666667,
      "AFTER_LAT": 10.45547,
      "AFTER_LON": -75.91566166666667,
      "SOG": 1,
      "MOVINGTIME": 1932.0,
      "ARRIVALTIME": "20251203094250"
    },
    {
      "SEQ": 86,
      "BEFORE_NODE": 86.0,
      "AFTER_NODE": 87.0,
      "BEFORE_LAT": 10.45547,
      "BEFORE_LON": -75.91566166666667,
      "AFTER_LAT": 10.448596666666667,
      "AFTER_LON": -75.91862333333333,
      "SOG": 1.1,
      "MOVINGTIME": 1427.0,
      "ARRIVALTIME": "20251203100637"
    },
    {
      "SEQ": 87,
      "BEFORE_NODE": 87.0,
      "AFTER_NODE": 88.0,
      "BEFORE_LAT": 10.448596666666667,
      "BEFORE_LON": -75.91862333333333,
      "AFTER_LAT": 10.439965,
      "AFTER_LON": -75.92246,
      "SOG": 1.1,
      "MOVINGTIME": 1809.0,
      "ARRIVALTIME": "20251203103646"
    },
    {
      "SEQ": 88,
      "BEFORE_NODE": 88.0,
      "AFTER_NODE": 89.0,
      "BEFORE_LAT": 10.439965,
      "BEFORE_LON": -75.92246,
      "AFTER_LAT": 10.429664,
      "AFTER_LON": -75.928673,
      "SOG": 1.1,
      "MOVINGTIME": 2294.0,
      "ARRIVALTIME": "20251203111500"
    },
    {
      "SEQ": 89,
      "BEFORE_NODE": 89.0,
      "AFTER_NODE": 90.0,
      "BEFORE_LAT": 10.429664,
      "BEFORE_LON": -75.928673,
      "AFTER_LAT": 10.421206666666667,
      "AFTER_LON": -75.93168333333334,
      "SOG": 1,
      "MOVINGTIME": 1677.0,
      "ARRIVALTIME": "20251203114257"
    },
    {
      "SEQ": 90,
      "BEFORE_NODE": 90.0,
      "AFTER_NODE": 91.0,
      "BEFORE_LAT": 10.421206666666667,
      "BEFORE_LON": -75.93168333333334,
      "AFTER_LAT": 10.41378,
      "AFTER_LON": -75.93441333333334,
      "SOG": 1,
      "MOVINGTIME": 1501.0,
      "ARRIVALTIME": "20251203120758"
    },
    {
      "SEQ": 91,
      "BEFORE_NODE": 91.0,
      "AFTER_NODE": 92.0,
      "BEFORE_LAT": 10.41378,
      "BEFORE_LON": -75.93441333333334,
      "AFTER_LAT": 10.402466666666667,
      "AFTER_LON": -75.93928833333334,
      "SOG": 1.2,
      "MOVINGTIME": 2100.0,
      "ARRIVALTIME": "20251203124258"
    },
    {
      "SEQ": 92,
      "BEFORE_NODE": 92.0,
      "AFTER_NODE": 93.0,
      "BEFORE_LAT": 10.402466666666667,
      "BEFORE_LON": -75.93928833333334,
      "AFTER_LAT": 10.395011666666667,
      "AFTER_LON": -75.94338333333333,
      "SOG": 1.1,
      "MOVINGTIME": 1458.0,
      "ARRIVALTIME": "20251203130716"
    },
    {
      "SEQ": 93,
      "BEFORE_NODE": 93.0,
      "AFTER_NODE": 94.0,
      "BEFORE_LAT": 10.395011666666667,
      "BEFORE_LON": -75.94338333333333,
      "AFTER_LAT": 10.385808333333333,
      "AFTER_LON": -75.95070666666666,
      "SOG": 1.1,
      "MOVINGTIME": 2122.0,
      "ARRIVALTIME": "20251203134238"
    },
    {
      "SEQ": 94,
      "BEFORE_NODE": 94.0,
      "AFTER_NODE": 95.0,
      "BEFORE_LAT": 10.385808333333333,
      "BEFORE_LON": -75.95070666666666,
      "AFTER_LAT": 10.380498333333334,
      "AFTER_LON": -75.95576166666666,
      "SOG": 1,
      "MOVINGTIME": 1448.0,
      "ARRIVALTIME": "20251203140646"
    },
    {
      "SEQ": 95,
      "BEFORE_NODE": 95.0,
      "AFTER_NODE": 96.0,
      "BEFORE_LAT": 10.380498333333334,
      "BEFORE_LON": -75.95576166666666,
      "AFTER_LAT": 10.368336666666666,
      "AFTER_LON": -75.96695666666666,
      "SOG": 0.7,
      "MOVINGTIME": 3671.0,
      "ARRIVALTIME": "20251203150757"
    },
    {
      "SEQ": 96,
      "BEFORE_NODE": 96.0,
      "AFTER_NODE": 97.0,
      "BEFORE_LAT": 10.368336666666666,
      "BEFORE_LON": -75.96695666666666,
      "AFTER_LAT": 10.363497,
      "AFTER_LON": -75.971313,
      "SOG": 0.8,
      "MOVINGTIME": 2163.0,
      "ARRIVALTIME": "20251203154400"
    },
    {
      "SEQ": 97,
      "BEFORE_NODE": 97.0,
      "AFTER_NODE": 98.0,
      "BEFORE_LAT": 10.363497,
      "BEFORE_LON": -75.971313,
      "AFTER_LAT": 10.35875,
      "AFTER_LON": -75.975175,
      "SOG": 0.7,
      "MOVINGTIME": 854.0,
      "ARRIVALTIME": "20251203155814"
    },
    {
      "SEQ": 98,
      "BEFORE_NODE": 98.0,
      "AFTER_NODE": 99.0,
      "BEFORE_LAT": 10.35875,
      "BEFORE_LON": -75.975175,
      "AFTER_LAT": 10.35074,
      "AFTER_LON": -75.982201,
      "SOG": 0.6,
      "MOVINGTIME": 2926.0,
      "ARRIVALTIME": "20251203164700"
    },
    {
      "SEQ": 99,
      "BEFORE_NODE": 99.0,
      "AFTER_NODE": 100.0,
      "BEFORE_LAT": 10.35074,
      "BEFORE_LON": -75.982201,
      "AFTER_LAT": 10.347745,
      "AFTER_LON": -75.98497333333333,
      "SOG": 0.7,
      "MOVINGTIME": 1226.0,
      "ARRIVALTIME": "20251203170726"
    },
    {
      "SEQ": 100,
      "BEFORE_NODE": 100.0,
      "AFTER_NODE": 101.0,
      "BEFORE_LAT": 10.347745,
      "BEFORE_LON": -75.98497333333333,
      "AFTER_LAT": 10.344661666666667,
      "AFTER_LON": -75.987855,
      "SOG": 0.5,
      "MOVINGTIME": 1259.0,
      "ARRIVALTIME": "20251203172825"
    },
    {
      "SEQ": 101,
      "BEFORE_NODE": 101.0,
      "AFTER_NODE": 102.0,
      "BEFORE_LAT": 10.344661666666667,
      "BEFORE_LON": -75.987855,
      "AFTER_LAT": 10.33886,
      "AFTER_LON": -75.99381166666667,
      "SOG": 0.8,
      "MOVINGTIME": 2481.0,
      "ARRIVALTIME": "20251203180946"
    },
    {
      "SEQ": 102,
      "BEFORE_NODE": 102.0,
      "AFTER_NODE": 103.0,
      "BEFORE_LAT": 10.33886,
      "BEFORE_LON": -75.99381166666667,
      "AFTER_LAT": 10.334845,
      "AFTER_LON": -76.00045666666666,
      "SOG": 0.7,
      "MOVINGTIME": 1920.0,
      "ARRIVALTIME": "20251203184146"
    },
    {
      "SEQ": 103,
      "BEFORE_NODE": 103.0,
      "AFTER_NODE": 104.0,
      "BEFORE_LAT": 10.334845,
      "BEFORE_LON": -76.00045666666666,
      "AFTER_LAT": 10.324148,
      "AFTER_LON": -76.021866,
      "SOG": 1.1,
      "MOVINGTIME": 5294.0,
      "ARRIVALTIME": "20251203201000"
    },
    {
      "SEQ": 104,
      "BEFORE_NODE": 104.0,
      "AFTER_NODE": 105.0,
      "BEFORE_LAT": 10.324148,
      "BEFORE_LON": -76.021866,
      "AFTER_LAT": 10.31701,
      "AFTER_LON": -76.034725,
      "SOG": 0.8,
      "MOVINGTIME": 2796.0,
      "ARRIVALTIME": "20251203205636"
    },
    {
      "SEQ": 105,
      "BEFORE_NODE": 105.0,
      "AFTER_NODE": 106.0,
      "BEFORE_LAT": 10.31701,
      "BEFORE_LON": -76.034725,
      "AFTER_LAT": 10.373893333333333,
      "AFTER_LON": -75.82913666666667,
      "SOG": 11.3,
      "MOVINGTIME": 7847.0,
      "ARRIVALTIME": "20251203230723"
    },
    {
      "SEQ": 106,
      "BEFORE_NODE": 106.0,
      "AFTER_NODE": 107.0,
      "BEFORE_LAT": 10.373893333333333,
      "BEFORE_LON": -75.82913666666667,
      "AFTER_LAT": 10.33659,
      "AFTER_LON": -75.729405,
      "SOG": 11.8,
      "MOVINGTIME": 1941.0,
      "ARRIVALTIME": "20251203233944"
    },
    {
      "SEQ": 107,
      "BEFORE_NODE": 107.0,
      "AFTER_NODE": 108.0,
      "BEFORE_LAT": 10.33659,
      "BEFORE_LON": -75.729405,
      "AFTER_LAT": 10.305281666666668,
      "AFTER_LON": -75.66240833333333,
      "SOG": 4,
      "MOVINGTIME": 1690.0,
      "ARRIVALTIME": "20251204000754"
    },
    {
      "SEQ": 108,
      "BEFORE_NODE": 108.0,
      "AFTER_NODE": 109.0,
      "BEFORE_LAT": 10.305281666666668,
      "BEFORE_LON": -75.66240833333333,
      "AFTER_LAT": 10.312771666666666,
      "AFTER_LON": -75.61034,
      "SOG": 8.3,
      "MOVINGTIME": 2080.0,
      "ARRIVALTIME": "20251204004234"
    },
    {
      "SEQ": 109,
      "BEFORE_NODE": 109.0,
      "AFTER_NODE": 110.0,
      "BEFORE_LAT": 10.312771666666666,
      "BEFORE_LON": -75.61034,
      "AFTER_LAT": 10.326583333333334,
      "AFTER_LON": -75.55023666666666,
      "SOG": 6.3,
      "MOVINGTIME": 1520.0,
      "ARRIVALTIME": "20251204010754"
    },
    {
      "SEQ": 110,
      "BEFORE_NODE": 110.0,
      "AFTER_NODE": 111.0,
      "BEFORE_LAT": 10.326583333333334,
      "BEFORE_LON": -75.55023666666666,
      "AFTER_LAT": 10.3565,
      "AFTER_LON": -75.52933666666667,
      "SOG": 0.8,
      "MOVINGTIME": 2098.0,
      "ARRIVALTIME": "20251204014252"
    },
    {
      "SEQ": 111,
      "BEFORE_NODE": 111.0,
      "AFTER_NODE": 112.0,
      "BEFORE_LAT": 10.3565,
      "BEFORE_LON": -75.52933666666667,
      "AFTER_LAT": 10.37462,
      "AFTER_LON": -75.51819833333333,
      "SOG": 3.2,
      "MOVINGTIME": 1451.0,
      "ARRIVALTIME": "20251204020703"
    },
    {
      "SEQ": 112,
      "BEFORE_NODE": 112.0,
      "AFTER_NODE": 113.0,
      "BEFORE_LAT": 10.37462,
      "BEFORE_LON": -75.51819833333333,
      "AFTER_LAT": 10.37942,
      "AFTER_LON": -75.51157333333333,
      "SOG": 0,
      "MOVINGTIME": 2158.0,
      "ARRIVALTIME": "20251204024301"
    },
    {
      "SEQ": 113,
      "BEFORE_NODE": 113.0,
      "AFTER_NODE": 114.0,
      "BEFORE_LAT": 10.37942,
      "BEFORE_LON": -75.51157333333333,
      "AFTER_LAT": 10.379398333333333,
      "AFTER_LON": -75.51160333333333,
      "SOG": 0,
      "MOVINGTIME": 1442.0,
      "ARRIVALTIME": "20251204030703"
    },
    {
      "SEQ": 114,
      "BEFORE_NODE": 114.0,
      "AFTER_NODE": 115.0,
      "BEFORE_LAT": 10.379398333333333,
      "BEFORE_LON": -75.51160333333333,
      "AFTER_LAT": 10.379268333333334,
      "AFTER_LON": -75.51160333333333,
      "SOG": 0,
      "MOVINGTIME": 2157.0,
      "ARRIVALTIME": "20251204034300"
    },
    {
      "SEQ": 115,
      "BEFORE_NODE": 115.0,
      "AFTER_NODE": 116.0,
      "BEFORE_LAT": 10.379268333333334,
      "BEFORE_LON": -75.51160333333333,
      "AFTER_LAT": 10.379385,
      "AFTER_LON": -75.51161,
      "SOG": 0,
      "MOVINGTIME": 1441.0,
      "ARRIVALTIME": "20251204040701"
    },
    {
      "SEQ": 116,
      "BEFORE_NODE": 116.0,
      "AFTER_NODE": 117.0,
      "BEFORE_LAT": 10.379385,
      "BEFORE_LON": -75.51161,
      "AFTER_LAT": 10.379383333333333,
      "AFTER_LON": -75.51159,
      "SOG": 0,
      "MOVINGTIME": 1617.0,
      "ARRIVALTIME": "20251204043358"
    },
    {
      "SEQ": 117,
      "BEFORE_NODE": 117.0,
      "AFTER_NODE": 118.0,
      "BEFORE_LAT": 10.379383333333333,
      "BEFORE_LON": -75.51159,
      "AFTER_LAT": 10.37942,
      "AFTER_LON": -75.511574,
      "SOG": 0,
      "MOVINGTIME": 2642.0,
      "ARRIVALTIME": "20251204051800"
    },
    {
      "SEQ": 118,
      "BEFORE_NODE": 118.0,
      "AFTER_NODE": 119.0,
      "BEFORE_LAT": 10.37942,
      "BEFORE_LON": -75.511574,
      "AFTER_LAT": 10.37945,
      "AFTER_LON": -75.511566,
      "SOG": 0,
      "MOVINGTIME": 1920.0,
      "ARRIVALTIME": "20251204055000"
    },
    {
      "SEQ": 119,
      "BEFORE_NODE": 119.0,
      "AFTER_NODE": 120.0,
      "BEFORE_LAT": 10.37945,
      "BEFORE_LON": -75.511566,
      "AFTER_LAT": 10.379425,
      "AFTER_LON": -75.511627,
      "SOG": 0,
      "MOVINGTIME": 6540.0,
      "ARRIVALTIME": "20251204073900"
    },
    {
      "SEQ": 120,
      "BEFORE_NODE": 120.0,
      "AFTER_NODE": 121.0,
      "BEFORE_LAT": 10.379425,
      "BEFORE_LON": -75.511627,
      "AFTER_LAT": 10.379414,
      "AFTER_LON": -75.511604,
      "SOG": 0,
      "MOVINGTIME": 3780.0,
      "ARRIVALTIME": "20251204084200"
    },
    {
      "SEQ": 121,
      "BEFORE_NODE": 121.0,
      "AFTER_NODE": 122.0,
      "BEFORE_LAT": 10.379414,
      "BEFORE_LON": -75.511604,
      "AFTER_LAT": 10.379501,
      "AFTER_LON": -75.511604,
      "SOG": 0,
      "MOVINGTIME": 1800.0,
      "ARRIVALTIME": "20251204091200"
    },
    {
      "SEQ": 122,
      "BEFORE_NODE": 122.0,
      "AFTER_NODE": 123.0,
      "BEFORE_LAT": 10.379501,
      "BEFORE_LON": -75.511604,
      "AFTER_LAT": 10.379686666666666,
      "AFTER_LON": -75.51158333333333,
      "SOG": 0,
      "MOVINGTIME": 1501.0,
      "ARRIVALTIME": "20251204093701"
    },
    {
      "SEQ": 123,
      "BEFORE_NODE": 123.0,
      "AFTER_NODE": 124.0,
      "BEFORE_LAT": 10.379686666666666,
      "BEFORE_LON": -75.51158333333333,
      "AFTER_LAT": 10.379455,
      "AFTER_LON": -75.51159,
      "SOG": 0,
      "MOVINGTIME": 3420.0,
      "ARRIVALTIME": "20251204103401"
    },
    {
      "SEQ": 124,
      "BEFORE_NODE": 124.0,
      "AFTER_NODE": 125.0,
      "BEFORE_LAT": 10.379455,
      "BEFORE_LON": -75.51159,
      "AFTER_LAT": 10.379408,
      "AFTER_LON": -75.511589,
      "SOG": 0,
      "MOVINGTIME": 2279.0,
      "ARRIVALTIME": "20251204111200"
    },
    {
      "SEQ": 125,
      "BEFORE_NODE": 125.0,
      "AFTER_NODE": 126.0,
      "BEFORE_LAT": 10.379408,
      "BEFORE_LON": -75.511589,
      "AFTER_LAT": 10.37929,
      "AFTER_LON": -75.511485,
      "SOG": 0,
      "MOVINGTIME": 1860.0,
      "ARRIVALTIME": "20251204114300"
    },
    {
      "SEQ": 126,
      "BEFORE_NODE": 126.0,
      "AFTER_NODE": 127.0,
      "BEFORE_LAT": 10.37929,
      "BEFORE_LON": -75.511485,
      "AFTER_LAT": 10.379416666666666,
      "AFTER_LON": -75.51154166666667,
      "SOG": 0,
      "MOVINGTIME": 726.0,
      "ARRIVALTIME": "20251204115506"
    },
    {
      "SEQ": 127,
      "BEFORE_NODE": 127.0,
      "AFTER_NODE": 128.0,
      "BEFORE_LAT": 10.379416666666666,
      "BEFORE_LON": -75.51154166666667,
      "AFTER_LAT": 10.379476666666667,
      "AFTER_LON": -75.51158666666667,
      "SOG": 0,
      "MOVINGTIME": 2516.0,
      "ARRIVALTIME": "20251204123702"
    },
    {
      "SEQ": 128,
      "BEFORE_NODE": 128.0,
      "AFTER_NODE": 129.0,
      "BEFORE_LAT": 10.379476666666667,
      "BEFORE_LON": -75.51158666666667,
      "AFTER_LAT": 10.379491666666667,
      "AFTER_LON": -75.511555,
      "SOG": 0,
      "MOVINGTIME": 1438.0,
      "ARRIVALTIME": "20251204130100"
    },
    {
      "SEQ": 129,
      "BEFORE_NODE": 129.0,
      "AFTER_NODE": 130.0,
      "BEFORE_LAT": 10.379491666666667,
      "BEFORE_LON": -75.511555,
      "AFTER_LAT": 10.37907,
      "AFTER_LON": -75.51280166666666,
      "SOG": 2.1,
      "MOVINGTIME": 8592.0,
      "ARRIVALTIME": "20251204152412"
    },
    {
      "SEQ": 130,
      "BEFORE_NODE": 130.0,
      "AFTER_NODE": 131.0,
      "BEFORE_LAT": 10.37907,
      "BEFORE_LON": -75.51280166666666,
      "AFTER_LAT": 10.318795,
      "AFTER_LON": -75.60393333333333,
      "SOG": 13.2,
      "MOVINGTIME": 2624.0,
      "ARRIVALTIME": "20251204160756"
    },
    {
      "SEQ": 131,
      "BEFORE_NODE": 131.0,
      "AFTER_NODE": 132.0,
      "BEFORE_LAT": 10.318795,
      "BEFORE_LON": -75.60393333333333,
      "AFTER_LAT": 10.373006666666667,
      "AFTER_LON": -75.68974166666666,
      "SOG": 12,
      "MOVINGTIME": 1785.0,
      "ARRIVALTIME": "20251204163741"
    },
    {
      "SEQ": 132,
      "BEFORE_NODE": 132.0,
      "AFTER_NODE": 133.0,
      "BEFORE_LAT": 10.373006666666667,
      "BEFORE_LON": -75.68974166666666,
      "AFTER_LAT": 10.475588333333333,
      "AFTER_LON": -75.65403166666667,
      "SOG": 11.9,
      "MOVINGTIME": 2117.0,
      "ARRIVALTIME": "20251204171258"
    },
    {
      "SEQ": 133,
      "BEFORE_NODE": 133.0,
      "AFTER_NODE": 134.0,
      "BEFORE_LAT": 10.475588333333333,
      "BEFORE_LON": -75.65403166666667,
      "AFTER_LAT": 10.543136666666667,
      "AFTER_LON": -75.62076666666667,
      "SOG": 11.4,
      "MOVINGTIME": 1368.0,
      "ARRIVALTIME": "20251204173546"
    },
    {
      "SEQ": 134,
      "BEFORE_NODE": 134.0,
      "AFTER_NODE": 135.0,
      "BEFORE_LAT": 10.543136666666667,
      "BEFORE_LON": -75.62076666666667,
      "AFTER_LAT": 10.631223333333333,
      "AFTER_LON": -75.57081833333334,
      "SOG": 11.4,
      "MOVINGTIME": 1923.0,
      "ARRIVALTIME": "20251204180749"
    },
    {
      "SEQ": 135,
      "BEFORE_NODE": 135.0,
      "AFTER_NODE": 136.0,
      "BEFORE_LAT": 10.631223333333333,
      "BEFORE_LON": -75.57081833333334,
      "AFTER_LAT": 10.715051666666668,
      "AFTER_LON": -75.52259333333333,
      "SOG": 11.2,
      "MOVINGTIME": 1811.0,
      "ARRIVALTIME": "20251204183800"
    },
    {
      "SEQ": 136,
      "BEFORE_NODE": 136.0,
      "AFTER_NODE": 137.0,
      "BEFORE_LAT": 10.715051666666668,
      "BEFORE_LON": -75.52259333333333,
      "AFTER_LAT": 10.797103333333334,
      "AFTER_LON": -75.47624166666667,
      "SOG": 11.2,
      "MOVINGTIME": 1769.0,
      "ARRIVALTIME": "20251204190729"
    },
    {
      "SEQ": 137,
      "BEFORE_NODE": 137.0,
      "AFTER_NODE": 138.0,
      "BEFORE_LAT": 10.797103333333334,
      "BEFORE_LON": -75.47624166666667,
      "AFTER_LAT": 10.862981666666666,
      "AFTER_LON": -75.38702,
      "SOG": 11.2,
      "MOVINGTIME": 2126.0,
      "ARRIVALTIME": "20251204194255"
    },
    {
      "SEQ": 138,
      "BEFORE_NODE": 138.0,
      "AFTER_NODE": 139.0,
      "BEFORE_LAT": 10.862981666666666,
      "BEFORE_LON": -75.38702,
      "AFTER_LAT": 10.911768333333333,
      "AFTER_LON": -75.306965,
      "SOG": 10.8,
      "MOVINGTIME": 1793.0,
      "ARRIVALTIME": "20251204201248"
    },
    {
      "SEQ": 139,
      "BEFORE_NODE": 139.0,
      "AFTER_NODE": 140.0,
      "BEFORE_LAT": 10.911768333333333,
      "BEFORE_LON": -75.306965,
      "AFTER_LAT": 10.95877,
      "AFTER_LON": -75.22652,
      "SOG": 10.8,
      "MOVINGTIME": 1810.0,
      "ARRIVALTIME": "20251204204258"
    },
    {
      "SEQ": 140,
      "BEFORE_NODE": 140.0,
      "AFTER_NODE": 141.0,
      "BEFORE_LAT": 10.95877,
      "BEFORE_LON": -75.22652,
      "AFTER_LAT": 11.003148333333334,
      "AFTER_LON": -75.15045166666667,
      "SOG": 10.4,
      "MOVINGTIME": 1751.0,
      "ARRIVALTIME": "20251204211209"
    },
    {
      "SEQ": 141,
      "BEFORE_NODE": 141.0,
      "AFTER_NODE": 142.0,
      "BEFORE_LAT": 11.003148333333334,
      "BEFORE_LON": -75.15045166666667,
      "AFTER_LAT": 11.049085,
      "AFTER_LON": -75.06718,
      "SOG": 11.2,
      "MOVINGTIME": 1843.0,
      "ARRIVALTIME": "20251204214252"
    },
    {
      "SEQ": 142,
      "BEFORE_NODE": 142.0,
      "AFTER_NODE": 143.0,
      "BEFORE_LAT": 11.049085,
      "BEFORE_LON": -75.06718,
      "AFTER_LAT": 11.0847,
      "AFTER_LON": -74.99891166666667,
      "SOG": 10.9,
      "MOVINGTIME": 1499.0,
      "ARRIVALTIME": "20251204220751"
    },
    {
      "SEQ": 143,
      "BEFORE_NODE": 143.0,
      "AFTER_NODE": 144.0,
      "BEFORE_LAT": 11.0847,
      "BEFORE_LON": -74.99891166666667,
      "AFTER_LAT": 11.135621666666667,
      "AFTER_LON": -74.90323833333333,
      "SOG": 10.9,
      "MOVINGTIME": 2101.0,
      "ARRIVALTIME": "20251204224252"
    },
    {
      "SEQ": 144,
      "BEFORE_NODE": 144.0,
      "AFTER_NODE": 145.0,
      "BEFORE_LAT": 11.135621666666667,
      "BEFORE_LON": -74.90323833333333,
      "AFTER_LAT": 11.187385,
      "AFTER_LON": -74.82066166666667,
      "SOG": 11.4,
      "MOVINGTIME": 1799.0,
      "ARRIVALTIME": "20251204231251"
    },
    {
      "SEQ": 145,
      "BEFORE_NODE": 145.0,
      "AFTER_NODE": 146.0,
      "BEFORE_LAT": 11.187385,
      "BEFORE_LON": -74.82066166666667,
      "AFTER_LAT": 11.221921666666667,
      "AFTER_LON": -74.74071166666667,
      "SOG": 11.2,
      "MOVINGTIME": 1652.0,
      "ARRIVALTIME": "20251204234023"
    },
    {
      "SEQ": 146,
      "BEFORE_NODE": 146.0,
      "AFTER_NODE": 147.0,
      "BEFORE_LAT": 11.221921666666667,
      "BEFORE_LON": -74.74071166666667,
      "AFTER_LAT": 11.220912,
      "AFTER_LON": -74.743134,
      "SOG": 11.3,
      "MOVINGTIME": 517.0,
      "ARRIVALTIME": "20251204234900"
    },
    {
      "SEQ": 147,
      "BEFORE_NODE": 147.0,
      "AFTER_NODE": 148.0,
      "BEFORE_LAT": 11.220912,
      "BEFORE_LON": -74.743134,
      "AFTER_LAT": 11.307653,
      "AFTER_LON": -74.544418,
      "SOG": 11.1,
      "MOVINGTIME": 3660.0,
      "ARRIVALTIME": "20251205005000"
    },
    {
      "SEQ": 148,
      "BEFORE_NODE": 148.0,
      "AFTER_NODE": 149.0,
      "BEFORE_LAT": 11.307653,
      "BEFORE_LON": -74.544418,
      "AFTER_LAT": 11.336578,
      "AFTER_LON": -74.47879,
      "SOG": 11.6,
      "MOVINGTIME": 2040.0,
      "ARRIVALTIME": "20251205012400"
    },
    {
      "SEQ": 149,
      "BEFORE_NODE": 149.0,
      "AFTER_NODE": 150.0,
      "BEFORE_LAT": 11.336578,
      "BEFORE_LON": -74.47879,
      "AFTER_LAT": 11.380861,
      "AFTER_LON": -74.374397,
      "SOG": 11.6,
      "MOVINGTIME": 1980.0,
      "ARRIVALTIME": "20251205015700"
    },
    {
      "SEQ": 150,
      "BEFORE_NODE": 150.0,
      "AFTER_NODE": 151.0,
      "BEFORE_LAT": 11.380861,
      "BEFORE_LON": -74.374397,
      "AFTER_LAT": 11.430052,
      "AFTER_LON": -74.255775,
      "SOG": 12.3,
      "MOVINGTIME": 1920.0,
      "ARRIVALTIME": "20251205022900"
    },
    {
      "SEQ": 151,
      "BEFORE_NODE": 151.0,
      "AFTER_NODE": 152.0,
      "BEFORE_LAT": 11.430052,
      "BEFORE_LON": -74.255775,
      "AFTER_LAT": 11.480786,
      "AFTER_LON": -74.142433,
      "SOG": 12.6,
      "MOVINGTIME": 1800.0,
      "ARRIVALTIME": "20251205025900"
    },
    {
      "SEQ": 152,
      "BEFORE_NODE": 152.0,
      "AFTER_NODE": 153.0,
      "BEFORE_LAT": 11.480786,
      "BEFORE_LON": -74.142433,
      "AFTER_LAT": 11.49662,
      "AFTER_LON": -74.107246,
      "SOG": 12.5,
      "MOVINGTIME": 1200.0,
      "ARRIVALTIME": "20251205031900"
    },
    {
      "SEQ": 153,
      "BEFORE_NODE": 153.0,
      "AFTER_NODE": 154.0,
      "BEFORE_LAT": 11.49662,
      "BEFORE_LON": -74.107246,
      "AFTER_LAT": 11.777715,
      "AFTER_LON": -73.445801,
      "SOG": 13.3,
      "MOVINGTIME": 10740.0,
      "ARRIVALTIME": "20251205061800"
    },
    {
      "SEQ": 154,
      "BEFORE_NODE": 154.0,
      "AFTER_NODE": 155.0,
      "BEFORE_LAT": 11.777715,
      "BEFORE_LON": -73.445801,
      "AFTER_LAT": 11.870568,
      "AFTER_LON": -73.233932,
      "SOG": 13.6,
      "MOVINGTIME": 3600.0,
      "ARRIVALTIME": "20251205071800"
    },
    {
      "SEQ": 155,
      "BEFORE_NODE": 155.0,
      "AFTER_NODE": 156.0,
      "BEFORE_LAT": 11.870568,
      "BEFORE_LON": -73.233932,
      "AFTER_LAT": 11.964407,
      "AFTER_LON": -73.021561,
      "SOG": 13.3,
      "MOVINGTIME": 3960.0,
      "ARRIVALTIME": "20251205082400"
    },
    {
      "SEQ": 156,
      "BEFORE_NODE": 156.0,
      "AFTER_NODE": 157.0,
      "BEFORE_LAT": 11.964407,
      "BEFORE_LON": -73.021561,
      "AFTER_LAT": 12.680262,
      "AFTER_LON": -70.404358,
      "SOG": 10.1,
      "MOVINGTIME": 46380.0,
      "ARRIVALTIME": "20251205211700"
    },
    {
      "SEQ": 157,
      "BEFORE_NODE": 157.0,
      "AFTER_NODE": 158.0,
      "BEFORE_LAT": 12.680262,
      "BEFORE_LON": -70.404358,
      "AFTER_LAT": 12.683382,
      "AFTER_LON": -70.316566,
      "SOG": 9.5,
      "MOVINGTIME": 1800.0,
      "ARRIVALTIME": "20251205214700"
    },
    {
      "SEQ": 158,
      "BEFORE_NODE": 158.0,
      "AFTER_NODE": 159.0,
      "BEFORE_LAT": 12.683382,
      "BEFORE_LON": -70.316566,
      "AFTER_LAT": 12.677917,
      "AFTER_LON": -70.152031,
      "SOG": 8.6,
      "MOVINGTIME": 3720.0,
      "ARRIVALTIME": "20251205224900"
    },
    {
      "SEQ": 159,
      "BEFORE_NODE": 159.0,
      "AFTER_NODE": 160.0,
      "BEFORE_LAT": 12.677917,
      "BEFORE_LON": -70.152031,
      "AFTER_LAT": 12.675025,
      "AFTER_LON": -70.073639,
      "SOG": 8.3,
      "MOVINGTIME": 1920.0,
      "ARRIVALTIME": "20251205232100"
    },
    {
      "SEQ": 160,
      "BEFORE_NODE": 160.0,
      "AFTER_NODE": 161.0,
      "BEFORE_LAT": 12.675025,
      "BEFORE_LON": -70.073639,
      "AFTER_LAT": 12.670617,
      "AFTER_LON": -70.022278,
      "SOG": 8.5,
      "MOVINGTIME": 1800.0,
      "ARRIVALTIME": "20251205235100"
    },
    {
      "SEQ": 161,
      "BEFORE_NODE": 161.0,
      "AFTER_NODE": 162.0,
      "BEFORE_LAT": 12.670617,
      "BEFORE_LON": -70.022278,
      "AFTER_LAT": 12.659103,
      "AFTER_LON": -69.921425,
      "SOG": 8.6,
      "MOVINGTIME": 1680.0,
      "ARRIVALTIME": "20251206001900"
    },
    {
      "SEQ": 162,
      "BEFORE_NODE": 162.0,
      "AFTER_NODE": 163.0,
      "BEFORE_LAT": 12.659103,
      "BEFORE_LON": -69.921425,
      "AFTER_LAT": 12.652482,
      "AFTER_LON": -69.871788,
      "SOG": 8.6,
      "MOVINGTIME": 1680.0,
      "ARRIVALTIME": "20251206004700"
    },
    {
      "SEQ": 163,
      "BEFORE_NODE": 163.0,
      "AFTER_NODE": 164.0,
      "BEFORE_LAT": 12.652482,
      "BEFORE_LON": -69.871788,
      "AFTER_LAT": 12.639606,
      "AFTER_LON": -69.784462,
      "SOG": 8.5,
      "MOVINGTIME": 1800.0,
      "ARRIVALTIME": "20251206011700"
    },
    {
      "SEQ": 164,
      "BEFORE_NODE": 164.0,
      "AFTER_NODE": 165.0,
      "BEFORE_LAT": 12.639606,
      "BEFORE_LON": -69.784462,
      "AFTER_LAT": 12.59873,
      "AFTER_LON": -69.542793,
      "SOG": 10.6,
      "MOVINGTIME": 5580.0,
      "ARRIVALTIME": "20251206025000"
    },
    {
      "SEQ": 165,
      "BEFORE_NODE": 165.0,
      "AFTER_NODE": 166.0,
      "BEFORE_LAT": 12.59873,
      "BEFORE_LON": -69.542793,
      "AFTER_LAT": 12.576629,
      "AFTER_LON": -69.412918,
      "SOG": 11,
      "MOVINGTIME": 1980.0,
      "ARRIVALTIME": "20251206032300"
    },
    {
      "SEQ": 166,
      "BEFORE_NODE": 166.0,
      "AFTER_NODE": 167.0,
      "BEFORE_LAT": 12.576629,
      "BEFORE_LON": -69.412918,
      "AFTER_LAT": 12.538954,
      "AFTER_LON": -69.151314,
      "SOG": 11.1,
      "MOVINGTIME": 5520.0,
      "ARRIVALTIME": "20251206045500"
    },
    {
      "SEQ": 167,
      "BEFORE_NODE": 167.0,
      "AFTER_NODE": 168.0,
      "BEFORE_LAT": 12.538954,
      "BEFORE_LON": -69.151314,
      "AFTER_LAT": 12.526393,
      "AFTER_LON": -69.050415,
      "SOG": 11.1,
      "MOVINGTIME": 1560.0,
      "ARRIVALTIME": "20251206052100"
    },
    {
      "SEQ": 168,
      "BEFORE_NODE": 168.0,
      "AFTER_NODE": 169.0,
      "BEFORE_LAT": 12.526393,
      "BEFORE_LON": -69.050415,
      "AFTER_LAT": 12.512455,
      "AFTER_LON": -68.947998,
      "SOG": 11.3,
      "MOVINGTIME": 1800.0,
      "ARRIVALTIME": "20251206055100"
    },
    {
      "SEQ": 169,
      "BEFORE_NODE": 169.0,
      "AFTER_NODE": 170.0,
      "BEFORE_LAT": 12.512455,
      "BEFORE_LON": -68.947998,
      "AFTER_LAT": 12.502314,
      "AFTER_LON": -68.876045,
      "SOG": 11.5,
      "MOVINGTIME": 2160.0,
      "ARRIVALTIME": "20251206062700"
    },
    {
      "SEQ": 170,
      "BEFORE_NODE": 170.0,
      "AFTER_NODE": 171.0,
      "BEFORE_LAT": 12.502314,
      "BEFORE_LON": -68.876045,
      "AFTER_LAT": 12.486537,
      "AFTER_LON": -68.771637,
      "SOG": 11.3,
      "MOVINGTIME": 1620.0,
      "ARRIVALTIME": "20251206065400"
    },
    {
      "SEQ": 171,
      "BEFORE_NODE": 171.0,
      "AFTER_NODE": 172.0,
      "BEFORE_LAT": 12.486537,
      "BEFORE_LON": -68.771637,
      "AFTER_LAT": 12.459989,
      "AFTER_LON": -68.599068,
      "SOG": 11.6,
      "MOVINGTIME": 3240.0,
      "ARRIVALTIME": "20251206074800"
    },
    {
      "SEQ": 172,
      "BEFORE_NODE": 172.0,
      "AFTER_NODE": 173.0,
      "BEFORE_LAT": 12.459989,
      "BEFORE_LON": -68.599068,
      "AFTER_LAT": 12.44609,
      "AFTER_LON": -68.499855,
      "SOG": 11.3,
      "MOVINGTIME": 1860.0,
      "ARRIVALTIME": "20251206081900"
    },
    {
      "SEQ": 173,
      "BEFORE_NODE": 173.0,
      "AFTER_NODE": 174.0,
      "BEFORE_LAT": 12.44609,
      "BEFORE_LON": -68.499855,
      "AFTER_LAT": 12.434526,
      "AFTER_LON": -68.397255,
      "SOG": 11.5,
      "MOVINGTIME": 1920.0,
      "ARRIVALTIME": "20251206085100"
    },
    {
      "SEQ": 174,
      "BEFORE_NODE": 174.0,
      "AFTER_NODE": 175.0,
      "BEFORE_LAT": 12.434526,
      "BEFORE_LON": -68.397255,
      "AFTER_LAT": 12.42637,
      "AFTER_LON": -68.328117,
      "SOG": 11.6,
      "MOVINGTIME": 1560.0,
      "ARRIVALTIME": "20251206091700"
    },
    {
      "SEQ": 175,
      "BEFORE_NODE": 175.0,
      "AFTER_NODE": 176.0,
      "BEFORE_LAT": 12.42637,
      "BEFORE_LON": -68.328117,
      "AFTER_LAT": 12.407362,
      "AFTER_LON": -68.190781,
      "SOG": 11.5,
      "MOVINGTIME": 1860.0,
      "ARRIVALTIME": "20251206094800"
    },
    {
      "SEQ": 176,
      "BEFORE_NODE": 176.0,
      "AFTER_NODE": 177.0,
      "BEFORE_LAT": 12.407362,
      "BEFORE_LON": -68.190781,
      "AFTER_LAT": 12.389825,
      "AFTER_LON": -68.084999,
      "SOG": 11.8,
      "MOVINGTIME": 1920.0,
      "ARRIVALTIME": "20251206102000"
    },
    {
      "SEQ": 177,
      "BEFORE_NODE": 177.0,
      "AFTER_NODE": 178.0,
      "BEFORE_LAT": 12.389825,
      "BEFORE_LON": -68.084999,
      "AFTER_LAT": 12.373899,
      "AFTER_LON": -67.988564,
      "SOG": 11.8,
      "MOVINGTIME": 1620.0,
      "ARRIVALTIME": "20251206104700"
    },
    {
      "SEQ": 178,
      "BEFORE_NODE": 178.0,
      "AFTER_NODE": 179.0,
      "BEFORE_LAT": 12.373899,
      "BEFORE_LON": -67.988564,
      "AFTER_LAT": 12.35271,
      "AFTER_LON": -67.875717,
      "SOG": 12.1,
      "MOVINGTIME": 1920.0,
      "ARRIVALTIME": "20251206111900"
    }
  ]
}