{
  "mmsi": "440487000",
  "PredResult": [
    {
      "SEQ": 0,
      "BEFORE_NODE": 0.0,
      "AFTER_NODE": 1.0,
      "BEFORE_LAT": 0.029811667,
      "BEFORE_LON": 86.59977,
      "AFTER_LAT": 0.13573334,
      "AFTER_LON": 86.744225,
      "SOG": 16.1,
      "MOVINGTIME": 2220.0,
      "ARRIVALTIME": "20251130030700"
    },
    {
      "SEQ": 1,
      "BEFORE_NODE": 1.0,
      "AFTER_NODE": 2.0,
      "BEFORE_LAT": 0.13573334,
      "BEFORE_LON": 86.744225,
      "AFTER_LAT": 0.191165,
      "AFTER_LON": 86.818764,
      "SOG": 16.1,
      "MOVINGTIME": 1020.0,
      "ARRIVALTIME": "20251130032400"
    },
    {
      "SEQ": 2,
      "BEFORE_NODE": 2.0,
      "AFTER_NODE": 3.0,
      "BEFORE_LAT": 0.191165,
      "BEFORE_LON": 86.818764,
      "AFTER_LAT": 0.27162501,
      "AFTER_LON": 86.926949,
      "SOG": 15.8,
      "MOVINGTIME": 1920.0,
      "ARRIVALTIME": "20251130035600"
    },
    {
      "SEQ": 3,
      "BEFORE_NODE": 3.0,
      "AFTER_NODE": 4.0,
      "BEFORE_LAT": 0.27162501,
      "BEFORE_LON": 86.926949,
      "AFTER_LAT": 0.32393667,
      "AFTER_LON": 86.998161,
      "SOG": 15.8,
      "MOVINGTIME": 1500.0,
      "ARRIVALTIME": "20251130042100"
    },
    {
      "SEQ": 4,
      "BEFORE_NODE": 4.0,
      "AFTER_NODE": 5.0,
      "BEFORE_LAT": 0.32393667,
      "BEFORE_LON": 86.998161,
      "AFTER_LAT": 0.90300667,
      "AFTER_LON": 87.781662,
      "SOG": 12.8,
      "MOVINGTIME": 14640.0,
      "ARRIVALTIME": "20251130082500"
    },
    {
      "SEQ": 5,
      "BEFORE_NODE": 5.0,
      "AFTER_NODE": 6.0,
      "BEFORE_LAT": 0.90300667,
      "BEFORE_LON": 87.781662,
      "AFTER_LAT": 0.98075497,
      "AFTER_LON": 87.883972,
      "SOG": 13.1,
      "MOVINGTIME": 2100.0,
      "ARRIVALTIME": "20251130090000"
    },
    {
      "SEQ": 6,
      "BEFORE_NODE": 6.0,
      "AFTER_NODE": 7.0,
      "BEFORE_LAT": 0.98075497,
      "BEFORE_LON": 87.883972,
      "AFTER_LAT": 1.03549,
      "AFTER_LON": 87.958702,
      "SOG": 13.1,
      "MOVINGTIME": 1800.0,
      "ARRIVALTIME": "20251130093000"
    },
    {
      "SEQ": 7,
      "BEFORE_NODE": 7.0,
      "AFTER_NODE": 8.0,
      "BEFORE_LAT": 1.03549,
      "BEFORE_LON": 87.958702,
      "AFTER_LAT": 1.1018883,
      "AFTER_LON": 88.046936,
      "SOG": 13.1,
      "MOVINGTIME": 1620.0,
      "ARRIVALTIME": "20251130095700"
    },
    {
      "SEQ": 8,
      "BEFORE_NODE": 8.0,
      "AFTER_NODE": 9.0,
      "BEFORE_LAT": 1.1018883,
      "BEFORE_LON": 88.046936,
      "AFTER_LAT": 1.1725466,
      "AFTER_LON": 88.142487,
      "SOG": 13.1,
      "MOVINGTIME": 1800.0,
      "ARRIVALTIME": "20251130102700"
    },
    {
      "SEQ": 9,
      "BEFORE_NODE": 9.0,
      "AFTER_NODE": 10.0,
      "BEFORE_LAT": 1.1725466,
      "BEFORE_LON": 88.142487,
      "AFTER_LAT": 1.2166867,
      "AFTER_LON": 88.202095,
      "SOG": 13.1,
      "MOVINGTIME": 1740.0,
      "ARRIVALTIME": "20251130105600"
    },
    {
      "SEQ": 10,
      "BEFORE_NODE": 10.0,
      "AFTER_NODE": 11.0,
      "BEFORE_LAT": 1.2166867,
      "BEFORE_LON": 88.202095,
      "AFTER_LAT": 1.282925,
      "AFTER_LON": 88.290558,
      "SOG": 13.1,
      "MOVINGTIME": 1680.0,
      "ARRIVALTIME": "20251130112400"
    },
    {
      "SEQ": 11,
      "BEFORE_NODE": 11.0,
      "AFTER_NODE": 12.0,
      "BEFORE_LAT": 1.282925,
      "BEFORE_LON": 88.290558,
      "AFTER_LAT": 1.359315,
      "AFTER_LON": 88.393639,
      "SOG": 13.1,
      "MOVINGTIME": 1800.0,
      "ARRIVALTIME": "20251130115400"
    },
    {
      "SEQ": 12,
      "BEFORE_NODE": 12.0,
      "AFTER_NODE": 13.0,
      "BEFORE_LAT": 1.359315,
      "BEFORE_LON": 88.393639,
      "AFTER_LAT": 2.1038649,
      "AFTER_LON": 89.40303,
      "SOG": 13.6,
      "MOVINGTIME": 20280.0,
      "ARRIVALTIME": "20251130173200"
    },
    {
      "SEQ": 13,
      "BEFORE_NODE": 13.0,
      "AFTER_NODE": 14.0,
      "BEFORE_LAT": 2.1038649,
      "BEFORE_LON": 89.40303,
      "AFTER_LAT": 2.1761765,
      "AFTER_LON": 89.502815,
      "SOG": 13.6,
      "MOVINGTIME": 1800.0,
      "ARRIVALTIME": "20251130180200"
    },
    {
      "SEQ": 14,
      "BEFORE_NODE": 14.0,
      "AFTER_NODE": 15.0,
      "BEFORE_LAT": 2.1761765,
      "BEFORE_LON": 89.502815,
      "AFTER_LAT": 2.2388899,
      "AFTER_LON": 89.586777,
      "SOG": 13.6,
      "MOVINGTIME": 1740.0,
      "ARRIVALTIME": "20251130183100"
    },
    {
      "SEQ": 15,
      "BEFORE_NODE": 15.0,
      "AFTER_NODE": 16.0,
      "BEFORE_LAT": 2.2388899,
      "BEFORE_LON": 89.586777,
      "AFTER_LAT": 2.3715751,
      "AFTER_LON": 89.764549,
      "SOG": 13.8,
      "MOVINGTIME": 3420.0,
      "ARRIVALTIME": "20251130192800"
    },
    {
      "SEQ": 16,
      "BEFORE_NODE": 16.0,
      "AFTER_NODE": 17.0,
      "BEFORE_LAT": 2.3715751,
      "BEFORE_LON": 89.764549,
      "AFTER_LAT": 2.4639068,
      "AFTER_LON": 89.890121,
      "SOG": 14,
      "MOVINGTIME": 2160.0,
      "ARRIVALTIME": "20251130200400"
    },
    {
      "SEQ": 17,
      "BEFORE_NODE": 17.0,
      "AFTER_NODE": 18.0,
      "BEFORE_LAT": 2.4639068,
      "BEFORE_LON": 89.890121,
      "AFTER_LAT": 2.5334034,
      "AFTER_LON": 89.984863,
      "SOG": 14,
      "MOVINGTIME": 1740.0,
      "ARRIVALTIME": "20251130203300"
    },
    {
      "SEQ": 18,
      "BEFORE_NODE": 18.0,
      "AFTER_NODE": 19.0,
      "BEFORE_LAT": 2.5334034,
      "BEFORE_LON": 89.984863,
      "AFTER_LAT": 3.30705,
      "AFTER_LON": 91.034996,
      "SOG": 16.3,
      "MOVINGTIME": 19800.0,
      "ARRIVALTIME": "20251201020300"
    },
    {
      "SEQ": 19,
      "BEFORE_NODE": 19.0,
      "AFTER_NODE": 20.0,
      "BEFORE_LAT": 3.30705,
      "BEFORE_LON": 91.034996,
      "AFTER_LAT": 3.3894701,
      "AFTER_LON": 91.145065,
      "SOG": 16.3,
      "MOVINGTIME": 1800.0,
      "ARRIVALTIME": "20251201023300"
    },
    {
      "SEQ": 20,
      "BEFORE_NODE": 20.0,
      "AFTER_NODE": 21.0,
      "BEFORE_LAT": 3.3894701,
      "BEFORE_LON": 91.145065,
      "AFTER_LAT": 3.4815934,
      "AFTER_LON": 91.270523,
      "SOG": 14.8,
      "MOVINGTIME": 1860.0,
      "ARRIVALTIME": "20251201030400"
    },
    {
      "SEQ": 21,
      "BEFORE_NODE": 21.0,
      "AFTER_NODE": 22.0,
      "BEFORE_LAT": 3.4815934,
      "BEFORE_LON": 91.270523,
      "AFTER_LAT": 3.5304632,
      "AFTER_LON": 91.337296,
      "SOG": 14.8,
      "MOVINGTIME": 1740.0,
      "ARRIVALTIME": "20251201033300"
    },
    {
      "SEQ": 22,
      "BEFORE_NODE": 22.0,
      "AFTER_NODE": 23.0,
      "BEFORE_LAT": 3.5304632,
      "BEFORE_LON": 91.337296,
      "AFTER_LAT": 3.6076984,
      "AFTER_LON": 91.444557,
      "SOG": 16.5,
      "MOVINGTIME": 1620.0,
      "ARRIVALTIME": "20251201040000"
    },
    {
      "SEQ": 23,
      "BEFORE_NODE": 23.0,
      "AFTER_NODE": 24.0,
      "BEFORE_LAT": 3.6076984,
      "BEFORE_LON": 91.444557,
      "AFTER_LAT": 4.4578052,
      "AFTER_LON": 92.549614,
      "SOG": 16.7,
      "MOVINGTIME": 17640.0,
      "ARRIVALTIME": "20251201085400"
    },
    {
      "SEQ": 24,
      "BEFORE_NODE": 24.0,
      "AFTER_NODE": 25.0,
      "BEFORE_LAT": 4.4578052,
      "BEFORE_LON": 92.549614,
      "AFTER_LAT": 4.5241017,
      "AFTER_LON": 92.647697,
      "SOG": 16.7,
      "MOVINGTIME": 1440.0,
      "ARRIVALTIME": "20251201091800"
    },
    {
      "SEQ": 25,
      "BEFORE_NODE": 25.0,
      "AFTER_NODE": 26.0,
      "BEFORE_LAT": 4.5241017,
      "BEFORE_LON": 92.647697,
      "AFTER_LAT": 4.6257114,
      "AFTER_LON": 92.8088,
      "SOG": 16.8,
      "MOVINGTIME": 2400.0,
      "ARRIVALTIME": "20251201095800"
    },
    {
      "SEQ": 26,
      "BEFORE_NODE": 26.0,
      "AFTER_NODE": 27.0,
      "BEFORE_LAT": 4.6257114,
      "BEFORE_LON": 92.8088,
      "AFTER_LAT": 5.617775,
      "AFTER_LON": 94.182053,
      "SOG": 14.5,
      "MOVINGTIME": 23820.0,
      "ARRIVALTIME": "20251201163500"
    },
    {
      "SEQ": 27,
      "BEFORE_NODE": 27.0,
      "AFTER_NODE": 28.0,
      "BEFORE_LAT": 5.617775,
      "BEFORE_LON": 94.182053,
      "AFTER_LAT": 6.0120482,
      "AFTER_LON": 94.760986,
      "SOG": 14,
      "MOVINGTIME": 10560.0,
      "ARRIVALTIME": "20251201193100"
    },
    {
      "SEQ": 28,
      "BEFORE_NODE": 28.0,
      "AFTER_NODE": 29.0,
      "BEFORE_LAT": 6.0120482,
      "BEFORE_LON": 94.760986,
      "AFTER_LAT": 6.0497866,
      "AFTER_LON": 94.842644,
      "SOG": 14.1,
      "MOVINGTIME": 1920.0,
      "ARRIVALTIME": "20251201200300"
    },
    {
      "SEQ": 29,
      "BEFORE_NODE": 29.0,
      "AFTER_NODE": 30.0,
      "BEFORE_LAT": 6.0497866,
      "BEFORE_LON": 94.842644,
      "AFTER_LAT": 6.0996485,
      "AFTER_LON": 94.957024,
      "SOG": 14.6,
      "MOVINGTIME": 1800.0,
      "ARRIVALTIME": "20251201203300"
    },
    {
      "SEQ": 30,
      "BEFORE_NODE": 30.0,
      "AFTER_NODE": 31.0,
      "BEFORE_LAT": 6.0996485,
      "BEFORE_LON": 94.957024,
      "AFTER_LAT": 6.1368785,
      "AFTER_LON": 95.329056,
      "SOG": 14.6,
      "MOVINGTIME": 5280.0,
      "ARRIVALTIME": "20251201220100"
    },
    {
      "SEQ": 31,
      "BEFORE_NODE": 31.0,
      "AFTER_NODE": 32.0,
      "BEFORE_LAT": 6.1368785,
      "BEFORE_LON": 95.329056,
      "AFTER_LAT": 6.1315999,
      "AFTER_LON": 95.452255,
      "SOG": 14.8,
      "MOVINGTIME": 1680.0,
      "ARRIVALTIME": "20251201222900"
    },
    {
      "SEQ": 32,
      "BEFORE_NODE": 32.0,
      "AFTER_NODE": 33.0,
      "BEFORE_LAT": 6.1315999,
      "BEFORE_LON": 95.452255,
      "AFTER_LAT": 6.1166902,
      "AFTER_LON": 95.617729,
      "SOG": 14.8,
      "MOVINGTIME": 2333.0,
      "ARRIVALTIME": "20251201230753"
    },
    {
      "SEQ": 33,
      "BEFORE_NODE": 33.0,
      "AFTER_NODE": 34.0,
      "BEFORE_LAT": 6.1166902,
      "BEFORE_LON": 95.617729,
      "AFTER_LAT": 6.1111383,
      "AFTER_LON": 95.675827,
      "SOG": 14.8,
      "MOVINGTIME": 1387.0,
      "ARRIVALTIME": "20251201233100"
    },
    {
      "SEQ": 34,
      "BEFORE_NODE": 34.0,
      "AFTER_NODE": 35.0,
      "BEFORE_LAT": 6.1111383,
      "BEFORE_LON": 95.675827,
      "AFTER_LAT": 6.1011119,
      "AFTER_LON": 95.790436,
      "SOG": 14.8,
      "MOVINGTIME": 1080.0,
      "ARRIVALTIME": "20251201234900"
    },
    {
      "SEQ": 35,
      "BEFORE_NODE": 35.0,
      "AFTER_NODE": 36.0,
      "BEFORE_LAT": 6.1011119,
      "BEFORE_LON": 95.790436,
      "AFTER_LAT": 5.9496183,
      "AFTER_LON": 97.018425,
      "SOG": 14.3,
      "MOVINGTIME": 18600.0,
      "ARRIVALTIME": "20251202045900"
    },
    {
      "SEQ": 36,
      "BEFORE_NODE": 36.0,
      "AFTER_NODE": 37.0,
      "BEFORE_LAT": 5.9496183,
      "BEFORE_LON": 97.018425,
      "AFTER_LAT": 5.9366465,
      "AFTER_LON": 97.140076,
      "SOG": 14.6,
      "MOVINGTIME": 1620.0,
      "ARRIVALTIME": "20251202052600"
    },
    {
      "SEQ": 37,
      "BEFORE_NODE": 37.0,
      "AFTER_NODE": 38.0,
      "BEFORE_LAT": 5.9366465,
      "BEFORE_LON": 97.140076,
      "AFTER_LAT": 5.9245982,
      "AFTER_LON": 97.245163,
      "SOG": 14.5,
      "MOVINGTIME": 1860.0,
      "ARRIVALTIME": "20251202055700"
    },
    {
      "SEQ": 38,
      "BEFORE_NODE": 38.0,
      "AFTER_NODE": 39.0,
      "BEFORE_LAT": 5.9245982,
      "BEFORE_LON": 97.245163,
      "AFTER_LAT": 5.8822098,
      "AFTER_LON": 97.607063,
      "SOG": 13.8,
      "MOVINGTIME": 4980.0,
      "ARRIVALTIME": "20251202072000"
    },
    {
      "SEQ": 39,
      "BEFORE_NODE": 39.0,
      "AFTER_NODE": 40.0,
      "BEFORE_LAT": 5.8822098,
      "BEFORE_LON": 97.607063,
      "AFTER_LAT": 5.8633299,
      "AFTER_LON": 97.763374,
      "SOG": 14.1,
      "MOVINGTIME": 2400.0,
      "ARRIVALTIME": "20251202080000"
    },
    {
      "SEQ": 40,
      "BEFORE_NODE": 40.0,
      "AFTER_NODE": 41.0,
      "BEFORE_LAT": 5.8633299,
      "BEFORE_LON": 97.763374,
      "AFTER_LAT": 5.8405852,
      "AFTER_LON": 97.83831,
      "SOG": 14.1,
      "MOVINGTIME": 1740.0,
      "ARRIVALTIME": "20251202082900"
    },
    {
      "SEQ": 41,
      "BEFORE_NODE": 41.0,
      "AFTER_NODE": 42.0,
      "BEFORE_LAT": 5.8405852,
      "BEFORE_LON": 97.83831,
      "AFTER_LAT": 5.781415,
      "AFTER_LON": 97.94281,
      "SOG": 14.3,
      "MOVINGTIME": 1680.0,
      "ARRIVALTIME": "20251202085700"
    },
    {
      "SEQ": 42,
      "BEFORE_NODE": 42.0,
      "AFTER_NODE": 43.0,
      "BEFORE_LAT": 5.781415,
      "BEFORE_LON": 97.94281,
      "AFTER_LAT": 5.2855949,
      "AFTER_LON": 98.468254,
      "SOG": 14.6,
      "MOVINGTIME": 10680.0,
      "ARRIVALTIME": "20251202115500"
    },
    {
      "SEQ": 43,
      "BEFORE_NODE": 43.0,
      "AFTER_NODE": 44.0,
      "BEFORE_LAT": 5.2855949,
      "BEFORE_LON": 98.468254,
      "AFTER_LAT": 5.1676216,
      "AFTER_LON": 98.567406,
      "SOG": 15,
      "MOVINGTIME": 2280.0,
      "ARRIVALTIME": "20251202123300"
    },
    {
      "SEQ": 44,
      "BEFORE_NODE": 44.0,
      "AFTER_NODE": 45.0,
      "BEFORE_LAT": 5.1676216,
      "BEFORE_LON": 98.567406,
      "AFTER_LAT": 5.0993285,
      "AFTER_LON": 98.646545,
      "SOG": 14.8,
      "MOVINGTIME": 1320.0,
      "ARRIVALTIME": "20251202125500"
    },
    {
      "SEQ": 45,
      "BEFORE_NODE": 45.0,
      "AFTER_NODE": 46.0,
      "BEFORE_LAT": 5.0993285,
      "BEFORE_LON": 98.646545,
      "AFTER_LAT": 5.0139751,
      "AFTER_LON": 98.75132,
      "SOG": 15.1,
      "MOVINGTIME": 1800.0,
      "ARRIVALTIME": "20251202132500"
    },
    {
      "SEQ": 46,
      "BEFORE_NODE": 46.0,
      "AFTER_NODE": 47.0,
      "BEFORE_LAT": 5.0139751,
      "BEFORE_LON": 98.75132,
      "AFTER_LAT": 4.9275751,
      "AFTER_LON": 98.838158,
      "SOG": 15,
      "MOVINGTIME": 1560.0,
      "ARRIVALTIME": "20251202135100"
    },
    {
      "SEQ": 47,
      "BEFORE_NODE": 47.0,
      "AFTER_NODE": 48.0,
      "BEFORE_LAT": 4.9275751,
      "BEFORE_LON": 98.838158,
      "AFTER_LAT": 4.8350668,
      "AFTER_LON": 98.918404,
      "SOG": 15.1,
      "MOVINGTIME": 1740.0,
      "ARRIVALTIME": "20251202142000"
    },
    {
      "SEQ": 48,
      "BEFORE_NODE": 48.0,
      "AFTER_NODE": 49.0,
      "BEFORE_LAT": 4.8350668,
      "BEFORE_LON": 98.918404,
      "AFTER_LAT": 4.7819118,
      "AFTER_LON": 98.968323,
      "SOG": 15.1,
      "MOVINGTIME": 1620.0,
      "ARRIVALTIME": "20251202144700"
    },
    {
      "SEQ": 49,
      "BEFORE_NODE": 49.0,
      "AFTER_NODE": 50.0,
      "BEFORE_LAT": 4.7819118,
      "BEFORE_LON": 98.968323,
      "AFTER_LAT": 4.6921248,
      "AFTER_LON": 99.070396,
      "SOG": 15.3,
      "MOVINGTIME": 1860.0,
      "ARRIVALTIME": "20251202151800"
    },
    {
      "SEQ": 50,
      "BEFORE_NODE": 50.0,
      "AFTER_NODE": 51.0,
      "BEFORE_LAT": 4.6921248,
      "BEFORE_LON": 99.070396,
      "AFTER_LAT": 4.5699983,
      "AFTER_LON": 99.222023,
      "SOG": 15.6,
      "MOVINGTIME": 2460.0,
      "ARRIVALTIME": "20251202155900"
    },
    {
      "SEQ": 51,
      "BEFORE_NODE": 51.0,
      "AFTER_NODE": 52.0,
      "BEFORE_LAT": 4.5699983,
      "BEFORE_LON": 99.222023,
      "AFTER_LAT": 4.5055099,
      "AFTER_LON": 99.290306,
      "SOG": 15.6,
      "MOVINGTIME": 1200.0,
      "ARRIVALTIME": "20251202161900"
    },
    {
      "SEQ": 52,
      "BEFORE_NODE": 52.0,
      "AFTER_NODE": 53.0,
      "BEFORE_LAT": 4.5055099,
      "BEFORE_LON": 99.290306,
      "AFTER_LAT": 4.1092582,
      "AFTER_LON": 99.672531,
      "SOG": 15.3,
      "MOVINGTIME": 7740.0,
      "ARRIVALTIME": "20251202182800"
    },
    {
      "SEQ": 53,
      "BEFORE_NODE": 53.0,
      "AFTER_NODE": 54.0,
      "BEFORE_LAT": 4.1092582,
      "BEFORE_LON": 99.672531,
      "AFTER_LAT": 4.0075884,
      "AFTER_LON": 99.776718,
      "SOG": 14.8,
      "MOVINGTIME": 1920.0,
      "ARRIVALTIME": "20251202190000"
    },
    {
      "SEQ": 54,
      "BEFORE_NODE": 54.0,
      "AFTER_NODE": 55.0,
      "BEFORE_LAT": 4.0075884,
      "BEFORE_LON": 99.776718,
      "AFTER_LAT": 3.9498932,
      "AFTER_LON": 99.835625,
      "SOG": 14.6,
      "MOVINGTIME": 1860.0,
      "ARRIVALTIME": "20251202193100"
    },
    {
      "SEQ": 55,
      "BEFORE_NODE": 55.0,
      "AFTER_NODE": 56.0,
      "BEFORE_LAT": 3.9498932,
      "BEFORE_LON": 99.835625,
      "AFTER_LAT": 3.8332968,
      "AFTER_LON": 99.948296,
      "SOG": 14.5,
      "MOVINGTIME": 1620.0,
      "ARRIVALTIME": "20251202195800"
    },
    {
      "SEQ": 56,
      "BEFORE_NODE": 56.0,
      "AFTER_NODE": 57.0,
      "BEFORE_LAT": 3.8332968,
      "BEFORE_LON": 99.948296,
      "AFTER_LAT": 3.42875,
      "AFTER_LON": 100.35014,
      "SOG": 13.3,
      "MOVINGTIME": 9120.0,
      "ARRIVALTIME": "20251202223000"
    },
    {
      "SEQ": 57,
      "BEFORE_NODE": 57.0,
      "AFTER_NODE": 58.0,
      "BEFORE_LAT": 3.42875,
      "BEFORE_LON": 100.35014,
      "AFTER_LAT": 3.3205984,
      "AFTER_LON": 100.45242,
      "SOG": 13.3,
      "MOVINGTIME": 2108.0,
      "ARRIVALTIME": "20251202230508"
    },
    {
      "SEQ": 58,
      "BEFORE_NODE": 58.0,
      "AFTER_NODE": 59.0,
      "BEFORE_LAT": 3.3205984,
      "BEFORE_LON": 100.45242,
      "AFTER_LAT": 3.2092617,
      "AFTER_LON": 100.54864,
      "SOG": 13.3,
      "MOVINGTIME": 3052.0,
      "ARRIVALTIME": "20251202235600"
    },
    {
      "SEQ": 59,
      "BEFORE_NODE": 59.0,
      "AFTER_NODE": 60.0,
      "BEFORE_LAT": 3.2092617,
      "BEFORE_LON": 100.54864,
      "AFTER_LAT": 3.1157401,
      "AFTER_LON": 100.64638,
      "SOG": 13.1,
      "MOVINGTIME": 2160.0,
      "ARRIVALTIME": "20251203003200"
    },
    {
      "SEQ": 60,
      "BEFORE_NODE": 60.0,
      "AFTER_NODE": 61.0,
      "BEFORE_LAT": 3.1157401,
      "BEFORE_LON": 100.64638,
      "AFTER_LAT": 3.0384333,
      "AFTER_LON": 100.74422,
      "SOG": 13.5,
      "MOVINGTIME": 1860.0,
      "ARRIVALTIME": "20251203010300"
    },
    {
      "SEQ": 61,
      "BEFORE_NODE": 61.0,
      "AFTER_NODE": 62.0,
      "BEFORE_LAT": 3.0384333,
      "BEFORE_LON": 100.74422,
      "AFTER_LAT": 2.9622934,
      "AFTER_LON": 100.82833,
      "SOG": 11.6,
      "MOVINGTIME": 1860.0,
      "ARRIVALTIME": "20251203013400"
    },
    {
      "SEQ": 62,
      "BEFORE_NODE": 62.0,
      "AFTER_NODE": 63.0,
      "BEFORE_LAT": 2.9622934,
      "BEFORE_LON": 100.82833,
      "AFTER_LAT": 2.9017518,
      "AFTER_LON": 100.89864,
      "SOG": 11.1,
      "MOVINGTIME": 1500.0,
      "ARRIVALTIME": "20251203015900"
    },
    {
      "SEQ": 63,
      "BEFORE_NODE": 63.0,
      "AFTER_NODE": 64.0,
      "BEFORE_LAT": 2.9017518,
      "BEFORE_LON": 100.89864,
      "AFTER_LAT": 2.8143318,
      "AFTER_LON": 100.98578,
      "SOG": 11.3,
      "MOVINGTIME": 2280.0,
      "ARRIVALTIME": "20251203023700"
    },
    {
      "SEQ": 64,
      "BEFORE_NODE": 64.0,
      "AFTER_NODE": 65.0,
      "BEFORE_LAT": 2.8143318,
      "BEFORE_LON": 100.98578,
      "AFTER_LAT": 2.778945,
      "AFTER_LON": 101.05279,
      "SOG": 12.1,
      "MOVINGTIME": 1620.0,
      "ARRIVALTIME": "20251203030400"
    },
    {
      "SEQ": 65,
      "BEFORE_NODE": 65.0,
      "AFTER_NODE": 66.0,
      "BEFORE_LAT": 2.778945,
      "BEFORE_LON": 101.05279,
      "AFTER_LAT": 2.7272699,
      "AFTER_LON": 101.14289,
      "SOG": 12,
      "MOVINGTIME": 1620.0,
      "ARRIVALTIME": "20251203033100"
    },
    {
      "SEQ": 66,
      "BEFORE_NODE": 66.0,
      "AFTER_NODE": 67.0,
      "BEFORE_LAT": 2.7272699,
      "BEFORE_LON": 101.14289,
      "AFTER_LAT": 2.6787851,
      "AFTER_LON": 101.23531,
      "SOG": 12,
      "MOVINGTIME": 1860.0,
      "ARRIVALTIME": "20251203040200"
    },
    {
      "SEQ": 67,
      "BEFORE_NODE": 67.0,
      "AFTER_NODE": 68.0,
      "BEFORE_LAT": 2.6787851,
      "BEFORE_LON": 101.23531,
      "AFTER_LAT": 2.6305716,
      "AFTER_LON": 101.32535,
      "SOG": 12,
      "MOVINGTIME": 1740.0,
      "ARRIVALTIME": "20251203043100"
    },
    {
      "SEQ": 68,
      "BEFORE_NODE": 68.0,
      "AFTER_NODE": 69.0,
      "BEFORE_LAT": 2.6305716,
      "BEFORE_LON": 101.32535,
      "AFTER_LAT": 2.5779083,
      "AFTER_LON": 101.41641,
      "SOG": 12.5,
      "MOVINGTIME": 1740.0,
      "ARRIVALTIME": "20251203050000"
    },
    {
      "SEQ": 69,
      "BEFORE_NODE": 69.0,
      "AFTER_NODE": 70.0,
      "BEFORE_LAT": 2.5779083,
      "BEFORE_LON": 101.41641,
      "AFTER_LAT": 2.5357184,
      "AFTER_LON": 101.47155,
      "SOG": 12.1,
      "MOVINGTIME": 1740.0,
      "ARRIVALTIME": "20251203052900"
    },
    {
      "SEQ": 70,
      "BEFORE_NODE": 70.0,
      "AFTER_NODE": 71.0,
      "BEFORE_LAT": 2.5357184,
      "BEFORE_LON": 101.47155,
      "AFTER_LAT": 2.4379632,
      "AFTER_LON": 101.58123,
      "SOG": 13.3,
      "MOVINGTIME": 2100.0,
      "ARRIVALTIME": "20251203060400"
    },
    {
      "SEQ": 71,
      "BEFORE_NODE": 71.0,
      "AFTER_NODE": 72.0,
      "BEFORE_LAT": 2.4379632,
      "BEFORE_LON": 101.58123,
      "AFTER_LAT": 2.3877399,
      "AFTER_LON": 101.642,
      "SOG": 13.5,
      "MOVINGTIME": 1620.0,
      "ARRIVALTIME": "20251203063100"
    },
    {
      "SEQ": 72,
      "BEFORE_NODE": 72.0,
      "AFTER_NODE": 73.0,
      "BEFORE_LAT": 2.3877399,
      "BEFORE_LON": 101.642,
      "AFTER_LAT": 2.33902,
      "AFTER_LON": 101.70179,
      "SOG": 13.6,
      "MOVINGTIME": 1680.0,
      "ARRIVALTIME": "20251203065900"
    },
    {
      "SEQ": 73,
      "BEFORE_NODE": 73.0,
      "AFTER_NODE": 74.0,
      "BEFORE_LAT": 2.33902,
      "BEFORE_LON": 101.70179,
      "AFTER_LAT": 2.25207,
      "AFTER_LON": 101.8388,
      "SOG": 14.5,
      "MOVINGTIME": 1920.0,
      "ARRIVALTIME": "20251203073100"
    },
    {
      "SEQ": 74,
      "BEFORE_NODE": 74.0,
      "AFTER_NODE": 75.0,
      "BEFORE_LAT": 2.25207,
      "BEFORE_LON": 101.8388,
      "AFTER_LAT": 2.1793201,
      "AFTER_LON": 101.93436,
      "SOG": 13.8,
      "MOVINGTIME": 1800.0,
      "ARRIVALTIME": "20251203080100"
    },
    {
      "SEQ": 75,
      "BEFORE_NODE": 75.0,
      "AFTER_NODE": 76.0,
      "BEFORE_LAT": 2.1793201,
      "BEFORE_LON": 101.93436,
      "AFTER_LAT": 2.057065,
      "AFTER_LON": 102.07355,
      "SOG": 14.7,
      "MOVINGTIME": 2489.0,
      "ARRIVALTIME": "20251203084229"
    },
    {
      "SEQ": 76,
      "BEFORE_NODE": 76.0,
      "AFTER_NODE": 77.0,
      "BEFORE_LAT": 2.057065,
      "BEFORE_LON": 102.07355,
      "AFTER_LAT": 1.9764333333333333,
      "AFTER_LON": 102.16542333333334,
      "SOG": 14.6,
      "MOVINGTIME": 1786.0,
      "ARRIVALTIME": "20251203091215"
    },
    {
      "SEQ": 77,
      "BEFORE_NODE": 77.0,
      "AFTER_NODE": 78.0,
      "BEFORE_LAT": 1.9764333333333333,
      "BEFORE_LON": 102.16542333333334,
      "AFTER_LAT": 1.900085,
      "AFTER_LON": 102.261115,
      "SOG": 14.6,
      "MOVINGTIME": 1809.0,
      "ARRIVALTIME": "20251203094224"
    },
    {
      "SEQ": 78,
      "BEFORE_NODE": 78.0,
      "AFTER_NODE": 79.0,
      "BEFORE_LAT": 1.900085,
      "BEFORE_LON": 102.261115,
      "AFTER_LAT": 1.8515233333333334,
      "AFTER_LON": 102.35200666666667,
      "SOG": 14.7,
      "MOVINGTIME": 1516.0,
      "ARRIVALTIME": "20251203100740"
    },
    {
      "SEQ": 79,
      "BEFORE_NODE": 79.0,
      "AFTER_NODE": 80.0,
      "BEFORE_LAT": 1.8515233333333334,
      "BEFORE_LON": 102.35200666666667,
      "AFTER_LAT": 1.7981966666666667,
      "AFTER_LON": 102.46214,
      "SOG": 14.3,
      "MOVINGTIME": 1815.0,
      "ARRIVALTIME": "20251203103755"
    },
    {
      "SEQ": 80,
      "BEFORE_NODE": 80.0,
      "AFTER_NODE": 81.0,
      "BEFORE_LAT": 1.7981966666666667,
      "BEFORE_LON": 102.46214,
      "AFTER_LAT": 1.7734801,
      "AFTER_LON": 102.51264,
      "SOG": 14.3,
      "MOVINGTIME": 1385.0,
      "ARRIVALTIME": "20251203110100"
    },
    {
      "SEQ": 81,
      "BEFORE_NODE": 81.0,
      "AFTER_NODE": 82.0,
      "BEFORE_LAT": 1.7734801,
      "BEFORE_LON": 102.51264,
      "AFTER_LAT": 1.721885,
      "AFTER_LON": 102.61974,
      "SOG": 14.3,
      "MOVINGTIME": 1740.0,
      "ARRIVALTIME": "20251203113000"
    },
    {
      "SEQ": 82,
      "BEFORE_NODE": 82.0,
      "AFTER_NODE": 83.0,
      "BEFORE_LAT": 1.721885,
      "BEFORE_LON": 102.61974,
      "AFTER_LAT": 1.658415,
      "AFTER_LON": 102.74528,
      "SOG": 14.1,
      "MOVINGTIME": 1920.0,
      "ARRIVALTIME": "20251203120200"
    },
    {
      "SEQ": 83,
      "BEFORE_NODE": 83.0,
      "AFTER_NODE": 84.0,
      "BEFORE_LAT": 1.658415,
      "BEFORE_LON": 102.74528,
      "AFTER_LAT": 1.6068667,
      "AFTER_LON": 102.84948,
      "SOG": 13.8,
      "MOVINGTIME": 1740.0,
      "ARRIVALTIME": "20251203123100"
    },
    {
      "SEQ": 84,
      "BEFORE_NODE": 84.0,
      "AFTER_NODE": 85.0,
      "BEFORE_LAT": 1.6068667,
      "BEFORE_LON": 102.84948,
      "AFTER_LAT": 1.5429217,
      "AFTER_LON": 102.94772,
      "SOG": 13.3,
      "MOVINGTIME": 1800.0,
      "ARRIVALTIME": "20251203130100"
    },
    {
      "SEQ": 85,
      "BEFORE_NODE": 85.0,
      "AFTER_NODE": 86.0,
      "BEFORE_LAT": 1.5429217,
      "BEFORE_LON": 102.94772,
      "AFTER_LAT": 1.4834484,
      "AFTER_LON": 103.03658,
      "SOG": 10.1,
      "MOVINGTIME": 1860.0,
      "ARRIVALTIME": "20251203133200"
    },
    {
      "SEQ": 86,
      "BEFORE_NODE": 86.0,
      "AFTER_NODE": 87.0,
      "BEFORE_LAT": 1.4834484,
      "BEFORE_LON": 103.03658,
      "AFTER_LAT": 1.452895,
      "AFTER_LON": 103.08532,
      "SOG": 10.3,
      "MOVINGTIME": 1560.0,
      "ARRIVALTIME": "20251203135800"
    },
    {
      "SEQ": 87,
      "BEFORE_NODE": 87.0,
      "AFTER_NODE": 88.0,
      "BEFORE_LAT": 1.452895,
      "BEFORE_LON": 103.08532,
      "AFTER_LAT": 1.4066234,
      "AFTER_LON": 103.1591,
      "SOG": 10.6,
      "MOVINGTIME": 1980.0,
      "ARRIVALTIME": "20251203143100"
    },
    {
      "SEQ": 88,
      "BEFORE_NODE": 88.0,
      "AFTER_NODE": 89.0,
      "BEFORE_LAT": 1.4066234,
      "BEFORE_LON": 103.1591,
      "AFTER_LAT": 1.3522884,
      "AFTER_LON": 103.21639,
      "SOG": 7.5,
      "MOVINGTIME": 1680.0,
      "ARRIVALTIME": "20251203145900"
    },
    {
      "SEQ": 89,
      "BEFORE_NODE": 89.0,
      "AFTER_NODE": 90.0,
      "BEFORE_LAT": 1.3522884,
      "BEFORE_LON": 103.21639,
      "AFTER_LAT": 1.3099717,
      "AFTER_LON": 103.26727,
      "SOG": 6.5,
      "MOVINGTIME": 1800.0,
      "ARRIVALTIME": "20251203152900"
    },
    {
      "SEQ": 90,
      "BEFORE_NODE": 90.0,
      "AFTER_NODE": 91.0,
      "BEFORE_LAT": 1.3099717,
      "BEFORE_LON": 103.26727,
      "AFTER_LAT": 1.275685,
      "AFTER_LON": 103.3112,
      "SOG": 6.5,
      "MOVINGTIME": 1920.0,
      "ARRIVALTIME": "20251203160100"
    },
    {
      "SEQ": 91,
      "BEFORE_NODE": 91.0,
      "AFTER_NODE": 92.0,
      "BEFORE_LAT": 1.275685,
      "BEFORE_LON": 103.3112,
      "AFTER_LAT": 1.2309067,
      "AFTER_LON": 103.3539,
      "SOG": 7,
      "MOVINGTIME": 1800.0,
      "ARRIVALTIME": "20251203163100"
    },
    {
      "SEQ": 92,
      "BEFORE_NODE": 92.0,
      "AFTER_NODE": 93.0,
      "BEFORE_LAT": 1.2309067,
      "BEFORE_LON": 103.3539,
      "AFTER_LAT": 1.201735,
      "AFTER_LON": 103.40428,
      "SOG": 11.6,
      "MOVINGTIME": 1800.0,
      "ARRIVALTIME": "20251203170100"
    },
    {
      "SEQ": 93,
      "BEFORE_NODE": 93.0,
      "AFTER_NODE": 94.0,
      "BEFORE_LAT": 1.201735,
      "BEFORE_LON": 103.40428,
      "AFTER_LAT": 1.1752166666666668,
      "AFTER_LON": 103.52399666666666,
      "SOG": 6.6,
      "MOVINGTIME": 2275.0,
      "ARRIVALTIME": "20251203173855"
    },
    {
      "SEQ": 94,
      "BEFORE_NODE": 94.0,
      "AFTER_NODE": 95.0,
      "BEFORE_LAT": 1.1752166666666668,
      "BEFORE_LON": 103.52399666666666,
      "AFTER_LAT": 1.2127083333333333,
      "AFTER_LON": 103.58435166666666,
      "SOG": 4.9,
      "MOVINGTIME": 2009.0,
      "ARRIVALTIME": "20251203181224"
    },
    {
      "SEQ": 95,
      "BEFORE_NODE": 95.0,
      "AFTER_NODE": 96.0,
      "BEFORE_LAT": 1.2127083333333333,
      "BEFORE_LON": 103.58435166666666,
      "AFTER_LAT": 1.2093583333333333,
      "AFTER_LON": 103.613865,
      "SOG": 2,
      "MOVINGTIME": 1829.0,
      "ARRIVALTIME": "20251203184253"
    },
    {
      "SEQ": 96,
      "BEFORE_NODE": 96.0,
      "AFTER_NODE": 97.0,
      "BEFORE_LAT": 1.2093583333333333,
      "BEFORE_LON": 103.613865,
      "AFTER_LAT": 1.2036766666666667,
      "AFTER_LON": 103.62659333333333,
      "SOG": 4.7,
      "MOVINGTIME": 1501.0,
      "ARRIVALTIME": "20251203190754"
    },
    {
      "SEQ": 97,
      "BEFORE_NODE": 97.0,
      "AFTER_NODE": 98.0,
      "BEFORE_LAT": 1.2036766666666667,
      "BEFORE_LON": 103.62659333333333,
      "AFTER_LAT": 1.2208683333333332,
      "AFTER_LON": 103.69555333333334,
      "SOG": 10.1,
      "MOVINGTIME": 1800.0,
      "ARRIVALTIME": "20251203193754"
    },
    {
      "SEQ": 98,
      "BEFORE_NODE": 98.0,
      "AFTER_NODE": 99.0,
      "BEFORE_LAT": 1.2208683333333332,
      "BEFORE_LON": 103.69555333333334,
      "AFTER_LAT": 1.24532,
      "AFTER_LON": 103.75037833333333,
      "SOG": 5.7,
      "MOVINGTIME": 1800.0,
      "ARRIVALTIME": "20251203200754"
    },
    {
      "SEQ": 99,
      "BEFORE_NODE": 99.0,
      "AFTER_NODE": 100.0,
      "BEFORE_LAT": 1.24532,
      "BEFORE_LON": 103.75037833333333,
      "AFTER_LAT": 1.2729067,
      "AFTER_LON": 103.75597,
      "SOG": 1.3,
      "MOVINGTIME": 2004.0,
      "ARRIVALTIME": "20251203204118"
    },
    {
      "SEQ": 100,
      "BEFORE_NODE": 100.0,
      "AFTER_NODE": 101.0,
      "BEFORE_LAT": 1.2729067,
      "BEFORE_LON": 103.75597,
      "AFTER_LAT": 1.2767533333333334,
      "AFTER_LON": 103.75454333333333,
      "SOG": 0.4,
      "MOVINGTIME": 1786.0,
      "ARRIVALTIME": "20251203211104"
    },
    {
      "SEQ": 101,
      "BEFORE_NODE": 101.0,
      "AFTER_NODE": 102.0,
      "BEFORE_LAT": 1.2767533333333334,
      "BEFORE_LON": 103.75454333333333,
      "AFTER_LAT": 1.2772716,
      "AFTER_LON": 103.75492,
      "SOG": 0,
      "MOVINGTIME": 1016.0,
      "ARRIVALTIME": "20251203212800"
    },
    {
      "SEQ": 102,
      "BEFORE_NODE": 102.0,
      "AFTER_NODE": 103.0,
      "BEFORE_LAT": 1.2772716,
      "BEFORE_LON": 103.75492,
      "AFTER_LAT": 1.2773067,
      "AFTER_LON": 103.75491,
      "SOG": 0,
      "MOVINGTIME": 1920.0,
      "ARRIVALTIME": "20251203220000"
    },
    {
      "SEQ": 103,
      "BEFORE_NODE": 103.0,
      "AFTER_NODE": 104.0,
      "BEFORE_LAT": 1.2773067,
      "BEFORE_LON": 103.75491,
      "AFTER_LAT": 1.2772566,
      "AFTER_LON": 103.75492,
      "SOG": 0,
      "MOVINGTIME": 1800.0,
      "ARRIVALTIME": "20251203223000"
    },
    {
      "SEQ": 104,
      "BEFORE_NODE": 104.0,
      "AFTER_NODE": 105.0,
      "BEFORE_LAT": 1.2772566,
      "BEFORE_LON": 103.75492,
      "AFTER_LAT": 1.2772434,
      "AFTER_LON": 103.75483,
      "SOG": 0,
      "MOVINGTIME": 1680.0,
      "ARRIVALTIME": "20251203225800"
    },
    {
      "SEQ": 105,
      "BEFORE_NODE": 105.0,
      "AFTER_NODE": 106.0,
      "BEFORE_LAT": 1.2772434,
      "BEFORE_LON": 103.75483,
      "AFTER_LAT": 1.2772883,
      "AFTER_LON": 103.75489,
      "SOG": 0,
      "MOVINGTIME": 1620.0,
      "ARRIVALTIME": "20251203232500"
    },
    {
      "SEQ": 106,
      "BEFORE_NODE": 106.0,
      "AFTER_NODE": 107.0,
      "BEFORE_LAT": 1.2772883,
      "BEFORE_LON": 103.75489,
      "AFTER_LAT": 1.2772501,
      "AFTER_LON": 103.75489,
      "SOG": 0,
      "MOVINGTIME": 1860.0,
      "ARRIVALTIME": "20251203235600"
    },
    {
      "SEQ": 107,
      "BEFORE_NODE": 107.0,
      "AFTER_NODE": 108.0,
      "BEFORE_LAT": 1.2772501,
      "BEFORE_LON": 103.75489,
      "AFTER_LAT": 1.2772599,
      "AFTER_LON": 103.75487,
      "SOG": 0,
      "MOVINGTIME": 2040.0,
      "ARRIVALTIME": "20251204003000"
    },
    {
      "SEQ": 108,
      "BEFORE_NODE": 108.0,
      "AFTER_NODE": 109.0,
      "BEFORE_LAT": 1.2772599,
      "BEFORE_LON": 103.75487,
      "AFTER_LAT": 1.2772599,
      "AFTER_LON": 103.75488,
      "SOG": 0,
      "MOVINGTIME": 1920.0,
      "ARRIVALTIME": "20251204010200"
    },
    {
      "SEQ": 109,
      "BEFORE_NODE": 109.0,
      "AFTER_NODE": 110.0,
      "BEFORE_LAT": 1.2772599,
      "BEFORE_LON": 103.75488,
      "AFTER_LAT": 1.2772716,
      "AFTER_LON": 103.75491,
      "SOG": 0,
      "MOVINGTIME": 1740.0,
      "ARRIVALTIME": "20251204013100"
    },
    {
      "SEQ": 110,
      "BEFORE_NODE": 110.0,
      "AFTER_NODE": 111.0,
      "BEFORE_LAT": 1.2772716,
      "BEFORE_LON": 103.75491,
      "AFTER_LAT": 1.2772833,
      "AFTER_LON": 103.75483,
      "SOG": 0,
      "MOVINGTIME": 1680.0,
      "ARRIVALTIME": "20251204015900"
    },
    {
      "SEQ": 111,
      "BEFORE_NODE": 111.0,
      "AFTER_NODE": 112.0,
      "BEFORE_LAT": 1.2772833,
      "BEFORE_LON": 103.75483,
      "AFTER_LAT": 1.2772733,
      "AFTER_LON": 103.75484,
      "SOG": 0,
      "MOVINGTIME": 2040.0,
      "ARRIVALTIME": "20251204023300"
    },
    {
      "SEQ": 112,
      "BEFORE_NODE": 112.0,
      "AFTER_NODE": 113.0,
      "BEFORE_LAT": 1.2772733,
      "BEFORE_LON": 103.75484,
      "AFTER_LAT": 1.2772599,
      "AFTER_LON": 103.75491,
      "SOG": 0,
      "MOVINGTIME": 1800.0,
      "ARRIVALTIME": "20251204030300"
    },
    {
      "SEQ": 113,
      "BEFORE_NODE": 113.0,
      "AFTER_NODE": 114.0,
      "BEFORE_LAT": 1.2772599,
      "BEFORE_LON": 103.75491,
      "AFTER_LAT": 1.2772434,
      "AFTER_LON": 103.75494,
      "SOG": 0,
      "MOVINGTIME": 1560.0,
      "ARRIVALTIME": "20251204032900"
    },
    {
      "SEQ": 114,
      "BEFORE_NODE": 114.0,
      "AFTER_NODE": 115.0,
      "BEFORE_LAT": 1.2772434,
      "BEFORE_LON": 103.75494,
      "AFTER_LAT": 1.27728,
      "AFTER_LON": 103.75488,
      "SOG": 0,
      "MOVINGTIME": 1740.0,
      "ARRIVALTIME": "20251204035800"
    },
    {
      "SEQ": 115,
      "BEFORE_NODE": 115.0,
      "AFTER_NODE": 116.0,
      "BEFORE_LAT": 1.27728,
      "BEFORE_LON": 103.75488,
      "AFTER_LAT": 1.2772716,
      "AFTER_LON": 103.75488,
      "SOG": 0,
      "MOVINGTIME": 1800.0,
      "ARRIVALTIME": "20251204042800"
    },
    {
      "SEQ": 116,
      "BEFORE_NODE": 116.0,
      "AFTER_NODE": 117.0,
      "BEFORE_LAT": 1.2772716,
      "BEFORE_LON": 103.75488,
      "AFTER_LAT": 1.277205,
      "AFTER_LON": 103.75497,
      "SOG": 0,
      "MOVINGTIME": 1920.0,
      "ARRIVALTIME": "20251204050000"
    },
    {
      "SEQ": 117,
      "BEFORE_NODE": 117.0,
      "AFTER_NODE": 118.0,
      "BEFORE_LAT": 1.277205,
      "BEFORE_LON": 103.75497,
      "AFTER_LAT": 1.2772583,
      "AFTER_LON": 103.75489,
      "SOG": 0,
      "MOVINGTIME": 1680.0,
      "ARRIVALTIME": "20251204052800"
    },
    {
      "SEQ": 118,
      "BEFORE_NODE": 118.0,
      "AFTER_NODE": 119.0,
      "BEFORE_LAT": 1.2772583,
      "BEFORE_LON": 103.75489,
      "AFTER_LAT": 1.2773184,
      "AFTER_LON": 103.75488,
      "SOG": 0,
      "MOVINGTIME": 1860.0,
      "ARRIVALTIME": "20251204055900"
    },
    {
      "SEQ": 119,
      "BEFORE_NODE": 119.0,
      "AFTER_NODE": 120.0,
      "BEFORE_LAT": 1.2773184,
      "BEFORE_LON": 103.75488,
      "AFTER_LAT": 1.2772716,
      "AFTER_LON": 103.75488,
      "SOG": 0,
      "MOVINGTIME": 1620.0,
      "ARRIVALTIME": "20251204062600"
    },
    {
      "SEQ": 120,
      "BEFORE_NODE": 120.0,
      "AFTER_NODE": 121.0,
      "BEFORE_LAT": 1.2772716,
      "BEFORE_LON": 103.75488,
      "AFTER_LAT": 1.2772967,
      "AFTER_LON": 103.75488,
      "SOG": 0,
      "MOVINGTIME": 2100.0,
      "ARRIVALTIME": "20251204070100"
    },
    {
      "SEQ": 121,
      "BEFORE_NODE": 121.0,
      "AFTER_NODE": 122.0,
      "BEFORE_LAT": 1.2772967,
      "BEFORE_LON": 103.75488,
      "AFTER_LAT": 1.2772833333333333,
      "AFTER_LON": 103.75491,
      "SOG": 0,
      "MOVINGTIME": 2120.0,
      "ARRIVALTIME": "20251204073620"
    },
    {
      "SEQ": 122,
      "BEFORE_NODE": 122.0,
      "AFTER_NODE": 123.0,
      "BEFORE_LAT": 1.2772833333333333,
      "BEFORE_LON": 103.75491,
      "AFTER_LAT": 1.2771883333333334,
      "AFTER_LON": 103.75491,
      "SOG": 0,
      "MOVINGTIME": 2335.0,
      "ARRIVALTIME": "20251204081515"
    },
    {
      "SEQ": 123,
      "BEFORE_NODE": 123.0,
      "AFTER_NODE": 124.0,
      "BEFORE_LAT": 1.2771883333333334,
      "BEFORE_LON": 103.75491,
      "AFTER_LAT": 1.2772516666666667,
      "AFTER_LON": 103.75485666666667,
      "SOG": 0,
      "MOVINGTIME": 1623.0,
      "ARRIVALTIME": "20251204084218"
    },
    {
      "SEQ": 124,
      "BEFORE_NODE": 124.0,
      "AFTER_NODE": 125.0,
      "BEFORE_LAT": 1.2772516666666667,
      "BEFORE_LON": 103.75485666666667,
      "AFTER_LAT": 1.27725,
      "AFTER_LON": 103.75491,
      "SOG": 0,
      "MOVINGTIME": 1797.0,
      "ARRIVALTIME": "20251204091215"
    },
    {
      "SEQ": 125,
      "BEFORE_NODE": 125.0,
      "AFTER_NODE": 126.0,
      "BEFORE_LAT": 1.27725,
      "BEFORE_LON": 103.75491,
      "AFTER_LAT": 1.2772483333333333,
      "AFTER_LON": 103.754925,
      "SOG": 0,
      "MOVINGTIME": 1802.0,
      "ARRIVALTIME": "20251204094217"
    },
    {
      "SEQ": 126,
      "BEFORE_NODE": 126.0,
      "AFTER_NODE": 127.0,
      "BEFORE_LAT": 1.2772483333333333,
      "BEFORE_LON": 103.754925,
      "AFTER_LAT": 1.2772283333333334,
      "AFTER_LON": 103.75491166666667,
      "SOG": 0,
      "MOVINGTIME": 1439.0,
      "ARRIVALTIME": "20251204100616"
    },
    {
      "SEQ": 127,
      "BEFORE_NODE": 127.0,
      "AFTER_NODE": 128.0,
      "BEFORE_LAT": 1.2772283333333334,
      "BEFORE_LON": 103.75491166666667,
      "AFTER_LAT": 1.277235,
      "AFTER_LON": 103.75493333333333,
      "SOG": 0,
      "MOVINGTIME": 1988.0,
      "ARRIVALTIME": "20251204103924"
    },
    {
      "SEQ": 128,
      "BEFORE_NODE": 128.0,
      "AFTER_NODE": 129.0,
      "BEFORE_LAT": 1.277235,
      "BEFORE_LON": 103.75493333333333,
      "AFTER_LAT": 1.2772683333333332,
      "AFTER_LON": 103.75492166666666,
      "SOG": 0,
      "MOVINGTIME": 1976.0,
      "ARRIVALTIME": "20251204111220"
    },
    {
      "SEQ": 129,
      "BEFORE_NODE": 129.0,
      "AFTER_NODE": 130.0,
      "BEFORE_LAT": 1.2772683333333332,
      "BEFORE_LON": 103.75492166666666,
      "AFTER_LAT": 1.2772783333333333,
      "AFTER_LON": 103.75489333333333,
      "SOG": 0,
      "MOVINGTIME": 1796.0,
      "ARRIVALTIME": "20251204114216"
    },
    {
      "SEQ": 130,
      "BEFORE_NODE": 130.0,
      "AFTER_NODE": 131.0,
      "BEFORE_LAT": 1.2772783333333333,
      "BEFORE_LON": 103.75489333333333,
      "AFTER_LAT": 1.27728,
      "AFTER_LON": 103.75487333333334,
      "SOG": 0,
      "MOVINGTIME": 1801.0,
      "ARRIVALTIME": "20251204121217"
    },
    {
      "SEQ": 131,
      "BEFORE_NODE": 131.0,
      "AFTER_NODE": 132.0,
      "BEFORE_LAT": 1.27728,
      "BEFORE_LON": 103.75487333333334,
      "AFTER_LAT": 1.2772533333333334,
      "AFTER_LON": 103.75491666666667,
      "SOG": 0,
      "MOVINGTIME": 1979.0,
      "ARRIVALTIME": "20251204124516"
    },
    {
      "SEQ": 132,
      "BEFORE_NODE": 132.0,
      "AFTER_NODE": 133.0,
      "BEFORE_LAT": 1.2772533333333334,
      "BEFORE_LON": 103.75491666666667,
      "AFTER_LAT": 1.2772583333333334,
      "AFTER_LON": 103.75489333333333,
      "SOG": 0,
      "MOVINGTIME": 1266.0,
      "ARRIVALTIME": "20251204130622"
    },
    {
      "SEQ": 133,
      "BEFORE_NODE": 133.0,
      "AFTER_NODE": 134.0,
      "BEFORE_LAT": 1.2772583333333334,
      "BEFORE_LON": 103.75489333333333,
      "AFTER_LAT": 1.277315,
      "AFTER_LON": 103.75488166666666,
      "SOG": 0,
      "MOVINGTIME": 1794.0,
      "ARRIVALTIME": "20251204133616"
    },
    {
      "SEQ": 134,
      "BEFORE_NODE": 134.0,
      "AFTER_NODE": 135.0,
      "BEFORE_LAT": 1.277315,
      "BEFORE_LON": 103.75488166666666,
      "AFTER_LAT": 1.2772616666666667,
      "AFTER_LON": 103.75490666666667,
      "SOG": 0,
      "MOVINGTIME": 2161.0,
      "ARRIVALTIME": "20251204141217"
    },
    {
      "SEQ": 135,
      "BEFORE_NODE": 135.0,
      "AFTER_NODE": 136.0,
      "BEFORE_LAT": 1.2772616666666667,
      "BEFORE_LON": 103.75490666666667,
      "AFTER_LAT": 1.2772866666666667,
      "AFTER_LON": 103.75492333333334,
      "SOG": 0,
      "MOVINGTIME": 1622.0,
      "ARRIVALTIME": "20251204143919"
    },
    {
      "SEQ": 136,
      "BEFORE_NODE": 136.0,
      "AFTER_NODE": 137.0,
      "BEFORE_LAT": 1.2772866666666667,
      "BEFORE_LON": 103.75492333333334,
      "AFTER_LAT": 1.27729,
      "AFTER_LON": 103.754885,
      "SOG": 0,
      "MOVINGTIME": 2162.0,
      "ARRIVALTIME": "20251204151521"
    },
    {
      "SEQ": 137,
      "BEFORE_NODE": 137.0,
      "AFTER_NODE": 138.0,
      "BEFORE_LAT": 1.27729,
      "BEFORE_LON": 103.754885,
      "AFTER_LAT": 1.277245,
      "AFTER_LON": 103.75487833333334,
      "SOG": 0,
      "MOVINGTIME": 1616.0,
      "ARRIVALTIME": "20251204154217"
    },
    {
      "SEQ": 138,
      "BEFORE_NODE": 138.0,
      "AFTER_NODE": 139.0,
      "BEFORE_LAT": 1.277245,
      "BEFORE_LON": 103.75487833333334,
      "AFTER_LAT": 1.277235,
      "AFTER_LON": 103.75487666666666,
      "SOG": 0,
      "MOVINGTIME": 1980.0,
      "ARRIVALTIME": "20251204161517"
    },
    {
      "SEQ": 139,
      "BEFORE_NODE": 139.0,
      "AFTER_NODE": 140.0,
      "BEFORE_LAT": 1.277235,
      "BEFORE_LON": 103.75487666666666,
      "AFTER_LAT": 1.2772416666666666,
      "AFTER_LON": 103.75489333333333,
      "SOG": 0,
      "MOVINGTIME": 1264.0,
      "ARRIVALTIME": "20251204163621"
    },
    {
      "SEQ": 140,
      "BEFORE_NODE": 140.0,
      "AFTER_NODE": 141.0,
      "BEFORE_LAT": 1.2772416666666666,
      "BEFORE_LON": 103.75489333333333,
      "AFTER_LAT": 1.2772766666666666,
      "AFTER_LON": 103.75483333333334,
      "SOG": 0,
      "MOVINGTIME": 2160.0,
      "ARRIVALTIME": "20251204171221"
    },
    {
      "SEQ": 141,
      "BEFORE_NODE": 141.0,
      "AFTER_NODE": 142.0,
      "BEFORE_LAT": 1.2772766666666666,
      "BEFORE_LON": 103.75483333333334,
      "AFTER_LAT": 1.27722,
      "AFTER_LON": 103.754865,
      "SOG": 0,
      "MOVINGTIME": 1436.0,
      "ARRIVALTIME": "20251204173617"
    },
    {
      "SEQ": 142,
      "BEFORE_NODE": 142.0,
      "AFTER_NODE": 143.0,
      "BEFORE_LAT": 1.27722,
      "BEFORE_LON": 103.754865,
      "AFTER_LAT": 1.2772816666666666,
      "AFTER_LON": 103.75485166666667,
      "SOG": 0,
      "MOVINGTIME": 2345.0,
      "ARRIVALTIME": "20251204181522"
    },
    {
      "SEQ": 143,
      "BEFORE_NODE": 143.0,
      "AFTER_NODE": 144.0,
      "BEFORE_LAT": 1.2772816666666666,
      "BEFORE_LON": 103.75485166666667,
      "AFTER_LAT": 1.2772516666666667,
      "AFTER_LON": 103.754895,
      "SOG": 0,
      "MOVINGTIME": 1260.0,
      "ARRIVALTIME": "20251204183622"
    },
    {
      "SEQ": 144,
      "BEFORE_NODE": 144.0,
      "AFTER_NODE": 145.0,
      "BEFORE_LAT": 1.2772516666666667,
      "BEFORE_LON": 103.754895,
      "AFTER_LAT": 1.2772883333333334,
      "AFTER_LON": 103.75491,
      "SOG": 0,
      "MOVINGTIME": 2158.0,
      "ARRIVALTIME": "20251204191220"
    },
    {
      "SEQ": 145,
      "BEFORE_NODE": 145.0,
      "AFTER_NODE": 146.0,
      "BEFORE_LAT": 1.2772883333333334,
      "BEFORE_LON": 103.75491,
      "AFTER_LAT": 1.2772516666666667,
      "AFTER_LON": 103.75492166666666,
      "SOG": 0,
      "MOVINGTIME": 1618.0,
      "ARRIVALTIME": "20251204193918"
    },
    {
      "SEQ": 146,
      "BEFORE_NODE": 146.0,
      "AFTER_NODE": 147.0,
      "BEFORE_LAT": 1.2772516666666667,
      "BEFORE_LON": 103.75492166666666,
      "AFTER_LAT": 1.2772466666666666,
      "AFTER_LON": 103.75487666666666,
      "SOG": 0,
      "MOVINGTIME": 1980.0,
      "ARRIVALTIME": "20251204201218"
    },
    {
      "SEQ": 147,
      "BEFORE_NODE": 147.0,
      "AFTER_NODE": 148.0,
      "BEFORE_LAT": 1.2772466666666666,
      "BEFORE_LON": 103.75487666666666,
      "AFTER_LAT": 1.2772216666666667,
      "AFTER_LON": 103.75495166666667,
      "SOG": 0,
      "MOVINGTIME": 1800.0,
      "ARRIVALTIME": "20251204204218"
    },
    {
      "SEQ": 148,
      "BEFORE_NODE": 148.0,
      "AFTER_NODE": 149.0,
      "BEFORE_LAT": 1.2772216666666667,
      "BEFORE_LON": 103.75495166666667,
      "AFTER_LAT": 1.2772433333333333,
      "AFTER_LON": 103.75488666666666,
      "SOG": 0,
      "MOVINGTIME": 1802.0,
      "ARRIVALTIME": "20251204211220"
    },
    {
      "SEQ": 149,
      "BEFORE_NODE": 149.0,
      "AFTER_NODE": 150.0,
      "BEFORE_LAT": 1.2772433333333333,
      "BEFORE_LON": 103.75488666666666,
      "AFTER_LAT": 1.2772633333333332,
      "AFTER_LON": 103.75488833333333,
      "SOG": 0,
      "MOVINGTIME": 1802.0,
      "ARRIVALTIME": "20251204214222"
    },
    {
      "SEQ": 150,
      "BEFORE_NODE": 150.0,
      "AFTER_NODE": 151.0,
      "BEFORE_LAT": 1.2772633333333332,
      "BEFORE_LON": 103.75488833333333,
      "AFTER_LAT": 1.277305,
      "AFTER_LON": 103.754885,
      "SOG": 0,
      "MOVINGTIME": 1977.0,
      "ARRIVALTIME": "20251204221519"
    },
    {
      "SEQ": 151,
      "BEFORE_NODE": 151.0,
      "AFTER_NODE": 152.0,
      "BEFORE_LAT": 1.277305,
      "BEFORE_LON": 103.754885,
      "AFTER_LAT": 1.2772533333333334,
      "AFTER_LON": 103.75486166666667,
      "SOG": 0,
      "MOVINGTIME": 1624.0,
      "ARRIVALTIME": "20251204224223"
    },
    {
      "SEQ": 152,
      "BEFORE_NODE": 152.0,
      "AFTER_NODE": 153.0,
      "BEFORE_LAT": 1.2772533333333334,
      "BEFORE_LON": 103.75486166666667,
      "AFTER_LAT": 1.277265,
      "AFTER_LON": 103.75489833333333,
      "SOG": 0,
      "MOVINGTIME": 1796.0,
      "ARRIVALTIME": "20251204231219"
    },
    {
      "SEQ": 153,
      "BEFORE_NODE": 153.0,
      "AFTER_NODE": 154.0,
      "BEFORE_LAT": 1.277265,
      "BEFORE_LON": 103.75489833333333,
      "AFTER_LAT": 1.2772633333333332,
      "AFTER_LON": 103.75486333333333,
      "SOG": 0,
      "MOVINGTIME": 1801.0,
      "ARRIVALTIME": "20251204234220"
    },
    {
      "SEQ": 154,
      "BEFORE_NODE": 154.0,
      "AFTER_NODE": 155.0,
      "BEFORE_LAT": 1.2772633333333332,
      "BEFORE_LON": 103.75486333333333,
      "AFTER_LAT": 1.2772683333333332,
      "AFTER_LON": 103.75488166666666,
      "SOG": 0,
      "MOVINGTIME": 1804.0,
      "ARRIVALTIME": "20251205001224"
    },
    {
      "SEQ": 155,
      "BEFORE_NODE": 155.0,
      "AFTER_NODE": 156.0,
      "BEFORE_LAT": 1.2772683333333332,
      "BEFORE_LON": 103.75488166666666,
      "AFTER_LAT": 1.2772683333333332,
      "AFTER_LON": 103.75487333333334,
      "SOG": 0,
      "MOVINGTIME": 1797.0,
      "ARRIVALTIME": "20251205004221"
    },
    {
      "SEQ": 156,
      "BEFORE_NODE": 156.0,
      "AFTER_NODE": 157.0,
      "BEFORE_LAT": 1.2772683333333332,
      "BEFORE_LON": 103.75487333333334,
      "AFTER_LAT": 1.2772516666666667,
      "AFTER_LON": 103.75487333333334,
      "SOG": 0,
      "MOVINGTIME": 1982.0,
      "ARRIVALTIME": "20251205011523"
    },
    {
      "SEQ": 157,
      "BEFORE_NODE": 157.0,
      "AFTER_NODE": 158.0,
      "BEFORE_LAT": 1.2772516666666667,
      "BEFORE_LON": 103.75487333333334,
      "AFTER_LAT": 1.2772866666666667,
      "AFTER_LON": 103.75486166666667,
      "SOG": 0,
      "MOVINGTIME": 1257.0,
      "ARRIVALTIME": "20251205013620"
    },
    {
      "SEQ": 158,
      "BEFORE_NODE": 158.0,
      "AFTER_NODE": 159.0,
      "BEFORE_LAT": 1.2772866666666667,
      "BEFORE_LON": 103.75486166666667,
      "AFTER_LAT": 1.277305,
      "AFTER_LON": 103.75489166666667,
      "SOG": 0,
      "MOVINGTIME": 2160.0,
      "ARRIVALTIME": "20251205021220"
    },
    {
      "SEQ": 159,
      "BEFORE_NODE": 159.0,
      "AFTER_NODE": 160.0,
      "BEFORE_LAT": 1.277305,
      "BEFORE_LON": 103.75489166666667,
      "AFTER_LAT": 1.2772566666666667,
      "AFTER_LON": 103.75495333333333,
      "SOG": 0,
      "MOVINGTIME": 1802.0,
      "ARRIVALTIME": "20251205024222"
    },
    {
      "SEQ": 160,
      "BEFORE_NODE": 160.0,
      "AFTER_NODE": 161.0,
      "BEFORE_LAT": 1.2772566666666667,
      "BEFORE_LON": 103.75495333333333,
      "AFTER_LAT": 1.2772533333333334,
      "AFTER_LON": 103.75488,
      "SOG": 0,
      "MOVINGTIME": 1624.0,
      "ARRIVALTIME": "20251205030926"
    },
    {
      "SEQ": 161,
      "BEFORE_NODE": 161.0,
      "AFTER_NODE": 162.0,
      "BEFORE_LAT": 1.2772533333333334,
      "BEFORE_LON": 103.75488,
      "AFTER_LAT": 1.2772666666666668,
      "AFTER_LON": 103.75491,
      "SOG": 0,
      "MOVINGTIME": 1620.0,
      "ARRIVALTIME": "20251205033626"
    },
    {
      "SEQ": 162,
      "BEFORE_NODE": 162.0,
      "AFTER_NODE": 163.0,
      "BEFORE_LAT": 1.2772666666666668,
      "BEFORE_LON": 103.75491,
      "AFTER_LAT": 1.2772466666666666,
      "AFTER_LON": 103.75486833333333,
      "SOG": 0,
      "MOVINGTIME": 2337.0,
      "ARRIVALTIME": "20251205041523"
    },
    {
      "SEQ": 163,
      "BEFORE_NODE": 163.0,
      "AFTER_NODE": 164.0,
      "BEFORE_LAT": 1.2772466666666666,
      "BEFORE_LON": 103.75486833333333,
      "AFTER_LAT": 1.2772566666666667,
      "AFTER_LON": 103.75486833333333,
      "SOG": 0,
      "MOVINGTIME": 1623.0,
      "ARRIVALTIME": "20251205044226"
    },
    {
      "SEQ": 164,
      "BEFORE_NODE": 164.0,
      "AFTER_NODE": 165.0,
      "BEFORE_LAT": 1.2772566666666667,
      "BEFORE_LON": 103.75486833333333,
      "AFTER_LAT": 1.27728,
      "AFTER_LON": 103.75490166666667,
      "SOG": 0,
      "MOVINGTIME": 1979.0,
      "ARRIVALTIME": "20251205051525"
    },
    {
      "SEQ": 165,
      "BEFORE_NODE": 165.0,
      "AFTER_NODE": 166.0,
      "BEFORE_LAT": 1.27728,
      "BEFORE_LON": 103.75490166666667,
      "AFTER_LAT": 1.277305,
      "AFTER_LON": 103.75484333333333,
      "SOG": 0,
      "MOVINGTIME": 1623.0,
      "ARRIVALTIME": "20251205054228"
    },
    {
      "SEQ": 166,
      "BEFORE_NODE": 166.0,
      "AFTER_NODE": 167.0,
      "BEFORE_LAT": 1.277305,
      "BEFORE_LON": 103.75484333333333,
      "AFTER_LAT": 1.277285,
      "AFTER_LON": 103.75489,
      "SOG": 0,
      "MOVINGTIME": 1973.0,
      "ARRIVALTIME": "20251205061521"
    },
    {
      "SEQ": 167,
      "BEFORE_NODE": 167.0,
      "AFTER_NODE": 168.0,
      "BEFORE_LAT": 1.277285,
      "BEFORE_LON": 103.75489,
      "AFTER_LAT": 1.2772883333333334,
      "AFTER_LON": 103.75490833333333,
      "SOG": 0,
      "MOVINGTIME": 1621.0,
      "ARRIVALTIME": "20251205064222"
    },
    {
      "SEQ": 168,
      "BEFORE_NODE": 168.0,
      "AFTER_NODE": 169.0,
      "BEFORE_LAT": 1.2772883333333334,
      "BEFORE_LON": 103.75490833333333,
      "AFTER_LAT": 1.27729,
      "AFTER_LON": 103.75489166666667,
      "SOG": 0,
      "MOVINGTIME": 1803.0,
      "ARRIVALTIME": "20251205071225"
    },
    {
      "SEQ": 169,
      "BEFORE_NODE": 169.0,
      "AFTER_NODE": 170.0,
      "BEFORE_LAT": 1.27729,
      "BEFORE_LON": 103.75489166666667,
      "AFTER_LAT": 1.2773016666666668,
      "AFTER_LON": 103.75489833333333,
      "SOG": 0,
      "MOVINGTIME": 1436.0,
      "ARRIVALTIME": "20251205073621"
    },
    {
      "SEQ": 170,
      "BEFORE_NODE": 170.0,
      "AFTER_NODE": 171.0,
      "BEFORE_LAT": 1.2773016666666668,
      "BEFORE_LON": 103.75489833333333,
      "AFTER_LAT": 1.2772666666666668,
      "AFTER_LON": 103.75487666666666,
      "SOG": 0,
      "MOVINGTIME": 2160.0,
      "ARRIVALTIME": "20251205081221"
    },
    {
      "SEQ": 171,
      "BEFORE_NODE": 171.0,
      "AFTER_NODE": 172.0,
      "BEFORE_LAT": 1.2772666666666668,
      "BEFORE_LON": 103.75487666666666,
      "AFTER_LAT": 1.2772966666666667,
      "AFTER_LON": 103.754895,
      "SOG": 0,
      "MOVINGTIME": 1800.0,
      "ARRIVALTIME": "20251205084221"
    },
    {
      "SEQ": 172,
      "BEFORE_NODE": 172.0,
      "AFTER_NODE": 173.0,
      "BEFORE_LAT": 1.2772966666666667,
      "BEFORE_LON": 103.754895,
      "AFTER_LAT": 1.2772866666666667,
      "AFTER_LON": 103.75493,
      "SOG": 0,
      "MOVINGTIME": 1265.0,
      "ARRIVALTIME": "20251205090326"
    },
    {
      "SEQ": 173,
      "BEFORE_NODE": 173.0,
      "AFTER_NODE": 174.0,
      "BEFORE_LAT": 1.2772866666666667,
      "BEFORE_LON": 103.75493,
      "AFTER_LAT": 1.2772883333333334,
      "AFTER_LON": 103.75490666666667,
      "SOG": 0,
      "MOVINGTIME": 2336.0,
      "ARRIVALTIME": "20251205094222"
    },
    {
      "SEQ": 174,
      "BEFORE_NODE": 174.0,
      "AFTER_NODE": 175.0,
      "BEFORE_LAT": 1.2772883333333334,
      "BEFORE_LON": 103.75490666666667,
      "AFTER_LAT": 1.277265,
      "AFTER_LON": 103.75491,
      "SOG": 0,
      "MOVINGTIME": 1625.0,
      "ARRIVALTIME": "20251205100927"
    },
    {
      "SEQ": 175,
      "BEFORE_NODE": 175.0,
      "AFTER_NODE": 176.0,
      "BEFORE_LAT": 1.277265,
      "BEFORE_LON": 103.75491,
      "AFTER_LAT": 1.2773116666666666,
      "AFTER_LON": 103.75490166666667,
      "SOG": 0,
      "MOVINGTIME": 1802.0,
      "ARRIVALTIME": "20251205103929"
    },
    {
      "SEQ": 176,
      "BEFORE_NODE": 176.0,
      "AFTER_NODE": 177.0,
      "BEFORE_LAT": 1.2773116666666666,
      "BEFORE_LON": 103.75490166666667,
      "AFTER_LAT": 1.2772916666666667,
      "AFTER_LON": 103.75492,
      "SOG": 0,
      "MOVINGTIME": 1977.0,
      "ARRIVALTIME": "20251205111226"
    },
    {
      "SEQ": 177,
      "BEFORE_NODE": 177.0,
      "AFTER_NODE": 178.0,
      "BEFORE_LAT": 1.2772916666666667,
      "BEFORE_LON": 103.75492,
      "AFTER_LAT": 1.277255,
      "AFTER_LON": 103.75488333333334,
      "SOG": 0,
      "MOVINGTIME": 1798.0,
      "ARRIVALTIME": "20251205114224"
    },
    {
      "SEQ": 178,
      "BEFORE_NODE": 178.0,
      "AFTER_NODE": 179.0,
      "BEFORE_LAT": 1.277255,
      "BEFORE_LON": 103.75488333333334,
      "AFTER_LAT": 1.277275,
      "AFTER_LON": 103.75490666666667,
      "SOG": 0,
      "MOVINGTIME": 1439.0,
      "ARRIVALTIME": "20251205120623"
    },
    {
      "SEQ": 179,
      "BEFORE_NODE": 179.0,
      "AFTER_NODE": 180.0,
      "BEFORE_LAT": 1.277275,
      "BEFORE_LON": 103.75490666666667,
      "AFTER_LAT": 1.2772216666666667,
      "AFTER_LON": 103.75488166666666,
      "SOG": 0,
      "MOVINGTIME": 1982.0,
      "ARRIVALTIME": "20251205123925"
    },
    {
      "SEQ": 180,
      "BEFORE_NODE": 180.0,
      "AFTER_NODE": 181.0,
      "BEFORE_LAT": 1.2772216666666667,
      "BEFORE_LON": 103.75488166666666,
      "AFTER_LAT": 1.27727,
      "AFTER_LON": 103.75492333333334,
      "SOG": 0,
      "MOVINGTIME": 1982.0,
      "ARRIVALTIME": "20251205131227"
    },
    {
      "SEQ": 181,
      "BEFORE_NODE": 181.0,
      "AFTER_NODE": 182.0,
      "BEFORE_LAT": 1.27727,
      "BEFORE_LON": 103.75492333333334,
      "AFTER_LAT": 1.2773083333333333,
      "AFTER_LON": 103.75486833333333,
      "SOG": 0,
      "MOVINGTIME": 1258.0,
      "ARRIVALTIME": "20251205133325"
    },
    {
      "SEQ": 182,
      "BEFORE_NODE": 182.0,
      "AFTER_NODE": 183.0,
      "BEFORE_LAT": 1.2773083333333333,
      "BEFORE_LON": 103.75486833333333,
      "AFTER_LAT": 1.2773,
      "AFTER_LON": 103.75487166666667,
      "SOG": 0,
      "MOVINGTIME": 2158.0,
      "ARRIVALTIME": "20251205140923"
    },
    {
      "SEQ": 183,
      "BEFORE_NODE": 183.0,
      "AFTER_NODE": 184.0,
      "BEFORE_LAT": 1.2773,
      "BEFORE_LON": 103.75487166666667,
      "AFTER_LAT": 1.2772916666666667,
      "AFTER_LON": 103.75495166666667,
      "SOG": 0,
      "MOVINGTIME": 1626.0,
      "ARRIVALTIME": "20251205143629"
    },
    {
      "SEQ": 184,
      "BEFORE_NODE": 184.0,
      "AFTER_NODE": 185.0,
      "BEFORE_LAT": 1.2772916666666667,
      "BEFORE_LON": 103.75495166666667,
      "AFTER_LAT": 1.2772916666666667,
      "AFTER_LON": 103.754875,
      "SOG": 0,
      "MOVINGTIME": 1799.0,
      "ARRIVALTIME": "20251205150628"
    },
    {
      "SEQ": 185,
      "BEFORE_NODE": 185.0,
      "AFTER_NODE": 186.0,
      "BEFORE_LAT": 1.2772916666666667,
      "BEFORE_LON": 103.754875,
      "AFTER_LAT": 1.2773116666666666,
      "AFTER_LON": 103.75485333333333,
      "SOG": 0,
      "MOVINGTIME": 1800.0,
      "ARRIVALTIME": "20251205153628"
    },
    {
      "SEQ": 186,
      "BEFORE_NODE": 186.0,
      "AFTER_NODE": 187.0,
      "BEFORE_LAT": 1.2773116666666666,
      "BEFORE_LON": 103.75485333333333,
      "AFTER_LAT": 1.2773016666666668,
      "AFTER_LON": 103.75488666666666,
      "SOG": 0,
      "MOVINGTIME": 2155.0,
      "ARRIVALTIME": "20251205161223"
    },
    {
      "SEQ": 187,
      "BEFORE_NODE": 187.0,
      "AFTER_NODE": 188.0,
      "BEFORE_LAT": 1.2773016666666668,
      "BEFORE_LON": 103.75488666666666,
      "AFTER_LAT": 1.27726,
      "AFTER_LON": 103.754875,
      "SOG": 0,
      "MOVINGTIME": 1625.0,
      "ARRIVALTIME": "20251205163928"
    },
    {
      "SEQ": 188,
      "BEFORE_NODE": 188.0,
      "AFTER_NODE": 189.0,
      "BEFORE_LAT": 1.27726,
      "BEFORE_LON": 103.754875,
      "AFTER_LAT": 1.2773,
      "AFTER_LON": 103.75486833333333,
      "SOG": 0,
      "MOVINGTIME": 1979.0,
      "ARRIVALTIME": "20251205171227"
    },
    {
      "SEQ": 189,
      "BEFORE_NODE": 189.0,
      "AFTER_NODE": 190.0,
      "BEFORE_LAT": 1.2773,
      "BEFORE_LON": 103.75486833333333,
      "AFTER_LAT": 1.2772766666666666,
      "AFTER_LON": 103.75490166666667,
      "SOG": 0,
      "MOVINGTIME": 1439.0,
      "ARRIVALTIME": "20251205173626"
    },
    {
      "SEQ": 190,
      "BEFORE_NODE": 190.0,
      "AFTER_NODE": 191.0,
      "BEFORE_LAT": 1.2772766666666666,
      "BEFORE_LON": 103.75490166666667,
      "AFTER_LAT": 1.277315,
      "AFTER_LON": 103.75488166666666,
      "SOG": 0,
      "MOVINGTIME": 2342.0,
      "ARRIVALTIME": "20251205181528"
    },
    {
      "SEQ": 191,
      "BEFORE_NODE": 191.0,
      "AFTER_NODE": 192.0,
      "BEFORE_LAT": 1.277315,
      "BEFORE_LON": 103.75488166666666,
      "AFTER_LAT": 1.2772766666666666,
      "AFTER_LON": 103.7549,
      "SOG": 0,
      "MOVINGTIME": 1617.0,
      "ARRIVALTIME": "20251205184225"
    },
    {
      "SEQ": 192,
      "BEFORE_NODE": 192.0,
      "AFTER_NODE": 193.0,
      "BEFORE_LAT": 1.2772766666666666,
      "BEFORE_LON": 103.7549,
      "AFTER_LAT": 1.277285,
      "AFTER_LON": 103.75491166666667,
      "SOG": 0,
      "MOVINGTIME": 1799.0,
      "ARRIVALTIME": "20251205191224"
    },
    {
      "SEQ": 193,
      "BEFORE_NODE": 193.0,
      "AFTER_NODE": 194.0,
      "BEFORE_LAT": 1.277285,
      "BEFORE_LON": 103.75491166666667,
      "AFTER_LAT": 1.2772683333333332,
      "AFTER_LON": 103.75489833333333,
      "SOG": 0,
      "MOVINGTIME": 1833.0,
      "ARRIVALTIME": "20251205194257"
    },
    {
      "SEQ": 194,
      "BEFORE_NODE": 194.0,
      "AFTER_NODE": 195.0,
      "BEFORE_LAT": 1.2772683333333332,
      "BEFORE_LON": 103.75489833333333,
      "AFTER_LAT": 1.277265,
      "AFTER_LON": 103.7549,
      "SOG": 0,
      "MOVINGTIME": 1500.0,
      "ARRIVALTIME": "20251205200757"
    },
    {
      "SEQ": 195,
      "BEFORE_NODE": 195.0,
      "AFTER_NODE": 196.0,
      "BEFORE_LAT": 1.277265,
      "BEFORE_LON": 103.7549,
      "AFTER_LAT": 1.2736683333333334,
      "AFTER_LON": 103.75557833333333,
      "SOG": 1.4,
      "MOVINGTIME": 2103.0,
      "ARRIVALTIME": "20251205204300"
    },
    {
      "SEQ": 196,
      "BEFORE_NODE": 196.0,
      "AFTER_NODE": 197.0,
      "BEFORE_LAT": 1.2736683333333334,
      "BEFORE_LON": 103.75557833333333,
      "AFTER_LAT": 1.2314466666666668,
      "AFTER_LON": 103.78278,
      "SOG": 9.7,
      "MOVINGTIME": 1978.0,
      "ARRIVALTIME": "20251205211558"
    },
    {
      "SEQ": 197,
      "BEFORE_NODE": 197.0,
      "AFTER_NODE": 198.0,
      "BEFORE_LAT": 1.2314466666666668,
      "BEFORE_LON": 103.78278,
      "AFTER_LAT": 1.2012933333333333,
      "AFTER_LON": 103.81167833333333,
      "SOG": 5.9,
      "MOVINGTIME": 1440.0,
      "ARRIVALTIME": "20251205213958"
    },
    {
      "SEQ": 198,
      "BEFORE_NODE": 198.0,
      "AFTER_NODE": 199.0,
      "BEFORE_LAT": 1.2012933333333333,
      "BEFORE_LON": 103.81167833333333,
      "AFTER_LAT": 1.2024216666666667,
      "AFTER_LON": 103.88204166666667,
      "SOG": 11.6,
      "MOVINGTIME": 2159.0,
      "ARRIVALTIME": "20251205221557"
    },
    {
      "SEQ": 199,
      "BEFORE_NODE": 199.0,
      "AFTER_NODE": 200.0,
      "BEFORE_LAT": 1.2024216666666667,
      "BEFORE_LON": 103.88204166666667,
      "AFTER_LAT": 1.241315,
      "AFTER_LON": 103.979275,
      "SOG": 14.8,
      "MOVINGTIME": 1617.0,
      "ARRIVALTIME": "20251205224254"
    },
    {
      "SEQ": 200,
      "BEFORE_NODE": 200.0,
      "AFTER_NODE": 201.0,
      "BEFORE_LAT": 1.241315,
      "BEFORE_LON": 103.979275,
      "AFTER_LAT": 1.24707,
      "AFTER_LON": 104.05635,
      "SOG": 14.6,
      "MOVINGTIME": 1326.0,
      "ARRIVALTIME": "20251205230500"
    },
    {
      "SEQ": 201,
      "BEFORE_NODE": 201.0,
      "AFTER_NODE": 202.0,
      "BEFORE_LAT": 1.24707,
      "BEFORE_LON": 104.05635,
      "AFTER_LAT": 1.259725,
      "AFTER_LON": 104.17609,
      "SOG": 14.1,
      "MOVINGTIME": 1800.0,
      "ARRIVALTIME": "20251205233500"
    },
    {
      "SEQ": 202,
      "BEFORE_NODE": 202.0,
      "AFTER_NODE": 203.0,
      "BEFORE_LAT": 1.259725,
      "BEFORE_LON": 104.17609,
      "AFTER_LAT": 1.284155,
      "AFTER_LON": 104.28563,
      "SOG": 14.5,
      "MOVINGTIME": 1680.0,
      "ARRIVALTIME": "20251206000300"
    },
    {
      "SEQ": 203,
      "BEFORE_NODE": 203.0,
      "AFTER_NODE": 204.0,
      "BEFORE_LAT": 1.284155,
      "BEFORE_LON": 104.28563,
      "AFTER_LAT": 1.3366517,
      "AFTER_LON": 104.38131,
      "SOG": 14,
      "MOVINGTIME": 1800.0,
      "ARRIVALTIME": "20251206003300"
    },
    {
      "SEQ": 204,
      "BEFORE_NODE": 204.0,
      "AFTER_NODE": 205.0,
      "BEFORE_LAT": 1.3366517,
      "BEFORE_LON": 104.38131,
      "AFTER_LAT": 1.4157617,
      "AFTER_LON": 104.49383,
      "SOG": 14.6,
      "MOVINGTIME": 1860.0,
      "ARRIVALTIME": "20251206010400"
    },
    {
      "SEQ": 205,
      "BEFORE_NODE": 205.0,
      "AFTER_NODE": 206.0,
      "BEFORE_LAT": 1.4157617,
      "BEFORE_LON": 104.49383,
      "AFTER_LAT": 1.4838667,
      "AFTER_LON": 104.5868,
      "SOG": 15.1,
      "MOVINGTIME": 1620.0,
      "ARRIVALTIME": "20251206013100"
    },
    {
      "SEQ": 206,
      "BEFORE_NODE": 206.0,
      "AFTER_NODE": 207.0,
      "BEFORE_LAT": 1.4838667,
      "BEFORE_LON": 104.5868,
      "AFTER_LAT": 1.5335684,
      "AFTER_LON": 104.63943,
      "SOG": 15.1,
      "MOVINGTIME": 1440.0,
      "ARRIVALTIME": "20251206015500"
    },
    {
      "SEQ": 207,
      "BEFORE_NODE": 207.0,
      "AFTER_NODE": 208.0,
      "BEFORE_LAT": 1.5335684,
      "BEFORE_LON": 104.63943,
      "AFTER_LAT": 1.6338416,
      "AFTER_LON": 104.70936,
      "SOG": 15.3,
      "MOVINGTIME": 1740.0,
      "ARRIVALTIME": "20251206022400"
    },
    {
      "SEQ": 208,
      "BEFORE_NODE": 208.0,
      "AFTER_NODE": 209.0,
      "BEFORE_LAT": 1.6338416,
      "BEFORE_LON": 104.70936,
      "AFTER_LAT": 1.7753017,
      "AFTER_LON": 104.78026,
      "SOG": 15.8,
      "MOVINGTIME": 2040.0,
      "ARRIVALTIME": "20251206025800"
    },
    {
      "SEQ": 209,
      "BEFORE_NODE": 209.0,
      "AFTER_NODE": 210.0,
      "BEFORE_LAT": 1.7753017,
      "BEFORE_LON": 104.78026,
      "AFTER_LAT": 1.911325,
      "AFTER_LON": 104.86722,
      "SOG": 15.3,
      "MOVINGTIME": 1980.0,
      "ARRIVALTIME": "20251206033100"
    },
    {
      "SEQ": 210,
      "BEFORE_NODE": 210.0,
      "AFTER_NODE": 211.0,
      "BEFORE_LAT": 1.911325,
      "BEFORE_LON": 104.86722,
      "AFTER_LAT": 1.9691917,
      "AFTER_LON": 104.90568,
      "SOG": 15.1,
      "MOVINGTIME": 1320.0,
      "ARRIVALTIME": "20251206035300"
    },
    {
      "SEQ": 211,
      "BEFORE_NODE": 211.0,
      "AFTER_NODE": 212.0,
      "BEFORE_LAT": 1.9691917,
      "BEFORE_LON": 104.90568,
      "AFTER_LAT": 2.344955,
      "AFTER_LON": 105.05279,
      "SOG": 15.8,
      "MOVINGTIME": 5520.0,
      "ARRIVALTIME": "20251206052500"
    },
    {
      "SEQ": 212,
      "BEFORE_NODE": 212.0,
      "AFTER_NODE": 213.0,
      "BEFORE_LAT": 2.344955,
      "BEFORE_LON": 105.05279,
      "AFTER_LAT": 2.4700849,
      "AFTER_LON": 105.08231,
      "SOG": 15.5,
      "MOVINGTIME": 1920.0,
      "ARRIVALTIME": "20251206055700"
    },
    {
      "SEQ": 213,
      "BEFORE_NODE": 213.0,
      "AFTER_NODE": 214.0,
      "BEFORE_LAT": 2.4700849,
      "BEFORE_LON": 105.08231,
      "AFTER_LAT": 2.6400716,
      "AFTER_LON": 105.11977,
      "SOG": 15.3,
      "MOVINGTIME": 2040.0,
      "ARRIVALTIME": "20251206063100"
    },
    {
      "SEQ": 214,
      "BEFORE_NODE": 214.0,
      "AFTER_NODE": 215.0,
      "BEFORE_LAT": 2.6400716,
      "BEFORE_LON": 105.11977,
      "AFTER_LAT": 2.7002234,
      "AFTER_LON": 105.13298,
      "SOG": 15.5,
      "MOVINGTIME": 1260.0,
      "ARRIVALTIME": "20251206065200"
    },
    {
      "SEQ": 215,
      "BEFORE_NODE": 215.0,
      "AFTER_NODE": 216.0,
      "BEFORE_LAT": 2.7002234,
      "BEFORE_LON": 105.13298,
      "AFTER_LAT": 3.0023284,
      "AFTER_LON": 105.1749,
      "SOG": 15.5,
      "MOVINGTIME": 4140.0,
      "ARRIVALTIME": "20251206080100"
    },
    {
      "SEQ": 216,
      "BEFORE_NODE": 216.0,
      "AFTER_NODE": 217.0,
      "BEFORE_LAT": 3.0023284,
      "BEFORE_LON": 105.1749,
      "AFTER_LAT": 3.1292651,
      "AFTER_LON": 105.20274,
      "SOG": 15.5,
      "MOVINGTIME": 1860.0,
      "ARRIVALTIME": "20251206083200"
    },
    {
      "SEQ": 217,
      "BEFORE_NODE": 217.0,
      "AFTER_NODE": 218.0,
      "BEFORE_LAT": 3.1292651,
      "BEFORE_LON": 105.20274,
      "AFTER_LAT": 3.253845,
      "AFTER_LON": 105.25267,
      "SOG": 15.3,
      "MOVINGTIME": 1500.0,
      "ARRIVALTIME": "20251206085700"
    },
    {
      "SEQ": 218,
      "BEFORE_NODE": 218.0,
      "AFTER_NODE": 219.0,
      "BEFORE_LAT": 3.253845,
      "BEFORE_LON": 105.25267,
      "AFTER_LAT": 3.3565817,
      "AFTER_LON": 105.32313,
      "SOG": 15.1,
      "MOVINGTIME": 1740.0,
      "ARRIVALTIME": "20251206092600"
    },
    {
      "SEQ": 219,
      "BEFORE_NODE": 219.0,
      "AFTER_NODE": 220.0,
      "BEFORE_LAT": 3.3565817,
      "BEFORE_LON": 105.32313,
      "AFTER_LAT": 3.4265916,
      "AFTER_LON": 105.36935,
      "SOG": 14.8,
      "MOVINGTIME": 1740.0,
      "ARRIVALTIME": "20251206095500"
    },
    {
      "SEQ": 220,
      "BEFORE_NODE": 220.0,
      "AFTER_NODE": 221.0,
      "BEFORE_LAT": 3.4265916,
      "BEFORE_LON": 105.36935,
      "AFTER_LAT": 3.5341733,
      "AFTER_LON": 105.43509,
      "SOG": 14.8,
      "MOVINGTIME": 1740.0,
      "ARRIVALTIME": "20251206102400"
    },
    {
      "SEQ": 221,
      "BEFORE_NODE": 221.0,
      "AFTER_NODE": 222.0,
      "BEFORE_LAT": 3.5341733,
      "BEFORE_LON": 105.43509,
      "AFTER_LAT": 3.620595,
      "AFTER_LON": 105.50392,
      "SOG": 14.1,
      "MOVINGTIME": 1560.0,
      "ARRIVALTIME": "20251206105000"
    },
    {
      "SEQ": 222,
      "BEFORE_NODE": 222.0,
      "AFTER_NODE": 223.0,
      "BEFORE_LAT": 3.620595,
      "BEFORE_LON": 105.50392,
      "AFTER_LAT": 3.7734933,
      "AFTER_LON": 105.6192,
      "SOG": 14.3,
      "MOVINGTIME": 2340.0,
      "ARRIVALTIME": "20251206112900"
    },
    {
      "SEQ": 223,
      "BEFORE_NODE": 223.0,
      "AFTER_NODE": 224.0,
      "BEFORE_LAT": 3.7734933,
      "BEFORE_LON": 105.6192,
      "AFTER_LAT": 3.8540766,
      "AFTER_LON": 105.67861,
      "SOG": 14.3,
      "MOVINGTIME": 1800.0,
      "ARRIVALTIME": "20251206115900"
    },
    {
      "SEQ": 224,
      "BEFORE_NODE": 224.0,
      "AFTER_NODE": 225.0,
      "BEFORE_LAT": 3.8540766,
      "BEFORE_LON": 105.67861,
      "AFTER_LAT": 3.9353867,
      "AFTER_LON": 105.74463,
      "SOG": 14.3,
      "MOVINGTIME": 1440.0,
      "ARRIVALTIME": "20251206122300"
    },
    {
      "SEQ": 225,
      "BEFORE_NODE": 225.0,
      "AFTER_NODE": 226.0,
      "BEFORE_LAT": 3.9353867,
      "BEFORE_LON": 105.74463,
      "AFTER_LAT": 4.0086184,
      "AFTER_LON": 105.80764,
      "SOG": 14.3,
      "MOVINGTIME": 1920.0,
      "ARRIVALTIME": "20251206125500"
    },
    {
      "SEQ": 226,
      "BEFORE_NODE": 226.0,
      "AFTER_NODE": 227.0,
      "BEFORE_LAT": 4.0086184,
      "BEFORE_LON": 105.80764,
      "AFTER_LAT": 4.1468349,
      "AFTER_LON": 105.90298,
      "SOG": 14.5,
      "MOVINGTIME": 2040.0,
      "ARRIVALTIME": "20251206132900"
    },
    {
      "SEQ": 227,
      "BEFORE_NODE": 227.0,
      "AFTER_NODE": 228.0,
      "BEFORE_LAT": 4.1468349,
      "BEFORE_LON": 105.90298,
      "AFTER_LAT": 4.2133751,
      "AFTER_LON": 105.94256,
      "SOG": 14.5,
      "MOVINGTIME": 1920.0,
      "ARRIVALTIME": "20251206140100"
    }
  ]
}