{
  "mmsi": "563121100",
  "PredResult": [
    {
      "SEQ": 0,
      "BEFORE_NODE": 0.0,
      "AFTER_NODE": 1.0,
      "BEFORE_LAT": 30.13014,
      "BEFORE_LON": 136.43518,
      "AFTER_LAT": 30.201099,
      "AFTER_LON": 136.00758,
      "SOG": 11.3,
      "MOVINGTIME": 7380.0,
      "ARRIVALTIME": "20251130045100"
    },
    {
      "SEQ": 1,
      "BEFORE_NODE": 1.0,
      "AFTER_NODE": 2.0,
      "BEFORE_LAT": 30.201099,
      "BEFORE_LON": 136.00758,
      "AFTER_LAT": 30.21982,
      "AFTER_LON": 135.89987,
      "SOG": 11.5,
      "MOVINGTIME": 1560.0,
      "ARRIVALTIME": "20251130051700"
    },
    {
      "SEQ": 2,
      "BEFORE_NODE": 2.0,
      "AFTER_NODE": 3.0,
      "BEFORE_LAT": 30.21982,
      "BEFORE_LON": 135.89987,
      "AFTER_LAT": 30.249357,
      "AFTER_LON": 135.72031,
      "SOG": 11.1,
      "MOVINGTIME": 2818.0,
      "ARRIVALTIME": "20251130060358"
    },
    {
      "SEQ": 3,
      "BEFORE_NODE": 3.0,
      "AFTER_NODE": 4.0,
      "BEFORE_LAT": 30.249357,
      "BEFORE_LON": 135.72031,
      "AFTER_LAT": 30.316946,
      "AFTER_LON": 135.27628,
      "SOG": 11.6,
      "MOVINGTIME": 8102.0,
      "ARRIVALTIME": "20251130081900"
    },
    {
      "SEQ": 4,
      "BEFORE_NODE": 4.0,
      "AFTER_NODE": 5.0,
      "BEFORE_LAT": 30.316946,
      "BEFORE_LON": 135.27628,
      "AFTER_LAT": 31.012859,
      "AFTER_LON": 132.17969,
      "SOG": 1.2,
      "MOVINGTIME": 82860.0,
      "ARRIVALTIME": "20251201072000"
    },
    {
      "SEQ": 5,
      "BEFORE_NODE": 5.0,
      "AFTER_NODE": 6.0,
      "BEFORE_LAT": 31.012859,
      "BEFORE_LON": 132.17969,
      "AFTER_LAT": 30.963711,
      "AFTER_LON": 130.48737,
      "SOG": 9.6,
      "MOVINGTIME": 35940.0,
      "ARRIVALTIME": "20251201171900"
    },
    {
      "SEQ": 6,
      "BEFORE_NODE": 6.0,
      "AFTER_NODE": 7.0,
      "BEFORE_LAT": 30.963711,
      "BEFORE_LON": 130.48737,
      "AFTER_LAT": 30.980762,
      "AFTER_LON": 130.38826,
      "SOG": 10.6,
      "MOVINGTIME": 1800.0,
      "ARRIVALTIME": "20251201174900"
    },
    {
      "SEQ": 7,
      "BEFORE_NODE": 7.0,
      "AFTER_NODE": 8.0,
      "BEFORE_LAT": 30.980762,
      "BEFORE_LON": 130.38826,
      "AFTER_LAT": 30.993679,
      "AFTER_LON": 130.28407,
      "SOG": 10.3,
      "MOVINGTIME": 1860.0,
      "ARRIVALTIME": "20251201182000"
    },
    {
      "SEQ": 8,
      "BEFORE_NODE": 8.0,
      "AFTER_NODE": 9.0,
      "BEFORE_LAT": 30.993679,
      "BEFORE_LON": 130.28407,
      "AFTER_LAT": 31.002872,
      "AFTER_LON": 130.21288,
      "SOG": 9,
      "MOVINGTIME": 1800.0,
      "ARRIVALTIME": "20251201185000"
    },
    {
      "SEQ": 9,
      "BEFORE_NODE": 9.0,
      "AFTER_NODE": 10.0,
      "BEFORE_LAT": 31.002872,
      "BEFORE_LON": 130.21288,
      "AFTER_LAT": 31.27722,
      "AFTER_LON": 129.22017,
      "SOG": 1.6,
      "MOVINGTIME": 28740.0,
      "ARRIVALTIME": "20251202024900"
    },
    {
      "SEQ": 10,
      "BEFORE_NODE": 10.0,
      "AFTER_NODE": 11.0,
      "BEFORE_LAT": 31.27722,
      "BEFORE_LON": 129.22017,
      "AFTER_LAT": 31.253134,
      "AFTER_LON": 129.20789,
      "SOG": 1.2,
      "MOVINGTIME": 3480.0,
      "ARRIVALTIME": "20251202034700"
    },
    {
      "SEQ": 11,
      "BEFORE_NODE": 11.0,
      "AFTER_NODE": 12.0,
      "BEFORE_LAT": 31.253134,
      "BEFORE_LON": 129.20789,
      "AFTER_LAT": 31.193474,
      "AFTER_LON": 129.06308,
      "SOG": 9.3,
      "MOVINGTIME": 34440.0,
      "ARRIVALTIME": "20251202132100"
    },
    {
      "SEQ": 12,
      "BEFORE_NODE": 12.0,
      "AFTER_NODE": 13.0,
      "BEFORE_LAT": 31.193474,
      "BEFORE_LON": 129.06308,
      "AFTER_LAT": 31.234293,
      "AFTER_LON": 129.03516,
      "SOG": 9.3,
      "MOVINGTIME": 1620.0,
      "ARRIVALTIME": "20251202134800"
    },
    {
      "SEQ": 13,
      "BEFORE_NODE": 13.0,
      "AFTER_NODE": 14.0,
      "BEFORE_LAT": 31.234293,
      "BEFORE_LON": 129.03516,
      "AFTER_LAT": 32.698357,
      "AFTER_LON": 128.49588,
      "SOG": 7.5,
      "MOVINGTIME": 41580.0,
      "ARRIVALTIME": "20251203012100"
    },
    {
      "SEQ": 14,
      "BEFORE_NODE": 14.0,
      "AFTER_NODE": 15.0,
      "BEFORE_LAT": 32.698357,
      "BEFORE_LON": 128.49588,
      "AFTER_LAT": 32.757679,
      "AFTER_LON": 128.50465,
      "SOG": 7,
      "MOVINGTIME": 1620.0,
      "ARRIVALTIME": "20251203014800"
    },
    {
      "SEQ": 15,
      "BEFORE_NODE": 15.0,
      "AFTER_NODE": 16.0,
      "BEFORE_LAT": 32.757679,
      "BEFORE_LON": 128.50465,
      "AFTER_LAT": 33.435162,
      "AFTER_LON": 128.55486,
      "SOG": 7.8,
      "MOVINGTIME": 20029.0,
      "ARRIVALTIME": "20251203072149"
    },
    {
      "SEQ": 16,
      "BEFORE_NODE": 16.0,
      "AFTER_NODE": 17.0,
      "BEFORE_LAT": 33.435162,
      "BEFORE_LON": 128.55486,
      "AFTER_LAT": 33.557148,
      "AFTER_LON": 128.55428,
      "SOG": 8.1,
      "MOVINGTIME": 3551.0,
      "ARRIVALTIME": "20251203082100"
    },
    {
      "SEQ": 17,
      "BEFORE_NODE": 17.0,
      "AFTER_NODE": 18.0,
      "BEFORE_LAT": 33.557148,
      "BEFORE_LON": 128.55428,
      "AFTER_LAT": 33.612747,
      "AFTER_LON": 128.55457,
      "SOG": 8.3,
      "MOVINGTIME": 1680.0,
      "ARRIVALTIME": "20251203084900"
    },
    {
      "SEQ": 18,
      "BEFORE_NODE": 18.0,
      "AFTER_NODE": 19.0,
      "BEFORE_LAT": 33.612747,
      "BEFORE_LON": 128.55457,
      "AFTER_LAT": 33.679798,
      "AFTER_LON": 128.55722,
      "SOG": 7.9,
      "MOVINGTIME": 1740.0,
      "ARRIVALTIME": "20251203091800"
    },
    {
      "SEQ": 19,
      "BEFORE_NODE": 19.0,
      "AFTER_NODE": 20.0,
      "BEFORE_LAT": 33.679798,
      "BEFORE_LON": 128.55722,
      "AFTER_LAT": 33.748688,
      "AFTER_LON": 128.56317,
      "SOG": 8.1,
      "MOVINGTIME": 1800.0,
      "ARRIVALTIME": "20251203094800"
    },
    {
      "SEQ": 20,
      "BEFORE_NODE": 20.0,
      "AFTER_NODE": 21.0,
      "BEFORE_LAT": 33.748688,
      "BEFORE_LON": 128.56317,
      "AFTER_LAT": 33.824799,
      "AFTER_LON": 128.56987,
      "SOG": 8.3,
      "MOVINGTIME": 1980.0,
      "ARRIVALTIME": "20251203102100"
    },
    {
      "SEQ": 21,
      "BEFORE_NODE": 21.0,
      "AFTER_NODE": 22.0,
      "BEFORE_LAT": 33.824799,
      "BEFORE_LON": 128.56987,
      "AFTER_LAT": 33.893955,
      "AFTER_LON": 128.57961,
      "SOG": 7.9,
      "MOVINGTIME": 1800.0,
      "ARRIVALTIME": "20251203105100"
    },
    {
      "SEQ": 22,
      "BEFORE_NODE": 22.0,
      "AFTER_NODE": 23.0,
      "BEFORE_LAT": 33.893955,
      "BEFORE_LON": 128.57961,
      "AFTER_LAT": 33.956188,
      "AFTER_LON": 128.59425,
      "SOG": 7.6,
      "MOVINGTIME": 1740.0,
      "ARRIVALTIME": "20251203112000"
    },
    {
      "SEQ": 23,
      "BEFORE_NODE": 23.0,
      "AFTER_NODE": 24.0,
      "BEFORE_LAT": 33.956188,
      "BEFORE_LON": 128.59425,
      "AFTER_LAT": 34.028675,
      "AFTER_LON": 128.60069,
      "SOG": 7.8,
      "MOVINGTIME": 1860.0,
      "ARRIVALTIME": "20251203115100"
    },
    {
      "SEQ": 24,
      "BEFORE_NODE": 24.0,
      "AFTER_NODE": 25.0,
      "BEFORE_LAT": 34.028675,
      "BEFORE_LON": 128.60069,
      "AFTER_LAT": 34.069462,
      "AFTER_LON": 128.59552,
      "SOG": 2.2,
      "MOVINGTIME": 1800.0,
      "ARRIVALTIME": "20251203122100"
    },
    {
      "SEQ": 25,
      "BEFORE_NODE": 25.0,
      "AFTER_NODE": 26.0,
      "BEFORE_LAT": 34.069462,
      "BEFORE_LON": 128.59552,
      "AFTER_LAT": 34.061966,
      "AFTER_LON": 128.62421,
      "SOG": 2.7,
      "MOVINGTIME": 1800.0,
      "ARRIVALTIME": "20251203125100"
    },
    {
      "SEQ": 26,
      "BEFORE_NODE": 26.0,
      "AFTER_NODE": 27.0,
      "BEFORE_LAT": 34.061966,
      "BEFORE_LON": 128.62421,
      "AFTER_LAT": 34.058006,
      "AFTER_LON": 128.64265,
      "SOG": 2.9,
      "MOVINGTIME": 1680.0,
      "ARRIVALTIME": "20251203131900"
    },
    {
      "SEQ": 27,
      "BEFORE_NODE": 27.0,
      "AFTER_NODE": 28.0,
      "BEFORE_LAT": 34.058006,
      "BEFORE_LON": 128.64265,
      "AFTER_LAT": 34.05196,
      "AFTER_LON": 128.67281,
      "SOG": 3,
      "MOVINGTIME": 1680.0,
      "ARRIVALTIME": "20251203134700"
    },
    {
      "SEQ": 28,
      "BEFORE_NODE": 28.0,
      "AFTER_NODE": 29.0,
      "BEFORE_LAT": 34.05196,
      "BEFORE_LON": 128.67281,
      "AFTER_LAT": 34.044819,
      "AFTER_LON": 128.70787,
      "SOG": 2.9,
      "MOVINGTIME": 2040.0,
      "ARRIVALTIME": "20251203142100"
    },
    {
      "SEQ": 29,
      "BEFORE_NODE": 29.0,
      "AFTER_NODE": 30.0,
      "BEFORE_LAT": 34.044819,
      "BEFORE_LON": 128.70787,
      "AFTER_LAT": 34.037193,
      "AFTER_LON": 128.73424,
      "SOG": 2.7,
      "MOVINGTIME": 1740.0,
      "ARRIVALTIME": "20251203145000"
    },
    {
      "SEQ": 30,
      "BEFORE_NODE": 30.0,
      "AFTER_NODE": 31.0,
      "BEFORE_LAT": 34.037193,
      "BEFORE_LON": 128.73424,
      "AFTER_LAT": 34.029552,
      "AFTER_LON": 128.75932,
      "SOG": 2.5,
      "MOVINGTIME": 1740.0,
      "ARRIVALTIME": "20251203151900"
    },
    {
      "SEQ": 31,
      "BEFORE_NODE": 31.0,
      "AFTER_NODE": 32.0,
      "BEFORE_LAT": 34.029552,
      "BEFORE_LON": 128.75932,
      "AFTER_LAT": 34.012783,
      "AFTER_LON": 128.80034,
      "SOG": 1.8,
      "MOVINGTIME": 3540.0,
      "ARRIVALTIME": "20251203161800"
    },
    {
      "SEQ": 32,
      "BEFORE_NODE": 32.0,
      "AFTER_NODE": 33.0,
      "BEFORE_LAT": 34.012783,
      "BEFORE_LON": 128.80034,
      "AFTER_LAT": 33.935268,
      "AFTER_LON": 128.91914,
      "SOG": 1.2,
      "MOVINGTIME": 19860.0,
      "ARRIVALTIME": "20251203214900"
    },
    {
      "SEQ": 33,
      "BEFORE_NODE": 33.0,
      "AFTER_NODE": 34.0,
      "BEFORE_LAT": 33.935268,
      "BEFORE_LON": 128.91914,
      "AFTER_LAT": 33.91053,
      "AFTER_LON": 129.25401,
      "SOG": 8.6,
      "MOVINGTIME": 41340.0,
      "ARRIVALTIME": "20251204091800"
    },
    {
      "SEQ": 34,
      "BEFORE_NODE": 34.0,
      "AFTER_NODE": 35.0,
      "BEFORE_LAT": 33.91053,
      "BEFORE_LON": 129.25401,
      "AFTER_LAT": 34.151627,
      "AFTER_LON": 129.07248,
      "SOG": 6,
      "MOVINGTIME": 7200.0,
      "ARRIVALTIME": "20251204111800"
    },
    {
      "SEQ": 35,
      "BEFORE_NODE": 35.0,
      "AFTER_NODE": 36.0,
      "BEFORE_LAT": 34.151627,
      "BEFORE_LON": 129.07248,
      "AFTER_LAT": 34.322979,
      "AFTER_LON": 129.0271,
      "SOG": 5,
      "MOVINGTIME": 7200.0,
      "ARRIVALTIME": "20251204131800"
    },
    {
      "SEQ": 36,
      "BEFORE_NODE": 36.0,
      "AFTER_NODE": 37.0,
      "BEFORE_LAT": 34.322979,
      "BEFORE_LON": 129.0271,
      "AFTER_LAT": 34.436234,
      "AFTER_LON": 128.99419,
      "SOG": 5,
      "MOVINGTIME": 5640.0,
      "ARRIVALTIME": "20251204145200"
    },
    {
      "SEQ": 37,
      "BEFORE_NODE": 37.0,
      "AFTER_NODE": 38.0,
      "BEFORE_LAT": 34.436234,
      "BEFORE_LON": 128.99419,
      "AFTER_LAT": 34.476219,
      "AFTER_LON": 128.98207,
      "SOG": 4.9,
      "MOVINGTIME": 1680.0,
      "ARRIVALTIME": "20251204152000"
    },
    {
      "SEQ": 38,
      "BEFORE_NODE": 38.0,
      "AFTER_NODE": 39.0,
      "BEFORE_LAT": 34.476219,
      "BEFORE_LON": 128.98207,
      "AFTER_LAT": 34.517555,
      "AFTER_LON": 128.97127,
      "SOG": 4.8,
      "MOVINGTIME": 1860.0,
      "ARRIVALTIME": "20251204155100"
    },
    {
      "SEQ": 39,
      "BEFORE_NODE": 39.0,
      "AFTER_NODE": 40.0,
      "BEFORE_LAT": 34.517555,
      "BEFORE_LON": 128.97127,
      "AFTER_LAT": 34.558598,
      "AFTER_LON": 128.96078,
      "SOG": 4.8,
      "MOVINGTIME": 1800.0,
      "ARRIVALTIME": "20251204162100"
    },
    {
      "SEQ": 40,
      "BEFORE_NODE": 40.0,
      "AFTER_NODE": 41.0,
      "BEFORE_LAT": 34.558598,
      "BEFORE_LON": 128.96078,
      "AFTER_LAT": 34.598133,
      "AFTER_LON": 128.94632,
      "SOG": 4.9,
      "MOVINGTIME": 1740.0,
      "ARRIVALTIME": "20251204165000"
    },
    {
      "SEQ": 41,
      "BEFORE_NODE": 41.0,
      "AFTER_NODE": 42.0,
      "BEFORE_LAT": 34.598133,
      "BEFORE_LON": 128.94632,
      "AFTER_LAT": 34.638088,
      "AFTER_LON": 128.93021,
      "SOG": 4.5,
      "MOVINGTIME": 1800.0,
      "ARRIVALTIME": "20251204172000"
    },
    {
      "SEQ": 42,
      "BEFORE_NODE": 42.0,
      "AFTER_NODE": 43.0,
      "BEFORE_LAT": 34.638088,
      "BEFORE_LON": 128.93021,
      "AFTER_LAT": 34.676067,
      "AFTER_LON": 128.91188,
      "SOG": 4.5,
      "MOVINGTIME": 1920.0,
      "ARRIVALTIME": "20251204175200"
    },
    {
      "SEQ": 43,
      "BEFORE_NODE": 43.0,
      "AFTER_NODE": 44.0,
      "BEFORE_LAT": 34.676067,
      "BEFORE_LON": 128.91188,
      "AFTER_LAT": 34.714981,
      "AFTER_LON": 128.89799,
      "SOG": 4.5,
      "MOVINGTIME": 1740.0,
      "ARRIVALTIME": "20251204182100"
    },
    {
      "SEQ": 44,
      "BEFORE_NODE": 44.0,
      "AFTER_NODE": 45.0,
      "BEFORE_LAT": 34.714981,
      "BEFORE_LON": 128.89799,
      "AFTER_LAT": 34.76850833333334,
      "AFTER_LON": 128.88169833333333,
      "SOG": 4.6,
      "MOVINGTIME": 2660.0,
      "ARRIVALTIME": "20251204190520"
    },
    {
      "SEQ": 45,
      "BEFORE_NODE": 45.0,
      "AFTER_NODE": 46.0,
      "BEFORE_LAT": 34.76850833333334,
      "BEFORE_LON": 128.88169833333333,
      "AFTER_LAT": 34.81818333333333,
      "AFTER_LON": 128.86847,
      "SOG": 6.4,
      "MOVINGTIME": 2250.0,
      "ARRIVALTIME": "20251204194250"
    },
    {
      "SEQ": 46,
      "BEFORE_NODE": 46.0,
      "AFTER_NODE": 47.0,
      "BEFORE_LAT": 34.81818333333333,
      "BEFORE_LON": 128.86847,
      "AFTER_LAT": 34.875103333333335,
      "AFTER_LON": 128.849805,
      "SOG": 5.2,
      "MOVINGTIME": 1811.0,
      "ARRIVALTIME": "20251204201301"
    },
    {
      "SEQ": 47,
      "BEFORE_NODE": 47.0,
      "AFTER_NODE": 48.0,
      "BEFORE_LAT": 34.875103333333335,
      "BEFORE_LON": 128.849805,
      "AFTER_LAT": 34.931108333333334,
      "AFTER_LON": 128.84238,
      "SOG": 4.5,
      "MOVINGTIME": 1778.0,
      "ARRIVALTIME": "20251204204239"
    },
    {
      "SEQ": 48,
      "BEFORE_NODE": 48.0,
      "AFTER_NODE": 49.0,
      "BEFORE_LAT": 34.931108333333334,
      "BEFORE_LON": 128.84238,
      "AFTER_LAT": 34.93522333333333,
      "AFTER_LON": 128.83974,
      "SOG": 3.6,
      "MOVINGTIME": 1821.0,
      "ARRIVALTIME": "20251204211300"
    },
    {
      "SEQ": 49,
      "BEFORE_NODE": 49.0,
      "AFTER_NODE": 50.0,
      "BEFORE_LAT": 34.93522333333333,
      "BEFORE_LON": 128.83974,
      "AFTER_LAT": 34.97722,
      "AFTER_LON": 128.81830333333335,
      "SOG": 8.3,
      "MOVINGTIME": 1790.0,
      "ARRIVALTIME": "20251204214250"
    },
    {
      "SEQ": 50,
      "BEFORE_NODE": 50.0,
      "AFTER_NODE": 51.0,
      "BEFORE_LAT": 34.97722,
      "BEFORE_LON": 128.81830333333335,
      "AFTER_LAT": 34.9856,
      "AFTER_LON": 128.81361,
      "SOG": 7,
      "MOVINGTIME": 550.0,
      "ARRIVALTIME": "20251204215200"
    },
    {
      "SEQ": 51,
      "BEFORE_NODE": 51.0,
      "AFTER_NODE": 52.0,
      "BEFORE_LAT": 34.9856,
      "BEFORE_LON": 128.81361,
      "AFTER_LAT": 35.05563,
      "AFTER_LON": 128.78523,
      "SOG": 7.5,
      "MOVINGTIME": 1620.0,
      "ARRIVALTIME": "20251204221900"
    },
    {
      "SEQ": 52,
      "BEFORE_NODE": 52.0,
      "AFTER_NODE": 53.0,
      "BEFORE_LAT": 35.05563,
      "BEFORE_LON": 128.78523,
      "AFTER_LAT": 35.077438,
      "AFTER_LON": 128.7957,
      "SOG": 0,
      "MOVINGTIME": 1980.0,
      "ARRIVALTIME": "20251204225200"
    },
    {
      "SEQ": 53,
      "BEFORE_NODE": 53.0,
      "AFTER_NODE": 54.0,
      "BEFORE_LAT": 35.077438,
      "BEFORE_LON": 128.7957,
      "AFTER_LAT": 35.077332,
      "AFTER_LON": 128.79579,
      "SOG": 0,
      "MOVINGTIME": 1680.0,
      "ARRIVALTIME": "20251204232000"
    },
    {
      "SEQ": 54,
      "BEFORE_NODE": 54.0,
      "AFTER_NODE": 55.0,
      "BEFORE_LAT": 35.077332,
      "BEFORE_LON": 128.79579,
      "AFTER_LAT": 35.077332,
      "AFTER_LON": 128.79573,
      "SOG": 0,
      "MOVINGTIME": 1740.0,
      "ARRIVALTIME": "20251204234900"
    },
    {
      "SEQ": 55,
      "BEFORE_NODE": 55.0,
      "AFTER_NODE": 56.0,
      "BEFORE_LAT": 35.077332,
      "BEFORE_LON": 128.79573,
      "AFTER_LAT": 35.077454,
      "AFTER_LON": 128.79573,
      "SOG": 0,
      "MOVINGTIME": 1800.0,
      "ARRIVALTIME": "20251205001900"
    },
    {
      "SEQ": 56,
      "BEFORE_NODE": 56.0,
      "AFTER_NODE": 57.0,
      "BEFORE_LAT": 35.077454,
      "BEFORE_LON": 128.79573,
      "AFTER_LAT": 35.077465,
      "AFTER_LON": 128.79572,
      "SOG": 0,
      "MOVINGTIME": 1980.0,
      "ARRIVALTIME": "20251205005200"
    },
    {
      "SEQ": 57,
      "BEFORE_NODE": 57.0,
      "AFTER_NODE": 58.0,
      "BEFORE_LAT": 35.077465,
      "BEFORE_LON": 128.79572,
      "AFTER_LAT": 35.077332,
      "AFTER_LON": 128.79576,
      "SOG": 0,
      "MOVINGTIME": 2836.0,
      "ARRIVALTIME": "20251205013916"
    },
    {
      "SEQ": 58,
      "BEFORE_NODE": 58.0,
      "AFTER_NODE": 59.0,
      "BEFORE_LAT": 35.077332,
      "BEFORE_LON": 128.79576,
      "AFTER_LAT": 35.0774,
      "AFTER_LON": 128.79572,
      "SOG": 0,
      "MOVINGTIME": 704.0,
      "ARRIVALTIME": "20251205015100"
    },
    {
      "SEQ": 59,
      "BEFORE_NODE": 59.0,
      "AFTER_NODE": 60.0,
      "BEFORE_LAT": 35.0774,
      "BEFORE_LON": 128.79572,
      "AFTER_LAT": 35.077305,
      "AFTER_LON": 128.79559,
      "SOG": 0,
      "MOVINGTIME": 1920.0,
      "ARRIVALTIME": "20251205022300"
    },
    {
      "SEQ": 60,
      "BEFORE_NODE": 60.0,
      "AFTER_NODE": 61.0,
      "BEFORE_LAT": 35.077305,
      "BEFORE_LON": 128.79559,
      "AFTER_LAT": 35.077457,
      "AFTER_LON": 128.79555,
      "SOG": 0,
      "MOVINGTIME": 1440.0,
      "ARRIVALTIME": "20251205024700"
    },
    {
      "SEQ": 61,
      "BEFORE_NODE": 61.0,
      "AFTER_NODE": 62.0,
      "BEFORE_LAT": 35.077457,
      "BEFORE_LON": 128.79555,
      "AFTER_LAT": 35.077354,
      "AFTER_LON": 128.79555,
      "SOG": 0,
      "MOVINGTIME": 1980.0,
      "ARRIVALTIME": "20251205032000"
    },
    {
      "SEQ": 62,
      "BEFORE_NODE": 62.0,
      "AFTER_NODE": 63.0,
      "BEFORE_LAT": 35.077354,
      "BEFORE_LON": 128.79555,
      "AFTER_LAT": 35.077385,
      "AFTER_LON": 128.79573,
      "SOG": 0,
      "MOVINGTIME": 1620.0,
      "ARRIVALTIME": "20251205034700"
    },
    {
      "SEQ": 63,
      "BEFORE_NODE": 63.0,
      "AFTER_NODE": 64.0,
      "BEFORE_LAT": 35.077385,
      "BEFORE_LON": 128.79573,
      "AFTER_LAT": 35.07753,
      "AFTER_LON": 128.7957,
      "SOG": 0,
      "MOVINGTIME": 5520.0,
      "ARRIVALTIME": "20251205051900"
    },
    {
      "SEQ": 64,
      "BEFORE_NODE": 64.0,
      "AFTER_NODE": 65.0,
      "BEFORE_LAT": 35.07753,
      "BEFORE_LON": 128.7957,
      "AFTER_LAT": 35.077412,
      "AFTER_LON": 128.79575,
      "SOG": 0,
      "MOVINGTIME": 2340.0,
      "ARRIVALTIME": "20251205055800"
    },
    {
      "SEQ": 65,
      "BEFORE_NODE": 65.0,
      "AFTER_NODE": 66.0,
      "BEFORE_LAT": 35.077412,
      "BEFORE_LON": 128.79575,
      "AFTER_LAT": 35.077465,
      "AFTER_LON": 128.79568,
      "SOG": 0,
      "MOVINGTIME": 3300.0,
      "ARRIVALTIME": "20251205065300"
    },
    {
      "SEQ": 66,
      "BEFORE_NODE": 66.0,
      "AFTER_NODE": 67.0,
      "BEFORE_LAT": 35.077465,
      "BEFORE_LON": 128.79568,
      "AFTER_LAT": 35.077465,
      "AFTER_LON": 128.7957,
      "SOG": 0,
      "MOVINGTIME": 1620.0,
      "ARRIVALTIME": "20251205072000"
    },
    {
      "SEQ": 67,
      "BEFORE_NODE": 67.0,
      "AFTER_NODE": 68.0,
      "BEFORE_LAT": 35.077465,
      "BEFORE_LON": 128.7957,
      "AFTER_LAT": 35.077419,
      "AFTER_LON": 128.79573,
      "SOG": 0,
      "MOVINGTIME": 2084.0,
      "ARRIVALTIME": "20251205075444"
    },
    {
      "SEQ": 68,
      "BEFORE_NODE": 68.0,
      "AFTER_NODE": 69.0,
      "BEFORE_LAT": 35.077419,
      "BEFORE_LON": 128.79573,
      "AFTER_LAT": 35.077423,
      "AFTER_LON": 128.79568,
      "SOG": 0,
      "MOVINGTIME": 4936.0,
      "ARRIVALTIME": "20251205091700"
    },
    {
      "SEQ": 69,
      "BEFORE_NODE": 69.0,
      "AFTER_NODE": 70.0,
      "BEFORE_LAT": 35.077423,
      "BEFORE_LON": 128.79568,
      "AFTER_LAT": 35.077358,
      "AFTER_LON": 128.79559,
      "SOG": 0,
      "MOVINGTIME": 1860.0,
      "ARRIVALTIME": "20251205094800"
    },
    {
      "SEQ": 70,
      "BEFORE_NODE": 70.0,
      "AFTER_NODE": 71.0,
      "BEFORE_LAT": 35.077358,
      "BEFORE_LON": 128.79559,
      "AFTER_LAT": 35.077457,
      "AFTER_LON": 128.79568,
      "SOG": 0,
      "MOVINGTIME": 2040.0,
      "ARRIVALTIME": "20251205102200"
    },
    {
      "SEQ": 71,
      "BEFORE_NODE": 71.0,
      "AFTER_NODE": 72.0,
      "BEFORE_LAT": 35.077457,
      "BEFORE_LON": 128.79568,
      "AFTER_LAT": 35.077412,
      "AFTER_LON": 128.79568,
      "SOG": 0,
      "MOVINGTIME": 3360.0,
      "ARRIVALTIME": "20251205111800"
    },
    {
      "SEQ": 72,
      "BEFORE_NODE": 72.0,
      "AFTER_NODE": 73.0,
      "BEFORE_LAT": 35.077412,
      "BEFORE_LON": 128.79568,
      "AFTER_LAT": 35.077396,
      "AFTER_LON": 128.79568,
      "SOG": 0,
      "MOVINGTIME": 3660.0,
      "ARRIVALTIME": "20251205121900"
    },
    {
      "SEQ": 73,
      "BEFORE_NODE": 73.0,
      "AFTER_NODE": 74.0,
      "BEFORE_LAT": 35.077396,
      "BEFORE_LON": 128.79568,
      "AFTER_LAT": 35.077408,
      "AFTER_LON": 128.79567,
      "SOG": 0,
      "MOVINGTIME": 1740.0,
      "ARRIVALTIME": "20251205124800"
    },
    {
      "SEQ": 74,
      "BEFORE_NODE": 74.0,
      "AFTER_NODE": 75.0,
      "BEFORE_LAT": 35.077408,
      "BEFORE_LON": 128.79567,
      "AFTER_LAT": 35.077385,
      "AFTER_LON": 128.79568,
      "SOG": 0,
      "MOVINGTIME": 1800.0,
      "ARRIVALTIME": "20251205131800"
    },
    {
      "SEQ": 75,
      "BEFORE_NODE": 75.0,
      "AFTER_NODE": 76.0,
      "BEFORE_LAT": 35.077385,
      "BEFORE_LON": 128.79568,
      "AFTER_LAT": 35.077423,
      "AFTER_LON": 128.79568,
      "SOG": 0,
      "MOVINGTIME": 3540.0,
      "ARRIVALTIME": "20251205141700"
    },
    {
      "SEQ": 76,
      "BEFORE_NODE": 76.0,
      "AFTER_NODE": 77.0,
      "BEFORE_LAT": 35.077423,
      "BEFORE_LON": 128.79568,
      "AFTER_LAT": 35.077431,
      "AFTER_LON": 128.7957,
      "SOG": 0,
      "MOVINGTIME": 3720.0,
      "ARRIVALTIME": "20251205151900"
    },
    {
      "SEQ": 77,
      "BEFORE_NODE": 77.0,
      "AFTER_NODE": 78.0,
      "BEFORE_LAT": 35.077431,
      "BEFORE_LON": 128.7957,
      "AFTER_LAT": 35.077438,
      "AFTER_LON": 128.7957,
      "SOG": 0,
      "MOVINGTIME": 1860.0,
      "ARRIVALTIME": "20251205155000"
    },
    {
      "SEQ": 78,
      "BEFORE_NODE": 78.0,
      "AFTER_NODE": 79.0,
      "BEFORE_LAT": 35.077438,
      "BEFORE_LON": 128.7957,
      "AFTER_LAT": 35.077438,
      "AFTER_LON": 128.79573,
      "SOG": 0,
      "MOVINGTIME": 1620.0,
      "ARRIVALTIME": "20251205161700"
    },
    {
      "SEQ": 79,
      "BEFORE_NODE": 79.0,
      "AFTER_NODE": 80.0,
      "BEFORE_LAT": 35.077438,
      "BEFORE_LON": 128.79573,
      "AFTER_LAT": 35.077419,
      "AFTER_LON": 128.7957,
      "SOG": 0,
      "MOVINGTIME": 1920.0,
      "ARRIVALTIME": "20251205164900"
    },
    {
      "SEQ": 80,
      "BEFORE_NODE": 80.0,
      "AFTER_NODE": 81.0,
      "BEFORE_LAT": 35.077419,
      "BEFORE_LON": 128.7957,
      "AFTER_LAT": 35.077427,
      "AFTER_LON": 128.7957,
      "SOG": 0,
      "MOVINGTIME": 1800.0,
      "ARRIVALTIME": "20251205171900"
    },
    {
      "SEQ": 81,
      "BEFORE_NODE": 81.0,
      "AFTER_NODE": 82.0,
      "BEFORE_LAT": 35.077427,
      "BEFORE_LON": 128.7957,
      "AFTER_LAT": 35.077381,
      "AFTER_LON": 128.79562,
      "SOG": 0,
      "MOVINGTIME": 1920.0,
      "ARRIVALTIME": "20251205175100"
    },
    {
      "SEQ": 82,
      "BEFORE_NODE": 82.0,
      "AFTER_NODE": 83.0,
      "BEFORE_LAT": 35.077381,
      "BEFORE_LON": 128.79562,
      "AFTER_LAT": 35.077438,
      "AFTER_LON": 128.7957,
      "SOG": 0,
      "MOVINGTIME": 1860.0,
      "ARRIVALTIME": "20251205182200"
    },
    {
      "SEQ": 83,
      "BEFORE_NODE": 83.0,
      "AFTER_NODE": 84.0,
      "BEFORE_LAT": 35.077438,
      "BEFORE_LON": 128.7957,
      "AFTER_LAT": 35.077435,
      "AFTER_LON": 128.7957,
      "SOG": 0,
      "MOVINGTIME": 1680.0,
      "ARRIVALTIME": "20251205185000"
    },
    {
      "SEQ": 84,
      "BEFORE_NODE": 84.0,
      "AFTER_NODE": 85.0,
      "BEFORE_LAT": 35.077435,
      "BEFORE_LON": 128.7957,
      "AFTER_LAT": 35.077427,
      "AFTER_LON": 128.7957,
      "SOG": 0,
      "MOVINGTIME": 1680.0,
      "ARRIVALTIME": "20251205191800"
    },
    {
      "SEQ": 85,
      "BEFORE_NODE": 85.0,
      "AFTER_NODE": 86.0,
      "BEFORE_LAT": 35.077427,
      "BEFORE_LON": 128.7957,
      "AFTER_LAT": 35.077431,
      "AFTER_LON": 128.7957,
      "SOG": 0,
      "MOVINGTIME": 1860.0,
      "ARRIVALTIME": "20251205194900"
    },
    {
      "SEQ": 86,
      "BEFORE_NODE": 86.0,
      "AFTER_NODE": 87.0,
      "BEFORE_LAT": 35.077431,
      "BEFORE_LON": 128.7957,
      "AFTER_LAT": 35.077404,
      "AFTER_LON": 128.7957,
      "SOG": 0,
      "MOVINGTIME": 4129.0,
      "ARRIVALTIME": "20251205205749"
    },
    {
      "SEQ": 87,
      "BEFORE_NODE": 87.0,
      "AFTER_NODE": 88.0,
      "BEFORE_LAT": 35.077404,
      "BEFORE_LON": 128.7957,
      "AFTER_LAT": 35.077404,
      "AFTER_LON": 128.7957,
      "SOG": 0,
      "MOVINGTIME": 1451.0,
      "ARRIVALTIME": "20251205212200"
    },
    {
      "SEQ": 88,
      "BEFORE_NODE": 88.0,
      "AFTER_NODE": 89.0,
      "BEFORE_LAT": 35.077404,
      "BEFORE_LON": 128.7957,
      "AFTER_LAT": 35.077412,
      "AFTER_LON": 128.7957,
      "SOG": 0,
      "MOVINGTIME": 5160.0,
      "ARRIVALTIME": "20251205224800"
    },
    {
      "SEQ": 89,
      "BEFORE_NODE": 89.0,
      "AFTER_NODE": 90.0,
      "BEFORE_LAT": 35.077412,
      "BEFORE_LON": 128.7957,
      "AFTER_LAT": 35.077419,
      "AFTER_LON": 128.79572,
      "SOG": 0,
      "MOVINGTIME": 1860.0,
      "ARRIVALTIME": "20251205231900"
    },
    {
      "SEQ": 90,
      "BEFORE_NODE": 90.0,
      "AFTER_NODE": 91.0,
      "BEFORE_LAT": 35.077419,
      "BEFORE_LON": 128.79572,
      "AFTER_LAT": 35.077385,
      "AFTER_LON": 128.79559,
      "SOG": 0,
      "MOVINGTIME": 1800.0,
      "ARRIVALTIME": "20251205234900"
    },
    {
      "SEQ": 91,
      "BEFORE_NODE": 91.0,
      "AFTER_NODE": 92.0,
      "BEFORE_LAT": 35.077385,
      "BEFORE_LON": 128.79559,
      "AFTER_LAT": 35.077419,
      "AFTER_LON": 128.79567,
      "SOG": 0,
      "MOVINGTIME": 1740.0,
      "ARRIVALTIME": "20251206001800"
    },
    {
      "SEQ": 92,
      "BEFORE_NODE": 92.0,
      "AFTER_NODE": 93.0,
      "BEFORE_LAT": 35.077419,
      "BEFORE_LON": 128.79567,
      "AFTER_LAT": 35.077435,
      "AFTER_LON": 128.7957,
      "SOG": 0,
      "MOVINGTIME": 1920.0,
      "ARRIVALTIME": "20251206005000"
    },
    {
      "SEQ": 93,
      "BEFORE_NODE": 93.0,
      "AFTER_NODE": 94.0,
      "BEFORE_LAT": 35.077435,
      "BEFORE_LON": 128.7957,
      "AFTER_LAT": 35.077435,
      "AFTER_LON": 128.79568,
      "SOG": 0,
      "MOVINGTIME": 1860.0,
      "ARRIVALTIME": "20251206012100"
    },
    {
      "SEQ": 94,
      "BEFORE_NODE": 94.0,
      "AFTER_NODE": 95.0,
      "BEFORE_LAT": 35.077435,
      "BEFORE_LON": 128.79568,
      "AFTER_LAT": 35.077446,
      "AFTER_LON": 128.79568,
      "SOG": 0,
      "MOVINGTIME": 1620.0,
      "ARRIVALTIME": "20251206014800"
    },
    {
      "SEQ": 95,
      "BEFORE_NODE": 95.0,
      "AFTER_NODE": 96.0,
      "BEFORE_LAT": 35.077446,
      "BEFORE_LON": 128.79568,
      "AFTER_LAT": 35.07745,
      "AFTER_LON": 128.79562,
      "SOG": 0,
      "MOVINGTIME": 1920.0,
      "ARRIVALTIME": "20251206022000"
    },
    {
      "SEQ": 96,
      "BEFORE_NODE": 96.0,
      "AFTER_NODE": 97.0,
      "BEFORE_LAT": 35.07745,
      "BEFORE_LON": 128.79562,
      "AFTER_LAT": 35.077438,
      "AFTER_LON": 128.79572,
      "SOG": 0,
      "MOVINGTIME": 1740.0,
      "ARRIVALTIME": "20251206024900"
    },
    {
      "SEQ": 97,
      "BEFORE_NODE": 97.0,
      "AFTER_NODE": 98.0,
      "BEFORE_LAT": 35.077438,
      "BEFORE_LON": 128.79572,
      "AFTER_LAT": 35.077507,
      "AFTER_LON": 128.79572,
      "SOG": 0,
      "MOVINGTIME": 1920.0,
      "ARRIVALTIME": "20251206032100"
    },
    {
      "SEQ": 98,
      "BEFORE_NODE": 98.0,
      "AFTER_NODE": 99.0,
      "BEFORE_LAT": 35.077507,
      "BEFORE_LON": 128.79572,
      "AFTER_LAT": 35.077427,
      "AFTER_LON": 128.79572,
      "SOG": 0,
      "MOVINGTIME": 1680.0,
      "ARRIVALTIME": "20251206034900"
    },
    {
      "SEQ": 99,
      "BEFORE_NODE": 99.0,
      "AFTER_NODE": 100.0,
      "BEFORE_LAT": 35.077427,
      "BEFORE_LON": 128.79572,
      "AFTER_LAT": 35.077507,
      "AFTER_LON": 128.79573,
      "SOG": 0,
      "MOVINGTIME": 1800.0,
      "ARRIVALTIME": "20251206041900"
    },
    {
      "SEQ": 100,
      "BEFORE_NODE": 100.0,
      "AFTER_NODE": 101.0,
      "BEFORE_LAT": 35.077507,
      "BEFORE_LON": 128.79573,
      "AFTER_LAT": 35.077473,
      "AFTER_LON": 128.7957,
      "SOG": 0,
      "MOVINGTIME": 1920.0,
      "ARRIVALTIME": "20251206045100"
    },
    {
      "SEQ": 101,
      "BEFORE_NODE": 101.0,
      "AFTER_NODE": 102.0,
      "BEFORE_LAT": 35.077473,
      "BEFORE_LON": 128.7957,
      "AFTER_LAT": 35.07753,
      "AFTER_LON": 128.79573,
      "SOG": 0,
      "MOVINGTIME": 1680.0,
      "ARRIVALTIME": "20251206051900"
    },
    {
      "SEQ": 102,
      "BEFORE_NODE": 102.0,
      "AFTER_NODE": 103.0,
      "BEFORE_LAT": 35.07753,
      "BEFORE_LON": 128.79573,
      "AFTER_LAT": 35.077457,
      "AFTER_LON": 128.7957,
      "SOG": 0,
      "MOVINGTIME": 2100.0,
      "ARRIVALTIME": "20251206055400"
    },
    {
      "SEQ": 103,
      "BEFORE_NODE": 103.0,
      "AFTER_NODE": 104.0,
      "BEFORE_LAT": 35.077457,
      "BEFORE_LON": 128.7957,
      "AFTER_LAT": 35.077461,
      "AFTER_LON": 128.7957,
      "SOG": 0,
      "MOVINGTIME": 1680.0,
      "ARRIVALTIME": "20251206062200"
    },
    {
      "SEQ": 104,
      "BEFORE_NODE": 104.0,
      "AFTER_NODE": 105.0,
      "BEFORE_LAT": 35.077461,
      "BEFORE_LON": 128.7957,
      "AFTER_LAT": 35.077473,
      "AFTER_LON": 128.79568,
      "SOG": 0,
      "MOVINGTIME": 1680.0,
      "ARRIVALTIME": "20251206065000"
    },
    {
      "SEQ": 105,
      "BEFORE_NODE": 105.0,
      "AFTER_NODE": 106.0,
      "BEFORE_LAT": 35.077473,
      "BEFORE_LON": 128.79568,
      "AFTER_LAT": 35.077492,
      "AFTER_LON": 128.7957,
      "SOG": 0,
      "MOVINGTIME": 1860.0,
      "ARRIVALTIME": "20251206072100"
    },
    {
      "SEQ": 106,
      "BEFORE_NODE": 106.0,
      "AFTER_NODE": 107.0,
      "BEFORE_LAT": 35.077492,
      "BEFORE_LON": 128.7957,
      "AFTER_LAT": 35.077454,
      "AFTER_LON": 128.79565,
      "SOG": 0,
      "MOVINGTIME": 1920.0,
      "ARRIVALTIME": "20251206075300"
    },
    {
      "SEQ": 107,
      "BEFORE_NODE": 107.0,
      "AFTER_NODE": 108.0,
      "BEFORE_LAT": 35.077454,
      "BEFORE_LON": 128.79565,
      "AFTER_LAT": 35.077465,
      "AFTER_LON": 128.7957,
      "SOG": 0,
      "MOVINGTIME": 3420.0,
      "ARRIVALTIME": "20251206085000"
    },
    {
      "SEQ": 108,
      "BEFORE_NODE": 108.0,
      "AFTER_NODE": 109.0,
      "BEFORE_LAT": 35.077465,
      "BEFORE_LON": 128.7957,
      "AFTER_LAT": 35.077446,
      "AFTER_LON": 128.79568,
      "SOG": 0,
      "MOVINGTIME": 1860.0,
      "ARRIVALTIME": "20251206092100"
    },
    {
      "SEQ": 109,
      "BEFORE_NODE": 109.0,
      "AFTER_NODE": 110.0,
      "BEFORE_LAT": 35.077446,
      "BEFORE_LON": 128.79568,
      "AFTER_LAT": 35.077438,
      "AFTER_LON": 128.7957,
      "SOG": 0,
      "MOVINGTIME": 1860.0,
      "ARRIVALTIME": "20251206095200"
    },
    {
      "SEQ": 110,
      "BEFORE_NODE": 110.0,
      "AFTER_NODE": 111.0,
      "BEFORE_LAT": 35.077438,
      "BEFORE_LON": 128.7957,
      "AFTER_LAT": 35.077473,
      "AFTER_LON": 128.79565,
      "SOG": 0,
      "MOVINGTIME": 1800.0,
      "ARRIVALTIME": "20251206102200"
    },
    {
      "SEQ": 111,
      "BEFORE_NODE": 111.0,
      "AFTER_NODE": 112.0,
      "BEFORE_LAT": 35.077473,
      "BEFORE_LON": 128.79565,
      "AFTER_LAT": 35.077435,
      "AFTER_LON": 128.79568,
      "SOG": 0,
      "MOVINGTIME": 1740.0,
      "ARRIVALTIME": "20251206105100"
    },
    {
      "SEQ": 112,
      "BEFORE_NODE": 112.0,
      "AFTER_NODE": 113.0,
      "BEFORE_LAT": 35.077435,
      "BEFORE_LON": 128.79568,
      "AFTER_LAT": 35.077438,
      "AFTER_LON": 128.7957,
      "SOG": 0,
      "MOVINGTIME": 1860.0,
      "ARRIVALTIME": "20251206112200"
    },
    {
      "SEQ": 113,
      "BEFORE_NODE": 113.0,
      "AFTER_NODE": 114.0,
      "BEFORE_LAT": 35.077438,
      "BEFORE_LON": 128.7957,
      "AFTER_LAT": 35.077438,
      "AFTER_LON": 128.79568,
      "SOG": 0,
      "MOVINGTIME": 1620.0,
      "ARRIVALTIME": "20251206114900"
    },
    {
      "SEQ": 114,
      "BEFORE_NODE": 114.0,
      "AFTER_NODE": 115.0,
      "BEFORE_LAT": 35.077438,
      "BEFORE_LON": 128.79568,
      "AFTER_LAT": 35.077419,
      "AFTER_LON": 128.79568,
      "SOG": 0,
      "MOVINGTIME": 1800.0,
      "ARRIVALTIME": "20251206121900"
    },
    {
      "SEQ": 115,
      "BEFORE_NODE": 115.0,
      "AFTER_NODE": 116.0,
      "BEFORE_LAT": 35.077419,
      "BEFORE_LON": 128.79568,
      "AFTER_LAT": 35.077435,
      "AFTER_LON": 128.79568,
      "SOG": 0,
      "MOVINGTIME": 1800.0,
      "ARRIVALTIME": "20251206124900"
    },
    {
      "SEQ": 116,
      "BEFORE_NODE": 116.0,
      "AFTER_NODE": 117.0,
      "BEFORE_LAT": 35.077435,
      "BEFORE_LON": 128.79568,
      "AFTER_LAT": 35.077431,
      "AFTER_LON": 128.7957,
      "SOG": 0,
      "MOVINGTIME": 1920.0,
      "ARRIVALTIME": "20251206132100"
    },
    {
      "SEQ": 117,
      "BEFORE_NODE": 117.0,
      "AFTER_NODE": 118.0,
      "BEFORE_LAT": 35.077431,
      "BEFORE_LON": 128.7957,
      "AFTER_LAT": 35.077438,
      "AFTER_LON": 128.79567,
      "SOG": 0,
      "MOVINGTIME": 1860.0,
      "ARRIVALTIME": "20251206135200"
    }
  ]
}