{
  "data": {
    "uuid": "e0d4a283-164a-d464-94e2-ea77455bc391",
    "name": "ZEAL LUMOS",
    "mmsi": "232031320",
    "imo": "9864241",
    "eni": null,
    "country_iso": "GB",
    "type": "Cargo - Hazard A (Major)",
    "type_specific": "Container Ship",
    "positions": [
      {
        "lat": 29.977819,
        "lon": 123.02106,
        "speed": 0,
        "course": 10,
        "heading": 175,
        "destination": "CNNBO",
        "last_position_epoch": 1765029240,
        "last_position_UTC": "2025-12-06T13:54:00Z"
      },
      {
        "lat": 29.97772,
        "lon": 123.02094,
        "speed": 0,
        "course": 10,
        "heading": 170,
        "destination": "CNNBO",
        "last_position_epoch": 1765027380,
        "last_position_UTC": "2025-12-06T13:23:00Z"
      },
      {
        "lat": 29.977627,
        "lon": 123.02071,
        "speed": 0,
        "course": 10,
        "heading": 164,
        "destination": "CNNBO",
        "last_position_epoch": 1765025520,
        "last_position_UTC": "2025-12-06T12:52:00Z"
      },
      {
        "lat": 29.9776,
        "lon": 123.02063,
        "speed": 0,
        "course": 10,
        "heading": 158,
        "destination": "CNNBO",
        "last_position_epoch": 1765023660,
        "last_position_UTC": "2025-12-06T12:21:00Z"
      },
      {
        "lat": 29.97744,
        "lon": 123.02035,
        "speed": 0,
        "course": 10,
        "heading": 146,
        "destination": "CNNBO",
        "last_position_epoch": 1765021980,
        "last_position_UTC": "2025-12-06T11:53:00Z"
      },
      {
        "lat": 29.976814,
        "lon": 123.01997,
        "speed": 0.2,
        "course": 356,
        "heading": 101,
        "destination": "CNNBO",
        "last_position_epoch": 1765020180,
        "last_position_UTC": "2025-12-06T11:23:00Z"
      },
      {
        "lat": 29.97571,
        "lon": 123.02129,
        "speed": 0,
        "course": 109,
        "heading": 7,
        "destination": "CNNBO",
        "last_position_epoch": 1765018320,
        "last_position_UTC": "2025-12-06T10:52:00Z"
      },
      {
        "lat": 29.975754,
        "lon": 123.02183,
        "speed": 0,
        "course": 109,
        "heading": 341,
        "destination": "CNNBO",
        "last_position_epoch": 1765016520,
        "last_position_UTC": "2025-12-06T10:22:00Z"
      },
      {
        "lat": 29.97576,
        "lon": 123.02184,
        "speed": 0,
        "course": 0,
        "heading": 338,
        "destination": "CNNBO",
        "last_position_epoch": 1765016008,
        "last_position_UTC": "2025-12-06T10:13:28Z"
      },
      {
        "lat": 29.975866,
        "lon": 123.02211,
        "speed": 0,
        "course": 109,
        "heading": 325,
        "destination": "CNNBO",
        "last_position_epoch": 1765012980,
        "last_position_UTC": "2025-12-06T09:23:00Z"
      },
      {
        "lat": 29.975889,
        "lon": 123.02222,
        "speed": 0,
        "course": 109,
        "heading": 318,
        "destination": "CNNBO",
        "last_position_epoch": 1765011060,
        "last_position_UTC": "2025-12-06T08:51:00Z"
      },
      {
        "lat": 29.976089,
        "lon": 123.02242,
        "speed": 0,
        "course": 109,
        "heading": 301,
        "destination": "CNNBO",
        "last_position_epoch": 1765009320,
        "last_position_UTC": "2025-12-06T08:22:00Z"
      },
      {
        "lat": 29.976206,
        "lon": 123.02277,
        "speed": 0,
        "course": 109,
        "heading": 301,
        "destination": "CNNBO",
        "last_position_epoch": 1765007280,
        "last_position_UTC": "2025-12-06T07:48:00Z"
      },
      {
        "lat": 29.97648,
        "lon": 123.02276,
        "speed": 0,
        "course": 109,
        "heading": 284,
        "destination": "CNNBO",
        "last_position_epoch": 1765005840,
        "last_position_UTC": "2025-12-06T07:24:00Z"
      },
      {
        "lat": 29.976574,
        "lon": 123.02281,
        "speed": 0,
        "course": 109,
        "heading": 288,
        "destination": "CNNBO",
        "last_position_epoch": 1765003980,
        "last_position_UTC": "2025-12-06T06:53:00Z"
      },
      {
        "lat": 29.976826,
        "lon": 123.02276,
        "speed": 0,
        "course": 109,
        "heading": 264,
        "destination": "CNNBO",
        "last_position_epoch": 1765002240,
        "last_position_UTC": "2025-12-06T06:24:00Z"
      },
      {
        "lat": 29.97716,
        "lon": 123.02274,
        "speed": 0,
        "course": 109,
        "heading": 258,
        "destination": "CNNBO",
        "last_position_epoch": 1765000500,
        "last_position_UTC": "2025-12-06T05:55:00Z"
      },
      {
        "lat": 29.97748,
        "lon": 123.0224,
        "speed": 0,
        "course": 109,
        "heading": 241,
        "destination": "CNNBO",
        "last_position_epoch": 1764998580,
        "last_position_UTC": "2025-12-06T05:23:00Z"
      },
      {
        "lat": 29.977476,
        "lon": 123.02243,
        "speed": 0,
        "course": 109,
        "heading": 238,
        "destination": "CNNBO",
        "last_position_epoch": 1764996780,
        "last_position_UTC": "2025-12-06T04:53:00Z"
      },
      {
        "lat": 29.977619,
        "lon": 123.02215,
        "speed": 0,
        "course": 109,
        "heading": 221,
        "destination": "CNNBO",
        "last_position_epoch": 1764995160,
        "last_position_UTC": "2025-12-06T04:26:00Z"
      },
      {
        "lat": 29.977707,
        "lon": 123.02204,
        "speed": 0,
        "course": 109,
        "heading": 211,
        "destination": "CNNBO",
        "last_position_epoch": 1764993120,
        "last_position_UTC": "2025-12-06T03:52:00Z"
      },
      {
        "lat": 29.977819,
        "lon": 123.02168,
        "speed": 0,
        "course": 110,
        "heading": 204,
        "destination": "CNNBO",
        "last_position_epoch": 1764991440,
        "last_position_UTC": "2025-12-06T03:24:00Z"
      },
      {
        "lat": 29.977814,
        "lon": 123.02137,
        "speed": 0,
        "course": 30,
        "heading": 194,
        "destination": "CNNBO",
        "last_position_epoch": 1764989520,
        "last_position_UTC": "2025-12-06T02:52:00Z"
      },
      {
        "lat": 29.977743,
        "lon": 123.02121,
        "speed": 0,
        "course": 30,
        "heading": 189,
        "destination": "CNNBO",
        "last_position_epoch": 1764987600,
        "last_position_UTC": "2025-12-06T02:20:00Z"
      },
      {
        "lat": 29.977606,
        "lon": 123.0209,
        "speed": 0,
        "course": 30,
        "heading": 175,
        "destination": "CNNBO",
        "last_position_epoch": 1764985680,
        "last_position_UTC": "2025-12-06T01:48:00Z"
      },
      {
        "lat": 29.97743,
        "lon": 123.02058,
        "speed": 0,
        "course": 30,
        "heading": 152,
        "destination": "CNNBO",
        "last_position_epoch": 1764984120,
        "last_position_UTC": "2025-12-06T01:22:00Z"
      },
      {
        "lat": 29.977261,
        "lon": 123.02029,
        "speed": 0,
        "course": 30,
        "heading": 134,
        "destination": "CNNBO",
        "last_position_epoch": 1764982260,
        "last_position_UTC": "2025-12-06T00:51:00Z"
      },
      {
        "lat": 29.977127,
        "lon": 123.02037,
        "speed": 0,
        "course": 30,
        "heading": 125,
        "destination": "CNNBO",
        "last_position_epoch": 1764980640,
        "last_position_UTC": "2025-12-06T00:24:00Z"
      },
      {
        "lat": 29.97681,
        "lon": 123.02029,
        "speed": 0,
        "course": 30,
        "heading": 101,
        "destination": "CNNBO",
        "last_position_epoch": 1764978840,
        "last_position_UTC": "2025-12-05T23:54:00Z"
      },
      {
        "lat": 29.976423,
        "lon": 123.02047,
        "speed": 0,
        "course": 30,
        "heading": 79,
        "destination": "CNNBO",
        "last_position_epoch": 1764977040,
        "last_position_UTC": "2025-12-05T23:24:00Z"
      },
      {
        "lat": 29.976107,
        "lon": 123.02243,
        "speed": 0.4,
        "course": 240,
        "heading": 36,
        "destination": "CNNBO",
        "last_position_epoch": 1764975120,
        "last_position_UTC": "2025-12-05T22:52:00Z"
      },
      {
        "lat": 29.989639,
        "lon": 122.99265,
        "speed": 12.3,
        "course": 125,
        "heading": 127,
        "destination": "CNNBO",
        "last_position_epoch": 1764973440,
        "last_position_UTC": "2025-12-05T22:24:00Z"
      },
      {
        "lat": 30.148174,
        "lon": 122.97578,
        "speed": 12.3,
        "course": 192,
        "heading": 193,
        "destination": "CNNBO",
        "last_position_epoch": 1764971340,
        "last_position_UTC": "2025-12-05T21:49:00Z"
      },
      {
        "lat": 30.217377,
        "lon": 122.98272,
        "speed": 12.3,
        "course": 180,
        "heading": 182,
        "destination": "CNNBO",
        "last_position_epoch": 1764969600,
        "last_position_UTC": "2025-12-05T21:20:00Z"
      },
      {
        "lat": 30.322001,
        "lon": 122.95927,
        "speed": 12.8,
        "course": 137,
        "heading": 134,
        "destination": "CNNBO",
        "last_position_epoch": 1764967980,
        "last_position_UTC": "2025-12-05T20:53:00Z"
      },
      {
        "lat": 30.374029,
        "lon": 122.87525,
        "speed": 13.1,
        "course": 126,
        "heading": 122,
        "destination": "CNNBO",
        "last_position_epoch": 1764966060,
        "last_position_UTC": "2025-12-05T20:21:00Z"
      },
      {
        "lat": 30.439939,
        "lon": 122.77877,
        "speed": 13.3,
        "course": 124,
        "heading": 123,
        "destination": "CNNBO",
        "last_position_epoch": 1764964440,
        "last_position_UTC": "2025-12-05T19:54:00Z"
      },
      {
        "lat": 30.483187,
        "lon": 122.65824,
        "speed": 13.5,
        "course": 104,
        "heading": 101,
        "destination": "CNNBO",
        "last_position_epoch": 1764962520,
        "last_position_UTC": "2025-12-05T19:22:00Z"
      },
      {
        "lat": 30.498211,
        "lon": 122.54451,
        "speed": 11.6,
        "course": 97,
        "heading": 90,
        "destination": "CNNBO",
        "last_position_epoch": 1764960900,
        "last_position_UTC": "2025-12-05T18:55:00Z"
      },
      {
        "lat": 30.525106,
        "lon": 122.40669,
        "speed": 13.1,
        "course": 103,
        "heading": 101,
        "destination": "CNNBO",
        "last_position_epoch": 1764958980,
        "last_position_UTC": "2025-12-05T18:23:00Z"
      },
      {
        "lat": 30.546276,
        "lon": 122.28793,
        "speed": 11.3,
        "course": 100,
        "heading": 103,
        "destination": "CNNBO",
        "last_position_epoch": 1764957240,
        "last_position_UTC": "2025-12-05T17:54:00Z"
      },
      {
        "lat": 30.556183,
        "lon": 122.19705,
        "speed": 15.3,
        "course": 90,
        "heading": 89,
        "destination": "CNNBO",
        "last_position_epoch": 1764955560,
        "last_position_UTC": "2025-12-05T17:26:00Z"
      },
      {
        "lat": 30.608879,
        "lon": 122.06932,
        "speed": 11.6,
        "course": 119,
        "heading": 120,
        "destination": "CNNBO",
        "last_position_epoch": 1764953820,
        "last_position_UTC": "2025-12-05T16:57:00Z"
      },
      {
        "lat": 30.654627,
        "lon": 122.01431,
        "speed": 0,
        "course": 81,
        "heading": 286,
        "destination": "CNNBO",
        "last_position_epoch": 1764951660,
        "last_position_UTC": "2025-12-05T16:21:00Z"
      },
      {
        "lat": 30.654631,
        "lon": 122.01432,
        "speed": 0,
        "course": 81,
        "heading": 286,
        "destination": "CNYSA",
        "last_position_epoch": 1764950040,
        "last_position_UTC": "2025-12-05T15:54:00Z"
      },
      {
        "lat": 30.654613,
        "lon": 122.01432,
        "speed": 0,
        "course": 81,
        "heading": 286,
        "destination": "CNYSA",
        "last_position_epoch": 1764948180,
        "last_position_UTC": "2025-12-05T15:23:00Z"
      },
      {
        "lat": 30.654604,
        "lon": 122.01432,
        "speed": 0,
        "course": 81,
        "heading": 286,
        "destination": "CNYSA",
        "last_position_epoch": 1764946440,
        "last_position_UTC": "2025-12-05T14:54:00Z"
      },
      {
        "lat": 30.654627,
        "lon": 122.01429,
        "speed": 0,
        "course": 81,
        "heading": 286,
        "destination": "CNYSA",
        "last_position_epoch": 1764942660,
        "last_position_UTC": "2025-12-05T13:51:00Z"
      },
      {
        "lat": 30.654619,
        "lon": 122.01429,
        "speed": 0,
        "course": 81,
        "heading": 286,
        "destination": "CNYSA",
        "last_position_epoch": 1764940800,
        "last_position_UTC": "2025-12-05T13:20:00Z"
      },
      {
        "lat": 30.654667,
        "lon": 122.01428,
        "speed": 0,
        "course": 81,
        "heading": 286,
        "destination": "CNYSA",
        "last_position_epoch": 1764939120,
        "last_position_UTC": "2025-12-05T12:52:00Z"
      },
      {
        "lat": 30.654593,
        "lon": 122.01427,
        "speed": 0,
        "course": 81,
        "heading": 286,
        "destination": "CNYSA",
        "last_position_epoch": 1764935520,
        "last_position_UTC": "2025-12-05T11:52:00Z"
      },
      {
        "lat": 30.654633,
        "lon": 122.01421,
        "speed": 0,
        "course": 81,
        "heading": 286,
        "destination": "CNYSA",
        "last_position_epoch": 1764933840,
        "last_position_UTC": "2025-12-05T11:24:00Z"
      },
      {
        "lat": 30.654619,
        "lon": 122.01429,
        "speed": 0,
        "course": 138,
        "heading": 286,
        "destination": "CNYSA",
        "last_position_epoch": 1764931980,
        "last_position_UTC": "2025-12-05T10:53:00Z"
      },
      {
        "lat": 30.654604,
        "lon": 122.01425,
        "speed": 0,
        "course": 138,
        "heading": 286,
        "destination": "CNYSA",
        "last_position_epoch": 1764930060,
        "last_position_UTC": "2025-12-05T10:21:00Z"
      },
      {
        "lat": 30.654619,
        "lon": 122.01434,
        "speed": 0,
        "course": 138,
        "heading": 286,
        "destination": "CNYSA",
        "last_position_epoch": 1764928500,
        "last_position_UTC": "2025-12-05T09:55:00Z"
      },
      {
        "lat": 30.654633,
        "lon": 122.01432,
        "speed": 0,
        "course": 138,
        "heading": 286,
        "destination": "CNYSA",
        "last_position_epoch": 1764926580,
        "last_position_UTC": "2025-12-05T09:23:00Z"
      },
      {
        "lat": 30.654667,
        "lon": 122.01434,
        "speed": 0,
        "course": 138,
        "heading": 286,
        "destination": "CNYSA",
        "last_position_epoch": 1764923100,
        "last_position_UTC": "2025-12-05T08:25:00Z"
      },
      {
        "lat": 30.654613,
        "lon": 122.01431,
        "speed": 0,
        "course": 138,
        "heading": 286,
        "destination": "CNYSA",
        "last_position_epoch": 1764921240,
        "last_position_UTC": "2025-12-05T07:54:00Z"
      },
      {
        "lat": 30.654667,
        "lon": 122.01424,
        "speed": 0,
        "course": 138,
        "heading": 286,
        "destination": "CNYSA",
        "last_position_epoch": 1764919200,
        "last_position_UTC": "2025-12-05T07:20:00Z"
      },
      {
        "lat": 30.654667,
        "lon": 122.01429,
        "speed": 0,
        "course": 138,
        "heading": 286,
        "destination": "CNYSA",
        "last_position_epoch": 1764917700,
        "last_position_UTC": "2025-12-05T06:55:00Z"
      },
      {
        "lat": 30.65464,
        "lon": 122.01429,
        "speed": 0,
        "course": 138,
        "heading": 286,
        "destination": "CNYSA",
        "last_position_epoch": 1764915420,
        "last_position_UTC": "2025-12-05T06:17:00Z"
      },
      {
        "lat": 30.654613,
        "lon": 122.01431,
        "speed": 0,
        "course": 138,
        "heading": 286,
        "destination": "CNYSA",
        "last_position_epoch": 1764913860,
        "last_position_UTC": "2025-12-05T05:51:00Z"
      },
      {
        "lat": 30.65464,
        "lon": 122.01425,
        "speed": 0,
        "course": 138,
        "heading": 286,
        "destination": "CNYSA",
        "last_position_epoch": 1764912120,
        "last_position_UTC": "2025-12-05T05:22:00Z"
      },
      {
        "lat": 30.654686,
        "lon": 122.01427,
        "speed": 0,
        "course": 0,
        "heading": 286,
        "destination": "CNYSA",
        "last_position_epoch": 1764910709,
        "last_position_UTC": "2025-12-05T04:58:29Z"
      },
      {
        "lat": 30.654633,
        "lon": 122.01429,
        "speed": 0,
        "course": 138,
        "heading": 286,
        "destination": "CNYSA",
        "last_position_epoch": 1764908640,
        "last_position_UTC": "2025-12-05T04:24:00Z"
      },
      {
        "lat": 30.654673,
        "lon": 122.01429,
        "speed": 0,
        "course": 138,
        "heading": 286,
        "destination": "CNYSA",
        "last_position_epoch": 1764906720,
        "last_position_UTC": "2025-12-05T03:52:00Z"
      },
      {
        "lat": 30.654667,
        "lon": 122.01432,
        "speed": 0,
        "course": 138,
        "heading": 286,
        "destination": "CNYSA",
        "last_position_epoch": 1764904980,
        "last_position_UTC": "2025-12-05T03:23:00Z"
      },
      {
        "lat": 30.65456,
        "lon": 122.01434,
        "speed": 0,
        "course": 138,
        "heading": 286,
        "destination": "CNYSA",
        "last_position_epoch": 1764903240,
        "last_position_UTC": "2025-12-05T02:54:00Z"
      },
      {
        "lat": 30.654633,
        "lon": 122.01428,
        "speed": 0,
        "course": 138,
        "heading": 286,
        "destination": "CNYSA",
        "last_position_epoch": 1764901560,
        "last_position_UTC": "2025-12-05T02:26:00Z"
      },
      {
        "lat": 30.654646,
        "lon": 122.01428,
        "speed": 0,
        "course": 138,
        "heading": 286,
        "destination": "CNYSA",
        "last_position_epoch": 1764893880,
        "last_position_UTC": "2025-12-05T00:18:00Z"
      },
      {
        "lat": 30.654617,
        "lon": 122.01434,
        "speed": 0,
        "course": 138,
        "heading": 286,
        "destination": "CNYSA",
        "last_position_epoch": 1764892080,
        "last_position_UTC": "2025-12-04T23:48:00Z"
      },
      {
        "lat": 30.654619,
        "lon": 122.01429,
        "speed": 0,
        "course": 0,
        "heading": 286,
        "destination": "CNYSA",
        "last_position_epoch": 1764889186,
        "last_position_UTC": "2025-12-04T22:59:46Z"
      },
      {
        "lat": 30.6546,
        "lon": 122.01425,
        "speed": 0,
        "course": 357,
        "heading": 286,
        "destination": "CNYSA",
        "last_position_epoch": 1764886920,
        "last_position_UTC": "2025-12-04T22:22:00Z"
      },
      {
        "lat": 30.654654,
        "lon": 122.01459,
        "speed": 0,
        "course": 357,
        "heading": 286,
        "destination": "CNYSA",
        "last_position_epoch": 1764885000,
        "last_position_UTC": "2025-12-04T21:50:00Z"
      },
      {
        "lat": 30.65461,
        "lon": 122.01439,
        "speed": 0,
        "course": 357,
        "heading": 286,
        "destination": "CNYSA",
        "last_position_epoch": 1764883260,
        "last_position_UTC": "2025-12-04T21:21:00Z"
      },
      {
        "lat": 30.654596,
        "lon": 122.01431,
        "speed": 0,
        "course": 357,
        "heading": 286,
        "destination": "CNYSA",
        "last_position_epoch": 1764879480,
        "last_position_UTC": "2025-12-04T20:18:00Z"
      },
      {
        "lat": 30.654613,
        "lon": 122.01427,
        "speed": 0,
        "course": 357,
        "heading": 286,
        "destination": "CNYSA",
        "last_position_epoch": 1764877860,
        "last_position_UTC": "2025-12-04T19:51:00Z"
      },
      {
        "lat": 30.654631,
        "lon": 122.01428,
        "speed": 0,
        "course": 357,
        "heading": 286,
        "destination": "CNYSA",
        "last_position_epoch": 1764876120,
        "last_position_UTC": "2025-12-04T19:22:00Z"
      },
      {
        "lat": 30.654627,
        "lon": 122.01428,
        "speed": 0,
        "course": 357,
        "heading": 286,
        "destination": "CNYSA",
        "last_position_epoch": 1764872220,
        "last_position_UTC": "2025-12-04T18:17:00Z"
      },
      {
        "lat": 30.654646,
        "lon": 122.01436,
        "speed": 0,
        "course": 357,
        "heading": 286,
        "destination": "CNYSA",
        "last_position_epoch": 1764866940,
        "last_position_UTC": "2025-12-04T16:49:00Z"
      },
      {
        "lat": 30.654663,
        "lon": 122.01434,
        "speed": 0,
        "course": 357,
        "heading": 286,
        "destination": "CNYSA",
        "last_position_epoch": 1764865260,
        "last_position_UTC": "2025-12-04T16:21:00Z"
      },
      {
        "lat": 30.654596,
        "lon": 122.01427,
        "speed": 0,
        "course": 357,
        "heading": 286,
        "destination": "CNYSA",
        "last_position_epoch": 1764863580,
        "last_position_UTC": "2025-12-04T15:53:00Z"
      },
      {
        "lat": 30.654552,
        "lon": 122.01432,
        "speed": 0,
        "course": 357,
        "heading": 286,
        "destination": "CNYSA",
        "last_position_epoch": 1764861660,
        "last_position_UTC": "2025-12-04T15:21:00Z"
      },
      {
        "lat": 30.654539,
        "lon": 122.01441,
        "speed": 0,
        "course": 357,
        "heading": 286,
        "destination": "CNYSA",
        "last_position_epoch": 1764859800,
        "last_position_UTC": "2025-12-04T14:50:00Z"
      },
      {
        "lat": 30.654633,
        "lon": 122.01427,
        "speed": 0,
        "course": 357,
        "heading": 286,
        "destination": "CNYSA",
        "last_position_epoch": 1764858180,
        "last_position_UTC": "2025-12-04T14:23:00Z"
      },
      {
        "lat": 30.654633,
        "lon": 122.01432,
        "speed": 0,
        "course": 357,
        "heading": 286,
        "destination": "CNYSA",
        "last_position_epoch": 1764856140,
        "last_position_UTC": "2025-12-04T13:49:00Z"
      },
      {
        "lat": 30.654686,
        "lon": 122.01428,
        "speed": 0,
        "course": 357,
        "heading": 286,
        "destination": "CNYSA",
        "last_position_epoch": 1764854340,
        "last_position_UTC": "2025-12-04T13:19:00Z"
      },
      {
        "lat": 30.654633,
        "lon": 122.01429,
        "speed": 0,
        "course": 357,
        "heading": 286,
        "destination": "CNYSA",
        "last_position_epoch": 1764852660,
        "last_position_UTC": "2025-12-04T12:51:00Z"
      },
      {
        "lat": 30.654631,
        "lon": 122.01427,
        "speed": 0,
        "course": 357,
        "heading": 286,
        "destination": "CNYSA",
        "last_position_epoch": 1764850800,
        "last_position_UTC": "2025-12-04T12:20:00Z"
      },
      {
        "lat": 30.65464,
        "lon": 122.01425,
        "speed": 0,
        "course": 357,
        "heading": 286,
        "destination": "CNYSA",
        "last_position_epoch": 1764849120,
        "last_position_UTC": "2025-12-04T11:52:00Z"
      },
      {
        "lat": 30.654613,
        "lon": 122.01429,
        "speed": 0,
        "course": 357,
        "heading": 286,
        "destination": "CNYSA",
        "last_position_epoch": 1764847260,
        "last_position_UTC": "2025-12-04T11:21:00Z"
      },
      {
        "lat": 30.6546,
        "lon": 122.01428,
        "speed": 0,
        "course": 357,
        "heading": 286,
        "destination": "CNYSA",
        "last_position_epoch": 1764845340,
        "last_position_UTC": "2025-12-04T10:49:00Z"
      },
      {
        "lat": 30.65464,
        "lon": 122.01425,
        "speed": 0,
        "course": 357,
        "heading": 286,
        "destination": "CNYSA",
        "last_position_epoch": 1764843540,
        "last_position_UTC": "2025-12-04T10:19:00Z"
      },
      {
        "lat": 30.65464,
        "lon": 122.01428,
        "speed": 0,
        "course": 0,
        "heading": 286,
        "destination": "CNYSA",
        "last_position_epoch": 1764841834,
        "last_position_UTC": "2025-12-04T09:50:34Z"
      },
      {
        "lat": 30.654619,
        "lon": 122.01432,
        "speed": 0,
        "course": 357,
        "heading": 286,
        "destination": "CNYSA",
        "last_position_epoch": 1764840120,
        "last_position_UTC": "2025-12-04T09:22:00Z"
      },
      {
        "lat": 30.654659,
        "lon": 122.01431,
        "speed": 0,
        "course": 357,
        "heading": 286,
        "destination": "CNYSA",
        "last_position_epoch": 1764838200,
        "last_position_UTC": "2025-12-04T08:50:00Z"
      },
      {
        "lat": 30.65464,
        "lon": 122.01427,
        "speed": 0,
        "course": 357,
        "heading": 286,
        "destination": "CNYSA",
        "last_position_epoch": 1764836460,
        "last_position_UTC": "2025-12-04T08:21:00Z"
      },
      {
        "lat": 30.653431,
        "lon": 122.01436,
        "speed": 0.6,
        "course": 352,
        "heading": 286,
        "destination": "CNYSA",
        "last_position_epoch": 1764834720,
        "last_position_UTC": "2025-12-04T07:52:00Z"
      },
      {
        "lat": 30.635454,
        "lon": 122.0341,
        "speed": 3.5,
        "course": 331,
        "heading": 319,
        "destination": "CNYSA",
        "last_position_epoch": 1764833040,
        "last_position_UTC": "2025-12-04T07:24:00Z"
      },
      {
        "lat": 30.596233,
        "lon": 122.09696,
        "speed": 10.3,
        "course": 298,
        "heading": 298,
        "destination": "CNYSA",
        "last_position_epoch": 1764831180,
        "last_position_UTC": "2025-12-04T06:53:00Z"
      },
      {
        "lat": 30.561773,
        "lon": 122.23443,
        "speed": 11.8,
        "course": 279,
        "heading": 280,
        "destination": "CNYSA",
        "last_position_epoch": 1764829080,
        "last_position_UTC": "2025-12-04T06:18:00Z"
      },
      {
        "lat": 30.551167,
        "lon": 122.32317,
        "speed": 9.3,
        "course": 274,
        "heading": 276,
        "destination": "CNYSA",
        "last_position_epoch": 1764827520,
        "last_position_UTC": "2025-12-04T05:52:00Z"
      },
      {
        "lat": 30.54093,
        "lon": 122.39394,
        "speed": 7.1,
        "course": 279,
        "heading": 282,
        "destination": "CNYSA",
        "last_position_epoch": 1764825720,
        "last_position_UTC": "2025-12-04T05:22:00Z"
      },
      {
        "lat": 30.52702,
        "lon": 122.4799,
        "speed": 10.5,
        "course": 282,
        "heading": 285,
        "destination": "CNYSA",
        "last_position_epoch": 1764823620,
        "last_position_UTC": "2025-12-04T04:47:00Z"
      },
      {
        "lat": 30.50046,
        "lon": 122.59845,
        "speed": 12.1,
        "course": 284,
        "heading": 285,
        "destination": "CNYSA",
        "last_position_epoch": 1764822000,
        "last_position_UTC": "2025-12-04T04:20:00Z"
      },
      {
        "lat": 30.481052,
        "lon": 122.68179,
        "speed": 12.6,
        "course": 285,
        "heading": 284,
        "destination": "CNYSA",
        "last_position_epoch": 1764820200,
        "last_position_UTC": "2025-12-04T03:50:00Z"
      },
      {
        "lat": 30.46632,
        "lon": 122.74092,
        "speed": 12.3,
        "course": 294,
        "heading": 209,
        "destination": "CNYSA",
        "last_position_epoch": 1764819203,
        "last_position_UTC": "2025-12-04T03:33:23Z"
      },
      {
        "lat": 30.370493,
        "lon": 122.9007,
        "speed": 13.6,
        "course": 297,
        "heading": 296,
        "destination": "CNYSA",
        "last_position_epoch": 1764816720,
        "last_position_UTC": "2025-12-04T02:52:00Z"
      },
      {
        "lat": 30.30328,
        "lon": 122.99847,
        "speed": 13.3,
        "course": 301,
        "heading": 300,
        "destination": "CNYSA",
        "last_position_epoch": 1764814740,
        "last_position_UTC": "2025-12-04T02:19:00Z"
      },
      {
        "lat": 30.315973,
        "lon": 123.12392,
        "speed": 14.6,
        "course": 250,
        "heading": 249,
        "destination": "CNYSA",
        "last_position_epoch": 1764813420,
        "last_position_UTC": "2025-12-04T01:57:00Z"
      },
      {
        "lat": 30.356627,
        "lon": 123.21687,
        "speed": 14.8,
        "course": 238,
        "heading": 234,
        "destination": "CNYSA",
        "last_position_epoch": 1764811440,
        "last_position_UTC": "2025-12-04T01:24:00Z"
      },
      {
        "lat": 30.41786,
        "lon": 123.43152,
        "speed": 15.1,
        "course": 286,
        "heading": 284,
        "destination": "CNYSA",
        "last_position_epoch": 1764809460,
        "last_position_UTC": "2025-12-04T00:51:00Z"
      },
      {
        "lat": 30.41396,
        "lon": 123.53563,
        "speed": 15,
        "course": 266,
        "heading": 263,
        "destination": "CNYSA",
        "last_position_epoch": 1764807540,
        "last_position_UTC": "2025-12-04T00:19:00Z"
      },
      {
        "lat": 30.435713,
        "lon": 123.6683,
        "speed": 14.1,
        "course": 212,
        "heading": 210,
        "destination": "CNYSA",
        "last_position_epoch": 1764805860,
        "last_position_UTC": "2025-12-03T23:51:00Z"
      },
      {
        "lat": 30.540354,
        "lon": 123.74299,
        "speed": 14.3,
        "course": 213,
        "heading": 209,
        "destination": "CNYSA",
        "last_position_epoch": 1764804000,
        "last_position_UTC": "2025-12-03T23:20:00Z"
      },
      {
        "lat": 30.640186,
        "lon": 123.83252,
        "speed": 14.8,
        "course": 216,
        "heading": 214,
        "destination": "CNYSA",
        "last_position_epoch": 1764802260,
        "last_position_UTC": "2025-12-03T22:51:00Z"
      },
      {
        "lat": 30.712793,
        "lon": 123.88644,
        "speed": 14.6,
        "course": 211,
        "heading": 208,
        "destination": "CNYSA",
        "last_position_epoch": 1764800460,
        "last_position_UTC": "2025-12-03T22:21:00Z"
      },
      {
        "lat": 30.855513,
        "lon": 123.99541,
        "speed": 14.6,
        "course": 209,
        "heading": 205,
        "destination": "CNYSA",
        "last_position_epoch": 1764798660,
        "last_position_UTC": "2025-12-03T21:51:00Z"
      },
      {
        "lat": 30.898113,
        "lon": 124.02491,
        "speed": 14.5,
        "course": 212,
        "heading": 209,
        "destination": "CNYSA",
        "last_position_epoch": 1764797245,
        "last_position_UTC": "2025-12-03T21:27:25Z"
      },
      {
        "lat": 31.070074,
        "lon": 124.1566,
        "speed": 14.6,
        "course": 212,
        "heading": 213,
        "destination": "CNYSA",
        "last_position_epoch": 1764795060,
        "last_position_UTC": "2025-12-03T20:51:00Z"
      },
      {
        "lat": 33.076488,
        "lon": 125.68729,
        "speed": 15.6,
        "course": 211,
        "heading": 215,
        "destination": "CNYSA",
        "last_position_epoch": 1764758820,
        "last_position_UTC": "2025-12-03T10:47:00Z"
      },
      {
        "lat": 33.177345,
        "lon": 125.76778,
        "speed": 15.3,
        "course": 215,
        "heading": 220,
        "destination": "CNYSA",
        "last_position_epoch": 1764757200,
        "last_position_UTC": "2025-12-03T10:20:00Z"
      },
      {
        "lat": 33.299961,
        "lon": 125.86185,
        "speed": 15.3,
        "course": 213,
        "heading": 220,
        "destination": "CNYSA",
        "last_position_epoch": 1764755220,
        "last_position_UTC": "2025-12-03T09:47:00Z"
      },
      {
        "lat": 33.407959,
        "lon": 125.94865,
        "speed": 15.1,
        "course": 213,
        "heading": 223,
        "destination": "CNYSA",
        "last_position_epoch": 1764753480,
        "last_position_UTC": "2025-12-03T09:18:00Z"
      },
      {
        "lat": 33.513855,
        "lon": 126.04403,
        "speed": 15.6,
        "course": 225,
        "heading": 233,
        "destination": "CNYSA",
        "last_position_epoch": 1764751740,
        "last_position_UTC": "2025-12-03T08:49:00Z"
      },
      {
        "lat": 33.580921,
        "lon": 126.18108,
        "speed": 14.1,
        "course": 246,
        "heading": 256,
        "destination": "CNYSA",
        "last_position_epoch": 1764749820,
        "last_position_UTC": "2025-12-03T08:17:00Z"
      },
      {
        "lat": 33.66114,
        "lon": 126.46547,
        "speed": 14,
        "course": 261,
        "heading": 267,
        "destination": "CNYSA",
        "last_position_epoch": 1764746220,
        "last_position_UTC": "2025-12-03T07:17:00Z"
      },
      {
        "lat": 33.678108,
        "lon": 126.55531,
        "speed": 13.1,
        "course": 251,
        "heading": 262,
        "destination": "CNYSA",
        "last_position_epoch": 1764744480,
        "last_position_UTC": "2025-12-03T06:48:00Z"
      },
      {
        "lat": 33.737648,
        "lon": 126.82385,
        "speed": 14.1,
        "course": 256,
        "heading": 262,
        "destination": "CNYSA",
        "last_position_epoch": 1764741000,
        "last_position_UTC": "2025-12-03T05:50:00Z"
      },
      {
        "lat": 33.76606,
        "lon": 126.96148,
        "speed": 13.8,
        "course": 255,
        "heading": 264,
        "destination": "CNYSA",
        "last_position_epoch": 1764739140,
        "last_position_UTC": "2025-12-03T05:19:00Z"
      },
      {
        "lat": 33.792,
        "lon": 127.09072,
        "speed": 13.6,
        "course": 256,
        "heading": 264,
        "destination": "CNYSA",
        "last_position_epoch": 1764737460,
        "last_position_UTC": "2025-12-03T04:51:00Z"
      },
      {
        "lat": 34.223473,
        "lon": 128.09483,
        "speed": 14.3,
        "course": 234,
        "heading": null,
        "destination": "CNYSA",
        "last_position_epoch": 1764722820,
        "last_position_UTC": "2025-12-03T00:47:00Z"
      },
      {
        "lat": 34.359798,
        "lon": 128.31767,
        "speed": 13.8,
        "course": 233,
        "heading": null,
        "destination": "CNYSA",
        "last_position_epoch": 1764719340,
        "last_position_UTC": "2025-12-02T23:49:00Z"
      },
      {
        "lat": 34.424389,
        "lon": 128.42799,
        "speed": 13.6,
        "course": 238,
        "heading": null,
        "destination": "CNYSA",
        "last_position_epoch": 1764717600,
        "last_position_UTC": "2025-12-02T23:20:00Z"
      },
      {
        "lat": 34.507118,
        "lon": 128.54918,
        "speed": 14.6,
        "course": 229,
        "heading": 233,
        "destination": "CNYSA",
        "last_position_epoch": 1764715680,
        "last_position_UTC": "2025-12-02T22:48:00Z"
      },
      {
        "lat": 34.573341,
        "lon": 128.64288,
        "speed": 14.5,
        "course": 230,
        "heading": 231,
        "destination": "CNYSA",
        "last_position_epoch": 1764713820,
        "last_position_UTC": "2025-12-02T22:17:00Z"
      },
      {
        "lat": 34.64024,
        "lon": 128.7618,
        "speed": 13.8,
        "course": 247,
        "heading": 247,
        "destination": "CNYSA",
        "last_position_epoch": 1764712020,
        "last_position_UTC": "2025-12-02T21:47:00Z"
      },
      {
        "lat": 34.694296666666666,
        "lon": 128.83969166666665,
        "speed": 14.6,
        "course": 198.3,
        "heading": 202,
        "destination": "CNYSA",
        "last_position_epoch": 1764710574,
        "last_position_UTC": "2025-12-02T21:22:54Z"
      },
      {
        "lat": 34.75626166666667,
        "lon": 128.85217833333334,
        "speed": 15.1,
        "course": 184.3,
        "heading": 186,
        "destination": "CNYSA",
        "last_position_epoch": 1764709674,
        "last_position_UTC": "2025-12-02T21:07:54Z"
      },
      {
        "lat": 34.885895,
        "lon": 128.85483833333333,
        "speed": 15.8,
        "course": 175.1,
        "heading": 178,
        "destination": "CNYSA",
        "last_position_epoch": 1764707874,
        "last_position_UTC": "2025-12-02T20:37:54Z"
      },
      {
        "lat": 35.040169,
        "lon": 128.77939,
        "speed": 10,
        "course": 169,
        "heading": 169,
        "destination": "CNYSA",
        "last_position_epoch": 1764705060,
        "last_position_UTC": "2025-12-02T19:51:00Z"
      },
      {
        "lat": 35.076389,
        "lon": 128.79605,
        "speed": 1.1,
        "course": 166,
        "heading": 83,
        "destination": "KRPUS",
        "last_position_epoch": 1764703200,
        "last_position_UTC": "2025-12-02T19:20:00Z"
      },
      {
        "lat": 35.077259,
        "lon": 128.79567,
        "speed": 0,
        "course": 35,
        "heading": 90,
        "destination": "KRPUS",
        "last_position_epoch": 1764701460,
        "last_position_UTC": "2025-12-02T18:51:00Z"
      },
      {
        "lat": 35.077213,
        "lon": 128.79567,
        "speed": 0,
        "course": 35,
        "heading": 90,
        "destination": "KRPUS",
        "last_position_epoch": 1764699540,
        "last_position_UTC": "2025-12-02T18:19:00Z"
      },
      {
        "lat": 35.077236,
        "lon": 128.79568,
        "speed": 0,
        "course": 35,
        "heading": 90,
        "destination": "KRPUS",
        "last_position_epoch": 1764697800,
        "last_position_UTC": "2025-12-02T17:50:00Z"
      },
      {
        "lat": 35.077232,
        "lon": 128.7957,
        "speed": 0,
        "course": 35,
        "heading": 91,
        "destination": "KRPUS",
        "last_position_epoch": 1764696120,
        "last_position_UTC": "2025-12-02T17:22:00Z"
      },
      {
        "lat": 35.077221,
        "lon": 128.79567,
        "speed": 0,
        "course": 35,
        "heading": 90,
        "destination": "KRPUS",
        "last_position_epoch": 1764694320,
        "last_position_UTC": "2025-12-02T16:52:00Z"
      },
      {
        "lat": 35.077229,
        "lon": 128.79565,
        "speed": 0,
        "course": 35,
        "heading": 90,
        "destination": "KRPUS",
        "last_position_epoch": 1764692340,
        "last_position_UTC": "2025-12-02T16:19:00Z"
      },
      {
        "lat": 35.077209,
        "lon": 128.79567,
        "speed": 0,
        "course": 35,
        "heading": 90,
        "destination": "KRPUS",
        "last_position_epoch": 1764690540,
        "last_position_UTC": "2025-12-02T15:49:00Z"
      },
      {
        "lat": 35.077206,
        "lon": 128.7957,
        "speed": 0,
        "course": 35,
        "heading": 90,
        "destination": "KRPUS",
        "last_position_epoch": 1764688620,
        "last_position_UTC": "2025-12-02T15:17:00Z"
      },
      {
        "lat": 35.077229,
        "lon": 128.79568,
        "speed": 0,
        "course": 35,
        "heading": 90,
        "destination": "KRPUS",
        "last_position_epoch": 1764685200,
        "last_position_UTC": "2025-12-02T14:20:00Z"
      },
      {
        "lat": 35.077232,
        "lon": 128.7957,
        "speed": 0,
        "course": 35,
        "heading": 90,
        "destination": "KRPUS",
        "last_position_epoch": 1764683220,
        "last_position_UTC": "2025-12-02T13:47:00Z"
      },
      {
        "lat": 35.077168,
        "lon": 128.79578,
        "speed": 0,
        "course": 35,
        "heading": 90,
        "destination": "KRPUS",
        "last_position_epoch": 1764681720,
        "last_position_UTC": "2025-12-02T13:22:00Z"
      },
      {
        "lat": 35.077251,
        "lon": 128.79564,
        "speed": 0,
        "course": 35,
        "heading": 90,
        "destination": "KRPUS",
        "last_position_epoch": 1764679980,
        "last_position_UTC": "2025-12-02T12:53:00Z"
      },
      {
        "lat": 35.077236,
        "lon": 128.7957,
        "speed": 0,
        "course": 35,
        "heading": 90,
        "destination": "KRPUS",
        "last_position_epoch": 1764678120,
        "last_position_UTC": "2025-12-02T12:22:00Z"
      },
      {
        "lat": 35.077217,
        "lon": 128.79567,
        "speed": 0,
        "course": 35,
        "heading": 90,
        "destination": "KRPUS",
        "last_position_epoch": 1764676200,
        "last_position_UTC": "2025-12-02T11:50:00Z"
      },
      {
        "lat": 35.077187,
        "lon": 128.79567,
        "speed": 0,
        "course": 35,
        "heading": 90,
        "destination": "KRPUS",
        "last_position_epoch": 1764674340,
        "last_position_UTC": "2025-12-02T11:19:00Z"
      },
      {
        "lat": 35.077221,
        "lon": 128.79565,
        "speed": 0,
        "course": 35,
        "heading": 90,
        "destination": "KRPUS",
        "last_position_epoch": 1764672600,
        "last_position_UTC": "2025-12-02T10:50:00Z"
      },
      {
        "lat": 35.077198,
        "lon": 128.7957,
        "speed": 0,
        "course": 35,
        "heading": 90,
        "destination": "KRPUS",
        "last_position_epoch": 1764670800,
        "last_position_UTC": "2025-12-02T10:20:00Z"
      },
      {
        "lat": 35.07724,
        "lon": 128.79565,
        "speed": 0,
        "course": 35,
        "heading": 90,
        "destination": "KRPUS",
        "last_position_epoch": 1764669000,
        "last_position_UTC": "2025-12-02T09:50:00Z"
      },
      {
        "lat": 35.077213,
        "lon": 128.79573,
        "speed": 0,
        "course": 35,
        "heading": 90,
        "destination": "KRPUS",
        "last_position_epoch": 1764667380,
        "last_position_UTC": "2025-12-02T09:23:00Z"
      },
      {
        "lat": 35.077206,
        "lon": 128.79579,
        "speed": 0,
        "course": 35,
        "heading": 90,
        "destination": "KRPUS",
        "last_position_epoch": 1764665280,
        "last_position_UTC": "2025-12-02T08:48:00Z"
      },
      {
        "lat": 35.077179,
        "lon": 128.79561,
        "speed": 0,
        "course": 35,
        "heading": 90,
        "destination": "KRPUS",
        "last_position_epoch": 1764663660,
        "last_position_UTC": "2025-12-02T08:21:00Z"
      },
      {
        "lat": 35.077217,
        "lon": 128.7957,
        "speed": 0,
        "course": 35,
        "heading": 90,
        "destination": "KRPUS",
        "last_position_epoch": 1764661680,
        "last_position_UTC": "2025-12-02T07:48:00Z"
      },
      {
        "lat": 35.077278,
        "lon": 128.79568,
        "speed": 0,
        "course": 35,
        "heading": 90,
        "destination": "KRPUS",
        "last_position_epoch": 1764660000,
        "last_position_UTC": "2025-12-02T07:20:00Z"
      },
      {
        "lat": 35.077225,
        "lon": 128.79572,
        "speed": 0,
        "course": 35,
        "heading": 90,
        "destination": "KRPUS",
        "last_position_epoch": 1764658260,
        "last_position_UTC": "2025-12-02T06:51:00Z"
      },
      {
        "lat": 35.077232,
        "lon": 128.79565,
        "speed": 0,
        "course": 35,
        "heading": 90,
        "destination": "KRPUS",
        "last_position_epoch": 1764656220,
        "last_position_UTC": "2025-12-02T06:17:00Z"
      },
      {
        "lat": 35.077187,
        "lon": 128.79572,
        "speed": 0,
        "course": 35,
        "heading": 90,
        "destination": "KRPUS",
        "last_position_epoch": 1764652680,
        "last_position_UTC": "2025-12-02T05:18:00Z"
      },
      {
        "lat": 35.077274,
        "lon": 128.79565,
        "speed": 0,
        "course": 35,
        "heading": 90,
        "destination": "KRPUS",
        "last_position_epoch": 1764651000,
        "last_position_UTC": "2025-12-02T04:50:00Z"
      },
      {
        "lat": 35.077267,
        "lon": 128.79564,
        "speed": 0,
        "course": 35,
        "heading": 90,
        "destination": "KRPUS",
        "last_position_epoch": 1764649200,
        "last_position_UTC": "2025-12-02T04:20:00Z"
      },
      {
        "lat": 35.077259,
        "lon": 128.79568,
        "speed": 0,
        "course": 35,
        "heading": 90,
        "destination": "KRPUS",
        "last_position_epoch": 1764647520,
        "last_position_UTC": "2025-12-02T03:52:00Z"
      },
      {
        "lat": 35.077206,
        "lon": 128.79568,
        "speed": 0,
        "course": 35,
        "heading": 90,
        "destination": "KRPUS",
        "last_position_epoch": 1764645540,
        "last_position_UTC": "2025-12-02T03:19:00Z"
      },
      {
        "lat": 35.077209,
        "lon": 128.79565,
        "speed": 0,
        "course": 35,
        "heading": 90,
        "destination": "KRPUS",
        "last_position_epoch": 1764643980,
        "last_position_UTC": "2025-12-02T02:53:00Z"
      },
      {
        "lat": 35.077213,
        "lon": 128.79562,
        "speed": 0,
        "course": 0,
        "heading": 90,
        "destination": "KRPUS",
        "last_position_epoch": 1764642170,
        "last_position_UTC": "2025-12-02T02:22:50Z"
      },
      {
        "lat": 35.077229,
        "lon": 128.79572,
        "speed": 0,
        "course": 35,
        "heading": 90,
        "destination": "KRPUS",
        "last_position_epoch": 1764640080,
        "last_position_UTC": "2025-12-02T01:48:00Z"
      },
      {
        "lat": 35.077213,
        "lon": 128.79565,
        "speed": 0,
        "course": 35,
        "heading": 90,
        "destination": "KRPUS",
        "last_position_epoch": 1764638460,
        "last_position_UTC": "2025-12-02T01:21:00Z"
      },
      {
        "lat": 35.077232,
        "lon": 128.79565,
        "speed": 0,
        "course": 35,
        "heading": 90,
        "destination": "KRPUS",
        "last_position_epoch": 1764636720,
        "last_position_UTC": "2025-12-02T00:52:00Z"
      },
      {
        "lat": 35.077229,
        "lon": 128.79567,
        "speed": 0,
        "course": 35,
        "heading": 90,
        "destination": "KRPUS",
        "last_position_epoch": 1764634920,
        "last_position_UTC": "2025-12-02T00:22:00Z"
      },
      {
        "lat": 35.077225,
        "lon": 128.79573,
        "speed": 0,
        "course": 35,
        "heading": 90,
        "destination": "KRPUS",
        "last_position_epoch": 1764633000,
        "last_position_UTC": "2025-12-01T23:50:00Z"
      },
      {
        "lat": 35.077255,
        "lon": 128.7957,
        "speed": 0,
        "course": 35,
        "heading": 90,
        "destination": "KRPUS",
        "last_position_epoch": 1764631260,
        "last_position_UTC": "2025-12-01T23:21:00Z"
      },
      {
        "lat": 35.077232,
        "lon": 128.7957,
        "speed": 0,
        "course": 35,
        "heading": 90,
        "destination": "KRPUS",
        "last_position_epoch": 1764629580,
        "last_position_UTC": "2025-12-01T22:53:00Z"
      },
      {
        "lat": 35.077187,
        "lon": 128.79567,
        "speed": 0,
        "course": 35,
        "heading": 90,
        "destination": "KRPUS",
        "last_position_epoch": 1764627780,
        "last_position_UTC": "2025-12-01T22:23:00Z"
      },
      {
        "lat": 35.07724,
        "lon": 128.7957,
        "speed": 0,
        "course": 35,
        "heading": 90,
        "destination": "KRPUS",
        "last_position_epoch": 1764625860,
        "last_position_UTC": "2025-12-01T21:51:00Z"
      },
      {
        "lat": 35.077183,
        "lon": 128.79572,
        "speed": 0,
        "course": 35,
        "heading": 90,
        "destination": "KRPUS",
        "last_position_epoch": 1764623820,
        "last_position_UTC": "2025-12-01T21:17:00Z"
      },
      {
        "lat": 35.077179,
        "lon": 128.79572,
        "speed": 0,
        "course": 35,
        "heading": 91,
        "destination": "KRPUS",
        "last_position_epoch": 1764622140,
        "last_position_UTC": "2025-12-01T20:49:00Z"
      },
      {
        "lat": 35.077152,
        "lon": 128.79568,
        "speed": 0,
        "course": 35,
        "heading": 90,
        "destination": "KRPUS",
        "last_position_epoch": 1764620520,
        "last_position_UTC": "2025-12-01T20:22:00Z"
      },
      {
        "lat": 35.07729,
        "lon": 128.79559,
        "speed": 0,
        "course": 35,
        "heading": 90,
        "destination": "KRPUS",
        "last_position_epoch": 1764618660,
        "last_position_UTC": "2025-12-01T19:51:00Z"
      },
      {
        "lat": 35.077244,
        "lon": 128.7957,
        "speed": 0,
        "course": 35,
        "heading": 90,
        "destination": "KRPUS",
        "last_position_epoch": 1764616860,
        "last_position_UTC": "2025-12-01T19:21:00Z"
      },
      {
        "lat": 35.077232,
        "lon": 128.79567,
        "speed": 0,
        "course": 35,
        "heading": 91,
        "destination": "KRPUS",
        "last_position_epoch": 1764615060,
        "last_position_UTC": "2025-12-01T18:51:00Z"
      },
      {
        "lat": 35.077229,
        "lon": 128.79568,
        "speed": 0,
        "course": 35,
        "heading": 90,
        "destination": "KRPUS",
        "last_position_epoch": 1764611340,
        "last_position_UTC": "2025-12-01T17:49:00Z"
      },
      {
        "lat": 35.077152,
        "lon": 128.79568,
        "speed": 0,
        "course": 35,
        "heading": 91,
        "destination": "KRPUS",
        "last_position_epoch": 1764609840,
        "last_position_UTC": "2025-12-01T17:24:00Z"
      },
      {
        "lat": 35.077267,
        "lon": 128.79564,
        "speed": 0,
        "course": 35,
        "heading": 91,
        "destination": "KRPUS",
        "last_position_epoch": 1764607800,
        "last_position_UTC": "2025-12-01T16:50:00Z"
      },
      {
        "lat": 35.077229,
        "lon": 128.79572,
        "speed": 0,
        "course": 35,
        "heading": 91,
        "destination": "KRPUS",
        "last_position_epoch": 1764606060,
        "last_position_UTC": "2025-12-01T16:21:00Z"
      },
      {
        "lat": 35.077221,
        "lon": 128.7957,
        "speed": 0,
        "course": 35,
        "heading": 91,
        "destination": "KRPUS",
        "last_position_epoch": 1764604320,
        "last_position_UTC": "2025-12-01T15:52:00Z"
      },
      {
        "lat": 35.077236,
        "lon": 128.79568,
        "speed": 0,
        "course": 35,
        "heading": 90,
        "destination": "KRPUS",
        "last_position_epoch": 1764602580,
        "last_position_UTC": "2025-12-01T15:23:00Z"
      },
      {
        "lat": 35.077259,
        "lon": 128.7957,
        "speed": 0,
        "course": 35,
        "heading": 91,
        "destination": "KRPUS",
        "last_position_epoch": 1764600600,
        "last_position_UTC": "2025-12-01T14:50:00Z"
      },
      {
        "lat": 35.075325,
        "lon": 128.79274,
        "speed": 1.2,
        "course": 37,
        "heading": 32,
        "destination": "KRPUS",
        "last_position_epoch": 1764599303,
        "last_position_UTC": "2025-12-01T14:28:23Z"
      },
      {
        "lat": 34.986927,
        "lon": 128.81065,
        "speed": 8.8,
        "course": 336,
        "heading": 337,
        "destination": "KRPUS",
        "last_position_epoch": 1764597120,
        "last_position_UTC": "2025-12-01T13:52:00Z"
      },
      {
        "lat": 34.970551666666665,
        "lon": 128.81940166666666,
        "speed": 9,
        "course": 334.3,
        "heading": 336,
        "destination": "KRPUS",
        "last_position_epoch": 1764596241,
        "last_position_UTC": "2025-12-01T13:37:21Z"
      },
      {
        "lat": 34.90916333333333,
        "lon": 128.86095166666667,
        "speed": 7.6,
        "course": 334.4,
        "heading": 329,
        "destination": "KRPUS",
        "last_position_epoch": 1764594760,
        "last_position_UTC": "2025-12-01T13:12:40Z"
      },
      {
        "lat": 34.82528666666666,
        "lon": 128.87808333333334,
        "speed": 9.5,
        "course": 4.6,
        "heading": 0,
        "destination": "KRPUS",
        "last_position_epoch": 1764592652,
        "last_position_UTC": "2025-12-01T12:37:32Z"
      },
      {
        "lat": 34.750445,
        "lon": 128.87339666666668,
        "speed": 10.9,
        "course": 1.3,
        "heading": 359,
        "destination": "KRPUS",
        "last_position_epoch": 1764591161,
        "last_position_UTC": "2025-12-01T12:12:41Z"
      },
      {
        "lat": 34.64254666666667,
        "lon": 128.87156666666667,
        "speed": 11.3,
        "course": 3.1,
        "heading": 0,
        "destination": "KRPUS",
        "last_position_epoch": 1764589051,
        "last_position_UTC": "2025-12-01T11:37:31Z"
      },
      {
        "lat": 34.544846666666665,
        "lon": 128.85627,
        "speed": 11.1,
        "course": 10.1,
        "heading": 8,
        "destination": "KRPUS",
        "last_position_epoch": 1764587151,
        "last_position_UTC": "2025-12-01T11:05:51Z"
      },
      {
        "lat": 34.392529,
        "lon": 128.82649,
        "speed": 11.1,
        "course": 4,
        "heading": 0,
        "destination": "KRPUS",
        "last_position_epoch": 1764584460,
        "last_position_UTC": "2025-12-01T10:21:00Z"
      },
      {
        "lat": 34.304359,
        "lon": 128.78499,
        "speed": 11,
        "course": 36,
        "heading": 39,
        "destination": "KRPUS",
        "last_position_epoch": 1764582660,
        "last_position_UTC": "2025-12-01T09:51:00Z"
      },
      {
        "lat": 33.987705,
        "lon": 128.51517,
        "speed": 10.6,
        "course": 29,
        "heading": 23,
        "destination": "KRPUS",
        "last_position_epoch": 1764575220,
        "last_position_UTC": "2025-12-01T07:47:00Z"
      },
      {
        "lat": 33.937752,
        "lon": 128.47043,
        "speed": 11.1,
        "course": 39,
        "heading": 29,
        "destination": "KRPUS",
        "last_position_epoch": 1764573480,
        "last_position_UTC": "2025-12-01T07:18:00Z"
      },
      {
        "lat": 33.865723,
        "lon": 128.39871,
        "speed": 11.1,
        "course": 39,
        "heading": 34,
        "destination": "KRPUS",
        "last_position_epoch": 1764571740,
        "last_position_UTC": "2025-12-01T06:49:00Z"
      },
      {
        "lat": 33.713467,
        "lon": 128.26245,
        "speed": 11.3,
        "course": 35,
        "heading": 30,
        "destination": "KRPUS",
        "last_position_epoch": 1764568200,
        "last_position_UTC": "2025-12-01T05:50:00Z"
      },
      {
        "lat": 33.631313,
        "lon": 128.21082,
        "speed": 11.1,
        "course": 25,
        "heading": 22,
        "destination": "KRPUS",
        "last_position_epoch": 1764566400,
        "last_position_UTC": "2025-12-01T05:20:00Z"
      },
      {
        "lat": 33.547905,
        "lon": 128.15433,
        "speed": 12.1,
        "course": 41,
        "heading": 33,
        "destination": "KRPUS",
        "last_position_epoch": 1764564660,
        "last_position_UTC": "2025-12-01T04:51:00Z"
      },
      {
        "lat": 33.466862,
        "lon": 128.08429,
        "speed": 11.1,
        "course": 33,
        "heading": 27,
        "destination": "KRPUS",
        "last_position_epoch": 1764562860,
        "last_position_UTC": "2025-12-01T04:21:00Z"
      },
      {
        "lat": 33.385815,
        "lon": 128.02263,
        "speed": 11.3,
        "course": 33,
        "heading": 27,
        "destination": "KRPUS",
        "last_position_epoch": 1764561120,
        "last_position_UTC": "2025-12-01T03:52:00Z"
      },
      {
        "lat": 33.295406,
        "lon": 127.9546,
        "speed": 12.1,
        "course": 28,
        "heading": 24,
        "destination": "KRPUS",
        "last_position_epoch": 1764559320,
        "last_position_UTC": "2025-12-01T03:22:00Z"
      },
      {
        "lat": 33.242748,
        "lon": 127.91661,
        "speed": 9.5,
        "course": 31,
        "heading": 24,
        "destination": "KRPUS",
        "last_position_epoch": 1764557520,
        "last_position_UTC": "2025-12-01T02:52:00Z"
      },
      {
        "lat": 33.172756,
        "lon": 127.8672,
        "speed": 10.6,
        "course": 29,
        "heading": 22,
        "destination": "KRPUS",
        "last_position_epoch": 1764555720,
        "last_position_UTC": "2025-12-01T02:22:00Z"
      },
      {
        "lat": 33.053658,
        "lon": 127.79503,
        "speed": 17.1,
        "course": 25,
        "heading": 23,
        "destination": "KRPUS",
        "last_position_epoch": 1764553920,
        "last_position_UTC": "2025-12-01T01:52:00Z"
      },
      {
        "lat": 32.923321,
        "lon": 127.71881,
        "speed": 17.1,
        "course": 26,
        "heading": 23,
        "destination": "KRPUS",
        "last_position_epoch": 1764552180,
        "last_position_UTC": "2025-12-01T01:23:00Z"
      },
      {
        "lat": 32.787926,
        "lon": 127.6418,
        "speed": 17.1,
        "course": 24,
        "heading": 23,
        "destination": "KRPUS",
        "last_position_epoch": 1764550260,
        "last_position_UTC": "2025-12-01T00:51:00Z"
      },
      {
        "lat": 32.517372,
        "lon": 127.48352,
        "speed": 17.6,
        "course": 59,
        "heading": 55,
        "destination": "KRPUS",
        "last_position_epoch": 1764546600,
        "last_position_UTC": "2025-11-30T23:50:00Z"
      },
      {
        "lat": 32.494106,
        "lon": 127.43205,
        "speed": 17.6,
        "course": 61,
        "heading": 38,
        "destination": "KRPUS",
        "last_position_epoch": 1764545517,
        "last_position_UTC": "2025-11-30T23:31:57Z"
      },
      {
        "lat": 32.337917,
        "lon": 127.22839,
        "speed": 17.5,
        "course": 31,
        "heading": 31,
        "destination": "KRPUS",
        "last_position_epoch": 1764543060,
        "last_position_UTC": "2025-11-30T22:51:00Z"
      },
      {
        "lat": 32.187588,
        "lon": 127.13966,
        "speed": 18.1,
        "course": 31,
        "heading": 32,
        "destination": "KRPUS",
        "last_position_epoch": 1764541320,
        "last_position_UTC": "2025-11-30T22:22:00Z"
      },
      {
        "lat": 32.113762,
        "lon": 127.04228,
        "speed": 17.8,
        "course": 31,
        "heading": 33,
        "destination": "KRPUS",
        "last_position_epoch": 1764539520,
        "last_position_UTC": "2025-11-30T21:52:00Z"
      },
      {
        "lat": 31.832897,
        "lon": 126.86776,
        "speed": 18.1,
        "course": 40,
        "heading": 42,
        "destination": "KRPUS",
        "last_position_epoch": 1764535800,
        "last_position_UTC": "2025-11-30T20:50:00Z"
      },
      {
        "lat": 31.70986,
        "lon": 126.7632,
        "speed": 18.3,
        "course": 36,
        "heading": 38,
        "destination": "KRPUS",
        "last_position_epoch": 1764534060,
        "last_position_UTC": "2025-11-30T20:21:00Z"
      },
      {
        "lat": 31.578024,
        "lon": 126.66072,
        "speed": 18.2,
        "course": 31,
        "heading": 33,
        "destination": "KRPUS",
        "last_position_epoch": 1764532260,
        "last_position_UTC": "2025-11-30T19:51:00Z"
      },
      {
        "lat": 31.459173,
        "lon": 126.5454,
        "speed": 18.2,
        "course": 33,
        "heading": 35,
        "destination": "KRPUS",
        "last_position_epoch": 1764530400,
        "last_position_UTC": "2025-11-30T19:20:00Z"
      },
      {
        "lat": 31.3606,
        "lon": 126.48491,
        "speed": 18,
        "course": 25,
        "heading": 27,
        "destination": "KRPUS",
        "last_position_epoch": 1764528600,
        "last_position_UTC": "2025-11-30T18:50:00Z"
      },
      {
        "lat": 31.197294,
        "lon": 126.41609,
        "speed": 18.2,
        "course": 19,
        "heading": 21,
        "destination": "KRPUS",
        "last_position_epoch": 1764526860,
        "last_position_UTC": "2025-11-30T18:21:00Z"
      },
      {
        "lat": 31.043663,
        "lon": 126.34071,
        "speed": 18.5,
        "course": 37,
        "heading": 38,
        "destination": "KRPUS",
        "last_position_epoch": 1764525000,
        "last_position_UTC": "2025-11-30T17:50:00Z"
      },
      {
        "lat": 30.943186,
        "lon": 126.25848,
        "speed": 18,
        "course": 30,
        "heading": 31,
        "destination": "KRPUS",
        "last_position_epoch": 1764523260,
        "last_position_UTC": "2025-11-30T17:21:00Z"
      },
      {
        "lat": 30.800592,
        "lon": 126.16012,
        "speed": 18,
        "course": 35,
        "heading": 36,
        "destination": "KRPUS",
        "last_position_epoch": 1764521460,
        "last_position_UTC": "2025-11-30T16:51:00Z"
      },
      {
        "lat": 27.830959,
        "lon": 124.21001,
        "speed": 18.7,
        "course": 34,
        "heading": null,
        "destination": "KRPUS",
        "last_position_epoch": 1764481860,
        "last_position_UTC": "2025-11-30T05:51:00Z"
      },
      {
        "lat": 26.88908,
        "lon": 123.62884,
        "speed": 18.1,
        "course": 26,
        "heading": null,
        "destination": "KRPUS",
        "last_position_epoch": 1764469080,
        "last_position_UTC": "2025-11-30T02:18:00Z"
      },
      {
        "lat": 26.797926,
        "lon": 123.57854,
        "speed": 18.2,
        "course": 26,
        "heading": null,
        "destination": "KRPUS",
        "last_position_epoch": 1764467400,
        "last_position_UTC": "2025-11-30T01:50:00Z"
      },
      {
        "lat": 26.654463,
        "lon": 123.46584,
        "speed": 18.2,
        "course": 37,
        "heading": null,
        "destination": "KRPUS",
        "last_position_epoch": 1764465480,
        "last_position_UTC": "2025-11-30T01:18:00Z"
      },
      {
        "lat": 26.523846,
        "lon": 123.36408,
        "speed": 18.2,
        "course": 34,
        "heading": null,
        "destination": "KRPUS",
        "last_position_epoch": 1764463620,
        "last_position_UTC": "2025-11-30T00:47:00Z"
      },
      {
        "lat": 26.399448,
        "lon": 123.27456,
        "speed": 18.5,
        "course": 31,
        "heading": null,
        "destination": "KRPUS",
        "last_position_epoch": 1764462060,
        "last_position_UTC": "2025-11-30T00:21:00Z"
      },
      {
        "lat": 26.311312,
        "lon": 123.21561,
        "speed": 18.7,
        "course": 30,
        "heading": null,
        "destination": "KRPUS",
        "last_position_epoch": 1764460380,
        "last_position_UTC": "2025-11-29T23:53:00Z"
      },
      {
        "lat": 25.990204,
        "lon": 123.00314,
        "speed": 18.7,
        "course": 31,
        "heading": null,
        "destination": "KRPUS",
        "last_position_epoch": 1764456600,
        "last_position_UTC": "2025-11-29T22:50:00Z"
      },
      {
        "lat": 25.891272,
        "lon": 122.93642,
        "speed": 18.7,
        "course": 31,
        "heading": null,
        "destination": "KRPUS",
        "last_position_epoch": 1764454860,
        "last_position_UTC": "2025-11-29T22:21:00Z"
      },
      {
        "lat": 25.696213,
        "lon": 122.80393,
        "speed": 18.7,
        "course": 32,
        "heading": null,
        "destination": "KRPUS",
        "last_position_epoch": 1764453000,
        "last_position_UTC": "2025-11-29T21:50:00Z"
      },
      {
        "lat": 25.637489,
        "lon": 122.76371,
        "speed": 18.8,
        "course": 29,
        "heading": null,
        "destination": "KRPUS",
        "last_position_epoch": 1764451380,
        "last_position_UTC": "2025-11-29T21:23:00Z"
      },
      {
        "lat": 25.49283,
        "lon": 122.67196,
        "speed": 18.7,
        "course": 31,
        "heading": null,
        "destination": "KRPUS",
        "last_position_epoch": 1764449340,
        "last_position_UTC": "2025-11-29T20:49:00Z"
      },
      {
        "lat": 25.335268,
        "lon": 122.56094,
        "speed": 18.3,
        "course": 31,
        "heading": null,
        "destination": "KRPUS",
        "last_position_epoch": 1764447420,
        "last_position_UTC": "2025-11-29T20:17:00Z"
      },
      {
        "lat": 25.25962,
        "lon": 122.50735666666667,
        "speed": 18.2,
        "course": 32.4,
        "heading": 40,
        "destination": "KRPUS",
        "last_position_epoch": 1764446097,
        "last_position_UTC": "2025-11-29T19:54:57Z"
      },
      {
        "lat": 25.139841666666666,
        "lon": 122.43186166666666,
        "speed": 18.5,
        "course": 19.3,
        "heading": 25,
        "destination": "KRPUS",
        "last_position_epoch": 1764444477,
        "last_position_UTC": "2025-11-29T19:27:57Z"
      },
      {
        "lat": 25.05988333333333,
        "lon": 122.40204166666666,
        "speed": 18.6,
        "course": 17.3,
        "heading": 21,
        "destination": "KRPUS",
        "last_position_epoch": 1764443507,
        "last_position_UTC": "2025-11-29T19:11:47Z"
      },
      {
        "lat": 24.915441666666666,
        "lon": 122.35224333333333,
        "speed": 18.6,
        "course": 15.6,
        "heading": 20,
        "destination": "KRPUS",
        "last_position_epoch": 1764441766,
        "last_position_UTC": "2025-11-29T18:42:46Z"
      },
      {
        "lat": 24.763493333333333,
        "lon": 122.30995,
        "speed": 18.6,
        "course": 11.1,
        "heading": 13,
        "destination": "KRPUS",
        "last_position_epoch": 1764439977,
        "last_position_UTC": "2025-11-29T18:12:57Z"
      },
      {
        "lat": 24.585603333333335,
        "lon": 122.263035,
        "speed": 19.2,
        "course": 15.4,
        "heading": 13,
        "destination": "KRPUS",
        "last_position_epoch": 1764437865,
        "last_position_UTC": "2025-11-29T17:37:45Z"
      },
      {
        "lat": 24.45737,
        "lon": 122.228725,
        "speed": 18.8,
        "course": 12.4,
        "heading": 11,
        "destination": "KRPUS",
        "last_position_epoch": 1764436377,
        "last_position_UTC": "2025-11-29T17:12:57Z"
      },
      {
        "lat": 24.29517,
        "lon": 122.19442666666667,
        "speed": 19,
        "course": 10.1,
        "heading": 12,
        "destination": "KRPUS",
        "last_position_epoch": 1764434499,
        "last_position_UTC": "2025-11-29T16:41:39Z"
      },
      {
        "lat": 23.963261,
        "lon": 122.09666,
        "speed": 18.2,
        "course": 13,
        "heading": null,
        "destination": "KRPUS",
        "last_position_epoch": 1764431220,
        "last_position_UTC": "2025-11-29T15:47:00Z"
      }
    ]
  },
  "meta": {
    "duration": 0.015473515,
    "endpoint": "/api/v0/vessel_history",
    "success": true
  }
}