{
  "data": {
    "uuid": "5cf81aa5-e73a-4a1d-92d0-3afbb7b11c10",
    "name": "HYUNDAI MARS",
    "mmsi": "232024773",
    "imo": "9725122",
    "eni": null,
    "country_iso": "GB",
    "type": "Cargo - Hazard A (Major)",
    "type_specific": "Container Ship",
    "positions": [
      {
        "lat": -33.645145,
        "lon": 17.108973,
        "speed": 13.1,
        "course": 130,
        "heading": 135,
        "destination": "SGSIN",
        "last_position_epoch": 1764839220,
        "last_position_UTC": "2025-12-04T09:07:00Z"
      },
      {
        "lat": -33.60274166666667,
        "lon": 17.051668333333332,
        "speed": 13.2,
        "course": 132.3,
        "heading": 135,
        "destination": "SGSIN",
        "last_position_epoch": 1764837742,
        "last_position_UTC": "2025-12-04T08:42:22Z"
      },
      {
        "lat": -33.520181666666666,
        "lon": 16.934818333333332,
        "speed": 13.3,
        "course": 129.3,
        "heading": 130,
        "destination": "SGSIN",
        "last_position_epoch": 1764835662,
        "last_position_UTC": "2025-12-04T08:07:42Z"
      },
      {
        "lat": -33.412075,
        "lon": 16.810963,
        "speed": 13.6,
        "course": 138,
        "heading": 137,
        "destination": "SGSIN",
        "last_position_epoch": 1764833340,
        "last_position_UTC": "2025-12-04T07:29:00Z"
      },
      {
        "lat": -33.328644,
        "lon": 16.724594,
        "speed": 13,
        "course": 139,
        "heading": 137,
        "destination": "SGSIN",
        "last_position_epoch": 1764831900,
        "last_position_UTC": "2025-12-04T07:05:00Z"
      },
      {
        "lat": -33.247246,
        "lon": 16.641239,
        "speed": 12.8,
        "course": 139,
        "heading": 139,
        "destination": "SGSIN",
        "last_position_epoch": 1764830160,
        "last_position_UTC": "2025-12-04T06:36:00Z"
      },
      {
        "lat": -33.158134,
        "lon": 16.549824,
        "speed": 13,
        "course": 137,
        "heading": 139,
        "destination": "SGSIN",
        "last_position_epoch": 1764828600,
        "last_position_UTC": "2025-12-04T06:10:00Z"
      },
      {
        "lat": -33.117996,
        "lon": 16.506565,
        "speed": 13,
        "course": 137,
        "heading": 139,
        "destination": "SGSIN",
        "last_position_epoch": 1764826860,
        "last_position_UTC": "2025-12-04T05:41:00Z"
      },
      {
        "lat": -33.026806,
        "lon": 16.406029,
        "speed": 13.1,
        "course": 136,
        "heading": 139,
        "destination": "SGSIN",
        "last_position_epoch": 1764824940,
        "last_position_UTC": "2025-12-04T05:09:00Z"
      },
      {
        "lat": -32.954021,
        "lon": 16.323816,
        "speed": 12.8,
        "course": 133,
        "heading": 137,
        "destination": "SGSIN",
        "last_position_epoch": 1764823020,
        "last_position_UTC": "2025-12-04T04:37:00Z"
      },
      {
        "lat": -32.875847,
        "lon": 16.2283,
        "speed": 13.1,
        "course": 134,
        "heading": 137,
        "destination": "SGSIN",
        "last_position_epoch": 1764821280,
        "last_position_UTC": "2025-12-04T04:08:00Z"
      },
      {
        "lat": -32.811435,
        "lon": 16.15429333333333,
        "speed": 13.2,
        "course": 136.2,
        "heading": 137,
        "destination": "SGSIN",
        "last_position_epoch": 1764819743,
        "last_position_UTC": "2025-12-04T03:42:23Z"
      },
      {
        "lat": -32.677174,
        "lon": 16.006294,
        "speed": 13,
        "course": 138,
        "heading": 136,
        "destination": "SGSIN",
        "last_position_epoch": 1764817680,
        "last_position_UTC": "2025-12-04T03:08:00Z"
      },
      {
        "lat": -32.64954,
        "lon": 15.97749,
        "speed": 13.3,
        "course": 138,
        "heading": 137,
        "destination": "SGSIN",
        "last_position_epoch": 1764816240,
        "last_position_UTC": "2025-12-04T02:44:00Z"
      },
      {
        "lat": -32.564163,
        "lon": 15.885522,
        "speed": 13.8,
        "course": 137,
        "heading": 138,
        "destination": "SGSIN",
        "last_position_epoch": 1764814200,
        "last_position_UTC": "2025-12-04T02:10:00Z"
      },
      {
        "lat": -32.455555,
        "lon": 15.76864,
        "speed": 13.9,
        "course": 136,
        "heading": 140,
        "destination": "SGSIN",
        "last_position_epoch": 1764812024,
        "last_position_UTC": "2025-12-04T01:33:44Z"
      },
      {
        "lat": -32.360863,
        "lon": 15.665648,
        "speed": 13.6,
        "course": 137,
        "heading": 140,
        "destination": "SGSIN",
        "last_position_epoch": 1764810540,
        "last_position_UTC": "2025-12-04T01:09:00Z"
      },
      {
        "lat": -32.275402,
        "lon": 15.575827,
        "speed": 13.6,
        "course": 138,
        "heading": 140,
        "destination": "SGSIN",
        "last_position_epoch": 1764808620,
        "last_position_UTC": "2025-12-04T00:37:00Z"
      },
      {
        "lat": -32.190495,
        "lon": 15.48951,
        "speed": 13.5,
        "course": 139,
        "heading": 140,
        "destination": "SGSIN",
        "last_position_epoch": 1764806340,
        "last_position_UTC": "2025-12-03T23:59:00Z"
      },
      {
        "lat": -32.115253,
        "lon": 15.411193,
        "speed": 13.5,
        "course": 138,
        "heading": 139,
        "destination": "SGSIN",
        "last_position_epoch": 1764805140,
        "last_position_UTC": "2025-12-03T23:39:00Z"
      },
      {
        "lat": -32.050594,
        "lon": 15.3449,
        "speed": 13.3,
        "course": 138,
        "heading": 139,
        "destination": "SGSIN",
        "last_position_epoch": 1764803400,
        "last_position_UTC": "2025-12-03T23:10:00Z"
      },
      {
        "lat": -31.96934,
        "lon": 15.261133333333333,
        "speed": 13.4,
        "course": 139.1,
        "heading": 140,
        "destination": "SGSIN",
        "last_position_epoch": 1764801700,
        "last_position_UTC": "2025-12-03T22:41:40Z"
      },
      {
        "lat": -31.865973,
        "lon": 15.153263,
        "speed": 13.1,
        "course": 138,
        "heading": 139,
        "destination": "SGSIN",
        "last_position_epoch": 1764799680,
        "last_position_UTC": "2025-12-03T22:08:00Z"
      },
      {
        "lat": -31.807175,
        "lon": 15.092371666666667,
        "speed": 13.2,
        "course": 138.3,
        "heading": 139,
        "destination": "SGSIN",
        "last_position_epoch": 1764798161,
        "last_position_UTC": "2025-12-03T21:42:41Z"
      },
      {
        "lat": -31.709766,
        "lon": 14.98957,
        "speed": 13.5,
        "course": 136,
        "heading": 139,
        "destination": "SGSIN",
        "last_position_epoch": 1764796140,
        "last_position_UTC": "2025-12-03T21:09:00Z"
      },
      {
        "lat": -31.59832,
        "lon": 14.866843,
        "speed": 13.3,
        "course": 137,
        "heading": 139,
        "destination": "SGSIN",
        "last_position_epoch": 1764794100,
        "last_position_UTC": "2025-12-03T20:35:00Z"
      },
      {
        "lat": -31.423071,
        "lon": 14.673774,
        "speed": 13.1,
        "course": 136,
        "heading": 139,
        "destination": "SGSIN",
        "last_position_epoch": 1764790140,
        "last_position_UTC": "2025-12-03T19:29:00Z"
      },
      {
        "lat": -31.385817,
        "lon": 14.632011,
        "speed": 13.1,
        "course": 136,
        "heading": 139,
        "destination": "SGSIN",
        "last_position_epoch": 1764788820,
        "last_position_UTC": "2025-12-03T19:07:00Z"
      },
      {
        "lat": -31.209547,
        "lon": 14.43864,
        "speed": 13.1,
        "course": 136,
        "heading": 139,
        "destination": "SGSIN",
        "last_position_epoch": 1764785040,
        "last_position_UTC": "2025-12-03T18:04:00Z"
      },
      {
        "lat": -31.128487,
        "lon": 14.35012,
        "speed": 13.1,
        "course": 136,
        "heading": 139,
        "destination": "SGSIN",
        "last_position_epoch": 1764783420,
        "last_position_UTC": "2025-12-03T17:37:00Z"
      },
      {
        "lat": -31.079775,
        "lon": 14.297288333333332,
        "speed": 13.3,
        "course": 138,
        "heading": 140,
        "destination": "SGSIN",
        "last_position_epoch": 1764781970,
        "last_position_UTC": "2025-12-03T17:12:50Z"
      },
      {
        "lat": -30.986491666666666,
        "lon": 14.199081666666666,
        "speed": 13,
        "course": 137.4,
        "heading": 140,
        "destination": "SGSIN",
        "last_position_epoch": 1764779921,
        "last_position_UTC": "2025-12-03T16:38:41Z"
      },
      {
        "lat": -30.903685,
        "lon": 14.111875,
        "speed": 12.8,
        "course": 138.6,
        "heading": 140,
        "destination": "SGSIN",
        "last_position_epoch": 1764778071,
        "last_position_UTC": "2025-12-03T16:07:51Z"
      },
      {
        "lat": -30.802366,
        "lon": 14.010253,
        "speed": 12.6,
        "course": 142,
        "heading": 145,
        "destination": "SGSIN",
        "last_position_epoch": 1764775980,
        "last_position_UTC": "2025-12-03T15:33:00Z"
      },
      {
        "lat": -30.736923333333333,
        "lon": 13.952345,
        "speed": 12.6,
        "course": 142.8,
        "heading": 145,
        "destination": "SGSIN",
        "last_position_epoch": 1764774420,
        "last_position_UTC": "2025-12-03T15:07:00Z"
      },
      {
        "lat": -30.673246666666667,
        "lon": 13.886798333333333,
        "speed": 12.9,
        "course": 137.6,
        "heading": 140,
        "destination": "SGSIN",
        "last_position_epoch": 1764772980,
        "last_position_UTC": "2025-12-03T14:43:00Z"
      },
      {
        "lat": -30.548786,
        "lon": 13.766026,
        "speed": 12.8,
        "course": 140,
        "heading": 143,
        "destination": "SGSIN",
        "last_position_epoch": 1764770880,
        "last_position_UTC": "2025-12-03T14:08:00Z"
      },
      {
        "lat": -30.507746666666666,
        "lon": 13.727081666666667,
        "speed": 12.8,
        "course": 141,
        "heading": 143,
        "destination": "SGSIN",
        "last_position_epoch": 1764769381,
        "last_position_UTC": "2025-12-03T13:43:01Z"
      },
      {
        "lat": -30.407946666666668,
        "lon": 13.630791666666667,
        "speed": 12.6,
        "course": 140.3,
        "heading": 143,
        "destination": "SGSIN",
        "last_position_epoch": 1764767210,
        "last_position_UTC": "2025-12-03T13:06:50Z"
      },
      {
        "lat": -30.343273333333332,
        "lon": 13.564526666666668,
        "speed": 12.2,
        "course": 136.8,
        "heading": 141,
        "destination": "SGSIN",
        "last_position_epoch": 1764765681,
        "last_position_UTC": "2025-12-03T12:41:21Z"
      },
      {
        "lat": -30.20866,
        "lon": 13.42095,
        "speed": 12.3,
        "course": 134,
        "heading": 138,
        "destination": "SGSIN",
        "last_position_epoch": 1764763620,
        "last_position_UTC": "2025-12-03T12:07:00Z"
      },
      {
        "lat": -30.1837,
        "lon": 13.392208333333333,
        "speed": 12.5,
        "course": 134.5,
        "heading": 138,
        "destination": "SGSIN",
        "last_position_epoch": 1764762140,
        "last_position_UTC": "2025-12-03T11:42:20Z"
      },
      {
        "lat": -30.09582,
        "lon": 13.293516666666667,
        "speed": 13.5,
        "course": 137.4,
        "heading": 139,
        "destination": "SGSIN",
        "last_position_epoch": 1764760080,
        "last_position_UTC": "2025-12-03T11:08:00Z"
      },
      {
        "lat": -30.011658333333333,
        "lon": 13.201313333333333,
        "speed": 13.7,
        "course": 136.5,
        "heading": 138,
        "destination": "SGSIN",
        "last_position_epoch": 1764758240,
        "last_position_UTC": "2025-12-03T10:37:20Z"
      },
      {
        "lat": -29.915701,
        "lon": 13.097653,
        "speed": 13.6,
        "course": 137,
        "heading": 138,
        "destination": "SGSIN",
        "last_position_epoch": 1764756480,
        "last_position_UTC": "2025-12-03T10:08:00Z"
      },
      {
        "lat": -29.859271666666668,
        "lon": 13.038381666666666,
        "speed": 13.6,
        "course": 138,
        "heading": 138,
        "destination": "SGSIN",
        "last_position_epoch": 1764754940,
        "last_position_UTC": "2025-12-03T09:42:20Z"
      },
      {
        "lat": -29.77638,
        "lon": 12.953386666666667,
        "speed": 13.6,
        "course": 139.1,
        "heading": 138,
        "destination": "SGSIN",
        "last_position_epoch": 1764753170,
        "last_position_UTC": "2025-12-03T09:12:50Z"
      },
      {
        "lat": -29.68879,
        "lon": 12.86558,
        "speed": 13.6,
        "course": 138.9,
        "heading": 138,
        "destination": "SGSIN",
        "last_position_epoch": 1764751319,
        "last_position_UTC": "2025-12-03T08:41:59Z"
      },
      {
        "lat": -29.577387,
        "lon": 12.754218,
        "speed": 13.6,
        "course": 138,
        "heading": 138,
        "destination": "SGSIN",
        "last_position_epoch": 1764749280,
        "last_position_UTC": "2025-12-03T08:08:00Z"
      },
      {
        "lat": -29.51974166666667,
        "lon": 12.697313333333334,
        "speed": 13.4,
        "course": 140.1,
        "heading": 138,
        "destination": "SGSIN",
        "last_position_epoch": 1764747759,
        "last_position_UTC": "2025-12-03T07:42:39Z"
      },
      {
        "lat": -29.42095,
        "lon": 12.599408333333333,
        "speed": 13.6,
        "course": 138.2,
        "heading": 138,
        "destination": "SGSIN",
        "last_position_epoch": 1764745677,
        "last_position_UTC": "2025-12-03T07:07:57Z"
      },
      {
        "lat": -29.35009,
        "lon": 12.527551666666668,
        "speed": 13.4,
        "course": 138,
        "heading": 138,
        "destination": "SGSIN",
        "last_position_epoch": 1764744151,
        "last_position_UTC": "2025-12-03T06:42:31Z"
      },
      {
        "lat": -29.258507,
        "lon": 12.436552,
        "speed": 13.5,
        "course": 139,
        "heading": 138,
        "destination": "SGSIN",
        "last_position_epoch": 1764742140,
        "last_position_UTC": "2025-12-03T06:09:00Z"
      },
      {
        "lat": -29.180015,
        "lon": 12.360335,
        "speed": 13.6,
        "course": 139.5,
        "heading": 138,
        "destination": "SGSIN",
        "last_position_epoch": 1764740561,
        "last_position_UTC": "2025-12-03T05:42:41Z"
      },
      {
        "lat": -29.07634,
        "lon": 12.259156666666666,
        "speed": 13.5,
        "course": 138.5,
        "heading": 138,
        "destination": "SGSIN",
        "last_position_epoch": 1764738380,
        "last_position_UTC": "2025-12-03T05:06:20Z"
      },
      {
        "lat": -28.988979,
        "lon": 12.173402,
        "speed": 13.3,
        "course": 139,
        "heading": 139,
        "destination": "SGSIN",
        "last_position_epoch": 1764736740,
        "last_position_UTC": "2025-12-03T04:39:00Z"
      },
      {
        "lat": -28.92403,
        "lon": 12.111603333333333,
        "speed": 13.4,
        "course": 138.2,
        "heading": 139,
        "destination": "SGSIN",
        "last_position_epoch": 1764735170,
        "last_position_UTC": "2025-12-03T04:12:50Z"
      },
      {
        "lat": -28.838835,
        "lon": 12.029641666666667,
        "speed": 13.1,
        "course": 139.2,
        "heading": 139,
        "destination": "SGSIN",
        "last_position_epoch": 1764733367,
        "last_position_UTC": "2025-12-03T03:42:47Z"
      },
      {
        "lat": -28.736534,
        "lon": 11.93023,
        "speed": 13.1,
        "course": 138,
        "heading": 139,
        "destination": "SGSIN",
        "last_position_epoch": 1764731400,
        "last_position_UTC": "2025-12-03T03:10:00Z"
      },
      {
        "lat": -28.65554,
        "lon": 11.85435,
        "speed": 13.3,
        "course": 142,
        "heading": 140,
        "destination": "SGSIN",
        "last_position_epoch": 1764729840,
        "last_position_UTC": "2025-12-03T02:44:00Z"
      },
      {
        "lat": -28.576513,
        "lon": 11.780945,
        "speed": 13.3,
        "course": 141,
        "heading": 140,
        "destination": "SGSIN",
        "last_position_epoch": 1764727980,
        "last_position_UTC": "2025-12-03T02:13:00Z"
      },
      {
        "lat": -28.469339,
        "lon": 11.685093,
        "speed": 13.1,
        "course": 142,
        "heading": 141,
        "destination": "SGSIN",
        "last_position_epoch": 1764726120,
        "last_position_UTC": "2025-12-03T01:42:00Z"
      },
      {
        "lat": -28.392267,
        "lon": 11.615869,
        "speed": 13.1,
        "course": 140,
        "heading": 141,
        "destination": "SGSIN",
        "last_position_epoch": 1764724380,
        "last_position_UTC": "2025-12-03T01:13:00Z"
      },
      {
        "lat": -28.326756666666668,
        "lon": 11.556508333333333,
        "speed": 13.2,
        "course": 140.9,
        "heading": 141,
        "destination": "SGSIN",
        "last_position_epoch": 1764722576,
        "last_position_UTC": "2025-12-03T00:42:56Z"
      },
      {
        "lat": -28.240316666666665,
        "lon": 11.476678333333334,
        "speed": 13,
        "course": 139.5,
        "heading": 141,
        "destination": "SGSIN",
        "last_position_epoch": 1764720755,
        "last_position_UTC": "2025-12-03T00:12:35Z"
      },
      {
        "lat": -28.14682,
        "lon": 11.388395,
        "speed": 13.1,
        "course": 138,
        "heading": 140,
        "destination": "SGSIN",
        "last_position_epoch": 1764718740,
        "last_position_UTC": "2025-12-02T23:39:00Z"
      },
      {
        "lat": -28.046276,
        "lon": 11.289498,
        "speed": 13.1,
        "course": 137,
        "heading": 140,
        "destination": "SGSIN",
        "last_position_epoch": 1764716880,
        "last_position_UTC": "2025-12-02T23:08:00Z"
      },
      {
        "lat": -27.97846,
        "lon": 11.22174,
        "speed": 13.1,
        "course": 138,
        "heading": 140,
        "destination": "SGSIN",
        "last_position_epoch": 1764715020,
        "last_position_UTC": "2025-12-02T22:37:00Z"
      },
      {
        "lat": -27.883448,
        "lon": 11.126884,
        "speed": 13.6,
        "course": 138,
        "heading": 140,
        "destination": "SGSIN",
        "last_position_epoch": 1764713220,
        "last_position_UTC": "2025-12-02T22:07:00Z"
      },
      {
        "lat": -27.796736,
        "lon": 11.042375,
        "speed": 13.8,
        "course": 138,
        "heading": 140,
        "destination": "SGSIN",
        "last_position_epoch": 1764711240,
        "last_position_UTC": "2025-12-02T21:34:00Z"
      },
      {
        "lat": -27.691906,
        "lon": 10.940681,
        "speed": 13.6,
        "course": 140,
        "heading": 140,
        "destination": "SGSIN",
        "last_position_epoch": 1764709500,
        "last_position_UTC": "2025-12-02T21:05:00Z"
      },
      {
        "lat": -27.609133,
        "lon": 10.861638,
        "speed": 13.5,
        "course": 138,
        "heading": 140,
        "destination": "SGSIN",
        "last_position_epoch": 1764707520,
        "last_position_UTC": "2025-12-02T20:32:00Z"
      },
      {
        "lat": -27.526709,
        "lon": 10.782429,
        "speed": 13.3,
        "course": 140,
        "heading": 140,
        "destination": "SGSIN",
        "last_position_epoch": 1764705540,
        "last_position_UTC": "2025-12-02T19:59:00Z"
      },
      {
        "lat": -27.464914,
        "lon": 10.725402,
        "speed": 13.3,
        "course": 141,
        "heading": 141,
        "destination": "SGSIN",
        "last_position_epoch": 1764704280,
        "last_position_UTC": "2025-12-02T19:38:00Z"
      },
      {
        "lat": -27.36482,
        "lon": 10.641474,
        "speed": 13.3,
        "course": 143,
        "heading": 143,
        "destination": "SGSIN",
        "last_position_epoch": 1764702480,
        "last_position_UTC": "2025-12-02T19:08:00Z"
      },
      {
        "lat": -27.258148,
        "lon": 10.552957,
        "speed": 13.3,
        "course": 144,
        "heading": 143,
        "destination": "SGSIN",
        "last_position_epoch": 1764700680,
        "last_position_UTC": "2025-12-02T18:38:00Z"
      },
      {
        "lat": -27.206165,
        "lon": 10.510708333333334,
        "speed": 13.4,
        "course": 144.7,
        "heading": 143,
        "destination": "SGSIN",
        "last_position_epoch": 1764699099,
        "last_position_UTC": "2025-12-02T18:11:39Z"
      },
      {
        "lat": -27.1201,
        "lon": 10.44035,
        "speed": 13.3,
        "course": 143.1,
        "heading": 143,
        "destination": "SGSIN",
        "last_position_epoch": 1764697369,
        "last_position_UTC": "2025-12-02T17:42:49Z"
      },
      {
        "lat": -26.99514,
        "lon": 10.339124,
        "speed": 13,
        "course": 144,
        "heading": 143,
        "destination": "SGSIN",
        "last_position_epoch": 1764695280,
        "last_position_UTC": "2025-12-02T17:08:00Z"
      },
      {
        "lat": -26.93623,
        "lon": 10.29236,
        "speed": 13,
        "course": 144,
        "heading": 143,
        "destination": "SGSIN",
        "last_position_epoch": 1764693660,
        "last_position_UTC": "2025-12-02T16:41:00Z"
      },
      {
        "lat": -26.853466666666666,
        "lon": 10.224448333333333,
        "speed": 13.3,
        "course": 142.2,
        "heading": 143,
        "destination": "SGSIN",
        "last_position_epoch": 1764691980,
        "last_position_UTC": "2025-12-02T16:13:00Z"
      },
      {
        "lat": -26.760488333333335,
        "lon": 10.147816666666667,
        "speed": 13.6,
        "course": 143.9,
        "heading": 143,
        "destination": "SGSIN",
        "last_position_epoch": 1764690129,
        "last_position_UTC": "2025-12-02T15:42:09Z"
      },
      {
        "lat": -26.59532,
        "lon": 10.009731,
        "speed": 13.6,
        "course": 145,
        "heading": 143,
        "destination": "SGSIN",
        "last_position_epoch": 1764687000,
        "last_position_UTC": "2025-12-02T14:50:00Z"
      },
      {
        "lat": -26.567428333333332,
        "lon": 9.987488333333333,
        "speed": 13.4,
        "course": 144,
        "heading": 143,
        "destination": "SGSIN",
        "last_position_epoch": 1764686280,
        "last_position_UTC": "2025-12-02T14:38:00Z"
      },
      {
        "lat": -26.491216666666666,
        "lon": 9.927298333333333,
        "speed": 13.3,
        "course": 144.9,
        "heading": 143,
        "destination": "SGSIN",
        "last_position_epoch": 1764684780,
        "last_position_UTC": "2025-12-02T14:13:00Z"
      },
      {
        "lat": -26.347088,
        "lon": 9.8183451,
        "speed": 13.6,
        "course": 145,
        "heading": 145,
        "destination": "SGSIN",
        "last_position_epoch": 1764682560,
        "last_position_UTC": "2025-12-02T13:36:00Z"
      },
      {
        "lat": -26.287495,
        "lon": 9.773468,
        "speed": 13.6,
        "course": 144,
        "heading": 145,
        "destination": "SGSIN",
        "last_position_epoch": 1764680880,
        "last_position_UTC": "2025-12-02T13:08:00Z"
      },
      {
        "lat": -26.181213,
        "lon": 9.6917181,
        "speed": 13.5,
        "course": 145,
        "heading": 145,
        "destination": "SGSIN",
        "last_position_epoch": 1764679020,
        "last_position_UTC": "2025-12-02T12:37:00Z"
      },
      {
        "lat": -26.104765,
        "lon": 9.6321049,
        "speed": 13.5,
        "course": 145,
        "heading": 145,
        "destination": "SGSIN",
        "last_position_epoch": 1764677280,
        "last_position_UTC": "2025-12-02T12:08:00Z"
      },
      {
        "lat": -25.986584,
        "lon": 9.5389013,
        "speed": 13.6,
        "course": 144,
        "heading": 145,
        "destination": "SGSIN",
        "last_position_epoch": 1764675120,
        "last_position_UTC": "2025-12-02T11:32:00Z"
      },
      {
        "lat": -25.922619,
        "lon": 9.4880238,
        "speed": 13.6,
        "course": 143,
        "heading": 145,
        "destination": "SGSIN",
        "last_position_epoch": 1764673860,
        "last_position_UTC": "2025-12-02T11:11:00Z"
      },
      {
        "lat": -25.765379,
        "lon": 9.3609886,
        "speed": 13.8,
        "course": 144,
        "heading": 145,
        "destination": "SGSIN",
        "last_position_epoch": 1764671160,
        "last_position_UTC": "2025-12-02T10:26:00Z"
      },
      {
        "lat": -25.644442,
        "lon": 9.2620115,
        "speed": 13.5,
        "course": 143,
        "heading": 145,
        "destination": "SGSIN",
        "last_position_epoch": 1764668940,
        "last_position_UTC": "2025-12-02T09:49:00Z"
      },
      {
        "lat": -25.644442,
        "lon": 9.2620115,
        "speed": 13.5,
        "course": 143,
        "heading": 145,
        "destination": "SGSIN",
        "last_position_epoch": 1764668340,
        "last_position_UTC": "2025-12-02T09:39:00Z"
      },
      {
        "lat": -25.566521666666667,
        "lon": 9.199083333333334,
        "speed": 13.4,
        "course": 143.1,
        "heading": 145,
        "destination": "SGSIN",
        "last_position_epoch": 1764666778,
        "last_position_UTC": "2025-12-02T09:12:58Z"
      },
      {
        "lat": -25.451605,
        "lon": 9.105046666666667,
        "speed": 13.2,
        "course": 143.8,
        "heading": 145,
        "destination": "SGSIN",
        "last_position_epoch": 1764664478,
        "last_position_UTC": "2025-12-02T08:34:38Z"
      },
      {
        "lat": -25.373919,
        "lon": 9.0428171,
        "speed": 13.1,
        "course": 144,
        "heading": 145,
        "destination": "SGSIN",
        "last_position_epoch": 1764662940,
        "last_position_UTC": "2025-12-02T08:09:00Z"
      },
      {
        "lat": -25.214678,
        "lon": 8.917182,
        "speed": 13.3,
        "course": 143,
        "heading": 144,
        "destination": "SGSIN",
        "last_position_epoch": 1764659820,
        "last_position_UTC": "2025-12-02T07:17:00Z"
      },
      {
        "lat": -25.146397,
        "lon": 8.8602152,
        "speed": 13.3,
        "course": 142,
        "heading": 144,
        "destination": "SGSIN",
        "last_position_epoch": 1764658860,
        "last_position_UTC": "2025-12-02T07:01:00Z"
      },
      {
        "lat": -25.103287,
        "lon": 8.8246346,
        "speed": 13.3,
        "course": 142,
        "heading": 144,
        "destination": "SGSIN",
        "last_position_epoch": 1764657540,
        "last_position_UTC": "2025-12-02T06:39:00Z"
      },
      {
        "lat": -24.977238,
        "lon": 8.7191467,
        "speed": 13.3,
        "course": 143,
        "heading": 144,
        "destination": "SGSIN",
        "last_position_epoch": 1764655320,
        "last_position_UTC": "2025-12-02T06:02:00Z"
      },
      {
        "lat": -24.921432,
        "lon": 8.6730251,
        "speed": 13.1,
        "course": 143,
        "heading": 144,
        "destination": "SGSIN",
        "last_position_epoch": 1764653760,
        "last_position_UTC": "2025-12-02T05:36:00Z"
      },
      {
        "lat": -24.832172,
        "lon": 8.5989599,
        "speed": 13.1,
        "course": 143,
        "heading": 144,
        "destination": "SGSIN",
        "last_position_epoch": 1764652200,
        "last_position_UTC": "2025-12-02T05:10:00Z"
      },
      {
        "lat": -24.764095,
        "lon": 8.542788333333334,
        "speed": 13.3,
        "course": 144.2,
        "heading": 145,
        "destination": "SGSIN",
        "last_position_epoch": 1764650578,
        "last_position_UTC": "2025-12-02T04:42:58Z"
      },
      {
        "lat": -24.656437,
        "lon": 8.4557047,
        "speed": 13.5,
        "course": 144,
        "heading": 145,
        "destination": "SGSIN",
        "last_position_epoch": 1764648780,
        "last_position_UTC": "2025-12-02T04:13:00Z"
      },
      {
        "lat": -24.564686,
        "lon": 8.3835068,
        "speed": 13.3,
        "course": 143,
        "heading": 145,
        "destination": "SGSIN",
        "last_position_epoch": 1764646920,
        "last_position_UTC": "2025-12-02T03:42:00Z"
      },
      {
        "lat": -24.497416,
        "lon": 8.3337736,
        "speed": 13.1,
        "course": 147,
        "heading": 147,
        "destination": "SGSIN",
        "last_position_epoch": 1764645240,
        "last_position_UTC": "2025-12-02T03:14:00Z"
      },
      {
        "lat": -24.305134,
        "lon": 8.1931934,
        "speed": 13.1,
        "course": 145,
        "heading": 145,
        "destination": "SGSIN",
        "last_position_epoch": 1764641820,
        "last_position_UTC": "2025-12-02T02:17:00Z"
      },
      {
        "lat": -24.279278333333334,
        "lon": 8.173865,
        "speed": 13.3,
        "course": 145.6,
        "heading": 145,
        "destination": "SGSIN",
        "last_position_epoch": 1764641027,
        "last_position_UTC": "2025-12-02T02:03:47Z"
      },
      {
        "lat": -24.211752,
        "lon": 8.1241703,
        "speed": 13.5,
        "course": 145,
        "heading": 145,
        "destination": "SGSIN",
        "last_position_epoch": 1764639720,
        "last_position_UTC": "2025-12-02T01:42:00Z"
      },
      {
        "lat": -24.090092,
        "lon": 8.0324135,
        "speed": 13.3,
        "course": 145,
        "heading": 145,
        "destination": "SGSIN",
        "last_position_epoch": 1764637620,
        "last_position_UTC": "2025-12-02T01:07:00Z"
      },
      {
        "lat": -24.00646,
        "lon": 7.9686799,
        "speed": 13.3,
        "course": 144,
        "heading": 145,
        "destination": "SGSIN",
        "last_position_epoch": 1764636000,
        "last_position_UTC": "2025-12-02T00:40:00Z"
      },
      {
        "lat": -23.937124,
        "lon": 7.9150701,
        "speed": 13.1,
        "course": 144,
        "heading": 145,
        "destination": "SGSIN",
        "last_position_epoch": 1764634260,
        "last_position_UTC": "2025-12-02T00:11:00Z"
      },
      {
        "lat": -23.838348,
        "lon": 7.8377485,
        "speed": 13.1,
        "course": 143,
        "heading": 145,
        "destination": "SGSIN",
        "last_position_epoch": 1764632520,
        "last_position_UTC": "2025-12-01T23:42:00Z"
      },
      {
        "lat": -23.698416666666667,
        "lon": 7.727375,
        "speed": 13.4,
        "course": 143.8,
        "heading": 145,
        "destination": "SGSIN",
        "last_position_epoch": 1764629528,
        "last_position_UTC": "2025-12-01T22:52:08Z"
      },
      {
        "lat": -23.634064,
        "lon": 7.67623,
        "speed": 13.3,
        "course": 143,
        "heading": 145,
        "destination": "SGSIN",
        "last_position_epoch": 1764628560,
        "last_position_UTC": "2025-12-01T22:36:00Z"
      },
      {
        "lat": -23.558783,
        "lon": 7.6156936,
        "speed": 13.3,
        "course": 143,
        "heading": 145,
        "destination": "SGSIN",
        "last_position_epoch": 1764626820,
        "last_position_UTC": "2025-12-01T22:07:00Z"
      },
      {
        "lat": -23.454376,
        "lon": 7.5320215,
        "speed": 13.6,
        "course": 143,
        "heading": 145,
        "destination": "SGSIN",
        "last_position_epoch": 1764625080,
        "last_position_UTC": "2025-12-01T21:38:00Z"
      },
      {
        "lat": -23.36043,
        "lon": 7.4597816,
        "speed": 13.6,
        "course": 145,
        "heading": 145,
        "destination": "SGSIN",
        "last_position_epoch": 1764623400,
        "last_position_UTC": "2025-12-01T21:10:00Z"
      },
      {
        "lat": -23.284971,
        "lon": 7.4041681,
        "speed": 13.8,
        "course": 146,
        "heading": 145,
        "destination": "SGSIN",
        "last_position_epoch": 1764621480,
        "last_position_UTC": "2025-12-01T20:38:00Z"
      },
      {
        "lat": -23.191383333333334,
        "lon": 7.335485,
        "speed": 13.7,
        "course": 145.7,
        "heading": 145,
        "destination": "SGSIN",
        "last_position_epoch": 1764619673,
        "last_position_UTC": "2025-12-01T20:07:53Z"
      },
      {
        "lat": -23.100185,
        "lon": 7.2685666,
        "speed": 12.6,
        "course": 144,
        "heading": 144,
        "destination": "SGSIN",
        "last_position_epoch": 1764617940,
        "last_position_UTC": "2025-12-01T19:39:00Z"
      },
      {
        "lat": -23.011724,
        "lon": 7.2011967,
        "speed": 12.8,
        "course": 144,
        "heading": 144,
        "destination": "SGSIN",
        "last_position_epoch": 1764616140,
        "last_position_UTC": "2025-12-01T19:09:00Z"
      },
      {
        "lat": -22.926224,
        "lon": 7.1341968,
        "speed": 12.6,
        "course": 142,
        "heading": 142,
        "destination": "SGSIN",
        "last_position_epoch": 1764614220,
        "last_position_UTC": "2025-12-01T18:37:00Z"
      },
      {
        "lat": -22.805285,
        "lon": 7.0243869,
        "speed": 12.6,
        "course": 140,
        "heading": 140,
        "destination": "SGSIN",
        "last_position_epoch": 1764612060,
        "last_position_UTC": "2025-12-01T18:01:00Z"
      },
      {
        "lat": -22.664158333333333,
        "lon": 6.89447,
        "speed": 12.6,
        "course": 137.7,
        "heading": 137,
        "destination": "SGSIN",
        "last_position_epoch": 1764608413,
        "last_position_UTC": "2025-12-01T17:00:13Z"
      },
      {
        "lat": -22.615056666666668,
        "lon": 6.847433333333333,
        "speed": 12.7,
        "course": 138.2,
        "heading": 137,
        "destination": "SGSIN",
        "last_position_epoch": 1764607305,
        "last_position_UTC": "2025-12-01T16:41:45Z"
      },
      {
        "lat": -22.524635,
        "lon": 6.762293333333333,
        "speed": 12.7,
        "course": 139.2,
        "heading": 137,
        "destination": "SGSIN",
        "last_position_epoch": 1764605264,
        "last_position_UTC": "2025-12-01T16:07:44Z"
      },
      {
        "lat": -22.188128,
        "lon": 6.4556432,
        "speed": 12.8,
        "course": 139,
        "heading": 138,
        "destination": "SGSIN",
        "last_position_epoch": 1764597780,
        "last_position_UTC": "2025-12-01T14:03:00Z"
      },
      {
        "lat": -22.058578,
        "lon": 6.3401999,
        "speed": 13,
        "course": 142,
        "heading": 140,
        "destination": "SGSIN",
        "last_position_epoch": 1764595080,
        "last_position_UTC": "2025-12-01T13:18:00Z"
      },
      {
        "lat": -21.874834,
        "lon": 6.1876469,
        "speed": 13,
        "course": 142,
        "heading": null,
        "destination": "SGSIN",
        "last_position_epoch": 1764591540,
        "last_position_UTC": "2025-12-01T12:19:00Z"
      },
      {
        "lat": -21.752117,
        "lon": 6.0852699,
        "speed": 12.8,
        "course": 141,
        "heading": 141,
        "destination": "SGSIN",
        "last_position_epoch": 1764588840,
        "last_position_UTC": "2025-12-01T11:34:00Z"
      },
      {
        "lat": -21.681269,
        "lon": 6.0221682,
        "speed": 13.6,
        "course": 140,
        "heading": 139,
        "destination": "SGSIN",
        "last_position_epoch": 1764587280,
        "last_position_UTC": "2025-12-01T11:08:00Z"
      },
      {
        "lat": -21.59317,
        "lon": 5.9426918,
        "speed": 14,
        "course": 140,
        "heading": 140,
        "destination": "SGSIN",
        "last_position_epoch": 1764585540,
        "last_position_UTC": "2025-12-01T10:39:00Z"
      },
      {
        "lat": -21.519197,
        "lon": 5.8752599,
        "speed": 13.8,
        "course": 140,
        "heading": 139,
        "destination": "SGSIN",
        "last_position_epoch": 1764583800,
        "last_position_UTC": "2025-12-01T10:10:00Z"
      },
      {
        "lat": -21.415277,
        "lon": 5.7825117,
        "speed": 13.8,
        "course": 140,
        "heading": 139,
        "destination": "SGSIN",
        "last_position_epoch": 1764581880,
        "last_position_UTC": "2025-12-01T09:38:00Z"
      },
      {
        "lat": -21.311266,
        "lon": 5.6894965,
        "speed": 14,
        "course": 139,
        "heading": 139,
        "destination": "SGSIN",
        "last_position_epoch": 1764579900,
        "last_position_UTC": "2025-12-01T09:05:00Z"
      },
      {
        "lat": -21.236561,
        "lon": 5.62324,
        "speed": 13.8,
        "course": 139,
        "heading": 139,
        "destination": "SGSIN",
        "last_position_epoch": 1764578040,
        "last_position_UTC": "2025-12-01T08:34:00Z"
      },
      {
        "lat": -21.133619,
        "lon": 5.5305681,
        "speed": 14.1,
        "course": 140,
        "heading": 139,
        "destination": "SGSIN",
        "last_position_epoch": 1764576360,
        "last_position_UTC": "2025-12-01T08:06:00Z"
      },
      {
        "lat": -21.073606,
        "lon": 5.4768834,
        "speed": 14,
        "course": 140,
        "heading": 139,
        "destination": "SGSIN",
        "last_position_epoch": 1764574680,
        "last_position_UTC": "2025-12-01T07:38:00Z"
      },
      {
        "lat": -20.967508,
        "lon": 5.3856835,
        "speed": 13.8,
        "course": 142,
        "heading": 141,
        "destination": "SGSIN",
        "last_position_epoch": 1764572880,
        "last_position_UTC": "2025-12-01T07:08:00Z"
      },
      {
        "lat": -20.860708,
        "lon": 5.297195,
        "speed": 13.6,
        "course": 142,
        "heading": 142,
        "destination": "SGSIN",
        "last_position_epoch": 1764570900,
        "last_position_UTC": "2025-12-01T06:35:00Z"
      },
      {
        "lat": -20.787611,
        "lon": 5.2389431,
        "speed": 12.6,
        "course": 143,
        "heading": 142,
        "destination": "SGSIN",
        "last_position_epoch": 1764569100,
        "last_position_UTC": "2025-12-01T06:05:00Z"
      },
      {
        "lat": -20.724173333333333,
        "lon": 5.187516666666666,
        "speed": 13,
        "course": 141.4,
        "heading": 141,
        "destination": "SGSIN",
        "last_position_epoch": 1764567659,
        "last_position_UTC": "2025-12-01T05:40:59Z"
      },
      {
        "lat": -20.610094,
        "lon": 5.0888901,
        "speed": 14,
        "course": 135,
        "heading": 135,
        "destination": "SGSIN",
        "last_position_epoch": 1764565680,
        "last_position_UTC": "2025-12-01T05:08:00Z"
      },
      {
        "lat": -20.531605,
        "lon": 5.0075698,
        "speed": 13.8,
        "course": 135,
        "heading": 135,
        "destination": "SGSIN",
        "last_position_epoch": 1764564000,
        "last_position_UTC": "2025-12-01T04:40:00Z"
      },
      {
        "lat": -20.460964,
        "lon": 4.9348569,
        "speed": 14.1,
        "course": 138,
        "heading": 137,
        "destination": "SGSIN",
        "last_position_epoch": 1764562320,
        "last_position_UTC": "2025-12-01T04:12:00Z"
      },
      {
        "lat": -20.370224,
        "lon": 4.86023,
        "speed": 14,
        "course": 142,
        "heading": 142,
        "destination": "SGSIN",
        "last_position_epoch": 1764560220,
        "last_position_UTC": "2025-12-01T03:37:00Z"
      },
      {
        "lat": -20.006903333333334,
        "lon": 4.564376666666667,
        "speed": 13.3,
        "course": 143.7,
        "heading": 144,
        "destination": "SGSIN",
        "last_position_epoch": 1764553002,
        "last_position_UTC": "2025-12-01T01:36:42Z"
      },
      {
        "lat": -19.936733333333333,
        "lon": 4.508565,
        "speed": 13.3,
        "course": 142.2,
        "heading": 143,
        "destination": "SGSIN",
        "last_position_epoch": 1764551571,
        "last_position_UTC": "2025-12-01T01:12:51Z"
      },
      {
        "lat": -19.835105,
        "lon": 4.4231,
        "speed": 13.1,
        "course": 141.6,
        "heading": 143,
        "destination": "SGSIN",
        "last_position_epoch": 1764549472,
        "last_position_UTC": "2025-12-01T00:37:52Z"
      },
      {
        "lat": -19.75538,
        "lon": 4.355201666666667,
        "speed": 13.4,
        "course": 141.1,
        "heading": 143,
        "destination": "SGSIN",
        "last_position_epoch": 1764547802,
        "last_position_UTC": "2025-12-01T00:10:02Z"
      },
      {
        "lat": -19.65929,
        "lon": 4.26615,
        "speed": 13.4,
        "course": 137.4,
        "heading": 141,
        "destination": "SGSIN",
        "last_position_epoch": 1764545753,
        "last_position_UTC": "2025-11-30T23:35:53Z"
      },
      {
        "lat": -19.507585,
        "lon": 4.123183333333333,
        "speed": 13.5,
        "course": 138.1,
        "heading": 139,
        "destination": "SGSIN",
        "last_position_epoch": 1764542502,
        "last_position_UTC": "2025-11-30T22:41:42Z"
      },
      {
        "lat": -19.415923333333332,
        "lon": 4.036358333333333,
        "speed": 13.8,
        "course": 138.7,
        "heading": 139,
        "destination": "SGSIN",
        "last_position_epoch": 1764540542,
        "last_position_UTC": "2025-11-30T22:09:02Z"
      },
      {
        "lat": -19.317378333333334,
        "lon": 3.9460966666666666,
        "speed": 13.5,
        "course": 139,
        "heading": 139,
        "destination": "SGSIN",
        "last_position_epoch": 1764538474,
        "last_position_UTC": "2025-11-30T21:34:34Z"
      },
      {
        "lat": -18.645041,
        "lon": 3.3971083,
        "speed": 13.3,
        "course": 142,
        "heading": 141,
        "destination": "SGSIN",
        "last_position_epoch": 1764524820,
        "last_position_UTC": "2025-11-30T17:47:00Z"
      },
      {
        "lat": -18.601992,
        "lon": 3.362535,
        "speed": 13.3,
        "course": 142,
        "heading": 141,
        "destination": "SGSIN",
        "last_position_epoch": 1764524460,
        "last_position_UTC": "2025-11-30T17:41:00Z"
      },
      {
        "lat": -18.529919,
        "lon": 3.3040249,
        "speed": 13.1,
        "course": 142,
        "heading": 141,
        "destination": "SGSIN",
        "last_position_epoch": 1764522420,
        "last_position_UTC": "2025-11-30T17:07:00Z"
      },
      {
        "lat": -18.446531,
        "lon": 3.2361517,
        "speed": 13.3,
        "course": 142,
        "heading": 141,
        "destination": "SGSIN",
        "last_position_epoch": 1764520860,
        "last_position_UTC": "2025-11-30T16:41:00Z"
      },
      {
        "lat": -18.347336,
        "lon": 3.1558983,
        "speed": 13.1,
        "course": 141,
        "heading": 141,
        "destination": "SGSIN",
        "last_position_epoch": 1764519000,
        "last_position_UTC": "2025-11-30T16:10:00Z"
      },
      {
        "lat": -18.277285,
        "lon": 3.0982282,
        "speed": 13.1,
        "course": 141,
        "heading": 141,
        "destination": "SGSIN",
        "last_position_epoch": 1764517260,
        "last_position_UTC": "2025-11-30T15:41:00Z"
      },
      {
        "lat": -18.179094,
        "lon": 3.0155799,
        "speed": 13.1,
        "course": 140,
        "heading": 141,
        "destination": "SGSIN",
        "last_position_epoch": 1764515400,
        "last_position_UTC": "2025-11-30T15:10:00Z"
      },
      {
        "lat": -18.103958,
        "lon": 2.9526083,
        "speed": 13.5,
        "course": 141,
        "heading": 141,
        "destination": "SGSIN",
        "last_position_epoch": 1764513660,
        "last_position_UTC": "2025-11-30T14:41:00Z"
      },
      {
        "lat": -17.995667,
        "lon": 2.8633168,
        "speed": 13.3,
        "course": 141,
        "heading": 141,
        "destination": "SGSIN",
        "last_position_epoch": 1764511860,
        "last_position_UTC": "2025-11-30T14:11:00Z"
      },
      {
        "lat": -17.902149,
        "lon": 2.785485,
        "speed": 13.8,
        "course": 140,
        "heading": 141,
        "destination": "SGSIN",
        "last_position_epoch": 1764510000,
        "last_position_UTC": "2025-11-30T13:40:00Z"
      },
      {
        "lat": -17.839861,
        "lon": 2.7329383,
        "speed": 13.8,
        "course": 141,
        "heading": 141,
        "destination": "SGSIN",
        "last_position_epoch": 1764508260,
        "last_position_UTC": "2025-11-30T13:11:00Z"
      },
      {
        "lat": -17.737013,
        "lon": 2.6493733,
        "speed": 13.1,
        "course": 142,
        "heading": 142,
        "destination": "SGSIN",
        "last_position_epoch": 1764506460,
        "last_position_UTC": "2025-11-30T12:41:00Z"
      },
      {
        "lat": -17.666128,
        "lon": 2.5937133,
        "speed": 13.3,
        "course": 142,
        "heading": 142,
        "destination": "SGSIN",
        "last_position_epoch": 1764504660,
        "last_position_UTC": "2025-11-30T12:11:00Z"
      },
      {
        "lat": -17.548195,
        "lon": 2.4985332,
        "speed": 13.3,
        "course": 141,
        "heading": 142,
        "destination": "SGSIN",
        "last_position_epoch": 1764502800,
        "last_position_UTC": "2025-11-30T11:40:00Z"
      },
      {
        "lat": -17.48102,
        "lon": 2.4445484,
        "speed": 13.1,
        "course": 142,
        "heading": 142,
        "destination": "SGSIN",
        "last_position_epoch": 1764501060,
        "last_position_UTC": "2025-11-30T11:11:00Z"
      },
      {
        "lat": -17.371159,
        "lon": 2.3563666,
        "speed": 13.3,
        "course": 142,
        "heading": 142,
        "destination": "SGSIN",
        "last_position_epoch": 1764499200,
        "last_position_UTC": "2025-11-30T10:40:00Z"
      },
      {
        "lat": -17.311415,
        "lon": 2.3089917,
        "speed": 13.3,
        "course": 142,
        "heading": 142,
        "destination": "SGSIN",
        "last_position_epoch": 1764497400,
        "last_position_UTC": "2025-11-30T10:10:00Z"
      },
      {
        "lat": -17.209936,
        "lon": 2.2283499,
        "speed": 13.1,
        "course": 143,
        "heading": 143,
        "destination": "SGSIN",
        "last_position_epoch": 1764495600,
        "last_position_UTC": "2025-11-30T09:40:00Z"
      },
      {
        "lat": -17.124643,
        "lon": 2.1633451,
        "speed": 13.1,
        "course": 143,
        "heading": 143,
        "destination": "SGSIN",
        "last_position_epoch": 1764493620,
        "last_position_UTC": "2025-11-30T09:07:00Z"
      },
      {
        "lat": -16.952662,
        "lon": 2.0232882,
        "speed": 13.1,
        "course": 140,
        "heading": 141,
        "destination": "SGSIN",
        "last_position_epoch": 1764490020,
        "last_position_UTC": "2025-11-30T08:07:00Z"
      },
      {
        "lat": -16.850857,
        "lon": 1.9343483,
        "speed": 13.1,
        "course": 140,
        "heading": 140,
        "destination": "SGSIN",
        "last_position_epoch": 1764488460,
        "last_position_UTC": "2025-11-30T07:41:00Z"
      },
      {
        "lat": -16.764212,
        "lon": 1.8603033,
        "speed": 13.1,
        "course": 140,
        "heading": 140,
        "destination": "SGSIN",
        "last_position_epoch": 1764486600,
        "last_position_UTC": "2025-11-30T07:10:00Z"
      },
      {
        "lat": -16.694191,
        "lon": 1.8006483,
        "speed": 13.1,
        "course": 140,
        "heading": 140,
        "destination": "SGSIN",
        "last_position_epoch": 1764484680,
        "last_position_UTC": "2025-11-30T06:38:00Z"
      },
      {
        "lat": -16.210052,
        "lon": 1.4077049,
        "speed": 14.6,
        "course": 141,
        "heading": 141,
        "destination": "SGSIN",
        "last_position_epoch": 1764475020,
        "last_position_UTC": "2025-11-30T03:57:00Z"
      },
      {
        "lat": -16.172083,
        "lon": 1.377265,
        "speed": 14.6,
        "course": 142,
        "heading": 141,
        "destination": "SGSIN",
        "last_position_epoch": 1764474300,
        "last_position_UTC": "2025-11-30T03:45:00Z"
      },
      {
        "lat": -15.89125,
        "lon": 1.1460316,
        "speed": 14.3,
        "course": 141,
        "heading": 141,
        "destination": "SGSIN",
        "last_position_epoch": 1764469200,
        "last_position_UTC": "2025-11-30T02:20:00Z"
      },
      {
        "lat": -15.785479,
        "lon": 1.0595384,
        "speed": 14,
        "course": 142,
        "heading": 142,
        "destination": "SGSIN",
        "last_position_epoch": 1764467220,
        "last_position_UTC": "2025-11-30T01:47:00Z"
      },
      {
        "lat": -15.705782,
        "lon": 0.99649,
        "speed": 14.1,
        "course": 143,
        "heading": 143,
        "destination": "SGSIN",
        "last_position_epoch": 1764465420,
        "last_position_UTC": "2025-11-30T01:17:00Z"
      },
      {
        "lat": -15.535055,
        "lon": 0.85955501,
        "speed": 14.1,
        "course": 140,
        "heading": 141,
        "destination": "SGSIN",
        "last_position_epoch": 1764462060,
        "last_position_UTC": "2025-11-30T00:21:00Z"
      },
      {
        "lat": -15.328412,
        "lon": 0.68899,
        "speed": 14.3,
        "course": 141,
        "heading": 141,
        "destination": "SGSIN",
        "last_position_epoch": 1764458220,
        "last_position_UTC": "2025-11-29T23:17:00Z"
      },
      {
        "lat": -15.197592,
        "lon": 0.58130169,
        "speed": 14.3,
        "course": 141,
        "heading": 141,
        "destination": "SGSIN",
        "last_position_epoch": 1764456060,
        "last_position_UTC": "2025-11-29T22:41:00Z"
      },
      {
        "lat": -15.116761,
        "lon": 0.51439667,
        "speed": 14.1,
        "course": 141,
        "heading": 141,
        "destination": "SGSIN",
        "last_position_epoch": 1764453960,
        "last_position_UTC": "2025-11-29T22:06:00Z"
      },
      {
        "lat": -15.036618,
        "lon": 0.44981834,
        "speed": 14.3,
        "course": 142,
        "heading": 141,
        "destination": "SGSIN",
        "last_position_epoch": 1764452460,
        "last_position_UTC": "2025-11-29T21:41:00Z"
      },
      {
        "lat": -14.929895,
        "lon": 0.37002999,
        "speed": 14.1,
        "course": 144,
        "heading": 144,
        "destination": "SGSIN",
        "last_position_epoch": 1764450720,
        "last_position_UTC": "2025-11-29T21:12:00Z"
      },
      {
        "lat": -14.83213,
        "lon": 0.29862833,
        "speed": 14,
        "course": 144,
        "heading": 144,
        "destination": "SGSIN",
        "last_position_epoch": 1764448800,
        "last_position_UTC": "2025-11-29T20:40:00Z"
      },
      {
        "lat": -14.727558,
        "lon": 0.22087,
        "speed": 14.1,
        "course": 144,
        "heading": 144,
        "destination": "SGSIN",
        "last_position_epoch": 1764447060,
        "last_position_UTC": "2025-11-29T20:11:00Z"
      },
      {
        "lat": -14.58845,
        "lon": 0.11701334,
        "speed": 14.1,
        "course": 141,
        "heading": 142,
        "destination": "SGSIN",
        "last_position_epoch": 1764444360,
        "last_position_UTC": "2025-11-29T19:26:00Z"
      },
      {
        "lat": -14.287528,
        "lon": -0.13155833,
        "speed": 14.1,
        "course": 141,
        "heading": 141,
        "destination": "SGSIN",
        "last_position_epoch": 1764438600,
        "last_position_UTC": "2025-11-29T17:50:00Z"
      },
      {
        "lat": -13.771653,
        "lon": -0.54583836,
        "speed": 13.1,
        "course": 141,
        "heading": 142,
        "destination": "SGSIN",
        "last_position_epoch": 1764427860,
        "last_position_UTC": "2025-11-29T14:51:00Z"
      }
    ]
  },
  "meta": {
    "duration": 0.021635506,
    "endpoint": "/api/v0/vessel_history",
    "success": true
  }
}