{
  "data": {
    "uuid": "2df74af5-1dfe-8942-9a40-41de74fd131d",
    "name": "HYUNDAI EARTH",
    "mmsi": "232024772",
    "imo": "9725110",
    "eni": null,
    "country_iso": "GB",
    "type": "Cargo - Hazard A (Major)",
    "type_specific": "Container Ship",
    "positions": [
      {
        "lat": 10.386222,
        "lon": -79.359962,
        "speed": 15.6,
        "course": 28,
        "heading": 28,
        "destination": "USNYC",
        "last_position_epoch": 1764978660,
        "last_position_UTC": "2025-12-05T23:51:00Z"
      },
      {
        "lat": 10.263523,
        "lon": -79.426079,
        "speed": 15.6,
        "course": 27,
        "heading": 28,
        "destination": "USNYC",
        "last_position_epoch": 1764976920,
        "last_position_UTC": "2025-12-05T23:22:00Z"
      },
      {
        "lat": 10.142502,
        "lon": -79.491539,
        "speed": 15.8,
        "course": 27,
        "heading": 29,
        "destination": "USNYC",
        "last_position_epoch": 1764975060,
        "last_position_UTC": "2025-12-05T22:51:00Z"
      },
      {
        "lat": 9.9844913,
        "lon": -79.576439,
        "speed": 15.5,
        "course": 29,
        "heading": 30,
        "destination": "USNYC",
        "last_position_epoch": 1764973260,
        "last_position_UTC": "2025-12-05T22:21:00Z"
      },
      {
        "lat": 9.9005213,
        "lon": -79.623436,
        "speed": 15.6,
        "course": 29,
        "heading": 30,
        "destination": "USNYC",
        "last_position_epoch": 1764971400,
        "last_position_UTC": "2025-12-05T21:50:00Z"
      },
      {
        "lat": 9.7679567,
        "lon": -79.698425,
        "speed": 15.3,
        "course": 30,
        "heading": 30,
        "destination": "USNYC",
        "last_position_epoch": 1764969540,
        "last_position_UTC": "2025-12-05T21:19:00Z"
      },
      {
        "lat": 9.685112,
        "lon": -79.742523,
        "speed": 15.1,
        "course": 25,
        "heading": 26,
        "destination": "USNYC",
        "last_position_epoch": 1764967800,
        "last_position_UTC": "2025-12-05T20:50:00Z"
      },
      {
        "lat": 9.5352402,
        "lon": -79.825172,
        "speed": 15.1,
        "course": 45,
        "heading": 44,
        "destination": "USNYC",
        "last_position_epoch": 1764965940,
        "last_position_UTC": "2025-12-05T20:19:00Z"
      },
      {
        "lat": 9.4712,
        "lon": -79.898453,
        "speed": 16.2,
        "course": 45,
        "heading": 45,
        "destination": "USNYC",
        "last_position_epoch": 1764964080,
        "last_position_UTC": "2025-12-05T19:48:00Z"
      },
      {
        "lat": 9.381608,
        "lon": -79.918961,
        "speed": 9.3,
        "course": 1,
        "heading": 2,
        "destination": "USNYC",
        "last_position_epoch": 1764962280,
        "last_position_UTC": "2025-12-05T19:18:00Z"
      },
      {
        "lat": 9.3192167,
        "lon": -79.918877,
        "speed": 7.8,
        "course": 356,
        "heading": 356,
        "destination": "USNYC",
        "last_position_epoch": 1764960480,
        "last_position_UTC": "2025-12-05T18:48:00Z"
      },
      {
        "lat": 9.2770367,
        "lon": -79.913239,
        "speed": 1.5,
        "course": 351,
        "heading": 352,
        "destination": "USNYC",
        "last_position_epoch": 1764958680,
        "last_position_UTC": "2025-12-05T18:18:00Z"
      },
      {
        "lat": 9.2749166,
        "lon": -79.912926,
        "speed": 1.5,
        "course": 352,
        "heading": 352,
        "destination": "USNYC",
        "last_position_epoch": 1764956940,
        "last_position_UTC": "2025-12-05T17:49:00Z"
      },
      {
        "lat": 9.269908,
        "lon": -79.912209,
        "speed": 1.1,
        "course": 348,
        "heading": 352,
        "destination": "USNYC",
        "last_position_epoch": 1764955080,
        "last_position_UTC": "2025-12-05T17:18:00Z"
      },
      {
        "lat": 9.2675896,
        "lon": -79.911804,
        "speed": 0,
        "course": 3,
        "heading": 352,
        "destination": "USNYC",
        "last_position_epoch": 1764953280,
        "last_position_UTC": "2025-12-05T16:48:00Z"
      },
      {
        "lat": 9.2597284,
        "lon": -79.91024,
        "speed": 1.6,
        "course": 349,
        "heading": 345,
        "destination": "USNYC",
        "last_position_epoch": 1764951420,
        "last_position_UTC": "2025-12-05T16:17:00Z"
      },
      {
        "lat": 9.2361403,
        "lon": -79.921822,
        "speed": 5.1,
        "course": 31,
        "heading": 35,
        "destination": "USNYC",
        "last_position_epoch": 1764949740,
        "last_position_UTC": "2025-12-05T15:49:00Z"
      },
      {
        "lat": 9.1976805,
        "lon": -79.898727,
        "speed": 9.3,
        "course": 299,
        "heading": 300,
        "destination": "USNYC",
        "last_position_epoch": 1764947940,
        "last_position_UTC": "2025-12-05T15:19:00Z"
      },
      {
        "lat": 9.1500988,
        "lon": -79.811378,
        "speed": 13,
        "course": 349,
        "heading": 350,
        "destination": "USNYC",
        "last_position_epoch": 1764946080,
        "last_position_UTC": "2025-12-05T14:48:00Z"
      },
      {
        "lat": 9.1180716,
        "lon": -79.727417,
        "speed": 8.6,
        "course": 279,
        "heading": 280,
        "destination": "USNYC",
        "last_position_epoch": 1764944280,
        "last_position_UTC": "2025-12-05T14:18:00Z"
      },
      {
        "lat": 9.0853186,
        "lon": -79.678642,
        "speed": 8.5,
        "course": 334,
        "heading": 334,
        "destination": "PAPCA",
        "last_position_epoch": 1764942420,
        "last_position_UTC": "2025-12-05T13:47:00Z"
      },
      {
        "lat": 9.0513697,
        "lon": -79.653351,
        "speed": 6.4,
        "course": 323,
        "heading": 319,
        "destination": "PAPCA",
        "last_position_epoch": 1764940620,
        "last_position_UTC": "2025-12-05T13:17:00Z"
      },
      {
        "lat": 9.0103531,
        "lon": -79.611496,
        "speed": 3.7,
        "course": 320,
        "heading": 316,
        "destination": "PAPCA",
        "last_position_epoch": 1764938880,
        "last_position_UTC": "2025-12-05T12:48:00Z"
      },
      {
        "lat": 8.9896164,
        "lon": -79.59523,
        "speed": 2,
        "course": 325,
        "heading": 319,
        "destination": "PAPCA",
        "last_position_epoch": 1764937020,
        "last_position_UTC": "2025-12-05T12:17:00Z"
      },
      {
        "lat": 8.9868584,
        "lon": -79.593185,
        "speed": 1,
        "course": 320,
        "heading": 318,
        "destination": "PAPCA",
        "last_position_epoch": 1764935280,
        "last_position_UTC": "2025-12-05T11:48:00Z"
      },
      {
        "lat": 8.9847279,
        "lon": -79.59156,
        "speed": 0,
        "course": 0,
        "heading": 318,
        "destination": "PAPCA",
        "last_position_epoch": 1764932168,
        "last_position_UTC": "2025-12-05T10:56:08Z"
      },
      {
        "lat": 8.9832754,
        "lon": -79.590469,
        "speed": 1.3,
        "course": 322,
        "heading": 318,
        "destination": "PAPCA",
        "last_position_epoch": 1764930480,
        "last_position_UTC": "2025-12-05T10:28:00Z"
      },
      {
        "lat": 8.9810085,
        "lon": -79.5886,
        "speed": 0.6,
        "course": null,
        "heading": 318,
        "destination": "PAPCA",
        "last_position_epoch": 1764928620,
        "last_position_UTC": "2025-12-05T09:57:00Z"
      },
      {
        "lat": 8.926218,
        "lon": -79.551399,
        "speed": 8.1,
        "course": 321,
        "heading": 317,
        "destination": "PAPCA",
        "last_position_epoch": 1764923160,
        "last_position_UTC": "2025-12-05T08:26:00Z"
      },
      {
        "lat": 8.86971,
        "lon": -79.468803,
        "speed": 3.5,
        "course": 314,
        "heading": 305,
        "destination": "PAPCA",
        "last_position_epoch": 1764920880,
        "last_position_UTC": "2025-12-05T07:48:00Z"
      },
      {
        "lat": 8.8649731,
        "lon": -79.468987,
        "speed": 0,
        "course": 323,
        "heading": 89,
        "destination": "PAPCA",
        "last_position_epoch": 1764919260,
        "last_position_UTC": "2025-12-05T07:21:00Z"
      },
      {
        "lat": 8.8655033,
        "lon": -79.468857,
        "speed": 0.1,
        "course": 244,
        "heading": 106,
        "destination": "PAPCA",
        "last_position_epoch": 1764917520,
        "last_position_UTC": "2025-12-05T06:52:00Z"
      },
      {
        "lat": 8.8656616,
        "lon": -79.469131,
        "speed": 0,
        "course": 212,
        "heading": 101,
        "destination": "PAPCA",
        "last_position_epoch": 1764915720,
        "last_position_UTC": "2025-12-05T06:22:00Z"
      },
      {
        "lat": 8.8656549,
        "lon": -79.46917,
        "speed": 0,
        "course": 176,
        "heading": 98,
        "destination": "PAPCA",
        "last_position_epoch": 1764913980,
        "last_position_UTC": "2025-12-05T05:53:00Z"
      },
      {
        "lat": 8.8655767,
        "lon": -79.469185,
        "speed": 0.1,
        "course": 274,
        "heading": 92,
        "destination": "PAPCA",
        "last_position_epoch": 1764912300,
        "last_position_UTC": "2025-12-05T05:25:00Z"
      },
      {
        "lat": 8.8650551,
        "lon": -79.469254,
        "speed": 0.1,
        "course": 0,
        "heading": 85,
        "destination": "PAPCA",
        "last_position_epoch": 1764910448,
        "last_position_UTC": "2025-12-05T04:54:08Z"
      },
      {
        "lat": 8.8644447,
        "lon": -79.469391,
        "speed": 0,
        "course": 330,
        "heading": 70,
        "destination": "PAPCA",
        "last_position_epoch": 1764908340,
        "last_position_UTC": "2025-12-05T04:19:00Z"
      },
      {
        "lat": 8.8630199,
        "lon": -79.468536,
        "speed": 0.1,
        "course": 263,
        "heading": 20,
        "destination": "PAPCA",
        "last_position_epoch": 1764904740,
        "last_position_UTC": "2025-12-05T03:19:00Z"
      },
      {
        "lat": 8.8629503,
        "lon": -79.46833,
        "speed": 0.1,
        "course": 195,
        "heading": 13,
        "destination": "PAPCA",
        "last_position_epoch": 1764903420,
        "last_position_UTC": "2025-12-05T02:57:00Z"
      },
      {
        "lat": 8.863102,
        "lon": -79.468315,
        "speed": 0,
        "course": 29,
        "heading": 8,
        "destination": "PAPCA",
        "last_position_epoch": 1764901860,
        "last_position_UTC": "2025-12-05T02:31:00Z"
      },
      {
        "lat": 8.8616619,
        "lon": -79.467377,
        "speed": 2.7,
        "course": 349,
        "heading": 350,
        "destination": "PAPCA",
        "last_position_epoch": 1764899880,
        "last_position_UTC": "2025-12-05T01:58:00Z"
      },
      {
        "lat": 8.7975197,
        "lon": -79.434685,
        "speed": 9.6,
        "course": 334,
        "heading": 335,
        "destination": "PAPCA",
        "last_position_epoch": 1764897780,
        "last_position_UTC": "2025-12-05T01:23:00Z"
      },
      {
        "lat": 8.7132521,
        "lon": -79.393356,
        "speed": 12.3,
        "course": 336,
        "heading": 336,
        "destination": "PAPCA",
        "last_position_epoch": 1764895680,
        "last_position_UTC": "2025-12-05T00:48:00Z"
      },
      {
        "lat": 8.5928288,
        "lon": -79.360298,
        "speed": 14.1,
        "course": 345,
        "heading": 344,
        "destination": "PAPCA",
        "last_position_epoch": 1764893940,
        "last_position_UTC": "2025-12-05T00:19:00Z"
      },
      {
        "lat": 8.4194517,
        "lon": -79.348808,
        "speed": 14.6,
        "course": 358,
        "heading": 356,
        "destination": "PAPCA",
        "last_position_epoch": 1764892200,
        "last_position_UTC": "2025-12-04T23:50:00Z"
      },
      {
        "lat": 8.3738804,
        "lon": -79.347359,
        "speed": 14.6,
        "course": 358,
        "heading": 355,
        "destination": "PAPCA",
        "last_position_epoch": 1764890700,
        "last_position_UTC": "2025-12-04T23:25:00Z"
      },
      {
        "lat": 8.2507095,
        "lon": -79.347046,
        "speed": 14.8,
        "course": 0,
        "heading": 357,
        "destination": "PAPCA",
        "last_position_epoch": 1764889080,
        "last_position_UTC": "2025-12-04T22:58:00Z"
      },
      {
        "lat": 8.0873365,
        "lon": -79.347397,
        "speed": 14.1,
        "course": 0,
        "heading": 359,
        "destination": "PAPCA",
        "last_position_epoch": 1764886740,
        "last_position_UTC": "2025-12-04T22:19:00Z"
      },
      {
        "lat": 7.8968801,
        "lon": -79.353859,
        "speed": 14.6,
        "course": 3,
        "heading": 3,
        "destination": "PAPCA",
        "last_position_epoch": 1764883560,
        "last_position_UTC": "2025-12-04T21:26:00Z"
      },
      {
        "lat": 7.773725,
        "lon": -79.36097,
        "speed": 15,
        "course": 4,
        "heading": 3,
        "destination": "PAPCA",
        "last_position_epoch": 1764881760,
        "last_position_UTC": "2025-12-04T20:56:00Z"
      },
      {
        "lat": 7.6332369,
        "lon": -79.432014,
        "speed": 14.6,
        "course": 42,
        "heading": 39,
        "destination": "PAPCA",
        "last_position_epoch": 1764879960,
        "last_position_UTC": "2025-12-04T20:26:00Z"
      },
      {
        "lat": 7.5316348,
        "lon": -79.525299,
        "speed": 15.1,
        "course": 42,
        "heading": null,
        "destination": "PAPCA",
        "last_position_epoch": 1764877800,
        "last_position_UTC": "2025-12-04T19:50:00Z"
      },
      {
        "lat": 7.3374767,
        "lon": -79.709305,
        "speed": 15.6,
        "course": 44,
        "heading": null,
        "destination": "PAPCA",
        "last_position_epoch": 1764874080,
        "last_position_UTC": "2025-12-04T18:48:00Z"
      },
      {
        "lat": 7.2653699,
        "lon": -79.784073,
        "speed": 15.3,
        "course": 46,
        "heading": null,
        "destination": "PAPCA",
        "last_position_epoch": 1764872280,
        "last_position_UTC": "2025-12-04T18:18:00Z"
      },
      {
        "lat": 7.1716886,
        "lon": -79.88443,
        "speed": 15.3,
        "course": 46,
        "heading": null,
        "destination": "PAPCA",
        "last_position_epoch": 1764870420,
        "last_position_UTC": "2025-12-04T17:47:00Z"
      },
      {
        "lat": 6.8714852,
        "lon": -80.651443,
        "speed": 15.1,
        "course": 90,
        "heading": null,
        "destination": "PAPCA",
        "last_position_epoch": 1764857820,
        "last_position_UTC": "2025-12-04T14:17:00Z"
      },
      {
        "lat": 6.9130616,
        "lon": -81.957375,
        "speed": 15.3,
        "course": 119,
        "heading": null,
        "destination": "PAPCA",
        "last_position_epoch": 1764839640,
        "last_position_UTC": "2025-12-04T09:14:00Z"
      },
      {
        "lat": 7.1044168,
        "lon": -82.285561,
        "speed": 15.5,
        "course": 120,
        "heading": null,
        "destination": "PAPCA",
        "last_position_epoch": 1764834000,
        "last_position_UTC": "2025-12-04T07:40:00Z"
      },
      {
        "lat": 7.3328099,
        "lon": -82.711067,
        "speed": 16,
        "course": 119,
        "heading": 115,
        "destination": "PAPCA",
        "last_position_epoch": 1764827520,
        "last_position_UTC": "2025-12-04T05:52:00Z"
      },
      {
        "lat": 7.4037018,
        "lon": -82.841179,
        "speed": 15.6,
        "course": 118,
        "heading": 115,
        "destination": "PAPCA",
        "last_position_epoch": 1764825540,
        "last_position_UTC": "2025-12-04T05:19:00Z"
      },
      {
        "lat": 7.4671783,
        "lon": -82.95961,
        "speed": 15.8,
        "course": 120,
        "heading": 117,
        "destination": "PAPCA",
        "last_position_epoch": 1764823800,
        "last_position_UTC": "2025-12-04T04:50:00Z"
      },
      {
        "lat": 7.7649069,
        "lon": -83.525566,
        "speed": 16,
        "course": 115,
        "heading": null,
        "destination": "PAPCA",
        "last_position_epoch": 1764814860,
        "last_position_UTC": "2025-12-04T02:21:00Z"
      },
      {
        "lat": 7.8082051,
        "lon": -83.613525,
        "speed": 15.1,
        "course": 116,
        "heading": 114,
        "destination": "PAPCA",
        "last_position_epoch": 1764813420,
        "last_position_UTC": "2025-12-04T01:57:00Z"
      },
      {
        "lat": 7.8760815,
        "lon": -83.750023,
        "speed": 15.6,
        "course": 116,
        "heading": 114,
        "destination": "PAPCA",
        "last_position_epoch": 1764811260,
        "last_position_UTC": "2025-12-04T01:21:00Z"
      },
      {
        "lat": 10.193813,
        "lon": -88.236763,
        "speed": 15.5,
        "course": 118,
        "heading": null,
        "destination": "PAPCA",
        "last_position_epoch": 1764742740,
        "last_position_UTC": "2025-12-03T06:19:00Z"
      },
      {
        "lat": 10.761215,
        "lon": -89.366272,
        "speed": 15.6,
        "course": 115,
        "heading": null,
        "destination": "PAPCA",
        "last_position_epoch": 1764724860,
        "last_position_UTC": "2025-12-03T01:21:00Z"
      },
      {
        "lat": 10.908098,
        "lon": -89.63633,
        "speed": 15.6,
        "course": 122,
        "heading": null,
        "destination": "PAPCA",
        "last_position_epoch": 1764721020,
        "last_position_UTC": "2025-12-03T00:17:00Z"
      },
      {
        "lat": 11.043325,
        "lon": -89.888268,
        "speed": 15.6,
        "course": 118,
        "heading": 112,
        "destination": "PAPCA",
        "last_position_epoch": 1764717420,
        "last_position_UTC": "2025-12-02T23:17:00Z"
      },
      {
        "lat": 11.460321,
        "lon": -90.705902,
        "speed": 15.6,
        "course": 118,
        "heading": 111,
        "destination": "PAPCA",
        "last_position_epoch": 1764704940,
        "last_position_UTC": "2025-12-02T19:49:00Z"
      },
      {
        "lat": 14.151274,
        "lon": -95.99337,
        "speed": 15.8,
        "course": 116,
        "heading": 110,
        "destination": "PAPCA",
        "last_position_epoch": 1764625680,
        "last_position_UTC": "2025-12-01T21:48:00Z"
      },
      {
        "lat": 14.192527,
        "lon": -96.076363,
        "speed": 15.8,
        "course": 117,
        "heading": 112,
        "destination": "PAPCA",
        "last_position_epoch": 1764623940,
        "last_position_UTC": "2025-12-01T21:19:00Z"
      },
      {
        "lat": 14.33889,
        "lon": -96.366737,
        "speed": 16.2,
        "course": 117,
        "heading": 112,
        "destination": "PAPCA",
        "last_position_epoch": 1764620340,
        "last_position_UTC": "2025-12-01T20:19:00Z"
      },
      {
        "lat": 14.381258,
        "lon": -96.448616,
        "speed": 15.6,
        "course": 118,
        "heading": 114,
        "destination": "PAPCA",
        "last_position_epoch": 1764618540,
        "last_position_UTC": "2025-12-01T19:49:00Z"
      },
      {
        "lat": 14.428507,
        "lon": -96.534576,
        "speed": 15.8,
        "course": 119,
        "heading": 115,
        "destination": "PAPCA",
        "last_position_epoch": 1764616740,
        "last_position_UTC": "2025-12-01T19:19:00Z"
      },
      {
        "lat": 14.50522,
        "lon": -96.674332,
        "speed": 15.8,
        "course": 119,
        "heading": 116,
        "destination": "PAPCA",
        "last_position_epoch": 1764614820,
        "last_position_UTC": "2025-12-01T18:47:00Z"
      },
      {
        "lat": 16.769909,
        "lon": -101.22568,
        "speed": 16.2,
        "course": 115,
        "heading": 113,
        "destination": "PAPCA",
        "last_position_epoch": 1764548220,
        "last_position_UTC": "2025-12-01T00:17:00Z"
      },
      {
        "lat": 17.124474,
        "lon": -101.99828,
        "speed": 16.2,
        "course": 113,
        "heading": 110,
        "destination": "PAPCA",
        "last_position_epoch": 1764537540,
        "last_position_UTC": "2025-11-30T21:19:00Z"
      },
      {
        "lat": 17.172562,
        "lon": -102.10932,
        "speed": 16,
        "course": 114,
        "heading": 111,
        "destination": "PAPCA",
        "last_position_epoch": 1764536160,
        "last_position_UTC": "2025-11-30T20:56:00Z"
      },
      {
        "lat": 17.22106,
        "lon": -102.21217,
        "speed": 15.6,
        "course": 116,
        "heading": 112,
        "destination": "PAPCA",
        "last_position_epoch": 1764534240,
        "last_position_UTC": "2025-11-30T20:24:00Z"
      },
      {
        "lat": 17.589327,
        "lon": -103.03258,
        "speed": 16.1,
        "course": 113,
        "heading": 109,
        "destination": "PAPCA",
        "last_position_epoch": 1764523020,
        "last_position_UTC": "2025-11-30T17:17:00Z"
      },
      {
        "lat": 18.414997,
        "lon": -105.03976,
        "speed": 15.8,
        "course": 113,
        "heading": 105,
        "destination": "PAPCA",
        "last_position_epoch": 1764494513,
        "last_position_UTC": "2025-11-30T09:21:53Z"
      },
      {
        "lat": 18.474884,
        "lon": -105.1839,
        "speed": 16.2,
        "course": 112,
        "heading": 110,
        "destination": "PAPCA",
        "last_position_epoch": 1764492480,
        "last_position_UTC": "2025-11-30T08:48:00Z"
      },
      {
        "lat": 18.525793,
        "lon": -105.3278,
        "speed": 16,
        "course": 111,
        "heading": 108,
        "destination": "PAPCA",
        "last_position_epoch": 1764490680,
        "last_position_UTC": "2025-11-30T08:18:00Z"
      },
      {
        "lat": 18.582483,
        "lon": -105.47089,
        "speed": 15.8,
        "course": 114,
        "heading": 108,
        "destination": "PAPCA",
        "last_position_epoch": 1764488880,
        "last_position_UTC": "2025-11-30T07:48:00Z"
      },
      {
        "lat": 18.626524,
        "lon": -105.57392,
        "speed": 16,
        "course": 113,
        "heading": 109,
        "destination": "PAPCA",
        "last_position_epoch": 1764487080,
        "last_position_UTC": "2025-11-30T07:18:00Z"
      },
      {
        "lat": 18.65138,
        "lon": -105.63361,
        "speed": 15.8,
        "course": 113.4,
        "heading": 109,
        "destination": "PAPCA",
        "last_position_epoch": 1764486246,
        "last_position_UTC": "2025-11-30T07:04:06Z"
      },
      {
        "lat": 18.697278333333333,
        "lon": -105.74937,
        "speed": 16.3,
        "course": 113.3,
        "heading": 106,
        "destination": "PAPCA",
        "last_position_epoch": 1764484639,
        "last_position_UTC": "2025-11-30T06:37:19Z"
      },
      {
        "lat": 18.77031,
        "lon": -105.95162833333333,
        "speed": 16.1,
        "course": 111,
        "heading": 104,
        "destination": "PAPCA",
        "last_position_epoch": 1764481890,
        "last_position_UTC": "2025-11-30T05:51:30Z"
      },
      {
        "lat": 18.817088333333334,
        "lon": -106.06694833333333,
        "speed": 15.6,
        "course": 113,
        "heading": 107,
        "destination": "PAPCA",
        "last_position_epoch": 1764480283,
        "last_position_UTC": "2025-11-30T05:24:43Z"
      },
      {
        "lat": 18.838311666666666,
        "lon": -106.11857833333333,
        "speed": 15.8,
        "course": 114.1,
        "heading": 107,
        "destination": "PAPCA",
        "last_position_epoch": 1764479539,
        "last_position_UTC": "2025-11-30T05:12:19Z"
      },
      {
        "lat": 18.895661666666665,
        "lon": -106.26148,
        "speed": 16.3,
        "course": 111.5,
        "heading": 107,
        "destination": "PAPCA",
        "last_position_epoch": 1764477589,
        "last_position_UTC": "2025-11-30T04:39:49Z"
      },
      {
        "lat": 18.946575,
        "lon": -106.40060333333334,
        "speed": 16.1,
        "course": 110.1,
        "heading": 106,
        "destination": "PAPCA",
        "last_position_epoch": 1764475698,
        "last_position_UTC": "2025-11-30T04:08:18Z"
      },
      {
        "lat": 18.996265,
        "lon": -106.536175,
        "speed": 16.3,
        "course": 111.4,
        "heading": 106,
        "destination": "PAPCA",
        "last_position_epoch": 1764473851,
        "last_position_UTC": "2025-11-30T03:37:31Z"
      },
      {
        "lat": 19.045633333333335,
        "lon": -106.666325,
        "speed": 16.1,
        "course": 112.2,
        "heading": 107,
        "destination": "PAPCA",
        "last_position_epoch": 1764472080,
        "last_position_UTC": "2025-11-30T03:08:00Z"
      },
      {
        "lat": 19.092311666666667,
        "lon": -106.78949333333334,
        "speed": 16,
        "course": 111,
        "heading": 106,
        "destination": "PAPCA",
        "last_position_epoch": 1764470394,
        "last_position_UTC": "2025-11-30T02:39:54Z"
      },
      {
        "lat": 19.13591,
        "lon": -106.90744666666667,
        "speed": 16.1,
        "course": 111.8,
        "heading": 106,
        "destination": "PAPCA",
        "last_position_epoch": 1764468780,
        "last_position_UTC": "2025-11-30T02:13:00Z"
      },
      {
        "lat": 19.18768,
        "lon": -107.03840333333333,
        "speed": 16.1,
        "course": 112.4,
        "heading": 108,
        "destination": "PAPCA",
        "last_position_epoch": 1764466981,
        "last_position_UTC": "2025-11-30T01:43:01Z"
      },
      {
        "lat": 19.284479,
        "lon": -107.28152,
        "speed": 16,
        "course": 111,
        "heading": 108,
        "destination": "PAPCA",
        "last_position_epoch": 1764464220,
        "last_position_UTC": "2025-11-30T00:57:00Z"
      },
      {
        "lat": 19.300176666666665,
        "lon": -107.323,
        "speed": 15.9,
        "course": 112.1,
        "heading": 108,
        "destination": "PAPCA",
        "last_position_epoch": 1764463074,
        "last_position_UTC": "2025-11-30T00:37:54Z"
      },
      {
        "lat": 19.35074,
        "lon": -107.44955166666666,
        "speed": 16.1,
        "course": 113.2,
        "heading": 109,
        "destination": "PAPCA",
        "last_position_epoch": 1764461316,
        "last_position_UTC": "2025-11-30T00:08:36Z"
      },
      {
        "lat": 19.395055,
        "lon": -107.562315,
        "speed": 16,
        "course": 110.8,
        "heading": 107,
        "destination": "PAPCA",
        "last_position_epoch": 1764459769,
        "last_position_UTC": "2025-11-29T23:42:49Z"
      },
      {
        "lat": 19.441516666666665,
        "lon": -107.694175,
        "speed": 16,
        "course": 111.6,
        "heading": 106,
        "destination": "PAPCA",
        "last_position_epoch": 1764457974,
        "last_position_UTC": "2025-11-29T23:12:54Z"
      },
      {
        "lat": 19.52748,
        "lon": -107.92275166666667,
        "speed": 16,
        "course": 111.7,
        "heading": 106,
        "destination": "PAPCA",
        "last_position_epoch": 1764454843,
        "last_position_UTC": "2025-11-29T22:20:43Z"
      },
      {
        "lat": 19.57254,
        "lon": -108.04183,
        "speed": 16.2,
        "course": 112.2,
        "heading": 105,
        "destination": "PAPCA",
        "last_position_epoch": 1764453211,
        "last_position_UTC": "2025-11-29T21:53:31Z"
      },
      {
        "lat": 19.596271666666667,
        "lon": -108.10883333333334,
        "speed": 16.2,
        "course": 109.3,
        "heading": 102,
        "destination": "PAPCA",
        "last_position_epoch": 1764452311,
        "last_position_UTC": "2025-11-29T21:38:31Z"
      }
    ]
  },
  "meta": {
    "duration": 0.014123629,
    "endpoint": "/api/v0/vessel_history",
    "success": true
  }
}