{
  "data": {
    "uuid": "4d34cbd9-9164-e327-1689-cafaf12414ad",
    "name": "HYUNDAI SATURN",
    "mmsi": "232024771",
    "imo": "9725146",
    "eni": null,
    "country_iso": "GB",
    "type": "Cargo",
    "type_specific": "Container Ship",
    "positions": [
      {
        "lat": 7.185565,
        "lon": -82.332573,
        "speed": 12.6,
        "course": 300,
        "heading": null,
        "destination": "TWKHH",
        "last_position_epoch": 1764955020,
        "last_position_UTC": "2025-12-05T17:17:00Z"
      },
      {
        "lat": 6.9726615,
        "lon": -81.539909,
        "speed": 12.8,
        "course": 270,
        "heading": 270,
        "destination": "TWKHH",
        "last_position_epoch": 1764940680,
        "last_position_UTC": "2025-12-05T13:18:00Z"
      },
      {
        "lat": 6.9699035,
        "lon": -81.417175,
        "speed": 12.8,
        "course": 271,
        "heading": 270,
        "destination": "TWKHH",
        "last_position_epoch": 1764938820,
        "last_position_UTC": "2025-12-05T12:47:00Z"
      },
      {
        "lat": 6.9681001,
        "lon": -81.301353,
        "speed": 13,
        "course": 269,
        "heading": 270,
        "destination": "TWKHH",
        "last_position_epoch": 1764937020,
        "last_position_UTC": "2025-12-05T12:17:00Z"
      },
      {
        "lat": 7.0351448,
        "lon": -80.167503,
        "speed": 14.8,
        "course": 225,
        "heading": 224,
        "destination": "TWKHH",
        "last_position_epoch": 1764919260,
        "last_position_UTC": "2025-12-05T07:21:00Z"
      },
      {
        "lat": 7.1196599,
        "lon": -80.083206,
        "speed": 14.8,
        "course": 224,
        "heading": 224,
        "destination": "TWKHH",
        "last_position_epoch": 1764917640,
        "last_position_UTC": "2025-12-05T06:54:00Z"
      },
      {
        "lat": 7.2279067,
        "lon": -79.976601,
        "speed": 14.6,
        "course": 225,
        "heading": 227,
        "destination": "TWKHH",
        "last_position_epoch": 1764915480,
        "last_position_UTC": "2025-12-05T06:18:00Z"
      },
      {
        "lat": 7.3086715,
        "lon": -79.89183,
        "speed": 14.3,
        "course": 228,
        "heading": 230,
        "destination": "TWKHH",
        "last_position_epoch": 1764914100,
        "last_position_UTC": "2025-12-05T05:55:00Z"
      },
      {
        "lat": 7.365005,
        "lon": -79.829033,
        "speed": 14.1,
        "course": 223,
        "heading": 225,
        "destination": "TWKHH",
        "last_position_epoch": 1764912240,
        "last_position_UTC": "2025-12-05T05:24:00Z"
      },
      {
        "lat": 7.4826932,
        "lon": -79.715759,
        "speed": 13.1,
        "course": 225,
        "heading": 225,
        "destination": "TWKHH",
        "last_position_epoch": 1764910140,
        "last_position_UTC": "2025-12-05T04:49:00Z"
      },
      {
        "lat": 7.5654082,
        "lon": -79.633102,
        "speed": 13.1,
        "course": 223,
        "heading": 224,
        "destination": "TWKHH",
        "last_position_epoch": 1764908280,
        "last_position_UTC": "2025-12-05T04:18:00Z"
      },
      {
        "lat": 7.6226835,
        "lon": -79.578079,
        "speed": 13,
        "course": 223,
        "heading": 222,
        "destination": "TWKHH",
        "last_position_epoch": 1764906480,
        "last_position_UTC": "2025-12-05T03:48:00Z"
      },
      {
        "lat": 7.7096834,
        "lon": -79.491829,
        "speed": 13.1,
        "course": 225,
        "heading": 224,
        "destination": "TWKHH",
        "last_position_epoch": 1764904920,
        "last_position_UTC": "2025-12-05T03:22:00Z"
      },
      {
        "lat": 7.7825117,
        "lon": -79.461235,
        "speed": 12.3,
        "course": 174,
        "heading": 171,
        "destination": "TWKHH",
        "last_position_epoch": 1764903420,
        "last_position_UTC": "2025-12-05T02:57:00Z"
      },
      {
        "lat": 7.8927383,
        "lon": -79.464424,
        "speed": 12.3,
        "course": 180,
        "heading": 176,
        "destination": "TWKHH",
        "last_position_epoch": 1764901860,
        "last_position_UTC": "2025-12-05T02:31:00Z"
      },
      {
        "lat": 8.0033913,
        "lon": -79.464272,
        "speed": 12.6,
        "course": 183,
        "heading": 180,
        "destination": "TWKHH",
        "last_position_epoch": 1764899940,
        "last_position_UTC": "2025-12-05T01:59:00Z"
      },
      {
        "lat": 8.117487,
        "lon": -79.458435,
        "speed": 13,
        "course": 181,
        "heading": 180,
        "destination": "TWKHH",
        "last_position_epoch": 1764897900,
        "last_position_UTC": "2025-12-05T01:25:00Z"
      },
      {
        "lat": 8.2356052,
        "lon": -79.454063,
        "speed": 13,
        "course": 182,
        "heading": 182,
        "destination": "TWKHH",
        "last_position_epoch": 1764895800,
        "last_position_UTC": "2025-12-05T00:50:00Z"
      },
      {
        "lat": 8.3562984,
        "lon": -79.454643,
        "speed": 12.6,
        "course": 178,
        "heading": 178,
        "destination": "TWKHH",
        "last_position_epoch": 1764893880,
        "last_position_UTC": "2025-12-05T00:18:00Z"
      },
      {
        "lat": 8.3865814,
        "lon": -79.455521,
        "speed": 12.8,
        "course": 178,
        "heading": 178,
        "destination": "TWKHH",
        "last_position_epoch": 1764893158,
        "last_position_UTC": "2025-12-05T00:05:58Z"
      },
      {
        "lat": 8.5573349,
        "lon": -79.457199,
        "speed": 14.1,
        "course": 179,
        "heading": 178,
        "destination": "TWKHH",
        "last_position_epoch": 1764890700,
        "last_position_UTC": "2025-12-04T23:25:00Z"
      },
      {
        "lat": 8.7110586,
        "lon": -79.460251,
        "speed": 18.2,
        "course": 177,
        "heading": 177,
        "destination": "TWKHH",
        "last_position_epoch": 1764889080,
        "last_position_UTC": "2025-12-04T22:58:00Z"
      },
      {
        "lat": 8.8718033,
        "lon": -79.509041,
        "speed": 12.6,
        "course": 141,
        "heading": 139,
        "destination": "PAPCN",
        "last_position_epoch": 1764886740,
        "last_position_UTC": "2025-12-04T22:19:00Z"
      },
      {
        "lat": 8.9142179,
        "lon": -79.542313,
        "speed": 7,
        "course": 142,
        "heading": 142,
        "destination": "PAPCN",
        "last_position_epoch": 1764884880,
        "last_position_UTC": "2025-12-04T21:48:00Z"
      },
      {
        "lat": 8.9443569,
        "lon": -79.565857,
        "speed": 5,
        "course": 142,
        "heading": 143,
        "destination": "PAPCN",
        "last_position_epoch": 1764883560,
        "last_position_UTC": "2025-12-04T21:26:00Z"
      },
      {
        "lat": 8.9750996,
        "lon": -79.583832,
        "speed": 1.6,
        "course": 142,
        "heading": 142,
        "destination": "PAPCN",
        "last_position_epoch": 1764881820,
        "last_position_UTC": "2025-12-04T20:57:00Z"
      },
      {
        "lat": 8.9782486,
        "lon": -79.586319,
        "speed": 0.8,
        "course": 141,
        "heading": 143,
        "destination": "PAPCN",
        "last_position_epoch": 1764879900,
        "last_position_UTC": "2025-12-04T20:25:00Z"
      },
      {
        "lat": 8.982893,
        "lon": -79.589943,
        "speed": 1.2,
        "course": 141,
        "heading": 142,
        "destination": "PAPCN",
        "last_position_epoch": 1764877920,
        "last_position_UTC": "2025-12-04T19:52:00Z"
      },
      {
        "lat": 8.9842634,
        "lon": -79.59108,
        "speed": 0.6,
        "course": 135,
        "heading": 143,
        "destination": "PAPCN",
        "last_position_epoch": 1764875880,
        "last_position_UTC": "2025-12-04T19:18:00Z"
      },
      {
        "lat": 8.9903421,
        "lon": -79.59594,
        "speed": 1,
        "course": 134,
        "heading": 133,
        "destination": "PAPCN",
        "last_position_epoch": 1764874080,
        "last_position_UTC": "2025-12-04T18:48:00Z"
      },
      {
        "lat": 9.0189667,
        "lon": -79.620422,
        "speed": 6.5,
        "course": 130,
        "heading": 131,
        "destination": "PAPCN",
        "last_position_epoch": 1764872340,
        "last_position_UTC": "2025-12-04T18:19:00Z"
      },
      {
        "lat": 9.0838766,
        "lon": -79.677948,
        "speed": 8.3,
        "course": 155,
        "heading": 158,
        "destination": "PAPCN",
        "last_position_epoch": 1764870420,
        "last_position_UTC": "2025-12-04T17:47:00Z"
      },
      {
        "lat": 9.2534285,
        "lon": -79.916145,
        "speed": 0,
        "course": 245,
        "heading": 2,
        "destination": "PAPCN",
        "last_position_epoch": 1764859740,
        "last_position_UTC": "2025-12-04T14:49:00Z"
      },
      {
        "lat": 9.2534571,
        "lon": -79.916016,
        "speed": 0,
        "course": 169,
        "heading": 359,
        "destination": "PAPCN",
        "last_position_epoch": 1764858000,
        "last_position_UTC": "2025-12-04T14:20:00Z"
      },
      {
        "lat": 9.2540264,
        "lon": -79.915108,
        "speed": 0.1,
        "course": 235,
        "heading": 306,
        "destination": "PAPCN",
        "last_position_epoch": 1764854220,
        "last_position_UTC": "2025-12-04T13:17:00Z"
      },
      {
        "lat": 9.2845697,
        "lon": -79.914413,
        "speed": 0.8,
        "course": 175,
        "heading": 171,
        "destination": "PAPCN",
        "last_position_epoch": 1764843420,
        "last_position_UTC": "2025-12-04T10:17:00Z"
      },
      {
        "lat": 9.4781981,
        "lon": -79.89183,
        "speed": 9.6,
        "course": 229,
        "heading": 230,
        "destination": "PAPCN",
        "last_position_epoch": 1764836220,
        "last_position_UTC": "2025-12-04T08:17:00Z"
      },
      {
        "lat": 9.5072498,
        "lon": -79.84745,
        "speed": 1,
        "course": 223,
        "heading": 123,
        "destination": "PAPCN",
        "last_position_epoch": 1764834240,
        "last_position_UTC": "2025-12-04T07:44:00Z"
      },
      {
        "lat": 9.5265913,
        "lon": -79.842377,
        "speed": 0.8,
        "course": 150,
        "heading": 100,
        "destination": "PAPCN",
        "last_position_epoch": 1764830820,
        "last_position_UTC": "2025-12-04T06:47:00Z"
      },
      {
        "lat": 9.4921665,
        "lon": -79.851303,
        "speed": 3.7,
        "course": 358,
        "heading": 352,
        "destination": "PAPCN",
        "last_position_epoch": 1764827400,
        "last_position_UTC": "2025-12-04T05:50:00Z"
      },
      {
        "lat": 9.4925871,
        "lon": -79.856697,
        "speed": 0.6,
        "course": 207,
        "heading": 112,
        "destination": "PAPCN",
        "last_position_epoch": 1764826099,
        "last_position_UTC": "2025-12-04T05:28:19Z"
      },
      {
        "lat": 9.5033054,
        "lon": -79.853043,
        "speed": 0.8,
        "course": 186,
        "heading": 106,
        "destination": "PAPCN",
        "last_position_epoch": 1764823740,
        "last_position_UTC": "2025-12-04T04:49:00Z"
      },
      {
        "lat": 9.5136881,
        "lon": -79.854172,
        "speed": 0.8,
        "course": 157,
        "heading": 122,
        "destination": "PAPCN",
        "last_position_epoch": 1764821880,
        "last_position_UTC": "2025-12-04T04:18:00Z"
      },
      {
        "lat": 9.5345469,
        "lon": -79.860886,
        "speed": 1.2,
        "course": 349,
        "heading": 10,
        "destination": "PAPCN",
        "last_position_epoch": 1764818700,
        "last_position_UTC": "2025-12-04T03:25:00Z"
      },
      {
        "lat": 9.5254116,
        "lon": -79.855652,
        "speed": 3,
        "course": 314,
        "heading": 324,
        "destination": "PAPCN",
        "last_position_epoch": 1764817140,
        "last_position_UTC": "2025-12-04T02:59:00Z"
      },
      {
        "lat": 9.5135136,
        "lon": -79.84597,
        "speed": 0.6,
        "course": 180,
        "heading": 113,
        "destination": "PAPCN",
        "last_position_epoch": 1764815280,
        "last_position_UTC": "2025-12-04T02:28:00Z"
      },
      {
        "lat": 9.5190601,
        "lon": -79.848869,
        "speed": 0.6,
        "course": 71,
        "heading": 61,
        "destination": "PAPCN",
        "last_position_epoch": 1764813360,
        "last_position_UTC": "2025-12-04T01:56:00Z"
      },
      {
        "lat": 9.5004463,
        "lon": -79.861374,
        "speed": 4.8,
        "course": 49,
        "heading": 42,
        "destination": "PAPCN",
        "last_position_epoch": 1764811320,
        "last_position_UTC": "2025-12-04T01:22:00Z"
      },
      {
        "lat": 9.5258799,
        "lon": -79.886482,
        "speed": 9.8,
        "course": 198,
        "heading": 202,
        "destination": "PAPCN",
        "last_position_epoch": 1764809280,
        "last_position_UTC": "2025-12-04T00:48:00Z"
      },
      {
        "lat": 9.6070118,
        "lon": -79.855782,
        "speed": 11.5,
        "course": 202,
        "heading": 204,
        "destination": "PAPCN",
        "last_position_epoch": 1764807420,
        "last_position_UTC": "2025-12-04T00:17:00Z"
      },
      {
        "lat": 9.7328663,
        "lon": -79.80127,
        "speed": 11.5,
        "course": 205,
        "heading": 206,
        "destination": "PAPCN",
        "last_position_epoch": 1764805680,
        "last_position_UTC": "2025-12-03T23:48:00Z"
      },
      {
        "lat": 9.7919664,
        "lon": -79.769226,
        "speed": 11.3,
        "course": 209,
        "heading": 210,
        "destination": "PAPCN",
        "last_position_epoch": 1764804000,
        "last_position_UTC": "2025-12-03T23:20:00Z"
      },
      {
        "lat": 9.8740053,
        "lon": -79.72081,
        "speed": 11.1,
        "course": 210,
        "heading": 210,
        "destination": "PAPCN",
        "last_position_epoch": 1764802020,
        "last_position_UTC": "2025-12-03T22:47:00Z"
      },
      {
        "lat": 10.048491,
        "lon": -79.622246,
        "speed": 11.1,
        "course": 208,
        "heading": 210,
        "destination": "PAPCN",
        "last_position_epoch": 1764798420,
        "last_position_UTC": "2025-12-03T21:47:00Z"
      },
      {
        "lat": 10.135854,
        "lon": -79.572746,
        "speed": 11.1,
        "course": 209,
        "heading": 210,
        "destination": "PAPCN",
        "last_position_epoch": 1764796680,
        "last_position_UTC": "2025-12-03T21:18:00Z"
      },
      {
        "lat": 10.300743,
        "lon": -79.476784,
        "speed": 11.1,
        "course": 209,
        "heading": 210,
        "destination": "PAPCN",
        "last_position_epoch": 1764793020,
        "last_position_UTC": "2025-12-03T20:17:00Z"
      },
      {
        "lat": 10.356731,
        "lon": -79.445084,
        "speed": 11,
        "course": 207,
        "heading": 207,
        "destination": "PAPCN",
        "last_position_epoch": 1764791280,
        "last_position_UTC": "2025-12-03T19:48:00Z"
      },
      {
        "lat": 10.631472,
        "lon": -79.305397,
        "speed": 11.1,
        "course": 206,
        "heading": 206,
        "destination": "PAPCN",
        "last_position_epoch": 1764785880,
        "last_position_UTC": "2025-12-03T18:18:00Z"
      },
      {
        "lat": 11.478662,
        "lon": -78.847542,
        "speed": 10.6,
        "course": 208,
        "heading": 209,
        "destination": "PAPCN",
        "last_position_epoch": 1764766080,
        "last_position_UTC": "2025-12-03T12:48:00Z"
      },
      {
        "lat": 11.725503,
        "lon": -78.709396,
        "speed": 10.8,
        "course": 209,
        "heading": 211,
        "destination": "PAPCN",
        "last_position_epoch": 1764760440,
        "last_position_UTC": "2025-12-03T11:14:00Z"
      },
      {
        "lat": 12.215834,
        "lon": -78.439926,
        "speed": 11,
        "course": 207,
        "heading": 206,
        "destination": "PAPCN",
        "last_position_epoch": 1764749820,
        "last_position_UTC": "2025-12-03T08:17:00Z"
      },
      {
        "lat": 12.302307,
        "lon": -78.392464,
        "speed": 11.1,
        "course": 208,
        "heading": 206,
        "destination": "PAPCN",
        "last_position_epoch": 1764747960,
        "last_position_UTC": "2025-12-03T07:46:00Z"
      },
      {
        "lat": 12.389664,
        "lon": -78.343964,
        "speed": 11.1,
        "course": 208,
        "heading": 204,
        "destination": "PAPCN",
        "last_position_epoch": 1764746040,
        "last_position_UTC": "2025-12-03T07:14:00Z"
      },
      {
        "lat": 12.556235,
        "lon": -78.253036,
        "speed": 11,
        "course": 208,
        "heading": 204,
        "destination": "PAPCN",
        "last_position_epoch": 1764742800,
        "last_position_UTC": "2025-12-03T06:20:00Z"
      },
      {
        "lat": 12.618783,
        "lon": -78.218483,
        "speed": 10.8,
        "course": 208,
        "heading": 204,
        "destination": "PAPCN",
        "last_position_epoch": 1764740880,
        "last_position_UTC": "2025-12-03T05:48:00Z"
      },
      {
        "lat": 12.695115,
        "lon": -78.176208,
        "speed": 10.8,
        "course": 208,
        "heading": 204,
        "destination": "PAPCN",
        "last_position_epoch": 1764739080,
        "last_position_UTC": "2025-12-03T05:18:00Z"
      },
      {
        "lat": 13.098832,
        "lon": -77.951019,
        "speed": 11,
        "course": 206,
        "heading": 203,
        "destination": "PAPCN",
        "last_position_epoch": 1764730140,
        "last_position_UTC": "2025-12-03T02:49:00Z"
      },
      {
        "lat": 14.038201,
        "lon": -77.426804,
        "speed": 11.1,
        "course": 211,
        "heading": 208,
        "destination": "PAPCN",
        "last_position_epoch": 1764708420,
        "last_position_UTC": "2025-12-02T20:47:00Z"
      },
      {
        "lat": 14.11841,
        "lon": -77.376534,
        "speed": 11,
        "course": 211,
        "heading": 208,
        "destination": "PAPCN",
        "last_position_epoch": 1764706500,
        "last_position_UTC": "2025-12-02T20:15:00Z"
      },
      {
        "lat": 14.277245,
        "lon": -77.290916,
        "speed": 10.8,
        "course": 208,
        "heading": 204,
        "destination": "PAPCN",
        "last_position_epoch": 1764702960,
        "last_position_UTC": "2025-12-02T19:16:00Z"
      },
      {
        "lat": 14.839185,
        "lon": -76.97155,
        "speed": 10.8,
        "course": 209,
        "heading": 209,
        "destination": "PAPCN",
        "last_position_epoch": 1764690420,
        "last_position_UTC": "2025-12-02T15:47:00Z"
      },
      {
        "lat": 15.002107,
        "lon": -76.87989,
        "speed": 10.6,
        "course": 207,
        "heading": 206,
        "destination": "PAPCN",
        "last_position_epoch": 1764686640,
        "last_position_UTC": "2025-12-02T14:44:00Z"
      },
      {
        "lat": 15.083233,
        "lon": -76.83564,
        "speed": 10.6,
        "course": 208,
        "heading": 206,
        "destination": "PAPCN",
        "last_position_epoch": 1764684900,
        "last_position_UTC": "2025-12-02T14:15:00Z"
      },
      {
        "lat": 15.134104,
        "lon": -76.807121,
        "speed": 10.6,
        "course": 208,
        "heading": 206,
        "destination": "PAPCN",
        "last_position_epoch": 1764683100,
        "last_position_UTC": "2025-12-02T13:45:00Z"
      },
      {
        "lat": 15.21417,
        "lon": -76.760117,
        "speed": 10.8,
        "course": 209,
        "heading": 206,
        "destination": "PAPCN",
        "last_position_epoch": 1764681360,
        "last_position_UTC": "2025-12-02T13:16:00Z"
      },
      {
        "lat": 15.376285,
        "lon": -76.664444,
        "speed": 11.1,
        "course": 209,
        "heading": 206,
        "destination": "PAPCN",
        "last_position_epoch": 1764677700,
        "last_position_UTC": "2025-12-02T12:15:00Z"
      },
      {
        "lat": 17.02379,
        "lon": -75.723152,
        "speed": 10.8,
        "course": 211,
        "heading": 211,
        "destination": "PAPCN",
        "last_position_epoch": 1764640380,
        "last_position_UTC": "2025-12-02T01:53:00Z"
      },
      {
        "lat": 18.985102,
        "lon": -74.597298,
        "speed": 10.5,
        "course": 20,
        "heading": 212,
        "destination": "PAPCN",
        "last_position_epoch": 1764595920,
        "last_position_UTC": "2025-12-01T13:32:00Z"
      },
      {
        "lat": 19.453205,
        "lon": -74.356331,
        "speed": 11.6,
        "course": 20,
        "heading": 206,
        "destination": "PAPCN",
        "last_position_epoch": 1764586020,
        "last_position_UTC": "2025-12-01T10:47:00Z"
      },
      {
        "lat": 19.512716,
        "lon": -74.324188,
        "speed": 11.8,
        "course": 20,
        "heading": 206,
        "destination": "PAPCN",
        "last_position_epoch": 1764584220,
        "last_position_UTC": "2025-12-01T10:17:00Z"
      },
      {
        "lat": 20.050262,
        "lon": -74.033989,
        "speed": 11.8,
        "course": 20,
        "heading": 202,
        "destination": "PAPCN",
        "last_position_epoch": 1764573240,
        "last_position_UTC": "2025-12-01T07:14:00Z"
      },
      {
        "lat": 24.344151,
        "lon": -74.066978,
        "speed": 10.6,
        "course": 156,
        "heading": 152,
        "destination": "PAPCN",
        "last_position_epoch": 1764483720,
        "last_position_UTC": "2025-11-30T06:22:00Z"
      },
      {
        "lat": 24.415403,
        "lon": -74.102509,
        "speed": 10.6,
        "course": 155,
        "heading": 151,
        "destination": "PAPCN",
        "last_position_epoch": 1764481860,
        "last_position_UTC": "2025-11-30T05:51:00Z"
      },
      {
        "lat": 24.577835,
        "lon": -74.181732,
        "speed": 11.5,
        "course": 156,
        "heading": 152,
        "destination": "PAPCN",
        "last_position_epoch": 1764478080,
        "last_position_UTC": "2025-11-30T04:48:00Z"
      }
    ]
  },
  "meta": {
    "duration": 0.020624261,
    "endpoint": "/api/v0/vessel_history",
    "success": true
  }
}