{
  "data": {
    "uuid": "ed25cccc-56b4-0500-d9f6-f7c993c85e52",
    "name": "BRIGHT FUJI",
    "mmsi": "352003419",
    "imo": "9989833",
    "eni": null,
    "country_iso": "PA",
    "type": "Cargo",
    "type_specific": "Container Ship",
    "positions": [
      {
        "lat": 19.656931,
        "lon": 72.434517,
        "speed": 19,
        "course": 156,
        "heading": 152,
        "destination": "INNSA",
        "last_position_epoch": 1765029840,
        "last_position_UTC": "2025-12-06T14:04:00Z"
      },
      {
        "lat": 19.783205,
        "lon": 72.322922,
        "speed": 17.7,
        "course": 128,
        "heading": 119,
        "destination": "INNSA",
        "last_position_epoch": 1765028040,
        "last_position_UTC": "2025-12-06T13:34:00Z"
      },
      {
        "lat": 19.835379,
        "lon": 72.181252,
        "speed": 16.5,
        "course": 105,
        "heading": 98,
        "destination": "INNSA",
        "last_position_epoch": 1765026300,
        "last_position_UTC": "2025-12-06T13:05:00Z"
      },
      {
        "lat": 19.877617,
        "lon": 72.029747,
        "speed": 16.1,
        "course": 104,
        "heading": 98,
        "destination": "INNSA",
        "last_position_epoch": 1765024500,
        "last_position_UTC": "2025-12-06T12:35:00Z"
      },
      {
        "lat": 19.908075,
        "lon": 71.912468,
        "speed": 15.8,
        "course": 104,
        "heading": 98,
        "destination": "INNSA",
        "last_position_epoch": 1765022640,
        "last_position_UTC": "2025-12-06T12:04:00Z"
      },
      {
        "lat": 19.914467,
        "lon": 71.791992,
        "speed": 15.8,
        "course": 93,
        "heading": 88,
        "destination": "INNSA",
        "last_position_epoch": 1765020900,
        "last_position_UTC": "2025-12-06T11:35:00Z"
      },
      {
        "lat": 19.911686,
        "lon": 71.639519,
        "speed": 16,
        "course": 91,
        "heading": 88,
        "destination": "INNSA",
        "last_position_epoch": 1765019100,
        "last_position_UTC": "2025-12-06T11:05:00Z"
      },
      {
        "lat": 19.90513,
        "lon": 71.490349,
        "speed": 16.2,
        "course": 90,
        "heading": 88,
        "destination": "INNSA",
        "last_position_epoch": 1765017240,
        "last_position_UTC": "2025-12-06T10:34:00Z"
      },
      {
        "lat": 19.96133,
        "lon": 71.293922,
        "speed": 16.2,
        "course": 123,
        "heading": null,
        "destination": "INNSA",
        "last_position_epoch": 1765014900,
        "last_position_UTC": "2025-12-06T09:55:00Z"
      },
      {
        "lat": 20.018301,
        "lon": 71.21608,
        "speed": 15.6,
        "course": 122,
        "heading": null,
        "destination": "INNSA",
        "last_position_epoch": 1765013220,
        "last_position_UTC": "2025-12-06T09:27:00Z"
      },
      {
        "lat": 20.102606,
        "lon": 71.121635,
        "speed": 17.2,
        "course": 127,
        "heading": null,
        "destination": "INNSA",
        "last_position_epoch": 1765011660,
        "last_position_UTC": "2025-12-06T09:01:00Z"
      },
      {
        "lat": 20.216036,
        "lon": 70.968117,
        "speed": 16.7,
        "course": 127,
        "heading": null,
        "destination": "INNSA",
        "last_position_epoch": 1765009860,
        "last_position_UTC": "2025-12-06T08:31:00Z"
      },
      {
        "lat": 20.304792,
        "lon": 70.844963,
        "speed": 17.2,
        "course": 126,
        "heading": null,
        "destination": "INNSA",
        "last_position_epoch": 1765007820,
        "last_position_UTC": "2025-12-06T07:57:00Z"
      },
      {
        "lat": 20.38364,
        "lon": 70.734947,
        "speed": 16.7,
        "course": 126,
        "heading": null,
        "destination": "INNSA",
        "last_position_epoch": 1765006200,
        "last_position_UTC": "2025-12-06T07:30:00Z"
      },
      {
        "lat": 20.468416,
        "lon": 70.598099,
        "speed": 17.1,
        "course": 121,
        "heading": null,
        "destination": "INNSA",
        "last_position_epoch": 1765004400,
        "last_position_UTC": "2025-12-06T07:00:00Z"
      },
      {
        "lat": 20.51198,
        "lon": 70.527252,
        "speed": 17.1,
        "course": 124,
        "heading": null,
        "destination": "INNSA",
        "last_position_epoch": 1765002960,
        "last_position_UTC": "2025-12-06T06:36:00Z"
      },
      {
        "lat": 20.620964,
        "lon": 70.378906,
        "speed": 16.8,
        "course": 130,
        "heading": 134,
        "destination": "INNSA",
        "last_position_epoch": 1765000980,
        "last_position_UTC": "2025-12-06T06:03:00Z"
      },
      {
        "lat": 20.686995,
        "lon": 70.287224,
        "speed": 17.1,
        "course": 127,
        "heading": null,
        "destination": "INNSA",
        "last_position_epoch": 1764999120,
        "last_position_UTC": "2025-12-06T05:32:00Z"
      },
      {
        "lat": 20.928627,
        "lon": 70.004372,
        "speed": 17,
        "course": 130,
        "heading": 130,
        "destination": "INNSA",
        "last_position_epoch": 1764994980,
        "last_position_UTC": "2025-12-06T04:23:00Z"
      },
      {
        "lat": 20.975325,
        "lon": 69.953484,
        "speed": 16.7,
        "course": 136,
        "heading": 135,
        "destination": "INNSA",
        "last_position_epoch": 1764993900,
        "last_position_UTC": "2025-12-06T04:05:00Z"
      },
      {
        "lat": 21.081562,
        "lon": 69.869247,
        "speed": 16.7,
        "course": 135,
        "heading": 134,
        "destination": "INNSA",
        "last_position_epoch": 1764992100,
        "last_position_UTC": "2025-12-06T03:35:00Z"
      },
      {
        "lat": 21.16946,
        "lon": 69.777519,
        "speed": 16.5,
        "course": 138,
        "heading": 137,
        "destination": "INNSA",
        "last_position_epoch": 1764990420,
        "last_position_UTC": "2025-12-06T03:07:00Z"
      },
      {
        "lat": 21.274693,
        "lon": 69.672363,
        "speed": 16.7,
        "course": 134,
        "heading": 133,
        "destination": "INNSA",
        "last_position_epoch": 1764988500,
        "last_position_UTC": "2025-12-06T02:35:00Z"
      },
      {
        "lat": 21.449818,
        "lon": 69.496567,
        "speed": 16.7,
        "course": 139,
        "heading": 139,
        "destination": "INNSA",
        "last_position_epoch": 1764985680,
        "last_position_UTC": "2025-12-06T01:48:00Z"
      },
      {
        "lat": 21.525511,
        "lon": 69.422859,
        "speed": 16.7,
        "course": 126,
        "heading": 127,
        "destination": "INNSA",
        "last_position_epoch": 1764984540,
        "last_position_UTC": "2025-12-06T01:29:00Z"
      },
      {
        "lat": 21.581944,
        "lon": 69.345627,
        "speed": 17.1,
        "course": 133,
        "heading": 130,
        "destination": "INNSA",
        "last_position_epoch": 1764982920,
        "last_position_UTC": "2025-12-06T01:02:00Z"
      },
      {
        "lat": 21.852228,
        "lon": 69.066956,
        "speed": 17.6,
        "course": 136,
        "heading": null,
        "destination": "INNSA",
        "last_position_epoch": 1764978600,
        "last_position_UTC": "2025-12-05T23:50:00Z"
      },
      {
        "lat": 21.90477,
        "lon": 69.011757,
        "speed": 17.6,
        "course": 135,
        "heading": null,
        "destination": "INNSA",
        "last_position_epoch": 1764977520,
        "last_position_UTC": "2025-12-05T23:32:00Z"
      },
      {
        "lat": 22.036243,
        "lon": 68.870628,
        "speed": 17.7,
        "course": 133,
        "heading": null,
        "destination": "INNSA",
        "last_position_epoch": 1764975660,
        "last_position_UTC": "2025-12-05T23:01:00Z"
      },
      {
        "lat": 22.098682,
        "lon": 68.80085,
        "speed": 17.3,
        "course": 136,
        "heading": 133,
        "destination": "INNSA",
        "last_position_epoch": 1764974220,
        "last_position_UTC": "2025-12-05T22:37:00Z"
      },
      {
        "lat": 22.274498,
        "lon": 68.768288,
        "speed": 18.2,
        "course": 185,
        "heading": 184,
        "destination": "INNSA",
        "last_position_epoch": 1764972000,
        "last_position_UTC": "2025-12-05T22:00:00Z"
      },
      {
        "lat": 22.392157,
        "lon": 68.810905,
        "speed": 18,
        "course": 199,
        "heading": null,
        "destination": "INNSA",
        "last_position_epoch": 1764970320,
        "last_position_UTC": "2025-12-05T21:32:00Z"
      },
      {
        "lat": 22.574001,
        "lon": 68.895332,
        "speed": 17.1,
        "course": 209,
        "heading": null,
        "destination": "INNSA",
        "last_position_epoch": 1764968460,
        "last_position_UTC": "2025-12-05T21:01:00Z"
      },
      {
        "lat": 22.635963,
        "lon": 68.977104,
        "speed": 16.2,
        "course": 260,
        "heading": null,
        "destination": "INNSA",
        "last_position_epoch": 1764966600,
        "last_position_UTC": "2025-12-05T20:30:00Z"
      },
      {
        "lat": 22.643198,
        "lon": 69.131882,
        "speed": 15.3,
        "course": 267,
        "heading": null,
        "destination": "INNSA",
        "last_position_epoch": 1764964980,
        "last_position_UTC": "2025-12-05T20:03:00Z"
      },
      {
        "lat": 22.612564,
        "lon": 69.244171,
        "speed": 14.3,
        "course": 292,
        "heading": null,
        "destination": "INNSA",
        "last_position_epoch": 1764963060,
        "last_position_UTC": "2025-12-05T19:31:00Z"
      },
      {
        "lat": 22.617311,
        "lon": 69.365791,
        "speed": 14.3,
        "course": 250,
        "heading": null,
        "destination": "INNSA",
        "last_position_epoch": 1764961320,
        "last_position_UTC": "2025-12-05T19:02:00Z"
      },
      {
        "lat": 22.645781,
        "lon": 69.50325,
        "speed": 13.8,
        "course": 271,
        "heading": 270,
        "destination": "INNSA",
        "last_position_epoch": 1764959700,
        "last_position_UTC": "2025-12-05T18:35:00Z"
      },
      {
        "lat": 22.629047,
        "lon": 69.597748,
        "speed": 13.1,
        "course": 290,
        "heading": 287,
        "destination": "INNSA",
        "last_position_epoch": 1764957900,
        "last_position_UTC": "2025-12-05T18:05:00Z"
      },
      {
        "lat": 22.673599,
        "lon": 69.700111,
        "speed": 13,
        "course": 210,
        "heading": 219,
        "destination": "INNSA",
        "last_position_epoch": 1764956100,
        "last_position_UTC": "2025-12-05T17:35:00Z"
      },
      {
        "lat": 22.743233,
        "lon": 69.717308,
        "speed": 2.7,
        "course": 112,
        "heading": 97,
        "destination": "INNSA",
        "last_position_epoch": 1764954000,
        "last_position_UTC": "2025-12-05T17:00:00Z"
      },
      {
        "lat": 22.742056,
        "lon": 69.714851,
        "speed": 0,
        "course": 220,
        "heading": 305,
        "destination": "INNSA",
        "last_position_epoch": 1764952500,
        "last_position_UTC": "2025-12-05T16:35:00Z"
      },
      {
        "lat": 22.742081,
        "lon": 69.714851,
        "speed": 0,
        "course": 220,
        "heading": 306,
        "destination": "INMUN",
        "last_position_epoch": 1764950400,
        "last_position_UTC": "2025-12-05T16:00:00Z"
      },
      {
        "lat": 22.742138,
        "lon": 69.71489,
        "speed": 0,
        "course": 220,
        "heading": 306,
        "destination": "INMUN",
        "last_position_epoch": 1764948660,
        "last_position_UTC": "2025-12-05T15:31:00Z"
      },
      {
        "lat": 22.742123,
        "lon": 69.714844,
        "speed": 0,
        "course": 220,
        "heading": 306,
        "destination": "INMUN",
        "last_position_epoch": 1764946560,
        "last_position_UTC": "2025-12-05T14:56:00Z"
      },
      {
        "lat": 22.742098,
        "lon": 69.714836,
        "speed": 0,
        "course": 204,
        "heading": 306,
        "destination": "INMUN",
        "last_position_epoch": 1764945120,
        "last_position_UTC": "2025-12-05T14:32:00Z"
      },
      {
        "lat": 22.742123,
        "lon": 69.71479,
        "speed": 0,
        "course": 204,
        "heading": 306,
        "destination": "INMUN",
        "last_position_epoch": 1764943260,
        "last_position_UTC": "2025-12-05T14:01:00Z"
      },
      {
        "lat": 22.742107,
        "lon": 69.714821,
        "speed": 0,
        "course": 218,
        "heading": 306,
        "destination": "INMUN",
        "last_position_epoch": 1764941220,
        "last_position_UTC": "2025-12-05T13:27:00Z"
      },
      {
        "lat": 22.742085,
        "lon": 69.714874,
        "speed": 0,
        "course": 218,
        "heading": 306,
        "destination": "INMUN",
        "last_position_epoch": 1764939480,
        "last_position_UTC": "2025-12-05T12:58:00Z"
      },
      {
        "lat": 22.742109,
        "lon": 69.714844,
        "speed": 0,
        "course": 216,
        "heading": 306,
        "destination": "INMUN",
        "last_position_epoch": 1764937860,
        "last_position_UTC": "2025-12-05T12:31:00Z"
      },
      {
        "lat": 22.742065,
        "lon": 69.714867,
        "speed": 0,
        "course": 300,
        "heading": 306,
        "destination": "INMUN",
        "last_position_epoch": 1764935880,
        "last_position_UTC": "2025-12-05T11:58:00Z"
      },
      {
        "lat": 22.742149,
        "lon": 69.71489,
        "speed": 0,
        "course": 127,
        "heading": 306,
        "destination": "INMUN",
        "last_position_epoch": 1764934020,
        "last_position_UTC": "2025-12-05T11:27:00Z"
      },
      {
        "lat": 22.742085,
        "lon": 69.714844,
        "speed": 0,
        "course": 127,
        "heading": 306,
        "destination": "INMUN",
        "last_position_epoch": 1764932400,
        "last_position_UTC": "2025-12-05T11:00:00Z"
      },
      {
        "lat": 22.742058,
        "lon": 69.714828,
        "speed": 0,
        "course": 127,
        "heading": 306,
        "destination": "INMUN",
        "last_position_epoch": 1764930600,
        "last_position_UTC": "2025-12-05T10:30:00Z"
      },
      {
        "lat": 22.742105,
        "lon": 69.714798,
        "speed": 0.1,
        "course": 126,
        "heading": 306,
        "destination": "INMUN",
        "last_position_epoch": 1764929280,
        "last_position_UTC": "2025-12-05T10:08:00Z"
      },
      {
        "lat": 22.735174,
        "lon": 69.724121,
        "speed": 5.5,
        "course": 330,
        "heading": 347,
        "destination": "INMUN",
        "last_position_epoch": 1764927480,
        "last_position_UTC": "2025-12-05T09:38:00Z"
      },
      {
        "lat": 22.661381,
        "lon": 69.681625,
        "speed": 5.5,
        "course": 47,
        "heading": null,
        "destination": "INMUN",
        "last_position_epoch": 1764923640,
        "last_position_UTC": "2025-12-05T08:34:00Z"
      },
      {
        "lat": 22.631584,
        "lon": 69.688927,
        "speed": 4.4,
        "course": 290,
        "heading": 156,
        "destination": "INMUN",
        "last_position_epoch": 1764921660,
        "last_position_UTC": "2025-12-05T08:01:00Z"
      },
      {
        "lat": 22.631147,
        "lon": 69.70565,
        "speed": 0.3,
        "course": 148,
        "heading": 156,
        "destination": "INMUN",
        "last_position_epoch": 1764919740,
        "last_position_UTC": "2025-12-05T07:29:00Z"
      },
      {
        "lat": 22.632357,
        "lon": 69.702934,
        "speed": 0.5,
        "course": 103,
        "heading": 156,
        "destination": "INMUN",
        "last_position_epoch": 1764918120,
        "last_position_UTC": "2025-12-05T07:02:00Z"
      },
      {
        "lat": 22.632648,
        "lon": 69.697388,
        "speed": 0.6,
        "course": 84,
        "heading": 156,
        "destination": "INMUN",
        "last_position_epoch": 1764916320,
        "last_position_UTC": "2025-12-05T06:32:00Z"
      },
      {
        "lat": 22.631359,
        "lon": 69.690002,
        "speed": 0.6,
        "course": 75,
        "heading": 156,
        "destination": "INMUN",
        "last_position_epoch": 1764914400,
        "last_position_UTC": "2025-12-05T06:00:00Z"
      },
      {
        "lat": 22.630301,
        "lon": 69.683784,
        "speed": 0.6,
        "course": 89,
        "heading": 149,
        "destination": "INMUN",
        "last_position_epoch": 1764912840,
        "last_position_UTC": "2025-12-05T05:34:00Z"
      },
      {
        "lat": 22.631065,
        "lon": 69.67823,
        "speed": 0.8,
        "course": 104,
        "heading": 138,
        "destination": "INMUN",
        "last_position_epoch": 1764911220,
        "last_position_UTC": "2025-12-05T05:07:00Z"
      },
      {
        "lat": 22.632576,
        "lon": 69.666649,
        "speed": 2.7,
        "course": 59,
        "heading": 61,
        "destination": "INMUN",
        "last_position_epoch": 1764909240,
        "last_position_UTC": "2025-12-05T04:34:00Z"
      },
      {
        "lat": 22.606131,
        "lon": 69.634903,
        "speed": 4.1,
        "course": 55,
        "heading": 45,
        "destination": "INMUN",
        "last_position_epoch": 1764907380,
        "last_position_UTC": "2025-12-05T04:03:00Z"
      },
      {
        "lat": 22.607342,
        "lon": 69.594833,
        "speed": 4.9,
        "course": 108,
        "heading": 107,
        "destination": "INMUN",
        "last_position_epoch": 1764905700,
        "last_position_UTC": "2025-12-05T03:35:00Z"
      },
      {
        "lat": 22.618549,
        "lon": 69.560806,
        "speed": 5.1,
        "course": 107,
        "heading": 107,
        "destination": "INMUN",
        "last_position_epoch": 1764903960,
        "last_position_UTC": "2025-12-05T03:06:00Z"
      },
      {
        "lat": 22.627367,
        "lon": 69.515244,
        "speed": 5.4,
        "course": 87,
        "heading": null,
        "destination": "INMUN",
        "last_position_epoch": 1764902340,
        "last_position_UTC": "2025-12-05T02:39:00Z"
      },
      {
        "lat": 22.614687,
        "lon": 69.42244,
        "speed": 9.6,
        "course": 67,
        "heading": null,
        "destination": "INMUN",
        "last_position_epoch": 1764900240,
        "last_position_UTC": "2025-12-05T02:04:00Z"
      },
      {
        "lat": 22.595528,
        "lon": 69.369011,
        "speed": 9.3,
        "course": 69,
        "heading": 90,
        "destination": "INMUN",
        "last_position_epoch": 1764898579,
        "last_position_UTC": "2025-12-05T01:36:19Z"
      },
      {
        "lat": 22.582529,
        "lon": 69.274628,
        "speed": 9.3,
        "course": 113,
        "heading": null,
        "destination": "INMUN",
        "last_position_epoch": 1764896520,
        "last_position_UTC": "2025-12-05T01:02:00Z"
      },
      {
        "lat": 22.621939,
        "lon": 69.186363,
        "speed": 8.6,
        "course": 109,
        "heading": 111,
        "destination": "INMUN",
        "last_position_epoch": 1764894780,
        "last_position_UTC": "2025-12-05T00:33:00Z"
      },
      {
        "lat": 22.642439,
        "lon": 69.124619,
        "speed": 8.6,
        "course": 105,
        "heading": 101,
        "destination": "INMUN",
        "last_position_epoch": 1764893040,
        "last_position_UTC": "2025-12-05T00:04:00Z"
      },
      {
        "lat": 22.660538,
        "lon": 69.070503,
        "speed": 8.5,
        "course": 115,
        "heading": 106,
        "destination": "INMUN",
        "last_position_epoch": 1764891360,
        "last_position_UTC": "2025-12-04T23:36:00Z"
      },
      {
        "lat": 22.689516,
        "lon": 69.011917,
        "speed": 8.1,
        "course": 116,
        "heading": 109,
        "destination": "INMUN",
        "last_position_epoch": 1764889740,
        "last_position_UTC": "2025-12-04T23:09:00Z"
      },
      {
        "lat": 22.740583,
        "lon": 68.931587,
        "speed": 7,
        "course": 101,
        "heading": 104,
        "destination": "INMUN",
        "last_position_epoch": 1764887940,
        "last_position_UTC": "2025-12-04T22:39:00Z"
      },
      {
        "lat": 22.750547,
        "lon": 68.88414,
        "speed": 4.8,
        "course": 110,
        "heading": 102,
        "destination": "INMUN",
        "last_position_epoch": 1764885900,
        "last_position_UTC": "2025-12-04T22:05:00Z"
      },
      {
        "lat": 22.775126,
        "lon": 68.84153,
        "speed": 5.1,
        "course": 116,
        "heading": null,
        "destination": "INMUN",
        "last_position_epoch": 1764883500,
        "last_position_UTC": "2025-12-04T21:25:00Z"
      },
      {
        "lat": 22.806427,
        "lon": 68.781891,
        "speed": 6.5,
        "course": 124,
        "heading": null,
        "destination": "INMUN",
        "last_position_epoch": 1764881520,
        "last_position_UTC": "2025-12-04T20:52:00Z"
      },
      {
        "lat": 22.816603,
        "lon": 68.765656,
        "speed": 6.5,
        "course": 122,
        "heading": null,
        "destination": "INMUN",
        "last_position_epoch": 1764880320,
        "last_position_UTC": "2025-12-04T20:32:00Z"
      },
      {
        "lat": 22.841114,
        "lon": 68.701775,
        "speed": 6.6,
        "course": 96,
        "heading": null,
        "destination": "INMUN",
        "last_position_epoch": 1764878460,
        "last_position_UTC": "2025-12-04T20:01:00Z"
      },
      {
        "lat": 22.856743,
        "lon": 68.617722,
        "speed": 7.3,
        "course": 103,
        "heading": null,
        "destination": "INMUN",
        "last_position_epoch": 1764876480,
        "last_position_UTC": "2025-12-04T19:28:00Z"
      },
      {
        "lat": 22.867748,
        "lon": 68.574738,
        "speed": 7.5,
        "course": 105,
        "heading": null,
        "destination": "INMUN",
        "last_position_epoch": 1764874860,
        "last_position_UTC": "2025-12-04T19:01:00Z"
      },
      {
        "lat": 22.895157,
        "lon": 68.459755,
        "speed": 12.6,
        "course": 103,
        "heading": null,
        "destination": "INMUN",
        "last_position_epoch": 1764872820,
        "last_position_UTC": "2025-12-04T18:27:00Z"
      },
      {
        "lat": 22.915443,
        "lon": 68.368469,
        "speed": 12.3,
        "course": 101,
        "heading": null,
        "destination": "INMUN",
        "last_position_epoch": 1764871200,
        "last_position_UTC": "2025-12-04T18:00:00Z"
      },
      {
        "lat": 22.929903,
        "lon": 68.295959,
        "speed": 12.3,
        "course": 101,
        "heading": null,
        "destination": "INMUN",
        "last_position_epoch": 1764869580,
        "last_position_UTC": "2025-12-04T17:33:00Z"
      },
      {
        "lat": 22.956076,
        "lon": 68.170151,
        "speed": 12.1,
        "course": 103,
        "heading": null,
        "destination": "INMUN",
        "last_position_epoch": 1764867540,
        "last_position_UTC": "2025-12-04T16:59:00Z"
      },
      {
        "lat": 22.983629,
        "lon": 68.047531,
        "speed": 11.6,
        "course": 105,
        "heading": null,
        "destination": "INMUN",
        "last_position_epoch": 1764865740,
        "last_position_UTC": "2025-12-04T16:29:00Z"
      },
      {
        "lat": 23.005939,
        "lon": 67.962784,
        "speed": 11.6,
        "course": 106,
        "heading": null,
        "destination": "INMUN",
        "last_position_epoch": 1764863880,
        "last_position_UTC": "2025-12-04T15:58:00Z"
      },
      {
        "lat": 23.04221,
        "lon": 67.845879,
        "speed": 11.8,
        "course": 107,
        "heading": null,
        "destination": "INMUN",
        "last_position_epoch": 1764862020,
        "last_position_UTC": "2025-12-04T15:27:00Z"
      },
      {
        "lat": 23.068054,
        "lon": 67.705788,
        "speed": 11.6,
        "course": 102,
        "heading": null,
        "destination": "INMUN",
        "last_position_epoch": 1764860280,
        "last_position_UTC": "2025-12-04T14:58:00Z"
      },
      {
        "lat": 23.077169,
        "lon": 67.671989,
        "speed": 11.6,
        "course": 106,
        "heading": null,
        "destination": "INMUN",
        "last_position_epoch": 1764858720,
        "last_position_UTC": "2025-12-04T14:32:00Z"
      },
      {
        "lat": 23.108414,
        "lon": 67.553993,
        "speed": 11.3,
        "course": 105,
        "heading": null,
        "destination": "INMUN",
        "last_position_epoch": 1764856680,
        "last_position_UTC": "2025-12-04T13:58:00Z"
      },
      {
        "lat": 23.133228,
        "lon": 67.456039,
        "speed": 11.1,
        "course": 104,
        "heading": null,
        "destination": "INMUN",
        "last_position_epoch": 1764854940,
        "last_position_UTC": "2025-12-04T13:29:00Z"
      },
      {
        "lat": 23.183746,
        "lon": 67.242332,
        "speed": 9.1,
        "course": 102,
        "heading": 102,
        "destination": "INMUN",
        "last_position_epoch": 1764850860,
        "last_position_UTC": "2025-12-04T12:21:00Z"
      },
      {
        "lat": 23.189466,
        "lon": 67.214264,
        "speed": 9.1,
        "course": 104,
        "heading": 103,
        "destination": "INMUN",
        "last_position_epoch": 1764849720,
        "last_position_UTC": "2025-12-04T12:02:00Z"
      },
      {
        "lat": 23.213596,
        "lon": 67.10627,
        "speed": 9.1,
        "course": 102,
        "heading": 101,
        "destination": "INMUN",
        "last_position_epoch": 1764847980,
        "last_position_UTC": "2025-12-04T11:33:00Z"
      },
      {
        "lat": 23.230749,
        "lon": 67.034843,
        "speed": 10.3,
        "course": 103,
        "heading": 102,
        "destination": "INMUN",
        "last_position_epoch": 1764845940,
        "last_position_UTC": "2025-12-04T10:59:00Z"
      },
      {
        "lat": 23.249331,
        "lon": 66.945473,
        "speed": 10,
        "course": 100,
        "heading": 101,
        "destination": "INMUN",
        "last_position_epoch": 1764844140,
        "last_position_UTC": "2025-12-04T10:29:00Z"
      },
      {
        "lat": 23.267376,
        "lon": 66.857079,
        "speed": 9.8,
        "course": 103,
        "heading": 101,
        "destination": "INMUN",
        "last_position_epoch": 1764842340,
        "last_position_UTC": "2025-12-04T09:59:00Z"
      },
      {
        "lat": 23.2878,
        "lon": 66.771439,
        "speed": 9.6,
        "course": 104,
        "heading": 102,
        "destination": "INMUN",
        "last_position_epoch": 1764840660,
        "last_position_UTC": "2025-12-04T09:31:00Z"
      },
      {
        "lat": 23.307976,
        "lon": 66.686417,
        "speed": 9.6,
        "course": 103,
        "heading": 103,
        "destination": "INMUN",
        "last_position_epoch": 1764838980,
        "last_position_UTC": "2025-12-04T09:03:00Z"
      },
      {
        "lat": 23.329142,
        "lon": 66.585381,
        "speed": 14.1,
        "course": 102,
        "heading": 103,
        "destination": "INMUN",
        "last_position_epoch": 1764837180,
        "last_position_UTC": "2025-12-04T08:33:00Z"
      },
      {
        "lat": 23.361885,
        "lon": 66.436539,
        "speed": 14.6,
        "course": 103,
        "heading": 103,
        "destination": "INMUN",
        "last_position_epoch": 1764835200,
        "last_position_UTC": "2025-12-04T08:00:00Z"
      },
      {
        "lat": 23.391735,
        "lon": 66.30706,
        "speed": 14.6,
        "course": 103,
        "heading": 105,
        "destination": "INMUN",
        "last_position_epoch": 1764833460,
        "last_position_UTC": "2025-12-04T07:31:00Z"
      },
      {
        "lat": 23.41313,
        "lon": 66.222672,
        "speed": 14.6,
        "course": 104,
        "heading": 107,
        "destination": "INMUN",
        "last_position_epoch": 1764831780,
        "last_position_UTC": "2025-12-04T07:03:00Z"
      },
      {
        "lat": 23.45319,
        "lon": 66.048843,
        "speed": 15.3,
        "course": 102,
        "heading": 102,
        "destination": "INMUN",
        "last_position_epoch": 1764829440,
        "last_position_UTC": "2025-12-04T06:24:00Z"
      },
      {
        "lat": 24.402683,
        "lon": 61.192425,
        "speed": 16.2,
        "course": 92,
        "heading": 90,
        "destination": "INMUN",
        "last_position_epoch": 1764770340,
        "last_position_UTC": "2025-12-03T13:59:00Z"
      },
      {
        "lat": 24.411966,
        "lon": 60.600948,
        "speed": 17.5,
        "course": 87,
        "heading": 86,
        "destination": "INMUN",
        "last_position_epoch": 1764763200,
        "last_position_UTC": "2025-12-03T12:00:00Z"
      },
      {
        "lat": 24.400141,
        "lon": 60.418571,
        "speed": 17.3,
        "course": 85,
        "heading": null,
        "destination": "INMUN",
        "last_position_epoch": 1764761220,
        "last_position_UTC": "2025-12-03T11:27:00Z"
      },
      {
        "lat": 24.385784,
        "lon": 60.250359,
        "speed": 17.5,
        "course": 84,
        "heading": 86,
        "destination": "INMUN",
        "last_position_epoch": 1764759360,
        "last_position_UTC": "2025-12-03T10:56:00Z"
      },
      {
        "lat": 24.373512,
        "lon": 60.1012,
        "speed": 17.6,
        "course": 85,
        "heading": 86,
        "destination": "INMUN",
        "last_position_epoch": 1764757860,
        "last_position_UTC": "2025-12-03T10:31:00Z"
      },
      {
        "lat": 24.363239,
        "lon": 59.945095,
        "speed": 17.2,
        "course": 86,
        "heading": 86,
        "destination": "INMUN",
        "last_position_epoch": 1764756180,
        "last_position_UTC": "2025-12-03T10:03:00Z"
      },
      {
        "lat": 24.35729,
        "lon": 59.84156,
        "speed": 17.3,
        "course": 86,
        "heading": 86,
        "destination": "INMUN",
        "last_position_epoch": 1764754440,
        "last_position_UTC": "2025-12-03T09:34:00Z"
      },
      {
        "lat": 24.345228,
        "lon": 59.673538,
        "speed": 17.7,
        "course": 85,
        "heading": 86,
        "destination": "INMUN",
        "last_position_epoch": 1764752580,
        "last_position_UTC": "2025-12-03T09:03:00Z"
      },
      {
        "lat": 24.330206,
        "lon": 59.491875,
        "speed": 17.7,
        "course": 84,
        "heading": 86,
        "destination": "INMUN",
        "last_position_epoch": 1764750720,
        "last_position_UTC": "2025-12-03T08:32:00Z"
      },
      {
        "lat": 24.3162,
        "lon": 59.305485,
        "speed": 17.8,
        "course": 85,
        "heading": null,
        "destination": "INMUN",
        "last_position_epoch": 1764748740,
        "last_position_UTC": "2025-12-03T07:59:00Z"
      },
      {
        "lat": 24.307158,
        "lon": 59.15308,
        "speed": 17.8,
        "course": 90,
        "heading": 91,
        "destination": "INMUN",
        "last_position_epoch": 1764747000,
        "last_position_UTC": "2025-12-03T07:30:00Z"
      },
      {
        "lat": 24.332438,
        "lon": 59.019905,
        "speed": 17.7,
        "course": 107,
        "heading": 108,
        "destination": "INMUN",
        "last_position_epoch": 1764745260,
        "last_position_UTC": "2025-12-03T07:01:00Z"
      },
      {
        "lat": 24.384336,
        "lon": 58.842079,
        "speed": 17.7,
        "course": 108,
        "heading": 108,
        "destination": "INMUN",
        "last_position_epoch": 1764743700,
        "last_position_UTC": "2025-12-03T06:35:00Z"
      },
      {
        "lat": 24.428833,
        "lon": 58.67662,
        "speed": 17.7,
        "course": 96,
        "heading": 95,
        "destination": "INMUN",
        "last_position_epoch": 1764742020,
        "last_position_UTC": "2025-12-03T06:07:00Z"
      },
      {
        "lat": 24.442169,
        "lon": 58.569912,
        "speed": 17.5,
        "course": 99,
        "heading": 97,
        "destination": "INMUN",
        "last_position_epoch": 1764740100,
        "last_position_UTC": "2025-12-03T05:35:00Z"
      },
      {
        "lat": 24.476637,
        "lon": 58.411221,
        "speed": 17.5,
        "course": 114,
        "heading": 109,
        "destination": "INMUN",
        "last_position_epoch": 1764738240,
        "last_position_UTC": "2025-12-03T05:04:00Z"
      },
      {
        "lat": 24.547714,
        "lon": 58.25692,
        "speed": 17.7,
        "course": 131,
        "heading": 126,
        "destination": "INMUN",
        "last_position_epoch": 1764736380,
        "last_position_UTC": "2025-12-03T04:33:00Z"
      },
      {
        "lat": 24.694574,
        "lon": 57.998878,
        "speed": 17.5,
        "course": 124,
        "heading": 120,
        "destination": "INMUN",
        "last_position_epoch": 1764732840,
        "last_position_UTC": "2025-12-03T03:34:00Z"
      },
      {
        "lat": 24.77314,
        "lon": 57.875713,
        "speed": 17.5,
        "course": 121,
        "heading": 120,
        "destination": "INMUN",
        "last_position_epoch": 1764731220,
        "last_position_UTC": "2025-12-03T03:07:00Z"
      },
      {
        "lat": 24.853062,
        "lon": 57.737293,
        "speed": 17.3,
        "course": 132,
        "heading": 135,
        "destination": "INMUN",
        "last_position_epoch": 1764729540,
        "last_position_UTC": "2025-12-03T02:39:00Z"
      },
      {
        "lat": 24.977049,
        "lon": 57.647968,
        "speed": 17,
        "course": 152,
        "heading": 155,
        "destination": "INMUN",
        "last_position_epoch": 1764727560,
        "last_position_UTC": "2025-12-03T02:06:00Z"
      },
      {
        "lat": 25.098276,
        "lon": 57.546219,
        "speed": 17.5,
        "course": 128,
        "heading": 130,
        "destination": "INMUN",
        "last_position_epoch": 1764725880,
        "last_position_UTC": "2025-12-03T01:38:00Z"
      },
      {
        "lat": 25.208193,
        "lon": 57.427635,
        "speed": 17,
        "course": 156,
        "heading": 155,
        "destination": "INMUN",
        "last_position_epoch": 1764724020,
        "last_position_UTC": "2025-12-03T01:07:00Z"
      },
      {
        "lat": 25.313206,
        "lon": 57.388447,
        "speed": 17,
        "course": 161,
        "heading": 160,
        "destination": "INMUN",
        "last_position_epoch": 1764721980,
        "last_position_UTC": "2025-12-03T00:33:00Z"
      },
      {
        "lat": 25.413849,
        "lon": 57.26992,
        "speed": 16.8,
        "course": 103,
        "heading": 102,
        "destination": "INMUN",
        "last_position_epoch": 1764720240,
        "last_position_UTC": "2025-12-03T00:04:00Z"
      },
      {
        "lat": 25.460094,
        "lon": 57.111034,
        "speed": 16.7,
        "course": 108,
        "heading": 107,
        "destination": "INMUN",
        "last_position_epoch": 1764718500,
        "last_position_UTC": "2025-12-02T23:35:00Z"
      },
      {
        "lat": 25.490242,
        "lon": 57.007092,
        "speed": 16.7,
        "course": 107,
        "heading": 107,
        "destination": "INMUN",
        "last_position_epoch": 1764716640,
        "last_position_UTC": "2025-12-02T23:04:00Z"
      },
      {
        "lat": 25.552958,
        "lon": 56.858372,
        "speed": 15.8,
        "course": 128,
        "heading": 115,
        "destination": "INMUN",
        "last_position_epoch": 1764714900,
        "last_position_UTC": "2025-12-02T22:35:00Z"
      },
      {
        "lat": 25.725372,
        "lon": 56.818733,
        "speed": 17.2,
        "course": 173,
        "heading": 171,
        "destination": "INMUN",
        "last_position_epoch": 1764712800,
        "last_position_UTC": "2025-12-02T22:00:00Z"
      },
      {
        "lat": 25.863535,
        "lon": 56.800426,
        "speed": 17.1,
        "course": 172,
        "heading": 171,
        "destination": "INMUN",
        "last_position_epoch": 1764711300,
        "last_position_UTC": "2025-12-02T21:35:00Z"
      },
      {
        "lat": 25.994101,
        "lon": 56.776966,
        "speed": 17,
        "course": 169,
        "heading": 169,
        "destination": "INMUN",
        "last_position_epoch": 1764709380,
        "last_position_UTC": "2025-12-02T21:03:00Z"
      },
      {
        "lat": 26.118355,
        "lon": 56.752834,
        "speed": 17.1,
        "course": 171,
        "heading": 170,
        "destination": "INMUN",
        "last_position_epoch": 1764707640,
        "last_position_UTC": "2025-12-02T20:34:00Z"
      },
      {
        "lat": 26.265732,
        "lon": 56.739868,
        "speed": 17,
        "course": 157,
        "heading": 165,
        "destination": "INMUN",
        "last_position_epoch": 1764705660,
        "last_position_UTC": "2025-12-02T20:01:00Z"
      },
      {
        "lat": 26.39216,
        "lon": 56.655205,
        "speed": 17,
        "course": 152,
        "heading": 152,
        "destination": "INMUN",
        "last_position_epoch": 1764704040,
        "last_position_UTC": "2025-12-02T19:34:00Z"
      },
      {
        "lat": 26.51907,
        "lon": 56.5718,
        "speed": 16.7,
        "course": 148,
        "heading": 147,
        "destination": "INMUN",
        "last_position_epoch": 1764702180,
        "last_position_UTC": "2025-12-02T19:03:00Z"
      },
      {
        "lat": 26.548674,
        "lon": 56.470486,
        "speed": 17,
        "course": 64,
        "heading": 65,
        "destination": "INMUN",
        "last_position_epoch": 1764700500,
        "last_position_UTC": "2025-12-02T18:35:00Z"
      },
      {
        "lat": 26.50514,
        "lon": 56.291286,
        "speed": 16.7,
        "course": 87,
        "heading": 87,
        "destination": "INMUN",
        "last_position_epoch": 1764698640,
        "last_position_UTC": "2025-12-02T18:04:00Z"
      },
      {
        "lat": 26.479121666666668,
        "lon": 56.16807,
        "speed": 16.7,
        "course": 48.2,
        "heading": 51,
        "destination": "INMUN",
        "last_position_epoch": 1764696808,
        "last_position_UTC": "2025-12-02T17:33:28Z"
      },
      {
        "lat": 26.391851666666668,
        "lon": 56.07059,
        "speed": 17.1,
        "course": 50.2,
        "heading": 48,
        "destination": "INMUN",
        "last_position_epoch": 1764695243,
        "last_position_UTC": "2025-12-02T17:07:23Z"
      },
      {
        "lat": 26.31398,
        "lon": 55.97259666666667,
        "speed": 17.2,
        "course": 48.2,
        "heading": 45,
        "destination": "INMUN",
        "last_position_epoch": 1764693778,
        "last_position_UTC": "2025-12-02T16:42:58Z"
      },
      {
        "lat": 26.21965,
        "lon": 55.85321166666667,
        "speed": 17.5,
        "course": 45.9,
        "heading": 44,
        "destination": "INMUN",
        "last_position_epoch": 1764691978,
        "last_position_UTC": "2025-12-02T16:12:58Z"
      },
      {
        "lat": 26.104568333333333,
        "lon": 55.756861666666666,
        "speed": 17.4,
        "course": 35,
        "heading": 33,
        "destination": "UAE JEA",
        "last_position_epoch": 1764690178,
        "last_position_UTC": "2025-12-02T15:42:58Z"
      },
      {
        "lat": 26.005908333333334,
        "lon": 55.63389166666666,
        "speed": 18,
        "course": 42.5,
        "heading": 40,
        "destination": "UAE JEA",
        "last_position_epoch": 1764688378,
        "last_position_UTC": "2025-12-02T15:12:58Z"
      },
      {
        "lat": 25.885833333333334,
        "lon": 55.49726833333333,
        "speed": 17.6,
        "course": 42.9,
        "heading": 40,
        "destination": "UAE JEA",
        "last_position_epoch": 1764686278,
        "last_position_UTC": "2025-12-02T14:37:58Z"
      },
      {
        "lat": 25.805335,
        "lon": 55.396345,
        "speed": 17.9,
        "course": 44.3,
        "heading": 52,
        "destination": "UAE JEA",
        "last_position_epoch": 1764684777,
        "last_position_UTC": "2025-12-02T14:12:57Z"
      },
      {
        "lat": 25.70697,
        "lon": 55.280026666666664,
        "speed": 18.1,
        "course": 57,
        "heading": 55,
        "destination": "UAE JEA",
        "last_position_epoch": 1764682978,
        "last_position_UTC": "2025-12-02T13:42:58Z"
      },
      {
        "lat": 25.600755,
        "lon": 55.126035,
        "speed": 18,
        "course": 52.1,
        "heading": 50,
        "destination": "UAE JEA",
        "last_position_epoch": 1764680877,
        "last_position_UTC": "2025-12-02T13:07:57Z"
      },
      {
        "lat": 25.522306666666665,
        "lon": 55.01967833333333,
        "speed": 17.6,
        "course": 50.4,
        "heading": 48,
        "destination": "UAE JEA",
        "last_position_epoch": 1764679378,
        "last_position_UTC": "2025-12-02T12:42:58Z"
      },
      {
        "lat": 25.398621666666667,
        "lon": 54.94522666666667,
        "speed": 16.5,
        "course": 23.6,
        "heading": 22,
        "destination": "UAE JEA",
        "last_position_epoch": 1764677571,
        "last_position_UTC": "2025-12-02T12:12:51Z"
      },
      {
        "lat": 25.25703,
        "lon": 54.88459666666667,
        "speed": 13.6,
        "course": 19.3,
        "heading": 19,
        "destination": "UAE JEA",
        "last_position_epoch": 1764675468,
        "last_position_UTC": "2025-12-02T11:37:48Z"
      },
      {
        "lat": 25.176441666666665,
        "lon": 54.90295666666667,
        "speed": 10.2,
        "course": 346.6,
        "heading": 346,
        "destination": "UAE JEA",
        "last_position_epoch": 1764673977,
        "last_position_UTC": "2025-12-02T11:12:57Z"
      },
      {
        "lat": 25.10961,
        "lon": 54.955511666666666,
        "speed": 9.3,
        "course": 349.9,
        "heading": 336,
        "destination": "UAE JEA",
        "last_position_epoch": 1764672178,
        "last_position_UTC": "2025-12-02T10:42:58Z"
      },
      {
        "lat": 25.04443,
        "lon": 55.02357833333333,
        "speed": 10.7,
        "course": 312.6,
        "heading": 311,
        "destination": "UAE JEA",
        "last_position_epoch": 1764670369,
        "last_position_UTC": "2025-12-02T10:12:49Z"
      },
      {
        "lat": 24.993215,
        "lon": 55.05193333333333,
        "speed": 1.1,
        "course": 149.3,
        "heading": 93,
        "destination": "UAE JEA",
        "last_position_epoch": 1764668576,
        "last_position_UTC": "2025-12-02T09:42:56Z"
      },
      {
        "lat": 24.995276666666665,
        "lon": 55.049375,
        "speed": 0,
        "course": 182.4,
        "heading": 158,
        "destination": "UAE JEA",
        "last_position_epoch": 1764666669,
        "last_position_UTC": "2025-12-02T09:11:09Z"
      },
      {
        "lat": 24.995261666666668,
        "lon": 55.049375,
        "speed": 0,
        "course": 182.4,
        "heading": 158,
        "destination": "UAE JEA",
        "last_position_epoch": 1764664329,
        "last_position_UTC": "2025-12-02T08:32:09Z"
      },
      {
        "lat": 24.995251666666668,
        "lon": 55.04933666666667,
        "speed": 0,
        "course": 182.4,
        "heading": 158,
        "destination": "UAE JEA",
        "last_position_epoch": 1764662709,
        "last_position_UTC": "2025-12-02T08:05:09Z"
      },
      {
        "lat": 24.995251666666668,
        "lon": 55.04937666666667,
        "speed": 0,
        "course": 182.4,
        "heading": 158,
        "destination": "UAE JEA",
        "last_position_epoch": 1764660549,
        "last_position_UTC": "2025-12-02T07:29:09Z"
      },
      {
        "lat": 24.995256666666666,
        "lon": 55.04936166666667,
        "speed": 0,
        "course": 182.4,
        "heading": 158,
        "destination": "UAE JEA",
        "last_position_epoch": 1764659469,
        "last_position_UTC": "2025-12-02T07:11:09Z"
      },
      {
        "lat": 24.99537,
        "lon": 55.049308333333336,
        "speed": 0,
        "course": 182.4,
        "heading": 158,
        "destination": "UAE JEA",
        "last_position_epoch": 1764657309,
        "last_position_UTC": "2025-12-02T06:35:09Z"
      },
      {
        "lat": 24.99528,
        "lon": 55.04938,
        "speed": 0,
        "course": 225.3,
        "heading": 158,
        "destination": "UAE JEA",
        "last_position_epoch": 1764655509,
        "last_position_UTC": "2025-12-02T06:05:09Z"
      },
      {
        "lat": 24.995273333333333,
        "lon": 55.049365,
        "speed": 0,
        "course": 225.3,
        "heading": 158,
        "destination": "UAE JEA",
        "last_position_epoch": 1764653709,
        "last_position_UTC": "2025-12-02T05:35:09Z"
      },
      {
        "lat": 24.995378,
        "lon": 55.04932,
        "speed": 0,
        "course": 60,
        "heading": 158,
        "destination": "UAE JEA",
        "last_position_epoch": 1764651780,
        "last_position_UTC": "2025-12-02T05:03:00Z"
      },
      {
        "lat": 24.995199,
        "lon": 55.049393,
        "speed": 0,
        "course": 60,
        "heading": 158,
        "destination": "UAE JEA",
        "last_position_epoch": 1764649980,
        "last_position_UTC": "2025-12-02T04:33:00Z"
      },
      {
        "lat": 24.995214,
        "lon": 55.049393,
        "speed": 0,
        "course": 244,
        "heading": 158,
        "destination": "UAE JEA",
        "last_position_epoch": 1764648060,
        "last_position_UTC": "2025-12-02T04:01:00Z"
      },
      {
        "lat": 24.99524,
        "lon": 55.049365,
        "speed": 0,
        "course": 251.9,
        "heading": 158,
        "destination": "UAE JEA",
        "last_position_epoch": 1764646509,
        "last_position_UTC": "2025-12-02T03:35:09Z"
      },
      {
        "lat": 24.995262,
        "lon": 55.049366,
        "speed": 0,
        "course": 251,
        "heading": 157,
        "destination": "UAE JEA",
        "last_position_epoch": 1764644820,
        "last_position_UTC": "2025-12-02T03:07:00Z"
      },
      {
        "lat": 24.995303333333332,
        "lon": 55.049391666666665,
        "speed": 0,
        "course": 251.9,
        "heading": 158,
        "destination": "UAE JEA",
        "last_position_epoch": 1764643269,
        "last_position_UTC": "2025-12-02T02:41:09Z"
      },
      {
        "lat": 24.995277,
        "lon": 55.049377,
        "speed": 0.1,
        "course": 62,
        "heading": 158,
        "destination": "UAE JEA",
        "last_position_epoch": 1764641340,
        "last_position_UTC": "2025-12-02T02:09:00Z"
      },
      {
        "lat": 24.99526,
        "lon": 55.04937666666667,
        "speed": 0,
        "course": 263.2,
        "heading": 158,
        "destination": "UAE JEA",
        "last_position_epoch": 1764639669,
        "last_position_UTC": "2025-12-02T01:41:09Z"
      },
      {
        "lat": 24.995225,
        "lon": 55.0493,
        "speed": 0,
        "course": 0.6,
        "heading": 158,
        "destination": "UAE JEA",
        "last_position_epoch": 1764637509,
        "last_position_UTC": "2025-12-02T01:05:09Z"
      },
      {
        "lat": 24.995276666666665,
        "lon": 55.049305,
        "speed": 0,
        "course": 251.6,
        "heading": 158,
        "destination": "UAE JEA",
        "last_position_epoch": 1764635889,
        "last_position_UTC": "2025-12-02T00:38:09Z"
      },
      {
        "lat": 24.99527,
        "lon": 55.049418333333335,
        "speed": 0,
        "course": 251.6,
        "heading": 158,
        "destination": "UAE JEA",
        "last_position_epoch": 1764633909,
        "last_position_UTC": "2025-12-02T00:05:09Z"
      },
      {
        "lat": 24.995253333333334,
        "lon": 55.049445,
        "speed": 0,
        "course": 254.5,
        "heading": 158,
        "destination": "UAE JEA",
        "last_position_epoch": 1764632109,
        "last_position_UTC": "2025-12-01T23:35:09Z"
      },
      {
        "lat": 24.995203333333333,
        "lon": 55.049335,
        "speed": 0,
        "course": 254.5,
        "heading": 157,
        "destination": "UAE JEA",
        "last_position_epoch": 1764630669,
        "last_position_UTC": "2025-12-01T23:11:09Z"
      },
      {
        "lat": 24.995231666666665,
        "lon": 55.049371666666666,
        "speed": 0,
        "course": 41.2,
        "heading": 158,
        "destination": "UAE JEA",
        "last_position_epoch": 1764628689,
        "last_position_UTC": "2025-12-01T22:38:09Z"
      },
      {
        "lat": 24.99521,
        "lon": 55.049258333333334,
        "speed": 0,
        "course": 41.2,
        "heading": 158,
        "destination": "UAE JEA",
        "last_position_epoch": 1764626709,
        "last_position_UTC": "2025-12-01T22:05:09Z"
      },
      {
        "lat": 24.995263333333334,
        "lon": 55.04936166666667,
        "speed": 0,
        "course": 65.6,
        "heading": 158,
        "destination": "UAE JEA",
        "last_position_epoch": 1764625089,
        "last_position_UTC": "2025-12-01T21:38:09Z"
      },
      {
        "lat": 24.995221666666666,
        "lon": 55.049375,
        "speed": 0,
        "course": 56.6,
        "heading": 158,
        "destination": "UAE JEA",
        "last_position_epoch": 1764623109,
        "last_position_UTC": "2025-12-01T21:05:09Z"
      },
      {
        "lat": 24.995249,
        "lon": 55.049339,
        "speed": 0,
        "course": 248,
        "heading": 158,
        "destination": "UAE JEA",
        "last_position_epoch": 1764621300,
        "last_position_UTC": "2025-12-01T20:35:00Z"
      },
      {
        "lat": 24.995226666666667,
        "lon": 55.04937666666667,
        "speed": 0,
        "course": 248.4,
        "heading": 158,
        "destination": "UAE JEA",
        "last_position_epoch": 1764619509,
        "last_position_UTC": "2025-12-01T20:05:09Z"
      },
      {
        "lat": 24.995283333333333,
        "lon": 55.04936,
        "speed": 0,
        "course": 249.5,
        "heading": 158,
        "destination": "UAE JEA",
        "last_position_epoch": 1764617889,
        "last_position_UTC": "2025-12-01T19:38:09Z"
      },
      {
        "lat": 24.995283333333333,
        "lon": 55.04935666666667,
        "speed": 0,
        "course": 240.8,
        "heading": 158,
        "destination": "UAE JEA",
        "last_position_epoch": 1764615909,
        "last_position_UTC": "2025-12-01T19:05:09Z"
      },
      {
        "lat": 24.995291666666667,
        "lon": 55.04942,
        "speed": 0,
        "course": 240.8,
        "heading": 158,
        "destination": "UAE JEA",
        "last_position_epoch": 1764614109,
        "last_position_UTC": "2025-12-01T18:35:09Z"
      },
      {
        "lat": 24.995285,
        "lon": 55.04940166666667,
        "speed": 0,
        "course": 85.2,
        "heading": 159,
        "destination": "UAE JEA",
        "last_position_epoch": 1764612669,
        "last_position_UTC": "2025-12-01T18:11:09Z"
      },
      {
        "lat": 24.99527,
        "lon": 55.049366666666664,
        "speed": 0,
        "course": 13.2,
        "heading": 158,
        "destination": "UAE JEA",
        "last_position_epoch": 1764610509,
        "last_position_UTC": "2025-12-01T17:35:09Z"
      },
      {
        "lat": 24.99521,
        "lon": 55.049415,
        "speed": 0,
        "course": 13.2,
        "heading": 158,
        "destination": "UAE JEA",
        "last_position_epoch": 1764609069,
        "last_position_UTC": "2025-12-01T17:11:09Z"
      },
      {
        "lat": 24.99534,
        "lon": 55.04937833333333,
        "speed": 0,
        "course": 13.2,
        "heading": 158,
        "destination": "UAE JEA",
        "last_position_epoch": 1764607269,
        "last_position_UTC": "2025-12-01T16:41:09Z"
      },
      {
        "lat": 24.995317,
        "lon": 55.049355,
        "speed": 0,
        "course": 242,
        "heading": 159,
        "destination": "UAE JEA",
        "last_position_epoch": 1764605100,
        "last_position_UTC": "2025-12-01T16:05:00Z"
      },
      {
        "lat": 24.995353333333334,
        "lon": 55.04933,
        "speed": 0,
        "course": 256.9,
        "heading": 158,
        "destination": "UAE JEA",
        "last_position_epoch": 1764603309,
        "last_position_UTC": "2025-12-01T15:35:09Z"
      },
      {
        "lat": 24.995313333333332,
        "lon": 55.04931666666667,
        "speed": 0,
        "course": 76.5,
        "heading": 158,
        "destination": "UAE JEA",
        "last_position_epoch": 1764601509,
        "last_position_UTC": "2025-12-01T15:05:09Z"
      },
      {
        "lat": 24.995308,
        "lon": 55.049355,
        "speed": 0,
        "course": 247,
        "heading": 158,
        "destination": "UAE JEA",
        "last_position_epoch": 1764599520,
        "last_position_UTC": "2025-12-01T14:32:00Z"
      },
      {
        "lat": 24.99532,
        "lon": 55.04939,
        "speed": 0,
        "course": 70,
        "heading": 158,
        "destination": "UAE JEA",
        "last_position_epoch": 1764598269,
        "last_position_UTC": "2025-12-01T14:11:09Z"
      },
      {
        "lat": 24.995346666666666,
        "lon": 55.04938333333333,
        "speed": 0,
        "course": 66.1,
        "heading": 159,
        "destination": "UAE JEA",
        "last_position_epoch": 1764596109,
        "last_position_UTC": "2025-12-01T13:35:09Z"
      },
      {
        "lat": 24.995288333333335,
        "lon": 55.049368333333334,
        "speed": 0,
        "course": 244.9,
        "heading": 158,
        "destination": "UAE JEA",
        "last_position_epoch": 1764594669,
        "last_position_UTC": "2025-12-01T13:11:09Z"
      },
      {
        "lat": 24.995398,
        "lon": 55.049332,
        "speed": 0,
        "course": 60,
        "heading": 158,
        "destination": "UAE JEA",
        "last_position_epoch": 1764592380,
        "last_position_UTC": "2025-12-01T12:33:00Z"
      },
      {
        "lat": 24.995301666666666,
        "lon": 55.049345,
        "speed": 0,
        "course": 59.8,
        "heading": 158,
        "destination": "UAE JEA",
        "last_position_epoch": 1764590709,
        "last_position_UTC": "2025-12-01T12:05:09Z"
      },
      {
        "lat": 24.995376666666665,
        "lon": 55.049375,
        "speed": 0,
        "course": 67.5,
        "heading": 159,
        "destination": "UAE JEA",
        "last_position_epoch": 1764588909,
        "last_position_UTC": "2025-12-01T11:35:09Z"
      },
      {
        "lat": 24.995285,
        "lon": 55.049355,
        "speed": 0,
        "course": 230,
        "heading": 158,
        "destination": "UAE JEA",
        "last_position_epoch": 1764587040,
        "last_position_UTC": "2025-12-01T11:04:00Z"
      },
      {
        "lat": 24.995263333333334,
        "lon": 55.049365,
        "speed": 0,
        "course": 249.2,
        "heading": 158,
        "destination": "UAE JEA",
        "last_position_epoch": 1764585309,
        "last_position_UTC": "2025-12-01T10:35:09Z"
      },
      {
        "lat": 24.99531,
        "lon": 55.04938666666666,
        "speed": 0,
        "course": 259.4,
        "heading": 159,
        "destination": "UAE JEA",
        "last_position_epoch": 1764583869,
        "last_position_UTC": "2025-12-01T10:11:09Z"
      },
      {
        "lat": 24.995273333333333,
        "lon": 55.049355,
        "speed": 0,
        "course": 253.7,
        "heading": 158,
        "destination": "UAE JEA",
        "last_position_epoch": 1764581709,
        "last_position_UTC": "2025-12-01T09:35:09Z"
      },
      {
        "lat": 24.995183333333333,
        "lon": 55.049393333333335,
        "speed": 0,
        "course": 66.5,
        "heading": 158,
        "destination": "UAE JEA",
        "last_position_epoch": 1764579909,
        "last_position_UTC": "2025-12-01T09:05:09Z"
      },
      {
        "lat": 24.995111666666666,
        "lon": 55.04939,
        "speed": 0,
        "course": 245.3,
        "heading": 158,
        "destination": "UAE JEA",
        "last_position_epoch": 1764578109,
        "last_position_UTC": "2025-12-01T08:35:09Z"
      },
      {
        "lat": 24.995245,
        "lon": 55.049371666666666,
        "speed": 0,
        "course": 268.4,
        "heading": 158,
        "destination": "UAE JEA",
        "last_position_epoch": 1764576309,
        "last_position_UTC": "2025-12-01T08:05:09Z"
      },
      {
        "lat": 24.99526,
        "lon": 55.04936166666667,
        "speed": 0,
        "course": 268.4,
        "heading": 158,
        "destination": "UAE JEA",
        "last_position_epoch": 1764574869,
        "last_position_UTC": "2025-12-01T07:41:09Z"
      },
      {
        "lat": 24.995285,
        "lon": 55.049395,
        "speed": 0,
        "course": 62.4,
        "heading": 158,
        "destination": "UAE JEA",
        "last_position_epoch": 1764572709,
        "last_position_UTC": "2025-12-01T07:05:09Z"
      },
      {
        "lat": 24.995228333333333,
        "lon": 55.04934333333333,
        "speed": 0.1,
        "course": 248.7,
        "heading": 158,
        "destination": "UAE JEA",
        "last_position_epoch": 1764571269,
        "last_position_UTC": "2025-12-01T06:41:09Z"
      },
      {
        "lat": 24.99501,
        "lon": 55.04965333333333,
        "speed": 0,
        "course": 67.8,
        "heading": 158,
        "destination": "UAE JEA",
        "last_position_epoch": 1764569109,
        "last_position_UTC": "2025-12-01T06:05:09Z"
      },
      {
        "lat": 24.995241,
        "lon": 55.0494,
        "speed": 0,
        "course": 95,
        "heading": 158,
        "destination": "UAE JEA",
        "last_position_epoch": 1764567000,
        "last_position_UTC": "2025-12-01T05:30:00Z"
      },
      {
        "lat": 24.99524,
        "lon": 55.04938,
        "speed": 0,
        "course": 95.9,
        "heading": 158,
        "destination": "UAE JEA",
        "last_position_epoch": 1764565869,
        "last_position_UTC": "2025-12-01T05:11:09Z"
      },
      {
        "lat": 24.99521,
        "lon": 55.0494,
        "speed": 0,
        "course": 73.3,
        "heading": 158,
        "destination": "UAE JEA",
        "last_position_epoch": 1764564069,
        "last_position_UTC": "2025-12-01T04:41:09Z"
      },
      {
        "lat": 24.995201666666667,
        "lon": 55.04938333333333,
        "speed": 0,
        "course": 252.7,
        "heading": 159,
        "destination": "UAE JEA",
        "last_position_epoch": 1764561909,
        "last_position_UTC": "2025-12-01T04:05:09Z"
      },
      {
        "lat": 24.995278333333335,
        "lon": 55.049348333333334,
        "speed": 0,
        "course": 250.8,
        "heading": 158,
        "destination": "UAE JEA",
        "last_position_epoch": 1764560469,
        "last_position_UTC": "2025-12-01T03:41:09Z"
      },
      {
        "lat": 24.995264,
        "lon": 55.049408,
        "speed": 0,
        "course": 250,
        "heading": 158,
        "destination": "UAE JEA",
        "last_position_epoch": 1764558300,
        "last_position_UTC": "2025-12-01T03:05:00Z"
      },
      {
        "lat": 24.995265,
        "lon": 55.049385,
        "speed": 0,
        "course": 238.2,
        "heading": 158,
        "destination": "UAE JEA",
        "last_position_epoch": 1764556869,
        "last_position_UTC": "2025-12-01T02:41:09Z"
      },
      {
        "lat": 24.995224,
        "lon": 55.049335,
        "speed": 0,
        "course": 245,
        "heading": 158,
        "destination": "UAE JEA",
        "last_position_epoch": 1764555240,
        "last_position_UTC": "2025-12-01T02:14:00Z"
      },
      {
        "lat": 24.995209,
        "lon": 55.0494,
        "speed": 0,
        "course": 326,
        "heading": 159,
        "destination": "UAE JEA",
        "last_position_epoch": 1764553320,
        "last_position_UTC": "2025-12-01T01:42:00Z"
      },
      {
        "lat": 24.995264,
        "lon": 55.049385,
        "speed": 0,
        "course": 326,
        "heading": 158,
        "destination": "UAE JEA",
        "last_position_epoch": 1764551160,
        "last_position_UTC": "2025-12-01T01:06:00Z"
      },
      {
        "lat": 24.995224,
        "lon": 55.049374,
        "speed": 0,
        "course": 300,
        "heading": 158,
        "destination": "UAE JEA",
        "last_position_epoch": 1764549660,
        "last_position_UTC": "2025-12-01T00:41:00Z"
      },
      {
        "lat": 24.995214,
        "lon": 55.049385,
        "speed": 0,
        "course": 300,
        "heading": 158,
        "destination": "UAE JEA",
        "last_position_epoch": 1764547860,
        "last_position_UTC": "2025-12-01T00:11:00Z"
      },
      {
        "lat": 24.995163,
        "lon": 55.049374,
        "speed": 0,
        "course": 300,
        "heading": 158,
        "destination": "UAE JEA",
        "last_position_epoch": 1764546240,
        "last_position_UTC": "2025-11-30T23:44:00Z"
      },
      {
        "lat": 24.996464,
        "lon": 55.0504,
        "speed": 1.2,
        "course": 167,
        "heading": 165,
        "destination": "UAE JEA",
        "last_position_epoch": 1764544260,
        "last_position_UTC": "2025-11-30T23:11:00Z"
      },
      {
        "lat": 25.035911666666667,
        "lon": 55.03089666666666,
        "speed": 9.9,
        "course": 139.6,
        "heading": 142,
        "destination": "UAE JEA",
        "last_position_epoch": 1764542575,
        "last_position_UTC": "2025-11-30T22:42:55Z"
      },
      {
        "lat": 25.09582,
        "lon": 54.964135,
        "speed": 9.7,
        "course": 133.8,
        "heading": 133,
        "destination": "UAE JEA",
        "last_position_epoch": 1764540775,
        "last_position_UTC": "2025-11-30T22:12:55Z"
      },
      {
        "lat": 25.134888,
        "lon": 54.905029,
        "speed": 2.5,
        "course": 126,
        "heading": 125,
        "destination": "UAE JEA",
        "last_position_epoch": 1764538680,
        "last_position_UTC": "2025-11-30T21:38:00Z"
      },
      {
        "lat": 25.148601666666668,
        "lon": 54.882085,
        "speed": 4.2,
        "course": 110.7,
        "heading": 110,
        "destination": "UAE JEA",
        "last_position_epoch": 1764537177,
        "last_position_UTC": "2025-11-30T21:12:57Z"
      },
      {
        "lat": 25.147645,
        "lon": 54.85339333333334,
        "speed": 0.3,
        "course": 47.3,
        "heading": 46,
        "destination": "UAE JEA",
        "last_position_epoch": 1764535376,
        "last_position_UTC": "2025-11-30T20:42:56Z"
      },
      {
        "lat": 25.146535,
        "lon": 54.85196666666667,
        "speed": 0,
        "course": 293.8,
        "heading": 41,
        "destination": "UAE JEA",
        "last_position_epoch": 1764533567,
        "last_position_UTC": "2025-11-30T20:12:47Z"
      },
      {
        "lat": 25.146613333333335,
        "lon": 54.852025,
        "speed": 0,
        "course": 135.1,
        "heading": 40,
        "destination": "UAE JEA",
        "last_position_epoch": 1764531767,
        "last_position_UTC": "2025-11-30T19:42:47Z"
      },
      {
        "lat": 25.146641666666667,
        "lon": 54.85196333333333,
        "speed": 0,
        "course": 135.1,
        "heading": 43,
        "destination": "UAE JEA",
        "last_position_epoch": 1764529967,
        "last_position_UTC": "2025-11-30T19:12:47Z"
      },
      {
        "lat": 25.146772,
        "lon": 54.851845,
        "speed": 0,
        "course": 288,
        "heading": 52,
        "destination": "UAE JEA",
        "last_position_epoch": 1764527880,
        "last_position_UTC": "2025-11-30T18:38:00Z"
      },
      {
        "lat": 25.146676666666668,
        "lon": 54.85197333333333,
        "speed": 0,
        "course": 334.3,
        "heading": 43,
        "destination": "UAE JEA",
        "last_position_epoch": 1764526007,
        "last_position_UTC": "2025-11-30T18:06:47Z"
      },
      {
        "lat": 25.146401666666666,
        "lon": 54.85230333333333,
        "speed": 0.1,
        "course": 306.4,
        "heading": 29,
        "destination": "UAE JEA",
        "last_position_epoch": 1764524207,
        "last_position_UTC": "2025-11-30T17:36:47Z"
      },
      {
        "lat": 25.146091666666667,
        "lon": 54.853208333333335,
        "speed": 0.1,
        "course": 256.7,
        "heading": 353,
        "destination": "UAE JEA",
        "last_position_epoch": 1764522407,
        "last_position_UTC": "2025-11-30T17:06:47Z"
      },
      {
        "lat": 25.146578,
        "lon": 54.854172,
        "speed": 0,
        "course": 195,
        "heading": 310,
        "destination": "UAE JEA",
        "last_position_epoch": 1764520380,
        "last_position_UTC": "2025-11-30T16:33:00Z"
      },
      {
        "lat": 25.146761666666666,
        "lon": 54.854295,
        "speed": 0,
        "course": 19.8,
        "heading": 296,
        "destination": "UAE JEA",
        "last_position_epoch": 1764518807,
        "last_position_UTC": "2025-11-30T16:06:47Z"
      },
      {
        "lat": 25.1467,
        "lon": 54.854256666666664,
        "speed": 0,
        "course": 19.8,
        "heading": 299,
        "destination": "UAE JEA",
        "last_position_epoch": 1764517007,
        "last_position_UTC": "2025-11-30T15:36:47Z"
      },
      {
        "lat": 25.146709,
        "lon": 54.854225,
        "speed": 0,
        "course": 226,
        "heading": 300,
        "destination": "UAE JEA",
        "last_position_epoch": 1764515040,
        "last_position_UTC": "2025-11-30T15:04:00Z"
      },
      {
        "lat": 25.146833333333333,
        "lon": 54.85434166666667,
        "speed": 0.1,
        "course": 207.1,
        "heading": 291,
        "destination": "UAE JEA",
        "last_position_epoch": 1764513407,
        "last_position_UTC": "2025-11-30T14:36:47Z"
      },
      {
        "lat": 25.147098333333332,
        "lon": 54.854328333333335,
        "speed": 0,
        "course": 78.5,
        "heading": 286,
        "destination": "UAE JEA",
        "last_position_epoch": 1764511607,
        "last_position_UTC": "2025-11-30T14:06:47Z"
      },
      {
        "lat": 25.147153333333332,
        "lon": 54.85440166666667,
        "speed": 0.1,
        "course": 185.9,
        "heading": 280,
        "destination": "UAE JEA",
        "last_position_epoch": 1764510167,
        "last_position_UTC": "2025-11-30T13:42:47Z"
      },
      {
        "lat": 25.147703,
        "lon": 54.854282,
        "speed": 0,
        "course": 177,
        "heading": 256,
        "destination": "UAE JEA",
        "last_position_epoch": 1764507840,
        "last_position_UTC": "2025-11-30T13:04:00Z"
      },
      {
        "lat": 25.147658333333332,
        "lon": 54.854243333333336,
        "speed": 0,
        "course": 177.6,
        "heading": 259,
        "destination": "UAE JEA",
        "last_position_epoch": 1764506567,
        "last_position_UTC": "2025-11-30T12:42:47Z"
      },
      {
        "lat": 25.147975,
        "lon": 54.854063333333336,
        "speed": 0,
        "course": 138.9,
        "heading": 241,
        "destination": "UAE JEA",
        "last_position_epoch": 1764504407,
        "last_position_UTC": "2025-11-30T12:06:47Z"
      },
      {
        "lat": 25.14804,
        "lon": 54.85404666666667,
        "speed": 0,
        "course": 138.9,
        "heading": 240,
        "destination": "UAE JEA",
        "last_position_epoch": 1764502787,
        "last_position_UTC": "2025-11-30T11:39:47Z"
      },
      {
        "lat": 25.148183333333332,
        "lon": 54.853948333333335,
        "speed": 0.1,
        "course": 133.7,
        "heading": 229,
        "destination": "UAE JEA",
        "last_position_epoch": 1764500807,
        "last_position_UTC": "2025-11-30T11:06:47Z"
      },
      {
        "lat": 25.148376666666667,
        "lon": 54.853675,
        "speed": 0,
        "course": 119.9,
        "heading": 216,
        "destination": "UAE JEA",
        "last_position_epoch": 1764499367,
        "last_position_UTC": "2025-11-30T10:42:47Z"
      },
      {
        "lat": 25.14849,
        "lon": 54.853388333333335,
        "speed": 0,
        "course": 108.4,
        "heading": 201,
        "destination": "UAE JEA",
        "last_position_epoch": 1764497567,
        "last_position_UTC": "2025-11-30T10:12:47Z"
      },
      {
        "lat": 25.148585,
        "lon": 54.853163333333335,
        "speed": 0,
        "course": 108.4,
        "heading": 191,
        "destination": "UAE JEA",
        "last_position_epoch": 1764495767,
        "last_position_UTC": "2025-11-30T09:42:47Z"
      },
      {
        "lat": 25.14859,
        "lon": 54.85270166666667,
        "speed": 0.1,
        "course": 90.4,
        "heading": 171,
        "destination": "UAE JEA",
        "last_position_epoch": 1764493787,
        "last_position_UTC": "2025-11-30T09:09:47Z"
      },
      {
        "lat": 25.148485,
        "lon": 54.852255,
        "speed": 0,
        "course": 94.1,
        "heading": 153,
        "destination": "UAE JEA",
        "last_position_epoch": 1764491987,
        "last_position_UTC": "2025-11-30T08:39:47Z"
      },
      {
        "lat": 25.148395,
        "lon": 54.85213666666667,
        "speed": 0,
        "course": 209.4,
        "heading": 149,
        "destination": "UAE JEA",
        "last_position_epoch": 1764490007,
        "last_position_UTC": "2025-11-30T08:06:47Z"
      },
      {
        "lat": 25.148153333333333,
        "lon": 54.851866666666666,
        "speed": 0,
        "course": 39.2,
        "heading": 134,
        "destination": "UAE JEA",
        "last_position_epoch": 1764488027,
        "last_position_UTC": "2025-11-30T07:33:47Z"
      },
      {
        "lat": 25.147908333333334,
        "lon": 54.85171833333333,
        "speed": 0,
        "course": 349.6,
        "heading": 123,
        "destination": "UAE JEA",
        "last_position_epoch": 1764486227,
        "last_position_UTC": "2025-11-30T07:03:47Z"
      },
      {
        "lat": 25.147676666666666,
        "lon": 54.85164,
        "speed": 0,
        "course": 185.6,
        "heading": 114,
        "destination": "UAE JEA",
        "last_position_epoch": 1764484607,
        "last_position_UTC": "2025-11-30T06:36:47Z"
      },
      {
        "lat": 25.147625,
        "lon": 54.85154,
        "speed": 0,
        "course": 185.6,
        "heading": 105,
        "destination": "UAE JEA",
        "last_position_epoch": 1764482807,
        "last_position_UTC": "2025-11-30T06:06:47Z"
      },
      {
        "lat": 25.14776,
        "lon": 54.85152,
        "speed": 0,
        "course": 4.9,
        "heading": 105,
        "destination": "UAE JEA",
        "last_position_epoch": 1764481367,
        "last_position_UTC": "2025-11-30T05:42:47Z"
      },
      {
        "lat": 25.147603333333333,
        "lon": 54.85149166666667,
        "speed": 0.1,
        "course": 10.1,
        "heading": 94,
        "destination": "UAE JEA",
        "last_position_epoch": 1764479567,
        "last_position_UTC": "2025-11-30T05:12:47Z"
      },
      {
        "lat": 25.147523333333332,
        "lon": 54.85149833333333,
        "speed": 0.1,
        "course": 194.1,
        "heading": 91,
        "destination": "UAE JEA",
        "last_position_epoch": 1764477767,
        "last_position_UTC": "2025-11-30T04:42:47Z"
      },
      {
        "lat": 25.147486666666666,
        "lon": 54.851501666666664,
        "speed": 0.1,
        "course": 357.6,
        "heading": 101,
        "destination": "UAE JEA",
        "last_position_epoch": 1764475967,
        "last_position_UTC": "2025-11-30T04:12:47Z"
      },
      {
        "lat": 25.14685,
        "lon": 54.851506666666666,
        "speed": 0,
        "course": 18.3,
        "heading": 71,
        "destination": "UAE JEA",
        "last_position_epoch": 1764473807,
        "last_position_UTC": "2025-11-30T03:36:47Z"
      },
      {
        "lat": 25.146641,
        "lon": 54.851646,
        "speed": 0,
        "course": 21,
        "heading": 62,
        "destination": "UAE JEA",
        "last_position_epoch": 1764472020,
        "last_position_UTC": "2025-11-30T03:07:00Z"
      },
      {
        "lat": 25.146429,
        "lon": 54.851807,
        "speed": 0.1,
        "course": 155,
        "heading": 60,
        "destination": "UAE JEA",
        "last_position_epoch": 1764470460,
        "last_position_UTC": "2025-11-30T02:41:00Z"
      },
      {
        "lat": 25.146485,
        "lon": 54.85178333333333,
        "speed": 0,
        "course": 226.3,
        "heading": 65,
        "destination": "UAE JEA",
        "last_position_epoch": 1764468767,
        "last_position_UTC": "2025-11-30T02:12:47Z"
      },
      {
        "lat": 25.146588333333334,
        "lon": 54.85185833333333,
        "speed": 0.1,
        "course": 195.4,
        "heading": 71,
        "destination": "UAE JEA",
        "last_position_epoch": 1764466967,
        "last_position_UTC": "2025-11-30T01:42:47Z"
      },
      {
        "lat": 25.147496666666665,
        "lon": 54.852585,
        "speed": 0.2,
        "course": 269,
        "heading": 84,
        "destination": "UAE JEA",
        "last_position_epoch": 1764465167,
        "last_position_UTC": "2025-11-30T01:12:47Z"
      },
      {
        "lat": 25.166771,
        "lon": 54.853668,
        "speed": 6.6,
        "course": 202,
        "heading": 200,
        "destination": "UAE JEA",
        "last_position_epoch": 1764463380,
        "last_position_UTC": "2025-11-30T00:43:00Z"
      },
      {
        "lat": 25.249769,
        "lon": 54.885559,
        "speed": 11.6,
        "course": 201,
        "heading": 200,
        "destination": "UAE JEA",
        "last_position_epoch": 1764461580,
        "last_position_UTC": "2025-11-30T00:13:00Z"
      },
      {
        "lat": 25.335825,
        "lon": 54.92255166666666,
        "speed": 11.8,
        "course": 201,
        "heading": 200,
        "destination": "UAE JEA",
        "last_position_epoch": 1764459749,
        "last_position_UTC": "2025-11-29T23:42:29Z"
      },
      {
        "lat": 25.426163333333335,
        "lon": 54.959943333333335,
        "speed": 11.7,
        "course": 200.2,
        "heading": 200,
        "destination": "UAE JEA",
        "last_position_epoch": 1764457978,
        "last_position_UTC": "2025-11-29T23:12:58Z"
      },
      {
        "lat": 25.522821666666665,
        "lon": 54.995845,
        "speed": 11.8,
        "course": 190.4,
        "heading": 190,
        "destination": "UAE JEA",
        "last_position_epoch": 1764456108,
        "last_position_UTC": "2025-11-29T22:41:48Z"
      },
      {
        "lat": 25.604425,
        "lon": 55.04600333333333,
        "speed": 11.6,
        "course": 233.7,
        "heading": 233,
        "destination": "UAE JEA",
        "last_position_epoch": 1764454259,
        "last_position_UTC": "2025-11-29T22:10:59Z"
      },
      {
        "lat": 25.659656666666667,
        "lon": 55.12820166666667,
        "speed": 11.3,
        "course": 234,
        "heading": 233,
        "destination": "UAE JEA",
        "last_position_epoch": 1764452519,
        "last_position_UTC": "2025-11-29T21:41:59Z"
      },
      {
        "lat": 25.711968333333335,
        "lon": 55.21481333333333,
        "speed": 11.4,
        "course": 237.6,
        "heading": 236,
        "destination": "UAE JEA",
        "last_position_epoch": 1764450739,
        "last_position_UTC": "2025-11-29T21:12:19Z"
      },
      {
        "lat": 25.78105,
        "lon": 55.337345,
        "speed": 10.6,
        "course": 237,
        "heading": 237,
        "destination": "UAE JEA",
        "last_position_epoch": 1764448560,
        "last_position_UTC": "2025-11-29T20:36:00Z"
      },
      {
        "lat": 25.860952,
        "lon": 55.445431,
        "speed": 11.6,
        "course": 228,
        "heading": 230,
        "destination": "UAE JEA",
        "last_position_epoch": 1764446400,
        "last_position_UTC": "2025-11-29T20:00:00Z"
      },
      {
        "lat": 25.896236,
        "lon": 55.491779,
        "speed": 11.8,
        "course": 230,
        "heading": 230,
        "destination": "UAE JEA",
        "last_position_epoch": 1764444840,
        "last_position_UTC": "2025-11-29T19:34:00Z"
      },
      {
        "lat": 25.973219,
        "lon": 55.585419,
        "speed": 11.6,
        "course": 222,
        "heading": 222,
        "destination": "UAE JEA",
        "last_position_epoch": 1764443040,
        "last_position_UTC": "2025-11-29T19:04:00Z"
      },
      {
        "lat": 26.041689,
        "lon": 55.664558,
        "speed": 12,
        "course": 232,
        "heading": 230,
        "destination": "UAE JEA",
        "last_position_epoch": 1764441300,
        "last_position_UTC": "2025-11-29T18:35:00Z"
      },
      {
        "lat": 26.113012,
        "lon": 55.760113,
        "speed": 11.6,
        "course": 223,
        "heading": 223,
        "destination": "UAE JEA",
        "last_position_epoch": 1764439380,
        "last_position_UTC": "2025-11-29T18:03:00Z"
      },
      {
        "lat": 26.159008,
        "lon": 55.806419,
        "speed": 11.5,
        "course": 221,
        "heading": 223,
        "destination": "UAE JEA",
        "last_position_epoch": 1764437700,
        "last_position_UTC": "2025-11-29T17:35:00Z"
      },
      {
        "lat": 26.238195,
        "lon": 55.886848,
        "speed": 11.6,
        "course": 222,
        "heading": 223,
        "destination": "UAE JEA",
        "last_position_epoch": 1764435780,
        "last_position_UTC": "2025-11-29T17:03:00Z"
      },
      {
        "lat": 26.310776,
        "lon": 55.95924,
        "speed": 11.8,
        "course": 221,
        "heading": 221,
        "destination": "UAE JEA",
        "last_position_epoch": 1764434160,
        "last_position_UTC": "2025-11-29T16:36:00Z"
      },
      {
        "lat": 26.369738,
        "lon": 56.040173,
        "speed": 12.3,
        "course": 234,
        "heading": 235,
        "destination": "UAE JEA",
        "last_position_epoch": 1764432300,
        "last_position_UTC": "2025-11-29T16:05:00Z"
      },
      {
        "lat": 26.443062,
        "lon": 56.129826,
        "speed": 12.8,
        "course": 227,
        "heading": 226,
        "destination": "UAE JEA",
        "last_position_epoch": 1764430380,
        "last_position_UTC": "2025-11-29T15:33:00Z"
      },
      {
        "lat": 26.522228,
        "lon": 56.245934,
        "speed": 12.5,
        "course": 243,
        "heading": 239,
        "destination": "UAE JEA",
        "last_position_epoch": 1764428340,
        "last_position_UTC": "2025-11-29T14:59:00Z"
      },
      {
        "lat": 26.55582,
        "lon": 56.334461,
        "speed": 12.3,
        "course": 243,
        "heading": 243,
        "destination": "UAE JEA",
        "last_position_epoch": 1764426780,
        "last_position_UTC": "2025-11-29T14:33:00Z"
      }
    ]
  },
  "meta": {
    "duration": 0.021835743,
    "endpoint": "/api/v0/vessel_history",
    "success": true
  }
}