{
  "data": {
    "uuid": "d2eaa2e3-748d-a1c4-168c-6cb8079c4e27",
    "name": "YONG SHUN",
    "mmsi": "352003124",
    "imo": "1025473",
    "eni": null,
    "country_iso": "PA",
    "type": "Cargo",
    "type_specific": "Container Ship",
    "positions": [
      {
        "lat": 39.3596,
        "lon": 136.73911,
        "speed": 10.3,
        "course": 49,
        "heading": 51,
        "destination": "JP TMK",
        "last_position_epoch": 1765005480,
        "last_position_UTC": "2025-12-06T07:18:00Z"
      },
      {
        "lat": 39.217392,
        "lon": 136.46332,
        "speed": 10.6,
        "course": 47,
        "heading": 47,
        "destination": "JP TMK",
        "last_position_epoch": 1765000140,
        "last_position_UTC": "2025-12-06T05:49:00Z"
      },
      {
        "lat": 39.151825,
        "lon": 136.3642,
        "speed": 10.6,
        "course": 39,
        "heading": 42,
        "destination": "JP TMK",
        "last_position_epoch": 1764998220,
        "last_position_UTC": "2025-12-06T05:17:00Z"
      },
      {
        "lat": 39.095322,
        "lon": 136.28297,
        "speed": 9.8,
        "course": 56,
        "heading": 49,
        "destination": "JP TMK",
        "last_position_epoch": 1764996420,
        "last_position_UTC": "2025-12-06T04:47:00Z"
      },
      {
        "lat": 37.334713,
        "lon": 133.18298,
        "speed": 10.1,
        "course": 55,
        "heading": 53,
        "destination": "JP TMK",
        "last_position_epoch": 1764937080,
        "last_position_UTC": "2025-12-05T12:18:00Z"
      },
      {
        "lat": 37.282822,
        "lon": 133.09856,
        "speed": 10,
        "course": 46,
        "heading": 53,
        "destination": "JP TMK",
        "last_position_epoch": 1764935340,
        "last_position_UTC": "2025-12-05T11:49:00Z"
      },
      {
        "lat": 37.108917,
        "lon": 132.83615,
        "speed": 10.3,
        "course": 41,
        "heading": 45,
        "destination": "JP TMK",
        "last_position_epoch": 1764929940,
        "last_position_UTC": "2025-12-05T10:19:00Z"
      },
      {
        "lat": 35.481426,
        "lon": 130.05936,
        "speed": 11.1,
        "course": 56,
        "heading": 54,
        "destination": "JP TMK",
        "last_position_epoch": 1764870420,
        "last_position_UTC": "2025-12-04T17:47:00Z"
      },
      {
        "lat": 35.399986,
        "lon": 129.87068,
        "speed": 11.8,
        "course": 57,
        "heading": 58,
        "destination": "JP TMK",
        "last_position_epoch": 1764866880,
        "last_position_UTC": "2025-12-04T16:48:00Z"
      },
      {
        "lat": 35.346516,
        "lon": 129.76907,
        "speed": 12.1,
        "course": 56,
        "heading": 58,
        "destination": "JP TMK",
        "last_position_epoch": 1764865140,
        "last_position_UTC": "2025-12-04T16:19:00Z"
      },
      {
        "lat": 35.287594,
        "lon": 129.66589,
        "speed": 12.3,
        "course": 51,
        "heading": 58,
        "destination": "JP TMK",
        "last_position_epoch": 1764863400,
        "last_position_UTC": "2025-12-04T15:50:00Z"
      },
      {
        "lat": 35.236515,
        "lon": 129.58275,
        "speed": 12.3,
        "course": 54,
        "heading": 54,
        "destination": "JP TMK",
        "last_position_epoch": 1764861600,
        "last_position_UTC": "2025-12-04T15:20:00Z"
      },
      {
        "lat": 35.095749,
        "lon": 129.3325,
        "speed": 13.5,
        "course": 55,
        "heading": 61,
        "destination": "JP TMK",
        "last_position_epoch": 1764858000,
        "last_position_UTC": "2025-12-04T14:20:00Z"
      },
      {
        "lat": 35.061226,
        "lon": 129.26228,
        "speed": 14.3,
        "course": 60,
        "heading": 269,
        "destination": "JP TMK",
        "last_position_epoch": 1764856408,
        "last_position_UTC": "2025-12-04T13:53:28Z"
      },
      {
        "lat": 34.967537,
        "lon": 129.09474,
        "speed": 13.6,
        "course": 53,
        "heading": 52,
        "destination": "JP TMK",
        "last_position_epoch": 1764854460,
        "last_position_UTC": "2025-12-04T13:21:00Z"
      },
      {
        "lat": 34.97125666666667,
        "lon": 129.10102,
        "speed": 13.7,
        "course": 54.7,
        "heading": 53,
        "destination": "JP_TMK",
        "last_position_epoch": 1764853961,
        "last_position_UTC": "2025-12-04T13:12:41Z"
      },
      {
        "lat": 34.924976666666666,
        "lon": 128.98147833333334,
        "speed": 12.6,
        "course": 66.3,
        "heading": 73,
        "destination": "KR_PUS",
        "last_position_epoch": 1764851955,
        "last_position_UTC": "2025-12-04T12:39:15Z"
      },
      {
        "lat": 34.955387,
        "lon": 128.81335,
        "speed": 11.1,
        "course": 151,
        "heading": 154,
        "destination": "JP TMK",
        "last_position_epoch": 1764849060,
        "last_position_UTC": "2025-12-04T11:51:00Z"
      },
      {
        "lat": 35.033974,
        "lon": 128.78236,
        "speed": 10.6,
        "course": 167,
        "heading": 164,
        "destination": "JP TMK",
        "last_position_epoch": 1764847260,
        "last_position_UTC": "2025-12-04T11:21:00Z"
      },
      {
        "lat": 35.07745,
        "lon": 128.79156,
        "speed": 0,
        "course": 339,
        "heading": 269,
        "destination": "JP TMK",
        "last_position_epoch": 1764845400,
        "last_position_UTC": "2025-12-04T10:50:00Z"
      },
      {
        "lat": 35.077446,
        "lon": 128.79155,
        "speed": 0,
        "course": 339,
        "heading": 269,
        "destination": "JP TMK",
        "last_position_epoch": 1764843600,
        "last_position_UTC": "2025-12-04T10:20:00Z"
      },
      {
        "lat": 35.077446,
        "lon": 128.79156,
        "speed": 0,
        "course": 339,
        "heading": 269,
        "destination": "JP TMK",
        "last_position_epoch": 1764841740,
        "last_position_UTC": "2025-12-04T09:49:00Z"
      },
      {
        "lat": 35.077442,
        "lon": 128.79155,
        "speed": 0,
        "course": 339,
        "heading": 269,
        "destination": "KR PUS",
        "last_position_epoch": 1764839940,
        "last_position_UTC": "2025-12-04T09:19:00Z"
      },
      {
        "lat": 35.077454,
        "lon": 128.79155,
        "speed": 0,
        "course": 339,
        "heading": 269,
        "destination": "KR PUS",
        "last_position_epoch": 1764836460,
        "last_position_UTC": "2025-12-04T08:21:00Z"
      },
      {
        "lat": 35.077454,
        "lon": 128.79155,
        "speed": 0,
        "course": 339,
        "heading": 269,
        "destination": "KR PUS",
        "last_position_epoch": 1764834540,
        "last_position_UTC": "2025-12-04T07:49:00Z"
      },
      {
        "lat": 35.077446,
        "lon": 128.79156,
        "speed": 0,
        "course": 339,
        "heading": 269,
        "destination": "KR PUS",
        "last_position_epoch": 1764832740,
        "last_position_UTC": "2025-12-04T07:19:00Z"
      },
      {
        "lat": 35.077438,
        "lon": 128.79155,
        "speed": 0,
        "course": 339,
        "heading": 269,
        "destination": "KR PUS",
        "last_position_epoch": 1764831060,
        "last_position_UTC": "2025-12-04T06:51:00Z"
      },
      {
        "lat": 35.077435,
        "lon": 128.79156,
        "speed": 0,
        "course": 339,
        "heading": 269,
        "destination": "KR PUS",
        "last_position_epoch": 1764827220,
        "last_position_UTC": "2025-12-04T05:47:00Z"
      },
      {
        "lat": 35.077427,
        "lon": 128.79152,
        "speed": 0,
        "course": 339,
        "heading": 269,
        "destination": "KR PUS",
        "last_position_epoch": 1764825540,
        "last_position_UTC": "2025-12-04T05:19:00Z"
      },
      {
        "lat": 35.077427,
        "lon": 128.79155,
        "speed": 0,
        "course": 339,
        "heading": 269,
        "destination": "KR PUS",
        "last_position_epoch": 1764823800,
        "last_position_UTC": "2025-12-04T04:50:00Z"
      },
      {
        "lat": 35.077446,
        "lon": 128.79153,
        "speed": 0,
        "course": 339,
        "heading": 269,
        "destination": "KR PUS",
        "last_position_epoch": 1764822060,
        "last_position_UTC": "2025-12-04T04:21:00Z"
      },
      {
        "lat": 35.077454,
        "lon": 128.79152,
        "speed": 0,
        "course": 339,
        "heading": 269,
        "destination": "KR PUS",
        "last_position_epoch": 1764820320,
        "last_position_UTC": "2025-12-04T03:52:00Z"
      },
      {
        "lat": 35.077446,
        "lon": 128.79155,
        "speed": 0,
        "course": 339,
        "heading": 269,
        "destination": "KR PUS",
        "last_position_epoch": 1764818400,
        "last_position_UTC": "2025-12-04T03:20:00Z"
      },
      {
        "lat": 35.077454,
        "lon": 128.79152,
        "speed": 0,
        "course": 339,
        "heading": 269,
        "destination": "KR PUS",
        "last_position_epoch": 1764816780,
        "last_position_UTC": "2025-12-04T02:53:00Z"
      },
      {
        "lat": 35.077435,
        "lon": 128.79155,
        "speed": 0,
        "course": 339,
        "heading": 269,
        "destination": "KR PUS",
        "last_position_epoch": 1764814800,
        "last_position_UTC": "2025-12-04T02:20:00Z"
      },
      {
        "lat": 35.077454,
        "lon": 128.79153,
        "speed": 0,
        "course": 266,
        "heading": 269,
        "destination": "KR PUS",
        "last_position_epoch": 1764813060,
        "last_position_UTC": "2025-12-04T01:51:00Z"
      },
      {
        "lat": 35.077442,
        "lon": 128.79153,
        "speed": 0,
        "course": 266,
        "heading": 269,
        "destination": "KR PUS",
        "last_position_epoch": 1764811140,
        "last_position_UTC": "2025-12-04T01:19:00Z"
      },
      {
        "lat": 35.077442,
        "lon": 128.79153,
        "speed": 0,
        "course": 0,
        "heading": 269,
        "destination": "KR PUS",
        "last_position_epoch": 1764810188,
        "last_position_UTC": "2025-12-04T01:03:08Z"
      },
      {
        "lat": 35.077438,
        "lon": 128.79155,
        "speed": 0,
        "course": 266,
        "heading": 269,
        "destination": "KR PUS",
        "last_position_epoch": 1764807600,
        "last_position_UTC": "2025-12-04T00:20:00Z"
      },
      {
        "lat": 35.07745,
        "lon": 128.79155,
        "speed": 0,
        "course": 266,
        "heading": 269,
        "destination": "KR PUS",
        "last_position_epoch": 1764805800,
        "last_position_UTC": "2025-12-03T23:50:00Z"
      },
      {
        "lat": 35.077442,
        "lon": 128.79152,
        "speed": 0,
        "course": 266,
        "heading": 269,
        "destination": "KR PUS",
        "last_position_epoch": 1764804180,
        "last_position_UTC": "2025-12-03T23:23:00Z"
      },
      {
        "lat": 35.077435,
        "lon": 128.79155,
        "speed": 0,
        "course": 266,
        "heading": 269,
        "destination": "KR PUS",
        "last_position_epoch": 1764802320,
        "last_position_UTC": "2025-12-03T22:52:00Z"
      },
      {
        "lat": 35.077438,
        "lon": 128.79153,
        "speed": 0,
        "course": 289,
        "heading": 269,
        "destination": "KR PUS",
        "last_position_epoch": 1764798660,
        "last_position_UTC": "2025-12-03T21:51:00Z"
      },
      {
        "lat": 35.077435,
        "lon": 128.79155,
        "speed": 0,
        "course": 289,
        "heading": 268,
        "destination": "KR PUS",
        "last_position_epoch": 1764796920,
        "last_position_UTC": "2025-12-03T21:22:00Z"
      },
      {
        "lat": 35.077442,
        "lon": 128.79155,
        "speed": 0,
        "course": 289,
        "heading": 268,
        "destination": "KR PUS",
        "last_position_epoch": 1764795060,
        "last_position_UTC": "2025-12-03T20:51:00Z"
      },
      {
        "lat": 35.076073,
        "lon": 128.79379,
        "speed": 2.2,
        "course": 327,
        "heading": 293,
        "destination": "KR PUS",
        "last_position_epoch": 1764793320,
        "last_position_UTC": "2025-12-03T20:22:00Z"
      },
      {
        "lat": 35.001232,
        "lon": 128.80389,
        "speed": 11.5,
        "course": 339,
        "heading": 337,
        "destination": "KR PUS",
        "last_position_epoch": 1764791460,
        "last_position_UTC": "2025-12-03T19:51:00Z"
      },
      {
        "lat": 34.982616666666665,
        "lon": 128.81243833333335,
        "speed": 6.8,
        "course": 330.1,
        "heading": 339,
        "destination": "KR_PUS",
        "last_position_epoch": 1764790350,
        "last_position_UTC": "2025-12-03T19:32:30Z"
      },
      {
        "lat": 34.92443,
        "lon": 128.867675,
        "speed": 11.2,
        "course": 319.3,
        "heading": 320,
        "destination": "KR_PUS",
        "last_position_epoch": 1764788850,
        "last_position_UTC": "2025-12-03T19:07:30Z"
      },
      {
        "lat": 34.88292833333333,
        "lon": 128.91603333333333,
        "speed": 7.3,
        "course": 310.6,
        "heading": 321,
        "destination": "KR_PUS",
        "last_position_epoch": 1764787380,
        "last_position_UTC": "2025-12-03T18:43:00Z"
      },
      {
        "lat": 34.8404,
        "lon": 128.97757333333334,
        "speed": 9.4,
        "course": 297.8,
        "heading": 300,
        "destination": "KR_PUS",
        "last_position_epoch": 1764785570,
        "last_position_UTC": "2025-12-03T18:12:50Z"
      },
      {
        "lat": 34.779202,
        "lon": 129.1539,
        "speed": 8.8,
        "course": 283,
        "heading": 279,
        "destination": "KR PUS",
        "last_position_epoch": 1764782400,
        "last_position_UTC": "2025-12-03T17:20:00Z"
      },
      {
        "lat": 34.77979166666667,
        "lon": 129.149945,
        "speed": 9,
        "course": 280.7,
        "heading": 280,
        "destination": "KR_PUS",
        "last_position_epoch": 1764781969,
        "last_position_UTC": "2025-12-03T17:12:49Z"
      },
      {
        "lat": 34.78218833333333,
        "lon": 129.20928166666667,
        "speed": 0.6,
        "course": 202.7,
        "heading": 255,
        "destination": "KR_PUS",
        "last_position_epoch": 1764779969,
        "last_position_UTC": "2025-12-03T16:39:29Z"
      },
      {
        "lat": 34.78886333333333,
        "lon": 129.209385,
        "speed": 0.5,
        "course": 183.9,
        "heading": 247,
        "destination": "KR_PUS",
        "last_position_epoch": 1764778009,
        "last_position_UTC": "2025-12-03T16:06:49Z"
      },
      {
        "lat": 34.79333333333334,
        "lon": 129.20683833333334,
        "speed": 0.9,
        "course": 142.6,
        "heading": 241,
        "destination": "KR_PUS",
        "last_position_epoch": 1764776580,
        "last_position_UTC": "2025-12-03T15:43:00Z"
      },
      {
        "lat": 34.79913,
        "lon": 129.19787833333334,
        "speed": 1.1,
        "course": 131.8,
        "heading": 228,
        "destination": "KR_PUS",
        "last_position_epoch": 1764774450,
        "last_position_UTC": "2025-12-03T15:07:30Z"
      },
      {
        "lat": 34.801858333333335,
        "lon": 129.19012,
        "speed": 0.9,
        "course": 108.7,
        "heading": 230,
        "destination": "KR_PUS",
        "last_position_epoch": 1764772849,
        "last_position_UTC": "2025-12-03T14:40:49Z"
      },
      {
        "lat": 34.80638833333333,
        "lon": 129.177835,
        "speed": 1,
        "course": 92.2,
        "heading": 242,
        "destination": "KR_PUS",
        "last_position_epoch": 1764770779,
        "last_position_UTC": "2025-12-03T14:06:19Z"
      },
      {
        "lat": 34.807631666666666,
        "lon": 129.16793666666666,
        "speed": 1.1,
        "course": 103,
        "heading": 233,
        "destination": "KR_PUS",
        "last_position_epoch": 1764769219,
        "last_position_UTC": "2025-12-03T13:40:19Z"
      },
      {
        "lat": 34.81076,
        "lon": 129.15435,
        "speed": 1.4,
        "course": 101.6,
        "heading": 231,
        "destination": "KR_PUS",
        "last_position_epoch": 1764767249,
        "last_position_UTC": "2025-12-03T13:07:29Z"
      },
      {
        "lat": 34.81272166666667,
        "lon": 129.14332833333333,
        "speed": 1.3,
        "course": 100.8,
        "heading": 243,
        "destination": "KR_PUS",
        "last_position_epoch": 1764765768,
        "last_position_UTC": "2025-12-03T12:42:48Z"
      },
      {
        "lat": 34.818705,
        "lon": 129.12754166666667,
        "speed": 1.7,
        "course": 122.4,
        "heading": 235,
        "destination": "KR_PUS",
        "last_position_epoch": 1764763659,
        "last_position_UTC": "2025-12-03T12:07:39Z"
      },
      {
        "lat": 34.82207,
        "lon": 129.11770666666666,
        "speed": 0.6,
        "course": 30.8,
        "heading": 274,
        "destination": "KR_PUS",
        "last_position_epoch": 1764762170,
        "last_position_UTC": "2025-12-03T11:42:50Z"
      },
      {
        "lat": 34.837219,
        "lon": 129.12602,
        "speed": 7,
        "course": 224,
        "heading": 234,
        "destination": "KR_PUS",
        "last_position_epoch": 1764760244,
        "last_position_UTC": "2025-12-03T11:10:44Z"
      },
      {
        "lat": 34.88832166666667,
        "lon": 129.18260333333333,
        "speed": 7.9,
        "course": 223.4,
        "heading": 230,
        "destination": "JP_TMK",
        "last_position_epoch": 1764758259,
        "last_position_UTC": "2025-12-03T10:37:39Z"
      },
      {
        "lat": 34.968819,
        "lon": 129.28699,
        "speed": 8.3,
        "course": 222,
        "heading": 231,
        "destination": "KR PUS",
        "last_position_epoch": 1764755340,
        "last_position_UTC": "2025-12-03T09:49:00Z"
      },
      {
        "lat": 35.021652,
        "lon": 129.34479,
        "speed": 8.6,
        "course": 214,
        "heading": 224,
        "destination": "KR PUS",
        "last_position_epoch": 1764753600,
        "last_position_UTC": "2025-12-03T09:20:00Z"
      },
      {
        "lat": 35.081188,
        "lon": 129.40088,
        "speed": 8.8,
        "course": 217,
        "heading": 224,
        "destination": "KR PUS",
        "last_position_epoch": 1764751740,
        "last_position_UTC": "2025-12-03T08:49:00Z"
      },
      {
        "lat": 35.190964,
        "lon": 129.52522,
        "speed": 8,
        "course": 226,
        "heading": 225,
        "destination": "KR PUS",
        "last_position_epoch": 1764748020,
        "last_position_UTC": "2025-12-03T07:47:00Z"
      },
      {
        "lat": 35.226845,
        "lon": 129.56828,
        "speed": 8,
        "course": 220,
        "heading": 225,
        "destination": "KR PUS",
        "last_position_epoch": 1764746280,
        "last_position_UTC": "2025-12-03T07:18:00Z"
      },
      {
        "lat": 35.284828,
        "lon": 129.63637,
        "speed": 7.4,
        "course": 232,
        "heading": 234,
        "destination": "KR PUS",
        "last_position_epoch": 1764744540,
        "last_position_UTC": "2025-12-03T06:49:00Z"
      },
      {
        "lat": 35.356014,
        "lon": 129.73384,
        "speed": 7.8,
        "course": 229,
        "heading": 230,
        "destination": "KR PUS",
        "last_position_epoch": 1764741120,
        "last_position_UTC": "2025-12-03T05:52:00Z"
      },
      {
        "lat": 35.402645,
        "lon": 129.79106,
        "speed": 7.9,
        "course": 224,
        "heading": 225,
        "destination": "KR PUS",
        "last_position_epoch": 1764739200,
        "last_position_UTC": "2025-12-03T05:20:00Z"
      },
      {
        "lat": 35.452717,
        "lon": 129.83926,
        "speed": 7,
        "course": 214,
        "heading": 224,
        "destination": "KR PUS",
        "last_position_epoch": 1764737460,
        "last_position_UTC": "2025-12-03T04:51:00Z"
      },
      {
        "lat": 35.508968,
        "lon": 129.88383,
        "speed": 7.6,
        "course": 219,
        "heading": 224,
        "destination": "KR PUS",
        "last_position_epoch": 1764735540,
        "last_position_UTC": "2025-12-03T04:19:00Z"
      },
      {
        "lat": 37.50642,
        "lon": 133.63083,
        "speed": 11.3,
        "course": 243,
        "heading": null,
        "destination": "KR PUS",
        "last_position_epoch": 1764654480,
        "last_position_UTC": "2025-12-02T05:48:00Z"
      },
      {
        "lat": 40.792358,
        "lon": 139.28214,
        "speed": 9.6,
        "course": 233,
        "heading": null,
        "destination": "KR PUS",
        "last_position_epoch": 1764535800,
        "last_position_UTC": "2025-11-30T20:50:00Z"
      },
      {
        "lat": 41.479694,
        "lon": 140.57344,
        "speed": 8.6,
        "course": 236,
        "heading": 232,
        "destination": "KR PUS",
        "last_position_epoch": 1764508740,
        "last_position_UTC": "2025-11-30T13:19:00Z"
      },
      {
        "lat": 41.53928,
        "lon": 140.72311,
        "speed": 9.1,
        "course": 248,
        "heading": 245,
        "destination": "KR PUS",
        "last_position_epoch": 1764505200,
        "last_position_UTC": "2025-11-30T12:20:00Z"
      },
      {
        "lat": 41.58123,
        "lon": 140.81725,
        "speed": 8.6,
        "course": 234,
        "heading": 233,
        "destination": "KR PUS",
        "last_position_epoch": 1764503340,
        "last_position_UTC": "2025-11-30T11:49:00Z"
      },
      {
        "lat": 41.619267,
        "lon": 140.88872,
        "speed": 7.3,
        "course": 236,
        "heading": 240,
        "destination": "KR PUS",
        "last_position_epoch": 1764501600,
        "last_position_UTC": "2025-11-30T11:20:00Z"
      },
      {
        "lat": 41.631935,
        "lon": 140.9711,
        "speed": 7.9,
        "course": 273,
        "heading": 264,
        "destination": "KR PUS",
        "last_position_epoch": 1764499860,
        "last_position_UTC": "2025-11-30T10:51:00Z"
      },
      {
        "lat": 41.640282,
        "lon": 141.04185,
        "speed": 7.3,
        "course": 264,
        "heading": 264,
        "destination": "KR PUS",
        "last_position_epoch": 1764497940,
        "last_position_UTC": "2025-11-30T10:19:00Z"
      },
      {
        "lat": 41.737694,
        "lon": 141.231,
        "speed": 11.1,
        "course": 233,
        "heading": 232,
        "destination": "KR PUS",
        "last_position_epoch": 1764494340,
        "last_position_UTC": "2025-11-30T09:19:00Z"
      },
      {
        "lat": 41.80349,
        "lon": 141.32005,
        "speed": 11.3,
        "course": 216,
        "heading": 215,
        "destination": "KR PUS",
        "last_position_epoch": 1764492660,
        "last_position_UTC": "2025-11-30T08:51:00Z"
      },
      {
        "lat": 42.27449,
        "lon": 141.56433,
        "speed": 9.6,
        "course": 215,
        "heading": 210,
        "destination": "KR PUS",
        "last_position_epoch": 1764481680,
        "last_position_UTC": "2025-11-30T05:48:00Z"
      },
      {
        "lat": 42.324902,
        "lon": 141.59921,
        "speed": 9.6,
        "course": 191,
        "heading": 193,
        "destination": "KR PUS",
        "last_position_epoch": 1764480060,
        "last_position_UTC": "2025-11-30T05:21:00Z"
      },
      {
        "lat": 42.416634,
        "lon": 141.64122,
        "speed": 9.3,
        "course": 198,
        "heading": 200,
        "destination": "KR PUS",
        "last_position_epoch": 1764478260,
        "last_position_UTC": "2025-11-30T04:51:00Z"
      },
      {
        "lat": 42.474758,
        "lon": 141.67125,
        "speed": 8.8,
        "course": 204,
        "heading": 200,
        "destination": "KR PUS",
        "last_position_epoch": 1764476400,
        "last_position_UTC": "2025-11-30T04:20:00Z"
      },
      {
        "lat": 42.553513,
        "lon": 141.71733,
        "speed": 8.6,
        "course": 204,
        "heading": 200,
        "destination": "KR PUS",
        "last_position_epoch": 1764474660,
        "last_position_UTC": "2025-11-30T03:51:00Z"
      },
      {
        "lat": 42.610161,
        "lon": 141.77994,
        "speed": 3.4,
        "course": 201,
        "heading": 195,
        "destination": "JP TMK",
        "last_position_epoch": 1764472800,
        "last_position_UTC": "2025-11-30T03:20:00Z"
      },
      {
        "lat": 42.611385,
        "lon": 141.78285,
        "speed": 0,
        "course": 267,
        "heading": 15,
        "destination": "JP TMK",
        "last_position_epoch": 1764471000,
        "last_position_UTC": "2025-11-30T02:50:00Z"
      },
      {
        "lat": 42.611385,
        "lon": 141.78287,
        "speed": 0,
        "course": 267,
        "heading": 15,
        "destination": "JP TMK",
        "last_position_epoch": 1764469020,
        "last_position_UTC": "2025-11-30T02:17:00Z"
      },
      {
        "lat": 42.611382,
        "lon": 141.78287,
        "speed": 0,
        "course": 267,
        "heading": 15,
        "destination": "JP TMK",
        "last_position_epoch": 1764451080,
        "last_position_UTC": "2025-11-29T21:18:00Z"
      },
      {
        "lat": 42.611382,
        "lon": 141.78288,
        "speed": 0,
        "course": 267,
        "heading": 15,
        "destination": "JP TMK",
        "last_position_epoch": 1764445800,
        "last_position_UTC": "2025-11-29T19:50:00Z"
      },
      {
        "lat": 42.611382,
        "lon": 141.78287,
        "speed": 0,
        "course": 267,
        "heading": 15,
        "destination": "JP TMK",
        "last_position_epoch": 1764443940,
        "last_position_UTC": "2025-11-29T19:19:00Z"
      },
      {
        "lat": 42.611385,
        "lon": 141.78288,
        "speed": 0,
        "course": 0,
        "heading": 15,
        "destination": "JP TMK",
        "last_position_epoch": 1764441109,
        "last_position_UTC": "2025-11-29T18:31:49Z"
      },
      {
        "lat": 42.611385,
        "lon": 141.78285,
        "speed": 0,
        "course": 267,
        "heading": 15,
        "destination": "JP TMK",
        "last_position_epoch": 1764431280,
        "last_position_UTC": "2025-11-29T15:48:00Z"
      }
    ]
  },
  "meta": {
    "duration": 0.015385034,
    "endpoint": "/api/v0/vessel_history",
    "success": true
  }
}