{
  "data": {
    "uuid": "c56371ba-2298-f289-03be-8f3b1db7ffe4",
    "name": "LOS ANDES BRIDGE",
    "mmsi": "354118000",
    "imo": "9451472",
    "eni": null,
    "country_iso": "PA",
    "type": "Cargo - Hazard A (Major)",
    "type_specific": "Container Ship",
    "positions": [
      {
        "lat": 35.041465,
        "lon": 138.52206333333334,
        "speed": 0,
        "course": 23.1,
        "heading": 53,
        "destination": " JP SMZ",
        "last_position_epoch": 1765030254,
        "last_position_UTC": "2025-12-06T14:10:54Z"
      },
      {
        "lat": 35.04159166666667,
        "lon": 138.52201333333332,
        "speed": 0,
        "course": 23.1,
        "heading": 53,
        "destination": " JP SMZ",
        "last_position_epoch": 1765028095,
        "last_position_UTC": "2025-12-06T13:34:55Z"
      },
      {
        "lat": 35.04155166666666,
        "lon": 138.52205,
        "speed": 0,
        "course": 23.1,
        "heading": 53,
        "destination": " JP SMZ",
        "last_position_epoch": 1765026292,
        "last_position_UTC": "2025-12-06T13:04:52Z"
      },
      {
        "lat": 35.04154666666667,
        "lon": 138.52207,
        "speed": 0,
        "course": 23.1,
        "heading": 53,
        "destination": " JP SMZ",
        "last_position_epoch": 1765024496,
        "last_position_UTC": "2025-12-06T12:34:56Z"
      },
      {
        "lat": 35.04154166666667,
        "lon": 138.52209833333333,
        "speed": 0,
        "course": 23.1,
        "heading": 53,
        "destination": " JP SMZ",
        "last_position_epoch": 1765022873,
        "last_position_UTC": "2025-12-06T12:07:53Z"
      },
      {
        "lat": 35.04152166666667,
        "lon": 138.52211666666668,
        "speed": 0,
        "course": 23.1,
        "heading": 53,
        "destination": " JP SMZ",
        "last_position_epoch": 1765020894,
        "last_position_UTC": "2025-12-06T11:34:54Z"
      },
      {
        "lat": 35.04139166666667,
        "lon": 138.52195333333333,
        "speed": 0,
        "course": 23.1,
        "heading": 53,
        "destination": " JP SMZ",
        "last_position_epoch": 1765018913,
        "last_position_UTC": "2025-12-06T11:01:53Z"
      },
      {
        "lat": 35.041512,
        "lon": 138.52206,
        "speed": 0,
        "course": 0,
        "heading": 53,
        "destination": " JP SMZ",
        "last_position_epoch": 1765016962,
        "last_position_UTC": "2025-12-06T10:29:22Z"
      },
      {
        "lat": 35.041546,
        "lon": 138.52213,
        "speed": 0,
        "course": 23,
        "heading": 53,
        "destination": "JP SMZ",
        "last_position_epoch": 1765014420,
        "last_position_UTC": "2025-12-06T09:47:00Z"
      },
      {
        "lat": 35.04163,
        "lon": 138.52212166666666,
        "speed": 0,
        "course": 23.1,
        "heading": 53,
        "destination": " JP SMZ",
        "last_position_epoch": 1765013334,
        "last_position_UTC": "2025-12-06T09:28:54Z"
      },
      {
        "lat": 35.04152,
        "lon": 138.52208333333334,
        "speed": 0,
        "course": 23.1,
        "heading": 53,
        "destination": " JP SMZ",
        "last_position_epoch": 1765011534,
        "last_position_UTC": "2025-12-06T08:58:54Z"
      },
      {
        "lat": 35.041473333333336,
        "lon": 138.52221166666666,
        "speed": 0.3,
        "course": 353,
        "heading": 52,
        "destination": " JP SMZ",
        "last_position_epoch": 1765010315,
        "last_position_UTC": "2025-12-06T08:38:35Z"
      },
      {
        "lat": 35.029311666666665,
        "lon": 138.53824666666668,
        "speed": 8.9,
        "course": 255.7,
        "heading": 254,
        "destination": " JP SMZ",
        "last_position_epoch": 1765008466,
        "last_position_UTC": "2025-12-06T08:07:46Z"
      },
      {
        "lat": 35.012025,
        "lon": 138.622375,
        "speed": 5.6,
        "course": 312.8,
        "heading": 309,
        "destination": " JP SMZ",
        "last_position_epoch": 1765006476,
        "last_position_UTC": "2025-12-06T07:34:36Z"
      },
      {
        "lat": 34.96285,
        "lon": 138.61857833333335,
        "speed": 6.3,
        "course": 10.5,
        "heading": 9,
        "destination": " JP SMZ",
        "last_position_epoch": 1765004736,
        "last_position_UTC": "2025-12-06T07:05:36Z"
      },
      {
        "lat": 34.919465,
        "lon": 138.60698833333333,
        "speed": 6.7,
        "course": 11.4,
        "heading": 13,
        "destination": " JP SMZ",
        "last_position_epoch": 1765003176,
        "last_position_UTC": "2025-12-06T06:39:36Z"
      },
      {
        "lat": 34.87885333333333,
        "lon": 138.60034666666667,
        "speed": 3.9,
        "course": 355.1,
        "heading": 0,
        "destination": " JP SMZ",
        "last_position_epoch": 1765001576,
        "last_position_UTC": "2025-12-06T06:12:56Z"
      },
      {
        "lat": 34.862675,
        "lon": 138.603525,
        "speed": 1.2,
        "course": 354.7,
        "heading": 9,
        "destination": " JP SMZ",
        "last_position_epoch": 1764999565,
        "last_position_UTC": "2025-12-06T05:39:25Z"
      },
      {
        "lat": 34.84602,
        "lon": 138.601865,
        "speed": 4.3,
        "course": 9,
        "heading": 12,
        "destination": " JP SMZ",
        "last_position_epoch": 1764997956,
        "last_position_UTC": "2025-12-06T05:12:36Z"
      },
      {
        "lat": 34.8134,
        "lon": 138.603005,
        "speed": 2.3,
        "course": 338.8,
        "heading": 350,
        "destination": " JP SMZ",
        "last_position_epoch": 1764995875,
        "last_position_UTC": "2025-12-06T04:37:55Z"
      },
      {
        "lat": 34.787762,
        "lon": 138.61841,
        "speed": 4,
        "course": 337,
        "heading": 340,
        "destination": " JP SMZ",
        "last_position_epoch": 1764994099,
        "last_position_UTC": "2025-12-06T04:08:19Z"
      },
      {
        "lat": 34.751895,
        "lon": 138.63476833333334,
        "speed": 8,
        "course": 345.3,
        "heading": 345,
        "destination": " JP SMZ",
        "last_position_epoch": 1764992166,
        "last_position_UTC": "2025-12-06T03:36:06Z"
      },
      {
        "lat": 34.543053,
        "lon": 138.91031,
        "speed": 11.1,
        "course": 268,
        "heading": 265,
        "destination": "JP SMZ",
        "last_position_epoch": 1764985740,
        "last_position_UTC": "2025-12-06T01:49:00Z"
      },
      {
        "lat": 34.578285,
        "lon": 139.01273,
        "speed": 10.3,
        "course": 236,
        "heading": 231,
        "destination": "JP SMZ",
        "last_position_epoch": 1764983880,
        "last_position_UTC": "2025-12-06T01:18:00Z"
      },
      {
        "lat": 34.636559,
        "lon": 139.07829,
        "speed": 9.5,
        "course": 221,
        "heading": 221,
        "destination": "JP SMZ",
        "last_position_epoch": 1764982200,
        "last_position_UTC": "2025-12-06T00:50:00Z"
      },
      {
        "lat": 34.689983,
        "lon": 139.1265,
        "speed": 9.8,
        "course": 209,
        "heading": 211,
        "destination": "JP SMZ",
        "last_position_epoch": 1764980400,
        "last_position_UTC": "2025-12-06T00:20:00Z"
      },
      {
        "lat": 34.751686,
        "lon": 139.18535,
        "speed": 10.1,
        "course": 220,
        "heading": 216,
        "destination": "JP SMZ",
        "last_position_epoch": 1764978540,
        "last_position_UTC": "2025-12-05T23:49:00Z"
      },
      {
        "lat": 34.82608,
        "lon": 139.26089,
        "speed": 11.5,
        "course": 219,
        "heading": 212,
        "destination": "JP SMZ",
        "last_position_epoch": 1764976800,
        "last_position_UTC": "2025-12-05T23:20:00Z"
      },
      {
        "lat": 34.884182,
        "lon": 139.36438,
        "speed": 11.1,
        "course": 234,
        "heading": 237,
        "destination": "JP SMZ",
        "last_position_epoch": 1764974940,
        "last_position_UTC": "2025-12-05T22:49:00Z"
      },
      {
        "lat": 34.94894,
        "lon": 139.46733,
        "speed": 10.8,
        "course": 232,
        "heading": 232,
        "destination": "JP SMZ",
        "last_position_epoch": 1764973020,
        "last_position_UTC": "2025-12-05T22:17:00Z"
      },
      {
        "lat": 34.977466666666665,
        "lon": 139.51356333333334,
        "speed": 10.7,
        "course": 234,
        "heading": 233,
        "destination": " JP SMZ",
        "last_position_epoch": 1764971596,
        "last_position_UTC": "2025-12-05T21:53:16Z"
      },
      {
        "lat": 35.002808333333334,
        "lon": 139.55427833333334,
        "speed": 11,
        "course": 232.2,
        "heading": 234,
        "destination": " JP SMZ",
        "last_position_epoch": 1764970765,
        "last_position_UTC": "2025-12-05T21:39:25Z"
      },
      {
        "lat": 35.06396,
        "lon": 139.65295,
        "speed": 11.9,
        "course": 234.3,
        "heading": 231,
        "destination": " JP SMZ",
        "last_position_epoch": 1764968865,
        "last_position_UTC": "2025-12-05T21:07:45Z"
      },
      {
        "lat": 35.11745166666667,
        "lon": 139.73281333333333,
        "speed": 12.2,
        "course": 212.5,
        "heading": 213,
        "destination": " JP SMZ",
        "last_position_epoch": 1764967375,
        "last_position_UTC": "2025-12-05T20:42:55Z"
      },
      {
        "lat": 35.228923333333334,
        "lon": 139.77107833333332,
        "speed": 12.4,
        "course": 180.1,
        "heading": 180,
        "destination": " JP SMZ",
        "last_position_epoch": 1764965256,
        "last_position_UTC": "2025-12-05T20:07:36Z"
      },
      {
        "lat": 35.30262833333333,
        "lon": 139.73217166666666,
        "speed": 11.7,
        "course": 145.7,
        "heading": 143,
        "destination": " JP SMZ",
        "last_position_epoch": 1764963746,
        "last_position_UTC": "2025-12-05T19:42:26Z"
      },
      {
        "lat": 35.394135,
        "lon": 139.67677333333333,
        "speed": 5.1,
        "course": 144.1,
        "heading": 145,
        "destination": " JP SMZ",
        "last_position_epoch": 1764961977,
        "last_position_UTC": "2025-12-05T19:12:57Z"
      },
      {
        "lat": 35.40306833333333,
        "lon": 139.68065833333333,
        "speed": 0,
        "course": 329.9,
        "heading": 45,
        "destination": " JP SMZ",
        "last_position_epoch": 1764960084,
        "last_position_UTC": "2025-12-05T18:41:24Z"
      },
      {
        "lat": 35.403042,
        "lon": 139.68065,
        "speed": 0,
        "course": 0,
        "heading": 45,
        "destination": " JP SMZ",
        "last_position_epoch": 1764958102,
        "last_position_UTC": "2025-12-05T18:08:22Z"
      },
      {
        "lat": 35.403088333333336,
        "lon": 139.680675,
        "speed": 0,
        "course": 329.9,
        "heading": 46,
        "destination": " JP SMZ",
        "last_position_epoch": 1764956120,
        "last_position_UTC": "2025-12-05T17:35:20Z"
      },
      {
        "lat": 35.40301,
        "lon": 139.680625,
        "speed": 0,
        "course": 329.9,
        "heading": 46,
        "destination": " JP YOK XX SHN",
        "last_position_epoch": 1764954683,
        "last_position_UTC": "2025-12-05T17:11:23Z"
      },
      {
        "lat": 35.40313166666667,
        "lon": 139.68063833333332,
        "speed": 0,
        "course": 329.9,
        "heading": 46,
        "destination": " JP YOK XX SHN",
        "last_position_epoch": 1764952699,
        "last_position_UTC": "2025-12-05T16:38:19Z"
      },
      {
        "lat": 35.403195,
        "lon": 139.68076166666665,
        "speed": 0,
        "course": 329.9,
        "heading": 46,
        "destination": " JP YOK XX SHN",
        "last_position_epoch": 1764951082,
        "last_position_UTC": "2025-12-05T16:11:22Z"
      },
      {
        "lat": 35.40306666666667,
        "lon": 139.68067,
        "speed": 0,
        "course": 329.9,
        "heading": 45,
        "destination": " JP YOK XX SHN",
        "last_position_epoch": 1764948925,
        "last_position_UTC": "2025-12-05T15:35:25Z"
      },
      {
        "lat": 35.40314333333333,
        "lon": 139.68073,
        "speed": 0,
        "course": 329.9,
        "heading": 45,
        "destination": " JP YOK XX SHN",
        "last_position_epoch": 1764947123,
        "last_position_UTC": "2025-12-05T15:05:23Z"
      },
      {
        "lat": 35.40305,
        "lon": 139.68068666666667,
        "speed": 0,
        "course": 329.9,
        "heading": 45,
        "destination": " JP YOK XX SHN",
        "last_position_epoch": 1764945323,
        "last_position_UTC": "2025-12-05T14:35:23Z"
      },
      {
        "lat": 35.40305,
        "lon": 139.680685,
        "speed": 0,
        "course": 329.9,
        "heading": 45,
        "destination": " JP YOK XX SHN",
        "last_position_epoch": 1764943885,
        "last_position_UTC": "2025-12-05T14:11:25Z"
      },
      {
        "lat": 35.403065,
        "lon": 139.68066166666668,
        "speed": 0,
        "course": 329.9,
        "heading": 45,
        "destination": " JP YOK XX SHN",
        "last_position_epoch": 1764941725,
        "last_position_UTC": "2025-12-05T13:35:25Z"
      },
      {
        "lat": 35.40302833333333,
        "lon": 139.680645,
        "speed": 0,
        "course": 329.9,
        "heading": 45,
        "destination": " JP YOK XX SHN",
        "last_position_epoch": 1764940281,
        "last_position_UTC": "2025-12-05T13:11:21Z"
      },
      {
        "lat": 35.403065,
        "lon": 139.680685,
        "speed": 0,
        "course": 329.9,
        "heading": 45,
        "destination": " JP YOK XX SHN",
        "last_position_epoch": 1764938304,
        "last_position_UTC": "2025-12-05T12:38:24Z"
      },
      {
        "lat": 35.40304666666667,
        "lon": 139.68065333333334,
        "speed": 0,
        "course": 329.9,
        "heading": 45,
        "destination": " JP YOK XX SHN",
        "last_position_epoch": 1764936684,
        "last_position_UTC": "2025-12-05T12:11:24Z"
      },
      {
        "lat": 35.403076666666664,
        "lon": 139.680695,
        "speed": 0,
        "course": 329.9,
        "heading": 46,
        "destination": " JP YOK XX SHN",
        "last_position_epoch": 1764934880,
        "last_position_UTC": "2025-12-05T11:41:20Z"
      },
      {
        "lat": 35.40300333333333,
        "lon": 139.68065833333333,
        "speed": 0.2,
        "course": 329,
        "heading": 46,
        "destination": " JP YOK XX SHN",
        "last_position_epoch": 1764933078,
        "last_position_UTC": "2025-12-05T11:11:18Z"
      },
      {
        "lat": 35.38780166666667,
        "lon": 139.67993166666668,
        "speed": 5.1,
        "course": 300.7,
        "heading": 310,
        "destination": " JP YOK XX SHN",
        "last_position_epoch": 1764931197,
        "last_position_UTC": "2025-12-05T10:39:57Z"
      },
      {
        "lat": 35.417813333333335,
        "lon": 139.721565,
        "speed": 9.8,
        "course": 233.6,
        "heading": 235,
        "destination": " JP YOK XX SHN",
        "last_position_epoch": 1764929578,
        "last_position_UTC": "2025-12-05T10:12:58Z"
      },
      {
        "lat": 35.472075,
        "lon": 139.81500166666666,
        "speed": 13.1,
        "course": 234.8,
        "heading": 235,
        "destination": " JP YOK XX SHN",
        "last_position_epoch": 1764927767,
        "last_position_UTC": "2025-12-05T09:42:47Z"
      },
      {
        "lat": 35.571128333333334,
        "lon": 139.805775,
        "speed": 12,
        "course": 127.7,
        "heading": 127,
        "destination": " JP YOK XX SHN",
        "last_position_epoch": 1764925679,
        "last_position_UTC": "2025-12-05T09:07:59Z"
      },
      {
        "lat": 35.596695,
        "lon": 139.77297666666666,
        "speed": 0.3,
        "course": 93.4,
        "heading": 329,
        "destination": " JP YOK",
        "last_position_epoch": 1764924180,
        "last_position_UTC": "2025-12-05T08:43:00Z"
      },
      {
        "lat": 35.596758333333334,
        "lon": 139.77261,
        "speed": 0,
        "course": 260.3,
        "heading": 329,
        "destination": " JP YOK",
        "last_position_epoch": 1764922149,
        "last_position_UTC": "2025-12-05T08:09:09Z"
      },
      {
        "lat": 35.59674166666667,
        "lon": 139.77255666666667,
        "speed": 0,
        "course": 260.3,
        "heading": 329,
        "destination": " JP TYO O",
        "last_position_epoch": 1764920165,
        "last_position_UTC": "2025-12-05T07:36:05Z"
      },
      {
        "lat": 35.59676833333333,
        "lon": 139.77258,
        "speed": 0,
        "course": 260.3,
        "heading": 329,
        "destination": " JP TYO O",
        "last_position_epoch": 1764918728,
        "last_position_UTC": "2025-12-05T07:12:08Z"
      },
      {
        "lat": 35.59676666666667,
        "lon": 139.77257666666668,
        "speed": 0,
        "course": 260.3,
        "heading": 329,
        "destination": " JP TYO O",
        "last_position_epoch": 1764916929,
        "last_position_UTC": "2025-12-05T06:42:09Z"
      },
      {
        "lat": 35.59679666666667,
        "lon": 139.77255833333334,
        "speed": 0,
        "course": 260.3,
        "heading": 329,
        "destination": " JP TYO O",
        "last_position_epoch": 1764914764,
        "last_position_UTC": "2025-12-05T06:06:04Z"
      },
      {
        "lat": 35.59694666666667,
        "lon": 139.77269333333334,
        "speed": 0,
        "course": 260.3,
        "heading": 329,
        "destination": " JP TYO O",
        "last_position_epoch": 1764913329,
        "last_position_UTC": "2025-12-05T05:42:09Z"
      },
      {
        "lat": 35.596735,
        "lon": 139.772695,
        "speed": 0,
        "course": 260.3,
        "heading": 329,
        "destination": " JP TYO O",
        "last_position_epoch": 1764910986,
        "last_position_UTC": "2025-12-05T05:03:06Z"
      },
      {
        "lat": 35.596875,
        "lon": 139.77255,
        "speed": 0,
        "course": 260.3,
        "heading": 329,
        "destination": " JP TYO O",
        "last_position_epoch": 1764909728,
        "last_position_UTC": "2025-12-05T04:42:08Z"
      },
      {
        "lat": 35.59663166666667,
        "lon": 139.77274,
        "speed": 0,
        "course": 260.3,
        "heading": 329,
        "destination": " JP TYO O",
        "last_position_epoch": 1764907564,
        "last_position_UTC": "2025-12-05T04:06:04Z"
      },
      {
        "lat": 35.59674833333333,
        "lon": 139.77258666666665,
        "speed": 0,
        "course": 260.3,
        "heading": 329,
        "destination": " JP TYO O",
        "last_position_epoch": 1764906130,
        "last_position_UTC": "2025-12-05T03:42:10Z"
      },
      {
        "lat": 35.59672166666667,
        "lon": 139.77257333333333,
        "speed": 0,
        "course": 260.3,
        "heading": 329,
        "destination": " JP TYO O",
        "last_position_epoch": 1764904330,
        "last_position_UTC": "2025-12-05T03:12:10Z"
      },
      {
        "lat": 35.596758333333334,
        "lon": 139.77274833333334,
        "speed": 0,
        "course": 260.3,
        "heading": 329,
        "destination": " JP TYO O",
        "last_position_epoch": 1764902528,
        "last_position_UTC": "2025-12-05T02:42:08Z"
      },
      {
        "lat": 35.596695,
        "lon": 139.77267333333333,
        "speed": 0,
        "course": 260.3,
        "heading": 329,
        "destination": " JP TYO O",
        "last_position_epoch": 1764900548,
        "last_position_UTC": "2025-12-05T02:09:08Z"
      },
      {
        "lat": 35.59683,
        "lon": 139.772595,
        "speed": 0,
        "course": 316.5,
        "heading": 329,
        "destination": " JP TYO O",
        "last_position_epoch": 1764898928,
        "last_position_UTC": "2025-12-05T01:42:08Z"
      },
      {
        "lat": 35.59676833333333,
        "lon": 139.77259833333332,
        "speed": 0,
        "course": 316.5,
        "heading": 329,
        "destination": " JP TYO O",
        "last_position_epoch": 1764896769,
        "last_position_UTC": "2025-12-05T01:06:09Z"
      },
      {
        "lat": 35.59676,
        "lon": 139.77259166666667,
        "speed": 0,
        "course": 316.5,
        "heading": 329,
        "destination": " JP TYO O",
        "last_position_epoch": 1764895324,
        "last_position_UTC": "2025-12-05T00:42:04Z"
      },
      {
        "lat": 35.596743333333336,
        "lon": 139.77250166666667,
        "speed": 0,
        "course": 316.5,
        "heading": 329,
        "destination": " JP TYO O",
        "last_position_epoch": 1764893529,
        "last_position_UTC": "2025-12-05T00:12:09Z"
      },
      {
        "lat": 35.59682,
        "lon": 139.77261666666666,
        "speed": 0,
        "course": 316.5,
        "heading": 329,
        "destination": " JP TYO O",
        "last_position_epoch": 1764891727,
        "last_position_UTC": "2025-12-04T23:42:07Z"
      },
      {
        "lat": 35.596713333333334,
        "lon": 139.77260666666666,
        "speed": 0,
        "course": 316.5,
        "heading": 329,
        "destination": " JP TYO O",
        "last_position_epoch": 1764889925,
        "last_position_UTC": "2025-12-04T23:12:05Z"
      },
      {
        "lat": 35.596743333333336,
        "lon": 139.77259333333333,
        "speed": 0,
        "course": 316.5,
        "heading": 329,
        "destination": " JP TYO O",
        "last_position_epoch": 1764888123,
        "last_position_UTC": "2025-12-04T22:42:03Z"
      },
      {
        "lat": 35.59518333333333,
        "lon": 139.77467833333333,
        "speed": 1.7,
        "course": 312.2,
        "heading": 323,
        "destination": " JP TYO O",
        "last_position_epoch": 1764886077,
        "last_position_UTC": "2025-12-04T22:07:57Z"
      },
      {
        "lat": 35.56261333333333,
        "lon": 139.82200666666665,
        "speed": 11.7,
        "course": 299.4,
        "heading": 303,
        "destination": " JP TYO O",
        "last_position_epoch": 1764884577,
        "last_position_UTC": "2025-12-04T21:42:57Z"
      },
      {
        "lat": 35.48766833333333,
        "lon": 139.86298,
        "speed": 15.7,
        "course": 38.7,
        "heading": 35,
        "destination": " JP TYO O",
        "last_position_epoch": 1764882774,
        "last_position_UTC": "2025-12-04T21:12:54Z"
      },
      {
        "lat": 35.38901,
        "lon": 139.762945,
        "speed": 13.2,
        "course": 20.8,
        "heading": 21,
        "destination": " JP TYO O",
        "last_position_epoch": 1764880976,
        "last_position_UTC": "2025-12-04T20:42:56Z"
      },
      {
        "lat": 35.28848833333333,
        "lon": 139.75597333333334,
        "speed": 13.2,
        "course": 324.2,
        "heading": 323,
        "destination": " JP TYO O",
        "last_position_epoch": 1764879175,
        "last_position_UTC": "2025-12-04T20:12:55Z"
      },
      {
        "lat": 35.183348333333335,
        "lon": 139.78177333333332,
        "speed": 13,
        "course": 1,
        "heading": 3,
        "destination": " JP TYO O",
        "last_position_epoch": 1764877345,
        "last_position_UTC": "2025-12-04T19:42:25Z"
      },
      {
        "lat": 35.09880833333333,
        "lon": 139.76381,
        "speed": 9.5,
        "course": 10.7,
        "heading": 10,
        "destination": " JP TYO",
        "last_position_epoch": 1764875266,
        "last_position_UTC": "2025-12-04T19:07:46Z"
      },
      {
        "lat": 35.041515,
        "lon": 139.74699,
        "speed": 6.8,
        "course": 24.1,
        "heading": 20,
        "destination": " JP TYO",
        "last_position_epoch": 1764873475,
        "last_position_UTC": "2025-12-04T18:37:55Z"
      },
      {
        "lat": 34.988256666666665,
        "lon": 139.71553333333333,
        "speed": 9.1,
        "course": 32.8,
        "heading": 30,
        "destination": " JP TYO",
        "last_position_epoch": 1764871656,
        "last_position_UTC": "2025-12-04T18:07:36Z"
      },
      {
        "lat": 34.955531666666666,
        "lon": 139.69923333333332,
        "speed": 2.2,
        "course": 59.7,
        "heading": 325,
        "destination": " JP TYO",
        "last_position_epoch": 1764869995,
        "last_position_UTC": "2025-12-04T17:39:55Z"
      },
      {
        "lat": 34.942141666666664,
        "lon": 139.6865,
        "speed": 5.1,
        "course": 20.9,
        "heading": 2,
        "destination": " JP TYO",
        "last_position_epoch": 1764868356,
        "last_position_UTC": "2025-12-04T17:12:36Z"
      },
      {
        "lat": 34.88292333333333,
        "lon": 139.64288833333333,
        "speed": 7.6,
        "course": 42,
        "heading": 34,
        "destination": " JP NGO",
        "last_position_epoch": 1764866255,
        "last_position_UTC": "2025-12-04T16:37:35Z"
      },
      {
        "lat": 34.781639,
        "lon": 139.56462,
        "speed": 10.1,
        "course": 30,
        "heading": 28,
        "destination": "JP TYO",
        "last_position_epoch": 1764863460,
        "last_position_UTC": "2025-12-04T15:51:00Z"
      },
      {
        "lat": 34.696495,
        "lon": 139.51654,
        "speed": 8.1,
        "course": 21,
        "heading": 19,
        "destination": "JP TYO",
        "last_position_epoch": 1764861480,
        "last_position_UTC": "2025-12-04T15:18:00Z"
      },
      {
        "lat": 34.634693,
        "lon": 139.46367,
        "speed": 6.8,
        "course": 48,
        "heading": 24,
        "destination": "JP TYO",
        "last_position_epoch": 1764859740,
        "last_position_UTC": "2025-12-04T14:49:00Z"
      },
      {
        "lat": 34.605087,
        "lon": 139.3799,
        "speed": 11,
        "course": 77,
        "heading": 60,
        "destination": "JP TYO",
        "last_position_epoch": 1764858060,
        "last_position_UTC": "2025-12-04T14:21:00Z"
      },
      {
        "lat": 34.593262,
        "lon": 139.29745,
        "speed": 11.3,
        "course": 83,
        "heading": 79,
        "destination": "JP TYO",
        "last_position_epoch": 1764856140,
        "last_position_UTC": "2025-12-04T13:49:00Z"
      },
      {
        "lat": 34.566013,
        "lon": 139.17924,
        "speed": 10.6,
        "course": 74,
        "heading": 76,
        "destination": "JP TYO",
        "last_position_epoch": 1764854340,
        "last_position_UTC": "2025-12-04T13:19:00Z"
      },
      {
        "lat": 34.539974,
        "lon": 139.07552,
        "speed": 10.3,
        "course": 82,
        "heading": 89,
        "destination": "JP TYO",
        "last_position_epoch": 1764852600,
        "last_position_UTC": "2025-12-04T12:50:00Z"
      },
      {
        "lat": 34.523823,
        "lon": 138.95616,
        "speed": 12.5,
        "course": 85,
        "heading": 91,
        "destination": "JP TYO",
        "last_position_epoch": 1764850860,
        "last_position_UTC": "2025-12-04T12:21:00Z"
      },
      {
        "lat": 34.509613,
        "lon": 138.82245,
        "speed": 11.6,
        "course": 81,
        "heading": 84,
        "destination": "JP TYO",
        "last_position_epoch": 1764848940,
        "last_position_UTC": "2025-12-04T11:49:00Z"
      },
      {
        "lat": 34.47768,
        "lon": 138.57726,
        "speed": 10.8,
        "course": 80,
        "heading": 80,
        "destination": "JP TYO",
        "last_position_epoch": 1764845280,
        "last_position_UTC": "2025-12-04T10:48:00Z"
      },
      {
        "lat": 34.471447,
        "lon": 138.50592,
        "speed": 9.8,
        "course": 85,
        "heading": 82,
        "destination": "JP TYO",
        "last_position_epoch": 1764843420,
        "last_position_UTC": "2025-12-04T10:17:00Z"
      },
      {
        "lat": 34.472275,
        "lon": 138.2957,
        "speed": 10.6,
        "course": 91,
        "heading": 91,
        "destination": "JP TYO",
        "last_position_epoch": 1764840060,
        "last_position_UTC": "2025-12-04T09:21:00Z"
      },
      {
        "lat": 34.470482,
        "lon": 138.1804,
        "speed": 10.8,
        "course": 91,
        "heading": 91,
        "destination": "JP TYO",
        "last_position_epoch": 1764838200,
        "last_position_UTC": "2025-12-04T08:50:00Z"
      },
      {
        "lat": 34.474476,
        "lon": 138.06387,
        "speed": 10.8,
        "course": 86,
        "heading": 85,
        "destination": "JP TYO",
        "last_position_epoch": 1764836340,
        "last_position_UTC": "2025-12-04T08:19:00Z"
      },
      {
        "lat": 34.470707,
        "lon": 137.95073,
        "speed": 11.6,
        "course": 95,
        "heading": 95,
        "destination": "JP TYO",
        "last_position_epoch": 1764834600,
        "last_position_UTC": "2025-12-04T07:50:00Z"
      },
      {
        "lat": 34.487835,
        "lon": 137.82957,
        "speed": 11.5,
        "course": 98,
        "heading": 99,
        "destination": "JP TYO",
        "last_position_epoch": 1764832800,
        "last_position_UTC": "2025-12-04T07:20:00Z"
      },
      {
        "lat": 34.482288,
        "lon": 137.71332,
        "speed": 11.1,
        "course": 86,
        "heading": 85,
        "destination": "JP TYO",
        "last_position_epoch": 1764831000,
        "last_position_UTC": "2025-12-04T06:50:00Z"
      },
      {
        "lat": 34.477139,
        "lon": 137.59729,
        "speed": 11.1,
        "course": 83,
        "heading": 83,
        "destination": "JP TYO",
        "last_position_epoch": 1764829200,
        "last_position_UTC": "2025-12-04T06:20:00Z"
      },
      {
        "lat": 34.475868,
        "lon": 137.51918,
        "speed": 11.3,
        "course": 89,
        "heading": 89,
        "destination": "JP TYO",
        "last_position_epoch": 1764827400,
        "last_position_UTC": "2025-12-04T05:50:00Z"
      },
      {
        "lat": 34.474319,
        "lon": 137.40443,
        "speed": 11.1,
        "course": 89,
        "heading": 88,
        "destination": "JP TYO",
        "last_position_epoch": 1764825600,
        "last_position_UTC": "2025-12-04T05:20:00Z"
      },
      {
        "lat": 34.476921,
        "lon": 137.28589,
        "speed": 11.1,
        "course": 90,
        "heading": 92,
        "destination": "JP TYO",
        "last_position_epoch": 1764823800,
        "last_position_UTC": "2025-12-04T04:50:00Z"
      },
      {
        "lat": 34.474754,
        "lon": 137.17445,
        "speed": 11.1,
        "course": 98,
        "heading": 97,
        "destination": "JP TYO",
        "last_position_epoch": 1764822060,
        "last_position_UTC": "2025-12-04T04:21:00Z"
      },
      {
        "lat": 34.509865,
        "lon": 137.06276,
        "speed": 10.3,
        "course": 108,
        "heading": 110,
        "destination": "JP TYO",
        "last_position_epoch": 1764820260,
        "last_position_UTC": "2025-12-04T03:51:00Z"
      },
      {
        "lat": 34.572201,
        "lon": 136.98615,
        "speed": 12.1,
        "course": 135,
        "heading": 135,
        "destination": "JP TYO",
        "last_position_epoch": 1764818400,
        "last_position_UTC": "2025-12-04T03:20:00Z"
      },
      {
        "lat": 34.645855,
        "lon": 136.86743,
        "speed": 16.1,
        "course": 130,
        "heading": 130,
        "destination": "JP TYO",
        "last_position_epoch": 1764816540,
        "last_position_UTC": "2025-12-04T02:49:00Z"
      },
      {
        "lat": 34.659595,
        "lon": 136.84766666666667,
        "speed": 16.1,
        "course": 130.3,
        "heading": 130,
        "destination": " JP NGO",
        "last_position_epoch": 1764815921,
        "last_position_UTC": "2025-12-04T02:38:41Z"
      },
      {
        "lat": 34.890678,
        "lon": 136.75966,
        "speed": 18.2,
        "course": 178,
        "heading": 180,
        "destination": "JP TYO",
        "last_position_epoch": 1764812940,
        "last_position_UTC": "2025-12-04T01:49:00Z"
      },
      {
        "lat": 34.91691333333333,
        "lon": 136.75877666666668,
        "speed": 17.6,
        "course": 178,
        "heading": 180,
        "destination": " JP NGO",
        "last_position_epoch": 1764812555,
        "last_position_UTC": "2025-12-04T01:42:35Z"
      },
      {
        "lat": 35.027115,
        "lon": 136.82495,
        "speed": 0,
        "course": 70,
        "heading": 257,
        "destination": "JP TYO",
        "last_position_epoch": 1764809280,
        "last_position_UTC": "2025-12-04T00:48:00Z"
      },
      {
        "lat": 35.027054,
        "lon": 136.82497,
        "speed": 0,
        "course": 70,
        "heading": 257,
        "destination": "JP NGO W3",
        "last_position_epoch": 1764805740,
        "last_position_UTC": "2025-12-03T23:49:00Z"
      },
      {
        "lat": 35.0271,
        "lon": 136.82497,
        "speed": 0,
        "course": 70,
        "heading": 257,
        "destination": "JP NGO W3",
        "last_position_epoch": 1764803940,
        "last_position_UTC": "2025-12-03T23:19:00Z"
      },
      {
        "lat": 35.027088,
        "lon": 136.82501,
        "speed": 0,
        "course": 70,
        "heading": 257,
        "destination": "JP NGO W3",
        "last_position_epoch": 1764802020,
        "last_position_UTC": "2025-12-03T22:47:00Z"
      },
      {
        "lat": 35.027054,
        "lon": 136.82501,
        "speed": 0,
        "course": 0,
        "heading": 257,
        "destination": "JP NGO W3",
        "last_position_epoch": 1764801615,
        "last_position_UTC": "2025-12-03T22:40:15Z"
      },
      {
        "lat": 35.027084,
        "lon": 136.82497,
        "speed": 0,
        "course": 70,
        "heading": 257,
        "destination": "JP NGO W3",
        "last_position_epoch": 1764798540,
        "last_position_UTC": "2025-12-03T21:49:00Z"
      },
      {
        "lat": 35.027107,
        "lon": 136.82497,
        "speed": 0,
        "course": 70,
        "heading": 257,
        "destination": "JP NGO W3",
        "last_position_epoch": 1764794940,
        "last_position_UTC": "2025-12-03T20:49:00Z"
      },
      {
        "lat": 35.027065,
        "lon": 136.82503,
        "speed": 0,
        "course": 70,
        "heading": 257,
        "destination": "JP NGO W3",
        "last_position_epoch": 1764793200,
        "last_position_UTC": "2025-12-03T20:20:00Z"
      },
      {
        "lat": 35.027088,
        "lon": 136.82495,
        "speed": 0,
        "course": 70,
        "heading": 257,
        "destination": "JP NGO W3",
        "last_position_epoch": 1764791220,
        "last_position_UTC": "2025-12-03T19:47:00Z"
      },
      {
        "lat": 35.027119,
        "lon": 136.82497,
        "speed": 0,
        "course": 70,
        "heading": 257,
        "destination": "JP NGO W3",
        "last_position_epoch": 1764789420,
        "last_position_UTC": "2025-12-03T19:17:00Z"
      },
      {
        "lat": 35.027119,
        "lon": 136.82501,
        "speed": 0,
        "course": 70,
        "heading": 257,
        "destination": "JP NGO W3",
        "last_position_epoch": 1764787800,
        "last_position_UTC": "2025-12-03T18:50:00Z"
      },
      {
        "lat": 35.027103,
        "lon": 136.82504,
        "speed": 0,
        "course": 70,
        "heading": 257,
        "destination": "JP NGO W3",
        "last_position_epoch": 1764782220,
        "last_position_UTC": "2025-12-03T17:17:00Z"
      },
      {
        "lat": 35.027012,
        "lon": 136.825,
        "speed": 0,
        "course": 70,
        "heading": 257,
        "destination": "JP NGO W3",
        "last_position_epoch": 1764778740,
        "last_position_UTC": "2025-12-03T16:19:00Z"
      },
      {
        "lat": 35.027073,
        "lon": 136.82494,
        "speed": 0,
        "course": 70,
        "heading": 257,
        "destination": "JP NGO W3",
        "last_position_epoch": 1764775140,
        "last_position_UTC": "2025-12-03T15:19:00Z"
      },
      {
        "lat": 35.027103,
        "lon": 136.82497,
        "speed": 0,
        "course": 70,
        "heading": 257,
        "destination": "JP NGO W3",
        "last_position_epoch": 1764771420,
        "last_position_UTC": "2025-12-03T14:17:00Z"
      },
      {
        "lat": 35.027122,
        "lon": 136.82494,
        "speed": 0,
        "course": 70,
        "heading": 257,
        "destination": "JP NGO W3",
        "last_position_epoch": 1764769740,
        "last_position_UTC": "2025-12-03T13:49:00Z"
      },
      {
        "lat": 35.027073,
        "lon": 136.82497,
        "speed": 0,
        "course": 70,
        "heading": 257,
        "destination": "JP NGO W3",
        "last_position_epoch": 1764766020,
        "last_position_UTC": "2025-12-03T12:47:00Z"
      },
      {
        "lat": 35.027046,
        "lon": 136.82487,
        "speed": 0,
        "course": 70,
        "heading": 257,
        "destination": "JP NGO W3",
        "last_position_epoch": 1764762420,
        "last_position_UTC": "2025-12-03T11:47:00Z"
      },
      {
        "lat": 35.027119,
        "lon": 136.825,
        "speed": 0,
        "course": 70,
        "heading": 257,
        "destination": "JP NGO W3",
        "last_position_epoch": 1764760680,
        "last_position_UTC": "2025-12-03T11:18:00Z"
      },
      {
        "lat": 35.027149,
        "lon": 136.82497,
        "speed": 0,
        "course": 0,
        "heading": 253,
        "destination": "JP NGO W3",
        "last_position_epoch": 1764757877,
        "last_position_UTC": "2025-12-03T10:31:17Z"
      },
      {
        "lat": 35.022655,
        "lon": 136.81635,
        "speed": 5.5,
        "course": 66,
        "heading": 66,
        "destination": "JP NGO W3",
        "last_position_epoch": 1764755400,
        "last_position_UTC": "2025-12-03T09:50:00Z"
      },
      {
        "lat": 35.00588833333333,
        "lon": 136.79470166666667,
        "speed": 9.8,
        "course": 39.1,
        "heading": 38,
        "destination": " JP NGO",
        "last_position_epoch": 1764754537,
        "last_position_UTC": "2025-12-03T09:35:37Z"
      },
      {
        "lat": 34.91703166666667,
        "lon": 136.768765,
        "speed": 13.8,
        "course": 357.7,
        "heading": 356,
        "destination": " JP NGO",
        "last_position_epoch": 1764752773,
        "last_position_UTC": "2025-12-03T09:06:13Z"
      },
      {
        "lat": 34.715553,
        "lon": 136.8317,
        "speed": 16.2,
        "course": 332,
        "heading": 333,
        "destination": "JP NGO W3",
        "last_position_epoch": 1764750060,
        "last_position_UTC": "2025-12-03T08:21:00Z"
      },
      {
        "lat": 34.604221,
        "lon": 136.95441,
        "speed": 16.7,
        "course": 309,
        "heading": 310,
        "destination": "JP NGO W3",
        "last_position_epoch": 1764748080,
        "last_position_UTC": "2025-12-03T07:48:00Z"
      },
      {
        "lat": 34.536373,
        "lon": 137.04327,
        "speed": 12.1,
        "course": 309,
        "heading": 310,
        "destination": "JP NGO W3",
        "last_position_epoch": 1764746340,
        "last_position_UTC": "2025-12-03T07:19:00Z"
      },
      {
        "lat": 34.455826,
        "lon": 137.09555,
        "speed": 13.3,
        "course": 341,
        "heading": 340,
        "destination": "JP NGO W3",
        "last_position_epoch": 1764744600,
        "last_position_UTC": "2025-12-03T06:50:00Z"
      },
      {
        "lat": 34.369072,
        "lon": 137.12311,
        "speed": 4.4,
        "course": 2,
        "heading": 350,
        "destination": "JP NGO",
        "last_position_epoch": 1764742740,
        "last_position_UTC": "2025-12-03T06:19:00Z"
      },
      {
        "lat": 34.323292,
        "lon": 137.12563,
        "speed": 5.8,
        "course": 6,
        "heading": 358,
        "destination": "JP NGO",
        "last_position_epoch": 1764741060,
        "last_position_UTC": "2025-12-03T05:51:00Z"
      },
      {
        "lat": 34.234261,
        "lon": 137.08374,
        "speed": 13.6,
        "course": 42,
        "heading": 39,
        "destination": "JP NGO",
        "last_position_epoch": 1764739200,
        "last_position_UTC": "2025-12-03T05:20:00Z"
      },
      {
        "lat": 34.084305,
        "lon": 136.8936,
        "speed": 13.8,
        "course": 52,
        "heading": 47,
        "destination": "JP NGO / E",
        "last_position_epoch": 1764735420,
        "last_position_UTC": "2025-12-03T04:17:00Z"
      },
      {
        "lat": 34.057602,
        "lon": 136.85049,
        "speed": 13.6,
        "course": 51,
        "heading": 96,
        "destination": "JP NGO / E",
        "last_position_epoch": 1764734579,
        "last_position_UTC": "2025-12-03T04:02:59Z"
      },
      {
        "lat": 33.803982,
        "lon": 136.47729,
        "speed": 13.6,
        "course": 49,
        "heading": null,
        "destination": "JP NGO / E",
        "last_position_epoch": 1764728220,
        "last_position_UTC": "2025-12-03T02:17:00Z"
      },
      {
        "lat": 33.651718,
        "lon": 136.26318,
        "speed": 13.6,
        "course": 48,
        "heading": null,
        "destination": "JP NGO / E",
        "last_position_epoch": 1764724680,
        "last_position_UTC": "2025-12-03T01:18:00Z"
      },
      {
        "lat": 33.441368,
        "lon": 135.98717,
        "speed": 14.1,
        "course": 37,
        "heading": null,
        "destination": "JP NGO / E",
        "last_position_epoch": 1764719220,
        "last_position_UTC": "2025-12-02T23:47:00Z"
      },
      {
        "lat": 33.332581,
        "lon": 135.71217,
        "speed": 16,
        "course": 76,
        "heading": 76,
        "destination": "JP NGO / E",
        "last_position_epoch": 1764715800,
        "last_position_UTC": "2025-12-02T22:50:00Z"
      },
      {
        "lat": 33.297493,
        "lon": 135.55316,
        "speed": 15.1,
        "course": 75,
        "heading": 70,
        "destination": "JP NGO / E",
        "last_position_epoch": 1764714060,
        "last_position_UTC": "2025-12-02T22:21:00Z"
      },
      {
        "lat": 33.263138,
        "lon": 135.39555,
        "speed": 15,
        "course": 75,
        "heading": 70,
        "destination": "JP NGO / E",
        "last_position_epoch": 1764712200,
        "last_position_UTC": "2025-12-02T21:50:00Z"
      },
      {
        "lat": 33.231358,
        "lon": 135.25349,
        "speed": 14.6,
        "course": 75,
        "heading": 70,
        "destination": "JP NGO / E",
        "last_position_epoch": 1764710460,
        "last_position_UTC": "2025-12-02T21:21:00Z"
      },
      {
        "lat": 33.201836,
        "lon": 135.10251,
        "speed": 13.8,
        "course": 77,
        "heading": 74,
        "destination": "JP NGO / E",
        "last_position_epoch": 1764708600,
        "last_position_UTC": "2025-12-02T20:50:00Z"
      },
      {
        "lat": 33.173233,
        "lon": 134.96883,
        "speed": 13.8,
        "course": 76,
        "heading": 74,
        "destination": "JP NGO / E",
        "last_position_epoch": 1764706800,
        "last_position_UTC": "2025-12-02T20:20:00Z"
      },
      {
        "lat": 33.141884,
        "lon": 134.8233,
        "speed": 13.8,
        "course": 75,
        "heading": 74,
        "destination": "JP NGO / E",
        "last_position_epoch": 1764704820,
        "last_position_UTC": "2025-12-02T19:47:00Z"
      },
      {
        "lat": 33.024845,
        "lon": 134.30302,
        "speed": 14.3,
        "course": 73,
        "heading": null,
        "destination": "JP NGO / E",
        "last_position_epoch": 1764697620,
        "last_position_UTC": "2025-12-02T17:47:00Z"
      },
      {
        "lat": 32.947392,
        "lon": 134.02177,
        "speed": 14.3,
        "course": 71,
        "heading": null,
        "destination": "JP NGO / E",
        "last_position_epoch": 1764694080,
        "last_position_UTC": "2025-12-02T16:48:00Z"
      },
      {
        "lat": 32.893265,
        "lon": 133.84041,
        "speed": 14.3,
        "course": 70,
        "heading": null,
        "destination": "JP NGO / E",
        "last_position_epoch": 1764692280,
        "last_position_UTC": "2025-12-02T16:18:00Z"
      },
      {
        "lat": 32.778069,
        "lon": 133.46408,
        "speed": 15.1,
        "course": 72,
        "heading": 70,
        "destination": "JP NGO / E",
        "last_position_epoch": 1764687000,
        "last_position_UTC": "2025-12-02T14:50:00Z"
      },
      {
        "lat": 32.649246,
        "lon": 132.60153,
        "speed": 16.2,
        "course": 90,
        "heading": null,
        "destination": "JP NGO / E",
        "last_position_epoch": 1764676140,
        "last_position_UTC": "2025-12-02T11:49:00Z"
      },
      {
        "lat": 32.679295,
        "lon": 132.44849,
        "speed": 15.5,
        "course": 113,
        "heading": 115,
        "destination": "JP NGO / E",
        "last_position_epoch": 1764674340,
        "last_position_UTC": "2025-12-02T11:19:00Z"
      },
      {
        "lat": 33.783932,
        "lon": 131.57249,
        "speed": 16.2,
        "course": 121,
        "heading": 120,
        "destination": "JP NGO / E",
        "last_position_epoch": 1764654660,
        "last_position_UTC": "2025-12-02T05:51:00Z"
      },
      {
        "lat": 33.812679,
        "lon": 131.4122,
        "speed": 16.2,
        "course": 100,
        "heading": 100,
        "destination": "JP NGO / E",
        "last_position_epoch": 1764652860,
        "last_position_UTC": "2025-12-02T05:21:00Z"
      },
      {
        "lat": 33.843254,
        "lon": 131.24664,
        "speed": 16,
        "course": 103,
        "heading": 103,
        "destination": "JP NGO / E",
        "last_position_epoch": 1764651000,
        "last_position_UTC": "2025-12-02T04:50:00Z"
      },
      {
        "lat": 33.916676,
        "lon": 131.09724,
        "speed": 16.6,
        "course": 125,
        "heading": 126,
        "destination": "JP NGO / E",
        "last_position_epoch": 1764649200,
        "last_position_UTC": "2025-12-02T04:20:00Z"
      },
      {
        "lat": 33.971012,
        "lon": 131.01865,
        "speed": 8.6,
        "course": 119,
        "heading": 119,
        "destination": "JP NGO / E",
        "last_position_epoch": 1764647520,
        "last_position_UTC": "2025-12-02T03:52:00Z"
      },
      {
        "lat": 33.918007,
        "lon": 130.92992,
        "speed": 17.2,
        "course": 24,
        "heading": 25,
        "destination": "JP NGO / E",
        "last_position_epoch": 1764645660,
        "last_position_UTC": "2025-12-02T03:21:00Z"
      },
      {
        "lat": 34.000237,
        "lon": 130.86568,
        "speed": 16.3,
        "course": 140,
        "heading": 140,
        "destination": "JP NGO / E",
        "last_position_epoch": 1764643920,
        "last_position_UTC": "2025-12-02T02:52:00Z"
      },
      {
        "lat": 34.051811,
        "lon": 130.78789,
        "speed": 5.5,
        "course": 127,
        "heading": 124,
        "destination": "JP NGO / E",
        "last_position_epoch": 1764642060,
        "last_position_UTC": "2025-12-02T02:21:00Z"
      },
      {
        "lat": 34.090801,
        "lon": 130.72354,
        "speed": 7,
        "course": 126,
        "heading": 124,
        "destination": "JP NGO / E",
        "last_position_epoch": 1764640200,
        "last_position_UTC": "2025-12-02T01:50:00Z"
      },
      {
        "lat": 34.137611,
        "lon": 130.6445,
        "speed": 10.3,
        "course": 122,
        "heading": 125,
        "destination": "JP NGO",
        "last_position_epoch": 1764638400,
        "last_position_UTC": "2025-12-02T01:20:00Z"
      },
      {
        "lat": 34.204876,
        "lon": 130.5195,
        "speed": 10.6,
        "course": 120,
        "heading": 123,
        "destination": "JP NGO",
        "last_position_epoch": 1764636600,
        "last_position_UTC": "2025-12-02T00:50:00Z"
      },
      {
        "lat": 34.240574,
        "lon": 130.45973,
        "speed": 11,
        "course": 122,
        "heading": 125,
        "destination": "JP NGO",
        "last_position_epoch": 1764634860,
        "last_position_UTC": "2025-12-02T00:21:00Z"
      },
      {
        "lat": 34.294392,
        "lon": 130.36429,
        "speed": 10.6,
        "course": 124,
        "heading": 125,
        "destination": "JP NGO",
        "last_position_epoch": 1764633000,
        "last_position_UTC": "2025-12-01T23:50:00Z"
      },
      {
        "lat": 34.355053,
        "lon": 130.25957,
        "speed": 11,
        "course": 125,
        "heading": 127,
        "destination": "JP NGO",
        "last_position_epoch": 1764631020,
        "last_position_UTC": "2025-12-01T23:17:00Z"
      },
      {
        "lat": 34.402466,
        "lon": 130.17909,
        "speed": 10.6,
        "course": 125,
        "heading": 128,
        "destination": "JP NGO",
        "last_position_epoch": 1764629400,
        "last_position_UTC": "2025-12-01T22:50:00Z"
      },
      {
        "lat": 34.658882,
        "lon": 129.7352,
        "speed": 10.6,
        "course": 12,
        "heading": 120,
        "destination": "JP NGO",
        "last_position_epoch": 1764620280,
        "last_position_UTC": "2025-12-01T20:18:00Z"
      },
      {
        "lat": 34.713154,
        "lon": 129.64819,
        "speed": 10.6,
        "course": 126,
        "heading": 123,
        "destination": "JP NGO",
        "last_position_epoch": 1764618600,
        "last_position_UTC": "2025-12-01T19:50:00Z"
      },
      {
        "lat": 34.773319,
        "lon": 129.55164,
        "speed": 10,
        "course": 12,
        "heading": 125,
        "destination": "JP NGO",
        "last_position_epoch": 1764616740,
        "last_position_UTC": "2025-12-01T19:19:00Z"
      },
      {
        "lat": 34.798573,
        "lon": 129.48822,
        "speed": 9.8,
        "course": 10,
        "heading": 100,
        "destination": "JP NGO",
        "last_position_epoch": 1764614940,
        "last_position_UTC": "2025-12-01T18:49:00Z"
      },
      {
        "lat": 34.815762,
        "lon": 129.37799,
        "speed": 11,
        "course": 98,
        "heading": 96,
        "destination": "JP NGO",
        "last_position_epoch": 1764613140,
        "last_position_UTC": "2025-12-01T18:19:00Z"
      },
      {
        "lat": 34.827354,
        "lon": 129.25642,
        "speed": 11,
        "course": 95,
        "heading": 96,
        "destination": "JP NGO",
        "last_position_epoch": 1764611340,
        "last_position_UTC": "2025-12-01T17:49:00Z"
      },
      {
        "lat": 34.831133333333334,
        "lon": 129.209525,
        "speed": 10.9,
        "course": 95.7,
        "heading": 97,
        "destination": " JP NGO",
        "last_position_epoch": 1764610160,
        "last_position_UTC": "2025-12-01T17:29:20Z"
      },
      {
        "lat": 34.83635,
        "lon": 129.14684333333332,
        "speed": 11.2,
        "course": 95.8,
        "heading": 97,
        "destination": " JP NGO",
        "last_position_epoch": 1764609158,
        "last_position_UTC": "2025-12-01T17:12:38Z"
      },
      {
        "lat": 34.845665,
        "lon": 129.03341166666667,
        "speed": 11.3,
        "course": 96.6,
        "heading": 97,
        "destination": " JP NGO",
        "last_position_epoch": 1764607379,
        "last_position_UTC": "2025-12-01T16:42:59Z"
      },
      {
        "lat": 34.854638333333334,
        "lon": 128.89462,
        "speed": 11.2,
        "course": 102,
        "heading": 99,
        "destination": " JP NGO",
        "last_position_epoch": 1764605268,
        "last_position_UTC": "2025-12-01T16:07:48Z"
      },
      {
        "lat": 34.92289666666667,
        "lon": 128.837095,
        "speed": 12.2,
        "course": 151.2,
        "heading": 150,
        "destination": " KR PUS",
        "last_position_epoch": 1764603778,
        "last_position_UTC": "2025-12-01T15:42:58Z"
      },
      {
        "lat": 35.071705,
        "lon": 128.80693,
        "speed": 10.3,
        "course": 265,
        "heading": 262,
        "destination": "JP NGO",
        "last_position_epoch": 1764600600,
        "last_position_UTC": "2025-12-01T14:50:00Z"
      },
      {
        "lat": 35.069759,
        "lon": 128.82089,
        "speed": 0,
        "course": 207,
        "heading": 78,
        "destination": "KR PUS",
        "last_position_epoch": 1764598740,
        "last_position_UTC": "2025-12-01T14:19:00Z"
      },
      {
        "lat": 35.069649,
        "lon": 128.82091,
        "speed": 0,
        "course": 207,
        "heading": 78,
        "destination": "KR PUS",
        "last_position_epoch": 1764597120,
        "last_position_UTC": "2025-12-01T13:52:00Z"
      },
      {
        "lat": 35.069599,
        "lon": 128.82091,
        "speed": 0,
        "course": 207,
        "heading": 79,
        "destination": "KR PUS",
        "last_position_epoch": 1764595200,
        "last_position_UTC": "2025-12-01T13:20:00Z"
      },
      {
        "lat": 35.069489,
        "lon": 128.82095,
        "speed": 0,
        "course": 207,
        "heading": 79,
        "destination": "KR PUS",
        "last_position_epoch": 1764593340,
        "last_position_UTC": "2025-12-01T12:49:00Z"
      },
      {
        "lat": 35.069618,
        "lon": 128.82095,
        "speed": 0,
        "course": 207,
        "heading": 79,
        "destination": "KR PUS",
        "last_position_epoch": 1764591420,
        "last_position_UTC": "2025-12-01T12:17:00Z"
      },
      {
        "lat": 35.069519,
        "lon": 128.82095,
        "speed": 0,
        "course": 207,
        "heading": 79,
        "destination": "KR PUS",
        "last_position_epoch": 1764589800,
        "last_position_UTC": "2025-12-01T11:50:00Z"
      },
      {
        "lat": 35.069603,
        "lon": 128.82089,
        "speed": 0,
        "course": 207,
        "heading": 78,
        "destination": "KR PUS",
        "last_position_epoch": 1764588060,
        "last_position_UTC": "2025-12-01T11:21:00Z"
      },
      {
        "lat": 35.069557,
        "lon": 128.82095,
        "speed": 0,
        "course": 0,
        "heading": 78,
        "destination": "KR PUS",
        "last_position_epoch": 1764586750,
        "last_position_UTC": "2025-12-01T10:59:10Z"
      },
      {
        "lat": 35.069504,
        "lon": 128.82086,
        "speed": 0,
        "course": 207,
        "heading": 79,
        "destination": "KR PUS",
        "last_position_epoch": 1764584400,
        "last_position_UTC": "2025-12-01T10:20:00Z"
      },
      {
        "lat": 35.06966,
        "lon": 128.82089,
        "speed": 0,
        "course": 207,
        "heading": 78,
        "destination": "KR PUS",
        "last_position_epoch": 1764582660,
        "last_position_UTC": "2025-12-01T09:51:00Z"
      },
      {
        "lat": 35.069614,
        "lon": 128.82088,
        "speed": 0,
        "course": 207,
        "heading": 78,
        "destination": "KR PUS",
        "last_position_epoch": 1764580800,
        "last_position_UTC": "2025-12-01T09:20:00Z"
      },
      {
        "lat": 35.069691,
        "lon": 128.82092,
        "speed": 0,
        "course": 207,
        "heading": 78,
        "destination": "KR PUS",
        "last_position_epoch": 1764578940,
        "last_position_UTC": "2025-12-01T08:49:00Z"
      },
      {
        "lat": 35.069698,
        "lon": 128.82095,
        "speed": 0,
        "course": 207,
        "heading": 78,
        "destination": "KR PUS",
        "last_position_epoch": 1764577020,
        "last_position_UTC": "2025-12-01T08:17:00Z"
      },
      {
        "lat": 35.069672,
        "lon": 128.82091,
        "speed": 0,
        "course": 207,
        "heading": 79,
        "destination": "KR PUS",
        "last_position_epoch": 1764575340,
        "last_position_UTC": "2025-12-01T07:49:00Z"
      },
      {
        "lat": 35.069614,
        "lon": 128.82089,
        "speed": 0,
        "course": 207,
        "heading": 78,
        "destination": "KR PUS",
        "last_position_epoch": 1764573600,
        "last_position_UTC": "2025-12-01T07:20:00Z"
      },
      {
        "lat": 35.069626,
        "lon": 128.82091,
        "speed": 0,
        "course": 207,
        "heading": 79,
        "destination": "KR PUS",
        "last_position_epoch": 1764571800,
        "last_position_UTC": "2025-12-01T06:50:00Z"
      },
      {
        "lat": 35.069679,
        "lon": 128.82094,
        "speed": 0,
        "course": 207,
        "heading": 79,
        "destination": "KR PUS",
        "last_position_epoch": 1764568140,
        "last_position_UTC": "2025-12-01T05:49:00Z"
      },
      {
        "lat": 35.069675,
        "lon": 128.82091,
        "speed": 0,
        "course": 207,
        "heading": 79,
        "destination": "KR PUS",
        "last_position_epoch": 1764566220,
        "last_position_UTC": "2025-12-01T05:17:00Z"
      },
      {
        "lat": 35.069733,
        "lon": 128.82089,
        "speed": 0,
        "course": 207,
        "heading": 79,
        "destination": "KR PUS",
        "last_position_epoch": 1764564600,
        "last_position_UTC": "2025-12-01T04:50:00Z"
      },
      {
        "lat": 35.069645,
        "lon": 128.82091,
        "speed": 0,
        "course": 207,
        "heading": 79,
        "destination": "KR PUS",
        "last_position_epoch": 1764562920,
        "last_position_UTC": "2025-12-01T04:22:00Z"
      },
      {
        "lat": 35.069672,
        "lon": 128.82091,
        "speed": 0,
        "course": 207,
        "heading": 79,
        "destination": "KR PUS",
        "last_position_epoch": 1764559080,
        "last_position_UTC": "2025-12-01T03:18:00Z"
      },
      {
        "lat": 35.069645,
        "lon": 128.82088,
        "speed": 0,
        "course": 207,
        "heading": 79,
        "destination": "KR PUS",
        "last_position_epoch": 1764557580,
        "last_position_UTC": "2025-12-01T02:53:00Z"
      },
      {
        "lat": 35.069782,
        "lon": 128.8208,
        "speed": 0,
        "course": 207,
        "heading": 79,
        "destination": "KR PUS",
        "last_position_epoch": 1764555600,
        "last_position_UTC": "2025-12-01T02:20:00Z"
      },
      {
        "lat": 35.069695,
        "lon": 128.82092,
        "speed": 0,
        "course": 303,
        "heading": 79,
        "destination": "KR PUS",
        "last_position_epoch": 1764553800,
        "last_position_UTC": "2025-12-01T01:50:00Z"
      },
      {
        "lat": 35.069626,
        "lon": 128.82088,
        "speed": 0,
        "course": 256,
        "heading": 79,
        "destination": "KR PUS",
        "last_position_epoch": 1764551940,
        "last_position_UTC": "2025-12-01T01:19:00Z"
      },
      {
        "lat": 35.069588,
        "lon": 128.82092,
        "speed": 0,
        "course": 256,
        "heading": 78,
        "destination": "KR PUS",
        "last_position_epoch": 1764550140,
        "last_position_UTC": "2025-12-01T00:49:00Z"
      },
      {
        "lat": 35.069584,
        "lon": 128.82097,
        "speed": 0,
        "course": 93,
        "heading": 79,
        "destination": "KR PUS",
        "last_position_epoch": 1764548400,
        "last_position_UTC": "2025-12-01T00:20:00Z"
      },
      {
        "lat": 35.069599,
        "lon": 128.82091,
        "speed": 0,
        "course": 93,
        "heading": 78,
        "destination": "KR PUS",
        "last_position_epoch": 1764546420,
        "last_position_UTC": "2025-11-30T23:47:00Z"
      },
      {
        "lat": 35.069618,
        "lon": 128.82089,
        "speed": 0,
        "course": 93,
        "heading": 78,
        "destination": "KR PUS",
        "last_position_epoch": 1764544860,
        "last_position_UTC": "2025-11-30T23:21:00Z"
      },
      {
        "lat": 35.069752,
        "lon": 128.82063,
        "speed": 0.8,
        "course": 99,
        "heading": 79,
        "destination": "KR PUS",
        "last_position_epoch": 1764543120,
        "last_position_UTC": "2025-11-30T22:52:00Z"
      },
      {
        "lat": 35.058613,
        "lon": 128.78654,
        "speed": 7,
        "course": 18,
        "heading": 18,
        "destination": "KR PUS",
        "last_position_epoch": 1764541320,
        "last_position_UTC": "2025-11-30T22:22:00Z"
      },
      {
        "lat": 35.00538,
        "lon": 128.80210666666667,
        "speed": 9,
        "course": 338.3,
        "heading": 337,
        "destination": " KR PUS",
        "last_position_epoch": 1764539949,
        "last_position_UTC": "2025-11-30T21:59:09Z"
      },
      {
        "lat": 34.964193333333334,
        "lon": 128.82620666666668,
        "speed": 9.1,
        "course": 334.2,
        "heading": 331,
        "destination": " KR PUS",
        "last_position_epoch": 1764538668,
        "last_position_UTC": "2025-11-30T21:37:48Z"
      },
      {
        "lat": 34.92305833333333,
        "lon": 128.86011,
        "speed": 6.1,
        "course": 316.9,
        "heading": 314,
        "destination": " KR PUS",
        "last_position_epoch": 1764537168,
        "last_position_UTC": "2025-11-30T21:12:48Z"
      },
      {
        "lat": 34.88598,
        "lon": 128.90518166666666,
        "speed": 6.9,
        "course": 311,
        "heading": 309,
        "destination": " KR PUS",
        "last_position_epoch": 1764535378,
        "last_position_UTC": "2025-11-30T20:42:58Z"
      },
      {
        "lat": 34.843491666666665,
        "lon": 128.957045,
        "speed": 1.6,
        "course": 40.9,
        "heading": 348,
        "destination": " KR PUS",
        "last_position_epoch": 1764533577,
        "last_position_UTC": "2025-11-30T20:12:57Z"
      },
      {
        "lat": 34.83945166666667,
        "lon": 128.94578833333333,
        "speed": 1.1,
        "course": 62.1,
        "heading": 343,
        "destination": " KR PUS",
        "last_position_epoch": 1764531758,
        "last_position_UTC": "2025-11-30T19:42:38Z"
      },
      {
        "lat": 34.834535,
        "lon": 128.938265,
        "speed": 0.4,
        "course": 351.4,
        "heading": 280,
        "destination": " KR PUS",
        "last_position_epoch": 1764529967,
        "last_position_UTC": "2025-11-30T19:12:47Z"
      },
      {
        "lat": 34.853363333333334,
        "lon": 128.95311833333332,
        "speed": 2.6,
        "course": 270.4,
        "heading": 241,
        "destination": " KR PUS",
        "last_position_epoch": 1764527867,
        "last_position_UTC": "2025-11-30T18:37:47Z"
      },
      {
        "lat": 34.847766666666665,
        "lon": 128.94783833333332,
        "speed": 1.2,
        "course": 66.4,
        "heading": 338,
        "destination": " KR PUS",
        "last_position_epoch": 1764526368,
        "last_position_UTC": "2025-11-30T18:12:48Z"
      },
      {
        "lat": 34.84234333333333,
        "lon": 128.93409,
        "speed": 1.2,
        "course": 56.6,
        "heading": 327,
        "destination": " KR PUS",
        "last_position_epoch": 1764524277,
        "last_position_UTC": "2025-11-30T17:37:57Z"
      },
      {
        "lat": 34.838245,
        "lon": 128.931015,
        "speed": 2.3,
        "course": 225.9,
        "heading": 236,
        "destination": " KR PUS",
        "last_position_epoch": 1764522458,
        "last_position_UTC": "2025-11-30T17:07:38Z"
      },
      {
        "lat": 34.84692,
        "lon": 128.94824833333334,
        "speed": 1.2,
        "course": 68.3,
        "heading": 338,
        "destination": " KR PUS",
        "last_position_epoch": 1764520668,
        "last_position_UTC": "2025-11-30T16:37:48Z"
      },
      {
        "lat": 34.841566666666665,
        "lon": 128.93594333333334,
        "speed": 1.4,
        "course": 53.9,
        "heading": 335,
        "destination": " KR PUS",
        "last_position_epoch": 1764518868,
        "last_position_UTC": "2025-11-30T16:07:48Z"
      },
      {
        "lat": 34.83141,
        "lon": 128.93056166666668,
        "speed": 2.6,
        "course": 339.7,
        "heading": 309,
        "destination": " KR PUS",
        "last_position_epoch": 1764517078,
        "last_position_UTC": "2025-11-30T15:37:58Z"
      },
      {
        "lat": 34.75961,
        "lon": 128.96513833333333,
        "speed": 10.4,
        "course": 329.8,
        "heading": 325,
        "destination": " KR PUS",
        "last_position_epoch": 1764515277,
        "last_position_UTC": "2025-11-30T15:07:57Z"
      },
      {
        "lat": 34.69313833333333,
        "lon": 129.01031,
        "speed": 11.3,
        "course": 336.4,
        "heading": 330,
        "destination": " KR PUS",
        "last_position_epoch": 1764513757,
        "last_position_UTC": "2025-11-30T14:42:37Z"
      },
      {
        "lat": 34.57356166666667,
        "lon": 129.01157333333333,
        "speed": 12.6,
        "course": 16.3,
        "heading": 14,
        "destination": " KR PUS",
        "last_position_epoch": 1764511588,
        "last_position_UTC": "2025-11-30T14:06:28Z"
      },
      {
        "lat": 34.160492,
        "lon": 128.78716,
        "speed": 14.3,
        "course": 16,
        "heading": null,
        "destination": "KR PUS",
        "last_position_epoch": 1764505020,
        "last_position_UTC": "2025-11-30T12:17:00Z"
      },
      {
        "lat": 33.799118,
        "lon": 128.57106,
        "speed": 14.3,
        "course": 29,
        "heading": null,
        "destination": "KR PUS",
        "last_position_epoch": 1764499740,
        "last_position_UTC": "2025-11-30T10:49:00Z"
      },
      {
        "lat": 33.630455,
        "lon": 128.48091,
        "speed": 14.6,
        "course": 26,
        "heading": 24,
        "destination": "KR PUS",
        "last_position_epoch": 1764496260,
        "last_position_UTC": "2025-11-30T09:51:00Z"
      },
      {
        "lat": 33.504398,
        "lon": 128.40633,
        "speed": 14.3,
        "course": 26,
        "heading": 24,
        "destination": "KR PUS",
        "last_position_epoch": 1764494460,
        "last_position_UTC": "2025-11-30T09:21:00Z"
      },
      {
        "lat": 33.378441,
        "lon": 128.33519,
        "speed": 14.3,
        "course": 23,
        "heading": 24,
        "destination": "KR PUS",
        "last_position_epoch": 1764492480,
        "last_position_UTC": "2025-11-30T08:48:00Z"
      },
      {
        "lat": 33.269039,
        "lon": 128.27933,
        "speed": 14.3,
        "course": 23,
        "heading": 24,
        "destination": "KR PUS",
        "last_position_epoch": 1764490740,
        "last_position_UTC": "2025-11-30T08:19:00Z"
      },
      {
        "lat": 33.194134,
        "lon": 128.24344,
        "speed": 14.3,
        "course": 20,
        "heading": 22,
        "destination": "KR PUS",
        "last_position_epoch": 1764489000,
        "last_position_UTC": "2025-11-30T07:50:00Z"
      },
      {
        "lat": 33.066807,
        "lon": 128.17175,
        "speed": 14.3,
        "course": 28,
        "heading": 27,
        "destination": "KR PUS",
        "last_position_epoch": 1764487020,
        "last_position_UTC": "2025-11-30T07:17:00Z"
      },
      {
        "lat": 32.959606,
        "lon": 128.10271,
        "speed": 14.6,
        "course": 27,
        "heading": 27,
        "destination": "KR PUS",
        "last_position_epoch": 1764485340,
        "last_position_UTC": "2025-11-30T06:49:00Z"
      },
      {
        "lat": 32.646046,
        "lon": 127.91766,
        "speed": 14.6,
        "course": 22,
        "heading": 24,
        "destination": "KR PUS",
        "last_position_epoch": 1764480060,
        "last_position_UTC": "2025-11-30T05:21:00Z"
      },
      {
        "lat": 32.51498,
        "lon": 127.84443,
        "speed": 14.8,
        "course": 26,
        "heading": 27,
        "destination": "KR PUS",
        "last_position_epoch": 1764478140,
        "last_position_UTC": "2025-11-30T04:49:00Z"
      },
      {
        "lat": 32.404472,
        "lon": 127.7774,
        "speed": 14.6,
        "course": 27,
        "heading": 27,
        "destination": "KR PUS",
        "last_position_epoch": 1764476460,
        "last_position_UTC": "2025-11-30T04:21:00Z"
      },
      {
        "lat": 30.958153,
        "lon": 126.93537,
        "speed": 14.8,
        "course": 27,
        "heading": 29,
        "destination": "KR PUS",
        "last_position_epoch": 1764452820,
        "last_position_UTC": "2025-11-29T21:47:00Z"
      },
      {
        "lat": 30.84638,
        "lon": 126.87788,
        "speed": 14.8,
        "course": 25,
        "heading": 25,
        "destination": "KR PUS",
        "last_position_epoch": 1764451080,
        "last_position_UTC": "2025-11-29T21:18:00Z"
      },
      {
        "lat": 30.772026,
        "lon": 126.83334,
        "speed": 14.8,
        "course": 27,
        "heading": 27,
        "destination": "KR PUS",
        "last_position_epoch": 1764449400,
        "last_position_UTC": "2025-11-29T20:50:00Z"
      }
    ]
  },
  "meta": {
    "duration": 0.016834562,
    "endpoint": "/api/v0/vessel_history",
    "success": true
  }
}