{
  "data": {
    "uuid": "95f14c8c-16fd-7ec0-170a-7f67170c7721",
    "name": "YM MOVEMENT",
    "mmsi": "356189000",
    "imo": "9660011",
    "eni": null,
    "country_iso": "PA",
    "type": "Cargo - Hazard A (Major)",
    "type_specific": "Container Ship",
    "positions": [
      {
        "lat": 27.476364,
        "lon": -92.048126,
        "speed": 13.1,
        "course": 306,
        "heading": 306,
        "destination": "US HOU",
        "last_position_epoch": 1765028880,
        "last_position_UTC": "2025-12-06T13:48:00Z"
      },
      {
        "lat": 27.394846,
        "lon": -91.948799,
        "speed": 12.6,
        "course": 304,
        "heading": 301,
        "destination": "US HOU",
        "last_position_epoch": 1765027080,
        "last_position_UTC": "2025-12-06T13:18:00Z"
      },
      {
        "lat": 27.256453,
        "lon": -91.786705,
        "speed": 12.5,
        "course": 316,
        "heading": null,
        "destination": "US HOU",
        "last_position_epoch": 1765023420,
        "last_position_UTC": "2025-12-06T12:17:00Z"
      },
      {
        "lat": 26.972588,
        "lon": -91.478401,
        "speed": 12,
        "course": 313,
        "heading": null,
        "destination": "US HOU",
        "last_position_epoch": 1765016280,
        "last_position_UTC": "2025-12-06T10:18:00Z"
      },
      {
        "lat": 26.764311,
        "lon": -91.253578,
        "speed": 11.6,
        "course": 316,
        "heading": null,
        "destination": "US HOU",
        "last_position_epoch": 1765011060,
        "last_position_UTC": "2025-12-06T08:51:00Z"
      },
      {
        "lat": 26.692974,
        "lon": -91.17881,
        "speed": 11.8,
        "course": 316,
        "heading": null,
        "destination": "US HOU",
        "last_position_epoch": 1765009260,
        "last_position_UTC": "2025-12-06T08:21:00Z"
      },
      {
        "lat": 26.618406,
        "lon": -91.098,
        "speed": 11.8,
        "course": 314,
        "heading": 309,
        "destination": "US HOU",
        "last_position_epoch": 1765007400,
        "last_position_UTC": "2025-12-06T07:50:00Z"
      },
      {
        "lat": 26.482298,
        "lon": -90.95755,
        "speed": 12.1,
        "course": 315,
        "heading": 313,
        "destination": "US HOU",
        "last_position_epoch": 1765004059,
        "last_position_UTC": "2025-12-06T06:54:19Z"
      },
      {
        "lat": 26.394964,
        "lon": -90.868057,
        "speed": 12.1,
        "course": 316,
        "heading": 313,
        "destination": "US HOU",
        "last_position_epoch": 1765002480,
        "last_position_UTC": "2025-12-06T06:28:00Z"
      },
      {
        "lat": 26.301346,
        "lon": -90.769585,
        "speed": 12.1,
        "course": 317,
        "heading": null,
        "destination": "US HOU",
        "last_position_epoch": 1765000020,
        "last_position_UTC": "2025-12-06T05:47:00Z"
      },
      {
        "lat": 26.257744,
        "lon": -90.724174,
        "speed": 12,
        "course": 316,
        "heading": 313,
        "destination": "US HOU",
        "last_position_epoch": 1764998580,
        "last_position_UTC": "2025-12-06T05:23:00Z"
      },
      {
        "lat": 26.170723,
        "lon": -90.629906,
        "speed": 11.8,
        "course": 314,
        "heading": 313,
        "destination": "US HOU",
        "last_position_epoch": 1764996960,
        "last_position_UTC": "2025-12-06T04:56:00Z"
      },
      {
        "lat": 24.963369,
        "lon": -89.358849,
        "speed": 13,
        "course": 314,
        "heading": null,
        "destination": "US HOU",
        "last_position_epoch": 1764965820,
        "last_position_UTC": "2025-12-05T20:17:00Z"
      },
      {
        "lat": 24.859241,
        "lon": -89.248016,
        "speed": 13,
        "course": 314,
        "heading": null,
        "destination": "US HOU",
        "last_position_epoch": 1764964020,
        "last_position_UTC": "2025-12-05T19:47:00Z"
      },
      {
        "lat": 24.629362,
        "lon": -89.004547,
        "speed": 13.1,
        "course": 317,
        "heading": null,
        "destination": "US HOU",
        "last_position_epoch": 1764958680,
        "last_position_UTC": "2025-12-05T18:18:00Z"
      },
      {
        "lat": 24.460112,
        "lon": -88.833702,
        "speed": 13.3,
        "course": 314,
        "heading": null,
        "destination": "US HOU",
        "last_position_epoch": 1764955020,
        "last_position_UTC": "2025-12-05T17:17:00Z"
      },
      {
        "lat": 24.219276,
        "lon": -88.582855,
        "speed": 13.5,
        "course": 314,
        "heading": 315,
        "destination": "US HOU",
        "last_position_epoch": 1764949800,
        "last_position_UTC": "2025-12-05T15:50:00Z"
      },
      {
        "lat": 24.084616,
        "lon": -88.428123,
        "speed": 13.1,
        "course": 315,
        "heading": 313,
        "destination": "US HOU",
        "last_position_epoch": 1764946020,
        "last_position_UTC": "2025-12-05T14:47:00Z"
      },
      {
        "lat": 23.39567,
        "lon": -87.70813,
        "speed": 12.3,
        "course": 315,
        "heading": null,
        "destination": "US HOU",
        "last_position_epoch": 1764930240,
        "last_position_UTC": "2025-12-05T10:24:00Z"
      },
      {
        "lat": 23.307301,
        "lon": -87.618645,
        "speed": 12.1,
        "course": 317,
        "heading": null,
        "destination": "US HOU",
        "last_position_epoch": 1764928260,
        "last_position_UTC": "2025-12-05T09:51:00Z"
      },
      {
        "lat": 23.110609,
        "lon": -87.421448,
        "speed": 11.6,
        "course": 316,
        "heading": null,
        "destination": "US HOU",
        "last_position_epoch": 1764922920,
        "last_position_UTC": "2025-12-05T08:22:00Z"
      },
      {
        "lat": 21.587776,
        "lon": -85.834167,
        "speed": 14.1,
        "course": 317,
        "heading": null,
        "destination": "US HOU",
        "last_position_epoch": 1764890520,
        "last_position_UTC": "2025-12-04T23:22:00Z"
      },
      {
        "lat": 19.155094,
        "lon": -83.388786,
        "speed": 17.7,
        "course": 316,
        "heading": null,
        "destination": "US HOU",
        "last_position_epoch": 1764839220,
        "last_position_UTC": "2025-12-04T09:07:00Z"
      },
      {
        "lat": 12.26934,
        "lon": -80.298317,
        "speed": 19.7,
        "course": 354,
        "heading": null,
        "destination": "US HOU",
        "last_position_epoch": 1764746460,
        "last_position_UTC": "2025-12-03T07:21:00Z"
      },
      {
        "lat": 9.9070482,
        "lon": -80.041412,
        "speed": 20.3,
        "course": 351,
        "heading": 351,
        "destination": "US HOU",
        "last_position_epoch": 1764721140,
        "last_position_UTC": "2025-12-03T00:19:00Z"
      },
      {
        "lat": 9.721818,
        "lon": -80.013657,
        "speed": 18.5,
        "course": 347,
        "heading": 345,
        "destination": "US HOU",
        "last_position_epoch": 1764719280,
        "last_position_UTC": "2025-12-02T23:48:00Z"
      },
      {
        "lat": 9.6344299,
        "lon": -79.975029,
        "speed": 14.3,
        "course": 329,
        "heading": 325,
        "destination": "US HOU",
        "last_position_epoch": 1764717600,
        "last_position_UTC": "2025-12-02T23:20:00Z"
      },
      {
        "lat": 9.4232769,
        "lon": -79.916374,
        "speed": 13.1,
        "course": 9,
        "heading": 6,
        "destination": "US HOU",
        "last_position_epoch": 1764713880,
        "last_position_UTC": "2025-12-02T22:18:00Z"
      },
      {
        "lat": 9.3391171,
        "lon": -79.918724,
        "speed": 6.8,
        "course": 359,
        "heading": 359,
        "destination": "US HOU",
        "last_position_epoch": 1764712020,
        "last_position_UTC": "2025-12-02T21:47:00Z"
      },
      {
        "lat": 9.2748604,
        "lon": -79.912788,
        "speed": 0,
        "course": 285,
        "heading": 352,
        "destination": "US HOU",
        "last_position_epoch": 1764708420,
        "last_position_UTC": "2025-12-02T20:47:00Z"
      },
      {
        "lat": 9.2663317,
        "lon": -79.911476,
        "speed": 0.1,
        "course": 26,
        "heading": 351,
        "destination": "US HOU",
        "last_position_epoch": 1764704820,
        "last_position_UTC": "2025-12-02T19:47:00Z"
      },
      {
        "lat": 9.2518969,
        "lon": -79.91011,
        "speed": 0.8,
        "course": 15,
        "heading": 357,
        "destination": "US HOU",
        "last_position_epoch": 1764699480,
        "last_position_UTC": "2025-12-02T18:18:00Z"
      },
      {
        "lat": 9.2375679,
        "lon": -79.920013,
        "speed": 2.7,
        "course": 40,
        "heading": 46,
        "destination": "US HOU",
        "last_position_epoch": 1764697620,
        "last_position_UTC": "2025-12-02T17:47:00Z"
      },
      {
        "lat": 9.192317,
        "lon": -79.88916,
        "speed": 10.1,
        "course": 299,
        "heading": 303,
        "destination": "US HOU",
        "last_position_epoch": 1764695880,
        "last_position_UTC": "2025-12-02T17:18:00Z"
      },
      {
        "lat": 9.1625681,
        "lon": -79.815933,
        "speed": 9.5,
        "course": 319,
        "heading": 316,
        "destination": "US HOU",
        "last_position_epoch": 1764694020,
        "last_position_UTC": "2025-12-02T16:47:00Z"
      },
      {
        "lat": 9.0139551,
        "lon": -79.616959,
        "speed": 0.1,
        "course": 154,
        "heading": 314,
        "destination": "US HOU",
        "last_position_epoch": 1764679620,
        "last_position_UTC": "2025-12-02T12:47:00Z"
      },
      {
        "lat": 9.0139637,
        "lon": -79.616928,
        "speed": 0.2,
        "course": 156,
        "heading": 315,
        "destination": "US HOU",
        "last_position_epoch": 1764677580,
        "last_position_UTC": "2025-12-02T12:13:00Z"
      },
      {
        "lat": 9.0139704,
        "lon": -79.616913,
        "speed": 0,
        "course": 177,
        "heading": 314,
        "destination": "US HOU",
        "last_position_epoch": 1764674340,
        "last_position_UTC": "2025-12-02T11:19:00Z"
      },
      {
        "lat": 9.0140047,
        "lon": -79.61692,
        "speed": 0.1,
        "course": 323,
        "heading": 313,
        "destination": "US HOU",
        "last_position_epoch": 1764668940,
        "last_position_UTC": "2025-12-02T09:49:00Z"
      },
      {
        "lat": 9.013998,
        "lon": -79.616943,
        "speed": 0.1,
        "course": 145,
        "heading": 315,
        "destination": "US HOU",
        "last_position_epoch": 1764667140,
        "last_position_UTC": "2025-12-02T09:19:00Z"
      },
      {
        "lat": 9.0139952,
        "lon": -79.616898,
        "speed": 0,
        "course": 194,
        "heading": 314,
        "destination": "US HOU",
        "last_position_epoch": 1764652620,
        "last_position_UTC": "2025-12-02T05:17:00Z"
      },
      {
        "lat": 9.0139933,
        "lon": -79.616913,
        "speed": 0.1,
        "course": 185,
        "heading": 314,
        "destination": "US HOU",
        "last_position_epoch": 1764649140,
        "last_position_UTC": "2025-12-02T04:19:00Z"
      },
      {
        "lat": 9.0140285,
        "lon": -79.616898,
        "speed": 0,
        "course": 132,
        "heading": 314,
        "destination": "US HOU",
        "last_position_epoch": 1764647340,
        "last_position_UTC": "2025-12-02T03:49:00Z"
      },
      {
        "lat": 9.013998,
        "lon": -79.61692,
        "speed": 0,
        "course": 162,
        "heading": 314,
        "destination": "US HOU",
        "last_position_epoch": 1764645720,
        "last_position_UTC": "2025-12-02T03:22:00Z"
      },
      {
        "lat": 9.0140171,
        "lon": -79.616936,
        "speed": 0,
        "course": 291,
        "heading": 314,
        "destination": "US HOU",
        "last_position_epoch": 1764644280,
        "last_position_UTC": "2025-12-02T02:58:00Z"
      },
      {
        "lat": 9.0140238,
        "lon": -79.616905,
        "speed": 0,
        "course": 253,
        "heading": 313,
        "destination": "US HOU",
        "last_position_epoch": 1764642420,
        "last_position_UTC": "2025-12-02T02:27:00Z"
      },
      {
        "lat": 9.0140133,
        "lon": -79.616943,
        "speed": 0,
        "course": 239,
        "heading": 314,
        "destination": "US HOU",
        "last_position_epoch": 1764640260,
        "last_position_UTC": "2025-12-02T01:51:00Z"
      },
      {
        "lat": 9.0140066,
        "lon": -79.616936,
        "speed": 0.1,
        "course": 126,
        "heading": 314,
        "destination": "US HOU",
        "last_position_epoch": 1764638400,
        "last_position_UTC": "2025-12-02T01:20:00Z"
      },
      {
        "lat": 9.0140018,
        "lon": -79.616905,
        "speed": 0,
        "course": 144,
        "heading": 314,
        "destination": "US HOU",
        "last_position_epoch": 1764632940,
        "last_position_UTC": "2025-12-01T23:49:00Z"
      },
      {
        "lat": 9.0139837,
        "lon": -79.616898,
        "speed": 0,
        "course": 123,
        "heading": 314,
        "destination": "US HOU",
        "last_position_epoch": 1764631200,
        "last_position_UTC": "2025-12-01T23:20:00Z"
      },
      {
        "lat": 9.0139971,
        "lon": -79.616943,
        "speed": 0,
        "course": 331,
        "heading": 315,
        "destination": "US HOU",
        "last_position_epoch": 1764629400,
        "last_position_UTC": "2025-12-01T22:50:00Z"
      },
      {
        "lat": 9.013958,
        "lon": -79.616936,
        "speed": 0.1,
        "course": 297,
        "heading": 315,
        "destination": "US HOU",
        "last_position_epoch": 1764627480,
        "last_position_UTC": "2025-12-01T22:18:00Z"
      },
      {
        "lat": 9.0139904,
        "lon": -79.61692,
        "speed": 0,
        "course": 137,
        "heading": 314,
        "destination": "US HOU",
        "last_position_epoch": 1764625740,
        "last_position_UTC": "2025-12-01T21:49:00Z"
      },
      {
        "lat": 9.0139685,
        "lon": -79.61692,
        "speed": 0.1,
        "course": 93,
        "heading": 314,
        "destination": "US HOU",
        "last_position_epoch": 1764623820,
        "last_position_UTC": "2025-12-01T21:17:00Z"
      },
      {
        "lat": 9.0140038,
        "lon": -79.616974,
        "speed": 0.1,
        "course": 270,
        "heading": 314,
        "destination": "US HOU",
        "last_position_epoch": 1764618540,
        "last_position_UTC": "2025-12-01T19:49:00Z"
      },
      {
        "lat": 9.0140381,
        "lon": -79.61692,
        "speed": 0,
        "course": 331,
        "heading": 313,
        "destination": "US HOU",
        "last_position_epoch": 1764614820,
        "last_position_UTC": "2025-12-01T18:47:00Z"
      },
      {
        "lat": 9.0140247,
        "lon": -79.616959,
        "speed": 0.2,
        "course": 153,
        "heading": 314,
        "destination": "US HOU",
        "last_position_epoch": 1764613080,
        "last_position_UTC": "2025-12-01T18:18:00Z"
      },
      {
        "lat": 9.0140734,
        "lon": -79.616722,
        "speed": 0.4,
        "course": 205,
        "heading": 311,
        "destination": "US HOU",
        "last_position_epoch": 1764609540,
        "last_position_UTC": "2025-12-01T17:19:00Z"
      },
      {
        "lat": 9.0045853,
        "lon": -79.606812,
        "speed": 3.7,
        "course": 326,
        "heading": 326,
        "destination": "US HOU",
        "last_position_epoch": 1764607740,
        "last_position_UTC": "2025-12-01T16:49:00Z"
      },
      {
        "lat": 8.9822884,
        "lon": -79.589478,
        "speed": 1.1,
        "course": 321,
        "heading": 324,
        "destination": "US HOU",
        "last_position_epoch": 1764604200,
        "last_position_UTC": "2025-12-01T15:50:00Z"
      },
      {
        "lat": 8.9803667,
        "lon": -79.587944,
        "speed": 0,
        "course": 277,
        "heading": 323,
        "destination": "US HOU",
        "last_position_epoch": 1764602340,
        "last_position_UTC": "2025-12-01T15:19:00Z"
      },
      {
        "lat": 8.9731979,
        "lon": -79.582329,
        "speed": 0,
        "course": 211,
        "heading": 324,
        "destination": "US HOU",
        "last_position_epoch": 1764598620,
        "last_position_UTC": "2025-12-01T14:17:00Z"
      },
      {
        "lat": 8.959178333333334,
        "lon": -79.57179333333333,
        "speed": 4.9,
        "course": 341.9,
        "heading": 334,
        "destination": "PA PCN",
        "last_position_epoch": 1764595094,
        "last_position_UTC": "2025-12-01T13:18:14Z"
      },
      {
        "lat": 8.949206666666667,
        "lon": -79.56886333333334,
        "speed": 4.8,
        "course": 345.6,
        "heading": 349,
        "destination": "PA PCN",
        "last_position_epoch": 1764594645,
        "last_position_UTC": "2025-12-01T13:10:45Z"
      },
      {
        "lat": 8.90043,
        "lon": -79.53054166666666,
        "speed": 6.2,
        "course": 321.4,
        "heading": 324,
        "destination": "PA PCN",
        "last_position_epoch": 1764592354,
        "last_position_UTC": "2025-12-01T12:32:34Z"
      },
      {
        "lat": 8.874865,
        "lon": -79.50556833333333,
        "speed": 4.2,
        "course": 305.1,
        "heading": 310,
        "destination": "PA PCN",
        "last_position_epoch": 1764590974,
        "last_position_UTC": "2025-12-01T12:09:34Z"
      },
      {
        "lat": 8.861938333333333,
        "lon": -79.47997,
        "speed": 3.5,
        "course": 298.5,
        "heading": 302,
        "destination": "PA PCN",
        "last_position_epoch": 1764589055,
        "last_position_UTC": "2025-12-01T11:37:35Z"
      },
      {
        "lat": 8.8546648,
        "lon": -79.480637,
        "speed": 0,
        "course": 338,
        "heading": 46,
        "destination": "US HOU",
        "last_position_epoch": 1764586020,
        "last_position_UTC": "2025-12-01T10:47:00Z"
      },
      {
        "lat": 8.8542137,
        "lon": -79.480141,
        "speed": 0.1,
        "course": 114,
        "heading": 40,
        "destination": "PA PCN",
        "last_position_epoch": 1764578820,
        "last_position_UTC": "2025-12-01T08:47:00Z"
      },
      {
        "lat": 8.8541718,
        "lon": -79.480133,
        "speed": 0,
        "course": 289,
        "heading": 36,
        "destination": "PA PCN",
        "last_position_epoch": 1764577020,
        "last_position_UTC": "2025-12-01T08:17:00Z"
      },
      {
        "lat": 8.8548584,
        "lon": -79.480774,
        "speed": 0.1,
        "course": 119,
        "heading": 51,
        "destination": "PA PCN",
        "last_position_epoch": 1764568080,
        "last_position_UTC": "2025-12-01T05:48:00Z"
      },
      {
        "lat": 8.8550215,
        "lon": -79.480934,
        "speed": 0,
        "course": 66,
        "heading": 59,
        "destination": "PA PCN",
        "last_position_epoch": 1764564540,
        "last_position_UTC": "2025-12-01T04:49:00Z"
      },
      {
        "lat": 8.8552952,
        "lon": -79.481018,
        "speed": 0.1,
        "course": null,
        "heading": 62,
        "destination": "PA PCN",
        "last_position_epoch": 1764562740,
        "last_position_UTC": "2025-12-01T04:19:00Z"
      },
      {
        "lat": 8.8552313,
        "lon": -79.480942,
        "speed": 0.1,
        "course": 136,
        "heading": 61,
        "destination": "PA PCN",
        "last_position_epoch": 1764561060,
        "last_position_UTC": "2025-12-01T03:51:00Z"
      },
      {
        "lat": 8.8554335,
        "lon": -79.481064,
        "speed": 0.2,
        "course": 149,
        "heading": 70,
        "destination": "PA PCN",
        "last_position_epoch": 1764559320,
        "last_position_UTC": "2025-12-01T03:22:00Z"
      },
      {
        "lat": 8.8555784,
        "lon": -79.481056,
        "speed": 0.1,
        "course": 258,
        "heading": 71,
        "destination": "PA PCN",
        "last_position_epoch": 1764557640,
        "last_position_UTC": "2025-12-01T02:54:00Z"
      },
      {
        "lat": 8.8558283,
        "lon": -79.480812,
        "speed": 0.1,
        "course": 209,
        "heading": 74,
        "destination": "PA PCN",
        "last_position_epoch": 1764556140,
        "last_position_UTC": "2025-12-01T02:29:00Z"
      },
      {
        "lat": 8.8558702,
        "lon": -79.480995,
        "speed": 0.1,
        "course": 319,
        "heading": 76,
        "destination": "PA PCN",
        "last_position_epoch": 1764554340,
        "last_position_UTC": "2025-12-01T01:59:00Z"
      },
      {
        "lat": 8.8557882,
        "lon": -79.480988,
        "speed": 0.1,
        "course": 101,
        "heading": 75,
        "destination": "PA PCN",
        "last_position_epoch": 1764552360,
        "last_position_UTC": "2025-12-01T01:26:00Z"
      },
      {
        "lat": 8.8555937,
        "lon": -79.481033,
        "speed": 0.1,
        "course": 124,
        "heading": 72,
        "destination": "PA PCN",
        "last_position_epoch": 1764550800,
        "last_position_UTC": "2025-12-01T01:00:00Z"
      },
      {
        "lat": 8.8553247,
        "lon": -79.480934,
        "speed": 0,
        "course": 157,
        "heading": 64,
        "destination": "PA PCN",
        "last_position_epoch": 1764549060,
        "last_position_UTC": "2025-12-01T00:31:00Z"
      },
      {
        "lat": 8.8554001,
        "lon": -79.48111,
        "speed": 0.1,
        "course": 146,
        "heading": 71,
        "destination": "PA PCN",
        "last_position_epoch": 1764547380,
        "last_position_UTC": "2025-12-01T00:03:00Z"
      },
      {
        "lat": 8.8553219,
        "lon": -79.481125,
        "speed": 0,
        "course": 358,
        "heading": 71,
        "destination": "PA PCN",
        "last_position_epoch": 1764545160,
        "last_position_UTC": "2025-11-30T23:26:00Z"
      },
      {
        "lat": 8.8550014,
        "lon": -79.481056,
        "speed": 0,
        "course": 0,
        "heading": 64,
        "destination": "PA PCN",
        "last_position_epoch": 1764543562,
        "last_position_UTC": "2025-11-30T22:59:22Z"
      },
      {
        "lat": 8.8545485,
        "lon": -79.480759,
        "speed": 0.1,
        "course": 348,
        "heading": 54,
        "destination": "PA PCN",
        "last_position_epoch": 1764541500,
        "last_position_UTC": "2025-11-30T22:25:00Z"
      },
      {
        "lat": 8.8544149,
        "lon": -79.480667,
        "speed": 0.1,
        "course": 128,
        "heading": 49,
        "destination": "PA PCN",
        "last_position_epoch": 1764539640,
        "last_position_UTC": "2025-11-30T21:54:00Z"
      },
      {
        "lat": 8.8543282,
        "lon": -79.480515,
        "speed": 0.2,
        "course": 105,
        "heading": 50,
        "destination": "PA PCN",
        "last_position_epoch": 1764537900,
        "last_position_UTC": "2025-11-30T21:25:00Z"
      },
      {
        "lat": 8.854373,
        "lon": -79.480583,
        "speed": 0,
        "course": 274,
        "heading": 47,
        "destination": "PA PCN",
        "last_position_epoch": 1764536040,
        "last_position_UTC": "2025-11-30T20:54:00Z"
      },
      {
        "lat": 8.8544321,
        "lon": -79.480659,
        "speed": 0,
        "course": 90,
        "heading": 49,
        "destination": "PA PCN",
        "last_position_epoch": 1764534300,
        "last_position_UTC": "2025-11-30T20:25:00Z"
      },
      {
        "lat": 8.8545732,
        "lon": -79.480789,
        "speed": 0,
        "course": 304,
        "heading": 52,
        "destination": "PA PCN",
        "last_position_epoch": 1764532620,
        "last_position_UTC": "2025-11-30T19:57:00Z"
      },
      {
        "lat": 8.8547163,
        "lon": -79.480843,
        "speed": 0.1,
        "course": 325,
        "heading": 55,
        "destination": "PA PCN",
        "last_position_epoch": 1764530580,
        "last_position_UTC": "2025-11-30T19:23:00Z"
      },
      {
        "lat": 8.8546734,
        "lon": -79.480835,
        "speed": 0.1,
        "course": 345,
        "heading": 56,
        "destination": "PA PCN",
        "last_position_epoch": 1764528840,
        "last_position_UTC": "2025-11-30T18:54:00Z"
      },
      {
        "lat": 8.85499,
        "lon": -79.481003,
        "speed": 0,
        "course": 299,
        "heading": 63,
        "destination": "PA PCN",
        "last_position_epoch": 1764526680,
        "last_position_UTC": "2025-11-30T18:18:00Z"
      },
      {
        "lat": 8.8547249,
        "lon": -79.480911,
        "speed": 0.1,
        "course": 156,
        "heading": 58,
        "destination": "PA PCN",
        "last_position_epoch": 1764524880,
        "last_position_UTC": "2025-11-30T17:48:00Z"
      },
      {
        "lat": 8.8550129,
        "lon": -79.481064,
        "speed": 0.1,
        "course": 155,
        "heading": 70,
        "destination": "PA PCN",
        "last_position_epoch": 1764523080,
        "last_position_UTC": "2025-11-30T17:18:00Z"
      },
      {
        "lat": 8.8551779,
        "lon": -79.481155,
        "speed": 0,
        "course": 104,
        "heading": 76,
        "destination": "PA PCN",
        "last_position_epoch": 1764519240,
        "last_position_UTC": "2025-11-30T16:14:00Z"
      },
      {
        "lat": 8.7612581,
        "lon": -79.424583,
        "speed": 9.6,
        "course": 328,
        "heading": 336,
        "destination": "PA PCN",
        "last_position_epoch": 1764508620,
        "last_position_UTC": "2025-11-30T13:17:00Z"
      }
    ]
  },
  "meta": {
    "duration": 0.009965928,
    "endpoint": "/api/v0/vessel_history",
    "success": true
  }
}