{
  "data": {
    "uuid": "eb0d2518-4bdf-eeec-ce9c-c8be8d2ebeaf",
    "name": "ONE CRANE",
    "mmsi": "370651000",
    "imo": "9741401",
    "eni": null,
    "country_iso": "PA",
    "type": "Cargo - Hazard A (Major)",
    "type_specific": "Container Ship",
    "positions": [
      {
        "lat": -14.500834,
        "lon": 59.007751,
        "speed": 13.1,
        "course": 41,
        "heading": 47,
        "destination": "SGSIN",
        "last_position_epoch": 1764993660,
        "last_position_UTC": "2025-12-06T04:01:00Z"
      },
      {
        "lat": -14.5683,
        "lon": 58.946827,
        "speed": 12.8,
        "course": 40,
        "heading": 46,
        "destination": "SGSIN",
        "last_position_epoch": 1764992040,
        "last_position_UTC": "2025-12-06T03:34:00Z"
      },
      {
        "lat": -14.650619,
        "lon": 58.874306,
        "speed": 13.3,
        "course": 41,
        "heading": 45,
        "destination": "SGSIN",
        "last_position_epoch": 1764990240,
        "last_position_UTC": "2025-12-06T03:04:00Z"
      },
      {
        "lat": -14.789594,
        "lon": 58.743748,
        "speed": 13.5,
        "course": 43,
        "heading": 47,
        "destination": "SGSIN",
        "last_position_epoch": 1764987540,
        "last_position_UTC": "2025-12-06T02:19:00Z"
      },
      {
        "lat": -17.872641,
        "lon": 55.793858,
        "speed": 12.6,
        "course": 41,
        "heading": 45,
        "destination": "SGSIN",
        "last_position_epoch": 1764917760,
        "last_position_UTC": "2025-12-05T06:56:00Z"
      },
      {
        "lat": -17.956333,
        "lon": 55.704266,
        "speed": 12.8,
        "course": 44,
        "heading": 48,
        "destination": "SGSIN",
        "last_position_epoch": 1764915720,
        "last_position_UTC": "2025-12-05T06:22:00Z"
      },
      {
        "lat": -17.983622,
        "lon": 55.675777,
        "speed": 12.8,
        "course": 44,
        "heading": 49,
        "destination": "SGSIN",
        "last_position_epoch": 1764914940,
        "last_position_UTC": "2025-12-05T06:09:00Z"
      },
      {
        "lat": -18.085617,
        "lon": 55.572193,
        "speed": 13,
        "course": 42,
        "heading": 48,
        "destination": "SGSIN",
        "last_position_epoch": 1764912840,
        "last_position_UTC": "2025-12-05T05:34:00Z"
      },
      {
        "lat": -18.140404,
        "lon": 55.521412,
        "speed": 13.1,
        "course": 42,
        "heading": 46,
        "destination": "SGSIN",
        "last_position_epoch": 1764911340,
        "last_position_UTC": "2025-12-05T05:09:00Z"
      },
      {
        "lat": -18.251064,
        "lon": 55.420521,
        "speed": 13.1,
        "course": 41,
        "heading": 44,
        "destination": "SGSIN",
        "last_position_epoch": 1764909000,
        "last_position_UTC": "2025-12-05T04:30:00Z"
      },
      {
        "lat": -18.32,
        "lon": 55.355,
        "speed": 13.6,
        "course": 42,
        "heading": 44,
        "destination": "SGSIN",
        "last_position_epoch": 1764906780,
        "last_position_UTC": "2025-12-05T03:53:00Z"
      },
      {
        "lat": -18.409824,
        "lon": 55.270966,
        "speed": 14.8,
        "course": 43,
        "heading": 45,
        "destination": "SGSIN",
        "last_position_epoch": 1764905700,
        "last_position_UTC": "2025-12-05T03:35:00Z"
      },
      {
        "lat": -18.511889,
        "lon": 55.164917,
        "speed": 14.6,
        "course": 46,
        "heading": 47,
        "destination": "SGSIN",
        "last_position_epoch": 1764903180,
        "last_position_UTC": "2025-12-05T02:53:00Z"
      },
      {
        "lat": -18.581667,
        "lon": 55.086666,
        "speed": 14.6,
        "course": 46,
        "heading": 47,
        "destination": "SGSIN",
        "last_position_epoch": 1764901980,
        "last_position_UTC": "2025-12-05T02:33:00Z"
      },
      {
        "lat": -18.666239,
        "lon": 54.995716,
        "speed": 14.8,
        "course": 45,
        "heading": 46,
        "destination": "SGSIN",
        "last_position_epoch": 1764900060,
        "last_position_UTC": "2025-12-05T02:01:00Z"
      },
      {
        "lat": -18.753424,
        "lon": 54.903248,
        "speed": 15,
        "course": 45,
        "heading": 46,
        "destination": "SGSIN",
        "last_position_epoch": 1764898500,
        "last_position_UTC": "2025-12-05T01:35:00Z"
      },
      {
        "lat": -18.845562,
        "lon": 54.813728,
        "speed": 14.8,
        "course": 39,
        "heading": 40,
        "destination": "SGSIN",
        "last_position_epoch": 1764896580,
        "last_position_UTC": "2025-12-05T01:03:00Z"
      },
      {
        "lat": -18.959375,
        "lon": 54.719467,
        "speed": 14.8,
        "course": 37,
        "heading": 40,
        "destination": "SGSIN",
        "last_position_epoch": 1764894600,
        "last_position_UTC": "2025-12-05T00:30:00Z"
      },
      {
        "lat": -19.025871,
        "lon": 54.667896,
        "speed": 14.6,
        "course": 32,
        "heading": 35,
        "destination": "SGSIN",
        "last_position_epoch": 1764892920,
        "last_position_UTC": "2025-12-05T00:02:00Z"
      },
      {
        "lat": -19.120838,
        "lon": 54.582954,
        "speed": 15,
        "course": 42,
        "heading": 45,
        "destination": "SGSIN",
        "last_position_epoch": 1764891360,
        "last_position_UTC": "2025-12-04T23:36:00Z"
      },
      {
        "lat": -19.19808,
        "lon": 54.507133,
        "speed": 15.3,
        "course": 42,
        "heading": 45,
        "destination": "SGSIN",
        "last_position_epoch": 1764889680,
        "last_position_UTC": "2025-12-04T23:08:00Z"
      },
      {
        "lat": -19.316994,
        "lon": 54.390831,
        "speed": 15.3,
        "course": 42,
        "heading": 45,
        "destination": "SGSIN",
        "last_position_epoch": 1764887940,
        "last_position_UTC": "2025-12-04T22:39:00Z"
      },
      {
        "lat": -19.400541,
        "lon": 54.309898,
        "speed": 15.3,
        "course": 43,
        "heading": 45,
        "destination": "SGSIN",
        "last_position_epoch": 1764885780,
        "last_position_UTC": "2025-12-04T22:03:00Z"
      },
      {
        "lat": -19.493284,
        "lon": 54.217758,
        "speed": 15.1,
        "course": 44,
        "heading": 45,
        "destination": "SGSIN",
        "last_position_epoch": 1764884100,
        "last_position_UTC": "2025-12-04T21:35:00Z"
      },
      {
        "lat": -19.568756,
        "lon": 54.142227,
        "speed": 15.1,
        "course": 42,
        "heading": 45,
        "destination": "SGSIN",
        "last_position_epoch": 1764882540,
        "last_position_UTC": "2025-12-04T21:09:00Z"
      },
      {
        "lat": -19.688114,
        "lon": 54.023697,
        "speed": 15.1,
        "course": 42,
        "heading": 45,
        "destination": "SGSIN",
        "last_position_epoch": 1764880800,
        "last_position_UTC": "2025-12-04T20:40:00Z"
      },
      {
        "lat": -19.783661,
        "lon": 53.929062,
        "speed": 14.8,
        "course": 42,
        "heading": 45,
        "destination": "SGSIN",
        "last_position_epoch": 1764878580,
        "last_position_UTC": "2025-12-04T20:03:00Z"
      },
      {
        "lat": -19.861347,
        "lon": 53.851452,
        "speed": 14.6,
        "course": 43,
        "heading": 45,
        "destination": "SGSIN",
        "last_position_epoch": 1764876720,
        "last_position_UTC": "2025-12-04T19:32:00Z"
      },
      {
        "lat": -19.977839,
        "lon": 53.734982,
        "speed": 14.5,
        "course": 42,
        "heading": 45,
        "destination": "SGSIN",
        "last_position_epoch": 1764874800,
        "last_position_UTC": "2025-12-04T19:00:00Z"
      },
      {
        "lat": -20.02599,
        "lon": 53.685265,
        "speed": 14.3,
        "course": 45,
        "heading": 46,
        "destination": "SGSIN",
        "last_position_epoch": 1764873420,
        "last_position_UTC": "2025-12-04T18:37:00Z"
      },
      {
        "lat": -20.125469,
        "lon": 53.586128,
        "speed": 14.3,
        "course": 43,
        "heading": 44,
        "destination": "SGSIN",
        "last_position_epoch": 1764871260,
        "last_position_UTC": "2025-12-04T18:01:00Z"
      },
      {
        "lat": -20.23914,
        "lon": 53.474983,
        "speed": 14.1,
        "course": 42,
        "heading": 43,
        "destination": "SGSIN",
        "last_position_epoch": 1764869160,
        "last_position_UTC": "2025-12-04T17:26:00Z"
      },
      {
        "lat": -20.311666,
        "lon": 53.401669,
        "speed": 14,
        "course": 43,
        "heading": 43,
        "destination": "SGSIN",
        "last_position_epoch": 1764867480,
        "last_position_UTC": "2025-12-04T16:58:00Z"
      },
      {
        "lat": -20.404696,
        "lon": 53.31292,
        "speed": 13.8,
        "course": 43,
        "heading": 43,
        "destination": "SGSIN",
        "last_position_epoch": 1764865980,
        "last_position_UTC": "2025-12-04T16:33:00Z"
      },
      {
        "lat": -20.482267,
        "lon": 53.235119,
        "speed": 13.8,
        "course": 44,
        "heading": 43,
        "destination": "SGSIN",
        "last_position_epoch": 1764864060,
        "last_position_UTC": "2025-12-04T16:01:00Z"
      },
      {
        "lat": -20.568386,
        "lon": 53.146027,
        "speed": 13.8,
        "course": 43,
        "heading": 43,
        "destination": "SGSIN",
        "last_position_epoch": 1764862440,
        "last_position_UTC": "2025-12-04T15:34:00Z"
      },
      {
        "lat": -20.627411,
        "lon": 53.084896,
        "speed": 13.6,
        "course": 44,
        "heading": 43,
        "destination": "SGSIN",
        "last_position_epoch": 1764860700,
        "last_position_UTC": "2025-12-04T15:05:00Z"
      },
      {
        "lat": -20.715185,
        "lon": 52.990383,
        "speed": 14.1,
        "course": 46,
        "heading": 45,
        "destination": "SGSIN",
        "last_position_epoch": 1764859080,
        "last_position_UTC": "2025-12-04T14:38:00Z"
      },
      {
        "lat": -20.784939,
        "lon": 52.908588,
        "speed": 14,
        "course": 46,
        "heading": 47,
        "destination": "SGSIN",
        "last_position_epoch": 1764857160,
        "last_position_UTC": "2025-12-04T14:06:00Z"
      },
      {
        "lat": -20.871204,
        "lon": 52.812748,
        "speed": 13.8,
        "course": 45,
        "heading": 47,
        "destination": "SGSIN",
        "last_position_epoch": 1764855240,
        "last_position_UTC": "2025-12-04T13:34:00Z"
      },
      {
        "lat": -20.963398,
        "lon": 52.71217,
        "speed": 14.3,
        "course": 45,
        "heading": 47,
        "destination": "SGSIN",
        "last_position_epoch": 1764853440,
        "last_position_UTC": "2025-12-04T13:04:00Z"
      },
      {
        "lat": -21.061533,
        "lon": 52.616161,
        "speed": 14.3,
        "course": 41,
        "heading": 42,
        "destination": "SGSIN",
        "last_position_epoch": 1764851580,
        "last_position_UTC": "2025-12-04T12:33:00Z"
      },
      {
        "lat": -21.157537,
        "lon": 52.527016,
        "speed": 14.6,
        "course": 41,
        "heading": 42,
        "destination": "SGSIN",
        "last_position_epoch": 1764849900,
        "last_position_UTC": "2025-12-04T12:05:00Z"
      },
      {
        "lat": -21.221058,
        "lon": 52.466782,
        "speed": 14.5,
        "course": 42,
        "heading": 42,
        "destination": "SGSIN",
        "last_position_epoch": 1764848100,
        "last_position_UTC": "2025-12-04T11:35:00Z"
      },
      {
        "lat": -21.309023,
        "lon": 52.371422,
        "speed": 14.1,
        "course": 47,
        "heading": 47,
        "destination": "SGSIN",
        "last_position_epoch": 1764846180,
        "last_position_UTC": "2025-12-04T11:03:00Z"
      },
      {
        "lat": -21.406111,
        "lon": 52.260071,
        "speed": 14.6,
        "course": 45,
        "heading": 47,
        "destination": "SGSIN",
        "last_position_epoch": 1764844500,
        "last_position_UTC": "2025-12-04T10:35:00Z"
      },
      {
        "lat": -21.502304,
        "lon": 52.154728,
        "speed": 14.6,
        "course": 45,
        "heading": 47,
        "destination": "SGSIN",
        "last_position_epoch": 1764842580,
        "last_position_UTC": "2025-12-04T10:03:00Z"
      },
      {
        "lat": -21.562298,
        "lon": 52.090885,
        "speed": 14.1,
        "course": 45,
        "heading": 47,
        "destination": "SGSIN",
        "last_position_epoch": 1764840840,
        "last_position_UTC": "2025-12-04T09:34:00Z"
      },
      {
        "lat": -21.646919,
        "lon": 51.998775,
        "speed": 13.8,
        "course": 46,
        "heading": 49,
        "destination": "SGSIN",
        "last_position_epoch": 1764838980,
        "last_position_UTC": "2025-12-04T09:03:00Z"
      },
      {
        "lat": -21.737333,
        "lon": 51.906479,
        "speed": 13.5,
        "course": 42,
        "heading": 44,
        "destination": "SGSIN",
        "last_position_epoch": 1764837060,
        "last_position_UTC": "2025-12-04T08:31:00Z"
      },
      {
        "lat": -21.857477,
        "lon": 51.787361,
        "speed": 13.3,
        "course": 43,
        "heading": 44,
        "destination": "SGSIN",
        "last_position_epoch": 1764835380,
        "last_position_UTC": "2025-12-04T08:03:00Z"
      },
      {
        "lat": -21.889696,
        "lon": 51.755188,
        "speed": 13.1,
        "course": 42,
        "heading": 44,
        "destination": "SGSIN",
        "last_position_epoch": 1764833520,
        "last_position_UTC": "2025-12-04T07:32:00Z"
      },
      {
        "lat": -21.972597,
        "lon": 51.670746,
        "speed": 13.3,
        "course": 44,
        "heading": 44,
        "destination": "SGSIN",
        "last_position_epoch": 1764831900,
        "last_position_UTC": "2025-12-04T07:05:00Z"
      },
      {
        "lat": -22.069744,
        "lon": 51.57114,
        "speed": 13,
        "course": 43,
        "heading": 44,
        "destination": "SGSIN",
        "last_position_epoch": 1764830100,
        "last_position_UTC": "2025-12-04T06:35:00Z"
      },
      {
        "lat": -22.142105,
        "lon": 51.499176,
        "speed": 13.1,
        "course": 41,
        "heading": 43,
        "destination": "SGSIN",
        "last_position_epoch": 1764828300,
        "last_position_UTC": "2025-12-04T06:05:00Z"
      },
      {
        "lat": -22.226999,
        "lon": 51.42028,
        "speed": 13.1,
        "course": 42,
        "heading": 44,
        "destination": "SGSIN",
        "last_position_epoch": 1764826560,
        "last_position_UTC": "2025-12-04T05:36:00Z"
      },
      {
        "lat": -22.305161,
        "lon": 51.341175,
        "speed": 12.8,
        "course": 42,
        "heading": 44,
        "destination": "SGSIN",
        "last_position_epoch": 1764824400,
        "last_position_UTC": "2025-12-04T05:00:00Z"
      },
      {
        "lat": -22.39506,
        "lon": 51.242546,
        "speed": 13.5,
        "course": 45,
        "heading": 48,
        "destination": "SGSIN",
        "last_position_epoch": 1764822420,
        "last_position_UTC": "2025-12-04T04:27:00Z"
      },
      {
        "lat": -22.474419,
        "lon": 51.154854,
        "speed": 13.6,
        "course": 45,
        "heading": 48,
        "destination": "SGSIN",
        "last_position_epoch": 1764820860,
        "last_position_UTC": "2025-12-04T04:01:00Z"
      },
      {
        "lat": -22.529272,
        "lon": 51.097412,
        "speed": 13.8,
        "course": 43,
        "heading": 46,
        "destination": "SGSIN",
        "last_position_epoch": 1764819180,
        "last_position_UTC": "2025-12-04T03:33:00Z"
      },
      {
        "lat": -22.697847,
        "lon": 50.923573,
        "speed": 13.8,
        "course": 44,
        "heading": 46,
        "destination": "SGSIN",
        "last_position_epoch": 1764815760,
        "last_position_UTC": "2025-12-04T02:36:00Z"
      },
      {
        "lat": -22.788849,
        "lon": 50.822807,
        "speed": 13.6,
        "course": 46,
        "heading": 48,
        "destination": "SGSIN",
        "last_position_epoch": 1764813420,
        "last_position_UTC": "2025-12-04T01:57:00Z"
      },
      {
        "lat": -22.868626,
        "lon": 50.729984,
        "speed": 14.1,
        "course": 47,
        "heading": 48,
        "destination": "SGSIN",
        "last_position_epoch": 1764811800,
        "last_position_UTC": "2025-12-04T01:30:00Z"
      },
      {
        "lat": -22.968134,
        "lon": 50.616928,
        "speed": 14.3,
        "course": 45,
        "heading": 47,
        "destination": "SGSIN",
        "last_position_epoch": 1764809940,
        "last_position_UTC": "2025-12-04T00:59:00Z"
      },
      {
        "lat": -23.017908,
        "lon": 50.565094,
        "speed": 14.5,
        "course": 44,
        "heading": 46,
        "destination": "SGSIN",
        "last_position_epoch": 1764808500,
        "last_position_UTC": "2025-12-04T00:35:00Z"
      },
      {
        "lat": -23.224337,
        "lon": 50.353859,
        "speed": 13.8,
        "course": 44,
        "heading": 46,
        "destination": "SGSIN",
        "last_position_epoch": 1764804480,
        "last_position_UTC": "2025-12-03T23:28:00Z"
      },
      {
        "lat": -23.319374,
        "lon": 50.254734,
        "speed": 13.8,
        "course": 45,
        "heading": 48,
        "destination": "SGSIN",
        "last_position_epoch": 1764802080,
        "last_position_UTC": "2025-12-03T22:48:00Z"
      },
      {
        "lat": -23.503693,
        "lon": 50.053432,
        "speed": 13.8,
        "course": 44,
        "heading": 48,
        "destination": "SGSIN",
        "last_position_epoch": 1764798420,
        "last_position_UTC": "2025-12-03T21:47:00Z"
      },
      {
        "lat": -23.522135,
        "lon": 50.033085,
        "speed": 13.8,
        "course": 45,
        "heading": 48,
        "destination": "SGSIN",
        "last_position_epoch": 1764797580,
        "last_position_UTC": "2025-12-03T21:33:00Z"
      },
      {
        "lat": -23.623018,
        "lon": 49.920773,
        "speed": 14.1,
        "course": 45,
        "heading": 48,
        "destination": "SGSIN",
        "last_position_epoch": 1764795840,
        "last_position_UTC": "2025-12-03T21:04:00Z"
      },
      {
        "lat": -23.689178,
        "lon": 49.84655,
        "speed": 13.8,
        "course": 46,
        "heading": 48,
        "destination": "SGSIN",
        "last_position_epoch": 1764794100,
        "last_position_UTC": "2025-12-03T20:35:00Z"
      },
      {
        "lat": -24.058521,
        "lon": 49.415161,
        "speed": 14.1,
        "course": 48,
        "heading": null,
        "destination": "SGSIN",
        "last_position_epoch": 1764786240,
        "last_position_UTC": "2025-12-03T18:24:00Z"
      },
      {
        "lat": -24.288376,
        "lon": 49.154434,
        "speed": 14.1,
        "course": 45,
        "heading": null,
        "destination": "SGSIN",
        "last_position_epoch": 1764780600,
        "last_position_UTC": "2025-12-03T16:50:00Z"
      },
      {
        "lat": -24.466003,
        "lon": 48.961929,
        "speed": 14,
        "course": 46,
        "heading": 46,
        "destination": "SGSIN",
        "last_position_epoch": 1764777300,
        "last_position_UTC": "2025-12-03T15:55:00Z"
      },
      {
        "lat": -24.506077,
        "lon": 48.918392,
        "speed": 14.1,
        "course": 44,
        "heading": 46,
        "destination": "SGSIN",
        "last_position_epoch": 1764775980,
        "last_position_UTC": "2025-12-03T15:33:00Z"
      },
      {
        "lat": -24.610861,
        "lon": 48.803459,
        "speed": 13.8,
        "course": 45,
        "heading": 46,
        "destination": "SGSIN",
        "last_position_epoch": 1764774300,
        "last_position_UTC": "2025-12-03T15:05:00Z"
      },
      {
        "lat": -24.683327,
        "lon": 48.722088,
        "speed": 14.5,
        "course": 40,
        "heading": 43,
        "destination": "SGSIN",
        "last_position_epoch": 1764772500,
        "last_position_UTC": "2025-12-03T14:35:00Z"
      },
      {
        "lat": -24.756628,
        "lon": 48.659386,
        "speed": 14.5,
        "course": 40,
        "heading": 44,
        "destination": "SGSIN",
        "last_position_epoch": 1764770640,
        "last_position_UTC": "2025-12-03T14:04:00Z"
      },
      {
        "lat": -24.855181,
        "lon": 48.561985,
        "speed": 14.3,
        "course": 44,
        "heading": 46,
        "destination": "SGSIN",
        "last_position_epoch": 1764768840,
        "last_position_UTC": "2025-12-03T13:34:00Z"
      },
      {
        "lat": -24.949526,
        "lon": 48.464142,
        "speed": 14,
        "course": 41,
        "heading": 45,
        "destination": "SGSIN",
        "last_position_epoch": 1764766920,
        "last_position_UTC": "2025-12-03T13:02:00Z"
      },
      {
        "lat": -25.041096,
        "lon": 48.369415,
        "speed": 14,
        "course": 43,
        "heading": 45,
        "destination": "SGSIN",
        "last_position_epoch": 1764765240,
        "last_position_UTC": "2025-12-03T12:34:00Z"
      },
      {
        "lat": -25.105463,
        "lon": 48.301884,
        "speed": 13.6,
        "course": 44,
        "heading": 45,
        "destination": "SGSIN",
        "last_position_epoch": 1764763380,
        "last_position_UTC": "2025-12-03T12:03:00Z"
      },
      {
        "lat": -25.189297,
        "lon": 48.205158,
        "speed": 13.6,
        "course": 49,
        "heading": 50,
        "destination": "SGSIN",
        "last_position_epoch": 1764761640,
        "last_position_UTC": "2025-12-03T11:34:00Z"
      },
      {
        "lat": -25.270695,
        "lon": 48.101994,
        "speed": 13.3,
        "course": 45,
        "heading": 46,
        "destination": "SGSIN",
        "last_position_epoch": 1764759780,
        "last_position_UTC": "2025-12-03T11:03:00Z"
      },
      {
        "lat": -25.352049,
        "lon": 48.004414,
        "speed": 13.3,
        "course": 49,
        "heading": 48,
        "destination": "SGSIN",
        "last_position_epoch": 1764758100,
        "last_position_UTC": "2025-12-03T10:35:00Z"
      },
      {
        "lat": -25.411697,
        "lon": 47.929741,
        "speed": 13.3,
        "course": 46,
        "heading": 47,
        "destination": "SGSIN",
        "last_position_epoch": 1764756240,
        "last_position_UTC": "2025-12-03T10:04:00Z"
      },
      {
        "lat": -25.500574,
        "lon": 47.83205,
        "speed": 13,
        "course": 42,
        "heading": 44,
        "destination": "SGSIN",
        "last_position_epoch": 1764754440,
        "last_position_UTC": "2025-12-03T09:34:00Z"
      },
      {
        "lat": -25.586514,
        "lon": 47.738201,
        "speed": 13.1,
        "course": 45,
        "heading": 45,
        "destination": "SGSIN",
        "last_position_epoch": 1764752640,
        "last_position_UTC": "2025-12-03T09:04:00Z"
      },
      {
        "lat": -25.643446,
        "lon": 47.68095,
        "speed": 13.3,
        "course": 45,
        "heading": 44,
        "destination": "SGSIN",
        "last_position_epoch": 1764750900,
        "last_position_UTC": "2025-12-03T08:35:00Z"
      },
      {
        "lat": -25.727512,
        "lon": 47.585804,
        "speed": 13.5,
        "course": 47,
        "heading": 46,
        "destination": "SGSIN",
        "last_position_epoch": 1764749100,
        "last_position_UTC": "2025-12-03T08:05:00Z"
      },
      {
        "lat": -25.817492,
        "lon": 47.479794,
        "speed": 13.3,
        "course": 47,
        "heading": 46,
        "destination": "SGSIN",
        "last_position_epoch": 1764747240,
        "last_position_UTC": "2025-12-03T07:34:00Z"
      },
      {
        "lat": -25.901081,
        "lon": 47.383034,
        "speed": 13.3,
        "course": 46,
        "heading": 46,
        "destination": "SGSIN",
        "last_position_epoch": 1764745380,
        "last_position_UTC": "2025-12-03T07:03:00Z"
      },
      {
        "lat": -25.95314,
        "lon": 47.323792,
        "speed": 13.1,
        "course": 45,
        "heading": 46,
        "destination": "SGSIN",
        "last_position_epoch": 1764743640,
        "last_position_UTC": "2025-12-03T06:34:00Z"
      },
      {
        "lat": -26.035774,
        "lon": 47.227512,
        "speed": 13,
        "course": 48,
        "heading": 47,
        "destination": "SGSIN",
        "last_position_epoch": 1764742020,
        "last_position_UTC": "2025-12-03T06:07:00Z"
      },
      {
        "lat": -26.113701,
        "lon": 47.121193,
        "speed": 12.8,
        "course": 54,
        "heading": 56,
        "destination": "SGSIN",
        "last_position_epoch": 1764740160,
        "last_position_UTC": "2025-12-03T05:36:00Z"
      },
      {
        "lat": -26.160482,
        "lon": 47.044392,
        "speed": 12.6,
        "course": 54,
        "heading": 56,
        "destination": "SGSIN",
        "last_position_epoch": 1764738180,
        "last_position_UTC": "2025-12-03T05:03:00Z"
      },
      {
        "lat": -27.564678,
        "lon": 42.951447,
        "speed": 14.5,
        "course": 77,
        "heading": 81,
        "destination": "SGSIN",
        "last_position_epoch": 1764673140,
        "last_position_UTC": "2025-12-02T10:59:00Z"
      },
      {
        "lat": -27.587576,
        "lon": 42.814125,
        "speed": 14.1,
        "course": 79,
        "heading": 81,
        "destination": "SGSIN",
        "last_position_epoch": 1764671640,
        "last_position_UTC": "2025-12-02T10:34:00Z"
      },
      {
        "lat": -27.603416,
        "lon": 42.716282,
        "speed": 14.1,
        "course": 80,
        "heading": 81,
        "destination": "SGSIN",
        "last_position_epoch": 1764669900,
        "last_position_UTC": "2025-12-02T10:05:00Z"
      },
      {
        "lat": -27.632235,
        "lon": 42.559559,
        "speed": 14.1,
        "course": 78,
        "heading": 78,
        "destination": "SGSIN",
        "last_position_epoch": 1764668220,
        "last_position_UTC": "2025-12-02T09:37:00Z"
      },
      {
        "lat": -28.685926,
        "lon": 39.395676,
        "speed": 14.1,
        "course": 65,
        "heading": 66,
        "destination": "SGSIN",
        "last_position_epoch": 1764619320,
        "last_position_UTC": "2025-12-01T20:02:00Z"
      },
      {
        "lat": -28.736393,
        "lon": 39.27285,
        "speed": 14.5,
        "course": 65,
        "heading": 64,
        "destination": "SGSIN",
        "last_position_epoch": 1764617700,
        "last_position_UTC": "2025-12-01T19:35:00Z"
      },
      {
        "lat": -29.78927,
        "lon": 36.430813,
        "speed": 14.1,
        "course": 66,
        "heading": 74,
        "destination": "SGSIN",
        "last_position_epoch": 1764577080,
        "last_position_UTC": "2025-12-01T08:18:00Z"
      },
      {
        "lat": -29.7969,
        "lon": 36.409962,
        "speed": 14.1,
        "course": 67,
        "heading": 74,
        "destination": "SGSIN",
        "last_position_epoch": 1764576300,
        "last_position_UTC": "2025-12-01T08:05:00Z"
      },
      {
        "lat": -29.890633,
        "lon": 36.139015,
        "speed": 13.8,
        "course": 68,
        "heading": 74,
        "destination": "SGSIN",
        "last_position_epoch": 1764572700,
        "last_position_UTC": "2025-12-01T07:05:00Z"
      },
      {
        "lat": -30.166103,
        "lon": 35.650574,
        "speed": 13.5,
        "course": 52,
        "heading": 55,
        "destination": "SGSIN",
        "last_position_epoch": 1764564960,
        "last_position_UTC": "2025-12-01T04:56:00Z"
      },
      {
        "lat": -31.004801,
        "lon": 34.216702,
        "speed": 14.5,
        "course": 29,
        "heading": null,
        "destination": "SGSIN",
        "last_position_epoch": 1764542160,
        "last_position_UTC": "2025-11-30T22:36:00Z"
      },
      {
        "lat": -31.0483,
        "lon": 34.131699,
        "speed": 13.3,
        "course": 46,
        "heading": 25,
        "destination": "SGSIN",
        "last_position_epoch": 1764540720,
        "last_position_UTC": "2025-11-30T22:12:00Z"
      },
      {
        "lat": -31.126301,
        "lon": 33.995399,
        "speed": 14.3,
        "course": null,
        "heading": 25,
        "destination": "SGSIN",
        "last_position_epoch": 1764538680,
        "last_position_UTC": "2025-11-30T21:38:00Z"
      },
      {
        "lat": -31.196301,
        "lon": 33.876499,
        "speed": 14.6,
        "course": 301,
        "heading": null,
        "destination": "SGSIN",
        "last_position_epoch": 1764536820,
        "last_position_UTC": "2025-11-30T21:07:00Z"
      },
      {
        "lat": -31.275299,
        "lon": 33.739601,
        "speed": 14.6,
        "course": 358,
        "heading": null,
        "destination": "SGSIN",
        "last_position_epoch": 1764534900,
        "last_position_UTC": "2025-11-30T20:35:00Z"
      },
      {
        "lat": -31.3367,
        "lon": 33.631699,
        "speed": 14.3,
        "course": 341,
        "heading": null,
        "destination": "SGSIN",
        "last_position_epoch": 1764533160,
        "last_position_UTC": "2025-11-30T20:06:00Z"
      },
      {
        "lat": -31.395,
        "lon": 33.529999,
        "speed": 14.3,
        "course": null,
        "heading": 25,
        "destination": "SGSIN",
        "last_position_epoch": 1764531600,
        "last_position_UTC": "2025-11-30T19:40:00Z"
      },
      {
        "lat": -31.479401,
        "lon": 33.3783,
        "speed": 14.3,
        "course": 17,
        "heading": 25,
        "destination": "SGSIN",
        "last_position_epoch": 1764528960,
        "last_position_UTC": "2025-11-30T18:56:00Z"
      },
      {
        "lat": -31.526699,
        "lon": 33.305,
        "speed": 13.3,
        "course": null,
        "heading": 193,
        "destination": "SGSIN",
        "last_position_epoch": 1764528000,
        "last_position_UTC": "2025-11-30T18:40:00Z"
      },
      {
        "lat": -31.73278,
        "lon": 32.991413,
        "speed": 13.3,
        "course": 53,
        "heading": 57,
        "destination": "SGSIN",
        "last_position_epoch": 1764522420,
        "last_position_UTC": "2025-11-30T17:07:00Z"
      },
      {
        "lat": -31.785044,
        "lon": 32.908165,
        "speed": 13.3,
        "course": 53,
        "heading": 57,
        "destination": "SGSIN",
        "last_position_epoch": 1764520620,
        "last_position_UTC": "2025-11-30T16:37:00Z"
      },
      {
        "lat": -31.855953,
        "lon": 32.793266,
        "speed": 13.6,
        "course": 54,
        "heading": 57,
        "destination": "SGSIN",
        "last_position_epoch": 1764518760,
        "last_position_UTC": "2025-11-30T16:06:00Z"
      },
      {
        "lat": -31.927628,
        "lon": 32.659912,
        "speed": 13.3,
        "course": 69,
        "heading": 71,
        "destination": "SGSIN",
        "last_position_epoch": 1764516960,
        "last_position_UTC": "2025-11-30T15:36:00Z"
      },
      {
        "lat": -31.956587,
        "lon": 32.568981,
        "speed": 13.3,
        "course": 69,
        "heading": 71,
        "destination": "SGSIN",
        "last_position_epoch": 1764515160,
        "last_position_UTC": "2025-11-30T15:06:00Z"
      },
      {
        "lat": -32.014332,
        "lon": 32.413609,
        "speed": 13.3,
        "course": 64,
        "heading": 65,
        "destination": "SGSIN",
        "last_position_epoch": 1764512940,
        "last_position_UTC": "2025-11-30T14:29:00Z"
      },
      {
        "lat": -32.061321,
        "lon": 32.312099,
        "speed": 13.5,
        "course": 56,
        "heading": null,
        "destination": "SGSIN",
        "last_position_epoch": 1764511140,
        "last_position_UTC": "2025-11-30T13:59:00Z"
      },
      {
        "lat": -32.266659,
        "lon": 31.923187,
        "speed": 13.6,
        "course": 69,
        "heading": null,
        "destination": "SGSIN",
        "last_position_epoch": 1764505440,
        "last_position_UTC": "2025-11-30T12:24:00Z"
      },
      {
        "lat": -33.130287,
        "lon": 30.191767,
        "speed": 14.6,
        "course": 64,
        "heading": 67,
        "destination": "SGSIN",
        "last_position_epoch": 1764479100,
        "last_position_UTC": "2025-11-30T05:05:00Z"
      },
      {
        "lat": -33.197392,
        "lon": 30.033413,
        "speed": 14,
        "course": 60,
        "heading": 65,
        "destination": "SGSIN",
        "last_position_epoch": 1764477240,
        "last_position_UTC": "2025-11-30T04:34:00Z"
      },
      {
        "lat": -33.291538,
        "lon": 29.76277,
        "speed": 13.6,
        "course": 71,
        "heading": 77,
        "destination": "SGSIN",
        "last_position_epoch": 1764473220,
        "last_position_UTC": "2025-11-30T03:27:00Z"
      },
      {
        "lat": -33.305553,
        "lon": 29.711594,
        "speed": 13.6,
        "course": 72,
        "heading": 77,
        "destination": "SGSIN",
        "last_position_epoch": 1764472200,
        "last_position_UTC": "2025-11-30T03:10:00Z"
      },
      {
        "lat": -33.374855,
        "lon": 29.457556,
        "speed": 14.1,
        "course": 71,
        "heading": 77,
        "destination": "SGSIN",
        "last_position_epoch": 1764469080,
        "last_position_UTC": "2025-11-30T02:18:00Z"
      },
      {
        "lat": -33.374855,
        "lon": 29.457556,
        "speed": 14.1,
        "course": 71,
        "heading": 77,
        "destination": "SGSIN",
        "last_position_epoch": 1764468720,
        "last_position_UTC": "2025-11-30T02:12:00Z"
      },
      {
        "lat": -33.421108,
        "lon": 29.285892,
        "speed": 13.8,
        "course": 72,
        "heading": 77,
        "destination": "SGSIN",
        "last_position_epoch": 1764466380,
        "last_position_UTC": "2025-11-30T01:33:00Z"
      },
      {
        "lat": -33.483883,
        "lon": 29.03701,
        "speed": 13.3,
        "course": 72,
        "heading": 75,
        "destination": "SGSIN",
        "last_position_epoch": 1764463140,
        "last_position_UTC": "2025-11-30T00:39:00Z"
      },
      {
        "lat": -33.51086,
        "lon": 28.93742,
        "speed": 13.5,
        "course": 72,
        "heading": 74,
        "destination": "SGSIN",
        "last_position_epoch": 1764461580,
        "last_position_UTC": "2025-11-30T00:13:00Z"
      },
      {
        "lat": -33.55492,
        "lon": 28.775517,
        "speed": 13.1,
        "course": 72,
        "heading": 73,
        "destination": "SGSIN",
        "last_position_epoch": 1764459720,
        "last_position_UTC": "2025-11-29T23:42:00Z"
      },
      {
        "lat": -33.590874,
        "lon": 28.64068,
        "speed": 12.8,
        "course": 72,
        "heading": 73,
        "destination": "SGSIN",
        "last_position_epoch": 1764457680,
        "last_position_UTC": "2025-11-29T23:08:00Z"
      },
      {
        "lat": -33.627056,
        "lon": 28.504526,
        "speed": 12.6,
        "course": 71,
        "heading": 73,
        "destination": "SGSIN",
        "last_position_epoch": 1764455820,
        "last_position_UTC": "2025-11-29T22:37:00Z"
      },
      {
        "lat": -33.651245,
        "lon": 28.412987,
        "speed": 12.5,
        "course": 72,
        "heading": 73,
        "destination": "SGSIN",
        "last_position_epoch": 1764453900,
        "last_position_UTC": "2025-11-29T22:05:00Z"
      },
      {
        "lat": -33.696114,
        "lon": 28.244133,
        "speed": 12.1,
        "course": 73,
        "heading": 73,
        "destination": "SGSIN",
        "last_position_epoch": 1764452280,
        "last_position_UTC": "2025-11-29T21:38:00Z"
      },
      {
        "lat": -33.721325,
        "lon": 28.150177,
        "speed": 11.8,
        "course": 71,
        "heading": 74,
        "destination": "SGSIN",
        "last_position_epoch": 1764450420,
        "last_position_UTC": "2025-11-29T21:07:00Z"
      },
      {
        "lat": -33.741501,
        "lon": 28.075647,
        "speed": 11.6,
        "course": 72,
        "heading": 73,
        "destination": "SGSIN",
        "last_position_epoch": 1764448680,
        "last_position_UTC": "2025-11-29T20:38:00Z"
      },
      {
        "lat": -33.779755,
        "lon": 27.939104,
        "speed": 11.3,
        "course": 72,
        "heading": 73,
        "destination": "SGSIN",
        "last_position_epoch": 1764446700,
        "last_position_UTC": "2025-11-29T20:05:00Z"
      },
      {
        "lat": -33.804886,
        "lon": 27.841227,
        "speed": 11,
        "course": 77,
        "heading": 78,
        "destination": "SGSIN",
        "last_position_epoch": 1764445020,
        "last_position_UTC": "2025-11-29T19:37:00Z"
      },
      {
        "lat": -33.825916,
        "lon": 27.734598,
        "speed": 10.6,
        "course": 71,
        "heading": 73,
        "destination": "SGSIN",
        "last_position_epoch": 1764443160,
        "last_position_UTC": "2025-11-29T19:06:00Z"
      },
      {
        "lat": -33.85474,
        "lon": 27.626184,
        "speed": 10.3,
        "course": 72,
        "heading": 74,
        "destination": "SGSIN",
        "last_position_epoch": 1764441420,
        "last_position_UTC": "2025-11-29T18:37:00Z"
      },
      {
        "lat": -33.875347,
        "lon": 27.550362,
        "speed": 10.1,
        "course": 77,
        "heading": 77,
        "destination": "SGSIN",
        "last_position_epoch": 1764439560,
        "last_position_UTC": "2025-11-29T18:06:00Z"
      },
      {
        "lat": -33.894039,
        "lon": 27.445652,
        "speed": 9.8,
        "course": 76,
        "heading": 75,
        "destination": "SGSIN",
        "last_position_epoch": 1764437700,
        "last_position_UTC": "2025-11-29T17:35:00Z"
      },
      {
        "lat": -33.917427,
        "lon": 27.341507,
        "speed": 9.6,
        "course": 73,
        "heading": 73,
        "destination": "SGSIN",
        "last_position_epoch": 1764435960,
        "last_position_UTC": "2025-11-29T17:06:00Z"
      },
      {
        "lat": -33.93494,
        "lon": 27.264082,
        "speed": 9.5,
        "course": 73,
        "heading": 73,
        "destination": "SGSIN",
        "last_position_epoch": 1764434220,
        "last_position_UTC": "2025-11-29T16:37:00Z"
      },
      {
        "lat": -33.946533,
        "lon": 27.163828,
        "speed": 9.5,
        "course": 91,
        "heading": 82,
        "destination": "SGSIN",
        "last_position_epoch": 1764432480,
        "last_position_UTC": "2025-11-29T16:08:00Z"
      },
      {
        "lat": -33.962231,
        "lon": 27.05892,
        "speed": 9.3,
        "course": 72,
        "heading": 68,
        "destination": "SGSIN",
        "last_position_epoch": 1764430500,
        "last_position_UTC": "2025-11-29T15:35:00Z"
      },
      {
        "lat": -33.987202,
        "lon": 26.964872,
        "speed": 9.3,
        "course": 74,
        "heading": 70,
        "destination": "SGSIN",
        "last_position_epoch": 1764428760,
        "last_position_UTC": "2025-11-29T15:06:00Z"
      },
      {
        "lat": -34.002338,
        "lon": 26.899584,
        "speed": 10.5,
        "course": 77,
        "heading": 74,
        "destination": "SGSIN",
        "last_position_epoch": 1764427020,
        "last_position_UTC": "2025-11-29T14:37:00Z"
      }
    ]
  },
  "meta": {
    "duration": 0.010449611,
    "endpoint": "/api/v0/vessel_history",
    "success": true
  }
}