{
  "data": {
    "uuid": "ee035ef8-95f0-3022-9a99-8cf29e42a725",
    "name": "ONE MILLAU",
    "mmsi": "371215000",
    "imo": "9706736",
    "eni": null,
    "country_iso": "PA",
    "type": "Cargo",
    "type_specific": "Container Ship",
    "positions": [
      {
        "lat": -21.436268,
        "lon": 51.511627,
        "speed": 16.7,
        "course": 223,
        "heading": 225,
        "destination": "LKCMB>CAHAL",
        "last_position_epoch": 1764981120,
        "last_position_UTC": "2025-12-06T00:32:00Z"
      },
      {
        "lat": -21.370001,
        "lon": 51.578892,
        "speed": 16.7,
        "course": 223,
        "heading": 225,
        "destination": "LKCMB>CAHAL",
        "last_position_epoch": 1764979560,
        "last_position_UTC": "2025-12-06T00:06:00Z"
      },
      {
        "lat": -21.258446,
        "lon": 51.694374,
        "speed": 16.1,
        "course": 223,
        "heading": 225,
        "destination": "LKCMB>CAHAL",
        "last_position_epoch": 1764977760,
        "last_position_UTC": "2025-12-05T23:36:00Z"
      },
      {
        "lat": -21.176188,
        "lon": 51.780327,
        "speed": 15.8,
        "course": 224,
        "heading": 225,
        "destination": "LKCMB>CAHAL",
        "last_position_epoch": 1764976140,
        "last_position_UTC": "2025-12-05T23:09:00Z"
      },
      {
        "lat": -21.060524,
        "lon": 51.899681,
        "speed": 16.2,
        "course": 222,
        "heading": 222,
        "destination": "LKCMB>CAHAL",
        "last_position_epoch": 1764974220,
        "last_position_UTC": "2025-12-05T22:37:00Z"
      },
      {
        "lat": -20.979849,
        "lon": 51.978233,
        "speed": 16.2,
        "course": 222,
        "heading": 222,
        "destination": "LKCMB>CAHAL",
        "last_position_epoch": 1764972240,
        "last_position_UTC": "2025-12-05T22:04:00Z"
      },
      {
        "lat": -20.878309,
        "lon": 52.077694,
        "speed": 16.2,
        "course": 223,
        "heading": 222,
        "destination": "LKCMB>CAHAL",
        "last_position_epoch": 1764970560,
        "last_position_UTC": "2025-12-05T21:36:00Z"
      },
      {
        "lat": -20.785774,
        "lon": 52.169041,
        "speed": 16.1,
        "course": 223,
        "heading": 222,
        "destination": "LKCMB>CAHAL",
        "last_position_epoch": 1764968700,
        "last_position_UTC": "2025-12-05T21:05:00Z"
      },
      {
        "lat": -20.673929,
        "lon": 52.283527,
        "speed": 16.6,
        "course": 223,
        "heading": 222,
        "destination": "LKCMB>CAHAL",
        "last_position_epoch": 1764966840,
        "last_position_UTC": "2025-12-05T20:34:00Z"
      },
      {
        "lat": -20.589783,
        "lon": 52.370003,
        "speed": 16.7,
        "course": 223,
        "heading": 222,
        "destination": "LKCMB>CAHAL",
        "last_position_epoch": 1764965160,
        "last_position_UTC": "2025-12-05T20:06:00Z"
      },
      {
        "lat": -20.468603,
        "lon": 52.498615,
        "speed": 16.7,
        "course": 226,
        "heading": 225,
        "destination": "LKCMB>CAHAL",
        "last_position_epoch": 1764963240,
        "last_position_UTC": "2025-12-05T19:34:00Z"
      },
      {
        "lat": -20.385702,
        "lon": 52.590462,
        "speed": 16.7,
        "course": 226,
        "heading": 225,
        "destination": "LKCMB>CAHAL",
        "last_position_epoch": 1764961500,
        "last_position_UTC": "2025-12-05T19:05:00Z"
      },
      {
        "lat": -20.278521,
        "lon": 52.708046,
        "speed": 17.2,
        "course": 226,
        "heading": 227,
        "destination": "LKCMB>CAHAL",
        "last_position_epoch": 1764959640,
        "last_position_UTC": "2025-12-05T18:34:00Z"
      },
      {
        "lat": -20.193552,
        "lon": 52.803108,
        "speed": 17.7,
        "course": 226,
        "heading": 227,
        "destination": "LKCMB>CAHAL",
        "last_position_epoch": 1764957960,
        "last_position_UTC": "2025-12-05T18:06:00Z"
      },
      {
        "lat": -20.066429,
        "lon": 52.942741,
        "speed": 17.8,
        "course": 225,
        "heading": 227,
        "destination": "LKCMB>CAHAL",
        "last_position_epoch": 1764956160,
        "last_position_UTC": "2025-12-05T17:36:00Z"
      },
      {
        "lat": -19.92568,
        "lon": 53.083645,
        "speed": 17.5,
        "course": 222,
        "heading": 224,
        "destination": "LKCMB>CAHAL",
        "last_position_epoch": 1764953400,
        "last_position_UTC": "2025-12-05T16:50:00Z"
      },
      {
        "lat": -17.875254,
        "lon": 55.131748,
        "speed": 17.2,
        "course": 223,
        "heading": null,
        "destination": "LKCMB>CAHAL",
        "last_position_epoch": 1764918060,
        "last_position_UTC": "2025-12-05T07:01:00Z"
      },
      {
        "lat": -17.772688,
        "lon": 55.233086,
        "speed": 17.2,
        "course": 223,
        "heading": null,
        "destination": "LKCMB>CAHAL",
        "last_position_epoch": 1764916260,
        "last_position_UTC": "2025-12-05T06:31:00Z"
      },
      {
        "lat": -17.703608,
        "lon": 55.299305,
        "speed": 17.2,
        "course": 221,
        "heading": 220,
        "destination": "LKCMB>CAHAL",
        "last_position_epoch": 1764914940,
        "last_position_UTC": "2025-12-05T06:09:00Z"
      },
      {
        "lat": -17.561426,
        "lon": 55.433681,
        "speed": 17.2,
        "course": 223,
        "heading": 220,
        "destination": "LKCMB>CAHAL",
        "last_position_epoch": 1764912840,
        "last_position_UTC": "2025-12-05T05:34:00Z"
      },
      {
        "lat": -17.492096,
        "lon": 55.500641,
        "speed": 16.7,
        "course": 222,
        "heading": 219,
        "destination": "LKCMB>CAHAL",
        "last_position_epoch": 1764911340,
        "last_position_UTC": "2025-12-05T05:09:00Z"
      },
      {
        "lat": -17.347076,
        "lon": 55.630821,
        "speed": 17.3,
        "course": 220,
        "heading": 219,
        "destination": "LKCMB>CAHAL",
        "last_position_epoch": 1764909000,
        "last_position_UTC": "2025-12-05T04:30:00Z"
      },
      {
        "lat": -17.273222,
        "lon": 55.698467,
        "speed": 17.3,
        "course": 221,
        "heading": 219,
        "destination": "LKCMB>CAHAL",
        "last_position_epoch": 1764907380,
        "last_position_UTC": "2025-12-05T04:03:00Z"
      },
      {
        "lat": -17.150616,
        "lon": 55.821884,
        "speed": 17.3,
        "course": 226,
        "heading": 223,
        "destination": "LKCMB>CAHAL",
        "last_position_epoch": 1764905700,
        "last_position_UTC": "2025-12-05T03:35:00Z"
      },
      {
        "lat": -17.020624,
        "lon": 55.960567,
        "speed": 17.2,
        "course": 226,
        "heading": 224,
        "destination": "LKCMB>CAHAL",
        "last_position_epoch": 1764903600,
        "last_position_UTC": "2025-12-05T03:00:00Z"
      },
      {
        "lat": -1.8824567,
        "lon": 72.570557,
        "speed": 16.7,
        "course": 225,
        "heading": null,
        "destination": "LKCMB>CAHAL",
        "last_position_epoch": 1764624420,
        "last_position_UTC": "2025-12-01T21:27:00Z"
      },
      {
        "lat": -1.7846817,
        "lon": 72.669884,
        "speed": 16.7,
        "course": 225,
        "heading": null,
        "destination": "LKCMB>CAHAL",
        "last_position_epoch": 1764622740,
        "last_position_UTC": "2025-12-01T20:59:00Z"
      },
      {
        "lat": -1.655805,
        "lon": 72.804054,
        "speed": 16.6,
        "course": 227,
        "heading": null,
        "destination": "LKCMB>CAHAL",
        "last_position_epoch": 1764620700,
        "last_position_UTC": "2025-12-01T20:25:00Z"
      },
      {
        "lat": -0.76598835,
        "lon": 73.739006,
        "speed": 15.8,
        "course": 226,
        "heading": 228,
        "destination": "LKCMB>CAHAL",
        "last_position_epoch": 1764603000,
        "last_position_UTC": "2025-12-01T15:30:00Z"
      },
      {
        "lat": -0.68111831,
        "lon": 73.828522,
        "speed": 15.3,
        "course": 226,
        "heading": 228,
        "destination": "LKCMB>CAHAL",
        "last_position_epoch": 1764601380,
        "last_position_UTC": "2025-12-01T15:03:00Z"
      },
      {
        "lat": -0.57108331,
        "lon": 73.94136,
        "speed": 15.6,
        "course": 224,
        "heading": 228,
        "destination": "LKCMB>CAHAL",
        "last_position_epoch": 1764599520,
        "last_position_UTC": "2025-12-01T14:32:00Z"
      },
      {
        "lat": -0.49731001,
        "lon": 74.012825,
        "speed": 15.8,
        "course": 224,
        "heading": 228,
        "destination": "LKCMB>CAHAL",
        "last_position_epoch": 1764597780,
        "last_position_UTC": "2025-12-01T14:03:00Z"
      },
      {
        "lat": -0.40077001,
        "lon": 74.113922,
        "speed": 15.8,
        "course": 231,
        "heading": 234,
        "destination": "LKCMB>CAHAL",
        "last_position_epoch": 1764595980,
        "last_position_UTC": "2025-12-01T13:33:00Z"
      },
      {
        "lat": -0.31380334,
        "lon": 74.217476,
        "speed": 16.1,
        "course": 225,
        "heading": 228,
        "destination": "LKCMB>CAHAL",
        "last_position_epoch": 1764594240,
        "last_position_UTC": "2025-12-01T13:04:00Z"
      },
      {
        "lat": -0.19747999,
        "lon": 74.331444,
        "speed": 15.6,
        "course": 224,
        "heading": 228,
        "destination": "LKCMB>CAHAL",
        "last_position_epoch": 1764592140,
        "last_position_UTC": "2025-12-01T12:29:00Z"
      },
      {
        "lat": 5.8635802,
        "lon": 79.056015,
        "speed": 16.2,
        "course": 190,
        "heading": null,
        "destination": "LKCMB>CAHAL",
        "last_position_epoch": 1764489000,
        "last_position_UTC": "2025-11-30T07:50:00Z"
      },
      {
        "lat": 6.0125084,
        "lon": 79.101402,
        "speed": 16.2,
        "course": 199,
        "heading": null,
        "destination": "LKCMB>CAHAL",
        "last_position_epoch": 1764487200,
        "last_position_UTC": "2025-11-30T07:20:00Z"
      },
      {
        "lat": 6.0824833,
        "lon": 79.130966,
        "speed": 16.3,
        "course": 216,
        "heading": 213,
        "destination": "LKCMB>CAHAL",
        "last_position_epoch": 1764485700,
        "last_position_UTC": "2025-11-30T06:55:00Z"
      },
      {
        "lat": 6.1826515,
        "lon": 79.216316,
        "speed": 16.7,
        "course": 215,
        "heading": 215,
        "destination": "LKCMB>CAHAL",
        "last_position_epoch": 1764484140,
        "last_position_UTC": "2025-11-30T06:29:00Z"
      },
      {
        "lat": 6.3492565,
        "lon": 79.309746,
        "speed": 16.7,
        "course": 210,
        "heading": 210,
        "destination": "LKCMB>CAHAL",
        "last_position_epoch": 1764481620,
        "last_position_UTC": "2025-11-30T05:47:00Z"
      },
      {
        "lat": 6.4579568,
        "lon": 79.369583,
        "speed": 16.5,
        "course": 206,
        "heading": 205,
        "destination": "LKCMB>CAHAL",
        "last_position_epoch": 1764480420,
        "last_position_UTC": "2025-11-30T05:27:00Z"
      },
      {
        "lat": 6.5847883,
        "lon": 79.432541,
        "speed": 16.2,
        "course": 208,
        "heading": 205,
        "destination": "LKCMB>CAHAL",
        "last_position_epoch": 1764478800,
        "last_position_UTC": "2025-11-30T05:00:00Z"
      },
      {
        "lat": 6.6653848,
        "lon": 79.477646,
        "speed": 16.3,
        "course": 209,
        "heading": 208,
        "destination": "LKCMB>CAHAL",
        "last_position_epoch": 1764477120,
        "last_position_UTC": "2025-11-30T04:32:00Z"
      },
      {
        "lat": 6.7818651,
        "lon": 79.543808,
        "speed": 15.1,
        "course": 210,
        "heading": 207,
        "destination": "LKCMB>CAHAL",
        "last_position_epoch": 1764475500,
        "last_position_UTC": "2025-11-30T04:05:00Z"
      },
      {
        "lat": 6.8675919,
        "lon": 79.603943,
        "speed": 15.5,
        "course": 227,
        "heading": 224,
        "destination": "LKCMB>CAHAL",
        "last_position_epoch": 1764473820,
        "last_position_UTC": "2025-11-30T03:37:00Z"
      },
      {
        "lat": 6.9597216,
        "lon": 79.677612,
        "speed": 14.6,
        "course": 212,
        "heading": 211,
        "destination": "LKCMB>CAHAL",
        "last_position_epoch": 1764472140,
        "last_position_UTC": "2025-11-30T03:09:00Z"
      },
      {
        "lat": 7.0086117,
        "lon": 79.773499,
        "speed": 12.6,
        "course": 266,
        "heading": 262,
        "destination": "LKCMB>CAHAL",
        "last_position_epoch": 1764470220,
        "last_position_UTC": "2025-11-30T02:37:00Z"
      },
      {
        "lat": 6.9615598,
        "lon": 79.834541,
        "speed": 5.9,
        "course": 3,
        "heading": 5,
        "destination": "LKCMB>CAHAL",
        "last_position_epoch": 1764468420,
        "last_position_UTC": "2025-11-30T02:07:00Z"
      },
      {
        "lat": 6.9483199,
        "lon": 79.832245,
        "speed": 0.8,
        "course": 348,
        "heading": 271,
        "destination": "LKCMB>CAHAL",
        "last_position_epoch": 1764466740,
        "last_position_UTC": "2025-11-30T01:39:00Z"
      },
      {
        "lat": 6.9461164,
        "lon": 79.832535,
        "speed": 0.1,
        "course": 238,
        "heading": 270,
        "destination": "LKCMB>CAHAL",
        "last_position_epoch": 1764464700,
        "last_position_UTC": "2025-11-30T01:05:00Z"
      },
      {
        "lat": 6.9461184,
        "lon": 79.83255,
        "speed": 0,
        "course": 210,
        "heading": 270,
        "destination": "LKCMB>CAHAL",
        "last_position_epoch": 1764463140,
        "last_position_UTC": "2025-11-30T00:39:00Z"
      },
      {
        "lat": 6.9461083,
        "lon": 79.83255,
        "speed": 0,
        "course": 144,
        "heading": 270,
        "destination": "LKCMB>CAHAL",
        "last_position_epoch": 1764461460,
        "last_position_UTC": "2025-11-30T00:11:00Z"
      },
      {
        "lat": 6.9461198,
        "lon": 79.832535,
        "speed": 0.1,
        "course": 83,
        "heading": 270,
        "destination": "LKCMB>CAHAL",
        "last_position_epoch": 1764459300,
        "last_position_UTC": "2025-11-29T23:35:00Z"
      },
      {
        "lat": 6.9461098,
        "lon": 79.832542,
        "speed": 0,
        "course": 76,
        "heading": 270,
        "destination": "LKCMB>CAHAL",
        "last_position_epoch": 1764457560,
        "last_position_UTC": "2025-11-29T23:06:00Z"
      },
      {
        "lat": 6.9460835,
        "lon": 79.832535,
        "speed": 0.4,
        "course": 164,
        "heading": 270,
        "destination": "LKCMB>CAHAL",
        "last_position_epoch": 1764455520,
        "last_position_UTC": "2025-11-29T22:32:00Z"
      },
      {
        "lat": 6.9461184,
        "lon": 79.832535,
        "speed": 0.1,
        "course": 141,
        "heading": 270,
        "destination": "LKCMB>CAHAL",
        "last_position_epoch": 1764453780,
        "last_position_UTC": "2025-11-29T22:03:00Z"
      },
      {
        "lat": 6.946085,
        "lon": 79.832573,
        "speed": 0.1,
        "course": 153,
        "heading": 270,
        "destination": "LKCMB>CAHAL",
        "last_position_epoch": 1764451920,
        "last_position_UTC": "2025-11-29T21:32:00Z"
      },
      {
        "lat": 6.9461231,
        "lon": 79.832527,
        "speed": 0,
        "course": 141,
        "heading": 270,
        "destination": "LKCMB>CAHAL",
        "last_position_epoch": 1764450120,
        "last_position_UTC": "2025-11-29T21:02:00Z"
      },
      {
        "lat": 6.9461002,
        "lon": 79.832565,
        "speed": 0,
        "course": 242,
        "heading": 270,
        "destination": "HALIFAX",
        "last_position_epoch": 1764448320,
        "last_position_UTC": "2025-11-29T20:32:00Z"
      },
      {
        "lat": 6.9461031,
        "lon": 79.832535,
        "speed": 0,
        "course": 134,
        "heading": 270,
        "destination": "HALIFAX",
        "last_position_epoch": 1764446460,
        "last_position_UTC": "2025-11-29T20:01:00Z"
      },
      {
        "lat": 6.9460869,
        "lon": 79.83255,
        "speed": 0,
        "course": 109,
        "heading": 270,
        "destination": "HALIFAX",
        "last_position_epoch": 1764444600,
        "last_position_UTC": "2025-11-29T19:30:00Z"
      },
      {
        "lat": 6.9461164,
        "lon": 79.832497,
        "speed": 0,
        "course": 21,
        "heading": 270,
        "destination": "HALIFAX",
        "last_position_epoch": 1764442920,
        "last_position_UTC": "2025-11-29T19:02:00Z"
      },
      {
        "lat": 6.9460883,
        "lon": 79.832512,
        "speed": 0.1,
        "course": 170,
        "heading": 270,
        "destination": "HALIFAX",
        "last_position_epoch": 1764441120,
        "last_position_UTC": "2025-11-29T18:32:00Z"
      },
      {
        "lat": 6.9460635,
        "lon": 79.832619,
        "speed": 0,
        "course": 353,
        "heading": 270,
        "destination": "HALIFAX",
        "last_position_epoch": 1764439260,
        "last_position_UTC": "2025-11-29T18:01:00Z"
      },
      {
        "lat": 6.9460769,
        "lon": 79.832588,
        "speed": 0,
        "course": 218,
        "heading": 270,
        "destination": "HALIFAX",
        "last_position_epoch": 1764437580,
        "last_position_UTC": "2025-11-29T17:33:00Z"
      },
      {
        "lat": 6.9460702,
        "lon": 79.832626,
        "speed": 0.1,
        "course": 74,
        "heading": 270,
        "destination": "HALIFAX",
        "last_position_epoch": 1764435780,
        "last_position_UTC": "2025-11-29T17:03:00Z"
      },
      {
        "lat": 6.9461651,
        "lon": 79.832558,
        "speed": 0.1,
        "course": 20,
        "heading": 270,
        "destination": "HALIFAX",
        "last_position_epoch": 1764433860,
        "last_position_UTC": "2025-11-29T16:31:00Z"
      },
      {
        "lat": 6.9461184,
        "lon": 79.832535,
        "speed": 0,
        "course": 337,
        "heading": 270,
        "destination": "COLOMBO",
        "last_position_epoch": 1764432060,
        "last_position_UTC": "2025-11-29T16:01:00Z"
      },
      {
        "lat": 6.9460983,
        "lon": 79.832527,
        "speed": 0.1,
        "course": 82,
        "heading": 270,
        "destination": "COLOMBO",
        "last_position_epoch": 1764430200,
        "last_position_UTC": "2025-11-29T15:30:00Z"
      },
      {
        "lat": 6.946115,
        "lon": 79.832573,
        "speed": 0.1,
        "course": 55,
        "heading": 270,
        "destination": "COLOMBO",
        "last_position_epoch": 1764428280,
        "last_position_UTC": "2025-11-29T14:58:00Z"
      },
      {
        "lat": 6.946115,
        "lon": 79.832542,
        "speed": 0.1,
        "course": 65,
        "heading": 270,
        "destination": "COLOMBO",
        "last_position_epoch": 1764426720,
        "last_position_UTC": "2025-11-29T14:32:00Z"
      }
    ]
  },
  "meta": {
    "duration": 0.010427971,
    "endpoint": "/api/v0/vessel_history",
    "success": true
  }
}