{
  "data": {
    "uuid": "9bbab25f-bec0-e6a4-5062-7dbb84b68922",
    "name": "XIN HAI XIU",
    "mmsi": "412373880",
    "imo": "9431484",
    "eni": null,
    "country_iso": "CN",
    "type": "Cargo",
    "type_specific": "Container Ship",
    "positions": [
      {
        "lat": 24.455563333333334,
        "lon": 117.96664,
        "speed": 0.1,
        "course": 267.9,
        "heading": 282,
        "destination": "CN XMN",
        "last_position_epoch": 1765029978,
        "last_position_UTC": "2025-12-06T14:06:18Z"
      },
      {
        "lat": 24.455563,
        "lon": 117.96658,
        "speed": 0,
        "course": 35,
        "heading": 282,
        "destination": "CN XMN",
        "last_position_epoch": 1765021680,
        "last_position_UTC": "2025-12-06T11:48:00Z"
      },
      {
        "lat": 24.455566,
        "lon": 117.9666,
        "speed": 1.7,
        "course": 298,
        "heading": 282,
        "destination": "CN XMN",
        "last_position_epoch": 1765020180,
        "last_position_UTC": "2025-12-06T11:23:00Z"
      },
      {
        "lat": 24.455,
        "lon": 117.965,
        "speed": 0,
        "course": 35,
        "heading": 282,
        "destination": "CN XMN",
        "last_position_epoch": 1765018140,
        "last_position_UTC": "2025-12-06T10:49:00Z"
      },
      {
        "lat": 24.455128,
        "lon": 117.96668,
        "speed": 0.3,
        "course": 11,
        "heading": 296,
        "destination": "CN XMN",
        "last_position_epoch": 1765016220,
        "last_position_UTC": "2025-12-06T10:17:00Z"
      },
      {
        "lat": 24.434151666666665,
        "lon": 118.04222666666666,
        "speed": 10.5,
        "course": 285.3,
        "heading": 285,
        "destination": "CN XMN",
        "last_position_epoch": 1765013996,
        "last_position_UTC": "2025-12-06T09:39:56Z"
      },
      {
        "lat": 24.392631666666666,
        "lon": 118.11406666666667,
        "speed": 10.1,
        "course": 317.5,
        "heading": 317,
        "destination": "CN XMN",
        "last_position_epoch": 1765012375,
        "last_position_UTC": "2025-12-06T09:12:55Z"
      },
      {
        "lat": 24.352608333333333,
        "lon": 118.19897333333333,
        "speed": 11.2,
        "course": 279.1,
        "heading": 281,
        "destination": "CN XMN",
        "last_position_epoch": 1765010556,
        "last_position_UTC": "2025-12-06T08:42:36Z"
      },
      {
        "lat": 24.335315,
        "lon": 118.31734666666667,
        "speed": 11.8,
        "course": 280,
        "heading": 282,
        "destination": "CN XMN",
        "last_position_epoch": 1765008475,
        "last_position_UTC": "2025-12-06T08:07:55Z"
      },
      {
        "lat": 24.331526666666665,
        "lon": 118.39105333333333,
        "speed": 12.3,
        "course": 271.4,
        "heading": 274,
        "destination": "CN XMN",
        "last_position_epoch": 1765006666,
        "last_position_UTC": "2025-12-06T07:37:46Z"
      },
      {
        "lat": 24.360656666666667,
        "lon": 118.50298666666667,
        "speed": 13.3,
        "course": 240.8,
        "heading": 242,
        "destination": "CN XMN",
        "last_position_epoch": 1765004865,
        "last_position_UTC": "2025-12-06T07:07:45Z"
      },
      {
        "lat": 24.470223333333333,
        "lon": 118.62137333333334,
        "speed": 13.3,
        "course": 225.3,
        "heading": 224,
        "destination": "CN QZJ",
        "last_position_epoch": 1765002340,
        "last_position_UTC": "2025-12-06T06:25:40Z"
      },
      {
        "lat": 24.719309,
        "lon": 118.74226,
        "speed": 0.6,
        "course": 14,
        "heading": 30,
        "destination": "CN QZJ",
        "last_position_epoch": 1764996840,
        "last_position_UTC": "2025-12-06T04:54:00Z"
      },
      {
        "lat": 24.719141,
        "lon": 118.74317,
        "speed": 0.1,
        "course": 279,
        "heading": 44,
        "destination": "CN QZJ",
        "last_position_epoch": 1764995040,
        "last_position_UTC": "2025-12-06T04:24:00Z"
      },
      {
        "lat": 24.719151,
        "lon": 118.74317,
        "speed": 0.4,
        "course": 279,
        "heading": 45,
        "destination": "CN QZJ",
        "last_position_epoch": 1764982200,
        "last_position_UTC": "2025-12-06T00:50:00Z"
      },
      {
        "lat": 24.719151,
        "lon": 118.74315,
        "speed": 0,
        "course": 279,
        "heading": 44,
        "destination": "CN QZJ",
        "last_position_epoch": 1764980340,
        "last_position_UTC": "2025-12-06T00:19:00Z"
      },
      {
        "lat": 24.719162,
        "lon": 118.74313,
        "speed": 0,
        "course": 279,
        "heading": 44,
        "destination": "CN QZJ",
        "last_position_epoch": 1764978480,
        "last_position_UTC": "2025-12-05T23:48:00Z"
      },
      {
        "lat": 24.719193,
        "lon": 118.74315,
        "speed": 0,
        "course": 279,
        "heading": 44,
        "destination": "CN QZJ",
        "last_position_epoch": 1764976980,
        "last_position_UTC": "2025-12-05T23:23:00Z"
      },
      {
        "lat": 24.719162,
        "lon": 118.74317,
        "speed": 0,
        "course": 279,
        "heading": 44,
        "destination": "CN QZJ",
        "last_position_epoch": 1764973080,
        "last_position_UTC": "2025-12-05T22:18:00Z"
      },
      {
        "lat": 24.719158,
        "lon": 118.74319,
        "speed": 0.1,
        "course": 279,
        "heading": 44,
        "destination": "CN QZJ",
        "last_position_epoch": 1764971280,
        "last_position_UTC": "2025-12-05T21:48:00Z"
      },
      {
        "lat": 24.719145,
        "lon": 118.74317,
        "speed": 0.1,
        "course": 187,
        "heading": 44,
        "destination": "CN QZJ",
        "last_position_epoch": 1764969720,
        "last_position_UTC": "2025-12-05T21:22:00Z"
      },
      {
        "lat": 24.719158,
        "lon": 118.74319,
        "speed": 0,
        "course": 187,
        "heading": 44,
        "destination": "CN QZJ",
        "last_position_epoch": 1764967620,
        "last_position_UTC": "2025-12-05T20:47:00Z"
      },
      {
        "lat": 24.719179,
        "lon": 118.74317,
        "speed": 0,
        "course": 187,
        "heading": 44,
        "destination": "CN QZJ",
        "last_position_epoch": 1764965940,
        "last_position_UTC": "2025-12-05T20:19:00Z"
      },
      {
        "lat": 24.719193,
        "lon": 118.74319,
        "speed": 0.3,
        "course": 187,
        "heading": 44,
        "destination": "CN QZJ",
        "last_position_epoch": 1764962340,
        "last_position_UTC": "2025-12-05T19:19:00Z"
      },
      {
        "lat": 24.719162,
        "lon": 118.74317,
        "speed": 0.6,
        "course": 60,
        "heading": 44,
        "destination": "CN QZJ",
        "last_position_epoch": 1764957000,
        "last_position_UTC": "2025-12-05T17:50:00Z"
      },
      {
        "lat": 24.719173,
        "lon": 118.74319,
        "speed": 0,
        "course": 187,
        "heading": 44,
        "destination": "CN QZJ",
        "last_position_epoch": 1764955200,
        "last_position_UTC": "2025-12-05T17:20:00Z"
      },
      {
        "lat": 24.719162,
        "lon": 118.74317,
        "speed": 0.6,
        "course": 187,
        "heading": 44,
        "destination": "CN QZJ",
        "last_position_epoch": 1764953460,
        "last_position_UTC": "2025-12-05T16:51:00Z"
      },
      {
        "lat": 24.719193,
        "lon": 118.74317,
        "speed": 0,
        "course": 187,
        "heading": 44,
        "destination": "CN QZJ",
        "last_position_epoch": 1764951540,
        "last_position_UTC": "2025-12-05T16:19:00Z"
      },
      {
        "lat": 24.719137,
        "lon": 118.74313,
        "speed": 0.1,
        "course": 187,
        "heading": 45,
        "destination": "CN QZJ",
        "last_position_epoch": 1764947820,
        "last_position_UTC": "2025-12-05T15:17:00Z"
      },
      {
        "lat": 24.722109,
        "lon": 118.74342,
        "speed": 1.5,
        "course": 221,
        "heading": 203,
        "destination": "CN QZJ",
        "last_position_epoch": 1764946440,
        "last_position_UTC": "2025-12-05T14:54:00Z"
      },
      {
        "lat": 24.356218333333334,
        "lon": 118.48725333333333,
        "speed": 10.6,
        "course": 55.7,
        "heading": 58,
        "destination": "CN QZJ",
        "last_position_epoch": 1764933488,
        "last_position_UTC": "2025-12-05T11:18:08Z"
      },
      {
        "lat": 24.34996,
        "lon": 118.47696,
        "speed": 10.7,
        "course": 57.7,
        "heading": 58,
        "destination": "CN QZJ",
        "last_position_epoch": 1764932886,
        "last_position_UTC": "2025-12-05T11:08:06Z"
      },
      {
        "lat": 24.32577,
        "lon": 118.41297333333333,
        "speed": 10.1,
        "course": 72.4,
        "heading": 73,
        "destination": "CN QZJ",
        "last_position_epoch": 1764931201,
        "last_position_UTC": "2025-12-05T10:40:01Z"
      },
      {
        "lat": 24.30112,
        "lon": 118.32817333333334,
        "speed": 10.3,
        "course": 74.6,
        "heading": 75,
        "destination": "CN QZJ",
        "last_position_epoch": 1764929567,
        "last_position_UTC": "2025-12-05T10:12:47Z"
      },
      {
        "lat": 24.299585,
        "lon": 118.23293333333334,
        "speed": 10.8,
        "course": 99.1,
        "heading": 96,
        "destination": "CN QZJ",
        "last_position_epoch": 1764927770,
        "last_position_UTC": "2025-12-05T09:42:50Z"
      },
      {
        "lat": 24.369938333333334,
        "lon": 118.132,
        "speed": 13,
        "course": 138.2,
        "heading": 134,
        "destination": "CN QZJ",
        "last_position_epoch": 1764925669,
        "last_position_UTC": "2025-12-05T09:07:49Z"
      },
      {
        "lat": 24.426893333333332,
        "lon": 118.06048,
        "speed": 12.2,
        "course": 124.6,
        "heading": 123,
        "destination": "CN QZJ",
        "last_position_epoch": 1764924171,
        "last_position_UTC": "2025-12-05T08:42:51Z"
      },
      {
        "lat": 24.453031666666668,
        "lon": 117.97024,
        "speed": 5.4,
        "course": 105.5,
        "heading": 111,
        "destination": "CN QZJ",
        "last_position_epoch": 1764922360,
        "last_position_UTC": "2025-12-05T08:12:40Z"
      },
      {
        "lat": 24.455888333333334,
        "lon": 117.96572,
        "speed": 0,
        "course": 344.1,
        "heading": 102,
        "destination": "CN QZJ",
        "last_position_epoch": 1764920281,
        "last_position_UTC": "2025-12-05T07:38:01Z"
      },
      {
        "lat": 24.455868333333335,
        "lon": 117.96572,
        "speed": 0,
        "course": 344.1,
        "heading": 102,
        "destination": "CN QZJ",
        "last_position_epoch": 1764918776,
        "last_position_UTC": "2025-12-05T07:12:56Z"
      },
      {
        "lat": 24.455888333333334,
        "lon": 117.96576,
        "speed": 0.1,
        "course": 344.1,
        "heading": 102,
        "destination": "CN QZJ",
        "last_position_epoch": 1764916803,
        "last_position_UTC": "2025-12-05T06:40:03Z"
      },
      {
        "lat": 24.45588,
        "lon": 117.96564,
        "speed": 0,
        "course": 344.1,
        "heading": 102,
        "destination": "CN QZJ",
        "last_position_epoch": 1764914777,
        "last_position_UTC": "2025-12-05T06:06:17Z"
      },
      {
        "lat": 24.455973333333333,
        "lon": 117.96564,
        "speed": 0,
        "course": 258,
        "heading": 102,
        "destination": "CN QZJ",
        "last_position_epoch": 1764913226,
        "last_position_UTC": "2025-12-05T05:40:26Z"
      },
      {
        "lat": 24.455945,
        "lon": 117.96566666666666,
        "speed": 0.1,
        "course": 258,
        "heading": 102,
        "destination": "CN QZJ",
        "last_position_epoch": 1764911125,
        "last_position_UTC": "2025-12-05T05:05:25Z"
      },
      {
        "lat": 24.455958333333335,
        "lon": 117.96568,
        "speed": 0.6,
        "course": 258,
        "heading": 102,
        "destination": "CN QZJ",
        "last_position_epoch": 1764909439,
        "last_position_UTC": "2025-12-05T04:37:19Z"
      },
      {
        "lat": 24.455631666666665,
        "lon": 117.96566666666666,
        "speed": 0.1,
        "course": 258,
        "heading": 102,
        "destination": "CN QZJ",
        "last_position_epoch": 1764907671,
        "last_position_UTC": "2025-12-05T04:07:51Z"
      },
      {
        "lat": 24.455908333333333,
        "lon": 117.96574666666666,
        "speed": 0,
        "course": 190.2,
        "heading": 102,
        "destination": "CN QZJ",
        "last_position_epoch": 1764905984,
        "last_position_UTC": "2025-12-05T03:39:44Z"
      },
      {
        "lat": 24.455863333333333,
        "lon": 117.96569333333333,
        "speed": 0,
        "course": 190.2,
        "heading": 102,
        "destination": "CN QZJ",
        "last_position_epoch": 1764904185,
        "last_position_UTC": "2025-12-05T03:09:45Z"
      },
      {
        "lat": 24.455843333333334,
        "lon": 117.9656,
        "speed": 0,
        "course": 190.2,
        "heading": 102,
        "destination": "CN QZJ",
        "last_position_epoch": 1764902475,
        "last_position_UTC": "2025-12-05T02:41:15Z"
      },
      {
        "lat": 24.455835,
        "lon": 117.96572,
        "speed": 0,
        "course": 190.2,
        "heading": 102,
        "destination": "CN QZJ",
        "last_position_epoch": 1764900759,
        "last_position_UTC": "2025-12-05T02:12:39Z"
      },
      {
        "lat": 24.45586,
        "lon": 117.96570666666666,
        "speed": 0,
        "course": 193.8,
        "heading": 102,
        "destination": "CN QZJ",
        "last_position_epoch": 1764898781,
        "last_position_UTC": "2025-12-05T01:39:41Z"
      },
      {
        "lat": 24.455835,
        "lon": 117.96572,
        "speed": 0,
        "course": 193.8,
        "heading": 102,
        "destination": "CN QZJ",
        "last_position_epoch": 1764896874,
        "last_position_UTC": "2025-12-05T01:07:54Z"
      },
      {
        "lat": 24.455876666666665,
        "lon": 117.96568,
        "speed": 0.4,
        "course": 193.8,
        "heading": 102,
        "destination": "CN QZJ",
        "last_position_epoch": 1764895336,
        "last_position_UTC": "2025-12-05T00:42:16Z"
      },
      {
        "lat": 24.45583166666667,
        "lon": 117.96568,
        "speed": 0,
        "course": 193.8,
        "heading": 102,
        "destination": "CN QZJ",
        "last_position_epoch": 1764893515,
        "last_position_UTC": "2025-12-05T00:11:55Z"
      },
      {
        "lat": 24.455835,
        "lon": 117.96568,
        "speed": 0,
        "course": 193.8,
        "heading": 102,
        "destination": "CN QZJ",
        "last_position_epoch": 1764891718,
        "last_position_UTC": "2025-12-04T23:41:58Z"
      },
      {
        "lat": 24.45586,
        "lon": 117.96568,
        "speed": 0.2,
        "course": 34.5,
        "heading": 102,
        "destination": "CN QZJ",
        "last_position_epoch": 1764889915,
        "last_position_UTC": "2025-12-04T23:11:55Z"
      },
      {
        "lat": 24.455835,
        "lon": 117.96566666666666,
        "speed": 0,
        "course": 34.5,
        "heading": 102,
        "destination": "CN QZJ",
        "last_position_epoch": 1764888117,
        "last_position_UTC": "2025-12-04T22:41:57Z"
      },
      {
        "lat": 24.455856666666666,
        "lon": 117.96570666666666,
        "speed": 0,
        "course": 34.5,
        "heading": 102,
        "destination": "CN COZ",
        "last_position_epoch": 1764886026,
        "last_position_UTC": "2025-12-04T22:07:06Z"
      },
      {
        "lat": 24.455856666666666,
        "lon": 117.96572,
        "speed": 0,
        "course": 34.5,
        "heading": 102,
        "destination": "CN COZ",
        "last_position_epoch": 1764884459,
        "last_position_UTC": "2025-12-04T21:40:59Z"
      },
      {
        "lat": 24.455835,
        "lon": 117.96577333333333,
        "speed": 0.2,
        "course": 34.5,
        "heading": 102,
        "destination": "CN COZ",
        "last_position_epoch": 1764882387,
        "last_position_UTC": "2025-12-04T21:06:27Z"
      },
      {
        "lat": 24.455811666666666,
        "lon": 117.96577333333333,
        "speed": 0,
        "course": 34.5,
        "heading": 102,
        "destination": "CN COZ",
        "last_position_epoch": 1764880933,
        "last_position_UTC": "2025-12-04T20:42:13Z"
      },
      {
        "lat": 24.455851666666668,
        "lon": 117.96570666666666,
        "speed": 0.3,
        "course": 34.5,
        "heading": 102,
        "destination": "CN COZ",
        "last_position_epoch": 1764878833,
        "last_position_UTC": "2025-12-04T20:07:13Z"
      },
      {
        "lat": 24.45586,
        "lon": 117.96569333333333,
        "speed": 0.1,
        "course": 34.5,
        "heading": 102,
        "destination": "CN COZ",
        "last_position_epoch": 1764877244,
        "last_position_UTC": "2025-12-04T19:40:44Z"
      },
      {
        "lat": 24.45579,
        "lon": 117.96568,
        "speed": 0.6,
        "course": 34.5,
        "heading": 102,
        "destination": "CN COZ",
        "last_position_epoch": 1764875273,
        "last_position_UTC": "2025-12-04T19:07:53Z"
      },
      {
        "lat": 24.455851666666668,
        "lon": 117.96572,
        "speed": 0,
        "course": 34.5,
        "heading": 102,
        "destination": "CN COZ",
        "last_position_epoch": 1764873056,
        "last_position_UTC": "2025-12-04T18:30:56Z"
      },
      {
        "lat": 24.45584,
        "lon": 117.96570666666666,
        "speed": 0,
        "course": 34.5,
        "heading": 102,
        "destination": "CN COZ",
        "last_position_epoch": 1764871614,
        "last_position_UTC": "2025-12-04T18:06:54Z"
      },
      {
        "lat": 24.455856666666666,
        "lon": 117.96568,
        "speed": 0.2,
        "course": 34.5,
        "heading": 102,
        "destination": "CN COZ",
        "last_position_epoch": 1764869995,
        "last_position_UTC": "2025-12-04T17:39:55Z"
      },
      {
        "lat": 24.455856666666666,
        "lon": 117.96570666666666,
        "speed": 0,
        "course": 34.5,
        "heading": 102,
        "destination": "CN COZ",
        "last_position_epoch": 1764868374,
        "last_position_UTC": "2025-12-04T17:12:54Z"
      },
      {
        "lat": 24.455848333333332,
        "lon": 117.96570666666666,
        "speed": 0,
        "course": 34.5,
        "heading": 102,
        "destination": "CN COZ",
        "last_position_epoch": 1764866213,
        "last_position_UTC": "2025-12-04T16:36:53Z"
      },
      {
        "lat": 24.455848333333332,
        "lon": 117.96572,
        "speed": 0,
        "course": 34.5,
        "heading": 102,
        "destination": "CN COZ",
        "last_position_epoch": 1764864412,
        "last_position_UTC": "2025-12-04T16:06:52Z"
      },
      {
        "lat": 24.45586,
        "lon": 117.96570666666666,
        "speed": 0,
        "course": 34.5,
        "heading": 102,
        "destination": "CN COZ",
        "last_position_epoch": 1764862793,
        "last_position_UTC": "2025-12-04T15:39:53Z"
      },
      {
        "lat": 24.455848333333332,
        "lon": 117.96570666666666,
        "speed": 0,
        "course": 34.5,
        "heading": 102,
        "destination": "CN COZ",
        "last_position_epoch": 1764860812,
        "last_position_UTC": "2025-12-04T15:06:52Z"
      },
      {
        "lat": 24.455826666666667,
        "lon": 117.96572,
        "speed": 0,
        "course": 34.5,
        "heading": 102,
        "destination": "CN COZ",
        "last_position_epoch": 1764859031,
        "last_position_UTC": "2025-12-04T14:37:11Z"
      },
      {
        "lat": 24.45584,
        "lon": 117.96574666666666,
        "speed": 0,
        "course": 34.5,
        "heading": 102,
        "destination": "CN COZ",
        "last_position_epoch": 1764857411,
        "last_position_UTC": "2025-12-04T14:10:11Z"
      },
      {
        "lat": 24.454465,
        "lon": 117.96548,
        "speed": 0.1,
        "course": 283.1,
        "heading": 64,
        "destination": "CN COZ",
        "last_position_epoch": 1764855430,
        "last_position_UTC": "2025-12-04T13:37:10Z"
      },
      {
        "lat": 24.447188333333333,
        "lon": 117.98444,
        "speed": 3.4,
        "course": 278.4,
        "heading": 284,
        "destination": "CN COZ",
        "last_position_epoch": 1764853816,
        "last_position_UTC": "2025-12-04T13:10:16Z"
      },
      {
        "lat": 24.435055,
        "lon": 118.03642666666667,
        "speed": 8.1,
        "course": 284.5,
        "heading": 287,
        "destination": "CN COZ",
        "last_position_epoch": 1764852010,
        "last_position_UTC": "2025-12-04T12:40:10Z"
      },
      {
        "lat": 24.399305,
        "lon": 118.10737333333333,
        "speed": 10,
        "course": 313,
        "heading": 317,
        "destination": "CN COZ",
        "last_position_epoch": 1764850212,
        "last_position_UTC": "2025-12-04T12:10:12Z"
      },
      {
        "lat": 24.326148333333332,
        "lon": 118.18477333333334,
        "speed": 9.3,
        "course": 330,
        "heading": 328,
        "destination": "CN COZ",
        "last_position_epoch": 1764847872,
        "last_position_UTC": "2025-12-04T11:31:12Z"
      },
      {
        "lat": 24.27885,
        "lon": 118.18501333333333,
        "speed": 12,
        "course": 358.3,
        "heading": 0,
        "destination": "CN COZ",
        "last_position_epoch": 1764846609,
        "last_position_UTC": "2025-12-04T11:10:09Z"
      },
      {
        "lat": 24.176095,
        "lon": 118.20926666666666,
        "speed": 11.3,
        "course": 5.2,
        "heading": 8,
        "destination": "CN COZ",
        "last_position_epoch": 1764844629,
        "last_position_UTC": "2025-12-04T10:37:09Z"
      },
      {
        "lat": 24.096553333333333,
        "lon": 118.16010666666666,
        "speed": 10.8,
        "course": 30.7,
        "heading": 35,
        "destination": "CN COZ",
        "last_position_epoch": 1764842831,
        "last_position_UTC": "2025-12-04T10:07:11Z"
      },
      {
        "lat": 24.030656666666665,
        "lon": 118.10462666666666,
        "speed": 10.8,
        "course": 37.8,
        "heading": 41,
        "destination": "CN COZ",
        "last_position_epoch": 1764841208,
        "last_position_UTC": "2025-12-04T09:40:08Z"
      },
      {
        "lat": 23.967338333333334,
        "lon": 118.03982666666667,
        "speed": 10.3,
        "course": 42.4,
        "heading": 45,
        "destination": "CN COZ",
        "last_position_epoch": 1764839409,
        "last_position_UTC": "2025-12-04T09:10:09Z"
      },
      {
        "lat": 23.89209,
        "lon": 117.94197333333334,
        "speed": 10,
        "course": 51.5,
        "heading": 53,
        "destination": "CN COZ",
        "last_position_epoch": 1764836888,
        "last_position_UTC": "2025-12-04T08:28:08Z"
      },
      {
        "lat": 23.838468333333335,
        "lon": 117.87692,
        "speed": 9.5,
        "course": 46.5,
        "heading": 48,
        "destination": "CN COZ",
        "last_position_epoch": 1764835091,
        "last_position_UTC": "2025-12-04T07:58:11Z"
      },
      {
        "lat": 23.802833333333332,
        "lon": 117.83234666666667,
        "speed": 9.2,
        "course": 51.4,
        "heading": 50,
        "destination": "CN COZ",
        "last_position_epoch": 1764833827,
        "last_position_UTC": "2025-12-04T07:37:07Z"
      },
      {
        "lat": 23.758281666666665,
        "lon": 117.77728,
        "speed": 9.3,
        "course": 46.1,
        "heading": 47,
        "destination": "CN COZ",
        "last_position_epoch": 1764832209,
        "last_position_UTC": "2025-12-04T07:10:09Z"
      },
      {
        "lat": 23.709835,
        "lon": 117.71045333333333,
        "speed": 7.8,
        "course": 56.1,
        "heading": 54,
        "destination": "CN COZ",
        "last_position_epoch": 1764830230,
        "last_position_UTC": "2025-12-04T06:37:10Z"
      },
      {
        "lat": 23.677385,
        "lon": 117.64812,
        "speed": 8.2,
        "course": 46.9,
        "heading": 53,
        "destination": "CN COZ",
        "last_position_epoch": 1764828427,
        "last_position_UTC": "2025-12-04T06:07:07Z"
      },
      {
        "lat": 23.632451666666668,
        "lon": 117.5952,
        "speed": 7.9,
        "course": 51.3,
        "heading": 48,
        "destination": "CN COZ",
        "last_position_epoch": 1764826629,
        "last_position_UTC": "2025-12-04T05:37:09Z"
      },
      {
        "lat": 23.588701666666665,
        "lon": 117.54062666666667,
        "speed": 7.8,
        "course": 52.2,
        "heading": 52,
        "destination": "CN COZ",
        "last_position_epoch": 1764824828,
        "last_position_UTC": "2025-12-04T05:07:08Z"
      },
      {
        "lat": 23.559018333333334,
        "lon": 117.47818666666667,
        "speed": 7.2,
        "course": 80.5,
        "heading": 73,
        "destination": "CN COZ",
        "last_position_epoch": 1764823028,
        "last_position_UTC": "2025-12-04T04:37:08Z"
      },
      {
        "lat": 23.534126666666666,
        "lon": 117.41368,
        "speed": 7.4,
        "course": 65.3,
        "heading": 61,
        "destination": "CN COZ",
        "last_position_epoch": 1764821230,
        "last_position_UTC": "2025-12-04T04:07:10Z"
      },
      {
        "lat": 23.503263333333333,
        "lon": 117.34888,
        "speed": 7.7,
        "course": 59.6,
        "heading": 65,
        "destination": "CN COZ",
        "last_position_epoch": 1764819429,
        "last_position_UTC": "2025-12-04T03:37:09Z"
      },
      {
        "lat": 23.462378,
        "lon": 117.23873,
        "speed": 7.9,
        "course": 76,
        "heading": 78,
        "destination": "CN XMN",
        "last_position_epoch": 1764817140,
        "last_position_UTC": "2025-12-04T02:59:00Z"
      },
      {
        "lat": 23.487232,
        "lon": 117.15259,
        "speed": 9.3,
        "course": 127,
        "heading": 123,
        "destination": "CN XMN",
        "last_position_epoch": 1764815160,
        "last_position_UTC": "2025-12-04T02:26:00Z"
      },
      {
        "lat": 23.519329,
        "lon": 117.10285,
        "speed": 10.6,
        "course": 140,
        "heading": 134,
        "destination": "CN COZ",
        "last_position_epoch": 1764813480,
        "last_position_UTC": "2025-12-04T01:58:00Z"
      },
      {
        "lat": 23.598894,
        "lon": 116.9896,
        "speed": 4.5,
        "course": 292,
        "heading": 277,
        "destination": "CN COZ",
        "last_position_epoch": 1764752956,
        "last_position_UTC": "2025-12-03T09:09:16Z"
      },
      {
        "lat": 23.526575,
        "lon": 117.09804,
        "speed": 10.3,
        "course": 307,
        "heading": 304,
        "destination": "CN COZ",
        "last_position_epoch": 1764749940,
        "last_position_UTC": "2025-12-03T08:19:00Z"
      },
      {
        "lat": 23.491688,
        "lon": 117.14292,
        "speed": 10.6,
        "course": 310,
        "heading": 311,
        "destination": "CN COZ",
        "last_position_epoch": 1764748620,
        "last_position_UTC": "2025-12-03T07:57:00Z"
      },
      {
        "lat": 23.446115,
        "lon": 117.2412,
        "speed": 11.6,
        "course": 267,
        "heading": 272,
        "destination": "CN COZ",
        "last_position_epoch": 1764746640,
        "last_position_UTC": "2025-12-03T07:24:00Z"
      },
      {
        "lat": 23.479183333333335,
        "lon": 117.33381333333334,
        "speed": 12.2,
        "course": 252.6,
        "heading": 253,
        "destination": "CN COZ",
        "last_position_epoch": 1764744978,
        "last_position_UTC": "2025-12-03T06:56:18Z"
      },
      {
        "lat": 23.498173333333334,
        "lon": 117.38073333333334,
        "speed": 12.8,
        "course": 230.2,
        "heading": 235,
        "destination": "CN COZ",
        "last_position_epoch": 1764744167,
        "last_position_UTC": "2025-12-03T06:42:47Z"
      },
      {
        "lat": 23.576066666666666,
        "lon": 117.48893333333334,
        "speed": 13,
        "course": 236.1,
        "heading": 233,
        "destination": "CN COZ",
        "last_position_epoch": 1764742078,
        "last_position_UTC": "2025-12-03T06:07:58Z"
      },
      {
        "lat": 23.626205,
        "lon": 117.56849333333334,
        "speed": 12.5,
        "course": 242.2,
        "heading": 238,
        "destination": "CN COZ",
        "last_position_epoch": 1764740568,
        "last_position_UTC": "2025-12-03T05:42:48Z"
      },
      {
        "lat": 23.705656666666666,
        "lon": 117.67101333333333,
        "speed": 12.4,
        "course": 228.4,
        "heading": 223,
        "destination": "CN COZ",
        "last_position_epoch": 1764738477,
        "last_position_UTC": "2025-12-03T05:07:57Z"
      },
      {
        "lat": 23.777636666666666,
        "lon": 117.75672,
        "speed": 12.9,
        "course": 227.1,
        "heading": 233,
        "destination": "CN COZ",
        "last_position_epoch": 1764736678,
        "last_position_UTC": "2025-12-03T04:37:58Z"
      },
      {
        "lat": 23.827531666666665,
        "lon": 117.83585333333333,
        "speed": 12.7,
        "course": 228.9,
        "heading": 234,
        "destination": "CN COZ",
        "last_position_epoch": 1764735178,
        "last_position_UTC": "2025-12-03T04:12:58Z"
      },
      {
        "lat": 23.893701666666665,
        "lon": 117.92928,
        "speed": 12.5,
        "course": 229.3,
        "heading": 235,
        "destination": "CN COZ",
        "last_position_epoch": 1764733367,
        "last_position_UTC": "2025-12-03T03:42:47Z"
      },
      {
        "lat": 23.972385,
        "lon": 118.03473333333334,
        "speed": 12.6,
        "course": 231.4,
        "heading": 231,
        "destination": "CN COZ",
        "last_position_epoch": 1764731268,
        "last_position_UTC": "2025-12-03T03:07:48Z"
      },
      {
        "lat": 24.040178333333333,
        "lon": 118.11390666666667,
        "speed": 12.4,
        "course": 218.3,
        "heading": 219,
        "destination": "CN COZ",
        "last_position_epoch": 1764729578,
        "last_position_UTC": "2025-12-03T02:39:38Z"
      },
      {
        "lat": 24.125233333333334,
        "lon": 118.18185333333334,
        "speed": 11.3,
        "course": 183.7,
        "heading": 180,
        "destination": "CN COZ",
        "last_position_epoch": 1764727669,
        "last_position_UTC": "2025-12-03T02:07:49Z"
      },
      {
        "lat": 24.216333333333335,
        "lon": 118.18818666666667,
        "speed": 10.6,
        "course": 170.7,
        "heading": 165,
        "destination": "CN COZ",
        "last_position_epoch": 1764725876,
        "last_position_UTC": "2025-12-03T01:37:56Z"
      },
      {
        "lat": 24.29148,
        "lon": 118.18221333333334,
        "speed": 10.6,
        "course": 178.3,
        "heading": 171,
        "destination": "CN COZ",
        "last_position_epoch": 1764724367,
        "last_position_UTC": "2025-12-03T01:12:47Z"
      },
      {
        "lat": 24.35529,
        "lon": 118.14761333333334,
        "speed": 7.8,
        "course": 133,
        "heading": 130,
        "destination": "CN COZ",
        "last_position_epoch": 1764722577,
        "last_position_UTC": "2025-12-03T00:42:57Z"
      },
      {
        "lat": 24.411605,
        "lon": 118.08613333333334,
        "speed": 9.1,
        "course": 128.3,
        "heading": 127,
        "destination": "CN COZ",
        "last_position_epoch": 1764720777,
        "last_position_UTC": "2025-12-03T00:12:57Z"
      },
      {
        "lat": 24.44406,
        "lon": 117.99621333333333,
        "speed": 8.9,
        "course": 102.1,
        "heading": 101,
        "destination": "CN COZ",
        "last_position_epoch": 1764718677,
        "last_position_UTC": "2025-12-02T23:37:57Z"
      },
      {
        "lat": 24.455436666666667,
        "lon": 117.96533333333333,
        "speed": 0.4,
        "course": 282.7,
        "heading": 101,
        "destination": "CN COZ",
        "last_position_epoch": 1764717178,
        "last_position_UTC": "2025-12-02T23:12:58Z"
      },
      {
        "lat": 24.455863333333333,
        "lon": 117.96570666666666,
        "speed": 0,
        "course": 334.6,
        "heading": 101,
        "destination": "CN COZ",
        "last_position_epoch": 1764715328,
        "last_position_UTC": "2025-12-02T22:42:08Z"
      },
      {
        "lat": 24.45588,
        "lon": 117.96570666666666,
        "speed": 0,
        "course": 334.6,
        "heading": 101,
        "destination": "CN COZ",
        "last_position_epoch": 1764713391,
        "last_position_UTC": "2025-12-02T22:09:51Z"
      },
      {
        "lat": 24.455871666666667,
        "lon": 117.96568,
        "speed": 0.3,
        "course": 334.6,
        "heading": 102,
        "destination": "CN COZ",
        "last_position_epoch": 1764711592,
        "last_position_UTC": "2025-12-02T21:39:52Z"
      },
      {
        "lat": 24.455885,
        "lon": 117.96570666666666,
        "speed": 0,
        "course": 344.9,
        "heading": 102,
        "destination": "CN COZ",
        "last_position_epoch": 1764709569,
        "last_position_UTC": "2025-12-02T21:06:09Z"
      },
      {
        "lat": 24.455856666666666,
        "lon": 117.96570666666666,
        "speed": 0.2,
        "course": 334.6,
        "heading": 102,
        "destination": "CN XMN",
        "last_position_epoch": 1764707767,
        "last_position_UTC": "2025-12-02T20:36:07Z"
      },
      {
        "lat": 24.455863333333333,
        "lon": 117.96570666666666,
        "speed": 0,
        "course": 190.1,
        "heading": 101,
        "destination": "CN XMN",
        "last_position_epoch": 1764705969,
        "last_position_UTC": "2025-12-02T20:06:09Z"
      },
      {
        "lat": 24.455851666666668,
        "lon": 117.96569333333333,
        "speed": 0,
        "course": 5.1,
        "heading": 102,
        "destination": "CN XMN",
        "last_position_epoch": 1764704529,
        "last_position_UTC": "2025-12-02T19:42:09Z"
      },
      {
        "lat": 24.455856666666666,
        "lon": 117.96568,
        "speed": 0.1,
        "course": 274.2,
        "heading": 102,
        "destination": "CN XMN",
        "last_position_epoch": 1764702722,
        "last_position_UTC": "2025-12-02T19:12:02Z"
      },
      {
        "lat": 24.45583166666667,
        "lon": 117.96574666666666,
        "speed": 0.1,
        "course": 194,
        "heading": 102,
        "destination": "CN XMN",
        "last_position_epoch": 1764700721,
        "last_position_UTC": "2025-12-02T18:38:41Z"
      },
      {
        "lat": 24.455856666666666,
        "lon": 117.96570666666666,
        "speed": 0,
        "course": 194,
        "heading": 102,
        "destination": "CN XMN",
        "last_position_epoch": 1764699177,
        "last_position_UTC": "2025-12-02T18:12:57Z"
      },
      {
        "lat": 24.45586,
        "lon": 117.96572,
        "speed": 0,
        "course": 194,
        "heading": 101,
        "destination": "CN XMN",
        "last_position_epoch": 1764697338,
        "last_position_UTC": "2025-12-02T17:42:18Z"
      },
      {
        "lat": 24.455868333333335,
        "lon": 117.96572,
        "speed": 0.1,
        "course": 194.2,
        "heading": 102,
        "destination": "CN XMN",
        "last_position_epoch": 1764694861,
        "last_position_UTC": "2025-12-02T17:01:01Z"
      },
      {
        "lat": 24.455848333333332,
        "lon": 117.96572,
        "speed": 0.1,
        "course": 189.6,
        "heading": 102,
        "destination": "CN XMN",
        "last_position_epoch": 1764693430,
        "last_position_UTC": "2025-12-02T16:37:10Z"
      },
      {
        "lat": 24.455848333333332,
        "lon": 117.96569333333333,
        "speed": 0,
        "course": 10.8,
        "heading": 101,
        "destination": "CN XMN",
        "last_position_epoch": 1764691900,
        "last_position_UTC": "2025-12-02T16:11:40Z"
      },
      {
        "lat": 24.455871666666667,
        "lon": 117.96572,
        "speed": 0,
        "course": 10.8,
        "heading": 101,
        "destination": "CN XMN",
        "last_position_epoch": 1764690171,
        "last_position_UTC": "2025-12-02T15:42:51Z"
      },
      {
        "lat": 24.455848333333332,
        "lon": 117.96572,
        "speed": 0,
        "course": 10.8,
        "heading": 102,
        "destination": "CN XMN",
        "last_position_epoch": 1764688205,
        "last_position_UTC": "2025-12-02T15:10:05Z"
      },
      {
        "lat": 24.45586,
        "lon": 117.96572,
        "speed": 0,
        "course": 10.8,
        "heading": 101,
        "destination": "CN XMN",
        "last_position_epoch": 1764686197,
        "last_position_UTC": "2025-12-02T14:36:37Z"
      },
      {
        "lat": 24.455868333333335,
        "lon": 117.96572,
        "speed": 0.1,
        "course": 10.8,
        "heading": 101,
        "destination": "CN XMN",
        "last_position_epoch": 1764684758,
        "last_position_UTC": "2025-12-02T14:12:38Z"
      },
      {
        "lat": 24.4559,
        "lon": 117.96572,
        "speed": 0,
        "course": 10.8,
        "heading": 101,
        "destination": "CN XMN",
        "last_position_epoch": 1764682776,
        "last_position_UTC": "2025-12-02T13:39:36Z"
      },
      {
        "lat": 24.455863333333333,
        "lon": 117.96568,
        "speed": 0,
        "course": 10.8,
        "heading": 101,
        "destination": "CN XMN",
        "last_position_epoch": 1764680651,
        "last_position_UTC": "2025-12-02T13:04:11Z"
      },
      {
        "lat": 24.455811666666666,
        "lon": 117.96553333333334,
        "speed": 2.3,
        "course": 274.1,
        "heading": 101,
        "destination": "CN XMN",
        "last_position_epoch": 1764679377,
        "last_position_UTC": "2025-12-02T12:42:57Z"
      },
      {
        "lat": 24.455835,
        "lon": 117.96572,
        "speed": 0,
        "course": 10.8,
        "heading": 101,
        "destination": "CN XMN",
        "last_position_epoch": 1764677036,
        "last_position_UTC": "2025-12-02T12:03:56Z"
      },
      {
        "lat": 24.45586,
        "lon": 117.96572,
        "speed": 0,
        "course": 10.8,
        "heading": 102,
        "destination": "CN XMN",
        "last_position_epoch": 1764675237,
        "last_position_UTC": "2025-12-02T11:33:57Z"
      },
      {
        "lat": 24.455823333333335,
        "lon": 117.96562666666667,
        "speed": 0.4,
        "course": 10.8,
        "heading": 102,
        "destination": "CN XMN",
        "last_position_epoch": 1764673972,
        "last_position_UTC": "2025-12-02T11:12:52Z"
      },
      {
        "lat": 24.455933333333334,
        "lon": 117.96576,
        "speed": 4,
        "course": 8.2,
        "heading": 102,
        "destination": "CN XMN",
        "last_position_epoch": 1764672177,
        "last_position_UTC": "2025-12-02T10:42:57Z"
      },
      {
        "lat": 24.45579,
        "lon": 117.96566666666666,
        "speed": 0.1,
        "course": 10.8,
        "heading": 101,
        "destination": "CN XMN",
        "last_position_epoch": 1764670375,
        "last_position_UTC": "2025-12-02T10:12:55Z"
      },
      {
        "lat": 24.455896666666668,
        "lon": 117.96570666666666,
        "speed": 0,
        "course": 10.8,
        "heading": 102,
        "destination": "CN XMN",
        "last_position_epoch": 1764668490,
        "last_position_UTC": "2025-12-02T09:41:30Z"
      },
      {
        "lat": 24.455876666666665,
        "lon": 117.96569333333333,
        "speed": 0,
        "course": 10.8,
        "heading": 101,
        "destination": "CN XMN",
        "last_position_epoch": 1764666689,
        "last_position_UTC": "2025-12-02T09:11:29Z"
      },
      {
        "lat": 24.453963333333334,
        "lon": 117.96541333333333,
        "speed": 1.5,
        "course": 344.6,
        "heading": 37,
        "destination": "CN XMN",
        "last_position_epoch": 1764664972,
        "last_position_UTC": "2025-12-02T08:42:52Z"
      },
      {
        "lat": 24.439453333333333,
        "lon": 118.01613333333333,
        "speed": 10.5,
        "course": 284.3,
        "heading": 285,
        "destination": "CN XMN",
        "last_position_epoch": 1764662872,
        "last_position_UTC": "2025-12-02T08:07:52Z"
      },
      {
        "lat": 24.401131666666668,
        "lon": 118.10565333333334,
        "speed": 10.6,
        "course": 313,
        "heading": 310,
        "destination": "CN XMN",
        "last_position_epoch": 1764661041,
        "last_position_UTC": "2025-12-02T07:37:21Z"
      },
      {
        "lat": 24.350965,
        "lon": 118.15716,
        "speed": 10.7,
        "course": 315,
        "heading": 314,
        "destination": "CN XMN",
        "last_position_epoch": 1764659572,
        "last_position_UTC": "2025-12-02T07:12:52Z"
      },
      {
        "lat": 24.287586666666666,
        "lon": 118.24188,
        "speed": 8.7,
        "course": 295.8,
        "heading": 300,
        "destination": "CN XMN",
        "last_position_epoch": 1764657461,
        "last_position_UTC": "2025-12-02T06:37:41Z"
      },
      {
        "lat": 24.2858,
        "lon": 118.33817333333333,
        "speed": 11.3,
        "course": 261.2,
        "heading": 261,
        "destination": "CN XMN",
        "last_position_epoch": 1764655672,
        "last_position_UTC": "2025-12-02T06:07:52Z"
      },
      {
        "lat": 24.323483333333332,
        "lon": 118.42566666666667,
        "speed": 11.8,
        "course": 236.5,
        "heading": 235,
        "destination": "CN XMN",
        "last_position_epoch": 1764653992,
        "last_position_UTC": "2025-12-02T05:39:52Z"
      },
      {
        "lat": 24.387626666666666,
        "lon": 118.52624,
        "speed": 12.2,
        "course": 233.4,
        "heading": 234,
        "destination": "CN XMN",
        "last_position_epoch": 1764651982,
        "last_position_UTC": "2025-12-02T05:06:22Z"
      },
      {
        "lat": 24.444568333333333,
        "lon": 118.58830666666667,
        "speed": 12,
        "course": 216.2,
        "heading": 219,
        "destination": "CN XMN",
        "last_position_epoch": 1764650541,
        "last_position_UTC": "2025-12-02T04:42:21Z"
      },
      {
        "lat": 24.547013333333332,
        "lon": 118.68902666666666,
        "speed": 12.3,
        "course": 222.1,
        "heading": 221,
        "destination": "CN QZJ",
        "last_position_epoch": 1764648101,
        "last_position_UTC": "2025-12-02T04:01:41Z"
      },
      {
        "lat": 24.711796,
        "lon": 118.7562,
        "speed": 10.3,
        "course": 136,
        "heading": 131,
        "destination": "CN XMN",
        "last_position_epoch": 1764645600,
        "last_position_UTC": "2025-12-02T03:20:00Z"
      },
      {
        "lat": 24.718229,
        "lon": 118.74164,
        "speed": 0.3,
        "course": 250,
        "heading": 56,
        "destination": "CN XMN",
        "last_position_epoch": 1764644100,
        "last_position_UTC": "2025-12-02T02:55:00Z"
      },
      {
        "lat": 24.717985,
        "lon": 118.74188,
        "speed": 0.1,
        "course": 146,
        "heading": 44,
        "destination": "CN QZJ",
        "last_position_epoch": 1764642060,
        "last_position_UTC": "2025-12-02T02:21:00Z"
      },
      {
        "lat": 24.718006,
        "lon": 118.74188,
        "speed": 0.1,
        "course": 146,
        "heading": 44,
        "destination": "CN QZJ",
        "last_position_epoch": 1764638580,
        "last_position_UTC": "2025-12-02T01:23:00Z"
      },
      {
        "lat": 24.718002,
        "lon": 118.74187,
        "speed": 0,
        "course": 146,
        "heading": 44,
        "destination": "CN QZJ",
        "last_position_epoch": 1764636660,
        "last_position_UTC": "2025-12-02T00:51:00Z"
      },
      {
        "lat": 24.718002,
        "lon": 118.74188,
        "speed": 0,
        "course": 146,
        "heading": 44,
        "destination": "CN QZJ",
        "last_position_epoch": 1764633120,
        "last_position_UTC": "2025-12-01T23:52:00Z"
      },
      {
        "lat": 24.718002,
        "lon": 118.74187,
        "speed": 0,
        "course": 146,
        "heading": 44,
        "destination": "CN QZJ",
        "last_position_epoch": 1764631320,
        "last_position_UTC": "2025-12-01T23:22:00Z"
      },
      {
        "lat": 24.718027,
        "lon": 118.74192,
        "speed": 0,
        "course": 146,
        "heading": 44,
        "destination": "CN QZJ",
        "last_position_epoch": 1764629520,
        "last_position_UTC": "2025-12-01T22:52:00Z"
      },
      {
        "lat": 24.717974,
        "lon": 118.74187,
        "speed": 0,
        "course": 146,
        "heading": 44,
        "destination": "CN QZJ",
        "last_position_epoch": 1764627600,
        "last_position_UTC": "2025-12-01T22:20:00Z"
      },
      {
        "lat": 24.717985,
        "lon": 118.74188,
        "speed": 0,
        "course": 146,
        "heading": 44,
        "destination": "CN QZJ",
        "last_position_epoch": 1764625860,
        "last_position_UTC": "2025-12-01T21:51:00Z"
      },
      {
        "lat": 24.717993,
        "lon": 118.74188,
        "speed": 0.1,
        "course": 146,
        "heading": 45,
        "destination": "CN QZJ",
        "last_position_epoch": 1764624120,
        "last_position_UTC": "2025-12-01T21:22:00Z"
      },
      {
        "lat": 24.717981,
        "lon": 118.74187,
        "speed": 0,
        "course": 146,
        "heading": 45,
        "destination": "CN QZJ",
        "last_position_epoch": 1764622380,
        "last_position_UTC": "2025-12-01T20:53:00Z"
      },
      {
        "lat": 24.717993,
        "lon": 118.74188,
        "speed": 0,
        "course": 146,
        "heading": 44,
        "destination": "CN QZJ",
        "last_position_epoch": 1764620520,
        "last_position_UTC": "2025-12-01T20:22:00Z"
      },
      {
        "lat": 24.717981,
        "lon": 118.74189,
        "speed": 0,
        "course": 146,
        "heading": 44,
        "destination": "CN QZJ",
        "last_position_epoch": 1764618660,
        "last_position_UTC": "2025-12-01T19:51:00Z"
      },
      {
        "lat": 24.718006,
        "lon": 118.74187,
        "speed": 0,
        "course": 0,
        "heading": 44,
        "destination": "CN QZJ",
        "last_position_epoch": 1764617757,
        "last_position_UTC": "2025-12-01T19:35:57Z"
      },
      {
        "lat": 24.717993,
        "lon": 118.74189,
        "speed": 0,
        "course": 146,
        "heading": 44,
        "destination": "CN QZJ",
        "last_position_epoch": 1764611400,
        "last_position_UTC": "2025-12-01T17:50:00Z"
      },
      {
        "lat": 24.717981,
        "lon": 118.74188,
        "speed": 0,
        "course": 146,
        "heading": 44,
        "destination": "CN QZJ",
        "last_position_epoch": 1764609660,
        "last_position_UTC": "2025-12-01T17:21:00Z"
      },
      {
        "lat": 24.718018,
        "lon": 118.74188,
        "speed": 0.2,
        "course": 146,
        "heading": 44,
        "destination": "CN QZJ",
        "last_position_epoch": 1764606120,
        "last_position_UTC": "2025-12-01T16:22:00Z"
      },
      {
        "lat": 24.71801,
        "lon": 118.74188,
        "speed": 0,
        "course": 146,
        "heading": 44,
        "destination": "CN QZJ",
        "last_position_epoch": 1764604140,
        "last_position_UTC": "2025-12-01T15:49:00Z"
      },
      {
        "lat": 24.718021,
        "lon": 118.74189,
        "speed": 0,
        "course": 3,
        "heading": 44,
        "destination": "CN QZJ",
        "last_position_epoch": 1764602580,
        "last_position_UTC": "2025-12-01T15:23:00Z"
      },
      {
        "lat": 24.717964,
        "lon": 118.74188,
        "speed": 0.1,
        "course": 146,
        "heading": 44,
        "destination": "CN QZJ",
        "last_position_epoch": 1764600720,
        "last_position_UTC": "2025-12-01T14:52:00Z"
      },
      {
        "lat": 24.718018,
        "lon": 118.74194,
        "speed": 0,
        "course": 146,
        "heading": 44,
        "destination": "CN QZJ",
        "last_position_epoch": 1764598920,
        "last_position_UTC": "2025-12-01T14:22:00Z"
      },
      {
        "lat": 24.718002,
        "lon": 118.74192,
        "speed": 0.2,
        "course": 146,
        "heading": 44,
        "destination": "CN QZJ",
        "last_position_epoch": 1764596940,
        "last_position_UTC": "2025-12-01T13:49:00Z"
      },
      {
        "lat": 24.718035,
        "lon": 118.74192,
        "speed": 0.5,
        "course": 110,
        "heading": 44,
        "destination": "CN QZJ",
        "last_position_epoch": 1764595380,
        "last_position_UTC": "2025-12-01T13:23:00Z"
      },
      {
        "lat": 24.71801,
        "lon": 118.74189,
        "speed": 0,
        "course": 146,
        "heading": 45,
        "destination": "CN QZJ",
        "last_position_epoch": 1764593280,
        "last_position_UTC": "2025-12-01T12:48:00Z"
      },
      {
        "lat": 24.71801,
        "lon": 118.74188,
        "speed": 0,
        "course": 146,
        "heading": 45,
        "destination": "CN QZJ",
        "last_position_epoch": 1764591660,
        "last_position_UTC": "2025-12-01T12:21:00Z"
      },
      {
        "lat": 24.719639,
        "lon": 118.74153,
        "speed": 1.1,
        "course": 181,
        "heading": 216,
        "destination": "CN QZJ",
        "last_position_epoch": 1764590364,
        "last_position_UTC": "2025-12-01T11:59:24Z"
      },
      {
        "lat": 24.698669,
        "lon": 118.77306,
        "speed": 6.5,
        "course": 301,
        "heading": 307,
        "destination": "CN QZJ",
        "last_position_epoch": 1764588180,
        "last_position_UTC": "2025-12-01T11:23:00Z"
      },
      {
        "lat": 24.702377,
        "lon": 118.7758,
        "speed": 1.3,
        "course": 313,
        "heading": 349,
        "destination": "CN QZJ",
        "last_position_epoch": 1764586200,
        "last_position_UTC": "2025-12-01T10:50:00Z"
      },
      {
        "lat": 24.692778,
        "lon": 118.78537,
        "speed": 1.5,
        "course": 317,
        "heading": 350,
        "destination": "CN QZJ",
        "last_position_epoch": 1764584640,
        "last_position_UTC": "2025-12-01T10:24:00Z"
      },
      {
        "lat": 24.676033,
        "lon": 118.79556,
        "speed": 3.7,
        "course": 347,
        "heading": 351,
        "destination": "CN QZJ",
        "last_position_epoch": 1764582540,
        "last_position_UTC": "2025-12-01T09:49:00Z"
      },
      {
        "lat": 24.632898,
        "lon": 118.80122,
        "speed": 6.4,
        "course": 2,
        "heading": 0,
        "destination": "CN QZJ",
        "last_position_epoch": 1764580740,
        "last_position_UTC": "2025-12-01T09:19:00Z"
      },
      {
        "lat": 24.588228,
        "lon": 118.79974,
        "speed": 6.3,
        "course": 357,
        "heading": 356,
        "destination": "CN QZJ",
        "last_position_epoch": 1764579060,
        "last_position_UTC": "2025-12-01T08:51:00Z"
      },
      {
        "lat": 24.529444,
        "lon": 118.80404,
        "speed": 6.1,
        "course": 10,
        "heading": 9,
        "destination": "CN QZJ",
        "last_position_epoch": 1764577140,
        "last_position_UTC": "2025-12-01T08:19:00Z"
      },
      {
        "lat": 24.478861,
        "lon": 118.79034,
        "speed": 6.6,
        "course": 14,
        "heading": 15,
        "destination": "CN QZJ",
        "last_position_epoch": 1764575520,
        "last_position_UTC": "2025-12-01T07:52:00Z"
      },
      {
        "lat": 24.428577,
        "lon": 118.74649,
        "speed": 7,
        "course": 54,
        "heading": null,
        "destination": "CN QZJ",
        "last_position_epoch": 1764573480,
        "last_position_UTC": "2025-12-01T07:18:00Z"
      },
      {
        "lat": 24.409498,
        "lon": 118.71945,
        "speed": 7.1,
        "course": 51,
        "heading": 55,
        "destination": "CN QZJ",
        "last_position_epoch": 1764571980,
        "last_position_UTC": "2025-12-01T06:53:00Z"
      },
      {
        "lat": 24.32015,
        "lon": 118.58277,
        "speed": 7,
        "course": 59,
        "heading": 58,
        "destination": "CN QZJ",
        "last_position_epoch": 1764568020,
        "last_position_UTC": "2025-12-01T05:47:00Z"
      },
      {
        "lat": 24.315796666666667,
        "lon": 118.57422666666666,
        "speed": 7,
        "course": 61.1,
        "heading": 61,
        "destination": "CN QZJ",
        "last_position_epoch": 1764567031,
        "last_position_UTC": "2025-12-01T05:30:31Z"
      },
      {
        "lat": 24.316395,
        "lon": 118.51253333333334,
        "speed": 6.8,
        "course": 101.9,
        "heading": 100,
        "destination": "CN QZJ",
        "last_position_epoch": 1764565202,
        "last_position_UTC": "2025-12-01T05:00:02Z"
      },
      {
        "lat": 24.321481666666667,
        "lon": 118.47721333333334,
        "speed": 7,
        "course": 91.8,
        "heading": 90,
        "destination": "CN QZJ",
        "last_position_epoch": 1764564173,
        "last_position_UTC": "2025-12-01T04:42:53Z"
      },
      {
        "lat": 24.323853333333332,
        "lon": 118.40609333333333,
        "speed": 5.8,
        "course": 73.6,
        "heading": 71,
        "destination": "CN QZJ",
        "last_position_epoch": 1764562080,
        "last_position_UTC": "2025-12-01T04:08:00Z"
      },
      {
        "lat": 24.311596666666667,
        "lon": 118.36178666666666,
        "speed": 7.7,
        "course": 68.4,
        "heading": 65,
        "destination": "CN QZJ",
        "last_position_epoch": 1764560571,
        "last_position_UTC": "2025-12-01T03:42:51Z"
      },
      {
        "lat": 24.291996666666666,
        "lon": 118.24897333333334,
        "speed": 12.1,
        "course": 102,
        "heading": 98,
        "destination": "CN QZJ",
        "last_position_epoch": 1764558472,
        "last_position_UTC": "2025-12-01T03:07:52Z"
      },
      {
        "lat": 24.336028333333335,
        "lon": 118.16950666666666,
        "speed": 12.8,
        "course": 134.7,
        "heading": 131,
        "destination": "CN QZJ",
        "last_position_epoch": 1764556960,
        "last_position_UTC": "2025-12-01T02:42:40Z"
      },
      {
        "lat": 24.410986666666666,
        "lon": 118.08664,
        "speed": 12.4,
        "course": 123.8,
        "heading": 121,
        "destination": "CN QZJ",
        "last_position_epoch": 1764555180,
        "last_position_UTC": "2025-12-01T02:13:00Z"
      },
      {
        "lat": 24.444638333333334,
        "lon": 117.99409333333334,
        "speed": 9.8,
        "course": 104.1,
        "heading": 104,
        "destination": "CN QZJ",
        "last_position_epoch": 1764553380,
        "last_position_UTC": "2025-12-01T01:43:00Z"
      },
      {
        "lat": 24.45586,
        "lon": 117.96568,
        "speed": 0,
        "course": 12.2,
        "heading": 103,
        "destination": "CN QZJ",
        "last_position_epoch": 1764551579,
        "last_position_UTC": "2025-12-01T01:12:59Z"
      },
      {
        "lat": 24.45588,
        "lon": 117.96566666666666,
        "speed": 0,
        "course": 32.7,
        "heading": 102,
        "destination": "CN QZJ",
        "last_position_epoch": 1764549357,
        "last_position_UTC": "2025-12-01T00:35:57Z"
      },
      {
        "lat": 24.45583166666667,
        "lon": 117.96570666666666,
        "speed": 0,
        "course": 32.7,
        "heading": 102,
        "destination": "CN QZJ",
        "last_position_epoch": 1764547787,
        "last_position_UTC": "2025-12-01T00:09:47Z"
      },
      {
        "lat": 24.455871666666667,
        "lon": 117.96568,
        "speed": 0.1,
        "course": 32.7,
        "heading": 102,
        "destination": "CN QZJ",
        "last_position_epoch": 1764545876,
        "last_position_UTC": "2025-11-30T23:37:56Z"
      },
      {
        "lat": 24.455835,
        "lon": 117.96566666666666,
        "speed": 0.3,
        "course": 32.7,
        "heading": 102,
        "destination": "CN QZJ",
        "last_position_epoch": 1764543966,
        "last_position_UTC": "2025-11-30T23:06:06Z"
      },
      {
        "lat": 24.455823333333335,
        "lon": 117.96568,
        "speed": 0,
        "course": 32.7,
        "heading": 102,
        "destination": "CN QZJ",
        "last_position_epoch": 1764542500,
        "last_position_UTC": "2025-11-30T22:41:40Z"
      },
      {
        "lat": 24.45584,
        "lon": 117.96570666666666,
        "speed": 0.4,
        "course": 32.4,
        "heading": 102,
        "destination": "CN QZJ",
        "last_position_epoch": 1764540665,
        "last_position_UTC": "2025-11-30T22:11:05Z"
      },
      {
        "lat": 24.45584,
        "lon": 117.96569333333333,
        "speed": 0,
        "course": 32.7,
        "heading": 102,
        "destination": "CN XMN",
        "last_position_epoch": 1764538627,
        "last_position_UTC": "2025-11-30T21:37:07Z"
      },
      {
        "lat": 24.4559,
        "lon": 117.96570666666666,
        "speed": 0,
        "course": 32.7,
        "heading": 102,
        "destination": "CN XMN",
        "last_position_epoch": 1764537007,
        "last_position_UTC": "2025-11-30T21:10:07Z"
      },
      {
        "lat": 24.455888333333334,
        "lon": 117.96569333333333,
        "speed": 0.3,
        "course": 32.7,
        "heading": 102,
        "destination": "CN XMN",
        "last_position_epoch": 1764535028,
        "last_position_UTC": "2025-11-30T20:37:08Z"
      },
      {
        "lat": 24.455863333333333,
        "lon": 117.96569333333333,
        "speed": 0,
        "course": 32.7,
        "heading": 102,
        "destination": "CN XMN",
        "last_position_epoch": 1764533574,
        "last_position_UTC": "2025-11-30T20:12:54Z"
      },
      {
        "lat": 24.455848333333332,
        "lon": 117.96568,
        "speed": 0.4,
        "course": 32.7,
        "heading": 102,
        "destination": "CN XMN",
        "last_position_epoch": 1764531664,
        "last_position_UTC": "2025-11-30T19:41:04Z"
      },
      {
        "lat": 24.455811666666666,
        "lon": 117.96568,
        "speed": 0,
        "course": 32.7,
        "heading": 102,
        "destination": "CN XMN",
        "last_position_epoch": 1764529977,
        "last_position_UTC": "2025-11-30T19:12:57Z"
      },
      {
        "lat": 24.455871666666667,
        "lon": 117.96569333333333,
        "speed": 0.1,
        "course": 32.7,
        "heading": 102,
        "destination": "CN XMN",
        "last_position_epoch": 1764527844,
        "last_position_UTC": "2025-11-30T18:37:24Z"
      },
      {
        "lat": 24.45586,
        "lon": 117.96569333333333,
        "speed": 0,
        "course": 32.7,
        "heading": 102,
        "destination": "CN XMN",
        "last_position_epoch": 1764526222,
        "last_position_UTC": "2025-11-30T18:10:22Z"
      },
      {
        "lat": 24.45582,
        "lon": 117.96569333333333,
        "speed": 0,
        "course": 32.7,
        "heading": 102,
        "destination": "CN XMN",
        "last_position_epoch": 1764524205,
        "last_position_UTC": "2025-11-30T17:36:45Z"
      },
      {
        "lat": 24.455835,
        "lon": 117.96568,
        "speed": 0,
        "course": 32.7,
        "heading": 102,
        "destination": "CN XMN",
        "last_position_epoch": 1764522408,
        "last_position_UTC": "2025-11-30T17:06:48Z"
      },
      {
        "lat": 24.455868333333335,
        "lon": 117.96570666666666,
        "speed": 0,
        "course": 32.7,
        "heading": 102,
        "destination": "CN XMN",
        "last_position_epoch": 1764520606,
        "last_position_UTC": "2025-11-30T16:36:46Z"
      },
      {
        "lat": 24.455851666666668,
        "lon": 117.96570666666666,
        "speed": 0,
        "course": 32.7,
        "heading": 102,
        "destination": "CN XMN",
        "last_position_epoch": 1764518874,
        "last_position_UTC": "2025-11-30T16:07:54Z"
      },
      {
        "lat": 24.455843333333334,
        "lon": 117.96569333333333,
        "speed": 0,
        "course": 32.7,
        "heading": 102,
        "destination": "CN XMN",
        "last_position_epoch": 1764516911,
        "last_position_UTC": "2025-11-30T15:35:11Z"
      },
      {
        "lat": 24.455826666666667,
        "lon": 117.96569333333333,
        "speed": 0,
        "course": 32.7,
        "heading": 102,
        "destination": "CN XMN",
        "last_position_epoch": 1764515114,
        "last_position_UTC": "2025-11-30T15:05:14Z"
      },
      {
        "lat": 24.455856666666666,
        "lon": 117.96569333333333,
        "speed": 0.1,
        "course": 32.7,
        "heading": 102,
        "destination": "CN XMN",
        "last_position_epoch": 1764513672,
        "last_position_UTC": "2025-11-30T14:41:12Z"
      },
      {
        "lat": 24.455835,
        "lon": 117.96570666666666,
        "speed": 0,
        "course": 32.7,
        "heading": 102,
        "destination": "CN XMN",
        "last_position_epoch": 1764511335,
        "last_position_UTC": "2025-11-30T14:02:15Z"
      },
      {
        "lat": 24.455868333333335,
        "lon": 117.96568,
        "speed": 0,
        "course": 32.7,
        "heading": 102,
        "destination": "CN XMN",
        "last_position_epoch": 1764510073,
        "last_position_UTC": "2025-11-30T13:41:13Z"
      },
      {
        "lat": 24.45583166666667,
        "lon": 117.96572,
        "speed": 0.2,
        "course": 32.7,
        "heading": 102,
        "destination": "CN XMN",
        "last_position_epoch": 1764508375,
        "last_position_UTC": "2025-11-30T13:12:55Z"
      },
      {
        "lat": 24.455885,
        "lon": 117.96568,
        "speed": 0,
        "course": 32.7,
        "heading": 102,
        "destination": "CN XMN",
        "last_position_epoch": 1764506581,
        "last_position_UTC": "2025-11-30T12:43:01Z"
      },
      {
        "lat": 24.455856666666666,
        "lon": 117.96568,
        "speed": 0,
        "course": 32.7,
        "heading": 102,
        "destination": "CN XMN",
        "last_position_epoch": 1764504664,
        "last_position_UTC": "2025-11-30T12:11:04Z"
      },
      {
        "lat": 24.45444,
        "lon": 117.96561333333334,
        "speed": 1.4,
        "course": 49.2,
        "heading": 40,
        "destination": "CN XMN",
        "last_position_epoch": 1764502793,
        "last_position_UTC": "2025-11-30T11:39:53Z"
      },
      {
        "lat": 24.44208666666667,
        "lon": 118.00569333333333,
        "speed": 8.4,
        "course": 287.2,
        "heading": 285,
        "destination": "CN XMN",
        "last_position_epoch": 1764500873,
        "last_position_UTC": "2025-11-30T11:07:53Z"
      },
      {
        "lat": 24.419173333333333,
        "lon": 118.07946666666666,
        "speed": 8.6,
        "course": 302.7,
        "heading": 302,
        "destination": "CN XMN",
        "last_position_epoch": 1764499374,
        "last_position_UTC": "2025-11-30T10:42:54Z"
      },
      {
        "lat": 24.359273333333334,
        "lon": 118.14910666666667,
        "speed": 11.4,
        "course": 316,
        "heading": 315,
        "destination": "CN XMN",
        "last_position_epoch": 1764497573,
        "last_position_UTC": "2025-11-30T10:12:53Z"
      },
      {
        "lat": 24.285373333333332,
        "lon": 118.18422666666666,
        "speed": 9.4,
        "course": 0,
        "heading": 0,
        "destination": "CN XMN",
        "last_position_epoch": 1764495752,
        "last_position_UTC": "2025-11-30T09:42:32Z"
      },
      {
        "lat": 24.235551666666666,
        "lon": 118.2008,
        "speed": 6.4,
        "course": 316.1,
        "heading": 311,
        "destination": "CN XMN",
        "last_position_epoch": 1764493972,
        "last_position_UTC": "2025-11-30T09:12:52Z"
      },
      {
        "lat": 24.155501666666666,
        "lon": 118.19846666666666,
        "speed": 10.9,
        "course": 27.2,
        "heading": 28,
        "destination": "CN COZ",
        "last_position_epoch": 1764492173,
        "last_position_UTC": "2025-11-30T08:42:53Z"
      },
      {
        "lat": 24.066206666666666,
        "lon": 118.12876,
        "speed": 11.4,
        "course": 35.3,
        "heading": 35,
        "destination": "CN COZ",
        "last_position_epoch": 1764490052,
        "last_position_UTC": "2025-11-30T08:07:32Z"
      },
      {
        "lat": 24.004508333333334,
        "lon": 118.06704,
        "speed": 12.2,
        "course": 43,
        "heading": 43,
        "destination": "CN COZ",
        "last_position_epoch": 1764488572,
        "last_position_UTC": "2025-11-30T07:42:52Z"
      },
      {
        "lat": 23.945325,
        "lon": 117.97828,
        "speed": 11.8,
        "course": 68.6,
        "heading": 71,
        "destination": "CN COZ",
        "last_position_epoch": 1764486762,
        "last_position_UTC": "2025-11-30T07:12:42Z"
      },
      {
        "lat": 23.88586,
        "lon": 117.87006666666667,
        "speed": 12.7,
        "course": 59.6,
        "heading": 52,
        "destination": "CN COZ",
        "last_position_epoch": 1764484679,
        "last_position_UTC": "2025-11-30T06:37:59Z"
      },
      {
        "lat": 23.809795,
        "lon": 117.80608,
        "speed": 11.7,
        "course": 38.5,
        "heading": 31,
        "destination": "CN COZ",
        "last_position_epoch": 1764482880,
        "last_position_UTC": "2025-11-30T06:08:00Z"
      },
      {
        "lat": 23.750208333333333,
        "lon": 117.74416,
        "speed": 11.7,
        "course": 44,
        "heading": 45,
        "destination": "CN COZ",
        "last_position_epoch": 1764481379,
        "last_position_UTC": "2025-11-30T05:42:59Z"
      },
      {
        "lat": 23.68471,
        "lon": 117.66478666666667,
        "speed": 11.3,
        "course": 49,
        "heading": 49,
        "destination": "CN COZ",
        "last_position_epoch": 1764479579,
        "last_position_UTC": "2025-11-30T05:12:59Z"
      },
      {
        "lat": 23.62929,
        "lon": 117.58021333333333,
        "speed": 11.4,
        "course": 58.6,
        "heading": 58,
        "destination": "CN COZ",
        "last_position_epoch": 1764477779,
        "last_position_UTC": "2025-11-30T04:42:59Z"
      },
      {
        "lat": 23.577585,
        "lon": 117.49573333333333,
        "speed": 11.2,
        "course": 50.6,
        "heading": 51,
        "destination": "CN COZ",
        "last_position_epoch": 1764475979,
        "last_position_UTC": "2025-11-30T04:12:59Z"
      },
      {
        "lat": 23.510275,
        "lon": 117.40493333333333,
        "speed": 10.7,
        "course": 56,
        "heading": 55,
        "destination": "CN COZ",
        "last_position_epoch": 1764473869,
        "last_position_UTC": "2025-11-30T03:37:49Z"
      },
      {
        "lat": 23.466818,
        "lon": 117.29748,
        "speed": 10.3,
        "course": 90,
        "heading": 81,
        "destination": "CN XMN",
        "last_position_epoch": 1764471660,
        "last_position_UTC": "2025-11-30T03:01:00Z"
      },
      {
        "lat": 23.462984,
        "lon": 117.17968,
        "speed": 11.3,
        "course": 128,
        "heading": 120,
        "destination": "CN COZ",
        "last_position_epoch": 1764469560,
        "last_position_UTC": "2025-11-30T02:26:00Z"
      },
      {
        "lat": 23.519297,
        "lon": 117.1041,
        "speed": 11.3,
        "course": 136,
        "heading": 135,
        "destination": "CN COZ",
        "last_position_epoch": 1764468000,
        "last_position_UTC": "2025-11-30T02:00:00Z"
      },
      {
        "lat": 23.590975,
        "lon": 117.02431,
        "speed": 6.1,
        "course": 98,
        "heading": 97,
        "destination": "CN COZ",
        "last_position_epoch": 1764465900,
        "last_position_UTC": "2025-11-30T01:25:00Z"
      }
    ]
  },
  "meta": {
    "duration": 0.039590387,
    "endpoint": "/api/v0/vessel_history",
    "success": true
  }
}