{
  "data": {
    "uuid": "ce2fb546-db56-5cd6-8b12-dc53d88db1a8",
    "name": "ONE BLUE JAY",
    "mmsi": "431080000",
    "imo": "9741372",
    "eni": null,
    "country_iso": "JP",
    "type": "Cargo - Hazard D (Recognizable)",
    "type_specific": "Container Ship",
    "positions": [
      {
        "lat": 10.378304,
        "lon": -77.89817,
        "speed": 16.6,
        "course": 67,
        "heading": 69,
        "destination": "VNVUT",
        "last_position_epoch": 1765019880,
        "last_position_UTC": "2025-12-06T11:18:00Z"
      },
      {
        "lat": 10.341746,
        "lon": -77.990463,
        "speed": 16.7,
        "course": 70,
        "heading": 70,
        "destination": "VNVUT",
        "last_position_epoch": 1765018140,
        "last_position_UTC": "2025-12-06T10:49:00Z"
      },
      {
        "lat": 10.29059,
        "lon": -78.130859,
        "speed": 16.6,
        "course": 69,
        "heading": 70,
        "destination": "VNVUT",
        "last_position_epoch": 1765016280,
        "last_position_UTC": "2025-12-06T10:18:00Z"
      },
      {
        "lat": 10.240434,
        "lon": -78.27298,
        "speed": 16.7,
        "course": 71,
        "heading": 72,
        "destination": "VNVUT",
        "last_position_epoch": 1765014420,
        "last_position_UTC": "2025-12-06T09:47:00Z"
      },
      {
        "lat": 10.152059,
        "lon": -78.516426,
        "speed": 16.6,
        "course": 68,
        "heading": 68,
        "destination": "VNVUT",
        "last_position_epoch": 1765011060,
        "last_position_UTC": "2025-12-06T08:51:00Z"
      },
      {
        "lat": 10.091363,
        "lon": -78.669006,
        "speed": 16.8,
        "course": 69,
        "heading": 66,
        "destination": "VNVUT",
        "last_position_epoch": 1765009140,
        "last_position_UTC": "2025-12-06T08:19:00Z"
      },
      {
        "lat": 10.039245,
        "lon": -78.809921,
        "speed": 16.8,
        "course": 69,
        "heading": 66,
        "destination": "VNVUT",
        "last_position_epoch": 1765007280,
        "last_position_UTC": "2025-12-06T07:48:00Z"
      },
      {
        "lat": 9.9876633,
        "lon": -78.954628,
        "speed": 17.2,
        "course": 71,
        "heading": 69,
        "destination": "VNVUT",
        "last_position_epoch": 1765005480,
        "last_position_UTC": "2025-12-06T07:18:00Z"
      },
      {
        "lat": 9.9457502,
        "lon": -79.074341,
        "speed": 17.2,
        "course": 70,
        "heading": 69,
        "destination": "VNVUT",
        "last_position_epoch": 1765003620,
        "last_position_UTC": "2025-12-06T06:47:00Z"
      },
      {
        "lat": 9.8937597,
        "lon": -79.22599,
        "speed": 17.3,
        "course": 70,
        "heading": 71,
        "destination": "VNVUT",
        "last_position_epoch": 1765002060,
        "last_position_UTC": "2025-12-06T06:21:00Z"
      },
      {
        "lat": 9.8450565,
        "lon": -79.363503,
        "speed": 17.2,
        "course": 68,
        "heading": 69,
        "destination": "VNVUT",
        "last_position_epoch": 1765000260,
        "last_position_UTC": "2025-12-06T05:51:00Z"
      },
      {
        "lat": 9.8093815,
        "lon": -79.453728,
        "speed": 17,
        "course": 68,
        "heading": 69,
        "destination": "VNVUT",
        "last_position_epoch": 1764998640,
        "last_position_UTC": "2025-12-06T05:24:00Z"
      },
      {
        "lat": 9.7491016,
        "lon": -79.609016,
        "speed": 17.5,
        "course": 69,
        "heading": 69,
        "destination": "VNVUT",
        "last_position_epoch": 1764997080,
        "last_position_UTC": "2025-12-06T04:58:00Z"
      },
      {
        "lat": 9.6587267,
        "lon": -79.731277,
        "speed": 17.8,
        "course": 34,
        "heading": 33,
        "destination": "VNVUT",
        "last_position_epoch": 1764994740,
        "last_position_UTC": "2025-12-06T04:19:00Z"
      },
      {
        "lat": 9.5274649,
        "lon": -79.834259,
        "speed": 16.7,
        "course": 39,
        "heading": 37,
        "destination": "VNVUT",
        "last_position_epoch": 1764992820,
        "last_position_UTC": "2025-12-06T03:47:00Z"
      },
      {
        "lat": 9.4465084,
        "lon": -79.888344,
        "speed": 12.3,
        "course": 27,
        "heading": 25,
        "destination": "VNVUT",
        "last_position_epoch": 1764991380,
        "last_position_UTC": "2025-12-06T03:23:00Z"
      },
      {
        "lat": 9.3745432,
        "lon": -79.89621,
        "speed": 4.5,
        "course": 345,
        "heading": 350,
        "destination": "VNVUT",
        "last_position_epoch": 1764989580,
        "last_position_UTC": "2025-12-06T02:53:00Z"
      },
      {
        "lat": 9.3690863,
        "lon": -79.886536,
        "speed": 0.1,
        "course": null,
        "heading": 246,
        "destination": "VNVUT",
        "last_position_epoch": 1764985620,
        "last_position_UTC": "2025-12-06T01:47:00Z"
      },
      {
        "lat": 9.3691597,
        "lon": -79.88652,
        "speed": 0.1,
        "course": null,
        "heading": 246,
        "destination": "VNVUT",
        "last_position_epoch": 1764983820,
        "last_position_UTC": "2025-12-06T01:17:00Z"
      },
      {
        "lat": 9.3692713,
        "lon": -79.886452,
        "speed": 0.1,
        "course": null,
        "heading": 246,
        "destination": "VNVUT",
        "last_position_epoch": 1764982200,
        "last_position_UTC": "2025-12-06T00:50:00Z"
      },
      {
        "lat": 9.369092,
        "lon": -79.886444,
        "speed": 0.1,
        "course": null,
        "heading": 246,
        "destination": "VNVUT",
        "last_position_epoch": 1764980460,
        "last_position_UTC": "2025-12-06T00:21:00Z"
      },
      {
        "lat": 9.3690701,
        "lon": -79.886688,
        "speed": 0,
        "course": null,
        "heading": 246,
        "destination": "VNVUT",
        "last_position_epoch": 1764978660,
        "last_position_UTC": "2025-12-05T23:51:00Z"
      },
      {
        "lat": 9.3690462,
        "lon": -79.886505,
        "speed": 0,
        "course": null,
        "heading": 246,
        "destination": "VNVUT",
        "last_position_epoch": 1764976860,
        "last_position_UTC": "2025-12-05T23:21:00Z"
      },
      {
        "lat": 9.3690815,
        "lon": -79.886543,
        "speed": 0,
        "course": null,
        "heading": 246,
        "destination": "VNVUT",
        "last_position_epoch": 1764975060,
        "last_position_UTC": "2025-12-05T22:51:00Z"
      },
      {
        "lat": 9.3693895,
        "lon": -79.886597,
        "speed": 0,
        "course": 342,
        "heading": 246,
        "destination": "VNVUT",
        "last_position_epoch": 1764973200,
        "last_position_UTC": "2025-12-05T22:20:00Z"
      },
      {
        "lat": 9.3692713,
        "lon": -79.88665,
        "speed": 0,
        "course": 0,
        "heading": 246,
        "destination": "VNVUT",
        "last_position_epoch": 1764972314,
        "last_position_UTC": "2025-12-05T22:05:14Z"
      },
      {
        "lat": 9.3691187,
        "lon": -79.88649,
        "speed": 0,
        "course": null,
        "heading": 246,
        "destination": "VNVUT",
        "last_position_epoch": 1764969480,
        "last_position_UTC": "2025-12-05T21:18:00Z"
      },
      {
        "lat": 9.3691216,
        "lon": -79.886559,
        "speed": 0,
        "course": null,
        "heading": 246,
        "destination": "VNVUT",
        "last_position_epoch": 1764967740,
        "last_position_UTC": "2025-12-05T20:49:00Z"
      },
      {
        "lat": 9.3693247,
        "lon": -79.886574,
        "speed": 0,
        "course": 50,
        "heading": 246,
        "destination": "VNVUT",
        "last_position_epoch": 1764965880,
        "last_position_UTC": "2025-12-05T20:18:00Z"
      },
      {
        "lat": 9.3690796,
        "lon": -79.886574,
        "speed": 0,
        "course": null,
        "heading": 246,
        "destination": "VNVUT",
        "last_position_epoch": 1764964080,
        "last_position_UTC": "2025-12-05T19:48:00Z"
      },
      {
        "lat": 9.3691034,
        "lon": -79.886505,
        "speed": 0,
        "course": null,
        "heading": 246,
        "destination": "VNVUT",
        "last_position_epoch": 1764962280,
        "last_position_UTC": "2025-12-05T19:18:00Z"
      },
      {
        "lat": 9.3691263,
        "lon": -79.886513,
        "speed": 0,
        "course": null,
        "heading": 246,
        "destination": "VNVUT",
        "last_position_epoch": 1764960480,
        "last_position_UTC": "2025-12-05T18:48:00Z"
      },
      {
        "lat": 9.3691101,
        "lon": -79.886566,
        "speed": 0,
        "course": null,
        "heading": 246,
        "destination": "VNVUT",
        "last_position_epoch": 1764958740,
        "last_position_UTC": "2025-12-05T18:19:00Z"
      },
      {
        "lat": 9.3690748,
        "lon": -79.886642,
        "speed": 0,
        "course": null,
        "heading": 246,
        "destination": "VNVUT",
        "last_position_epoch": 1764957000,
        "last_position_UTC": "2025-12-05T17:50:00Z"
      },
      {
        "lat": 9.369112,
        "lon": -79.886528,
        "speed": 0,
        "course": null,
        "heading": 246,
        "destination": "VNVUT",
        "last_position_epoch": 1764955020,
        "last_position_UTC": "2025-12-05T17:17:00Z"
      },
      {
        "lat": 9.3690987,
        "lon": -79.886589,
        "speed": 0,
        "course": null,
        "heading": 246,
        "destination": "VNVUT",
        "last_position_epoch": 1764953220,
        "last_position_UTC": "2025-12-05T16:47:00Z"
      },
      {
        "lat": 9.3691015,
        "lon": -79.886505,
        "speed": 0,
        "course": 0,
        "heading": 246,
        "destination": "VNVUT",
        "last_position_epoch": 1764950192,
        "last_position_UTC": "2025-12-05T15:56:32Z"
      },
      {
        "lat": 9.3690386,
        "lon": -79.886597,
        "speed": 0,
        "course": null,
        "heading": 246,
        "destination": "VNVUT",
        "last_position_epoch": 1764948000,
        "last_position_UTC": "2025-12-05T15:20:00Z"
      },
      {
        "lat": 9.3690701,
        "lon": -79.886497,
        "speed": 0,
        "course": null,
        "heading": 246,
        "destination": "VNVUT",
        "last_position_epoch": 1764946080,
        "last_position_UTC": "2025-12-05T14:48:00Z"
      },
      {
        "lat": 9.3691969,
        "lon": -79.886467,
        "speed": 0.1,
        "course": null,
        "heading": 246,
        "destination": "VNVUT",
        "last_position_epoch": 1764944280,
        "last_position_UTC": "2025-12-05T14:18:00Z"
      },
      {
        "lat": 9.369133,
        "lon": -79.886436,
        "speed": 0,
        "course": null,
        "heading": 246,
        "destination": "VNVUT",
        "last_position_epoch": 1764942480,
        "last_position_UTC": "2025-12-05T13:48:00Z"
      },
      {
        "lat": 9.3690434,
        "lon": -79.886429,
        "speed": 0,
        "course": null,
        "heading": 246,
        "destination": "VNVUT",
        "last_position_epoch": 1764940680,
        "last_position_UTC": "2025-12-05T13:18:00Z"
      },
      {
        "lat": 9.3692617,
        "lon": -79.886574,
        "speed": 0.1,
        "course": 122,
        "heading": 246,
        "destination": "VNVUT",
        "last_position_epoch": 1764937020,
        "last_position_UTC": "2025-12-05T12:17:00Z"
      },
      {
        "lat": 9.3691521,
        "lon": -79.88649,
        "speed": 0,
        "course": null,
        "heading": 246,
        "destination": "VNVUT",
        "last_position_epoch": 1764933480,
        "last_position_UTC": "2025-12-05T11:18:00Z"
      },
      {
        "lat": 9.3691101,
        "lon": -79.886551,
        "speed": 0,
        "course": null,
        "heading": 246,
        "destination": "VNVUT",
        "last_position_epoch": 1764931860,
        "last_position_UTC": "2025-12-05T10:51:00Z"
      },
      {
        "lat": 9.369113,
        "lon": -79.88636,
        "speed": 0,
        "course": null,
        "heading": 246,
        "destination": "PAMIT",
        "last_position_epoch": 1764930420,
        "last_position_UTC": "2025-12-05T10:27:00Z"
      },
      {
        "lat": 9.3692331,
        "lon": -79.886688,
        "speed": 0,
        "course": 196,
        "heading": 246,
        "destination": "PAMIT",
        "last_position_epoch": 1764928680,
        "last_position_UTC": "2025-12-05T09:58:00Z"
      },
      {
        "lat": 9.3691282,
        "lon": -79.886505,
        "speed": 0,
        "course": 0,
        "heading": 246,
        "destination": "PAMIT",
        "last_position_epoch": 1764926802,
        "last_position_UTC": "2025-12-05T09:26:42Z"
      },
      {
        "lat": 9.3692484,
        "lon": -79.886551,
        "speed": 0,
        "course": 113,
        "heading": 246,
        "destination": "PAMIT",
        "last_position_epoch": 1764923160,
        "last_position_UTC": "2025-12-05T08:26:00Z"
      },
      {
        "lat": 9.3690386,
        "lon": -79.886536,
        "speed": 0,
        "course": null,
        "heading": 246,
        "destination": "PAMIT",
        "last_position_epoch": 1764920880,
        "last_position_UTC": "2025-12-05T07:48:00Z"
      },
      {
        "lat": 9.3689785,
        "lon": -79.88649,
        "speed": 0.1,
        "course": null,
        "heading": 246,
        "destination": "PAMIT",
        "last_position_epoch": 1764919320,
        "last_position_UTC": "2025-12-05T07:22:00Z"
      },
      {
        "lat": 9.3690987,
        "lon": -79.886475,
        "speed": 0,
        "course": null,
        "heading": 246,
        "destination": "PAMIT",
        "last_position_epoch": 1764917640,
        "last_position_UTC": "2025-12-05T06:54:00Z"
      },
      {
        "lat": 9.3690767,
        "lon": -79.886452,
        "speed": 0,
        "course": null,
        "heading": 246,
        "destination": "PAMIT",
        "last_position_epoch": 1764914100,
        "last_position_UTC": "2025-12-05T05:55:00Z"
      },
      {
        "lat": 9.3690434,
        "lon": -79.886513,
        "speed": 0,
        "course": null,
        "heading": 246,
        "destination": "PAMIT",
        "last_position_epoch": 1764912300,
        "last_position_UTC": "2025-12-05T05:25:00Z"
      },
      {
        "lat": 9.3690796,
        "lon": -79.886505,
        "speed": 0,
        "course": null,
        "heading": 246,
        "destination": "PAMIT",
        "last_position_epoch": 1764910020,
        "last_position_UTC": "2025-12-05T04:47:00Z"
      },
      {
        "lat": 9.3691263,
        "lon": -79.886414,
        "speed": 0.1,
        "course": null,
        "heading": 246,
        "destination": "PAMIT",
        "last_position_epoch": 1764908220,
        "last_position_UTC": "2025-12-05T04:17:00Z"
      },
      {
        "lat": 9.3689604,
        "lon": -79.886581,
        "speed": 0,
        "course": null,
        "heading": 246,
        "destination": "PAMIT",
        "last_position_epoch": 1764906540,
        "last_position_UTC": "2025-12-05T03:49:00Z"
      },
      {
        "lat": 9.3690729,
        "lon": -79.886719,
        "speed": 0,
        "course": null,
        "heading": 246,
        "destination": "PAMIT",
        "last_position_epoch": 1764904860,
        "last_position_UTC": "2025-12-05T03:21:00Z"
      },
      {
        "lat": 9.3690596,
        "lon": -79.886482,
        "speed": 0.1,
        "course": null,
        "heading": 246,
        "destination": "PAMIT",
        "last_position_epoch": 1764903360,
        "last_position_UTC": "2025-12-05T02:56:00Z"
      },
      {
        "lat": 9.3691015,
        "lon": -79.886536,
        "speed": 0.1,
        "course": 0,
        "heading": 246,
        "destination": "PAMIT",
        "last_position_epoch": 1764901808,
        "last_position_UTC": "2025-12-05T02:30:08Z"
      },
      {
        "lat": 9.3691149,
        "lon": -79.886543,
        "speed": 0.1,
        "course": null,
        "heading": 246,
        "destination": "PAMIT",
        "last_position_epoch": 1764899640,
        "last_position_UTC": "2025-12-05T01:54:00Z"
      },
      {
        "lat": 9.3689499,
        "lon": -79.886543,
        "speed": 0.1,
        "course": null,
        "heading": 246,
        "destination": "PAMIT",
        "last_position_epoch": 1764897840,
        "last_position_UTC": "2025-12-05T01:24:00Z"
      },
      {
        "lat": 9.3689966,
        "lon": -79.886482,
        "speed": 0,
        "course": null,
        "heading": 246,
        "destination": "PAMIT",
        "last_position_epoch": 1764890760,
        "last_position_UTC": "2025-12-04T23:26:00Z"
      },
      {
        "lat": 9.3689585,
        "lon": -79.886543,
        "speed": 0.1,
        "course": null,
        "heading": 246,
        "destination": "PAMIT",
        "last_position_epoch": 1764888780,
        "last_position_UTC": "2025-12-04T22:53:00Z"
      },
      {
        "lat": 9.3692083,
        "lon": -79.886551,
        "speed": 0.1,
        "course": null,
        "heading": 246,
        "destination": "PAMIT",
        "last_position_epoch": 1764886620,
        "last_position_UTC": "2025-12-04T22:17:00Z"
      },
      {
        "lat": 9.3691254,
        "lon": -79.886604,
        "speed": 0,
        "course": null,
        "heading": 246,
        "destination": "PAMIT",
        "last_position_epoch": 1764883260,
        "last_position_UTC": "2025-12-04T21:21:00Z"
      },
      {
        "lat": 9.3690815,
        "lon": -79.88649,
        "speed": 0,
        "course": 279,
        "heading": 246,
        "destination": "PAMIT",
        "last_position_epoch": 1764879660,
        "last_position_UTC": "2025-12-04T20:21:00Z"
      },
      {
        "lat": 9.3690615,
        "lon": -79.886513,
        "speed": 0,
        "course": null,
        "heading": 246,
        "destination": "PAMIT",
        "last_position_epoch": 1764877920,
        "last_position_UTC": "2025-12-04T19:52:00Z"
      },
      {
        "lat": 9.3691454,
        "lon": -79.886452,
        "speed": 0,
        "course": null,
        "heading": 246,
        "destination": "PAMIT",
        "last_position_epoch": 1764875880,
        "last_position_UTC": "2025-12-04T19:18:00Z"
      },
      {
        "lat": 9.3689699,
        "lon": -79.88623,
        "speed": 0,
        "course": null,
        "heading": 246,
        "destination": "PAMIT",
        "last_position_epoch": 1764874080,
        "last_position_UTC": "2025-12-04T18:48:00Z"
      },
      {
        "lat": 9.3691015,
        "lon": -79.88649,
        "speed": 0,
        "course": null,
        "heading": 246,
        "destination": "PAMIT",
        "last_position_epoch": 1764872280,
        "last_position_UTC": "2025-12-04T18:18:00Z"
      },
      {
        "lat": 9.3691521,
        "lon": -79.886505,
        "speed": 0,
        "course": null,
        "heading": 246,
        "destination": "PAMIT",
        "last_position_epoch": 1764870480,
        "last_position_UTC": "2025-12-04T17:48:00Z"
      },
      {
        "lat": 9.3691034,
        "lon": -79.886505,
        "speed": 0,
        "course": null,
        "heading": 246,
        "destination": "PAMIT",
        "last_position_epoch": 1764865080,
        "last_position_UTC": "2025-12-04T16:18:00Z"
      },
      {
        "lat": 9.3692799,
        "lon": -79.886574,
        "speed": 0,
        "course": null,
        "heading": 246,
        "destination": "PAMIT",
        "last_position_epoch": 1764859620,
        "last_position_UTC": "2025-12-04T14:47:00Z"
      },
      {
        "lat": 9.3688231,
        "lon": -79.888344,
        "speed": 1.7,
        "course": 83,
        "heading": 251,
        "destination": "PAMIT",
        "last_position_epoch": 1764858120,
        "last_position_UTC": "2025-12-04T14:22:00Z"
      },
      {
        "lat": 9.4322834,
        "lon": -79.896362,
        "speed": 5.6,
        "course": 193,
        "heading": 190,
        "destination": "PAMIT",
        "last_position_epoch": 1764854220,
        "last_position_UTC": "2025-12-04T13:17:00Z"
      },
      {
        "lat": 9.4528685,
        "lon": -79.878922,
        "speed": 0.6,
        "course": null,
        "heading": 357,
        "destination": "PAMIT",
        "last_position_epoch": 1764852420,
        "last_position_UTC": "2025-12-04T12:47:00Z"
      },
      {
        "lat": 9.4501753,
        "lon": -79.878632,
        "speed": 0.1,
        "course": null,
        "heading": 39,
        "destination": "PAMIT",
        "last_position_epoch": 1764839700,
        "last_position_UTC": "2025-12-04T09:15:00Z"
      },
      {
        "lat": 9.4499998,
        "lon": -79.878418,
        "speed": 0.1,
        "course": 345,
        "heading": 37,
        "destination": "PAMIT",
        "last_position_epoch": 1764834120,
        "last_position_UTC": "2025-12-04T07:42:00Z"
      },
      {
        "lat": 9.4501667,
        "lon": -79.878716,
        "speed": 0.1,
        "course": null,
        "heading": 47,
        "destination": "PAMIT",
        "last_position_epoch": 1764830820,
        "last_position_UTC": "2025-12-04T06:47:00Z"
      },
      {
        "lat": 9.4500866,
        "lon": -79.878555,
        "speed": 0,
        "course": null,
        "heading": 44,
        "destination": "PAMIT",
        "last_position_epoch": 1764827340,
        "last_position_UTC": "2025-12-04T05:49:00Z"
      },
      {
        "lat": 9.4501419,
        "lon": -79.87867,
        "speed": 0.1,
        "course": null,
        "heading": 46,
        "destination": "PAMIT",
        "last_position_epoch": 1764825420,
        "last_position_UTC": "2025-12-04T05:17:00Z"
      },
      {
        "lat": 9.4501781,
        "lon": -79.878616,
        "speed": 0,
        "course": null,
        "heading": 49,
        "destination": "PAMIT",
        "last_position_epoch": 1764823680,
        "last_position_UTC": "2025-12-04T04:48:00Z"
      },
      {
        "lat": 9.450387,
        "lon": -79.878891,
        "speed": 0.1,
        "course": null,
        "heading": 55,
        "destination": "PAMIT",
        "last_position_epoch": 1764821880,
        "last_position_UTC": "2025-12-04T04:18:00Z"
      },
      {
        "lat": 9.4503536,
        "lon": -79.87883,
        "speed": 0.1,
        "course": null,
        "heading": 51,
        "destination": "PAMIT",
        "last_position_epoch": 1764818580,
        "last_position_UTC": "2025-12-04T03:23:00Z"
      },
      {
        "lat": 9.4504185,
        "lon": -79.878868,
        "speed": 0,
        "course": null,
        "heading": 53,
        "destination": "PAMIT",
        "last_position_epoch": 1764817020,
        "last_position_UTC": "2025-12-04T02:57:00Z"
      },
      {
        "lat": 9.4504137,
        "lon": -79.878777,
        "speed": 0,
        "course": null,
        "heading": 55,
        "destination": "PAMIT",
        "last_position_epoch": 1764815280,
        "last_position_UTC": "2025-12-04T02:28:00Z"
      },
      {
        "lat": 9.4504318,
        "lon": -79.878868,
        "speed": 0,
        "course": null,
        "heading": 56,
        "destination": "PAMIT",
        "last_position_epoch": 1764813360,
        "last_position_UTC": "2025-12-04T01:56:00Z"
      },
      {
        "lat": 9.4504366,
        "lon": -79.878937,
        "speed": 0,
        "course": null,
        "heading": 57,
        "destination": "PAMIT",
        "last_position_epoch": 1764811320,
        "last_position_UTC": "2025-12-04T01:22:00Z"
      },
      {
        "lat": 9.4506664,
        "lon": -79.878929,
        "speed": 0,
        "course": null,
        "heading": 65,
        "destination": "PAMIT",
        "last_position_epoch": 1764805620,
        "last_position_UTC": "2025-12-03T23:47:00Z"
      },
      {
        "lat": 9.4506197,
        "lon": -79.87899,
        "speed": 0,
        "course": 0,
        "heading": 50,
        "destination": "PAMIT",
        "last_position_epoch": 1764804474,
        "last_position_UTC": "2025-12-03T23:27:54Z"
      },
      {
        "lat": 9.4501715,
        "lon": -79.878555,
        "speed": 0.1,
        "course": null,
        "heading": 20,
        "destination": "PAMIT",
        "last_position_epoch": 1764796620,
        "last_position_UTC": "2025-12-03T21:17:00Z"
      },
      {
        "lat": 9.4500084,
        "lon": -79.87809,
        "speed": 0.1,
        "course": null,
        "heading": 1,
        "destination": "PAMIT",
        "last_position_epoch": 1764789420,
        "last_position_UTC": "2025-12-03T19:17:00Z"
      },
      {
        "lat": 9.4499502,
        "lon": -79.878082,
        "speed": 0.1,
        "course": 55,
        "heading": 10,
        "destination": "PAMIT",
        "last_position_epoch": 1764785820,
        "last_position_UTC": "2025-12-03T18:17:00Z"
      },
      {
        "lat": 9.4537249,
        "lon": -79.87487,
        "speed": 0.1,
        "course": 252,
        "heading": 240,
        "destination": "PAMIT",
        "last_position_epoch": 1764771420,
        "last_position_UTC": "2025-12-03T14:17:00Z"
      },
      {
        "lat": 9.453598,
        "lon": -79.874718,
        "speed": 0.1,
        "course": null,
        "heading": 236,
        "destination": "PAMIT",
        "last_position_epoch": 1764767880,
        "last_position_UTC": "2025-12-03T13:18:00Z"
      },
      {
        "lat": 9.4536829,
        "lon": -79.874825,
        "speed": 0,
        "course": null,
        "heading": 233,
        "destination": "PAMIT",
        "last_position_epoch": 1764747840,
        "last_position_UTC": "2025-12-03T07:44:00Z"
      },
      {
        "lat": 9.4536819,
        "lon": -79.874825,
        "speed": 0.1,
        "course": null,
        "heading": 230,
        "destination": "PAMIT",
        "last_position_epoch": 1764740940,
        "last_position_UTC": "2025-12-03T05:49:00Z"
      },
      {
        "lat": 9.4536371,
        "lon": -79.874718,
        "speed": 0,
        "course": null,
        "heading": 232,
        "destination": "PAMIT",
        "last_position_epoch": 1764739020,
        "last_position_UTC": "2025-12-03T05:17:00Z"
      },
      {
        "lat": 9.4536686,
        "lon": -79.874771,
        "speed": 0,
        "course": null,
        "heading": 231,
        "destination": "PAMIT",
        "last_position_epoch": 1764737400,
        "last_position_UTC": "2025-12-03T04:50:00Z"
      },
      {
        "lat": 9.4536047,
        "lon": -79.874695,
        "speed": 0,
        "course": null,
        "heading": 234,
        "destination": "PAMIT",
        "last_position_epoch": 1764735540,
        "last_position_UTC": "2025-12-03T04:19:00Z"
      },
      {
        "lat": 9.4533052,
        "lon": -79.874451,
        "speed": 0,
        "course": null,
        "heading": 242,
        "destination": "PAMIT",
        "last_position_epoch": 1764733740,
        "last_position_UTC": "2025-12-03T03:49:00Z"
      },
      {
        "lat": 9.4534636,
        "lon": -79.874565,
        "speed": 0,
        "course": null,
        "heading": 240,
        "destination": "PAMIT",
        "last_position_epoch": 1764732120,
        "last_position_UTC": "2025-12-03T03:22:00Z"
      },
      {
        "lat": 9.4534636,
        "lon": -79.874542,
        "speed": 0,
        "course": null,
        "heading": 238,
        "destination": "PAMIT",
        "last_position_epoch": 1764730440,
        "last_position_UTC": "2025-12-03T02:54:00Z"
      },
      {
        "lat": 9.4535646,
        "lon": -79.874603,
        "speed": 0.1,
        "course": null,
        "heading": 231,
        "destination": "PAMIT",
        "last_position_epoch": 1764728580,
        "last_position_UTC": "2025-12-03T02:23:00Z"
      },
      {
        "lat": 9.453763,
        "lon": -79.874832,
        "speed": 0.1,
        "course": null,
        "heading": 226,
        "destination": "PAMIT",
        "last_position_epoch": 1764726780,
        "last_position_UTC": "2025-12-03T01:53:00Z"
      },
      {
        "lat": 9.453433,
        "lon": -79.874557,
        "speed": 0,
        "course": null,
        "heading": 234,
        "destination": "PAMIT",
        "last_position_epoch": 1764724980,
        "last_position_UTC": "2025-12-03T01:23:00Z"
      },
      {
        "lat": 9.4529371,
        "lon": -79.874336,
        "speed": 0.1,
        "course": null,
        "heading": 256,
        "destination": "PAMIT",
        "last_position_epoch": 1764717420,
        "last_position_UTC": "2025-12-02T23:17:00Z"
      },
      {
        "lat": 9.4523668,
        "lon": -79.874191,
        "speed": 0,
        "course": null,
        "heading": 276,
        "destination": "PAMIT",
        "last_position_epoch": 1764712020,
        "last_position_UTC": "2025-12-02T21:47:00Z"
      },
      {
        "lat": 9.4527054,
        "lon": -79.874268,
        "speed": 0.1,
        "course": null,
        "heading": 269,
        "destination": "PAMIT",
        "last_position_epoch": 1764708420,
        "last_position_UTC": "2025-12-02T20:47:00Z"
      },
      {
        "lat": 9.4529781,
        "lon": -79.874611,
        "speed": 0,
        "course": null,
        "heading": 255,
        "destination": "PAMIT",
        "last_position_epoch": 1764682920,
        "last_position_UTC": "2025-12-02T13:42:00Z"
      },
      {
        "lat": 9.4525919,
        "lon": -79.874596,
        "speed": 0.1,
        "course": null,
        "heading": 281,
        "destination": "PAMIT",
        "last_position_epoch": 1764677640,
        "last_position_UTC": "2025-12-02T12:14:00Z"
      },
      {
        "lat": 9.4541101,
        "lon": -79.875931,
        "speed": 0.1,
        "course": null,
        "heading": 190,
        "destination": "PAMIT",
        "last_position_epoch": 1764674280,
        "last_position_UTC": "2025-12-02T11:18:00Z"
      },
      {
        "lat": 9.4537401,
        "lon": -79.874924,
        "speed": 0,
        "course": null,
        "heading": 226,
        "destination": "PAMIT",
        "last_position_epoch": 1764670620,
        "last_position_UTC": "2025-12-02T10:17:00Z"
      },
      {
        "lat": 9.453702,
        "lon": -79.874893,
        "speed": 0,
        "course": null,
        "heading": 225,
        "destination": "PAMIT",
        "last_position_epoch": 1764668940,
        "last_position_UTC": "2025-12-02T09:49:00Z"
      },
      {
        "lat": 9.4535933,
        "lon": -79.87471,
        "speed": 0.1,
        "course": null,
        "heading": 236,
        "destination": "PAMIT",
        "last_position_epoch": 1764667140,
        "last_position_UTC": "2025-12-02T09:19:00Z"
      },
      {
        "lat": 9.453743,
        "lon": -79.874817,
        "speed": 0,
        "course": null,
        "heading": 219,
        "destination": "PAMIT",
        "last_position_epoch": 1764658020,
        "last_position_UTC": "2025-12-02T06:47:00Z"
      },
      {
        "lat": 9.4537964,
        "lon": -79.874886,
        "speed": 0.1,
        "course": null,
        "heading": 219,
        "destination": "PAMIT",
        "last_position_epoch": 1764656280,
        "last_position_UTC": "2025-12-02T06:18:00Z"
      },
      {
        "lat": 9.4539471,
        "lon": -79.875076,
        "speed": 0.1,
        "course": null,
        "heading": 208,
        "destination": "PAMIT",
        "last_position_epoch": 1764654420,
        "last_position_UTC": "2025-12-02T05:47:00Z"
      },
      {
        "lat": 9.4540749,
        "lon": -79.875206,
        "speed": 0,
        "course": null,
        "heading": 205,
        "destination": "PAMIT",
        "last_position_epoch": 1764652620,
        "last_position_UTC": "2025-12-02T05:17:00Z"
      },
      {
        "lat": 9.4541569,
        "lon": -79.875366,
        "speed": 0.1,
        "course": null,
        "heading": 199,
        "destination": "PAMIT",
        "last_position_epoch": 1764649200,
        "last_position_UTC": "2025-12-02T04:20:00Z"
      },
      {
        "lat": 9.4541054,
        "lon": -79.875534,
        "speed": 0,
        "course": null,
        "heading": 193,
        "destination": "PAMIT",
        "last_position_epoch": 1764647340,
        "last_position_UTC": "2025-12-02T03:49:00Z"
      },
      {
        "lat": 9.4541616,
        "lon": -79.875687,
        "speed": 0.1,
        "course": null,
        "heading": 189,
        "destination": "PAMIT",
        "last_position_epoch": 1764645720,
        "last_position_UTC": "2025-12-02T03:22:00Z"
      },
      {
        "lat": 9.4540882,
        "lon": -79.875603,
        "speed": 0.1,
        "course": null,
        "heading": 192,
        "destination": "PAMIT",
        "last_position_epoch": 1764644160,
        "last_position_UTC": "2025-12-02T02:56:00Z"
      },
      {
        "lat": 9.4541082,
        "lon": -79.875763,
        "speed": 0,
        "course": null,
        "heading": 191,
        "destination": "PAMIT",
        "last_position_epoch": 1764642360,
        "last_position_UTC": "2025-12-02T02:26:00Z"
      },
      {
        "lat": 9.4542179,
        "lon": -79.875664,
        "speed": 0,
        "course": null,
        "heading": 195,
        "destination": "PAMIT",
        "last_position_epoch": 1764640320,
        "last_position_UTC": "2025-12-02T01:52:00Z"
      },
      {
        "lat": 9.4541998,
        "lon": -79.87571,
        "speed": 0.1,
        "course": null,
        "heading": 193,
        "destination": "PAMIT",
        "last_position_epoch": 1764638220,
        "last_position_UTC": "2025-12-02T01:17:00Z"
      },
      {
        "lat": 9.4541321,
        "lon": -79.875595,
        "speed": 0.1,
        "course": null,
        "heading": 200,
        "destination": "PAMIT",
        "last_position_epoch": 1764634740,
        "last_position_UTC": "2025-12-02T00:19:00Z"
      },
      {
        "lat": 9.4539671,
        "lon": -79.875252,
        "speed": 0,
        "course": null,
        "heading": 210,
        "destination": "PAMIT",
        "last_position_epoch": 1764632940,
        "last_position_UTC": "2025-12-01T23:49:00Z"
      },
      {
        "lat": 9.4539518,
        "lon": -79.875114,
        "speed": 0.1,
        "course": null,
        "heading": 216,
        "destination": "PAMIT",
        "last_position_epoch": 1764631140,
        "last_position_UTC": "2025-12-01T23:19:00Z"
      },
      {
        "lat": 9.4539299,
        "lon": -79.875038,
        "speed": 0,
        "course": null,
        "heading": 217,
        "destination": "PAMIT",
        "last_position_epoch": 1764629280,
        "last_position_UTC": "2025-12-01T22:48:00Z"
      },
      {
        "lat": 9.4538088,
        "lon": -79.875061,
        "speed": 0,
        "course": null,
        "heading": 215,
        "destination": "PAMIT",
        "last_position_epoch": 1764627600,
        "last_position_UTC": "2025-12-01T22:20:00Z"
      },
      {
        "lat": 9.45399,
        "lon": -79.875061,
        "speed": 0,
        "course": null,
        "heading": 212,
        "destination": "PAMIT",
        "last_position_epoch": 1764625680,
        "last_position_UTC": "2025-12-01T21:48:00Z"
      },
      {
        "lat": 9.454195,
        "lon": -79.875412,
        "speed": 0,
        "course": null,
        "heading": 205,
        "destination": "PAMIT",
        "last_position_epoch": 1764623820,
        "last_position_UTC": "2025-12-01T21:17:00Z"
      },
      {
        "lat": 9.4536715,
        "lon": -79.874817,
        "speed": 0.1,
        "course": null,
        "heading": 217,
        "destination": "PAMIT",
        "last_position_epoch": 1764618420,
        "last_position_UTC": "2025-12-01T19:47:00Z"
      },
      {
        "lat": 9.4536715,
        "lon": -79.874817,
        "speed": 0.1,
        "course": 0,
        "heading": 221,
        "destination": "PAMIT",
        "last_position_epoch": 1764618208,
        "last_position_UTC": "2025-12-01T19:43:28Z"
      },
      {
        "lat": 9.4537849,
        "lon": -79.874802,
        "speed": 0,
        "course": null,
        "heading": 223,
        "destination": "PAMIT",
        "last_position_epoch": 1764611220,
        "last_position_UTC": "2025-12-01T17:47:00Z"
      },
      {
        "lat": 9.4540501,
        "lon": -79.874977,
        "speed": 0,
        "course": 106,
        "heading": 218,
        "destination": "PAMIT",
        "last_position_epoch": 1764609420,
        "last_position_UTC": "2025-12-01T17:17:00Z"
      },
      {
        "lat": 9.45362,
        "lon": -79.874847,
        "speed": 0.1,
        "course": null,
        "heading": 216,
        "destination": "PAMIT",
        "last_position_epoch": 1764605820,
        "last_position_UTC": "2025-12-01T16:17:00Z"
      },
      {
        "lat": 9.4537134,
        "lon": -79.874756,
        "speed": 0,
        "course": null,
        "heading": 220,
        "destination": "PAMIT",
        "last_position_epoch": 1764604140,
        "last_position_UTC": "2025-12-01T15:49:00Z"
      },
      {
        "lat": 9.45362,
        "lon": -79.874763,
        "speed": 0,
        "course": null,
        "heading": 237,
        "destination": "PAMIT",
        "last_position_epoch": 1764589620,
        "last_position_UTC": "2025-12-01T11:47:00Z"
      },
      {
        "lat": 9.453618,
        "lon": -79.874763,
        "speed": 0,
        "course": null,
        "heading": 234,
        "destination": "PAMIT",
        "last_position_epoch": 1764586080,
        "last_position_UTC": "2025-12-01T10:48:00Z"
      },
      {
        "lat": 9.453537,
        "lon": -79.874611,
        "speed": 0.1,
        "course": null,
        "heading": 238,
        "destination": "PAMIT",
        "last_position_epoch": 1764584220,
        "last_position_UTC": "2025-12-01T10:17:00Z"
      },
      {
        "lat": 9.4564152,
        "lon": -79.876106,
        "speed": 1.1,
        "course": 180,
        "heading": 191,
        "destination": "PAMIT",
        "last_position_epoch": 1764575220,
        "last_position_UTC": "2025-12-01T07:47:00Z"
      },
      {
        "lat": 9.4780598,
        "lon": -79.875893,
        "speed": 4.3,
        "course": 180,
        "heading": 185,
        "destination": "PAMIT",
        "last_position_epoch": 1764573420,
        "last_position_UTC": "2025-12-01T07:17:00Z"
      },
      {
        "lat": 9.6185551,
        "lon": -79.863228,
        "speed": 6.1,
        "course": 183,
        "heading": 195,
        "destination": "PAMIT",
        "last_position_epoch": 1764569820,
        "last_position_UTC": "2025-12-01T06:17:00Z"
      },
      {
        "lat": 9.6976719,
        "lon": -79.86264,
        "speed": 13.3,
        "course": 183,
        "heading": 187,
        "destination": "PAMIT",
        "last_position_epoch": 1764568080,
        "last_position_UTC": "2025-12-01T05:48:00Z"
      },
      {
        "lat": 9.7777567,
        "lon": -79.840584,
        "speed": 11.6,
        "course": 206,
        "heading": 208,
        "destination": "PAMIT",
        "last_position_epoch": 1764566220,
        "last_position_UTC": "2025-12-01T05:17:00Z"
      },
      {
        "lat": 9.7777567,
        "lon": -79.840584,
        "speed": 11.6,
        "course": 206,
        "heading": 208,
        "destination": "PAMIT",
        "last_position_epoch": 1764566144,
        "last_position_UTC": "2025-12-01T05:15:44Z"
      },
      {
        "lat": 10.016071,
        "lon": -79.707169,
        "speed": 13.3,
        "course": 207,
        "heading": 208,
        "destination": "PAMIT",
        "last_position_epoch": 1764562740,
        "last_position_UTC": "2025-12-01T04:19:00Z"
      },
      {
        "lat": 10.057502,
        "lon": -79.684883,
        "speed": 13.1,
        "course": 208,
        "heading": 208,
        "destination": "PAMIT",
        "last_position_epoch": 1764561060,
        "last_position_UTC": "2025-12-01T03:51:00Z"
      },
      {
        "lat": 10.27334,
        "lon": -79.564537,
        "speed": 13.1,
        "course": 208,
        "heading": 208,
        "destination": "PAMIT",
        "last_position_epoch": 1764557460,
        "last_position_UTC": "2025-12-01T02:51:00Z"
      },
      {
        "lat": 10.369746,
        "lon": -79.509544,
        "speed": 13.3,
        "course": 209,
        "heading": 209,
        "destination": "PAMIT",
        "last_position_epoch": 1764556200,
        "last_position_UTC": "2025-12-01T02:30:00Z"
      },
      {
        "lat": 10.434703,
        "lon": -79.472466,
        "speed": 12.8,
        "course": 209,
        "heading": 209,
        "destination": "PAMIT",
        "last_position_epoch": 1764554640,
        "last_position_UTC": "2025-12-01T02:04:00Z"
      },
      {
        "lat": 10.535985,
        "lon": -79.414284,
        "speed": 13.1,
        "course": 208,
        "heading": 209,
        "destination": "PAMIT",
        "last_position_epoch": 1764552480,
        "last_position_UTC": "2025-12-01T01:28:00Z"
      }
    ]
  },
  "meta": {
    "duration": 0.018377967,
    "endpoint": "/api/v0/vessel_history",
    "success": true
  }
}