{
  "data": {
    "uuid": "5ec10216-013e-9fc6-30ee-fb9bfba53c83",
    "name": "MOL COURAGE",
    "mmsi": "431296000",
    "imo": "9321263",
    "eni": null,
    "country_iso": "JP",
    "type": "Cargo - Hazard A (Major)",
    "type_specific": "Container Ship",
    "positions": [
      {
        "lat": 22.66502,
        "lon": 116.86088,
        "speed": 12,
        "course": 69,
        "heading": 71,
        "destination": "CN NGB",
        "last_position_epoch": 1765029360,
        "last_position_UTC": "2025-12-06T13:56:00Z"
      },
      {
        "lat": 22.625656,
        "lon": 116.76523,
        "speed": 12.1,
        "course": 52,
        "heading": 54,
        "destination": "CN NGB",
        "last_position_epoch": 1765027680,
        "last_position_UTC": "2025-12-06T13:28:00Z"
      },
      {
        "lat": 22.550793,
        "lon": 116.6716,
        "speed": 12,
        "course": 49,
        "heading": 51,
        "destination": "CN NGB",
        "last_position_epoch": 1765025880,
        "last_position_UTC": "2025-12-06T12:58:00Z"
      },
      {
        "lat": 22.411404,
        "lon": 116.50879,
        "speed": 11.6,
        "course": 31,
        "heading": null,
        "destination": "CN NGB",
        "last_position_epoch": 1765021800,
        "last_position_UTC": "2025-12-06T11:50:00Z"
      },
      {
        "lat": 22.34096,
        "lon": 116.46108,
        "speed": 11.5,
        "course": 45,
        "heading": null,
        "destination": "CN NGB",
        "last_position_epoch": 1765020300,
        "last_position_UTC": "2025-12-06T11:25:00Z"
      },
      {
        "lat": 22.253481,
        "lon": 116.25629,
        "speed": 10.8,
        "course": 80,
        "heading": null,
        "destination": "CN NGB",
        "last_position_epoch": 1765016520,
        "last_position_UTC": "2025-12-06T10:22:00Z"
      },
      {
        "lat": 22.241257,
        "lon": 116.19143,
        "speed": 10.6,
        "course": 79,
        "heading": null,
        "destination": "CN NGB",
        "last_position_epoch": 1765014840,
        "last_position_UTC": "2025-12-06T09:54:00Z"
      },
      {
        "lat": 22.260458,
        "lon": 115.90189,
        "speed": 10.8,
        "course": 88,
        "heading": 88,
        "destination": "CN NGB",
        "last_position_epoch": 1765009380,
        "last_position_UTC": "2025-12-06T08:23:00Z"
      },
      {
        "lat": 22.256989,
        "lon": 115.78104,
        "speed": 11.1,
        "course": 88,
        "heading": 87,
        "destination": "CN NGB",
        "last_position_epoch": 1765007880,
        "last_position_UTC": "2025-12-06T07:58:00Z"
      },
      {
        "lat": 22.251499,
        "lon": 115.71701,
        "speed": 11.3,
        "course": 79,
        "heading": 126,
        "destination": "CN NGB",
        "last_position_epoch": 1765006110,
        "last_position_UTC": "2025-12-06T07:28:30Z"
      },
      {
        "lat": 22.239336,
        "lon": 115.62819,
        "speed": 10.5,
        "course": 136,
        "heading": 126,
        "destination": "CN NGB",
        "last_position_epoch": 1765004400,
        "last_position_UTC": "2025-12-06T07:00:00Z"
      },
      {
        "lat": 22.245344,
        "lon": 115.49611,
        "speed": 11.1,
        "course": 84,
        "heading": null,
        "destination": "CN NGB",
        "last_position_epoch": 1765002060,
        "last_position_UTC": "2025-12-06T06:21:00Z"
      },
      {
        "lat": 22.237301,
        "lon": 115.41077,
        "speed": 11.1,
        "course": 84,
        "heading": 84,
        "destination": "CN NGB",
        "last_position_epoch": 1765000560,
        "last_position_UTC": "2025-12-06T05:56:00Z"
      },
      {
        "lat": 22.219374,
        "lon": 115.30416,
        "speed": 11.1,
        "course": 75,
        "heading": null,
        "destination": "CN NGB",
        "last_position_epoch": 1764998640,
        "last_position_UTC": "2025-12-06T05:24:00Z"
      },
      {
        "lat": 22.187361,
        "lon": 115.19504,
        "speed": 11.1,
        "course": 85,
        "heading": 84,
        "destination": "CN NGB",
        "last_position_epoch": 1764996960,
        "last_position_UTC": "2025-12-06T04:56:00Z"
      },
      {
        "lat": 22.18199,
        "lon": 115.12112,
        "speed": 11.1,
        "course": 86,
        "heading": 85,
        "destination": "CN NGB",
        "last_position_epoch": 1764995280,
        "last_position_UTC": "2025-12-06T04:28:00Z"
      },
      {
        "lat": 22.187859,
        "lon": 115.02233,
        "speed": 11.3,
        "course": 102,
        "heading": 102,
        "destination": "CN NGB",
        "last_position_epoch": 1764993360,
        "last_position_UTC": "2025-12-06T03:56:00Z"
      },
      {
        "lat": 22.210495,
        "lon": 114.91015,
        "speed": 11.3,
        "course": 101,
        "heading": 100,
        "destination": "CN NGB",
        "last_position_epoch": 1764991740,
        "last_position_UTC": "2025-12-06T03:29:00Z"
      },
      {
        "lat": 22.229897,
        "lon": 114.83784,
        "speed": 11.6,
        "course": 111,
        "heading": 110,
        "destination": "CN NGB",
        "last_position_epoch": 1764990000,
        "last_position_UTC": "2025-12-06T03:00:00Z"
      },
      {
        "lat": 22.255625,
        "lon": 114.76185333333333,
        "speed": 11.6,
        "course": 109,
        "heading": 108,
        "destination": "CN NGB",
        "last_position_epoch": 1764988550,
        "last_position_UTC": "2025-12-06T02:35:50Z"
      },
      {
        "lat": 22.299091,
        "lon": 114.63786,
        "speed": 11.5,
        "course": 112,
        "heading": 111,
        "destination": "CN NGB",
        "last_position_epoch": 1764986280,
        "last_position_UTC": "2025-12-06T01:58:00Z"
      },
      {
        "lat": 22.331625,
        "lon": 114.56738333333334,
        "speed": 11.7,
        "course": 116.9,
        "heading": 114,
        "destination": "CNYTN",
        "last_position_epoch": 1764984908,
        "last_position_UTC": "2025-12-06T01:35:08Z"
      },
      {
        "lat": 22.420023,
        "lon": 114.47687,
        "speed": 11.3,
        "course": 158,
        "heading": 157,
        "destination": "CNYTN",
        "last_position_epoch": 1764982740,
        "last_position_UTC": "2025-12-06T00:59:00Z"
      },
      {
        "lat": 22.489105,
        "lon": 114.43455,
        "speed": 7.9,
        "course": 144,
        "heading": 145,
        "destination": "CNYTN",
        "last_position_epoch": 1764980940,
        "last_position_UTC": "2025-12-06T00:29:00Z"
      },
      {
        "lat": 22.55298,
        "lon": 114.34692,
        "speed": 13.8,
        "course": 99,
        "heading": 100,
        "destination": "CNYTN",
        "last_position_epoch": 1764979140,
        "last_position_UTC": "2025-12-05T23:59:00Z"
      },
      {
        "lat": 22.567987,
        "lon": 114.26512,
        "speed": 1.2,
        "course": 124,
        "heading": 127,
        "destination": "CNYTN",
        "last_position_epoch": 1764977040,
        "last_position_UTC": "2025-12-05T23:24:00Z"
      },
      {
        "lat": 22.573542,
        "lon": 114.26787,
        "speed": 0,
        "course": 358,
        "heading": 319,
        "destination": "CNYTN",
        "last_position_epoch": 1764975480,
        "last_position_UTC": "2025-12-05T22:58:00Z"
      },
      {
        "lat": 22.573605,
        "lon": 114.26789,
        "speed": 0,
        "course": 358,
        "heading": 319,
        "destination": "CNYTN",
        "last_position_epoch": 1764973620,
        "last_position_UTC": "2025-12-05T22:27:00Z"
      },
      {
        "lat": 22.573566,
        "lon": 114.26791,
        "speed": 0,
        "course": 358,
        "heading": 319,
        "destination": "CNYTN",
        "last_position_epoch": 1764957480,
        "last_position_UTC": "2025-12-05T17:58:00Z"
      },
      {
        "lat": 22.573544,
        "lon": 114.26789,
        "speed": 0,
        "course": 358,
        "heading": 319,
        "destination": "CNYTN",
        "last_position_epoch": 1764955740,
        "last_position_UTC": "2025-12-05T17:29:00Z"
      },
      {
        "lat": 22.573654,
        "lon": 114.26794,
        "speed": 0,
        "course": 358,
        "heading": 319,
        "destination": "CNYTN",
        "last_position_epoch": 1764952080,
        "last_position_UTC": "2025-12-05T16:28:00Z"
      },
      {
        "lat": 22.573866,
        "lon": 114.26788,
        "speed": 0,
        "course": 358,
        "heading": 319,
        "destination": "CNYTN",
        "last_position_epoch": 1764949800,
        "last_position_UTC": "2025-12-05T15:50:00Z"
      },
      {
        "lat": 22.573612,
        "lon": 114.26785,
        "speed": 0,
        "course": 358,
        "heading": 319,
        "destination": "CNYTN",
        "last_position_epoch": 1764948000,
        "last_position_UTC": "2025-12-05T15:20:00Z"
      },
      {
        "lat": 22.57357,
        "lon": 114.26788,
        "speed": 0,
        "course": 358,
        "heading": 319,
        "destination": "CNYTN",
        "last_position_epoch": 1764946500,
        "last_position_UTC": "2025-12-05T14:55:00Z"
      },
      {
        "lat": 22.573576,
        "lon": 114.26787,
        "speed": 0,
        "course": 358,
        "heading": 319,
        "destination": "CNYTN",
        "last_position_epoch": 1764944700,
        "last_position_UTC": "2025-12-05T14:25:00Z"
      },
      {
        "lat": 22.573559,
        "lon": 114.26792,
        "speed": 0,
        "course": 358,
        "heading": 319,
        "destination": "CNYTN",
        "last_position_epoch": 1764940980,
        "last_position_UTC": "2025-12-05T13:23:00Z"
      },
      {
        "lat": 22.573673,
        "lon": 114.26789,
        "speed": 0,
        "course": 358,
        "heading": 319,
        "destination": "CNYTN",
        "last_position_epoch": 1764939240,
        "last_position_UTC": "2025-12-05T12:54:00Z"
      },
      {
        "lat": 22.573576,
        "lon": 114.26792,
        "speed": 0,
        "course": 358,
        "heading": 319,
        "destination": "CNYTN",
        "last_position_epoch": 1764937740,
        "last_position_UTC": "2025-12-05T12:29:00Z"
      },
      {
        "lat": 22.573622,
        "lon": 114.26791,
        "speed": 0,
        "course": 358,
        "heading": 319,
        "destination": "CNYTN",
        "last_position_epoch": 1764935760,
        "last_position_UTC": "2025-12-05T11:56:00Z"
      },
      {
        "lat": 22.573593,
        "lon": 114.268,
        "speed": 0,
        "course": 358,
        "heading": 319,
        "destination": "CNYTN",
        "last_position_epoch": 1764933780,
        "last_position_UTC": "2025-12-05T11:23:00Z"
      },
      {
        "lat": 22.57361,
        "lon": 114.26797,
        "speed": 0,
        "course": 358,
        "heading": 319,
        "destination": "CNYTN",
        "last_position_epoch": 1764932280,
        "last_position_UTC": "2025-12-05T10:58:00Z"
      },
      {
        "lat": 22.573664,
        "lon": 114.26804,
        "speed": 0,
        "course": 358,
        "heading": 319,
        "destination": "CNYTN",
        "last_position_epoch": 1764930480,
        "last_position_UTC": "2025-12-05T10:28:00Z"
      },
      {
        "lat": 22.573708,
        "lon": 114.26804,
        "speed": 0,
        "course": 358,
        "heading": 319,
        "destination": "CNYTN",
        "last_position_epoch": 1764928920,
        "last_position_UTC": "2025-12-05T10:02:00Z"
      },
      {
        "lat": 22.573793,
        "lon": 114.26788,
        "speed": 0,
        "course": 358,
        "heading": 319,
        "destination": "CNYTN",
        "last_position_epoch": 1764927120,
        "last_position_UTC": "2025-12-05T09:32:00Z"
      },
      {
        "lat": 22.573658,
        "lon": 114.26794,
        "speed": 0,
        "course": 358,
        "heading": 319,
        "destination": "CNYTN",
        "last_position_epoch": 1764921480,
        "last_position_UTC": "2025-12-05T07:58:00Z"
      },
      {
        "lat": 22.573694,
        "lon": 114.26789,
        "speed": 0,
        "course": 358,
        "heading": 319,
        "destination": "CNYTN",
        "last_position_epoch": 1764919740,
        "last_position_UTC": "2025-12-05T07:29:00Z"
      },
      {
        "lat": 22.572983,
        "lon": 114.26737,
        "speed": 0.4,
        "course": 336,
        "heading": 329,
        "destination": "CNYTN",
        "last_position_epoch": 1764918000,
        "last_position_UTC": "2025-12-05T07:00:00Z"
      },
      {
        "lat": 22.563772,
        "lon": 114.30061,
        "speed": 10.3,
        "course": 261,
        "heading": 259,
        "destination": "CNYTN",
        "last_position_epoch": 1764916200,
        "last_position_UTC": "2025-12-05T06:30:00Z"
      },
      {
        "lat": 22.536425,
        "lon": 114.39394,
        "speed": 14.6,
        "course": 305,
        "heading": 304,
        "destination": "CNYTN",
        "last_position_epoch": 1764914460,
        "last_position_UTC": "2025-12-05T06:01:00Z"
      },
      {
        "lat": 22.476019,
        "lon": 114.45634,
        "speed": 2.5,
        "course": 280,
        "heading": 273,
        "destination": "CNYTN",
        "last_position_epoch": 1764912540,
        "last_position_UTC": "2025-12-05T05:29:00Z"
      },
      {
        "lat": 22.459099,
        "lon": 114.46423,
        "speed": 2,
        "course": 336,
        "heading": 344,
        "destination": "CNYTN",
        "last_position_epoch": 1764910800,
        "last_position_UTC": "2025-12-05T05:00:00Z"
      },
      {
        "lat": 22.438246,
        "lon": 114.47716,
        "speed": 5.5,
        "course": 286,
        "heading": 297,
        "destination": "CNYTN",
        "last_position_epoch": 1764908940,
        "last_position_UTC": "2025-12-05T04:29:00Z"
      },
      {
        "lat": 22.435465,
        "lon": 114.507675,
        "speed": 5.1,
        "course": 275.1,
        "heading": 274,
        "destination": "CNYTN",
        "last_position_epoch": 1764907376,
        "last_position_UTC": "2025-12-05T04:02:56Z"
      },
      {
        "lat": 22.432455,
        "lon": 114.54989833333333,
        "speed": 5.6,
        "course": 281.6,
        "heading": 272,
        "destination": "CNYTN",
        "last_position_epoch": 1764906057,
        "last_position_UTC": "2025-12-05T03:40:57Z"
      },
      {
        "lat": 22.424154,
        "lon": 114.55249,
        "speed": 0.1,
        "course": 22,
        "heading": 82,
        "destination": "CNYTN",
        "last_position_epoch": 1764903480,
        "last_position_UTC": "2025-12-05T02:58:00Z"
      },
      {
        "lat": 22.423826666666667,
        "lon": 114.55247833333334,
        "speed": 0.1,
        "course": 24.8,
        "heading": 76,
        "destination": "CNYTN",
        "last_position_epoch": 1764902463,
        "last_position_UTC": "2025-12-05T02:41:03Z"
      },
      {
        "lat": 22.424126,
        "lon": 114.55245,
        "speed": 0,
        "course": 167,
        "heading": 89,
        "destination": "CNYTN",
        "last_position_epoch": 1764900180,
        "last_position_UTC": "2025-12-05T02:03:00Z"
      },
      {
        "lat": 22.424248333333335,
        "lon": 114.55243333333334,
        "speed": 0.1,
        "course": 329.6,
        "heading": 87,
        "destination": "CNYTN",
        "last_position_epoch": 1764898682,
        "last_position_UTC": "2025-12-05T01:38:02Z"
      },
      {
        "lat": 22.42407,
        "lon": 114.55244166666667,
        "speed": 0,
        "course": 282.4,
        "heading": 88,
        "destination": "CNYTN",
        "last_position_epoch": 1764896880,
        "last_position_UTC": "2025-12-05T01:08:00Z"
      },
      {
        "lat": 22.423918333333333,
        "lon": 114.55246666666666,
        "speed": 0.2,
        "course": 338.5,
        "heading": 80,
        "destination": "CNYTN",
        "last_position_epoch": 1764894724,
        "last_position_UTC": "2025-12-05T00:32:04Z"
      },
      {
        "lat": 22.424061,
        "lon": 114.55238,
        "speed": 0.1,
        "course": 337,
        "heading": 85,
        "destination": "CNYTN",
        "last_position_epoch": 1764892560,
        "last_position_UTC": "2025-12-04T23:56:00Z"
      },
      {
        "lat": 22.424128,
        "lon": 114.5524,
        "speed": 0,
        "course": 322,
        "heading": 90,
        "destination": "CNYTN",
        "last_position_epoch": 1764891000,
        "last_position_UTC": "2025-12-04T23:30:00Z"
      },
      {
        "lat": 22.42404,
        "lon": 114.55241,
        "speed": 0,
        "course": 297,
        "heading": 89,
        "destination": "CNYTN",
        "last_position_epoch": 1764889200,
        "last_position_UTC": "2025-12-04T23:00:00Z"
      },
      {
        "lat": 22.423796666666668,
        "lon": 114.55248,
        "speed": 0.1,
        "course": 185,
        "heading": 83,
        "destination": "CNYTN",
        "last_position_epoch": 1764888064,
        "last_position_UTC": "2025-12-04T22:41:04Z"
      },
      {
        "lat": 22.423723333333335,
        "lon": 114.55246833333334,
        "speed": 0.1,
        "course": 349.2,
        "heading": 77,
        "destination": "CNYTN",
        "last_position_epoch": 1764885900,
        "last_position_UTC": "2025-12-04T22:05:00Z"
      },
      {
        "lat": 22.423978333333334,
        "lon": 114.55241333333333,
        "speed": 0.1,
        "course": 318.5,
        "heading": 82,
        "destination": "CNYTN",
        "last_position_epoch": 1764884284,
        "last_position_UTC": "2025-12-04T21:38:04Z"
      },
      {
        "lat": 22.42385,
        "lon": 114.55240166666667,
        "speed": 0.1,
        "course": 313.2,
        "heading": 81,
        "destination": "CNYTN",
        "last_position_epoch": 1764882663,
        "last_position_UTC": "2025-12-04T21:11:03Z"
      },
      {
        "lat": 22.42382,
        "lon": 114.55241833333334,
        "speed": 0,
        "course": 197.2,
        "heading": 84,
        "destination": "CNYTN",
        "last_position_epoch": 1764880502,
        "last_position_UTC": "2025-12-04T20:35:02Z"
      },
      {
        "lat": 22.423728333333333,
        "lon": 114.55240833333333,
        "speed": 0,
        "course": 212,
        "heading": 81,
        "destination": "CNYTN",
        "last_position_epoch": 1764878700,
        "last_position_UTC": "2025-12-04T20:05:00Z"
      },
      {
        "lat": 22.423994,
        "lon": 114.55243,
        "speed": 0.1,
        "course": 188,
        "heading": 88,
        "destination": "CNYTN",
        "last_position_epoch": 1764876180,
        "last_position_UTC": "2025-12-04T19:23:00Z"
      },
      {
        "lat": 22.424013333333335,
        "lon": 114.552435,
        "speed": 0.1,
        "course": 2.7,
        "heading": 82,
        "destination": "CNYTN",
        "last_position_epoch": 1764874918,
        "last_position_UTC": "2025-12-04T19:01:58Z"
      },
      {
        "lat": 22.423748333333332,
        "lon": 114.55240833333333,
        "speed": 0,
        "course": 110.9,
        "heading": 79,
        "destination": "CNYTN",
        "last_position_epoch": 1764872943,
        "last_position_UTC": "2025-12-04T18:29:03Z"
      },
      {
        "lat": 22.42406,
        "lon": 114.55236833333333,
        "speed": 0.1,
        "course": 281.3,
        "heading": 87,
        "destination": "CNYTN",
        "last_position_epoch": 1764871320,
        "last_position_UTC": "2025-12-04T18:02:00Z"
      },
      {
        "lat": 22.424185,
        "lon": 114.55236,
        "speed": 0,
        "course": 0,
        "heading": 88,
        "destination": "CNYTN",
        "last_position_epoch": 1764868986,
        "last_position_UTC": "2025-12-04T17:23:06Z"
      },
      {
        "lat": 22.42403,
        "lon": 114.55243,
        "speed": 0.1,
        "course": 181,
        "heading": 88,
        "destination": "CNYTN",
        "last_position_epoch": 1764867420,
        "last_position_UTC": "2025-12-04T16:57:00Z"
      },
      {
        "lat": 22.424098333333333,
        "lon": 114.55241333333333,
        "speed": 0.1,
        "course": 222.3,
        "heading": 83,
        "destination": "CNYTN",
        "last_position_epoch": 1764865921,
        "last_position_UTC": "2025-12-04T16:32:01Z"
      },
      {
        "lat": 22.424337,
        "lon": 114.55243,
        "speed": 0.1,
        "course": 133,
        "heading": 90,
        "destination": "CNYTN",
        "last_position_epoch": 1764863640,
        "last_position_UTC": "2025-12-04T15:54:00Z"
      },
      {
        "lat": 22.424522,
        "lon": 114.55238,
        "speed": 0.1,
        "course": 317,
        "heading": 96,
        "destination": "CNYTN",
        "last_position_epoch": 1764861900,
        "last_position_UTC": "2025-12-04T15:25:00Z"
      },
      {
        "lat": 22.42448,
        "lon": 114.5524,
        "speed": 0.1,
        "course": 325,
        "heading": 93,
        "destination": "CNYTN",
        "last_position_epoch": 1764860160,
        "last_position_UTC": "2025-12-04T14:56:00Z"
      },
      {
        "lat": 22.42457,
        "lon": 114.55238,
        "speed": 0.1,
        "course": 317,
        "heading": 100,
        "destination": "CNYTN",
        "last_position_epoch": 1764858540,
        "last_position_UTC": "2025-12-04T14:29:00Z"
      },
      {
        "lat": 22.424522,
        "lon": 114.55248,
        "speed": 0,
        "course": 291,
        "heading": 94,
        "destination": "CNYTN",
        "last_position_epoch": 1764856680,
        "last_position_UTC": "2025-12-04T13:58:00Z"
      },
      {
        "lat": 22.424362,
        "lon": 114.55238,
        "speed": 0,
        "course": 223,
        "heading": 89,
        "destination": "CNYTN",
        "last_position_epoch": 1764854760,
        "last_position_UTC": "2025-12-04T13:26:00Z"
      },
      {
        "lat": 22.424496,
        "lon": 114.55251,
        "speed": 0.1,
        "course": 334,
        "heading": 91,
        "destination": "CNYTN",
        "last_position_epoch": 1764852960,
        "last_position_UTC": "2025-12-04T12:56:00Z"
      },
      {
        "lat": 22.424641,
        "lon": 114.55248,
        "speed": 0.1,
        "course": 254,
        "heading": 101,
        "destination": "CNYTN",
        "last_position_epoch": 1764850920,
        "last_position_UTC": "2025-12-04T12:22:00Z"
      },
      {
        "lat": 22.424643,
        "lon": 114.55248,
        "speed": 0.1,
        "course": 330,
        "heading": 103,
        "destination": "CNYTN",
        "last_position_epoch": 1764849360,
        "last_position_UTC": "2025-12-04T11:56:00Z"
      },
      {
        "lat": 22.424849,
        "lon": 114.55252,
        "speed": 0.1,
        "course": 330,
        "heading": 105,
        "destination": "CNYTN",
        "last_position_epoch": 1764847680,
        "last_position_UTC": "2025-12-04T11:28:00Z"
      },
      {
        "lat": 22.424929,
        "lon": 114.55261,
        "speed": 0.1,
        "course": 42,
        "heading": 108,
        "destination": "CNYTN",
        "last_position_epoch": 1764845460,
        "last_position_UTC": "2025-12-04T10:51:00Z"
      },
      {
        "lat": 22.424789,
        "lon": 114.55275,
        "speed": 0.3,
        "course": 108,
        "heading": 108,
        "destination": "CNYTN",
        "last_position_epoch": 1764843960,
        "last_position_UTC": "2025-12-04T10:26:00Z"
      },
      {
        "lat": 22.424873,
        "lon": 114.55254,
        "speed": 0,
        "course": 357,
        "heading": 105,
        "destination": "CNYTN",
        "last_position_epoch": 1764842100,
        "last_position_UTC": "2025-12-04T09:55:00Z"
      },
      {
        "lat": 22.424757,
        "lon": 114.55252,
        "speed": 0,
        "course": 15,
        "heading": 99,
        "destination": "CNYTN",
        "last_position_epoch": 1764840240,
        "last_position_UTC": "2025-12-04T09:24:00Z"
      },
      {
        "lat": 22.424862,
        "lon": 114.55251,
        "speed": 0,
        "course": 15,
        "heading": 107,
        "destination": "CNYTN",
        "last_position_epoch": 1764838620,
        "last_position_UTC": "2025-12-04T08:57:00Z"
      },
      {
        "lat": 22.425049,
        "lon": 114.55252,
        "speed": 0,
        "course": 15,
        "heading": 111,
        "destination": "CNYTN",
        "last_position_epoch": 1764836760,
        "last_position_UTC": "2025-12-04T08:26:00Z"
      },
      {
        "lat": 22.425024,
        "lon": 114.55254,
        "speed": 0,
        "course": 15,
        "heading": 111,
        "destination": "CNYTN",
        "last_position_epoch": 1764834960,
        "last_position_UTC": "2025-12-04T07:56:00Z"
      },
      {
        "lat": 22.424967,
        "lon": 114.55259,
        "speed": 0,
        "course": 15,
        "heading": 108,
        "destination": "CNYTN",
        "last_position_epoch": 1764832980,
        "last_position_UTC": "2025-12-04T07:23:00Z"
      },
      {
        "lat": 22.425037,
        "lon": 114.55251,
        "speed": 0,
        "course": 15,
        "heading": 110,
        "destination": "CNYTN",
        "last_position_epoch": 1764831360,
        "last_position_UTC": "2025-12-04T06:56:00Z"
      },
      {
        "lat": 22.425056,
        "lon": 114.5526,
        "speed": 0,
        "course": 15,
        "heading": 113,
        "destination": "CNYTN",
        "last_position_epoch": 1764829440,
        "last_position_UTC": "2025-12-04T06:24:00Z"
      },
      {
        "lat": 22.42487,
        "lon": 114.55254,
        "speed": 0.1,
        "course": 15,
        "heading": 110,
        "destination": "CNYTN",
        "last_position_epoch": 1764827940,
        "last_position_UTC": "2025-12-04T05:59:00Z"
      },
      {
        "lat": 22.424946,
        "lon": 114.55247,
        "speed": 0,
        "course": 359,
        "heading": 109,
        "destination": "CNYTN",
        "last_position_epoch": 1764826020,
        "last_position_UTC": "2025-12-04T05:27:00Z"
      },
      {
        "lat": 22.424458,
        "lon": 114.55241,
        "speed": 0.1,
        "course": 325,
        "heading": 88,
        "destination": "CNYTN",
        "last_position_epoch": 1764823620,
        "last_position_UTC": "2025-12-04T04:47:00Z"
      },
      {
        "lat": 22.424075,
        "lon": 114.55237333333334,
        "speed": 0,
        "course": 224.7,
        "heading": 81,
        "destination": "CNYTN",
        "last_position_epoch": 1764823077,
        "last_position_UTC": "2025-12-04T04:37:57Z"
      },
      {
        "lat": 22.424096666666667,
        "lon": 114.55407666666666,
        "speed": 0.4,
        "course": 292.9,
        "heading": 74,
        "destination": "CNYTN",
        "last_position_epoch": 1764820873,
        "last_position_UTC": "2025-12-04T04:01:13Z"
      },
      {
        "lat": 22.399758333333335,
        "lon": 114.55302333333333,
        "speed": 8.8,
        "course": 0.9,
        "heading": 5,
        "destination": "CNYTN",
        "last_position_epoch": 1764819721,
        "last_position_UTC": "2025-12-04T03:42:01Z"
      },
      {
        "lat": 22.292543333333334,
        "lon": 114.54740833333334,
        "speed": 10.9,
        "course": 359.6,
        "heading": 5,
        "destination": "CNYTN",
        "last_position_epoch": 1764817543,
        "last_position_UTC": "2025-12-04T03:05:43Z"
      },
      {
        "lat": 22.22317,
        "lon": 114.553385,
        "speed": 10.7,
        "course": 355.7,
        "heading": 0,
        "destination": "CNYTN",
        "last_position_epoch": 1764816172,
        "last_position_UTC": "2025-12-04T02:42:52Z"
      },
      {
        "lat": 22.130425,
        "lon": 114.519695,
        "speed": 10.2,
        "course": 63.9,
        "heading": 52,
        "destination": "CNYTN",
        "last_position_epoch": 1764814032,
        "last_position_UTC": "2025-12-04T02:07:12Z"
      },
      {
        "lat": 22.113721666666667,
        "lon": 114.44490666666667,
        "speed": 10.3,
        "course": 82.5,
        "heading": 79,
        "destination": "CNYTN",
        "last_position_epoch": 1764812543,
        "last_position_UTC": "2025-12-04T01:42:23Z"
      },
      {
        "lat": 22.105798333333333,
        "lon": 114.33904666666666,
        "speed": 10,
        "course": 95.6,
        "heading": 90,
        "destination": "CNYTN",
        "last_position_epoch": 1764810473,
        "last_position_UTC": "2025-12-04T01:07:53Z"
      },
      {
        "lat": 22.116805,
        "lon": 114.24393666666667,
        "speed": 10.3,
        "course": 91.5,
        "heading": 88,
        "destination": "CNYTN",
        "last_position_epoch": 1764808682,
        "last_position_UTC": "2025-12-04T00:38:02Z"
      },
      {
        "lat": 22.170691666666666,
        "lon": 114.19282833333334,
        "speed": 10,
        "course": 153.9,
        "heading": 148,
        "destination": "CNYTN",
        "last_position_epoch": 1764806833,
        "last_position_UTC": "2025-12-04T00:07:13Z"
      },
      {
        "lat": 22.22605,
        "lon": 114.14314833333333,
        "speed": 6.7,
        "course": 131.6,
        "heading": 121,
        "destination": "CNYTN",
        "last_position_epoch": 1764805183,
        "last_position_UTC": "2025-12-03T23:39:43Z"
      },
      {
        "lat": 22.296935,
        "lon": 114.096025,
        "speed": 10.6,
        "course": 163.1,
        "heading": 159,
        "destination": "CNYTN",
        "last_position_epoch": 1764803271,
        "last_position_UTC": "2025-12-03T23:07:51Z"
      },
      {
        "lat": 22.34261,
        "lon": 114.11611333333333,
        "speed": 3.5,
        "course": 159.3,
        "heading": 155,
        "destination": "CNYTN",
        "last_position_epoch": 1764801772,
        "last_position_UTC": "2025-12-03T22:42:52Z"
      },
      {
        "lat": 22.348046666666665,
        "lon": 114.11844,
        "speed": 0,
        "course": 268.7,
        "heading": 252,
        "destination": "CNYTN",
        "last_position_epoch": 1764799629,
        "last_position_UTC": "2025-12-03T22:07:09Z"
      },
      {
        "lat": 22.348061666666666,
        "lon": 114.11859833333334,
        "speed": 0,
        "course": 268.7,
        "heading": 252,
        "destination": "CNYTN",
        "last_position_epoch": 1764798008,
        "last_position_UTC": "2025-12-03T21:40:08Z"
      },
      {
        "lat": 22.348105,
        "lon": 114.11861833333333,
        "speed": 0,
        "course": 268.7,
        "heading": 252,
        "destination": "HK HKG",
        "last_position_epoch": 1764796212,
        "last_position_UTC": "2025-12-03T21:10:12Z"
      },
      {
        "lat": 22.348125,
        "lon": 114.11851,
        "speed": 0,
        "course": 268.7,
        "heading": 252,
        "destination": "HK HKG",
        "last_position_epoch": 1764794232,
        "last_position_UTC": "2025-12-03T20:37:12Z"
      },
      {
        "lat": 22.348093333333335,
        "lon": 114.11863,
        "speed": 0,
        "course": 268.7,
        "heading": 252,
        "destination": "HK HKG",
        "last_position_epoch": 1764792430,
        "last_position_UTC": "2025-12-03T20:07:10Z"
      },
      {
        "lat": 22.34838166666667,
        "lon": 114.11855166666666,
        "speed": 0,
        "course": 268.7,
        "heading": 252,
        "destination": "HK HKG",
        "last_position_epoch": 1764790630,
        "last_position_UTC": "2025-12-03T19:37:10Z"
      },
      {
        "lat": 22.348123333333334,
        "lon": 114.11856166666666,
        "speed": 0,
        "course": 268.7,
        "heading": 252,
        "destination": "HK HKG",
        "last_position_epoch": 1764788828,
        "last_position_UTC": "2025-12-03T19:07:08Z"
      },
      {
        "lat": 22.348138333333335,
        "lon": 114.118455,
        "speed": 0,
        "course": 268.7,
        "heading": 252,
        "destination": "HK HKG",
        "last_position_epoch": 1764787228,
        "last_position_UTC": "2025-12-03T18:40:28Z"
      },
      {
        "lat": 22.348085,
        "lon": 114.11852166666667,
        "speed": 0,
        "course": 268.7,
        "heading": 252,
        "destination": "HK HKG",
        "last_position_epoch": 1764785409,
        "last_position_UTC": "2025-12-03T18:10:09Z"
      },
      {
        "lat": 22.348046666666665,
        "lon": 114.11864166666666,
        "speed": 0,
        "course": 268.7,
        "heading": 252,
        "destination": "HK HKG",
        "last_position_epoch": 1764783430,
        "last_position_UTC": "2025-12-03T17:37:10Z"
      },
      {
        "lat": 22.348125,
        "lon": 114.11862,
        "speed": 0,
        "course": 268.7,
        "heading": 252,
        "destination": "HK HKG",
        "last_position_epoch": 1764781811,
        "last_position_UTC": "2025-12-03T17:10:11Z"
      },
      {
        "lat": 22.348138333333335,
        "lon": 114.11859666666666,
        "speed": 0,
        "course": 268.7,
        "heading": 252,
        "destination": "HK HKG",
        "last_position_epoch": 1764779827,
        "last_position_UTC": "2025-12-03T16:37:07Z"
      },
      {
        "lat": 22.348133333333333,
        "lon": 114.1186,
        "speed": 0,
        "course": 268.7,
        "heading": 252,
        "destination": "HK HKG",
        "last_position_epoch": 1764777669,
        "last_position_UTC": "2025-12-03T16:01:09Z"
      },
      {
        "lat": 22.348203333333334,
        "lon": 114.11869,
        "speed": 0,
        "course": 268.7,
        "heading": 252,
        "destination": "HK HKG",
        "last_position_epoch": 1764776412,
        "last_position_UTC": "2025-12-03T15:40:12Z"
      },
      {
        "lat": 22.348085,
        "lon": 114.11870833333333,
        "speed": 0,
        "course": 268.7,
        "heading": 252,
        "destination": "HK HKG",
        "last_position_epoch": 1764774427,
        "last_position_UTC": "2025-12-03T15:07:07Z"
      },
      {
        "lat": 22.34814666666667,
        "lon": 114.11844833333333,
        "speed": 0,
        "course": 268.7,
        "heading": 252,
        "destination": "HK HKG",
        "last_position_epoch": 1764772809,
        "last_position_UTC": "2025-12-03T14:40:09Z"
      },
      {
        "lat": 22.34822,
        "lon": 114.1187,
        "speed": 0,
        "course": 268.7,
        "heading": 252,
        "destination": "HK HKG",
        "last_position_epoch": 1764770827,
        "last_position_UTC": "2025-12-03T14:07:07Z"
      },
      {
        "lat": 22.348115,
        "lon": 114.11857,
        "speed": 0,
        "course": 268.7,
        "heading": 252,
        "destination": "HK HKG",
        "last_position_epoch": 1764769227,
        "last_position_UTC": "2025-12-03T13:40:27Z"
      },
      {
        "lat": 22.34814666666667,
        "lon": 114.11863,
        "speed": 0,
        "course": 268.7,
        "heading": 252,
        "destination": "HK HKG",
        "last_position_epoch": 1764767226,
        "last_position_UTC": "2025-12-03T13:07:06Z"
      },
      {
        "lat": 22.348193333333334,
        "lon": 114.11855166666666,
        "speed": 0,
        "course": 268.7,
        "heading": 252,
        "destination": "HK HKG",
        "last_position_epoch": 1764765611,
        "last_position_UTC": "2025-12-03T12:40:11Z"
      },
      {
        "lat": 22.348188333333333,
        "lon": 114.11862333333333,
        "speed": 0,
        "course": 268.7,
        "heading": 252,
        "destination": "HK HKG",
        "last_position_epoch": 1764763629,
        "last_position_UTC": "2025-12-03T12:07:09Z"
      },
      {
        "lat": 22.34819166666667,
        "lon": 114.11864,
        "speed": 0,
        "course": 334.4,
        "heading": 252,
        "destination": "HK HKG",
        "last_position_epoch": 1764762005,
        "last_position_UTC": "2025-12-03T11:40:05Z"
      },
      {
        "lat": 22.348165,
        "lon": 114.11856166666666,
        "speed": 0,
        "course": 334.4,
        "heading": 252,
        "destination": "HK HKG",
        "last_position_epoch": 1764760030,
        "last_position_UTC": "2025-12-03T11:07:10Z"
      },
      {
        "lat": 22.348096666666667,
        "lon": 114.11853333333333,
        "speed": 0,
        "course": 334.4,
        "heading": 252,
        "destination": "HK HKG",
        "last_position_epoch": 1764758225,
        "last_position_UTC": "2025-12-03T10:37:05Z"
      },
      {
        "lat": 22.34814666666667,
        "lon": 114.11865166666666,
        "speed": 0,
        "course": 334.4,
        "heading": 252,
        "destination": "HK HKG",
        "last_position_epoch": 1764756425,
        "last_position_UTC": "2025-12-03T10:07:05Z"
      },
      {
        "lat": 22.348215,
        "lon": 114.11857,
        "speed": 0,
        "course": 334.4,
        "heading": 252,
        "destination": "HK HKG",
        "last_position_epoch": 1764754805,
        "last_position_UTC": "2025-12-03T09:40:05Z"
      },
      {
        "lat": 22.348141666666667,
        "lon": 114.11859,
        "speed": 0,
        "course": 334.4,
        "heading": 252,
        "destination": "HK HKG",
        "last_position_epoch": 1764753010,
        "last_position_UTC": "2025-12-03T09:10:10Z"
      },
      {
        "lat": 22.34817333333333,
        "lon": 114.11857,
        "speed": 0,
        "course": 334.4,
        "heading": 252,
        "destination": "HK HKG",
        "last_position_epoch": 1764751209,
        "last_position_UTC": "2025-12-03T08:40:09Z"
      },
      {
        "lat": 22.345273333333335,
        "lon": 114.11822666666667,
        "speed": 1.4,
        "course": 350.9,
        "heading": 297,
        "destination": "HK HKG",
        "last_position_epoch": 1764749280,
        "last_position_UTC": "2025-12-03T08:08:00Z"
      },
      {
        "lat": 22.319653333333335,
        "lon": 114.107815,
        "speed": 6,
        "course": 53.3,
        "heading": 57,
        "destination": "HK HKG",
        "last_position_epoch": 1764747770,
        "last_position_UTC": "2025-12-03T07:42:50Z"
      },
      {
        "lat": 22.232001666666665,
        "lon": 114.14625666666667,
        "speed": 12.7,
        "course": 308.1,
        "heading": 308,
        "destination": "HK HKG",
        "last_position_epoch": 1764745672,
        "last_position_UTC": "2025-12-03T07:07:52Z"
      },
      {
        "lat": 22.190365,
        "lon": 114.191995,
        "speed": 7.1,
        "course": 327,
        "heading": 330,
        "destination": "HK HKG",
        "last_position_epoch": 1764744172,
        "last_position_UTC": "2025-12-03T06:42:52Z"
      },
      {
        "lat": 22.140733333333333,
        "lon": 114.24382,
        "speed": 7.2,
        "course": 305.6,
        "heading": 310,
        "destination": "HK HKG",
        "last_position_epoch": 1764742061,
        "last_position_UTC": "2025-12-03T06:07:41Z"
      },
      {
        "lat": 22.132575,
        "lon": 114.30753333333334,
        "speed": 9.6,
        "course": 272.6,
        "heading": 274,
        "destination": "HK HKG",
        "last_position_epoch": 1764740571,
        "last_position_UTC": "2025-12-03T05:42:51Z"
      },
      {
        "lat": 22.12988,
        "lon": 114.37471166666667,
        "speed": 6,
        "course": 268.3,
        "heading": 272,
        "destination": "HK HKG",
        "last_position_epoch": 1764738470,
        "last_position_UTC": "2025-12-03T05:07:50Z"
      },
      {
        "lat": 22.12179666666667,
        "lon": 114.46667333333333,
        "speed": 13.6,
        "course": 274.2,
        "heading": 275,
        "destination": "HK HKG",
        "last_position_epoch": 1764736642,
        "last_position_UTC": "2025-12-03T04:37:22Z"
      },
      {
        "lat": 22.114168333333332,
        "lon": 114.565415,
        "speed": 13.3,
        "course": 282.7,
        "heading": 279,
        "destination": "HK HKG",
        "last_position_epoch": 1764735170,
        "last_position_UTC": "2025-12-03T04:12:50Z"
      },
      {
        "lat": 22.084886666666666,
        "lon": 114.68373,
        "speed": 13.7,
        "course": 283.8,
        "heading": 285,
        "destination": "HK HKG",
        "last_position_epoch": 1764733361,
        "last_position_UTC": "2025-12-03T03:42:41Z"
      },
      {
        "lat": 22.082168333333332,
        "lon": 114.82612833333333,
        "speed": 13.7,
        "course": 275,
        "heading": 275,
        "destination": "HK HKG",
        "last_position_epoch": 1764731262,
        "last_position_UTC": "2025-12-03T03:07:42Z"
      },
      {
        "lat": 22.070923,
        "lon": 114.9916,
        "speed": 13.8,
        "course": 278,
        "heading": 280,
        "destination": "HK HKG",
        "last_position_epoch": 1764728880,
        "last_position_UTC": "2025-12-03T02:28:00Z"
      },
      {
        "lat": 22.05035,
        "lon": 115.13993,
        "speed": 13.6,
        "course": 277,
        "heading": 279,
        "destination": "HK HKG",
        "last_position_epoch": 1764727020,
        "last_position_UTC": "2025-12-03T01:57:00Z"
      },
      {
        "lat": 22.035282,
        "lon": 115.2826,
        "speed": 14.3,
        "course": 267,
        "heading": 271,
        "destination": "HK HKG",
        "last_position_epoch": 1764725220,
        "last_position_UTC": "2025-12-03T01:27:00Z"
      },
      {
        "lat": 22.037386,
        "lon": 115.41595,
        "speed": 14.1,
        "course": 268,
        "heading": 268,
        "destination": "HK HKG",
        "last_position_epoch": 1764723480,
        "last_position_UTC": "2025-12-03T00:58:00Z"
      },
      {
        "lat": 22.042484,
        "lon": 115.50621,
        "speed": 14.1,
        "course": 265,
        "heading": 266,
        "destination": "HK HKG",
        "last_position_epoch": 1764721560,
        "last_position_UTC": "2025-12-03T00:26:00Z"
      },
      {
        "lat": 22.052116,
        "lon": 115.63549,
        "speed": 14.1,
        "course": 263,
        "heading": 264,
        "destination": "HK HKG",
        "last_position_epoch": 1764719820,
        "last_position_UTC": "2025-12-02T23:57:00Z"
      },
      {
        "lat": 22.066938,
        "lon": 115.81319,
        "speed": 14.3,
        "course": 267,
        "heading": 268,
        "destination": "HK HKG",
        "last_position_epoch": 1764718020,
        "last_position_UTC": "2025-12-02T23:27:00Z"
      },
      {
        "lat": 22.068541,
        "lon": 115.9035,
        "speed": 14.1,
        "course": 271,
        "heading": 272,
        "destination": "HK HKG",
        "last_position_epoch": 1764716160,
        "last_position_UTC": "2025-12-02T22:56:00Z"
      },
      {
        "lat": 22.069241,
        "lon": 116.03114,
        "speed": 14.3,
        "course": 269,
        "heading": 270,
        "destination": "HK HKG",
        "last_position_epoch": 1764714120,
        "last_position_UTC": "2025-12-02T22:22:00Z"
      },
      {
        "lat": 22.095093,
        "lon": 117.04284,
        "speed": 14.1,
        "course": 256,
        "heading": 260,
        "destination": "HK HKG",
        "last_position_epoch": 1764700020,
        "last_position_UTC": "2025-12-02T18:27:00Z"
      },
      {
        "lat": 22.127325,
        "lon": 117.17005,
        "speed": 14.1,
        "course": 269,
        "heading": 270,
        "destination": "HK HKG",
        "last_position_epoch": 1764698220,
        "last_position_UTC": "2025-12-02T17:57:00Z"
      },
      {
        "lat": 22.143642,
        "lon": 117.30928,
        "speed": 14.5,
        "course": 263,
        "heading": 267,
        "destination": "HK HKG",
        "last_position_epoch": 1764696360,
        "last_position_UTC": "2025-12-02T17:26:00Z"
      },
      {
        "lat": 22.135876,
        "lon": 117.41572,
        "speed": 13.8,
        "course": 287,
        "heading": 294,
        "destination": "HK HKG",
        "last_position_epoch": 1764694620,
        "last_position_UTC": "2025-12-02T16:57:00Z"
      },
      {
        "lat": 22.116171,
        "lon": 117.52798,
        "speed": 13.8,
        "course": 275,
        "heading": 280,
        "destination": "HK HKG",
        "last_position_epoch": 1764692820,
        "last_position_UTC": "2025-12-02T16:27:00Z"
      },
      {
        "lat": 22.11887,
        "lon": 117.67913,
        "speed": 14,
        "course": 265,
        "heading": 268,
        "destination": "HK HKG",
        "last_position_epoch": 1764690900,
        "last_position_UTC": "2025-12-02T15:55:00Z"
      },
      {
        "lat": 22.131516,
        "lon": 117.81217,
        "speed": 14.5,
        "course": 262,
        "heading": 265,
        "destination": "HK HKG",
        "last_position_epoch": 1764688680,
        "last_position_UTC": "2025-12-02T15:18:00Z"
      },
      {
        "lat": 22.132729,
        "lon": 118.20416,
        "speed": 14.3,
        "course": 268,
        "heading": 270,
        "destination": "HK HKG",
        "last_position_epoch": 1764683220,
        "last_position_UTC": "2025-12-02T13:47:00Z"
      },
      {
        "lat": 22.13735,
        "lon": 118.33648,
        "speed": 14,
        "course": 267,
        "heading": 267,
        "destination": "HK HKG",
        "last_position_epoch": 1764681780,
        "last_position_UTC": "2025-12-02T13:23:00Z"
      },
      {
        "lat": 22.141121,
        "lon": 118.4911,
        "speed": 14.3,
        "course": 268,
        "heading": 268,
        "destination": "HK HKG",
        "last_position_epoch": 1764679860,
        "last_position_UTC": "2025-12-02T12:51:00Z"
      },
      {
        "lat": 22.143698,
        "lon": 118.56982,
        "speed": 15.3,
        "course": 268,
        "heading": 267,
        "destination": "HK HKG",
        "last_position_epoch": 1764678000,
        "last_position_UTC": "2025-12-02T12:20:00Z"
      },
      {
        "lat": 22.150776,
        "lon": 118.77003,
        "speed": 14.8,
        "course": 269,
        "heading": 267,
        "destination": "HK HKG",
        "last_position_epoch": 1764676320,
        "last_position_UTC": "2025-12-02T11:52:00Z"
      },
      {
        "lat": 22.155607,
        "lon": 118.90908,
        "speed": 15.1,
        "course": 267,
        "heading": 265,
        "destination": "HK HKG",
        "last_position_epoch": 1764674580,
        "last_position_UTC": "2025-12-02T11:23:00Z"
      },
      {
        "lat": 22.161499,
        "lon": 119.05779,
        "speed": 15.3,
        "course": 268,
        "heading": 266,
        "destination": "HK HKG",
        "last_position_epoch": 1764672660,
        "last_position_UTC": "2025-12-02T10:51:00Z"
      },
      {
        "lat": 22.165514,
        "lon": 119.15963,
        "speed": 15.3,
        "course": 268,
        "heading": 266,
        "destination": "HK HKG",
        "last_position_epoch": 1764670920,
        "last_position_UTC": "2025-12-02T10:22:00Z"
      },
      {
        "lat": 22.169214,
        "lon": 119.24631,
        "speed": 15.1,
        "course": 266,
        "heading": 265,
        "destination": "HK HKG",
        "last_position_epoch": 1764669180,
        "last_position_UTC": "2025-12-02T09:53:00Z"
      },
      {
        "lat": 22.177963,
        "lon": 119.39683,
        "speed": 15,
        "course": 265,
        "heading": 263,
        "destination": "HK HKG",
        "last_position_epoch": 1764667500,
        "last_position_UTC": "2025-12-02T09:25:00Z"
      },
      {
        "lat": 22.192623,
        "lon": 119.53911,
        "speed": 13,
        "course": 262,
        "heading": 260,
        "destination": "HK HKG",
        "last_position_epoch": 1764665520,
        "last_position_UTC": "2025-12-02T08:52:00Z"
      },
      {
        "lat": 22.242956,
        "lon": 119.63739,
        "speed": 14.1,
        "course": 238,
        "heading": 237,
        "destination": "HK HKG",
        "last_position_epoch": 1764663780,
        "last_position_UTC": "2025-12-02T08:23:00Z"
      },
      {
        "lat": 22.298575,
        "lon": 119.73687666666666,
        "speed": 14.6,
        "course": 240.3,
        "heading": 241,
        "destination": "HK HKG",
        "last_position_epoch": 1764661981,
        "last_position_UTC": "2025-12-02T07:53:01Z"
      },
      {
        "lat": 22.32944,
        "lon": 119.79469666666667,
        "speed": 14.6,
        "course": 239.6,
        "heading": 240,
        "destination": "HK HKG",
        "last_position_epoch": 1764661069,
        "last_position_UTC": "2025-12-02T07:37:49Z"
      },
      {
        "lat": 22.380416666666665,
        "lon": 119.89043333333333,
        "speed": 14.6,
        "course": 240.9,
        "heading": 243,
        "destination": "HK HKG",
        "last_position_epoch": 1764659563,
        "last_position_UTC": "2025-12-02T07:12:43Z"
      },
      {
        "lat": 22.446485,
        "lon": 120.02211666666666,
        "speed": 14.5,
        "course": 241.3,
        "heading": 244,
        "destination": "HK HKG",
        "last_position_epoch": 1764657469,
        "last_position_UTC": "2025-12-02T06:37:49Z"
      },
      {
        "lat": 22.498676666666668,
        "lon": 120.14128166666667,
        "speed": 14.8,
        "course": 244,
        "heading": 250,
        "destination": "HK HKG",
        "last_position_epoch": 1764655675,
        "last_position_UTC": "2025-12-02T06:07:55Z"
      },
      {
        "lat": 22.545045,
        "lon": 120.24595666666667,
        "speed": 12.8,
        "course": 259.7,
        "heading": 265,
        "destination": "HK HKG",
        "last_position_epoch": 1764654001,
        "last_position_UTC": "2025-12-02T05:40:01Z"
      },
      {
        "lat": 22.554233333333332,
        "lon": 120.324815,
        "speed": 0.4,
        "course": 26.5,
        "heading": 227,
        "destination": "HK HKG",
        "last_position_epoch": 1764652081,
        "last_position_UTC": "2025-12-02T05:08:01Z"
      },
      {
        "lat": 22.547688333333333,
        "lon": 120.32497333333333,
        "speed": 0,
        "course": 190.7,
        "heading": 141,
        "destination": "HK HKG",
        "last_position_epoch": 1764650408,
        "last_position_UTC": "2025-12-02T04:40:08Z"
      },
      {
        "lat": 22.547693333333335,
        "lon": 120.32493,
        "speed": 0,
        "course": 190.7,
        "heading": 141,
        "destination": "HK HKG",
        "last_position_epoch": 1764648430,
        "last_position_UTC": "2025-12-02T04:07:10Z"
      },
      {
        "lat": 22.547663,
        "lon": 120.32497,
        "speed": 0,
        "course": 190,
        "heading": 141,
        "destination": "HK HKG",
        "last_position_epoch": 1764645480,
        "last_position_UTC": "2025-12-02T03:18:00Z"
      },
      {
        "lat": 22.547678,
        "lon": 120.32501,
        "speed": 0,
        "course": 190,
        "heading": 141,
        "destination": "TW KHH",
        "last_position_epoch": 1764643920,
        "last_position_UTC": "2025-12-02T02:52:00Z"
      },
      {
        "lat": 22.547802,
        "lon": 120.32497,
        "speed": 0,
        "course": 190,
        "heading": 141,
        "destination": "TW KHH",
        "last_position_epoch": 1764642180,
        "last_position_UTC": "2025-12-02T02:23:00Z"
      },
      {
        "lat": 22.547691666666665,
        "lon": 120.32495,
        "speed": 0,
        "course": 190.7,
        "heading": 141,
        "destination": "TW KHH",
        "last_position_epoch": 1764641233,
        "last_position_UTC": "2025-12-02T02:07:13Z"
      },
      {
        "lat": 22.547663333333333,
        "lon": 120.32498833333334,
        "speed": 0,
        "course": 190.7,
        "heading": 141,
        "destination": "TW KHH",
        "last_position_epoch": 1764639430,
        "last_position_UTC": "2025-12-02T01:37:10Z"
      },
      {
        "lat": 22.547738333333335,
        "lon": 120.324915,
        "speed": 0,
        "course": 190.7,
        "heading": 141,
        "destination": "TW KHH",
        "last_position_epoch": 1764637452,
        "last_position_UTC": "2025-12-02T01:04:12Z"
      },
      {
        "lat": 22.547626666666666,
        "lon": 120.32494833333334,
        "speed": 0,
        "course": 190.7,
        "heading": 141,
        "destination": "TW KHH",
        "last_position_epoch": 1764635827,
        "last_position_UTC": "2025-12-02T00:37:07Z"
      },
      {
        "lat": 22.547603333333335,
        "lon": 120.32497333333333,
        "speed": 0,
        "course": 190.7,
        "heading": 141,
        "destination": "TW KHH",
        "last_position_epoch": 1764634030,
        "last_position_UTC": "2025-12-02T00:07:10Z"
      },
      {
        "lat": 22.547621666666668,
        "lon": 120.32514333333333,
        "speed": 0,
        "course": 190.7,
        "heading": 141,
        "destination": "TW KHH",
        "last_position_epoch": 1764632406,
        "last_position_UTC": "2025-12-01T23:40:06Z"
      },
      {
        "lat": 22.547505,
        "lon": 120.32499166666666,
        "speed": 0,
        "course": 190.7,
        "heading": 141,
        "destination": "TW KHH",
        "last_position_epoch": 1764630610,
        "last_position_UTC": "2025-12-01T23:10:10Z"
      },
      {
        "lat": 22.547598333333333,
        "lon": 120.32503333333334,
        "speed": 0,
        "course": 190.7,
        "heading": 141,
        "destination": "TW KHH",
        "last_position_epoch": 1764628806,
        "last_position_UTC": "2025-12-01T22:40:06Z"
      },
      {
        "lat": 22.547565,
        "lon": 120.32498333333334,
        "speed": 0,
        "course": 190.7,
        "heading": 141,
        "destination": "TW KHH",
        "last_position_epoch": 1764627008,
        "last_position_UTC": "2025-12-01T22:10:08Z"
      },
      {
        "lat": 22.547715,
        "lon": 120.32492833333333,
        "speed": 0,
        "course": 190.7,
        "heading": 141,
        "destination": "TW KHH",
        "last_position_epoch": 1764625027,
        "last_position_UTC": "2025-12-01T21:37:07Z"
      },
      {
        "lat": 22.547503333333335,
        "lon": 120.32500666666667,
        "speed": 0,
        "course": 190.7,
        "heading": 141,
        "destination": "TW KHH",
        "last_position_epoch": 1764623046,
        "last_position_UTC": "2025-12-01T21:04:06Z"
      },
      {
        "lat": 22.54764,
        "lon": 120.32501,
        "speed": 0,
        "course": 190.7,
        "heading": 141,
        "destination": "TW KHH",
        "last_position_epoch": 1764621608,
        "last_position_UTC": "2025-12-01T20:40:08Z"
      },
      {
        "lat": 22.547471666666667,
        "lon": 120.32519833333333,
        "speed": 0,
        "course": 190.7,
        "heading": 141,
        "destination": "TW KHH",
        "last_position_epoch": 1764619626,
        "last_position_UTC": "2025-12-01T20:07:06Z"
      },
      {
        "lat": 22.547591666666666,
        "lon": 120.325005,
        "speed": 0,
        "course": 190.7,
        "heading": 141,
        "destination": "TW KHH",
        "last_position_epoch": 1764617827,
        "last_position_UTC": "2025-12-01T19:37:07Z"
      },
      {
        "lat": 22.54754833333333,
        "lon": 120.32509666666667,
        "speed": 0,
        "course": 190.7,
        "heading": 141,
        "destination": "TW KHH",
        "last_position_epoch": 1764616028,
        "last_position_UTC": "2025-12-01T19:07:08Z"
      },
      {
        "lat": 22.54761,
        "lon": 120.32496333333333,
        "speed": 0,
        "course": 190.7,
        "heading": 141,
        "destination": "TW KHH",
        "last_position_epoch": 1764614227,
        "last_position_UTC": "2025-12-01T18:37:07Z"
      },
      {
        "lat": 22.547636666666666,
        "lon": 120.32498166666667,
        "speed": 0,
        "course": 190.7,
        "heading": 141,
        "destination": "TW KHH",
        "last_position_epoch": 1764612611,
        "last_position_UTC": "2025-12-01T18:10:11Z"
      },
      {
        "lat": 22.5477,
        "lon": 120.32493666666667,
        "speed": 0,
        "course": 190.7,
        "heading": 141,
        "destination": "TW KHH",
        "last_position_epoch": 1764610630,
        "last_position_UTC": "2025-12-01T17:37:10Z"
      },
      {
        "lat": 22.547628333333332,
        "lon": 120.32497,
        "speed": 0,
        "course": 190.7,
        "heading": 141,
        "destination": "TW KHH",
        "last_position_epoch": 1764609008,
        "last_position_UTC": "2025-12-01T17:10:08Z"
      },
      {
        "lat": 22.547661666666666,
        "lon": 120.32496166666667,
        "speed": 0,
        "course": 190.7,
        "heading": 142,
        "destination": "TW KHH",
        "last_position_epoch": 1764607031,
        "last_position_UTC": "2025-12-01T16:37:11Z"
      },
      {
        "lat": 22.547646666666665,
        "lon": 120.32491333333333,
        "speed": 0,
        "course": 190.7,
        "heading": 141,
        "destination": "TW KHH",
        "last_position_epoch": 1764605228,
        "last_position_UTC": "2025-12-01T16:07:08Z"
      },
      {
        "lat": 22.547585,
        "lon": 120.32501833333333,
        "speed": 0,
        "course": 190.7,
        "heading": 141,
        "destination": "TW KHH",
        "last_position_epoch": 1764603606,
        "last_position_UTC": "2025-12-01T15:40:06Z"
      },
      {
        "lat": 22.547615,
        "lon": 120.32500166666667,
        "speed": 0,
        "course": 190.7,
        "heading": 141,
        "destination": "TW KHH",
        "last_position_epoch": 1764601804,
        "last_position_UTC": "2025-12-01T15:10:04Z"
      },
      {
        "lat": 22.547711666666668,
        "lon": 120.32497,
        "speed": 0,
        "course": 190.7,
        "heading": 141,
        "destination": "TW KHH",
        "last_position_epoch": 1764599832,
        "last_position_UTC": "2025-12-01T14:37:12Z"
      },
      {
        "lat": 22.54767,
        "lon": 120.32497666666667,
        "speed": 0,
        "course": 190.7,
        "heading": 141,
        "destination": "TW KHH",
        "last_position_epoch": 1764598206,
        "last_position_UTC": "2025-12-01T14:10:06Z"
      },
      {
        "lat": 22.547671666666666,
        "lon": 120.32498166666667,
        "speed": 0,
        "course": 190.7,
        "heading": 141,
        "destination": "TW KHH",
        "last_position_epoch": 1764596226,
        "last_position_UTC": "2025-12-01T13:37:06Z"
      },
      {
        "lat": 22.54767,
        "lon": 120.32495833333333,
        "speed": 0,
        "course": 190.7,
        "heading": 141,
        "destination": "TW KHH",
        "last_position_epoch": 1764594604,
        "last_position_UTC": "2025-12-01T13:10:04Z"
      },
      {
        "lat": 22.547685,
        "lon": 120.324935,
        "speed": 0,
        "course": 190.7,
        "heading": 141,
        "destination": "TW KHH",
        "last_position_epoch": 1764592627,
        "last_position_UTC": "2025-12-01T12:37:07Z"
      },
      {
        "lat": 22.547688333333333,
        "lon": 120.325,
        "speed": 0,
        "course": 190.7,
        "heading": 141,
        "destination": "TW KHH",
        "last_position_epoch": 1764590826,
        "last_position_UTC": "2025-12-01T12:07:06Z"
      },
      {
        "lat": 22.547951666666666,
        "lon": 120.32524666666667,
        "speed": 0.4,
        "course": 282.5,
        "heading": 144,
        "destination": "TW KHH",
        "last_position_epoch": 1764589080,
        "last_position_UTC": "2025-12-01T11:38:00Z"
      },
      {
        "lat": 22.547126666666667,
        "lon": 120.28507333333333,
        "speed": 8.5,
        "course": 79.8,
        "heading": 80,
        "destination": "TW KHH",
        "last_position_epoch": 1764587280,
        "last_position_UTC": "2025-12-01T11:08:00Z"
      },
      {
        "lat": 22.537456666666667,
        "lon": 120.25379166666667,
        "speed": 5.9,
        "course": 79.5,
        "heading": 74,
        "destination": "TW KHH",
        "last_position_epoch": 1764585479,
        "last_position_UTC": "2025-12-01T10:37:59Z"
      },
      {
        "lat": 22.516703333333332,
        "lon": 120.211555,
        "speed": 6.1,
        "course": 57.8,
        "heading": 52,
        "destination": "TW KHH",
        "last_position_epoch": 1764583979,
        "last_position_UTC": "2025-12-01T10:12:59Z"
      },
      {
        "lat": 22.452866666666665,
        "lon": 120.20185833333333,
        "speed": 7.7,
        "course": 5.5,
        "heading": 355,
        "destination": "TW KHH",
        "last_position_epoch": 1764581879,
        "last_position_UTC": "2025-12-01T09:37:59Z"
      },
      {
        "lat": 22.418063333333333,
        "lon": 120.20238666666667,
        "speed": 7.5,
        "course": 328,
        "heading": 320,
        "destination": "TW KHH",
        "last_position_epoch": 1764580081,
        "last_position_UTC": "2025-12-01T09:08:01Z"
      },
      {
        "lat": 22.328846666666667,
        "lon": 120.220045,
        "speed": 10.7,
        "course": 345.2,
        "heading": 340,
        "destination": "TW KHH",
        "last_position_epoch": 1764578280,
        "last_position_UTC": "2025-12-01T08:38:00Z"
      },
      {
        "lat": 22.24363333333333,
        "lon": 120.24647833333333,
        "speed": 10.4,
        "course": 329.9,
        "heading": 328,
        "destination": "TW KHH",
        "last_position_epoch": 1764576480,
        "last_position_UTC": "2025-12-01T08:08:00Z"
      },
      {
        "lat": 22.17883,
        "lon": 120.28631,
        "speed": 10.7,
        "course": 330.3,
        "heading": 328,
        "destination": "TW KHH",
        "last_position_epoch": 1764574969,
        "last_position_UTC": "2025-12-01T07:42:49Z"
      },
      {
        "lat": 22.015802,
        "lon": 120.35795,
        "speed": 11.1,
        "course": 335,
        "heading": 332,
        "destination": "TW KHH",
        "last_position_epoch": 1764572040,
        "last_position_UTC": "2025-12-01T06:54:00Z"
      },
      {
        "lat": 21.968208333333333,
        "lon": 120.38089166666667,
        "speed": 10.8,
        "course": 338.6,
        "heading": 335,
        "destination": "TW KHH",
        "last_position_epoch": 1764570529,
        "last_position_UTC": "2025-12-01T06:28:49Z"
      },
      {
        "lat": 21.886917,
        "lon": 120.45309,
        "speed": 10.8,
        "course": 318,
        "heading": 318,
        "destination": "TW KHH",
        "last_position_epoch": 1764568440,
        "last_position_UTC": "2025-12-01T05:54:00Z"
      },
      {
        "lat": 21.794062,
        "lon": 120.57288,
        "speed": 10.6,
        "course": 298,
        "heading": 300,
        "destination": "TW KHH",
        "last_position_epoch": 1764566400,
        "last_position_UTC": "2025-12-01T05:20:00Z"
      },
      {
        "lat": 21.801078333333333,
        "lon": 120.55875833333333,
        "speed": 10.7,
        "course": 302,
        "heading": 305,
        "destination": "TW KHH",
        "last_position_epoch": 1764565830,
        "last_position_UTC": "2025-12-01T05:10:30Z"
      },
      {
        "lat": 21.733501,
        "lon": 120.69878,
        "speed": 10.1,
        "course": 301,
        "heading": 300,
        "destination": "TW KHH",
        "last_position_epoch": 1764562980,
        "last_position_UTC": "2025-12-01T04:23:00Z"
      },
      {
        "lat": 21.695295,
        "lon": 120.77655,
        "speed": 10.1,
        "course": 287,
        "heading": 294,
        "destination": "TW KHH",
        "last_position_epoch": 1764561180,
        "last_position_UTC": "2025-12-01T03:53:00Z"
      },
      {
        "lat": 21.692909,
        "lon": 120.86441,
        "speed": 9.3,
        "course": 257,
        "heading": 274,
        "destination": "TW KHH",
        "last_position_epoch": 1764559380,
        "last_position_UTC": "2025-12-01T03:23:00Z"
      },
      {
        "lat": 21.729853,
        "lon": 120.98527,
        "speed": 9.5,
        "course": 253,
        "heading": 253,
        "destination": "TW KHH",
        "last_position_epoch": 1764557400,
        "last_position_UTC": "2025-12-01T02:50:00Z"
      },
      {
        "lat": 21.738691,
        "lon": 121.01566,
        "speed": 8.8,
        "course": 255,
        "heading": 253,
        "destination": "TW KHH",
        "last_position_epoch": 1764555840,
        "last_position_UTC": "2025-12-01T02:24:00Z"
      },
      {
        "lat": 21.756626,
        "lon": 121.10792,
        "speed": 9.6,
        "course": 259,
        "heading": 254,
        "destination": "TW KHH",
        "last_position_epoch": 1764553980,
        "last_position_UTC": "2025-12-01T01:53:00Z"
      },
      {
        "lat": 21.772446,
        "lon": 121.19975,
        "speed": 10.3,
        "course": 258,
        "heading": 252,
        "destination": "TW KHH",
        "last_position_epoch": 1764552360,
        "last_position_UTC": "2025-12-01T01:26:00Z"
      },
      {
        "lat": 21.792427,
        "lon": 121.30402,
        "speed": 11.3,
        "course": 259,
        "heading": 254,
        "destination": "TW KHH",
        "last_position_epoch": 1764550380,
        "last_position_UTC": "2025-12-01T00:53:00Z"
      },
      {
        "lat": 21.808979,
        "lon": 121.39285,
        "speed": 11.6,
        "course": 258,
        "heading": 256,
        "destination": "TW KHH",
        "last_position_epoch": 1764548700,
        "last_position_UTC": "2025-12-01T00:25:00Z"
      },
      {
        "lat": 21.85088,
        "lon": 121.61922,
        "speed": 10.8,
        "course": 255,
        "heading": 256,
        "destination": "TW KHH",
        "last_position_epoch": 1764544800,
        "last_position_UTC": "2025-11-30T23:20:00Z"
      },
      {
        "lat": 21.854756666666667,
        "lon": 121.63781,
        "speed": 11.6,
        "course": 259,
        "heading": 259,
        "destination": "TW KHH",
        "last_position_epoch": 1764544000,
        "last_position_UTC": "2025-11-30T23:06:40Z"
      },
      {
        "lat": 21.87944166666667,
        "lon": 121.72488166666666,
        "speed": 13,
        "course": 250.3,
        "heading": 249,
        "destination": "TW KHH",
        "last_position_epoch": 1764542570,
        "last_position_UTC": "2025-11-30T22:42:50Z"
      },
      {
        "lat": 22.095648,
        "lon": 122.2824,
        "speed": 13,
        "course": 248,
        "heading": 243,
        "destination": "TW KHH",
        "last_position_epoch": 1764533940,
        "last_position_UTC": "2025-11-30T20:19:00Z"
      },
      {
        "lat": 22.561106,
        "lon": 123.51423,
        "speed": 13.5,
        "course": 247,
        "heading": 247,
        "destination": "TW KHH",
        "last_position_epoch": 1764514140,
        "last_position_UTC": "2025-11-30T14:49:00Z"
      },
      {
        "lat": 22.683044,
        "lon": 123.83867,
        "speed": 13.1,
        "course": 249,
        "heading": 251,
        "destination": "TW KHH",
        "last_position_epoch": 1764508680,
        "last_position_UTC": "2025-11-30T13:18:00Z"
      },
      {
        "lat": 22.750742,
        "lon": 124.03148,
        "speed": 13.5,
        "course": 247,
        "heading": 249,
        "destination": "TW KHH",
        "last_position_epoch": 1764505320,
        "last_position_UTC": "2025-11-30T12:22:00Z"
      },
      {
        "lat": 22.799765,
        "lon": 124.15762,
        "speed": 13.3,
        "course": 249,
        "heading": 248,
        "destination": "TW KHH",
        "last_position_epoch": 1764503460,
        "last_position_UTC": "2025-11-30T11:51:00Z"
      },
      {
        "lat": 22.9653,
        "lon": 124.62243,
        "speed": 13,
        "course": 248,
        "heading": 252,
        "destination": "TW KHH",
        "last_position_epoch": 1764496320,
        "last_position_UTC": "2025-11-30T09:52:00Z"
      },
      {
        "lat": 23.084261,
        "lon": 124.9445,
        "speed": 13.3,
        "course": 252,
        "heading": 255,
        "destination": "TW KHH",
        "last_position_epoch": 1764490920,
        "last_position_UTC": "2025-11-30T08:22:00Z"
      },
      {
        "lat": 23.130199,
        "lon": 125.07182,
        "speed": 13.1,
        "course": 248,
        "heading": 249,
        "destination": "TW KHH",
        "last_position_epoch": 1764489120,
        "last_position_UTC": "2025-11-30T07:52:00Z"
      },
      {
        "lat": 23.160339,
        "lon": 125.15405,
        "speed": 13.3,
        "course": 247,
        "heading": 247,
        "destination": "TW KHH",
        "last_position_epoch": 1764487200,
        "last_position_UTC": "2025-11-30T07:20:00Z"
      },
      {
        "lat": 23.20668,
        "lon": 125.28127,
        "speed": 13.1,
        "course": 249,
        "heading": 247,
        "destination": "TW KHH",
        "last_position_epoch": 1764485340,
        "last_position_UTC": "2025-11-30T06:49:00Z"
      },
      {
        "lat": 23.653341,
        "lon": 126.54341,
        "speed": 13.3,
        "course": 249,
        "heading": null,
        "destination": "TW KHH",
        "last_position_epoch": 1764465600,
        "last_position_UTC": "2025-11-30T01:20:00Z"
      },
      {
        "lat": 23.730503,
        "lon": 126.74952,
        "speed": 13.1,
        "course": 246,
        "heading": null,
        "destination": "TW KHH",
        "last_position_epoch": 1764461880,
        "last_position_UTC": "2025-11-30T00:18:00Z"
      },
      {
        "lat": 23.779551,
        "lon": 126.8788,
        "speed": 13.3,
        "course": 250,
        "heading": null,
        "destination": "TW KHH",
        "last_position_epoch": 1764460080,
        "last_position_UTC": "2025-11-29T23:48:00Z"
      },
      {
        "lat": 23.814623,
        "lon": 126.99197,
        "speed": 13.1,
        "course": 251,
        "heading": null,
        "destination": "TW KHH",
        "last_position_epoch": 1764458220,
        "last_position_UTC": "2025-11-29T23:17:00Z"
      },
      {
        "lat": 23.820383,
        "lon": 127.01097,
        "speed": 13.1,
        "course": 251,
        "heading": 264,
        "destination": "TW KHH",
        "last_position_epoch": 1764457633,
        "last_position_UTC": "2025-11-29T23:07:13Z"
      }
    ]
  },
  "meta": {
    "duration": 0.020370179,
    "endpoint": "/api/v0/vessel_history",
    "success": true
  }
}