{
  "data": {
    "uuid": "6d82caec-a475-89f2-d9b1-8d92b6c11263",
    "name": "ONE MAXIM",
    "mmsi": "431522000",
    "imo": "9424936",
    "eni": null,
    "country_iso": "JP",
    "type": "Cargo - Hazard A (Major)",
    "type_specific": "Container Ship",
    "positions": [
      {
        "lat": -9.5410585,
        "lon": -13.085533,
        "speed": 17.7,
        "course": 314,
        "heading": 315,
        "destination": "USNYC",
        "last_position_epoch": 1764933720,
        "last_position_UTC": "2025-12-05T11:22:00Z"
      },
      {
        "lat": -11.499568,
        "lon": -11.120737,
        "speed": 17.7,
        "course": 314,
        "heading": 313,
        "destination": "USNYC",
        "last_position_epoch": 1764901140,
        "last_position_UTC": "2025-12-05T02:19:00Z"
      },
      {
        "lat": -11.589902,
        "lon": -11.026297,
        "speed": 17.6,
        "course": 313,
        "heading": 313,
        "destination": "USNYC",
        "last_position_epoch": 1764899520,
        "last_position_UTC": "2025-12-05T01:52:00Z"
      },
      {
        "lat": -15.666618,
        "lon": -6.7673817,
        "speed": 18,
        "course": 313,
        "heading": 313,
        "destination": "USNYC",
        "last_position_epoch": 1764830640,
        "last_position_UTC": "2025-12-04T06:44:00Z"
      },
      {
        "lat": -15.875134,
        "lon": -6.5394235,
        "speed": 18.2,
        "course": 313,
        "heading": 314,
        "destination": "USNYC",
        "last_position_epoch": 1764827280,
        "last_position_UTC": "2025-12-04T05:48:00Z"
      },
      {
        "lat": -16.084543,
        "lon": -6.3097715,
        "speed": 18.1,
        "course": 314,
        "heading": 314,
        "destination": "USNYC",
        "last_position_epoch": 1764823560,
        "last_position_UTC": "2025-12-04T04:46:00Z"
      },
      {
        "lat": -16.311968,
        "lon": -6.0652733,
        "speed": 18.2,
        "course": 314,
        "heading": 314,
        "destination": "USNYC",
        "last_position_epoch": 1764819360,
        "last_position_UTC": "2025-12-04T03:36:00Z"
      },
      {
        "lat": -16.496834,
        "lon": -5.8718386,
        "speed": 18,
        "course": 314,
        "heading": 315,
        "destination": "USNYC",
        "last_position_epoch": 1764816660,
        "last_position_UTC": "2025-12-04T02:51:00Z"
      },
      {
        "lat": -16.586901,
        "lon": -5.7796149,
        "speed": 17.8,
        "course": 315,
        "heading": 316,
        "destination": "USNYC",
        "last_position_epoch": 1764814740,
        "last_position_UTC": "2025-12-04T02:19:00Z"
      },
      {
        "lat": -16.70013,
        "lon": -5.6628351,
        "speed": 18,
        "course": 315,
        "heading": 315,
        "destination": "USNYC",
        "last_position_epoch": 1764812820,
        "last_position_UTC": "2025-12-04T01:47:00Z"
      },
      {
        "lat": -16.924288,
        "lon": -5.4171934,
        "speed": 18.1,
        "course": 312,
        "heading": 314,
        "destination": "USNYC",
        "last_position_epoch": 1764808980,
        "last_position_UTC": "2025-12-04T00:43:00Z"
      },
      {
        "lat": -17.047316,
        "lon": -5.2815986,
        "speed": 18.1,
        "course": 313,
        "heading": 313,
        "destination": "USNYC",
        "last_position_epoch": 1764806940,
        "last_position_UTC": "2025-12-04T00:09:00Z"
      },
      {
        "lat": -17.198866,
        "lon": -5.1155248,
        "speed": 17.7,
        "course": 314,
        "heading": 315,
        "destination": "USNYC",
        "last_position_epoch": 1764804600,
        "last_position_UTC": "2025-12-03T23:30:00Z"
      },
      {
        "lat": -17.230457,
        "lon": -5.0819602,
        "speed": 17.7,
        "course": 314,
        "heading": 314,
        "destination": "USNYC",
        "last_position_epoch": 1764803640,
        "last_position_UTC": "2025-12-03T23:14:00Z"
      },
      {
        "lat": -18.031113,
        "lon": -4.2263632,
        "speed": 17.7,
        "course": 313,
        "heading": 314,
        "destination": "USNYC",
        "last_position_epoch": 1764789960,
        "last_position_UTC": "2025-12-03T19:26:00Z"
      },
      {
        "lat": -18.095045,
        "lon": -4.1548085,
        "speed": 17.8,
        "course": 313,
        "heading": 313,
        "destination": "USNYC",
        "last_position_epoch": 1764789120,
        "last_position_UTC": "2025-12-03T19:12:00Z"
      },
      {
        "lat": -18.195065,
        "lon": -4.0431633,
        "speed": 17.8,
        "course": 313,
        "heading": 314,
        "destination": "USNYC",
        "last_position_epoch": 1764787380,
        "last_position_UTC": "2025-12-03T18:43:00Z"
      },
      {
        "lat": -23.145777,
        "lon": 1.6383933,
        "speed": 18.1,
        "course": 312,
        "heading": 313,
        "destination": "USNYC",
        "last_position_epoch": 1764700020,
        "last_position_UTC": "2025-12-02T18:27:00Z"
      },
      {
        "lat": -23.212664,
        "lon": 1.7187917,
        "speed": 18.1,
        "course": 312,
        "heading": 313,
        "destination": "USNYC",
        "last_position_epoch": 1764699000,
        "last_position_UTC": "2025-12-02T18:10:00Z"
      },
      {
        "lat": -25.561871,
        "lon": 4.6521249,
        "speed": 16.6,
        "course": 311,
        "heading": 312,
        "destination": "USNYC",
        "last_position_epoch": 1764656940,
        "last_position_UTC": "2025-12-02T06:29:00Z"
      },
      {
        "lat": -25.638411,
        "lon": 4.7479749,
        "speed": 16.6,
        "course": 310,
        "heading": 311,
        "destination": "USNYC",
        "last_position_epoch": 1764655800,
        "last_position_UTC": "2025-12-02T06:10:00Z"
      },
      {
        "lat": -25.730276,
        "lon": 4.8688102,
        "speed": 16.8,
        "course": 310,
        "heading": 311,
        "destination": "USNYC",
        "last_position_epoch": 1764653520,
        "last_position_UTC": "2025-12-02T05:32:00Z"
      },
      {
        "lat": -25.805994,
        "lon": 4.9672265,
        "speed": 16.6,
        "course": 310,
        "heading": 311,
        "destination": "USNYC",
        "last_position_epoch": 1764652260,
        "last_position_UTC": "2025-12-02T05:11:00Z"
      },
      {
        "lat": -26.404451,
        "lon": 5.7620301,
        "speed": 16.2,
        "course": 309,
        "heading": 309,
        "destination": "USNYC",
        "last_position_epoch": 1764639660,
        "last_position_UTC": "2025-12-02T01:41:00Z"
      },
      {
        "lat": -26.5091,
        "lon": 5.9033985,
        "speed": 16.6,
        "course": 308,
        "heading": 309,
        "destination": "USNYC",
        "last_position_epoch": 1764637740,
        "last_position_UTC": "2025-12-02T01:09:00Z"
      },
      {
        "lat": -26.597651,
        "lon": 6.0235901,
        "speed": 16.6,
        "course": 309,
        "heading": 310,
        "destination": "USNYC",
        "last_position_epoch": 1764636000,
        "last_position_UTC": "2025-12-02T00:40:00Z"
      },
      {
        "lat": -26.714628,
        "lon": 6.1762519,
        "speed": 16.5,
        "course": 309,
        "heading": 311,
        "destination": "USNYC",
        "last_position_epoch": 1764633300,
        "last_position_UTC": "2025-12-01T23:55:00Z"
      },
      {
        "lat": -26.762495,
        "lon": 6.2398448,
        "speed": 16.6,
        "course": 309,
        "heading": 312,
        "destination": "USNYC",
        "last_position_epoch": 1764632580,
        "last_position_UTC": "2025-12-01T23:43:00Z"
      },
      {
        "lat": -26.866116,
        "lon": 6.3802867,
        "speed": 16.6,
        "course": 309,
        "heading": 312,
        "destination": "USNYC",
        "last_position_epoch": 1764630240,
        "last_position_UTC": "2025-12-01T23:04:00Z"
      },
      {
        "lat": -26.953852,
        "lon": 6.5016532,
        "speed": 16.6,
        "course": 307,
        "heading": 310,
        "destination": "USNYC",
        "last_position_epoch": 1764628800,
        "last_position_UTC": "2025-12-01T22:40:00Z"
      },
      {
        "lat": -27.158905,
        "lon": 6.79496,
        "speed": 16.2,
        "course": 309,
        "heading": 308,
        "destination": "USNYC",
        "last_position_epoch": 1764624600,
        "last_position_UTC": "2025-12-01T21:30:00Z"
      },
      {
        "lat": -27.260303,
        "lon": 6.9318032,
        "speed": 16,
        "course": 309,
        "heading": 308,
        "destination": "USNYC",
        "last_position_epoch": 1764622080,
        "last_position_UTC": "2025-12-01T20:48:00Z"
      },
      {
        "lat": -27.317305,
        "lon": 7.0081716,
        "speed": 16,
        "course": 309,
        "heading": 309,
        "destination": "USNYC",
        "last_position_epoch": 1764620940,
        "last_position_UTC": "2025-12-01T20:29:00Z"
      },
      {
        "lat": -27.416517,
        "lon": 7.1428518,
        "speed": 16,
        "course": 309,
        "heading": 309,
        "destination": "USNYC",
        "last_position_epoch": 1764618900,
        "last_position_UTC": "2025-12-01T19:55:00Z"
      },
      {
        "lat": -27.484842,
        "lon": 7.2368798,
        "speed": 15.8,
        "course": 309,
        "heading": 308,
        "destination": "USNYC",
        "last_position_epoch": 1764617760,
        "last_position_UTC": "2025-12-01T19:36:00Z"
      },
      {
        "lat": -27.556528,
        "lon": 7.33601,
        "speed": 15.8,
        "course": 309,
        "heading": 309,
        "destination": "USNYC",
        "last_position_epoch": 1764615960,
        "last_position_UTC": "2025-12-01T19:06:00Z"
      },
      {
        "lat": -27.652979,
        "lon": 7.4716668,
        "speed": 15.8,
        "course": 308,
        "heading": 309,
        "destination": "USNYC",
        "last_position_epoch": 1764614220,
        "last_position_UTC": "2025-12-01T18:37:00Z"
      },
      {
        "lat": -27.70825,
        "lon": 7.5492535,
        "speed": 15.8,
        "course": 308,
        "heading": 308,
        "destination": "USNYC",
        "last_position_epoch": 1764612540,
        "last_position_UTC": "2025-12-01T18:09:00Z"
      },
      {
        "lat": -27.804512,
        "lon": 7.6860232,
        "speed": 15.8,
        "course": 307,
        "heading": 309,
        "destination": "USNYC",
        "last_position_epoch": 1764610800,
        "last_position_UTC": "2025-12-01T17:40:00Z"
      },
      {
        "lat": -27.889746,
        "lon": 7.8053732,
        "speed": 15.8,
        "course": 310,
        "heading": 311,
        "destination": "USNYC",
        "last_position_epoch": 1764608700,
        "last_position_UTC": "2025-12-01T17:05:00Z"
      },
      {
        "lat": -27.971666,
        "lon": 7.9166665,
        "speed": 16,
        "course": 306,
        "heading": 307,
        "destination": "USNYC",
        "last_position_epoch": 1764606060,
        "last_position_UTC": "2025-12-01T16:21:00Z"
      },
      {
        "lat": -28.053967,
        "lon": 8.0385265,
        "speed": 15.8,
        "course": 308,
        "heading": 310,
        "destination": "USNYC",
        "last_position_epoch": 1764605340,
        "last_position_UTC": "2025-12-01T16:09:00Z"
      },
      {
        "lat": -28.12414,
        "lon": 8.1356668,
        "speed": 15.8,
        "course": 308,
        "heading": 309,
        "destination": "USNYC",
        "last_position_epoch": 1764603600,
        "last_position_UTC": "2025-12-01T15:40:00Z"
      },
      {
        "lat": -28.22118,
        "lon": 8.2724504,
        "speed": 15.6,
        "course": 307,
        "heading": 308,
        "destination": "USNYC",
        "last_position_epoch": 1764601740,
        "last_position_UTC": "2025-12-01T15:09:00Z"
      },
      {
        "lat": -28.63699,
        "lon": 8.8712797,
        "speed": 15.8,
        "course": 309,
        "heading": 311,
        "destination": "USNYC",
        "last_position_epoch": 1764592560,
        "last_position_UTC": "2025-12-01T12:36:00Z"
      },
      {
        "lat": -28.752087,
        "lon": 9.0280018,
        "speed": 16.2,
        "course": 309,
        "heading": 312,
        "destination": "USNYC",
        "last_position_epoch": 1764590340,
        "last_position_UTC": "2025-12-01T11:59:00Z"
      },
      {
        "lat": -28.896366,
        "lon": 9.2291451,
        "speed": 16.6,
        "course": 307,
        "heading": 310,
        "destination": "USNYC",
        "last_position_epoch": 1764587100,
        "last_position_UTC": "2025-12-01T11:05:00Z"
      },
      {
        "lat": -29.000032,
        "lon": 9.3890486,
        "speed": 16.5,
        "course": 305,
        "heading": 307,
        "destination": "USNYC",
        "last_position_epoch": 1764584940,
        "last_position_UTC": "2025-12-01T10:29:00Z"
      },
      {
        "lat": -29.046984,
        "lon": 9.4615765,
        "speed": 16.3,
        "course": 307,
        "heading": 308,
        "destination": "USNYC",
        "last_position_epoch": 1764583680,
        "last_position_UTC": "2025-12-01T10:08:00Z"
      },
      {
        "lat": -29.256479,
        "lon": 9.7710018,
        "speed": 16.3,
        "course": 306,
        "heading": 307,
        "destination": "USNYC",
        "last_position_epoch": 1764579480,
        "last_position_UTC": "2025-12-01T08:58:00Z"
      },
      {
        "lat": -29.298981,
        "lon": 9.8347464,
        "speed": 16.2,
        "course": 306,
        "heading": 307,
        "destination": "USNYC",
        "last_position_epoch": 1764578220,
        "last_position_UTC": "2025-12-01T08:37:00Z"
      },
      {
        "lat": -30.540253,
        "lon": 11.727366,
        "speed": 18.7,
        "course": 306,
        "heading": 308,
        "destination": "USNYC",
        "last_position_epoch": 1764553740,
        "last_position_UTC": "2025-12-01T01:49:00Z"
      },
      {
        "lat": -30.681854,
        "lon": 11.944242,
        "speed": 18.7,
        "course": 307,
        "heading": 309,
        "destination": "USNYC",
        "last_position_epoch": 1764551100,
        "last_position_UTC": "2025-12-01T01:05:00Z"
      },
      {
        "lat": -31.047279,
        "lon": 12.515707,
        "speed": 18.6,
        "course": 307,
        "heading": 307,
        "destination": "USNYC",
        "last_position_epoch": 1764544260,
        "last_position_UTC": "2025-11-30T23:11:00Z"
      },
      {
        "lat": -31.125473,
        "lon": 12.638063,
        "speed": 18.5,
        "course": 305,
        "heading": 306,
        "destination": "USNYC",
        "last_position_epoch": 1764542220,
        "last_position_UTC": "2025-11-30T22:37:00Z"
      },
      {
        "lat": -31.21439,
        "lon": 12.78279,
        "speed": 18.5,
        "course": 305,
        "heading": 306,
        "destination": "USNYC",
        "last_position_epoch": 1764540600,
        "last_position_UTC": "2025-11-30T22:10:00Z"
      },
      {
        "lat": -31.323273,
        "lon": 12.95706,
        "speed": 18.2,
        "course": 306,
        "heading": 305,
        "destination": "USNYC",
        "last_position_epoch": 1764538740,
        "last_position_UTC": "2025-11-30T21:39:00Z"
      },
      {
        "lat": -31.381237,
        "lon": 13.04802,
        "speed": 18.2,
        "course": 307,
        "heading": 305,
        "destination": "USNYC",
        "last_position_epoch": 1764537120,
        "last_position_UTC": "2025-11-30T21:12:00Z"
      },
      {
        "lat": -31.485821,
        "lon": 13.217365,
        "speed": 18.3,
        "course": 305,
        "heading": 303,
        "destination": "USNYC",
        "last_position_epoch": 1764535260,
        "last_position_UTC": "2025-11-30T20:41:00Z"
      },
      {
        "lat": -31.570169,
        "lon": 13.354237,
        "speed": 18.1,
        "course": 305,
        "heading": 303,
        "destination": "USNYC",
        "last_position_epoch": 1764533340,
        "last_position_UTC": "2025-11-30T20:09:00Z"
      },
      {
        "lat": -31.808113,
        "lon": 13.75013,
        "speed": 17.7,
        "course": 304,
        "heading": 301,
        "destination": "USNYC",
        "last_position_epoch": 1764528540,
        "last_position_UTC": "2025-11-30T18:49:00Z"
      },
      {
        "lat": -31.864929,
        "lon": 13.842327,
        "speed": 17.8,
        "course": 308,
        "heading": 304,
        "destination": "USNYC",
        "last_position_epoch": 1764527460,
        "last_position_UTC": "2025-11-30T18:31:00Z"
      },
      {
        "lat": -31.954054,
        "lon": 13.984598,
        "speed": 17.7,
        "course": 305,
        "heading": 303,
        "destination": "USNYC",
        "last_position_epoch": 1764525720,
        "last_position_UTC": "2025-11-30T18:02:00Z"
      },
      {
        "lat": -32.055939,
        "lon": 14.150205,
        "speed": 18,
        "course": 305,
        "heading": 305,
        "destination": "USNYC",
        "last_position_epoch": 1764523200,
        "last_position_UTC": "2025-11-30T17:20:00Z"
      },
      {
        "lat": -32.131512,
        "lon": 14.273593,
        "speed": 18,
        "course": 306,
        "heading": 306,
        "destination": "USNYC",
        "last_position_epoch": 1764522240,
        "last_position_UTC": "2025-11-30T17:04:00Z"
      },
      {
        "lat": -32.217918,
        "lon": 14.414378,
        "speed": 18.1,
        "course": 307,
        "heading": 305,
        "destination": "USNYC",
        "last_position_epoch": 1764520200,
        "last_position_UTC": "2025-11-30T16:30:00Z"
      },
      {
        "lat": -32.406174,
        "lon": 14.736678,
        "speed": 18.2,
        "course": 305,
        "heading": 304,
        "destination": "USNYC",
        "last_position_epoch": 1764516540,
        "last_position_UTC": "2025-11-30T15:29:00Z"
      },
      {
        "lat": -32.599194,
        "lon": 15.061216,
        "speed": 18,
        "course": 304,
        "heading": 304,
        "destination": "USNYC",
        "last_position_epoch": 1764512400,
        "last_position_UTC": "2025-11-30T14:20:00Z"
      },
      {
        "lat": -32.636833,
        "lon": 15.125617,
        "speed": 18.1,
        "course": 304,
        "heading": 304,
        "destination": "USNYC",
        "last_position_epoch": 1764511380,
        "last_position_UTC": "2025-11-30T14:03:00Z"
      },
      {
        "lat": -32.755535,
        "lon": 15.326237,
        "speed": 18,
        "course": 303,
        "heading": 304,
        "destination": "USNYC",
        "last_position_epoch": 1764509160,
        "last_position_UTC": "2025-11-30T13:26:00Z"
      },
      {
        "lat": -32.842987,
        "lon": 15.476355,
        "speed": 18.1,
        "course": 302,
        "heading": 303,
        "destination": "USNYC",
        "last_position_epoch": 1764507000,
        "last_position_UTC": "2025-11-30T12:50:00Z"
      },
      {
        "lat": -32.931435,
        "lon": 15.625624,
        "speed": 18.5,
        "course": 306,
        "heading": 303,
        "destination": "USNYC",
        "last_position_epoch": 1764505380,
        "last_position_UTC": "2025-11-30T12:23:00Z"
      },
      {
        "lat": -33.018734,
        "lon": 15.766115,
        "speed": 18.6,
        "course": 304,
        "heading": 304,
        "destination": "USNYC",
        "last_position_epoch": 1764503460,
        "last_position_UTC": "2025-11-30T11:51:00Z"
      },
      {
        "lat": -33.085648,
        "lon": 15.884348,
        "speed": 18.2,
        "course": 303,
        "heading": 303,
        "destination": "USNYC",
        "last_position_epoch": 1764502380,
        "last_position_UTC": "2025-11-30T11:33:00Z"
      },
      {
        "lat": -33.164478,
        "lon": 16.022236,
        "speed": 18.1,
        "course": 303,
        "heading": 304,
        "destination": "USNYC",
        "last_position_epoch": 1764500520,
        "last_position_UTC": "2025-11-30T11:02:00Z"
      },
      {
        "lat": -33.243896,
        "lon": 16.168766,
        "speed": 17.8,
        "course": 302,
        "heading": 301,
        "destination": "USNYC",
        "last_position_epoch": 1764499020,
        "last_position_UTC": "2025-11-30T10:37:00Z"
      },
      {
        "lat": -33.339153,
        "lon": 16.343882,
        "speed": 18.2,
        "course": 304,
        "heading": 302,
        "destination": "USNYC",
        "last_position_epoch": 1764497100,
        "last_position_UTC": "2025-11-30T10:05:00Z"
      },
      {
        "lat": -33.394943,
        "lon": 16.444281,
        "speed": 17.8,
        "course": 303,
        "heading": 302,
        "destination": "USNYC",
        "last_position_epoch": 1764495420,
        "last_position_UTC": "2025-11-30T09:37:00Z"
      },
      {
        "lat": -33.496719,
        "lon": 16.620533,
        "speed": 18.6,
        "course": 306,
        "heading": 304,
        "destination": "USNYC",
        "last_position_epoch": 1764493560,
        "last_position_UTC": "2025-11-30T09:06:00Z"
      },
      {
        "lat": -33.602615,
        "lon": 16.799143,
        "speed": 18.7,
        "course": 303,
        "heading": 302,
        "destination": "USNYC",
        "last_position_epoch": 1764491700,
        "last_position_UTC": "2025-11-30T08:35:00Z"
      },
      {
        "lat": -33.662674,
        "lon": 16.903442,
        "speed": 19.1,
        "course": 304,
        "heading": 302,
        "destination": "USNYC",
        "last_position_epoch": 1764489960,
        "last_position_UTC": "2025-11-30T08:06:00Z"
      },
      {
        "lat": -33.763283,
        "lon": 17.087816,
        "speed": 19.2,
        "course": 303,
        "heading": 302,
        "destination": "USNYC",
        "last_position_epoch": 1764488280,
        "last_position_UTC": "2025-11-30T07:38:00Z"
      },
      {
        "lat": -33.831173,
        "lon": 17.214863,
        "speed": 19.1,
        "course": 302,
        "heading": 302,
        "destination": "USNYC",
        "last_position_epoch": 1764486480,
        "last_position_UTC": "2025-11-30T07:08:00Z"
      },
      {
        "lat": -33.932926,
        "lon": 17.402822,
        "speed": 19.2,
        "course": 303,
        "heading": 303,
        "destination": "USNYC",
        "last_position_epoch": 1764484620,
        "last_position_UTC": "2025-11-30T06:37:00Z"
      },
      {
        "lat": -33.998219,
        "lon": 17.516935,
        "speed": 19.3,
        "course": 305,
        "heading": 303,
        "destination": "USNYC",
        "last_position_epoch": 1764483180,
        "last_position_UTC": "2025-11-30T06:13:00Z"
      },
      {
        "lat": -34.130245,
        "lon": 17.732206,
        "speed": 17.8,
        "course": 304,
        "heading": 305,
        "destination": "USNYC",
        "last_position_epoch": 1764481080,
        "last_position_UTC": "2025-11-30T05:38:00Z"
      },
      {
        "lat": -34.197636,
        "lon": 17.844906,
        "speed": 18.7,
        "course": 304,
        "heading": 306,
        "destination": "USNYC",
        "last_position_epoch": 1764479220,
        "last_position_UTC": "2025-11-30T05:07:00Z"
      },
      {
        "lat": -34.294861,
        "lon": 18.009998,
        "speed": 19.2,
        "course": 305,
        "heading": 305,
        "destination": "USNYC",
        "last_position_epoch": 1764477420,
        "last_position_UTC": "2025-11-30T04:37:00Z"
      },
      {
        "lat": -34.384285,
        "lon": 18.179159,
        "speed": 18.6,
        "course": 297,
        "heading": 297,
        "destination": "USNYC",
        "last_position_epoch": 1764475680,
        "last_position_UTC": "2025-11-30T04:08:00Z"
      },
      {
        "lat": -34.440639,
        "lon": 18.319975,
        "speed": 18.6,
        "course": 295,
        "heading": 295,
        "destination": "USNYC",
        "last_position_epoch": 1764474120,
        "last_position_UTC": "2025-11-30T03:42:00Z"
      },
      {
        "lat": -34.499168,
        "lon": 18.474806,
        "speed": 18.3,
        "course": 298,
        "heading": 299,
        "destination": "USNYC",
        "last_position_epoch": 1764472440,
        "last_position_UTC": "2025-11-30T03:14:00Z"
      },
      {
        "lat": -34.566174,
        "lon": 18.662437,
        "speed": 18.1,
        "course": 291,
        "heading": 293,
        "destination": "USNYC",
        "last_position_epoch": 1764470700,
        "last_position_UTC": "2025-11-30T02:45:00Z"
      },
      {
        "lat": -34.615879,
        "lon": 18.802794,
        "speed": 18.2,
        "course": 298,
        "heading": 299,
        "destination": "USNYC",
        "last_position_epoch": 1764468840,
        "last_position_UTC": "2025-11-30T02:14:00Z"
      },
      {
        "lat": -34.705299,
        "lon": 19.008558,
        "speed": 17.8,
        "course": 296,
        "heading": 296,
        "destination": "USNYC",
        "last_position_epoch": 1764466920,
        "last_position_UTC": "2025-11-30T01:42:00Z"
      },
      {
        "lat": -34.754807,
        "lon": 19.132942,
        "speed": 17.2,
        "course": 295,
        "heading": 295,
        "destination": "USNYC",
        "last_position_epoch": 1764465240,
        "last_position_UTC": "2025-11-30T01:14:00Z"
      },
      {
        "lat": -34.868187,
        "lon": 19.44022,
        "speed": 18.1,
        "course": 292,
        "heading": 292,
        "destination": "USNYC",
        "last_position_epoch": 1764461820,
        "last_position_UTC": "2025-11-30T00:17:00Z"
      },
      {
        "lat": -34.928112,
        "lon": 19.68969,
        "speed": 18.7,
        "course": 281,
        "heading": 284,
        "destination": "USNYC",
        "last_position_epoch": 1764459900,
        "last_position_UTC": "2025-11-29T23:45:00Z"
      },
      {
        "lat": -34.956112,
        "lon": 19.86503,
        "speed": 18.7,
        "course": 279,
        "heading": 280,
        "destination": "USNYC",
        "last_position_epoch": 1764457860,
        "last_position_UTC": "2025-11-29T23:11:00Z"
      },
      {
        "lat": -34.967442,
        "lon": 20.097656,
        "speed": 18.2,
        "course": 268,
        "heading": 268,
        "destination": "USNYC",
        "last_position_epoch": 1764455940,
        "last_position_UTC": "2025-11-29T22:39:00Z"
      },
      {
        "lat": -34.961781,
        "lon": 20.234198,
        "speed": 18,
        "course": 266,
        "heading": 266,
        "destination": "USNYC",
        "last_position_epoch": 1764454020,
        "last_position_UTC": "2025-11-29T22:07:00Z"
      },
      {
        "lat": -34.947941,
        "lon": 20.454042,
        "speed": 18,
        "course": 265,
        "heading": 265,
        "destination": "USNYC",
        "last_position_epoch": 1764452280,
        "last_position_UTC": "2025-11-29T21:38:00Z"
      },
      {
        "lat": -34.94038,
        "lon": 20.598589,
        "speed": 17.7,
        "course": 266,
        "heading": 266,
        "destination": "USNYC",
        "last_position_epoch": 1764450420,
        "last_position_UTC": "2025-11-29T21:07:00Z"
      },
      {
        "lat": -34.930435,
        "lon": 20.778212,
        "speed": 17.7,
        "course": 266,
        "heading": 266,
        "destination": "USNYC",
        "last_position_epoch": 1764448620,
        "last_position_UTC": "2025-11-29T20:37:00Z"
      },
      {
        "lat": -34.905281,
        "lon": 20.992449,
        "speed": 17.7,
        "course": 262,
        "heading": 261,
        "destination": "USNYC",
        "last_position_epoch": 1764446820,
        "last_position_UTC": "2025-11-29T20:07:00Z"
      },
      {
        "lat": -34.879723,
        "lon": 21.188301,
        "speed": 17.7,
        "course": 261,
        "heading": 258,
        "destination": "USNYC",
        "last_position_epoch": 1764444960,
        "last_position_UTC": "2025-11-29T19:36:00Z"
      },
      {
        "lat": -34.862026,
        "lon": 21.311668,
        "speed": 17.6,
        "course": 260,
        "heading": 258,
        "destination": "USNYC",
        "last_position_epoch": 1764443160,
        "last_position_UTC": "2025-11-29T19:06:00Z"
      },
      {
        "lat": -34.836552,
        "lon": 21.501331,
        "speed": 17.6,
        "course": 262,
        "heading": 260,
        "destination": "USNYC",
        "last_position_epoch": 1764441360,
        "last_position_UTC": "2025-11-29T18:36:00Z"
      },
      {
        "lat": -34.813541,
        "lon": 21.707952,
        "speed": 17.3,
        "course": 259,
        "heading": 258,
        "destination": "USNYC",
        "last_position_epoch": 1764439620,
        "last_position_UTC": "2025-11-29T18:07:00Z"
      },
      {
        "lat": -34.802696,
        "lon": 21.843864,
        "speed": 17.3,
        "course": 266,
        "heading": 264,
        "destination": "USNYC",
        "last_position_epoch": 1764437760,
        "last_position_UTC": "2025-11-29T17:36:00Z"
      },
      {
        "lat": -34.796749,
        "lon": 22.0457,
        "speed": 17.6,
        "course": 263,
        "heading": 263,
        "destination": "USNYC",
        "last_position_epoch": 1764435960,
        "last_position_UTC": "2025-11-29T17:06:00Z"
      },
      {
        "lat": -34.779442,
        "lon": 22.199415,
        "speed": 17.7,
        "course": 262,
        "heading": 262,
        "destination": "USNYC",
        "last_position_epoch": 1764434220,
        "last_position_UTC": "2025-11-29T16:37:00Z"
      },
      {
        "lat": -34.760342,
        "lon": 22.383484,
        "speed": 17.6,
        "course": 268,
        "heading": 268,
        "destination": "USNYC",
        "last_position_epoch": 1764432420,
        "last_position_UTC": "2025-11-29T16:07:00Z"
      },
      {
        "lat": -34.758465,
        "lon": 22.592157,
        "speed": 17.6,
        "course": 271,
        "heading": 270,
        "destination": "USNYC",
        "last_position_epoch": 1764430440,
        "last_position_UTC": "2025-11-29T15:34:00Z"
      },
      {
        "lat": -34.759834,
        "lon": 22.787392,
        "speed": 17.3,
        "course": 270,
        "heading": 270,
        "destination": "USNYC",
        "last_position_epoch": 1764428760,
        "last_position_UTC": "2025-11-29T15:06:00Z"
      },
      {
        "lat": -34.761158,
        "lon": 22.916594,
        "speed": 17.3,
        "course": 270,
        "heading": 270,
        "destination": "USNYC",
        "last_position_epoch": 1764426900,
        "last_position_UTC": "2025-11-29T14:35:00Z"
      }
    ]
  },
  "meta": {
    "duration": 0.015928798,
    "endpoint": "/api/v0/vessel_history",
    "success": true
  }
}