{
  "data": {
    "uuid": "41455e87-b47d-8ce3-269e-7e501ea4edd6",
    "name": "ONE MADRID",
    "mmsi": "431981000",
    "imo": "9805453",
    "eni": null,
    "country_iso": "JP",
    "type": "Cargo",
    "type_specific": "Container Ship",
    "positions": [
      {
        "lat": 36.905209,
        "lon": -60.845581,
        "speed": 9.8,
        "course": 337,
        "heading": 335,
        "destination": "CA HAL",
        "last_position_epoch": 1764930060,
        "last_position_UTC": "2025-12-05T10:21:00Z"
      },
      {
        "lat": 36.858047,
        "lon": -60.819645,
        "speed": 10.1,
        "course": 331,
        "heading": 330,
        "destination": "CA HAL",
        "last_position_epoch": 1764928500,
        "last_position_UTC": "2025-12-05T09:55:00Z"
      },
      {
        "lat": 35.067741,
        "lon": -56.005028,
        "speed": 14.1,
        "course": 294,
        "heading": null,
        "destination": "CA HAL",
        "last_position_epoch": 1764845280,
        "last_position_UTC": "2025-12-04T10:48:00Z"
      },
      {
        "lat": 35.05954,
        "lon": -55.982639,
        "speed": 14.1,
        "course": 293,
        "heading": null,
        "destination": "CA HAL",
        "last_position_epoch": 1764844800,
        "last_position_UTC": "2025-12-04T10:40:00Z"
      },
      {
        "lat": 35.006992,
        "lon": -55.836575,
        "speed": 14.3,
        "course": 292,
        "heading": null,
        "destination": "CA HAL",
        "last_position_epoch": 1764843120,
        "last_position_UTC": "2025-12-04T10:12:00Z"
      },
      {
        "lat": 34.957394,
        "lon": -55.694054,
        "speed": 14.3,
        "course": 292,
        "heading": null,
        "destination": "CA HAL",
        "last_position_epoch": 1764841320,
        "last_position_UTC": "2025-12-04T09:42:00Z"
      },
      {
        "lat": 34.901993,
        "lon": -55.5392,
        "speed": 14.1,
        "course": 293,
        "heading": null,
        "destination": "CA HAL",
        "last_position_epoch": 1764839280,
        "last_position_UTC": "2025-12-04T09:08:00Z"
      },
      {
        "lat": 33.720001,
        "lon": -52.244091,
        "speed": 10.8,
        "course": 291,
        "heading": null,
        "destination": "CA HAL",
        "last_position_epoch": 1764784500,
        "last_position_UTC": "2025-12-03T17:55:00Z"
      },
      {
        "lat": 33.704044,
        "lon": -52.154518,
        "speed": 11.3,
        "course": 279,
        "heading": null,
        "destination": "CA HAL",
        "last_position_epoch": 1764783060,
        "last_position_UTC": "2025-12-03T17:31:00Z"
      }
    ]
  },
  "meta": {
    "duration": 0.009434646,
    "endpoint": "/api/v0/vessel_history",
    "success": true
  }
}