{
  "data": {
    "uuid": "5cd7ceab-3fd5-51bd-76d8-3d55bedb40b6",
    "name": "HMM HOPE",
    "mmsi": "440176000",
    "imo": "9637234",
    "eni": null,
    "country_iso": "KR",
    "type": "Cargo",
    "type_specific": "Container Ship",
    "positions": [
      {
        "lat": 51.35060333333333,
        "lon": 4.264351666666666,
        "speed": 0.1,
        "course": 343.5,
        "heading": 113,
        "destination": "GBSOU>BEANR",
        "last_position_epoch": 1765030233,
        "last_position_UTC": "2025-12-06T14:10:33Z"
      },
      {
        "lat": 51.350647,
        "lon": 4.2643886,
        "speed": 0.1,
        "course": 342,
        "heading": 113,
        "destination": "GBSOU>BEANR",
        "last_position_epoch": 1765028460,
        "last_position_UTC": "2025-12-06T13:41:00Z"
      },
      {
        "lat": 51.350655,
        "lon": 4.2642465,
        "speed": 0.1,
        "course": 4,
        "heading": 113,
        "destination": "GBSOU>BEANR",
        "last_position_epoch": 1765026660,
        "last_position_UTC": "2025-12-06T13:11:00Z"
      },
      {
        "lat": 51.350666,
        "lon": 4.2643785,
        "speed": 0.1,
        "course": 358,
        "heading": 113,
        "destination": "GBSOU>BEANR",
        "last_position_epoch": 1765024920,
        "last_position_UTC": "2025-12-06T12:42:00Z"
      },
      {
        "lat": 51.350559,
        "lon": 4.2641902,
        "speed": 0,
        "course": 2,
        "heading": 113,
        "destination": "GBSOU>BEANR",
        "last_position_epoch": 1765023060,
        "last_position_UTC": "2025-12-06T12:11:00Z"
      },
      {
        "lat": 51.350662,
        "lon": 4.2643118,
        "speed": 0,
        "course": 14,
        "heading": 113,
        "destination": "GBSOU>BEANR",
        "last_position_epoch": 1765021320,
        "last_position_UTC": "2025-12-06T11:42:00Z"
      },
      {
        "lat": 51.350342,
        "lon": 4.2644434,
        "speed": 0.1,
        "course": 19,
        "heading": 113,
        "destination": "GBSOU>BEANR",
        "last_position_epoch": 1765019640,
        "last_position_UTC": "2025-12-06T11:14:00Z"
      },
      {
        "lat": 51.350315,
        "lon": 4.2642817,
        "speed": 0.1,
        "course": 5,
        "heading": 113,
        "destination": "GBSOU>BEANR",
        "last_position_epoch": 1765017780,
        "last_position_UTC": "2025-12-06T10:43:00Z"
      },
      {
        "lat": 51.350277,
        "lon": 4.2644415,
        "speed": 0.1,
        "course": 2,
        "heading": 113,
        "destination": "GBSOU>BEANR",
        "last_position_epoch": 1765015980,
        "last_position_UTC": "2025-12-06T10:13:00Z"
      },
      {
        "lat": 51.3503,
        "lon": 4.2644114,
        "speed": 0.1,
        "course": 2,
        "heading": 113,
        "destination": "GBSOU>BEANR",
        "last_position_epoch": 1765014120,
        "last_position_UTC": "2025-12-06T09:42:00Z"
      },
      {
        "lat": 51.350639,
        "lon": 4.2642817,
        "speed": 0.1,
        "course": 42,
        "heading": 113,
        "destination": "GBSOU>BEANR",
        "last_position_epoch": 1765012380,
        "last_position_UTC": "2025-12-06T09:13:00Z"
      },
      {
        "lat": 51.35053166666667,
        "lon": 4.26433,
        "speed": 0.1,
        "course": 19.4,
        "heading": 113,
        "destination": "GBSOU>BEANR",
        "last_position_epoch": 1765010433,
        "last_position_UTC": "2025-12-06T08:40:33Z"
      },
      {
        "lat": 51.350628,
        "lon": 4.2643399,
        "speed": 0.1,
        "course": 66,
        "heading": 113,
        "destination": "GBSOU>BEANR",
        "last_position_epoch": 1765008660,
        "last_position_UTC": "2025-12-06T08:11:00Z"
      },
      {
        "lat": 51.350548,
        "lon": 4.2639933,
        "speed": 0.1,
        "course": 37,
        "heading": 113,
        "destination": "GBSOU>BEANR",
        "last_position_epoch": 1765006800,
        "last_position_UTC": "2025-12-06T07:40:00Z"
      },
      {
        "lat": 51.350655,
        "lon": 4.2643867,
        "speed": 0.1,
        "course": 357,
        "heading": 113,
        "destination": "GBSOU>BEANR",
        "last_position_epoch": 1765005120,
        "last_position_UTC": "2025-12-06T07:12:00Z"
      },
      {
        "lat": 51.35059666666667,
        "lon": 4.264443333333333,
        "speed": 0.1,
        "course": 20.5,
        "heading": 113,
        "destination": "GBSOU>BEANR",
        "last_position_epoch": 1765003053,
        "last_position_UTC": "2025-12-06T06:37:33Z"
      },
      {
        "lat": 51.350676666666665,
        "lon": 4.26434,
        "speed": 0.2,
        "course": 35.2,
        "heading": 113,
        "destination": "GBSOU>BEANR",
        "last_position_epoch": 1765001433,
        "last_position_UTC": "2025-12-06T06:10:33Z"
      },
      {
        "lat": 51.350578,
        "lon": 4.2645402,
        "speed": 0.1,
        "course": 357,
        "heading": 113,
        "destination": "GBSOU>BEANR",
        "last_position_epoch": 1764999840,
        "last_position_UTC": "2025-12-06T05:44:00Z"
      },
      {
        "lat": 51.35046333333333,
        "lon": 4.264445,
        "speed": 0.1,
        "course": 356.6,
        "heading": 113,
        "destination": "GBSOU>BEANR",
        "last_position_epoch": 1764997833,
        "last_position_UTC": "2025-12-06T05:10:33Z"
      },
      {
        "lat": 51.350325,
        "lon": 4.264261666666667,
        "speed": 0.1,
        "course": 358,
        "heading": 113,
        "destination": "GBSOU>BEANR",
        "last_position_epoch": 1764995853,
        "last_position_UTC": "2025-12-06T04:37:33Z"
      },
      {
        "lat": 51.350628,
        "lon": 4.2640901,
        "speed": 0.1,
        "course": 332,
        "heading": 113,
        "destination": "GBSOU>BEANR",
        "last_position_epoch": 1764994260,
        "last_position_UTC": "2025-12-06T04:11:00Z"
      },
      {
        "lat": 51.350975,
        "lon": 4.264235,
        "speed": 0.1,
        "course": 0,
        "heading": 113,
        "destination": "GBSOU>BEANR",
        "last_position_epoch": 1764992400,
        "last_position_UTC": "2025-12-06T03:40:00Z"
      },
      {
        "lat": 51.350878333333334,
        "lon": 4.263808333333333,
        "speed": 0,
        "course": 0.1,
        "heading": 113,
        "destination": "GBSOU>BEANR",
        "last_position_epoch": 1764990453,
        "last_position_UTC": "2025-12-06T03:07:33Z"
      },
      {
        "lat": 51.350395,
        "lon": 4.2640815,
        "speed": 0,
        "course": 342,
        "heading": 113,
        "destination": "GBSOU>BEANR",
        "last_position_epoch": 1764988980,
        "last_position_UTC": "2025-12-06T02:43:00Z"
      },
      {
        "lat": 51.350407,
        "lon": 4.2639165,
        "speed": 0.1,
        "course": 12,
        "heading": 113,
        "destination": "GBSOU>BEANR",
        "last_position_epoch": 1764987000,
        "last_position_UTC": "2025-12-06T02:10:00Z"
      },
      {
        "lat": 51.350685,
        "lon": 4.2644014,
        "speed": 0.3,
        "course": 18,
        "heading": 113,
        "destination": "GBSOU>BEANR",
        "last_position_epoch": 1764985200,
        "last_position_UTC": "2025-12-06T01:40:00Z"
      },
      {
        "lat": 51.350567,
        "lon": 4.2644181,
        "speed": 0,
        "course": 356,
        "heading": 113,
        "destination": "GBSOU>BEANR",
        "last_position_epoch": 1764983580,
        "last_position_UTC": "2025-12-06T01:13:00Z"
      },
      {
        "lat": 51.350525,
        "lon": 4.2644367,
        "speed": 0.1,
        "course": 25,
        "heading": 113,
        "destination": "GBSOU>BEANR",
        "last_position_epoch": 1764981840,
        "last_position_UTC": "2025-12-06T00:44:00Z"
      },
      {
        "lat": 51.350368,
        "lon": 4.2642584,
        "speed": 0.1,
        "course": 26,
        "heading": 113,
        "destination": "GBSOU>BEANR",
        "last_position_epoch": 1764979980,
        "last_position_UTC": "2025-12-06T00:13:00Z"
      },
      {
        "lat": 51.350636,
        "lon": 4.2640667,
        "speed": 0,
        "course": 9,
        "heading": 113,
        "destination": "GBSOU>BEANR",
        "last_position_epoch": 1764978300,
        "last_position_UTC": "2025-12-05T23:45:00Z"
      },
      {
        "lat": 51.350307,
        "lon": 4.2638049,
        "speed": 0.2,
        "course": 39,
        "heading": 113,
        "destination": "GBSOU>BEANR",
        "last_position_epoch": 1764976320,
        "last_position_UTC": "2025-12-05T23:12:00Z"
      },
      {
        "lat": 51.350685,
        "lon": 4.2643566,
        "speed": 0.1,
        "course": 22,
        "heading": 113,
        "destination": "GBSOU>BEANR",
        "last_position_epoch": 1764974520,
        "last_position_UTC": "2025-12-05T22:42:00Z"
      },
      {
        "lat": 51.35059,
        "lon": 4.2642398,
        "speed": 0.2,
        "course": 11,
        "heading": 113,
        "destination": "GBSOU>BEANR",
        "last_position_epoch": 1764972720,
        "last_position_UTC": "2025-12-05T22:12:00Z"
      },
      {
        "lat": 51.350605,
        "lon": 4.2643051,
        "speed": 0.1,
        "course": 19,
        "heading": 113,
        "destination": "GBSOU>BEANR",
        "last_position_epoch": 1764970920,
        "last_position_UTC": "2025-12-05T21:42:00Z"
      },
      {
        "lat": 51.350658,
        "lon": 4.2643433,
        "speed": 0.1,
        "course": 34,
        "heading": 113,
        "destination": "GBSOU>BEANR",
        "last_position_epoch": 1764969180,
        "last_position_UTC": "2025-12-05T21:13:00Z"
      },
      {
        "lat": 51.350735,
        "lon": 4.2642784,
        "speed": 0.1,
        "course": 345,
        "heading": 113,
        "destination": "GBSOU>BEANR",
        "last_position_epoch": 1764967380,
        "last_position_UTC": "2025-12-05T20:43:00Z"
      },
      {
        "lat": 51.350674,
        "lon": 4.264225,
        "speed": 0,
        "course": 69,
        "heading": 113,
        "destination": "GBSOU>BEANR",
        "last_position_epoch": 1764965640,
        "last_position_UTC": "2025-12-05T20:14:00Z"
      },
      {
        "lat": 51.350639,
        "lon": 4.2642932,
        "speed": 0.1,
        "course": 40,
        "heading": 113,
        "destination": "GBSOU>BEANR",
        "last_position_epoch": 1764963840,
        "last_position_UTC": "2025-12-05T19:44:00Z"
      },
      {
        "lat": 51.35055833333333,
        "lon": 4.26443,
        "speed": 0.1,
        "course": 19.8,
        "heading": 113,
        "destination": "GBSOU>BEANR",
        "last_position_epoch": 1764961899,
        "last_position_UTC": "2025-12-05T19:11:39Z"
      },
      {
        "lat": 51.350712,
        "lon": 4.2639832,
        "speed": 0.1,
        "course": 13,
        "heading": 113,
        "destination": "GBSOU>BEANR",
        "last_position_epoch": 1764960180,
        "last_position_UTC": "2025-12-05T18:43:00Z"
      },
      {
        "lat": 51.350628,
        "lon": 4.2644134,
        "speed": 0.1,
        "course": 0,
        "heading": 113,
        "destination": "GBSOU>BEANR",
        "last_position_epoch": 1764958324,
        "last_position_UTC": "2025-12-05T18:12:04Z"
      },
      {
        "lat": 51.350586,
        "lon": 4.2643352,
        "speed": 0,
        "course": 327,
        "heading": 113,
        "destination": "GBSOU>BEANR",
        "last_position_epoch": 1764956520,
        "last_position_UTC": "2025-12-05T17:42:00Z"
      },
      {
        "lat": 51.35067,
        "lon": 4.2642598,
        "speed": 0.1,
        "course": 323,
        "heading": 113,
        "destination": "GBSOU>BEANR",
        "last_position_epoch": 1764954720,
        "last_position_UTC": "2025-12-05T17:12:00Z"
      },
      {
        "lat": 51.350624,
        "lon": 4.2643518,
        "speed": 0,
        "course": 313,
        "heading": 113,
        "destination": "GBSOU>BEANR",
        "last_position_epoch": 1764952980,
        "last_position_UTC": "2025-12-05T16:43:00Z"
      },
      {
        "lat": 51.350494,
        "lon": 4.2643185,
        "speed": 0,
        "course": 3,
        "heading": 113,
        "destination": "GBSOU>BEANR",
        "last_position_epoch": 1764951120,
        "last_position_UTC": "2025-12-05T16:12:00Z"
      },
      {
        "lat": 51.350662,
        "lon": 4.2642832,
        "speed": 0,
        "course": 285,
        "heading": 113,
        "destination": "GBSOU>BEANR",
        "last_position_epoch": 1764949440,
        "last_position_UTC": "2025-12-05T15:44:00Z"
      },
      {
        "lat": 51.350674,
        "lon": 4.2642817,
        "speed": 0,
        "course": 341,
        "heading": 113,
        "destination": "GBSOU>BEANR",
        "last_position_epoch": 1764947400,
        "last_position_UTC": "2025-12-05T15:10:00Z"
      },
      {
        "lat": 51.350697,
        "lon": 4.2642565,
        "speed": 0,
        "course": 0,
        "heading": 113,
        "destination": "GBSOU>BEANR",
        "last_position_epoch": 1764945600,
        "last_position_UTC": "2025-12-05T14:40:00Z"
      },
      {
        "lat": 51.35079833333333,
        "lon": 4.264005,
        "speed": 0,
        "course": 346.7,
        "heading": 113,
        "destination": "GBSOU>BEANR",
        "last_position_epoch": 1764943899,
        "last_position_UTC": "2025-12-05T14:11:39Z"
      },
      {
        "lat": 51.350628,
        "lon": 4.2643499,
        "speed": 0,
        "course": 351,
        "heading": 113,
        "destination": "GBSOU>BEANR",
        "last_position_epoch": 1764942060,
        "last_position_UTC": "2025-12-05T13:41:00Z"
      },
      {
        "lat": 51.350605,
        "lon": 4.264326666666666,
        "speed": 0,
        "course": 352.6,
        "heading": 113,
        "destination": "GBSOU>BEANR",
        "last_position_epoch": 1764940299,
        "last_position_UTC": "2025-12-05T13:11:39Z"
      },
      {
        "lat": 51.350628,
        "lon": 4.2643566,
        "speed": 0,
        "course": 331,
        "heading": 113,
        "destination": "GBSOU>BEANR",
        "last_position_epoch": 1764938520,
        "last_position_UTC": "2025-12-05T12:42:00Z"
      },
      {
        "lat": 51.350658333333335,
        "lon": 4.26431,
        "speed": 0,
        "course": 295.5,
        "heading": 113,
        "destination": "GBSOU>BEANR",
        "last_position_epoch": 1764936699,
        "last_position_UTC": "2025-12-05T12:11:39Z"
      },
      {
        "lat": 51.350677,
        "lon": 4.2643933,
        "speed": 0,
        "course": 30,
        "heading": 113,
        "destination": "GBSOU>BEANR",
        "last_position_epoch": 1764934920,
        "last_position_UTC": "2025-12-05T11:42:00Z"
      },
      {
        "lat": 51.35066,
        "lon": 4.264268333333333,
        "speed": 0,
        "course": 211.2,
        "heading": 113,
        "destination": "GBSOU>BEANR",
        "last_position_epoch": 1764933099,
        "last_position_UTC": "2025-12-05T11:11:39Z"
      },
      {
        "lat": 51.350685,
        "lon": 4.2643251,
        "speed": 0,
        "course": 347,
        "heading": 114,
        "destination": "GBSOU>BEANR",
        "last_position_epoch": 1764931440,
        "last_position_UTC": "2025-12-05T10:44:00Z"
      },
      {
        "lat": 51.350705,
        "lon": 4.264375,
        "speed": 0.1,
        "course": 17.7,
        "heading": 114,
        "destination": "GBSOU>BEANR",
        "last_position_epoch": 1764929499,
        "last_position_UTC": "2025-12-05T10:11:39Z"
      },
      {
        "lat": 51.350613333333335,
        "lon": 4.264258333333333,
        "speed": 0,
        "course": 60.8,
        "heading": 112,
        "destination": "GBSOU>BEANR",
        "last_position_epoch": 1764927772,
        "last_position_UTC": "2025-12-05T09:42:52Z"
      },
      {
        "lat": 51.358563333333336,
        "lon": 4.230221666666667,
        "speed": 5.6,
        "course": 129.3,
        "heading": 128,
        "destination": "GBSOU>BEANR",
        "last_position_epoch": 1764925672,
        "last_position_UTC": "2025-12-05T09:07:52Z"
      },
      {
        "lat": 51.38135166666667,
        "lon": 4.15935,
        "speed": 14.9,
        "course": 42.1,
        "heading": 41,
        "destination": "GBSOU>BEANR",
        "last_position_epoch": 1764924181,
        "last_position_UTC": "2025-12-05T08:43:01Z"
      },
      {
        "lat": 51.399633333333334,
        "lon": 4.034135,
        "speed": 5.8,
        "course": 180.9,
        "heading": 182,
        "destination": "GBSOU>BEANR",
        "last_position_epoch": 1764922370,
        "last_position_UTC": "2025-12-05T08:12:50Z"
      },
      {
        "lat": 51.377178,
        "lon": 3.9388983,
        "speed": 14.5,
        "course": 46,
        "heading": 47,
        "destination": "GBSOU>BEANR",
        "last_position_epoch": 1764920460,
        "last_position_UTC": "2025-12-05T07:41:00Z"
      },
      {
        "lat": 51.345816666666664,
        "lon": 3.836586666666667,
        "speed": 11.2,
        "course": 94.6,
        "heading": 96,
        "destination": "GBSOU>BEANR",
        "last_position_epoch": 1764918780,
        "last_position_UTC": "2025-12-05T07:13:00Z"
      },
      {
        "lat": 51.403081666666665,
        "lon": 3.71039,
        "speed": 12.9,
        "course": 175.6,
        "heading": 177,
        "destination": "GBSOU>BEANR",
        "last_position_epoch": 1764916977,
        "last_position_UTC": "2025-12-05T06:42:57Z"
      },
      {
        "lat": 51.428135,
        "lon": 3.5871351,
        "speed": 4.8,
        "course": 78,
        "heading": 81,
        "destination": "GBSOU>BEANR",
        "last_position_epoch": 1764915240,
        "last_position_UTC": "2025-12-05T06:14:00Z"
      },
      {
        "lat": 51.417767,
        "lon": 3.4990733,
        "speed": 11,
        "course": 83,
        "heading": 85,
        "destination": "GBSOU>BEANR",
        "last_position_epoch": 1764913440,
        "last_position_UTC": "2025-12-05T05:44:00Z"
      },
      {
        "lat": 51.40553166666667,
        "lon": 3.3305,
        "speed": 11,
        "course": 93.3,
        "heading": 94,
        "destination": "GBSOU>BEANR",
        "last_position_epoch": 1764911277,
        "last_position_UTC": "2025-12-05T05:07:57Z"
      },
      {
        "lat": 51.405125,
        "lon": 3.202418333333333,
        "speed": 14.3,
        "course": 83.6,
        "heading": 85,
        "destination": "GBSOU>BEANR",
        "last_position_epoch": 1764909779,
        "last_position_UTC": "2025-12-05T04:42:59Z"
      },
      {
        "lat": 51.4189,
        "lon": 2.9113984,
        "speed": 16.2,
        "course": 96,
        "heading": 100,
        "destination": "GBSOU>BEANR",
        "last_position_epoch": 1764907860,
        "last_position_UTC": "2025-12-05T04:11:00Z"
      },
      {
        "lat": 51.411121666666666,
        "lon": 2.782576666666667,
        "speed": 16.9,
        "course": 51,
        "heading": 55,
        "destination": "GBSOU>BEANR",
        "last_position_epoch": 1764906178,
        "last_position_UTC": "2025-12-05T03:42:58Z"
      },
      {
        "lat": 51.367125,
        "lon": 2.67609,
        "speed": 6.7,
        "course": 86.1,
        "heading": 93,
        "destination": "GBSOU>BEANR",
        "last_position_epoch": 1764904378,
        "last_position_UTC": "2025-12-05T03:12:58Z"
      },
      {
        "lat": 51.36881666666667,
        "lon": 2.58076,
        "speed": 4.9,
        "course": 87.6,
        "heading": 102,
        "destination": "GBSOU>BEANR",
        "last_position_epoch": 1764902577,
        "last_position_UTC": "2025-12-05T02:42:57Z"
      },
      {
        "lat": 51.366018333333336,
        "lon": 2.49541,
        "speed": 7.1,
        "course": 85.2,
        "heading": 95,
        "destination": "GBSOU>BEANR",
        "last_position_epoch": 1764900778,
        "last_position_UTC": "2025-12-05T02:12:58Z"
      },
      {
        "lat": 51.35946,
        "lon": 2.445263333333333,
        "speed": 2.4,
        "course": 54,
        "heading": 170,
        "destination": "GBSOU>BEANR",
        "last_position_epoch": 1764898980,
        "last_position_UTC": "2025-12-05T01:43:00Z"
      },
      {
        "lat": 51.34832,
        "lon": 2.4064667,
        "speed": 3.7,
        "course": 66,
        "heading": 90,
        "destination": "GBSOU>BEANR",
        "last_position_epoch": 1764897360,
        "last_position_UTC": "2025-12-05T01:16:00Z"
      },
      {
        "lat": 51.33012,
        "lon": 2.3499999,
        "speed": 5.5,
        "course": 61,
        "heading": 71,
        "destination": "GBSOU>BEANR",
        "last_position_epoch": 1764895440,
        "last_position_UTC": "2025-12-05T00:44:00Z"
      },
      {
        "lat": 51.30288,
        "lon": 2.260186666666667,
        "speed": 12.4,
        "course": 66.8,
        "heading": 72,
        "destination": "GBSOU>BEANR",
        "last_position_epoch": 1764893579,
        "last_position_UTC": "2025-12-05T00:12:59Z"
      },
      {
        "lat": 51.309021,
        "lon": 2.1208782,
        "speed": 9.1,
        "course": 136,
        "heading": 150,
        "destination": "GBSOU>BEANR",
        "last_position_epoch": 1764891840,
        "last_position_UTC": "2025-12-04T23:44:00Z"
      },
      {
        "lat": 51.3568,
        "lon": 2.048175,
        "speed": 9.3,
        "course": 139.6,
        "heading": 153,
        "destination": "GBSOU>BEANR",
        "last_position_epoch": 1764889978,
        "last_position_UTC": "2025-12-04T23:12:58Z"
      },
      {
        "lat": 51.4093,
        "lon": 1.9586266666666667,
        "speed": 9.2,
        "course": 158.6,
        "heading": 160,
        "destination": "GBSOU>BEANR",
        "last_position_epoch": 1764888178,
        "last_position_UTC": "2025-12-04T22:42:58Z"
      },
      {
        "lat": 51.485615,
        "lon": 2.022675,
        "speed": 9.3,
        "course": 225,
        "heading": 227,
        "destination": "GBSOU>BEANR",
        "last_position_epoch": 1764886320,
        "last_position_UTC": "2025-12-04T22:12:00Z"
      },
      {
        "lat": 51.534065,
        "lon": 2.0919433333333335,
        "speed": 9.7,
        "course": 220.1,
        "heading": 224,
        "destination": "GBSOU>BEANR",
        "last_position_epoch": 1764884579,
        "last_position_UTC": "2025-12-04T21:42:59Z"
      },
      {
        "lat": 51.60008,
        "lon": 2.1797416666666667,
        "speed": 10.2,
        "course": 218.7,
        "heading": 224,
        "destination": "GBSOU>BEANR",
        "last_position_epoch": 1764882769,
        "last_position_UTC": "2025-12-04T21:12:49Z"
      },
      {
        "lat": 51.668596666666666,
        "lon": 2.2667016666666666,
        "speed": 10.7,
        "course": 219.5,
        "heading": 223,
        "destination": "GBSOU>BEANR",
        "last_position_epoch": 1764880980,
        "last_position_UTC": "2025-12-04T20:43:00Z"
      },
      {
        "lat": 51.739036666666664,
        "lon": 2.3603133333333335,
        "speed": 10.7,
        "course": 219.6,
        "heading": 223,
        "destination": "GBSOU>BEANR",
        "last_position_epoch": 1764879171,
        "last_position_UTC": "2025-12-04T20:12:51Z"
      },
      {
        "lat": 51.830818,
        "lon": 2.4609983,
        "speed": 10.1,
        "course": 207,
        "heading": 210,
        "destination": "GBSOU>BEANR",
        "last_position_epoch": 1764877380,
        "last_position_UTC": "2025-12-04T19:43:00Z"
      },
      {
        "lat": 51.881527,
        "lon": 2.4971516,
        "speed": 2,
        "course": 280,
        "heading": 273,
        "destination": "GBSOU>BEANR",
        "last_position_epoch": 1764875520,
        "last_position_UTC": "2025-12-04T19:12:00Z"
      },
      {
        "lat": 51.882816,
        "lon": 2.4857416,
        "speed": 1.7,
        "course": 100,
        "heading": 313,
        "destination": "GBSOU>BEANR",
        "last_position_epoch": 1764873780,
        "last_position_UTC": "2025-12-04T18:43:00Z"
      },
      {
        "lat": 51.882179,
        "lon": 2.46049,
        "speed": 1.7,
        "course": 74,
        "heading": 314,
        "destination": "GBSOU>BEANR",
        "last_position_epoch": 1764871980,
        "last_position_UTC": "2025-12-04T18:13:00Z"
      },
      {
        "lat": 51.876667,
        "lon": 2.4352601,
        "speed": 2.7,
        "course": 38,
        "heading": 304,
        "destination": "GBSOU>BEANR",
        "last_position_epoch": 1764870120,
        "last_position_UTC": "2025-12-04T17:42:00Z"
      },
      {
        "lat": 51.854561,
        "lon": 2.4599466,
        "speed": 6,
        "course": 300,
        "heading": 281,
        "destination": "GBSOU>BEANR",
        "last_position_epoch": 1764868200,
        "last_position_UTC": "2025-12-04T17:10:00Z"
      },
      {
        "lat": 51.817467,
        "lon": 2.5364633,
        "speed": 7.6,
        "course": 324,
        "heading": 310,
        "destination": "GBSOU>BEANR",
        "last_position_epoch": 1764866400,
        "last_position_UTC": "2025-12-04T16:40:00Z"
      },
      {
        "lat": 51.744904,
        "lon": 2.5636184,
        "speed": 10.6,
        "course": 1,
        "heading": 0,
        "destination": "GBSOU>BEANR",
        "last_position_epoch": 1764864600,
        "last_position_UTC": "2025-12-04T16:10:00Z"
      },
      {
        "lat": 51.691455,
        "lon": 2.528236666666667,
        "speed": 11.4,
        "course": 44.2,
        "heading": 51,
        "destination": "GBSOU>BEANR",
        "last_position_epoch": 1764862968,
        "last_position_UTC": "2025-12-04T15:42:48Z"
      },
      {
        "lat": 51.596779,
        "lon": 2.3835866,
        "speed": 11.5,
        "course": 44,
        "heading": 53,
        "destination": "GBSOU>BEANR",
        "last_position_epoch": 1764861000,
        "last_position_UTC": "2025-12-04T15:10:00Z"
      },
      {
        "lat": 51.553837,
        "lon": 2.3190234,
        "speed": 10.5,
        "course": 41,
        "heading": 53,
        "destination": "GBSOU>BEANR",
        "last_position_epoch": 1764859440,
        "last_position_UTC": "2025-12-04T14:44:00Z"
      },
      {
        "lat": 51.462765,
        "lon": 2.1993632,
        "speed": 10.3,
        "course": 38,
        "heading": 50,
        "destination": "GBSOU>BEANR",
        "last_position_epoch": 1764857640,
        "last_position_UTC": "2025-12-04T14:14:00Z"
      },
      {
        "lat": 51.38744,
        "lon": 2.1317284,
        "speed": 12,
        "course": 1,
        "heading": 0,
        "destination": "GBSOU>BEANR",
        "last_position_epoch": 1764855660,
        "last_position_UTC": "2025-12-04T13:41:00Z"
      },
      {
        "lat": 51.327378333333336,
        "lon": 2.1376916666666665,
        "speed": 12.1,
        "course": 0.6,
        "heading": 0,
        "destination": "GBSOU>BEANR",
        "last_position_epoch": 1764853980,
        "last_position_UTC": "2025-12-04T13:13:00Z"
      },
      {
        "lat": 51.2379,
        "lon": 2.1022183333333335,
        "speed": 10.8,
        "course": 25.9,
        "heading": 30,
        "destination": "GBSOU>BEANR",
        "last_position_epoch": 1764852180,
        "last_position_UTC": "2025-12-04T12:43:00Z"
      },
      {
        "lat": 51.19345,
        "lon": 1.9959633333333333,
        "speed": 10.1,
        "course": 66.5,
        "heading": 85,
        "destination": "GBSOU>BEANR",
        "last_position_epoch": 1764850380,
        "last_position_UTC": "2025-12-04T12:13:00Z"
      },
      {
        "lat": 51.15893333333333,
        "lon": 1.8695666666666666,
        "speed": 10.8,
        "course": 58.8,
        "heading": 75,
        "destination": "GBSOU>BEANR",
        "last_position_epoch": 1764848580,
        "last_position_UTC": "2025-12-04T11:43:00Z"
      },
      {
        "lat": 51.08884833333333,
        "lon": 1.7569716666666666,
        "speed": 12.5,
        "course": 40.9,
        "heading": 46,
        "destination": "GBSOU>BEANR",
        "last_position_epoch": 1764846779,
        "last_position_UTC": "2025-12-04T11:12:59Z"
      },
      {
        "lat": 51.002563,
        "lon": 1.6314517,
        "speed": 12.5,
        "course": 46,
        "heading": 56,
        "destination": "GBSOU>BEANR",
        "last_position_epoch": 1764844800,
        "last_position_UTC": "2025-12-04T10:40:00Z"
      },
      {
        "lat": 50.929039,
        "lon": 1.5159217,
        "speed": 12,
        "course": 44,
        "heading": 55,
        "destination": "GBSOU>BEANR",
        "last_position_epoch": 1764843000,
        "last_position_UTC": "2025-12-04T10:10:00Z"
      },
      {
        "lat": 50.85424,
        "lon": 1.4490533333333333,
        "speed": 11.7,
        "course": 19.1,
        "heading": 25,
        "destination": "GBSOU>BEANR",
        "last_position_epoch": 1764841377,
        "last_position_UTC": "2025-12-04T09:42:57Z"
      },
      {
        "lat": 50.76231,
        "lon": 1.395105,
        "speed": 12.5,
        "course": 23.8,
        "heading": 30,
        "destination": "GBSOU>BEANR",
        "last_position_epoch": 1764839577,
        "last_position_UTC": "2025-12-04T09:12:57Z"
      },
      {
        "lat": 50.688208333333336,
        "lon": 1.2971316666666668,
        "speed": 11.2,
        "course": 49,
        "heading": 60,
        "destination": "GBSOU>BEANR",
        "last_position_epoch": 1764837768,
        "last_position_UTC": "2025-12-04T08:42:48Z"
      },
      {
        "lat": 50.594582,
        "lon": 1.1458566,
        "speed": 10.8,
        "course": 47,
        "heading": 56,
        "destination": "GBSOU>BEANR",
        "last_position_epoch": 1764835800,
        "last_position_UTC": "2025-12-04T08:10:00Z"
      },
      {
        "lat": 50.532227,
        "lon": 1.0279167,
        "speed": 11.8,
        "course": 51,
        "heading": 58,
        "destination": "GBSOU>BEANR",
        "last_position_epoch": 1764834060,
        "last_position_UTC": "2025-12-04T07:41:00Z"
      },
      {
        "lat": 50.497372,
        "lon": 0.94018167,
        "speed": 11.6,
        "course": 68,
        "heading": 78,
        "destination": "GBSOU>BEANR",
        "last_position_epoch": 1764832320,
        "last_position_UTC": "2025-12-04T07:12:00Z"
      },
      {
        "lat": 50.468735,
        "lon": 0.79721999,
        "speed": 11.3,
        "course": 79,
        "heading": 90,
        "destination": "GBSOU>BEANR",
        "last_position_epoch": 1764830520,
        "last_position_UTC": "2025-12-04T06:42:00Z"
      },
      {
        "lat": 50.445721,
        "lon": 0.64804834,
        "speed": 11.1,
        "course": 75,
        "heading": 83,
        "destination": "GBSOU>BEANR",
        "last_position_epoch": 1764828720,
        "last_position_UTC": "2025-12-04T06:12:00Z"
      },
      {
        "lat": 50.421932,
        "lon": 0.50760502,
        "speed": 10.8,
        "course": 75,
        "heading": 83,
        "destination": "GBSOU>BEANR",
        "last_position_epoch": 1764827100,
        "last_position_UTC": "2025-12-04T05:45:00Z"
      },
      {
        "lat": 50.400631,
        "lon": 0.36981833,
        "speed": 10.6,
        "course": 77,
        "heading": 85,
        "destination": "GBSOU>BEANR",
        "last_position_epoch": 1764825240,
        "last_position_UTC": "2025-12-04T05:14:00Z"
      },
      {
        "lat": 50.382652,
        "lon": 0.23124667,
        "speed": 10.1,
        "course": 78,
        "heading": 87,
        "destination": "GBSOU>BEANR",
        "last_position_epoch": 1764823260,
        "last_position_UTC": "2025-12-04T04:41:00Z"
      },
      {
        "lat": 50.361279,
        "lon": 0.103095,
        "speed": 9.8,
        "course": 78,
        "heading": 86,
        "destination": "GBSOU>BEANR",
        "last_position_epoch": 1764821520,
        "last_position_UTC": "2025-12-04T04:12:00Z"
      },
      {
        "lat": 50.349693333333335,
        "lon": 0.008116666666666666,
        "speed": 9.7,
        "course": 79.1,
        "heading": 86,
        "destination": "GBSOU>BEANR",
        "last_position_epoch": 1764819777,
        "last_position_UTC": "2025-12-04T03:42:57Z"
      },
      {
        "lat": 50.332991666666665,
        "lon": -0.13644333333333333,
        "speed": 9.3,
        "course": 83,
        "heading": 90,
        "destination": "GBSOU>BEANR",
        "last_position_epoch": 1764817668,
        "last_position_UTC": "2025-12-04T03:07:48Z"
      },
      {
        "lat": 50.326678333333334,
        "lon": -0.23508,
        "speed": 8.9,
        "course": 85,
        "heading": 92,
        "destination": "GBSOU>BEANR",
        "last_position_epoch": 1764816176,
        "last_position_UTC": "2025-12-04T02:42:56Z"
      },
      {
        "lat": 50.31899,
        "lon": -0.384225,
        "speed": 8.5,
        "course": 84.4,
        "heading": 92,
        "destination": "GBSOU>BEANR",
        "last_position_epoch": 1764813838,
        "last_position_UTC": "2025-12-04T02:03:58Z"
      },
      {
        "lat": 50.313395,
        "lon": -0.485715,
        "speed": 8.2,
        "course": 84.3,
        "heading": 92,
        "destination": "GBSOU>BEANR",
        "last_position_epoch": 1764812158,
        "last_position_UTC": "2025-12-04T01:35:58Z"
      },
      {
        "lat": 50.30912333333333,
        "lon": -0.5881483333333334,
        "speed": 8.1,
        "course": 84.3,
        "heading": 92,
        "destination": "GBSOU>BEANR",
        "last_position_epoch": 1764810439,
        "last_position_UTC": "2025-12-04T01:07:19Z"
      },
      {
        "lat": 50.308033,
        "lon": -0.67546499,
        "speed": 7,
        "course": 98,
        "heading": 99,
        "destination": "GBSOU>BEANR",
        "last_position_epoch": 1764808920,
        "last_position_UTC": "2025-12-04T00:42:00Z"
      },
      {
        "lat": 50.410625,
        "lon": -0.73865998,
        "speed": 14.6,
        "course": 160,
        "heading": 155,
        "destination": "GBSOU>BEANR",
        "last_position_epoch": 1764807180,
        "last_position_UTC": "2025-12-04T00:13:00Z"
      },
      {
        "lat": 50.531712,
        "lon": -0.80440331,
        "speed": 14.1,
        "course": 152,
        "heading": 147,
        "destination": "GBSOU>BEANR",
        "last_position_epoch": 1764805440,
        "last_position_UTC": "2025-12-03T23:44:00Z"
      },
      {
        "lat": 50.631752,
        "lon": -0.90658164,
        "speed": 10.3,
        "course": 166,
        "heading": 157,
        "destination": "GBSOU>BEANR",
        "last_position_epoch": 1764803760,
        "last_position_UTC": "2025-12-03T23:16:00Z"
      },
      {
        "lat": 50.68956,
        "lon": -0.94589835,
        "speed": 14.3,
        "course": 162,
        "heading": 160,
        "destination": "GBSOU>BEANR",
        "last_position_epoch": 1764801720,
        "last_position_UTC": "2025-12-03T22:42:00Z"
      },
      {
        "lat": 50.749592,
        "lon": -1.1081049,
        "speed": 15.1,
        "course": 120,
        "heading": 123,
        "destination": "GBSOU>BEANR",
        "last_position_epoch": 1764799920,
        "last_position_UTC": "2025-12-03T22:12:00Z"
      },
      {
        "lat": 50.77001166666667,
        "lon": -1.25995,
        "speed": 14.9,
        "course": 108.5,
        "heading": 110,
        "destination": "GBSOU>BEANR",
        "last_position_epoch": 1764798180,
        "last_position_UTC": "2025-12-03T21:43:00Z"
      },
      {
        "lat": 50.847404,
        "lon": -1.3344233,
        "speed": 7,
        "course": 133,
        "heading": 136,
        "destination": "GBSOU>BEANR",
        "last_position_epoch": 1764796380,
        "last_position_UTC": "2025-12-03T21:13:00Z"
      },
      {
        "lat": 50.891075,
        "lon": -1.4085484,
        "speed": 7.1,
        "course": 141,
        "heading": 142,
        "destination": "GBSOU>BEANR",
        "last_position_epoch": 1764794460,
        "last_position_UTC": "2025-12-03T20:41:00Z"
      },
      {
        "lat": 50.903183,
        "lon": -1.4511533,
        "speed": 2.5,
        "course": 109,
        "heading": 282,
        "destination": "GBSOU>BEANR",
        "last_position_epoch": 1764792660,
        "last_position_UTC": "2025-12-03T20:11:00Z"
      },
      {
        "lat": 50.906853,
        "lon": -1.4583117,
        "speed": 0,
        "course": 22,
        "heading": 306,
        "destination": "SGSIN>GBSOU",
        "last_position_epoch": 1764791040,
        "last_position_UTC": "2025-12-03T19:44:00Z"
      },
      {
        "lat": 50.906906,
        "lon": -1.4582367,
        "speed": 0,
        "course": 25,
        "heading": 306,
        "destination": "SGSIN>GBSOU",
        "last_position_epoch": 1764789060,
        "last_position_UTC": "2025-12-03T19:11:00Z"
      },
      {
        "lat": 50.906914,
        "lon": -1.4583184,
        "speed": 0,
        "course": 158,
        "heading": 306,
        "destination": "SGSIN>GBSOU",
        "last_position_epoch": 1764787320,
        "last_position_UTC": "2025-12-03T18:42:00Z"
      },
      {
        "lat": 50.906898,
        "lon": -1.458315,
        "speed": 0,
        "course": 193,
        "heading": 306,
        "destination": "SGSIN>GBSOU",
        "last_position_epoch": 1764785460,
        "last_position_UTC": "2025-12-03T18:11:00Z"
      },
      {
        "lat": 50.90691,
        "lon": -1.45832,
        "speed": 0,
        "course": 249,
        "heading": 306,
        "destination": "SGSIN>GBSOU",
        "last_position_epoch": 1764783660,
        "last_position_UTC": "2025-12-03T17:41:00Z"
      },
      {
        "lat": 50.906876,
        "lon": -1.4582983,
        "speed": 0,
        "course": 306,
        "heading": 306,
        "destination": "SGSIN>GBSOU",
        "last_position_epoch": 1764782040,
        "last_position_UTC": "2025-12-03T17:14:00Z"
      },
      {
        "lat": 50.906868,
        "lon": -1.4582567,
        "speed": 0,
        "course": 347,
        "heading": 306,
        "destination": "SGSIN>GBSOU",
        "last_position_epoch": 1764780180,
        "last_position_UTC": "2025-12-03T16:43:00Z"
      },
      {
        "lat": 50.906895,
        "lon": -1.4582601,
        "speed": 0,
        "course": 8,
        "heading": 306,
        "destination": "SGSIN>GBSOU",
        "last_position_epoch": 1764778200,
        "last_position_UTC": "2025-12-03T16:10:00Z"
      },
      {
        "lat": 50.906902,
        "lon": -1.4583234,
        "speed": 0,
        "course": 233,
        "heading": 306,
        "destination": "SGSIN>GBSOU",
        "last_position_epoch": 1764776460,
        "last_position_UTC": "2025-12-03T15:41:00Z"
      },
      {
        "lat": 50.906895,
        "lon": -1.458295,
        "speed": 0,
        "course": 295,
        "heading": 306,
        "destination": "SGSIN>GBSOU",
        "last_position_epoch": 1764774600,
        "last_position_UTC": "2025-12-03T15:10:00Z"
      },
      {
        "lat": 50.906872,
        "lon": -1.4582716,
        "speed": 0,
        "course": 329,
        "heading": 306,
        "destination": "SGSIN>GBSOU",
        "last_position_epoch": 1764772920,
        "last_position_UTC": "2025-12-03T14:42:00Z"
      },
      {
        "lat": 50.906876,
        "lon": -1.45825,
        "speed": 0,
        "course": 324,
        "heading": 306,
        "destination": "SGSIN>GBSOU",
        "last_position_epoch": 1764771180,
        "last_position_UTC": "2025-12-03T14:13:00Z"
      },
      {
        "lat": 50.906868,
        "lon": -1.4582733,
        "speed": 0,
        "course": 4,
        "heading": 306,
        "destination": "SGSIN>GBSOU",
        "last_position_epoch": 1764769320,
        "last_position_UTC": "2025-12-03T13:42:00Z"
      },
      {
        "lat": 50.906898,
        "lon": -1.4582467,
        "speed": 0,
        "course": 1,
        "heading": 306,
        "destination": "SGSIN>GBSOU",
        "last_position_epoch": 1764767640,
        "last_position_UTC": "2025-12-03T13:14:00Z"
      },
      {
        "lat": 50.906906,
        "lon": -1.4582517,
        "speed": 0,
        "course": 84,
        "heading": 306,
        "destination": "SGSIN>GBSOU",
        "last_position_epoch": 1764765840,
        "last_position_UTC": "2025-12-03T12:44:00Z"
      },
      {
        "lat": 50.906895,
        "lon": -1.4583983,
        "speed": 0,
        "course": 95,
        "heading": 306,
        "destination": "SGSIN>GBSOU",
        "last_position_epoch": 1764763980,
        "last_position_UTC": "2025-12-03T12:13:00Z"
      },
      {
        "lat": 50.90688,
        "lon": -1.4582866666666667,
        "speed": 0,
        "course": 84.6,
        "heading": 306,
        "destination": "SGSIN>GBSOU",
        "last_position_epoch": 1764762043,
        "last_position_UTC": "2025-12-03T11:40:43Z"
      },
      {
        "lat": 50.906857,
        "lon": -1.4582434,
        "speed": 0,
        "course": 315,
        "heading": 306,
        "destination": "SGSIN>GBSOU",
        "last_position_epoch": 1764760200,
        "last_position_UTC": "2025-12-03T11:10:00Z"
      },
      {
        "lat": 50.906906,
        "lon": -1.4583451,
        "speed": 0.1,
        "course": 306,
        "heading": 306,
        "destination": "SGSIN>GBSOU",
        "last_position_epoch": 1764758460,
        "last_position_UTC": "2025-12-03T10:41:00Z"
      },
      {
        "lat": 50.90694,
        "lon": -1.4583083,
        "speed": 0,
        "course": 10,
        "heading": 306,
        "destination": "SGSIN>GBSOU",
        "last_position_epoch": 1764756660,
        "last_position_UTC": "2025-12-03T10:11:00Z"
      },
      {
        "lat": 50.906898,
        "lon": -1.458315,
        "speed": 0.1,
        "course": 133,
        "heading": 306,
        "destination": "SGSIN>GBSOU",
        "last_position_epoch": 1764754920,
        "last_position_UTC": "2025-12-03T09:42:00Z"
      },
      {
        "lat": 50.906933,
        "lon": -1.4583033,
        "speed": 0,
        "course": 150,
        "heading": 306,
        "destination": "SGSIN>GBSOU",
        "last_position_epoch": 1764753120,
        "last_position_UTC": "2025-12-03T09:12:00Z"
      },
      {
        "lat": 50.906895,
        "lon": -1.45824,
        "speed": 0,
        "course": 319,
        "heading": 306,
        "destination": "SGSIN>GBSOU",
        "last_position_epoch": 1764751320,
        "last_position_UTC": "2025-12-03T08:42:00Z"
      },
      {
        "lat": 50.906921,
        "lon": -1.458375,
        "speed": 0,
        "course": 328,
        "heading": 306,
        "destination": "SGSIN>GBSOU",
        "last_position_epoch": 1764749580,
        "last_position_UTC": "2025-12-03T08:13:00Z"
      },
      {
        "lat": 50.90685,
        "lon": -1.458195,
        "speed": 0,
        "course": 299.4,
        "heading": 306,
        "destination": "SGSIN>GBSOU",
        "last_position_epoch": 1764747643,
        "last_position_UTC": "2025-12-03T07:40:43Z"
      },
      {
        "lat": 50.906898,
        "lon": -1.45828,
        "speed": 0,
        "course": 41,
        "heading": 306,
        "destination": "SGSIN>GBSOU",
        "last_position_epoch": 1764745800,
        "last_position_UTC": "2025-12-03T07:10:00Z"
      },
      {
        "lat": 50.906921,
        "lon": -1.45829,
        "speed": 0,
        "course": 41,
        "heading": 306,
        "destination": "SGSIN>GBSOU",
        "last_position_epoch": 1764744120,
        "last_position_UTC": "2025-12-03T06:42:00Z"
      },
      {
        "lat": 50.906879,
        "lon": -1.4582783,
        "speed": 0,
        "course": 264,
        "heading": 306,
        "destination": "SGSIN>GBSOU",
        "last_position_epoch": 1764742440,
        "last_position_UTC": "2025-12-03T06:14:00Z"
      },
      {
        "lat": 50.906868,
        "lon": -1.4582666,
        "speed": 0.2,
        "course": 305,
        "heading": 306,
        "destination": "SGSIN>GBSOU",
        "last_position_epoch": 1764740580,
        "last_position_UTC": "2025-12-03T05:43:00Z"
      },
      {
        "lat": 50.906921,
        "lon": -1.45836,
        "speed": 0,
        "course": 273,
        "heading": 306,
        "destination": "SGSIN>GBSOU",
        "last_position_epoch": 1764738720,
        "last_position_UTC": "2025-12-03T05:12:00Z"
      },
      {
        "lat": 50.906914,
        "lon": -1.4582616,
        "speed": 0,
        "course": 189,
        "heading": 306,
        "destination": "SGSIN>GBSOU",
        "last_position_epoch": 1764737040,
        "last_position_UTC": "2025-12-03T04:44:00Z"
      },
      {
        "lat": 50.907017,
        "lon": -1.45804,
        "speed": 0,
        "course": 249,
        "heading": 306,
        "destination": "SGSIN>GBSOU",
        "last_position_epoch": 1764735240,
        "last_position_UTC": "2025-12-03T04:14:00Z"
      },
      {
        "lat": 50.90693,
        "lon": -1.45831,
        "speed": 0,
        "course": 314.3,
        "heading": 306,
        "destination": "SGSIN>GBSOU",
        "last_position_epoch": 1764733243,
        "last_position_UTC": "2025-12-03T03:40:43Z"
      },
      {
        "lat": 50.906886666666665,
        "lon": -1.4582616666666668,
        "speed": 0,
        "course": 264.2,
        "heading": 306,
        "destination": "SGSIN>GBSOU",
        "last_position_epoch": 1764731263,
        "last_position_UTC": "2025-12-03T03:07:43Z"
      },
      {
        "lat": 50.906895,
        "lon": -1.4583216666666667,
        "speed": 0,
        "course": 180.6,
        "heading": 306,
        "destination": "SGSIN>GBSOU",
        "last_position_epoch": 1764729463,
        "last_position_UTC": "2025-12-03T02:37:43Z"
      },
      {
        "lat": 50.90692,
        "lon": -1.45824,
        "speed": 0,
        "course": 2.3,
        "heading": 306,
        "destination": "SGSIN>GBSOU",
        "last_position_epoch": 1764727663,
        "last_position_UTC": "2025-12-03T02:07:43Z"
      },
      {
        "lat": 50.90688333333333,
        "lon": -1.4583266666666668,
        "speed": 0,
        "course": 304,
        "heading": 306,
        "destination": "SGSIN>GBSOU",
        "last_position_epoch": 1764725863,
        "last_position_UTC": "2025-12-03T01:37:43Z"
      },
      {
        "lat": 50.90687333333333,
        "lon": -1.45825,
        "speed": 0,
        "course": 342.4,
        "heading": 306,
        "destination": "SGSIN>GBSOU",
        "last_position_epoch": 1764724243,
        "last_position_UTC": "2025-12-03T01:10:43Z"
      },
      {
        "lat": 50.906845,
        "lon": -1.4582649,
        "speed": 0,
        "course": 90,
        "heading": 305,
        "destination": "SGSIN>GBSOU",
        "last_position_epoch": 1764722520,
        "last_position_UTC": "2025-12-03T00:42:00Z"
      },
      {
        "lat": 50.906898,
        "lon": -1.4582167,
        "speed": 0,
        "course": 10,
        "heading": 306,
        "destination": "SGSIN>GBSOU",
        "last_position_epoch": 1764720840,
        "last_position_UTC": "2025-12-03T00:14:00Z"
      },
      {
        "lat": 50.906872,
        "lon": -1.4581866,
        "speed": 0,
        "course": 138,
        "heading": 306,
        "destination": "SGSIN>GBSOU",
        "last_position_epoch": 1764718920,
        "last_position_UTC": "2025-12-02T23:42:00Z"
      },
      {
        "lat": 50.906914,
        "lon": -1.4582883,
        "speed": 0,
        "course": 87,
        "heading": 306,
        "destination": "SGSIN>GBSOU",
        "last_position_epoch": 1764717300,
        "last_position_UTC": "2025-12-02T23:15:00Z"
      },
      {
        "lat": 50.906845,
        "lon": -1.45829,
        "speed": 0.1,
        "course": 37,
        "heading": 306,
        "destination": "SGSIN>GBSOU",
        "last_position_epoch": 1764715260,
        "last_position_UTC": "2025-12-02T22:41:00Z"
      },
      {
        "lat": 50.906826,
        "lon": -1.4582567,
        "speed": 0,
        "course": 22,
        "heading": 306,
        "destination": "SGSIN>GBSOU",
        "last_position_epoch": 1764713580,
        "last_position_UTC": "2025-12-02T22:13:00Z"
      },
      {
        "lat": 50.906872,
        "lon": -1.458275,
        "speed": 0,
        "course": 47,
        "heading": 306,
        "destination": "SGSIN>GBSOU",
        "last_position_epoch": 1764711720,
        "last_position_UTC": "2025-12-02T21:42:00Z"
      },
      {
        "lat": 50.906895,
        "lon": -1.4582916,
        "speed": 0.1,
        "course": 26,
        "heading": 306,
        "destination": "SGSIN>GBSOU",
        "last_position_epoch": 1764710040,
        "last_position_UTC": "2025-12-02T21:14:00Z"
      },
      {
        "lat": 50.906868,
        "lon": -1.4582766,
        "speed": 0,
        "course": 100,
        "heading": 306,
        "destination": "SGSIN>GBSOU",
        "last_position_epoch": 1764708240,
        "last_position_UTC": "2025-12-02T20:44:00Z"
      },
      {
        "lat": 50.906895,
        "lon": -1.4582866,
        "speed": 0,
        "course": 283,
        "heading": 306,
        "destination": "SGSIN>GBSOU",
        "last_position_epoch": 1764706140,
        "last_position_UTC": "2025-12-02T20:09:00Z"
      },
      {
        "lat": 50.906879,
        "lon": -1.458285,
        "speed": 0,
        "course": 317,
        "heading": 306,
        "destination": "SGSIN>GBSOU",
        "last_position_epoch": 1764704580,
        "last_position_UTC": "2025-12-02T19:43:00Z"
      },
      {
        "lat": 50.906822,
        "lon": -1.4582534,
        "speed": 0,
        "course": 178,
        "heading": 306,
        "destination": "SGSIN>GBSOU",
        "last_position_epoch": 1764702720,
        "last_position_UTC": "2025-12-02T19:12:00Z"
      },
      {
        "lat": 50.906955,
        "lon": -1.4583333333333333,
        "speed": 0.1,
        "course": 322.3,
        "heading": 306,
        "destination": "SGSIN>GBSOU",
        "last_position_epoch": 1764700843,
        "last_position_UTC": "2025-12-02T18:40:43Z"
      },
      {
        "lat": 50.906872,
        "lon": -1.4583267,
        "speed": 0,
        "course": 205,
        "heading": 306,
        "destination": "SGSIN>GBSOU",
        "last_position_epoch": 1764699060,
        "last_position_UTC": "2025-12-02T18:11:00Z"
      },
      {
        "lat": 50.906792,
        "lon": -1.4583716,
        "speed": 0,
        "course": 295,
        "heading": 306,
        "destination": "SGSIN>GBSOU",
        "last_position_epoch": 1764697260,
        "last_position_UTC": "2025-12-02T17:41:00Z"
      },
      {
        "lat": 50.90686,
        "lon": -1.4582616,
        "speed": 0.1,
        "course": 303,
        "heading": 306,
        "destination": "SGSIN>GBSOU",
        "last_position_epoch": 1764695460,
        "last_position_UTC": "2025-12-02T17:11:00Z"
      },
      {
        "lat": 50.906868,
        "lon": -1.4583434,
        "speed": 0,
        "course": 330,
        "heading": 306,
        "destination": "SGSIN>GBSOU",
        "last_position_epoch": 1764693720,
        "last_position_UTC": "2025-12-02T16:42:00Z"
      },
      {
        "lat": 50.906825,
        "lon": -1.4583333333333333,
        "speed": 0,
        "course": 354,
        "heading": 306,
        "destination": "SGSIN>GBSOU",
        "last_position_epoch": 1764691843,
        "last_position_UTC": "2025-12-02T16:10:43Z"
      },
      {
        "lat": 50.906731666666666,
        "lon": -1.4581366666666666,
        "speed": 0,
        "course": 325.9,
        "heading": 306,
        "destination": "SGSIN>GBSOU",
        "last_position_epoch": 1764690131,
        "last_position_UTC": "2025-12-02T15:42:11Z"
      },
      {
        "lat": 50.90689833333333,
        "lon": -1.4581866666666667,
        "speed": 0,
        "course": 310.6,
        "heading": 306,
        "destination": "SGSIN>GBSOU",
        "last_position_epoch": 1764688331,
        "last_position_UTC": "2025-12-02T15:12:11Z"
      },
      {
        "lat": 50.90688,
        "lon": -1.4582333333333333,
        "speed": 0,
        "course": 324.5,
        "heading": 306,
        "destination": "SGSIN>GBSOU",
        "last_position_epoch": 1764686171,
        "last_position_UTC": "2025-12-02T14:36:11Z"
      },
      {
        "lat": 50.90688,
        "lon": -1.45824,
        "speed": 0,
        "course": 344.6,
        "heading": 306,
        "destination": "SGSIN>GBSOU",
        "last_position_epoch": 1764684731,
        "last_position_UTC": "2025-12-02T14:12:11Z"
      },
      {
        "lat": 50.90687,
        "lon": -1.4582766666666667,
        "speed": 0,
        "course": 347.4,
        "heading": 306,
        "destination": "SGSIN>GBSOU",
        "last_position_epoch": 1764682931,
        "last_position_UTC": "2025-12-02T13:42:11Z"
      },
      {
        "lat": 50.906895,
        "lon": -1.4582267,
        "speed": 0,
        "course": 358,
        "heading": 306,
        "destination": "SGSIN>GBSOU",
        "last_position_epoch": 1764681060,
        "last_position_UTC": "2025-12-02T13:11:00Z"
      },
      {
        "lat": 50.90684666666667,
        "lon": -1.45823,
        "speed": 0,
        "course": 130.8,
        "heading": 306,
        "destination": "SGSIN>GBSOU",
        "last_position_epoch": 1764679331,
        "last_position_UTC": "2025-12-02T12:42:11Z"
      },
      {
        "lat": 50.906911666666666,
        "lon": -1.4583516666666667,
        "speed": 0,
        "course": 5.4,
        "heading": 306,
        "destination": "SGSIN>GBSOU",
        "last_position_epoch": 1764677531,
        "last_position_UTC": "2025-12-02T12:12:11Z"
      },
      {
        "lat": 50.906938333333336,
        "lon": -1.458445,
        "speed": 0,
        "course": 42.8,
        "heading": 306,
        "destination": "SGSIN>GBSOU",
        "last_position_epoch": 1764675371,
        "last_position_UTC": "2025-12-02T11:36:11Z"
      },
      {
        "lat": 50.906921,
        "lon": -1.4582883,
        "speed": 0,
        "course": 358,
        "heading": 306,
        "destination": "SGSIN>GBSOU",
        "last_position_epoch": 1764673980,
        "last_position_UTC": "2025-12-02T11:13:00Z"
      },
      {
        "lat": 50.906855,
        "lon": -1.4582983333333333,
        "speed": 0,
        "course": 354.3,
        "heading": 306,
        "destination": "SGSIN>GBSOU",
        "last_position_epoch": 1764672131,
        "last_position_UTC": "2025-12-02T10:42:11Z"
      },
      {
        "lat": 50.906933333333335,
        "lon": -1.4583433333333333,
        "speed": 0,
        "course": 39.2,
        "heading": 306,
        "destination": "SGSIN>GBSOU",
        "last_position_epoch": 1764670331,
        "last_position_UTC": "2025-12-02T10:12:11Z"
      },
      {
        "lat": 50.906872,
        "lon": -1.45833,
        "speed": 0,
        "course": 39,
        "heading": 306,
        "destination": "SGSIN>GBSOU",
        "last_position_epoch": 1764668640,
        "last_position_UTC": "2025-12-02T09:44:00Z"
      },
      {
        "lat": 50.906906,
        "lon": -1.4582367,
        "speed": 0,
        "course": 279,
        "heading": 306,
        "destination": "SGSIN>GBSOU",
        "last_position_epoch": 1764666780,
        "last_position_UTC": "2025-12-02T09:13:00Z"
      },
      {
        "lat": 50.906865,
        "lon": -1.4582733333333333,
        "speed": 0,
        "course": 174.7,
        "heading": 306,
        "destination": "SGSIN>GBSOU",
        "last_position_epoch": 1764664931,
        "last_position_UTC": "2025-12-02T08:42:11Z"
      },
      {
        "lat": 50.906944,
        "lon": -1.4583234,
        "speed": 0,
        "course": 293,
        "heading": 306,
        "destination": "SGSIN>GBSOU",
        "last_position_epoch": 1764662940,
        "last_position_UTC": "2025-12-02T08:09:00Z"
      },
      {
        "lat": 50.906868,
        "lon": -1.4582551,
        "speed": 0,
        "course": 209,
        "heading": 306,
        "destination": "SGSIN>GBSOU",
        "last_position_epoch": 1764661200,
        "last_position_UTC": "2025-12-02T07:40:00Z"
      },
      {
        "lat": 50.9069,
        "lon": -1.4582866666666667,
        "speed": 0,
        "course": 209.8,
        "heading": 306,
        "destination": "SGSIN>GBSOU",
        "last_position_epoch": 1764659531,
        "last_position_UTC": "2025-12-02T07:12:11Z"
      },
      {
        "lat": 50.906914,
        "lon": -1.4582883,
        "speed": 0.1,
        "course": 215,
        "heading": 306,
        "destination": "SGSIN>GBSOU",
        "last_position_epoch": 1764657600,
        "last_position_UTC": "2025-12-02T06:40:00Z"
      },
      {
        "lat": 50.906857,
        "lon": -1.45833,
        "speed": 0,
        "course": 203,
        "heading": 306,
        "destination": "SGSIN>GBSOU",
        "last_position_epoch": 1764655980,
        "last_position_UTC": "2025-12-02T06:13:00Z"
      },
      {
        "lat": 50.906872,
        "lon": -1.4582733,
        "speed": 0,
        "course": 142,
        "heading": 306,
        "destination": "SGSIN>GBSOU",
        "last_position_epoch": 1764654060,
        "last_position_UTC": "2025-12-02T05:41:00Z"
      },
      {
        "lat": 50.906853,
        "lon": -1.458165,
        "speed": 0,
        "course": 282,
        "heading": 306,
        "destination": "SGSIN>GBSOU",
        "last_position_epoch": 1764652380,
        "last_position_UTC": "2025-12-02T05:13:00Z"
      },
      {
        "lat": 50.906945,
        "lon": -1.45822,
        "speed": 0.1,
        "course": 26.8,
        "heading": 306,
        "destination": "SGSIN>GBSOU",
        "last_position_epoch": 1764650531,
        "last_position_UTC": "2025-12-02T04:42:11Z"
      },
      {
        "lat": 50.90696666666667,
        "lon": -1.4582983333333333,
        "speed": 0,
        "course": 213.9,
        "heading": 306,
        "destination": "SGSIN>GBSOU",
        "last_position_epoch": 1764648371,
        "last_position_UTC": "2025-12-02T04:06:11Z"
      },
      {
        "lat": 50.90691833333333,
        "lon": -1.4583133333333334,
        "speed": 0,
        "course": 289.9,
        "heading": 306,
        "destination": "SGSIN>GBSOU",
        "last_position_epoch": 1764646571,
        "last_position_UTC": "2025-12-02T03:36:11Z"
      },
      {
        "lat": 50.90689666666667,
        "lon": -1.4583333333333333,
        "speed": 0,
        "course": 254.2,
        "heading": 306,
        "destination": "SGSIN>GBSOU",
        "last_position_epoch": 1764644771,
        "last_position_UTC": "2025-12-02T03:06:11Z"
      },
      {
        "lat": 50.906875,
        "lon": -1.458345,
        "speed": 0,
        "course": 245.1,
        "heading": 306,
        "destination": "SGSIN>GBSOU",
        "last_position_epoch": 1764643331,
        "last_position_UTC": "2025-12-02T02:42:11Z"
      },
      {
        "lat": 50.90676,
        "lon": -1.4583883333333334,
        "speed": 0,
        "course": 30.6,
        "heading": 306,
        "destination": "SGSIN>GBSOU",
        "last_position_epoch": 1764641171,
        "last_position_UTC": "2025-12-02T02:06:11Z"
      },
      {
        "lat": 50.90704,
        "lon": -1.4585316666666668,
        "speed": 0,
        "course": 353.1,
        "heading": 306,
        "destination": "SGSIN>GBSOU",
        "last_position_epoch": 1764639731,
        "last_position_UTC": "2025-12-02T01:42:11Z"
      },
      {
        "lat": 50.906872,
        "lon": -1.4582883,
        "speed": 0,
        "course": 307,
        "heading": 306,
        "destination": "SGSIN>GBSOU",
        "last_position_epoch": 1764638040,
        "last_position_UTC": "2025-12-02T01:14:00Z"
      },
      {
        "lat": 50.906868,
        "lon": -1.4583267,
        "speed": 0,
        "course": 1,
        "heading": 306,
        "destination": "SGSIN>GBSOU",
        "last_position_epoch": 1764636180,
        "last_position_UTC": "2025-12-02T00:43:00Z"
      },
      {
        "lat": 50.906952,
        "lon": -1.4582083,
        "speed": 0,
        "course": 261,
        "heading": 306,
        "destination": "SGSIN>GBSOU",
        "last_position_epoch": 1764634380,
        "last_position_UTC": "2025-12-02T00:13:00Z"
      },
      {
        "lat": 50.906953333333334,
        "lon": -1.4585433333333333,
        "speed": 0,
        "course": 250.2,
        "heading": 306,
        "destination": "SGSIN>GBSOU",
        "last_position_epoch": 1764632531,
        "last_position_UTC": "2025-12-01T23:42:11Z"
      },
      {
        "lat": 50.907028333333336,
        "lon": -1.458455,
        "speed": 0,
        "course": 20.6,
        "heading": 306,
        "destination": "SGSIN>GBSOU",
        "last_position_epoch": 1764630731,
        "last_position_UTC": "2025-12-01T23:12:11Z"
      },
      {
        "lat": 50.906868,
        "lon": -1.4582983,
        "speed": 0.1,
        "course": 14,
        "heading": 306,
        "destination": "SGSIN>GBSOU",
        "last_position_epoch": 1764629100,
        "last_position_UTC": "2025-12-01T22:45:00Z"
      },
      {
        "lat": 50.90685833333333,
        "lon": -1.4583716666666666,
        "speed": 0,
        "course": 7.9,
        "heading": 306,
        "destination": "SGSIN>GBSOU",
        "last_position_epoch": 1764627131,
        "last_position_UTC": "2025-12-01T22:12:11Z"
      },
      {
        "lat": 50.906815,
        "lon": -1.4582616,
        "speed": 0,
        "course": 346,
        "heading": 306,
        "destination": "SGSIN>GBSOU",
        "last_position_epoch": 1764625320,
        "last_position_UTC": "2025-12-01T21:42:00Z"
      },
      {
        "lat": 50.906868,
        "lon": -1.4583334,
        "speed": 0,
        "course": 102,
        "heading": 306,
        "destination": "SGSIN>GBSOU",
        "last_position_epoch": 1764623460,
        "last_position_UTC": "2025-12-01T21:11:00Z"
      },
      {
        "lat": 50.906825,
        "lon": -1.45825,
        "speed": 0,
        "course": 1.2,
        "heading": 306,
        "destination": "SGSIN>GBSOU",
        "last_position_epoch": 1764621731,
        "last_position_UTC": "2025-12-01T20:42:11Z"
      },
      {
        "lat": 50.906879,
        "lon": -1.458295,
        "speed": 0,
        "course": 106,
        "heading": 306,
        "destination": "SGSIN>GBSOU",
        "last_position_epoch": 1764619860,
        "last_position_UTC": "2025-12-01T20:11:00Z"
      },
      {
        "lat": 50.906906,
        "lon": -1.4583234,
        "speed": 0,
        "course": 28,
        "heading": 306,
        "destination": "SGSIN>GBSOU",
        "last_position_epoch": 1764618060,
        "last_position_UTC": "2025-12-01T19:41:00Z"
      },
      {
        "lat": 50.906898,
        "lon": -1.4582833,
        "speed": 0.1,
        "course": 37,
        "heading": 306,
        "destination": "SGSIN>GBSOU",
        "last_position_epoch": 1764616320,
        "last_position_UTC": "2025-12-01T19:12:00Z"
      },
      {
        "lat": 50.906925,
        "lon": -1.4583133,
        "speed": 0.1,
        "course": 320,
        "heading": 306,
        "destination": "SGSIN>GBSOU",
        "last_position_epoch": 1764614520,
        "last_position_UTC": "2025-12-01T18:42:00Z"
      },
      {
        "lat": 50.906911666666666,
        "lon": -1.458325,
        "speed": 0,
        "course": 306.8,
        "heading": 306,
        "destination": "SGSIN>GBSOU",
        "last_position_epoch": 1764612731,
        "last_position_UTC": "2025-12-01T18:12:11Z"
      },
      {
        "lat": 50.906895,
        "lon": -1.4583284,
        "speed": 0,
        "course": 288,
        "heading": 306,
        "destination": "SGSIN>GBSOU",
        "last_position_epoch": 1764610800,
        "last_position_UTC": "2025-12-01T17:40:00Z"
      },
      {
        "lat": 50.906887,
        "lon": -1.4582833,
        "speed": 0.1,
        "course": 321,
        "heading": 306,
        "destination": "SGSIN>GBSOU",
        "last_position_epoch": 1764609240,
        "last_position_UTC": "2025-12-01T17:14:00Z"
      },
      {
        "lat": 50.906911666666666,
        "lon": -1.4582833333333334,
        "speed": 0,
        "course": 333.6,
        "heading": 306,
        "destination": "SGSIN>GBSOU",
        "last_position_epoch": 1764607331,
        "last_position_UTC": "2025-12-01T16:42:11Z"
      },
      {
        "lat": 50.906898,
        "lon": -1.45828,
        "speed": 0.1,
        "course": 131,
        "heading": 306,
        "destination": "SGSIN>GBSOU",
        "last_position_epoch": 1764605520,
        "last_position_UTC": "2025-12-01T16:12:00Z"
      },
      {
        "lat": 50.906933,
        "lon": -1.4583017,
        "speed": 0,
        "course": 221,
        "heading": 306,
        "destination": "SGSIN>GBSOU",
        "last_position_epoch": 1764603780,
        "last_position_UTC": "2025-12-01T15:43:00Z"
      },
      {
        "lat": 50.90687833333333,
        "lon": -1.458285,
        "speed": 0,
        "course": 307.6,
        "heading": 306,
        "destination": "SGSIN>GBSOU",
        "last_position_epoch": 1764601931,
        "last_position_UTC": "2025-12-01T15:12:11Z"
      },
      {
        "lat": 50.906898,
        "lon": -1.458275,
        "speed": 0,
        "course": 324,
        "heading": 306,
        "destination": "SGSIN>GBSOU",
        "last_position_epoch": 1764600120,
        "last_position_UTC": "2025-12-01T14:42:00Z"
      },
      {
        "lat": 50.906886666666665,
        "lon": -1.4582583333333332,
        "speed": 0,
        "course": 337.4,
        "heading": 306,
        "destination": "SGSIN>GBSOU",
        "last_position_epoch": 1764598331,
        "last_position_UTC": "2025-12-01T14:12:11Z"
      },
      {
        "lat": 50.906879,
        "lon": -1.4583167,
        "speed": 0,
        "course": 356,
        "heading": 306,
        "destination": "SGSIN>GBSOU",
        "last_position_epoch": 1764596400,
        "last_position_UTC": "2025-12-01T13:40:00Z"
      },
      {
        "lat": 50.90694333333333,
        "lon": -1.4583,
        "speed": 0,
        "course": 356,
        "heading": 306,
        "destination": "SGSIN>GBSOU",
        "last_position_epoch": 1764594731,
        "last_position_UTC": "2025-12-01T13:12:11Z"
      },
      {
        "lat": 50.906914,
        "lon": -1.4583167,
        "speed": 0,
        "course": 85,
        "heading": 306,
        "destination": "SGSIN>GBSOU",
        "last_position_epoch": 1764592920,
        "last_position_UTC": "2025-12-01T12:42:00Z"
      },
      {
        "lat": 50.90689666666667,
        "lon": -1.458315,
        "speed": 0,
        "course": 112.9,
        "heading": 306,
        "destination": "SGSIN>GBSOU",
        "last_position_epoch": 1764591131,
        "last_position_UTC": "2025-12-01T12:12:11Z"
      },
      {
        "lat": 50.906872,
        "lon": -1.4582633,
        "speed": 0,
        "course": 357,
        "heading": 306,
        "destination": "SGSIN>GBSOU",
        "last_position_epoch": 1764589200,
        "last_position_UTC": "2025-12-01T11:40:00Z"
      },
      {
        "lat": 50.906898,
        "lon": -1.4582766,
        "speed": 0,
        "course": 350,
        "heading": 306,
        "destination": "SGSIN>GBSOU",
        "last_position_epoch": 1764587460,
        "last_position_UTC": "2025-12-01T11:11:00Z"
      },
      {
        "lat": 50.906887,
        "lon": -1.4583117,
        "speed": 0,
        "course": 359,
        "heading": 306,
        "destination": "SGSIN>GBSOU",
        "last_position_epoch": 1764585720,
        "last_position_UTC": "2025-12-01T10:42:00Z"
      },
      {
        "lat": 50.906908333333334,
        "lon": -1.4582966666666668,
        "speed": 0,
        "course": 8.5,
        "heading": 306,
        "destination": "SGSIN>GBSOU",
        "last_position_epoch": 1764583931,
        "last_position_UTC": "2025-12-01T10:12:11Z"
      },
      {
        "lat": 50.906895,
        "lon": -1.4582883,
        "speed": 0,
        "course": 146,
        "heading": 306,
        "destination": "SGSIN>GBSOU",
        "last_position_epoch": 1764582120,
        "last_position_UTC": "2025-12-01T09:42:00Z"
      },
      {
        "lat": 50.906868,
        "lon": -1.4583367,
        "speed": 0,
        "course": 203,
        "heading": 306,
        "destination": "SGSIN>GBSOU",
        "last_position_epoch": 1764580320,
        "last_position_UTC": "2025-12-01T09:12:00Z"
      },
      {
        "lat": 50.906906,
        "lon": -1.4583184,
        "speed": 0,
        "course": 203,
        "heading": 306,
        "destination": "SGSIN>GBSOU",
        "last_position_epoch": 1764578520,
        "last_position_UTC": "2025-12-01T08:42:00Z"
      },
      {
        "lat": 50.906906,
        "lon": -1.4582716,
        "speed": 0,
        "course": 206,
        "heading": 306,
        "destination": "SGSIN>GBSOU",
        "last_position_epoch": 1764576540,
        "last_position_UTC": "2025-12-01T08:09:00Z"
      },
      {
        "lat": 50.90688166666666,
        "lon": -1.4582866666666667,
        "speed": 0,
        "course": 206.4,
        "heading": 306,
        "destination": "SGSIN>GBSOU",
        "last_position_epoch": 1764574931,
        "last_position_UTC": "2025-12-01T07:42:11Z"
      },
      {
        "lat": 50.906895,
        "lon": -1.4582866,
        "speed": 0,
        "course": 206,
        "heading": 306,
        "destination": "SGSIN>GBSOU",
        "last_position_epoch": 1764572940,
        "last_position_UTC": "2025-12-01T07:09:00Z"
      },
      {
        "lat": 50.90689833333333,
        "lon": -1.4582616666666668,
        "speed": 0,
        "course": 206.4,
        "heading": 306,
        "destination": "SGSIN>GBSOU",
        "last_position_epoch": 1764571331,
        "last_position_UTC": "2025-12-01T06:42:11Z"
      },
      {
        "lat": 50.906887,
        "lon": -1.4582716,
        "speed": 0.1,
        "course": 213,
        "heading": 306,
        "destination": "SGSIN>GBSOU",
        "last_position_epoch": 1764569400,
        "last_position_UTC": "2025-12-01T06:10:00Z"
      },
      {
        "lat": 50.90687666666667,
        "lon": -1.4582833333333334,
        "speed": 0,
        "course": 287.5,
        "heading": 306,
        "destination": "SGSIN>GBSOU",
        "last_position_epoch": 1764567731,
        "last_position_UTC": "2025-12-01T05:42:11Z"
      },
      {
        "lat": 50.906911666666666,
        "lon": -1.4582983333333333,
        "speed": 0,
        "course": 193.8,
        "heading": 306,
        "destination": "SGSIN>GBSOU",
        "last_position_epoch": 1764565931,
        "last_position_UTC": "2025-12-01T05:12:11Z"
      },
      {
        "lat": 50.906895,
        "lon": -1.4582783333333333,
        "speed": 0,
        "course": 319,
        "heading": 306,
        "destination": "SGSIN>GBSOU",
        "last_position_epoch": 1764564131,
        "last_position_UTC": "2025-12-01T04:42:11Z"
      },
      {
        "lat": 50.906879,
        "lon": -1.4583133,
        "speed": 0,
        "course": 346,
        "heading": 306,
        "destination": "SGSIN>GBSOU",
        "last_position_epoch": 1764562380,
        "last_position_UTC": "2025-12-01T04:13:00Z"
      },
      {
        "lat": 50.906843333333335,
        "lon": -1.4582616666666668,
        "speed": 0.2,
        "course": 328.1,
        "heading": 306,
        "destination": "SGSIN>GBSOU",
        "last_position_epoch": 1764560531,
        "last_position_UTC": "2025-12-01T03:42:11Z"
      },
      {
        "lat": 50.90687666666667,
        "lon": -1.45825,
        "speed": 0.1,
        "course": 309.5,
        "heading": 306,
        "destination": "SGSIN>GBSOU",
        "last_position_epoch": 1764558371,
        "last_position_UTC": "2025-12-01T03:06:11Z"
      },
      {
        "lat": 50.906895,
        "lon": -1.4582866666666667,
        "speed": 0,
        "course": 336.2,
        "heading": 306,
        "destination": "SGSIN>GBSOU",
        "last_position_epoch": 1764556931,
        "last_position_UTC": "2025-12-01T02:42:11Z"
      },
      {
        "lat": 50.90690166666667,
        "lon": -1.4583066666666666,
        "speed": 0,
        "course": 356,
        "heading": 306,
        "destination": "SGSIN>GBSOU",
        "last_position_epoch": 1764555131,
        "last_position_UTC": "2025-12-01T02:12:11Z"
      },
      {
        "lat": 50.906865,
        "lon": -1.4582533333333334,
        "speed": 0,
        "course": 303,
        "heading": 306,
        "destination": "SGSIN>GBSOU",
        "last_position_epoch": 1764553331,
        "last_position_UTC": "2025-12-01T01:42:11Z"
      },
      {
        "lat": 50.90689833333333,
        "lon": -1.4582816666666667,
        "speed": 0,
        "course": 298.1,
        "heading": 306,
        "destination": "SGSIN>GBSOU",
        "last_position_epoch": 1764551531,
        "last_position_UTC": "2025-12-01T01:12:11Z"
      },
      {
        "lat": 50.90692333333333,
        "lon": -1.458265,
        "speed": 0,
        "course": 330.3,
        "heading": 306,
        "destination": "SGSIN>GBSOU",
        "last_position_epoch": 1764549371,
        "last_position_UTC": "2025-12-01T00:36:11Z"
      },
      {
        "lat": 50.9069,
        "lon": -1.458345,
        "speed": 0,
        "course": 2.6,
        "heading": 306,
        "destination": "SGSIN>GBSOU",
        "last_position_epoch": 1764547931,
        "last_position_UTC": "2025-12-01T00:12:11Z"
      },
      {
        "lat": 50.90690166666667,
        "lon": -1.4582733333333333,
        "speed": 0,
        "course": 152.1,
        "heading": 306,
        "destination": "SGSIN>GBSOU",
        "last_position_epoch": 1764545771,
        "last_position_UTC": "2025-11-30T23:36:11Z"
      },
      {
        "lat": 50.906818333333334,
        "lon": -1.4583383333333333,
        "speed": 0,
        "course": 327.1,
        "heading": 306,
        "destination": "SGSIN>GBSOU",
        "last_position_epoch": 1764543971,
        "last_position_UTC": "2025-11-30T23:06:11Z"
      },
      {
        "lat": 50.90687333333333,
        "lon": -1.458345,
        "speed": 0,
        "course": 75.4,
        "heading": 306,
        "destination": "SGSIN>GBSOU",
        "last_position_epoch": 1764542531,
        "last_position_UTC": "2025-11-30T22:42:11Z"
      },
      {
        "lat": 50.906886666666665,
        "lon": -1.4582816666666667,
        "speed": 0,
        "course": 11.1,
        "heading": 306,
        "destination": "SGSIN>GBSOU",
        "last_position_epoch": 1764540732,
        "last_position_UTC": "2025-11-30T22:12:12Z"
      },
      {
        "lat": 50.90687333333333,
        "lon": -1.4582466666666667,
        "speed": 0,
        "course": 48.1,
        "heading": 305,
        "destination": "SGSIN>GBSOU",
        "last_position_epoch": 1764538571,
        "last_position_UTC": "2025-11-30T21:36:11Z"
      },
      {
        "lat": 50.90692333333333,
        "lon": -1.4582916666666668,
        "speed": 0,
        "course": 24.9,
        "heading": 305,
        "destination": "SGSIN>GBSOU",
        "last_position_epoch": 1764537131,
        "last_position_UTC": "2025-11-30T21:12:11Z"
      },
      {
        "lat": 50.90689,
        "lon": -1.4582683333333333,
        "speed": 0,
        "course": 158.3,
        "heading": 305,
        "destination": "SGSIN>GBSOU",
        "last_position_epoch": 1764535331,
        "last_position_UTC": "2025-11-30T20:42:11Z"
      },
      {
        "lat": 50.906885,
        "lon": -1.4583,
        "speed": 0,
        "course": 158.8,
        "heading": 305,
        "destination": "SGSIN>GBSOU",
        "last_position_epoch": 1764533531,
        "last_position_UTC": "2025-11-30T20:12:11Z"
      },
      {
        "lat": 50.90689166666667,
        "lon": -1.4583216666666667,
        "speed": 0,
        "course": 49.2,
        "heading": 305,
        "destination": "SGSIN>GBSOU",
        "last_position_epoch": 1764531731,
        "last_position_UTC": "2025-11-30T19:42:11Z"
      },
      {
        "lat": 50.90685833333333,
        "lon": -1.45831,
        "speed": 0.1,
        "course": 17.6,
        "heading": 305,
        "destination": "SGSIN>GBSOU",
        "last_position_epoch": 1764529931,
        "last_position_UTC": "2025-11-30T19:12:11Z"
      },
      {
        "lat": 50.90690166666667,
        "lon": -1.45831,
        "speed": 0,
        "course": 77.4,
        "heading": 305,
        "destination": "SGSIN>GBSOU",
        "last_position_epoch": 1764527771,
        "last_position_UTC": "2025-11-30T18:36:11Z"
      },
      {
        "lat": 50.90689666666667,
        "lon": -1.4583083333333333,
        "speed": 0,
        "course": 197,
        "heading": 305,
        "destination": "SGSIN>GBSOU",
        "last_position_epoch": 1764526331,
        "last_position_UTC": "2025-11-30T18:12:11Z"
      },
      {
        "lat": 50.906887,
        "lon": -1.45833,
        "speed": 0,
        "course": 199,
        "heading": 306,
        "destination": "SGSIN>GBSOU",
        "last_position_epoch": 1764524520,
        "last_position_UTC": "2025-11-30T17:42:00Z"
      },
      {
        "lat": 50.906933,
        "lon": -1.4582883,
        "speed": 0,
        "course": 151,
        "heading": 306,
        "destination": "SGSIN>GBSOU",
        "last_position_epoch": 1764522720,
        "last_position_UTC": "2025-11-30T17:12:00Z"
      },
      {
        "lat": 50.906879,
        "lon": -1.4582916,
        "speed": 0,
        "course": 349,
        "heading": 305,
        "destination": "SGSIN>GBSOU",
        "last_position_epoch": 1764520920,
        "last_position_UTC": "2025-11-30T16:42:00Z"
      },
      {
        "lat": 50.906948,
        "lon": -1.4583083,
        "speed": 0,
        "course": 328,
        "heading": 305,
        "destination": "SGSIN>GBSOU",
        "last_position_epoch": 1764518880,
        "last_position_UTC": "2025-11-30T16:08:00Z"
      },
      {
        "lat": 50.906906,
        "lon": -1.4583083,
        "speed": 0,
        "course": 107,
        "heading": 305,
        "destination": "SGSIN>GBSOU",
        "last_position_epoch": 1764517140,
        "last_position_UTC": "2025-11-30T15:39:00Z"
      },
      {
        "lat": 50.906921,
        "lon": -1.4582967,
        "speed": 0.1,
        "course": 314,
        "heading": 305,
        "destination": "SGSIN>GBSOU",
        "last_position_epoch": 1764515400,
        "last_position_UTC": "2025-11-30T15:10:00Z"
      },
      {
        "lat": 50.90692666666666,
        "lon": -1.4583366666666666,
        "speed": 0,
        "course": 323.6,
        "heading": 305,
        "destination": "SGSIN>GBSOU",
        "last_position_epoch": 1764513731,
        "last_position_UTC": "2025-11-30T14:42:11Z"
      },
      {
        "lat": 50.906921,
        "lon": -1.4583033,
        "speed": 0,
        "course": 350,
        "heading": 306,
        "destination": "SGSIN>GBSOU",
        "last_position_epoch": 1764511680,
        "last_position_UTC": "2025-11-30T14:08:00Z"
      },
      {
        "lat": 50.90683,
        "lon": -1.4583066666666666,
        "speed": 0,
        "course": 357,
        "heading": 305,
        "destination": "SGSIN>GBSOU",
        "last_position_epoch": 1764510131,
        "last_position_UTC": "2025-11-30T13:42:11Z"
      },
      {
        "lat": 50.906765,
        "lon": -1.4581516666666667,
        "speed": 0,
        "course": 131.4,
        "heading": 305,
        "destination": "SGSIN>GBSOU",
        "last_position_epoch": 1764508331,
        "last_position_UTC": "2025-11-30T13:12:11Z"
      },
      {
        "lat": 50.90693666666667,
        "lon": -1.4583116666666667,
        "speed": 0,
        "course": 7.5,
        "heading": 305,
        "destination": "SGSIN>GBSOU",
        "last_position_epoch": 1764506531,
        "last_position_UTC": "2025-11-30T12:42:11Z"
      },
      {
        "lat": 50.90689666666667,
        "lon": -1.45829,
        "speed": 0,
        "course": 118.2,
        "heading": 305,
        "destination": "SGSIN>GBSOU",
        "last_position_epoch": 1764504731,
        "last_position_UTC": "2025-11-30T12:12:11Z"
      },
      {
        "lat": 50.906898,
        "lon": -1.4582551,
        "speed": 0,
        "course": 210,
        "heading": 305,
        "destination": "SGSIN>GBSOU",
        "last_position_epoch": 1764502980,
        "last_position_UTC": "2025-11-30T11:43:00Z"
      },
      {
        "lat": 50.906898,
        "lon": -1.4582616,
        "speed": 0,
        "course": 349,
        "heading": 305,
        "destination": "SGSIN>GBSOU",
        "last_position_epoch": 1764501000,
        "last_position_UTC": "2025-11-30T11:10:00Z"
      },
      {
        "lat": 50.90693,
        "lon": -1.4583133333333334,
        "speed": 0,
        "course": 2.6,
        "heading": 305,
        "destination": "SGSIN>GBSOU",
        "last_position_epoch": 1764499331,
        "last_position_UTC": "2025-11-30T10:42:11Z"
      },
      {
        "lat": 50.906865,
        "lon": -1.4583033333333333,
        "speed": 0.1,
        "course": 40.7,
        "heading": 305,
        "destination": "SGSIN>GBSOU",
        "last_position_epoch": 1764497531,
        "last_position_UTC": "2025-11-30T10:12:11Z"
      },
      {
        "lat": 50.90693666666667,
        "lon": -1.4582616666666668,
        "speed": 0,
        "course": 135.8,
        "heading": 305,
        "destination": "SGSIN>GBSOU",
        "last_position_epoch": 1764495731,
        "last_position_UTC": "2025-11-30T09:42:11Z"
      },
      {
        "lat": 50.906893333333336,
        "lon": -1.4583266666666668,
        "speed": 0,
        "course": 136.8,
        "heading": 305,
        "destination": "SGSIN>GBSOU",
        "last_position_epoch": 1764493931,
        "last_position_UTC": "2025-11-30T09:12:11Z"
      },
      {
        "lat": 50.90688,
        "lon": -1.4583166666666667,
        "speed": 0.1,
        "course": 301.6,
        "heading": 305,
        "destination": "SGSIN>GBSOU",
        "last_position_epoch": 1764492131,
        "last_position_UTC": "2025-11-30T08:42:11Z"
      },
      {
        "lat": 50.906925,
        "lon": -1.4582916,
        "speed": 0,
        "course": 277,
        "heading": 305,
        "destination": "SGSIN>GBSOU",
        "last_position_epoch": 1764490260,
        "last_position_UTC": "2025-11-30T08:11:00Z"
      },
      {
        "lat": 50.906913333333335,
        "lon": -1.4582883333333334,
        "speed": 0,
        "course": 273.6,
        "heading": 305,
        "destination": "SGSIN>GBSOU",
        "last_position_epoch": 1764488531,
        "last_position_UTC": "2025-11-30T07:42:11Z"
      },
      {
        "lat": 50.90683,
        "lon": -1.4582216666666667,
        "speed": 0.1,
        "course": 60.3,
        "heading": 304,
        "destination": "SGSIN>GBSOU",
        "last_position_epoch": 1764486776,
        "last_position_UTC": "2025-11-30T07:12:56Z"
      },
      {
        "lat": 50.903965,
        "lon": -1.4356884,
        "speed": 4.5,
        "course": 273,
        "heading": 273,
        "destination": "SGSIN>GBSOU",
        "last_position_epoch": 1764485040,
        "last_position_UTC": "2025-11-30T06:44:00Z"
      },
      {
        "lat": 50.86517333333333,
        "lon": -1.3688166666666668,
        "speed": 9.1,
        "course": 309.2,
        "heading": 311,
        "destination": "SGSIN>GBSOU",
        "last_position_epoch": 1764482875,
        "last_position_UTC": "2025-11-30T06:07:55Z"
      },
      {
        "lat": 50.813766,
        "lon": -1.2928467,
        "speed": 11,
        "course": 330,
        "heading": 330,
        "destination": "SGSIN>GBSOU",
        "last_position_epoch": 1764481500,
        "last_position_UTC": "2025-11-30T05:45:00Z"
      },
      {
        "lat": 50.765645,
        "lon": -1.2354616666666667,
        "speed": 16.5,
        "course": 289.1,
        "heading": 290,
        "destination": "SGSIN>GBSOU",
        "last_position_epoch": 1764479580,
        "last_position_UTC": "2025-11-30T05:13:00Z"
      },
      {
        "lat": 50.713005,
        "lon": -0.98094165,
        "speed": 14.1,
        "course": 286,
        "heading": 285,
        "destination": "SGSIN>GBSOU",
        "last_position_epoch": 1764477780,
        "last_position_UTC": "2025-11-30T04:43:00Z"
      },
      {
        "lat": 50.61129,
        "lon": -0.948385,
        "speed": 10.1,
        "course": 338,
        "heading": 334,
        "destination": "SGSIN>GBSOU",
        "last_position_epoch": 1764476040,
        "last_position_UTC": "2025-11-30T04:14:00Z"
      },
      {
        "lat": 50.56107166666666,
        "lon": -0.9319616666666667,
        "speed": 8,
        "course": 330.9,
        "heading": 320,
        "destination": "SGSIN>GBSOU",
        "last_position_epoch": 1764473865,
        "last_position_UTC": "2025-11-30T03:37:45Z"
      },
      {
        "lat": 50.5156,
        "lon": -0.876675,
        "speed": 8.8,
        "course": 320.6,
        "heading": 317,
        "destination": "SGSIN>GBSOU",
        "last_position_epoch": 1764472044,
        "last_position_UTC": "2025-11-30T03:07:24Z"
      },
      {
        "lat": 50.486203333333336,
        "lon": -0.89232,
        "speed": 8.3,
        "course": 73.3,
        "heading": 70,
        "destination": "SGSIN>GBSOU",
        "last_position_epoch": 1764470385,
        "last_position_UTC": "2025-11-30T02:39:45Z"
      },
      {
        "lat": 50.467598333333335,
        "lon": -0.9800516666666667,
        "speed": 7.7,
        "course": 60.2,
        "heading": 50,
        "destination": "SGSIN>GBSOU",
        "last_position_epoch": 1764468779,
        "last_position_UTC": "2025-11-30T02:12:59Z"
      },
      {
        "lat": 50.43001833333334,
        "lon": -1.0970333333333333,
        "speed": 11.6,
        "course": 84.2,
        "heading": 85,
        "destination": "SGSIN>GBSOU",
        "last_position_epoch": 1764466964,
        "last_position_UTC": "2025-11-30T01:42:44Z"
      },
      {
        "lat": 50.42177,
        "lon": -1.2464633333333333,
        "speed": 11.1,
        "course": 86.1,
        "heading": 85,
        "destination": "SGSIN>GBSOU",
        "last_position_epoch": 1764465144,
        "last_position_UTC": "2025-11-30T01:12:24Z"
      },
      {
        "lat": 50.414181666666664,
        "lon": -1.400275,
        "speed": 10.6,
        "course": 85.5,
        "heading": 85,
        "destination": "SGSIN>GBSOU",
        "last_position_epoch": 1764463195,
        "last_position_UTC": "2025-11-30T00:39:55Z"
      },
      {
        "lat": 50.40784166666667,
        "lon": -1.5240533333333333,
        "speed": 10.2,
        "course": 83.3,
        "heading": 85,
        "destination": "SGSIN>GBSOU",
        "last_position_epoch": 1764461553,
        "last_position_UTC": "2025-11-30T00:12:33Z"
      },
      {
        "lat": 50.399345,
        "lon": -1.6505383333333332,
        "speed": 9.6,
        "course": 75.4,
        "heading": 76,
        "destination": "SGSIN>GBSOU",
        "last_position_epoch": 1764459775,
        "last_position_UTC": "2025-11-29T23:42:55Z"
      },
      {
        "lat": 50.38095166666667,
        "lon": -1.77258,
        "speed": 9.6,
        "course": 76.2,
        "heading": 76,
        "destination": "SGSIN>GBSOU",
        "last_position_epoch": 1764457974,
        "last_position_UTC": "2025-11-29T23:12:54Z"
      },
      {
        "lat": 50.357265,
        "lon": -1.922665,
        "speed": 8.8,
        "course": 75,
        "heading": 77,
        "destination": "SGSIN>GBSOU",
        "last_position_epoch": 1764456180,
        "last_position_UTC": "2025-11-29T22:43:00Z"
      },
      {
        "lat": 50.339333,
        "lon": -2.0318966,
        "speed": 8.5,
        "course": 75,
        "heading": 77,
        "destination": "SGSIN>GBSOU",
        "last_position_epoch": 1764454380,
        "last_position_UTC": "2025-11-29T22:13:00Z"
      },
      {
        "lat": 50.328457,
        "lon": -2.1065133,
        "speed": 8.3,
        "course": 78,
        "heading": 79,
        "destination": "SGSIN>GBSOU",
        "last_position_epoch": 1764452580,
        "last_position_UTC": "2025-11-29T21:43:00Z"
      },
      {
        "lat": 50.314468,
        "lon": -2.21068,
        "speed": 8.1,
        "course": 76,
        "heading": 79,
        "destination": "SGSIN>GBSOU",
        "last_position_epoch": 1764450840,
        "last_position_UTC": "2025-11-29T21:14:00Z"
      },
      {
        "lat": 50.300999,
        "lon": -2.3146601,
        "speed": 8.1,
        "course": 79,
        "heading": 80,
        "destination": "SGSIN>GBSOU",
        "last_position_epoch": 1764448980,
        "last_position_UTC": "2025-11-29T20:43:00Z"
      },
      {
        "lat": 50.289345,
        "lon": -2.4186716,
        "speed": 8.1,
        "course": 80,
        "heading": 80,
        "destination": "SGSIN>GBSOU",
        "last_position_epoch": 1764447240,
        "last_position_UTC": "2025-11-29T20:14:00Z"
      },
      {
        "lat": 50.27742,
        "lon": -2.5280149,
        "speed": 8.6,
        "course": 79,
        "heading": 80,
        "destination": "SGSIN>GBSOU",
        "last_position_epoch": 1764445320,
        "last_position_UTC": "2025-11-29T19:42:00Z"
      },
      {
        "lat": 50.263844,
        "lon": -2.6431701,
        "speed": 9,
        "course": 79,
        "heading": 80,
        "destination": "SGSIN>GBSOU",
        "last_position_epoch": 1764443580,
        "last_position_UTC": "2025-11-29T19:13:00Z"
      },
      {
        "lat": 50.249962,
        "lon": -2.7626016,
        "speed": 9.1,
        "course": 72,
        "heading": 73,
        "destination": "SGSIN>GBSOU",
        "last_position_epoch": 1764441720,
        "last_position_UTC": "2025-11-29T18:42:00Z"
      },
      {
        "lat": 50.224628,
        "lon": -2.9198167,
        "speed": 9.3,
        "course": 76,
        "heading": 78,
        "destination": "SGSIN>GBSOU",
        "last_position_epoch": 1764439920,
        "last_position_UTC": "2025-11-29T18:12:00Z"
      },
      {
        "lat": 50.209572,
        "lon": -3.0002666,
        "speed": 9.6,
        "course": 73,
        "heading": 75,
        "destination": "SGSIN>GBSOU",
        "last_position_epoch": 1764438180,
        "last_position_UTC": "2025-11-29T17:43:00Z"
      },
      {
        "lat": 50.188564,
        "lon": -3.1299434,
        "speed": 7.5,
        "course": 78,
        "heading": 78,
        "destination": "SGSIN>GBSOU",
        "last_position_epoch": 1764436320,
        "last_position_UTC": "2025-11-29T17:12:00Z"
      },
      {
        "lat": 50.19722,
        "lon": -3.1775899,
        "speed": 1.5,
        "course": 94,
        "heading": 198,
        "destination": "SGSIN>GBSOU",
        "last_position_epoch": 1764434520,
        "last_position_UTC": "2025-11-29T16:42:00Z"
      },
      {
        "lat": 50.199181,
        "lon": -3.1910133,
        "speed": 1.7,
        "course": 104,
        "heading": 200,
        "destination": "SGSIN>GBSOU",
        "last_position_epoch": 1764432780,
        "last_position_UTC": "2025-11-29T16:13:00Z"
      },
      {
        "lat": 50.203152,
        "lon": -3.2116666,
        "speed": 1.7,
        "course": 108,
        "heading": 209,
        "destination": "SGSIN>GBSOU",
        "last_position_epoch": 1764430920,
        "last_position_UTC": "2025-11-29T15:42:00Z"
      },
      {
        "lat": 50.212833,
        "lon": -3.2386317,
        "speed": 4.4,
        "course": 110,
        "heading": 130,
        "destination": "SGSIN>GBSOU",
        "last_position_epoch": 1764429060,
        "last_position_UTC": "2025-11-29T15:11:00Z"
      },
      {
        "lat": 50.164753,
        "lon": -3.3047149,
        "speed": 9.6,
        "course": 27,
        "heading": 24,
        "destination": "SGSIN>GBSOU",
        "last_position_epoch": 1764427320,
        "last_position_UTC": "2025-11-29T14:42:00Z"
      }
    ]
  },
  "meta": {
    "duration": 0.026482449,
    "endpoint": "/api/v0/vessel_history",
    "success": true
  }
}