{
  "data": {
    "uuid": "e35307a1-e56a-2343-fc04-dc7e5f060e0d",
    "name": "SM YANTIAN",
    "mmsi": "440189000",
    "imo": "9312949",
    "eni": null,
    "country_iso": "KR",
    "type": "Cargo",
    "type_specific": "Container Ship",
    "positions": [
      {
        "lat": 35.077438,
        "lon": 128.79388,
        "speed": 0,
        "course": 156,
        "heading": 270,
        "destination": "KRPUS",
        "last_position_epoch": 1765029120,
        "last_position_UTC": "2025-12-06T13:52:00Z"
      },
      {
        "lat": 35.077339,
        "lon": 128.79391,
        "speed": 0,
        "course": 128,
        "heading": 270,
        "destination": "KRPUS",
        "last_position_epoch": 1765027260,
        "last_position_UTC": "2025-12-06T13:21:00Z"
      },
      {
        "lat": 35.077396,
        "lon": 128.7939,
        "speed": 0,
        "course": 335,
        "heading": 270,
        "destination": "KRPUS",
        "last_position_epoch": 1765025340,
        "last_position_UTC": "2025-12-06T12:49:00Z"
      },
      {
        "lat": 35.077385,
        "lon": 128.79391,
        "speed": 0,
        "course": 335,
        "heading": 270,
        "destination": "KRPUS",
        "last_position_epoch": 1765023540,
        "last_position_UTC": "2025-12-06T12:19:00Z"
      },
      {
        "lat": 35.077366,
        "lon": 128.79388,
        "speed": 0,
        "course": 335,
        "heading": 270,
        "destination": "KRPUS",
        "last_position_epoch": 1765021740,
        "last_position_UTC": "2025-12-06T11:49:00Z"
      },
      {
        "lat": 35.077404,
        "lon": 128.79388,
        "speed": 0,
        "course": 335,
        "heading": 270,
        "destination": "KRPUS",
        "last_position_epoch": 1765020120,
        "last_position_UTC": "2025-12-06T11:22:00Z"
      },
      {
        "lat": 35.077427,
        "lon": 128.79385,
        "speed": 0,
        "course": 335,
        "heading": 270,
        "destination": "KRPUS",
        "last_position_epoch": 1765018260,
        "last_position_UTC": "2025-12-06T10:51:00Z"
      },
      {
        "lat": 35.077484,
        "lon": 128.79384,
        "speed": 0,
        "course": 335,
        "heading": 270,
        "destination": "KRPUS",
        "last_position_epoch": 1765016520,
        "last_position_UTC": "2025-12-06T10:22:00Z"
      },
      {
        "lat": 35.077419,
        "lon": 128.79387,
        "speed": 0,
        "course": 338,
        "heading": 270,
        "destination": "KRPUS",
        "last_position_epoch": 1765014720,
        "last_position_UTC": "2025-12-06T09:52:00Z"
      },
      {
        "lat": 35.077408,
        "lon": 128.79388,
        "speed": 0,
        "course": 237,
        "heading": 270,
        "destination": "KRPUS",
        "last_position_epoch": 1765012860,
        "last_position_UTC": "2025-12-06T09:21:00Z"
      },
      {
        "lat": 35.077419,
        "lon": 128.7939,
        "speed": 0,
        "course": 237,
        "heading": 270,
        "destination": "KRPUS",
        "last_position_epoch": 1765011000,
        "last_position_UTC": "2025-12-06T08:50:00Z"
      },
      {
        "lat": 35.077404,
        "lon": 128.7939,
        "speed": 0,
        "course": 0,
        "heading": 270,
        "destination": "KRPUS",
        "last_position_epoch": 1765008043,
        "last_position_UTC": "2025-12-06T08:00:43Z"
      },
      {
        "lat": 35.077477,
        "lon": 128.79378,
        "speed": 0,
        "course": 42,
        "heading": 270,
        "destination": "KRPUS",
        "last_position_epoch": 1765005660,
        "last_position_UTC": "2025-12-06T07:21:00Z"
      },
      {
        "lat": 35.077446,
        "lon": 128.79384,
        "speed": 0,
        "course": 42,
        "heading": 270,
        "destination": "KRPUS",
        "last_position_epoch": 1765003980,
        "last_position_UTC": "2025-12-06T06:53:00Z"
      },
      {
        "lat": 35.077381,
        "lon": 128.79388,
        "speed": 0,
        "course": 42,
        "heading": 270,
        "destination": "KRPUS",
        "last_position_epoch": 1765002120,
        "last_position_UTC": "2025-12-06T06:22:00Z"
      },
      {
        "lat": 35.077427,
        "lon": 128.79391,
        "speed": 0,
        "course": 42,
        "heading": 270,
        "destination": "KRPUS",
        "last_position_epoch": 1765000440,
        "last_position_UTC": "2025-12-06T05:54:00Z"
      },
      {
        "lat": 35.077427,
        "lon": 128.7939,
        "speed": 0,
        "course": 42,
        "heading": 270,
        "destination": "KRPUS",
        "last_position_epoch": 1764998520,
        "last_position_UTC": "2025-12-06T05:22:00Z"
      },
      {
        "lat": 35.077461,
        "lon": 128.79384,
        "speed": 0,
        "course": 42,
        "heading": 270,
        "destination": "KRPUS",
        "last_position_epoch": 1764996660,
        "last_position_UTC": "2025-12-06T04:51:00Z"
      },
      {
        "lat": 35.077438,
        "lon": 128.79387,
        "speed": 0,
        "course": 310,
        "heading": 270,
        "destination": "KRPUS",
        "last_position_epoch": 1764994920,
        "last_position_UTC": "2025-12-06T04:22:00Z"
      },
      {
        "lat": 35.077385,
        "lon": 128.79384,
        "speed": 0,
        "course": 278,
        "heading": 270,
        "destination": "KRPUS",
        "last_position_epoch": 1764992940,
        "last_position_UTC": "2025-12-06T03:49:00Z"
      },
      {
        "lat": 35.077347,
        "lon": 128.79391,
        "speed": 0,
        "course": 278,
        "heading": 270,
        "destination": "KRPUS",
        "last_position_epoch": 1764991260,
        "last_position_UTC": "2025-12-06T03:21:00Z"
      },
      {
        "lat": 35.074326,
        "lon": 128.79657,
        "speed": 2.4,
        "course": 324,
        "heading": 303,
        "destination": "KRPUS",
        "last_position_epoch": 1764989580,
        "last_position_UTC": "2025-12-06T02:53:00Z"
      },
      {
        "lat": 35.024887,
        "lon": 128.79413,
        "speed": 10.1,
        "course": 336,
        "heading": 337,
        "destination": "KRPUS",
        "last_position_epoch": 1764987660,
        "last_position_UTC": "2025-12-06T02:21:00Z"
      },
      {
        "lat": 34.98525,
        "lon": 128.812685,
        "speed": 12.7,
        "course": 339.9,
        "heading": 338,
        "destination": "KRPUS",
        "last_position_epoch": 1764986839,
        "last_position_UTC": "2025-12-06T02:07:19Z"
      },
      {
        "lat": 34.934938333333335,
        "lon": 128.84802333333334,
        "speed": 6.5,
        "course": 314.4,
        "heading": 310,
        "destination": "KRPUS",
        "last_position_epoch": 1764985078,
        "last_position_UTC": "2025-12-06T01:37:58Z"
      },
      {
        "lat": 34.89326333333333,
        "lon": 128.89402666666666,
        "speed": 6.4,
        "course": 329,
        "heading": 325,
        "destination": "KRPUS",
        "last_position_epoch": 1764983258,
        "last_position_UTC": "2025-12-06T01:07:38Z"
      },
      {
        "lat": 34.84222,
        "lon": 128.94292833333333,
        "speed": 10.2,
        "course": 316.7,
        "heading": 318,
        "destination": "KRPUS",
        "last_position_epoch": 1764981779,
        "last_position_UTC": "2025-12-06T00:42:59Z"
      },
      {
        "lat": 34.829015,
        "lon": 129.06660333333335,
        "speed": 10.6,
        "course": 274.1,
        "heading": 276,
        "destination": "KRPUS",
        "last_position_epoch": 1764979650,
        "last_position_UTC": "2025-12-06T00:07:30Z"
      },
      {
        "lat": 34.83155333333333,
        "lon": 129.17038,
        "speed": 10.3,
        "course": 257.5,
        "heading": 260,
        "destination": "KRPUS",
        "last_position_epoch": 1764977858,
        "last_position_UTC": "2025-12-05T23:37:38Z"
      },
      {
        "lat": 34.84686833333333,
        "lon": 129.26498,
        "speed": 12,
        "course": 260.9,
        "heading": 260,
        "destination": "KRPUS",
        "last_position_epoch": 1764976328,
        "last_position_UTC": "2025-12-05T23:12:08Z"
      },
      {
        "lat": 34.857208,
        "lon": 129.39635,
        "speed": 1.1,
        "course": 201,
        "heading": 358,
        "destination": "KRPUS",
        "last_position_epoch": 1764973140,
        "last_position_UTC": "2025-12-05T22:19:00Z"
      },
      {
        "lat": 34.864479,
        "lon": 129.39929,
        "speed": 0.6,
        "course": 183,
        "heading": 350,
        "destination": "KRPUS",
        "last_position_epoch": 1764971340,
        "last_position_UTC": "2025-12-05T21:49:00Z"
      },
      {
        "lat": 34.868893,
        "lon": 129.39993,
        "speed": 0.3,
        "course": 217,
        "heading": 327,
        "destination": "KRPUS",
        "last_position_epoch": 1764969540,
        "last_position_UTC": "2025-12-05T21:19:00Z"
      },
      {
        "lat": 34.87624,
        "lon": 129.41631,
        "speed": 3.7,
        "course": 235,
        "heading": 254,
        "destination": "KRPUS",
        "last_position_epoch": 1764967740,
        "last_position_UTC": "2025-12-05T20:49:00Z"
      },
      {
        "lat": 34.983292,
        "lon": 129.61339,
        "speed": 12.8,
        "course": 233,
        "heading": 234,
        "destination": "KRPUS",
        "last_position_epoch": 1764964200,
        "last_position_UTC": "2025-12-05T19:50:00Z"
      },
      {
        "lat": 35.042164,
        "lon": 129.73103,
        "speed": 12.6,
        "course": 242,
        "heading": 245,
        "destination": "KRPUS",
        "last_position_epoch": 1764962340,
        "last_position_UTC": "2025-12-05T19:19:00Z"
      },
      {
        "lat": 35.074413,
        "lon": 129.80908,
        "speed": 12.8,
        "course": 243,
        "heading": 245,
        "destination": "KRPUS",
        "last_position_epoch": 1764960540,
        "last_position_UTC": "2025-12-05T18:49:00Z"
      },
      {
        "lat": 35.130413,
        "lon": 129.94592,
        "speed": 12.8,
        "course": 246,
        "heading": 247,
        "destination": "KRPUS",
        "last_position_epoch": 1764958680,
        "last_position_UTC": "2025-12-05T18:18:00Z"
      },
      {
        "lat": 35.738335,
        "lon": 131.14128,
        "speed": 0.5,
        "course": 102,
        "heading": 330,
        "destination": "KRPUS",
        "last_position_epoch": 1764937080,
        "last_position_UTC": "2025-12-05T12:18:00Z"
      },
      {
        "lat": 41.099899,
        "lon": 139.78419,
        "speed": 17.2,
        "course": 234,
        "heading": 239,
        "destination": "KRPUS",
        "last_position_epoch": 1764793140,
        "last_position_UTC": "2025-12-03T20:19:00Z"
      },
      {
        "lat": 41.185108,
        "lon": 139.93701,
        "speed": 17.1,
        "course": 234,
        "heading": 239,
        "destination": "KRPUS",
        "last_position_epoch": 1764791400,
        "last_position_UTC": "2025-12-03T19:50:00Z"
      },
      {
        "lat": 41.274105,
        "lon": 140.12157,
        "speed": 16.6,
        "course": 238,
        "heading": 242,
        "destination": "KRPUS",
        "last_position_epoch": 1764789600,
        "last_position_UTC": "2025-12-03T19:20:00Z"
      },
      {
        "lat": 41.356335,
        "lon": 140.2751,
        "speed": 15.5,
        "course": 239,
        "heading": 240,
        "destination": "KRPUS",
        "last_position_epoch": 1764787860,
        "last_position_UTC": "2025-12-03T18:51:00Z"
      },
      {
        "lat": 41.411739,
        "lon": 140.3782,
        "speed": 17.7,
        "course": 235,
        "heading": 235,
        "destination": "KRPUS",
        "last_position_epoch": 1764786000,
        "last_position_UTC": "2025-12-03T18:20:00Z"
      },
      {
        "lat": 41.506741,
        "lon": 140.55693,
        "speed": 18,
        "course": 233,
        "heading": 235,
        "destination": "KRPUS",
        "last_position_epoch": 1764784140,
        "last_position_UTC": "2025-12-03T17:49:00Z"
      },
      {
        "lat": 41.596256,
        "lon": 140.74016,
        "speed": 17.2,
        "course": 239,
        "heading": 241,
        "destination": "KRPUS",
        "last_position_epoch": 1764782460,
        "last_position_UTC": "2025-12-03T17:21:00Z"
      },
      {
        "lat": 41.61425333333333,
        "lon": 140.78116833333334,
        "speed": 16.5,
        "course": 235.9,
        "heading": 239,
        "destination": "KRPUS",
        "last_position_epoch": 1764781566,
        "last_position_UTC": "2025-12-03T17:06:06Z"
      },
      {
        "lat": 41.653893,
        "lon": 141.61038,
        "speed": 17.8,
        "course": 267,
        "heading": 272,
        "destination": "KRPUS",
        "last_position_epoch": 1764773400,
        "last_position_UTC": "2025-12-03T14:50:00Z"
      },
      {
        "lat": 41.675022,
        "lon": 142.42841,
        "speed": 18.3,
        "course": 273,
        "heading": 277,
        "destination": "KRPUS",
        "last_position_epoch": 1764766140,
        "last_position_UTC": "2025-12-03T12:49:00Z"
      },
      {
        "lat": 41.666611,
        "lon": 142.6557,
        "speed": 19,
        "course": 270,
        "heading": 275,
        "destination": "KRPUS",
        "last_position_epoch": 1764764400,
        "last_position_UTC": "2025-12-03T12:20:00Z"
      },
      {
        "lat": 41.666046,
        "lon": 142.89217,
        "speed": 20.2,
        "course": 268,
        "heading": 271,
        "destination": "KRPUS",
        "last_position_epoch": 1764762540,
        "last_position_UTC": "2025-12-03T11:49:00Z"
      },
      {
        "lat": 41.743172,
        "lon": 143.55122,
        "speed": 20.1,
        "course": 241,
        "heading": 242,
        "destination": "KRPUS",
        "last_position_epoch": 1764757200,
        "last_position_UTC": "2025-12-03T10:20:00Z"
      },
      {
        "lat": 41.828026,
        "lon": 143.75047,
        "speed": 19.7,
        "course": 242,
        "heading": 244,
        "destination": "KRPUS",
        "last_position_epoch": 1764755400,
        "last_position_UTC": "2025-12-03T09:50:00Z"
      },
      {
        "lat": 41.918114,
        "lon": 143.96545,
        "speed": 20.1,
        "course": 240,
        "heading": 242,
        "destination": "KRPUS",
        "last_position_epoch": 1764753540,
        "last_position_UTC": "2025-12-03T09:19:00Z"
      },
      {
        "lat": 42.010235,
        "lon": 144.17834,
        "speed": 19.8,
        "course": 239,
        "heading": null,
        "destination": "KRPUS",
        "last_position_epoch": 1764751620,
        "last_position_UTC": "2025-12-03T08:47:00Z"
      },
      {
        "lat": 42.070477,
        "lon": 144.31261,
        "speed": 19.7,
        "course": 237,
        "heading": null,
        "destination": "KRPUS",
        "last_position_epoch": 1764749820,
        "last_position_UTC": "2025-12-03T08:17:00Z"
      },
      {
        "lat": 42.162025,
        "lon": 144.50375,
        "speed": 19.2,
        "course": 236,
        "heading": 237,
        "destination": "KRPUS",
        "last_position_epoch": 1764748020,
        "last_position_UTC": "2025-12-03T07:47:00Z"
      },
      {
        "lat": 42.247993,
        "lon": 144.68556,
        "speed": 19.2,
        "course": 242,
        "heading": 241,
        "destination": "KRPUS",
        "last_position_epoch": 1764746340,
        "last_position_UTC": "2025-12-03T07:19:00Z"
      },
      {
        "lat": 42.33577,
        "lon": 144.91034,
        "speed": 19.5,
        "course": 243,
        "heading": 240,
        "destination": "KRPUS",
        "last_position_epoch": 1764744480,
        "last_position_UTC": "2025-12-03T06:48:00Z"
      },
      {
        "lat": 42.405701,
        "lon": 145.10771,
        "speed": 19.3,
        "course": 245,
        "heading": 242,
        "destination": "KRPUS",
        "last_position_epoch": 1764742800,
        "last_position_UTC": "2025-12-03T06:20:00Z"
      },
      {
        "lat": 42.464516,
        "lon": 145.27513,
        "speed": 19.7,
        "course": 244,
        "heading": 243,
        "destination": "KRPUS",
        "last_position_epoch": 1764740820,
        "last_position_UTC": "2025-12-03T05:47:00Z"
      },
      {
        "lat": 42.560135,
        "lon": 145.54884,
        "speed": 20.6,
        "course": 244,
        "heading": 245,
        "destination": "KRPUS",
        "last_position_epoch": 1764739200,
        "last_position_UTC": "2025-12-03T05:20:00Z"
      },
      {
        "lat": 42.634174,
        "lon": 145.71494,
        "speed": 20.6,
        "course": 233,
        "heading": 237,
        "destination": "KRPUS",
        "last_position_epoch": 1764737220,
        "last_position_UTC": "2025-12-03T04:47:00Z"
      },
      {
        "lat": 42.747715,
        "lon": 145.94336,
        "speed": 21.2,
        "course": 238,
        "heading": 239,
        "destination": "KRPUS",
        "last_position_epoch": 1764735540,
        "last_position_UTC": "2025-12-03T04:19:00Z"
      },
      {
        "lat": 42.81028,
        "lon": 146.07999,
        "speed": 21.5,
        "course": 237,
        "heading": 239,
        "destination": "KRPUS",
        "last_position_epoch": 1764733860,
        "last_position_UTC": "2025-12-03T03:51:00Z"
      },
      {
        "lat": 42.978439,
        "lon": 146.47202,
        "speed": 21.6,
        "course": 241,
        "heading": 240,
        "destination": "KRPUS",
        "last_position_epoch": 1764730260,
        "last_position_UTC": "2025-12-03T02:51:00Z"
      },
      {
        "lat": 43.168964,
        "lon": 146.94562,
        "speed": 21.6,
        "course": 242,
        "heading": 243,
        "destination": "KRPUS",
        "last_position_epoch": 1764726480,
        "last_position_UTC": "2025-12-03T01:48:00Z"
      },
      {
        "lat": 43.272766,
        "lon": 147.19312,
        "speed": 21,
        "course": 240,
        "heading": 241,
        "destination": "KRPUS",
        "last_position_epoch": 1764724620,
        "last_position_UTC": "2025-12-03T01:17:00Z"
      },
      {
        "lat": 44.638149,
        "lon": 150.01976,
        "speed": 19.1,
        "course": 234,
        "heading": 232,
        "destination": "KRPUS",
        "last_position_epoch": 1764697680,
        "last_position_UTC": "2025-12-02T17:48:00Z"
      }
    ]
  },
  "meta": {
    "duration": 0.016186839,
    "endpoint": "/api/v0/vessel_history",
    "success": true
  }
}