{
  "data": {
    "uuid": "e1ea57ae-3063-ce77-ad3b-575b388a7adb",
    "name": "SM SHANGHAI",
    "mmsi": "440220000",
    "imo": "9312779",
    "eni": null,
    "country_iso": "KR",
    "type": "Cargo - Hazard A (Major)",
    "type_specific": "Container Ship",
    "positions": [
      {
        "lat": 31.372749,
        "lon": 121.58525,
        "speed": 0.1,
        "course": 189,
        "heading": 116,
        "destination": "CNSHA",
        "last_position_epoch": 1765029000,
        "last_position_UTC": "2025-12-06T13:50:00Z"
      },
      {
        "lat": 31.372967,
        "lon": 121.58469,
        "speed": 0.2,
        "course": 136,
        "heading": 116,
        "destination": "CNSHA",
        "last_position_epoch": 1765027380,
        "last_position_UTC": "2025-12-06T13:23:00Z"
      },
      {
        "lat": 31.372734,
        "lon": 121.585,
        "speed": 0.2,
        "course": 121,
        "heading": 116,
        "destination": "CNSHA",
        "last_position_epoch": 1765025640,
        "last_position_UTC": "2025-12-06T12:54:00Z"
      },
      {
        "lat": 31.372833,
        "lon": 121.58521,
        "speed": 0.1,
        "course": 114,
        "heading": 116,
        "destination": "CNSHA",
        "last_position_epoch": 1765023720,
        "last_position_UTC": "2025-12-06T12:22:00Z"
      },
      {
        "lat": 31.372784,
        "lon": 121.58514,
        "speed": 0.3,
        "course": 195,
        "heading": 116,
        "destination": "CNSHA",
        "last_position_epoch": 1765021980,
        "last_position_UTC": "2025-12-06T11:53:00Z"
      },
      {
        "lat": 31.372766,
        "lon": 121.58523,
        "speed": 0.1,
        "course": 198,
        "heading": 116,
        "destination": "CNSHA",
        "last_position_epoch": 1765020000,
        "last_position_UTC": "2025-12-06T11:20:00Z"
      },
      {
        "lat": 31.372868,
        "lon": 121.58508,
        "speed": 0.2,
        "course": 190,
        "heading": 116,
        "destination": "CNSHA",
        "last_position_epoch": 1765018380,
        "last_position_UTC": "2025-12-06T10:53:00Z"
      },
      {
        "lat": 31.3729,
        "lon": 121.58504,
        "speed": 0.2,
        "course": 286,
        "heading": 116,
        "destination": "CNSHA",
        "last_position_epoch": 1765016880,
        "last_position_UTC": "2025-12-06T10:28:00Z"
      },
      {
        "lat": 31.372566,
        "lon": 121.58508,
        "speed": 0.1,
        "course": 171,
        "heading": 116,
        "destination": "CNSHA",
        "last_position_epoch": 1765014900,
        "last_position_UTC": "2025-12-06T09:55:00Z"
      },
      {
        "lat": 31.372816,
        "lon": 121.58504,
        "speed": 0.1,
        "course": 172,
        "heading": 116,
        "destination": "CNSHA",
        "last_position_epoch": 1765012860,
        "last_position_UTC": "2025-12-06T09:21:00Z"
      },
      {
        "lat": 31.372734,
        "lon": 121.58514,
        "speed": 0.1,
        "course": 0,
        "heading": 116,
        "destination": "CNSHA",
        "last_position_epoch": 1765011974,
        "last_position_UTC": "2025-12-06T09:06:14Z"
      },
      {
        "lat": 31.372868,
        "lon": 121.58517,
        "speed": 0,
        "course": 206,
        "heading": 116,
        "destination": "CNSHA",
        "last_position_epoch": 1765009380,
        "last_position_UTC": "2025-12-06T08:23:00Z"
      },
      {
        "lat": 31.372801,
        "lon": 121.58514,
        "speed": 0,
        "course": 177,
        "heading": 116,
        "destination": "CNSHA",
        "last_position_epoch": 1765003980,
        "last_position_UTC": "2025-12-06T06:53:00Z"
      },
      {
        "lat": 31.372833,
        "lon": 121.58514,
        "speed": 0.2,
        "course": 317,
        "heading": 116,
        "destination": "CNSHA",
        "last_position_epoch": 1765000380,
        "last_position_UTC": "2025-12-06T05:53:00Z"
      },
      {
        "lat": 31.372766,
        "lon": 121.58514,
        "speed": 0,
        "course": 321,
        "heading": 116,
        "destination": "CNSHA",
        "last_position_epoch": 1764998580,
        "last_position_UTC": "2025-12-06T05:23:00Z"
      },
      {
        "lat": 31.372784,
        "lon": 121.58514,
        "speed": 0.1,
        "course": 251,
        "heading": 116,
        "destination": "CNSHA",
        "last_position_epoch": 1764996720,
        "last_position_UTC": "2025-12-06T04:52:00Z"
      },
      {
        "lat": 31.372784,
        "lon": 121.58514,
        "speed": 0.1,
        "course": 259,
        "heading": 117,
        "destination": "CNSHA",
        "last_position_epoch": 1764994980,
        "last_position_UTC": "2025-12-06T04:23:00Z"
      },
      {
        "lat": 31.372816,
        "lon": 121.58514,
        "speed": 0.1,
        "course": 214,
        "heading": 116,
        "destination": "CNSHA",
        "last_position_epoch": 1764993060,
        "last_position_UTC": "2025-12-06T03:51:00Z"
      },
      {
        "lat": 31.372784,
        "lon": 121.5852,
        "speed": 0.1,
        "course": 84,
        "heading": 116,
        "destination": "CNSHA",
        "last_position_epoch": 1764991500,
        "last_position_UTC": "2025-12-06T03:25:00Z"
      },
      {
        "lat": 31.372801,
        "lon": 121.58519,
        "speed": 0.1,
        "course": 124,
        "heading": 116,
        "destination": "CNSHA",
        "last_position_epoch": 1764989640,
        "last_position_UTC": "2025-12-06T02:54:00Z"
      },
      {
        "lat": 31.372816,
        "lon": 121.58514,
        "speed": 0,
        "course": 35,
        "heading": 116,
        "destination": "CNSHA",
        "last_position_epoch": 1764987780,
        "last_position_UTC": "2025-12-06T02:23:00Z"
      },
      {
        "lat": 31.372801,
        "lon": 121.58514,
        "speed": 0.1,
        "course": 176,
        "heading": 116,
        "destination": "CNSHA",
        "last_position_epoch": 1764984300,
        "last_position_UTC": "2025-12-06T01:25:00Z"
      },
      {
        "lat": 31.372734,
        "lon": 121.58514,
        "speed": 0.1,
        "course": 174,
        "heading": 116,
        "destination": "CNSHA",
        "last_position_epoch": 1764982200,
        "last_position_UTC": "2025-12-06T00:50:00Z"
      },
      {
        "lat": 31.372766,
        "lon": 121.58509,
        "speed": 0.1,
        "course": 187,
        "heading": 116,
        "destination": "CNSHA",
        "last_position_epoch": 1764980580,
        "last_position_UTC": "2025-12-06T00:23:00Z"
      },
      {
        "lat": 31.372816,
        "lon": 121.5852,
        "speed": 0,
        "course": 83,
        "heading": 116,
        "destination": "CNSHA",
        "last_position_epoch": 1764978660,
        "last_position_UTC": "2025-12-05T23:51:00Z"
      },
      {
        "lat": 31.372801,
        "lon": 121.58521,
        "speed": 0,
        "course": 281,
        "heading": 116,
        "destination": "CNSHA",
        "last_position_epoch": 1764977220,
        "last_position_UTC": "2025-12-05T23:27:00Z"
      },
      {
        "lat": 31.372801,
        "lon": 121.58527,
        "speed": 0.1,
        "course": 120,
        "heading": 116,
        "destination": "CNSHA",
        "last_position_epoch": 1764975180,
        "last_position_UTC": "2025-12-05T22:53:00Z"
      },
      {
        "lat": 31.372833,
        "lon": 121.58517,
        "speed": 0.1,
        "course": 174,
        "heading": 116,
        "destination": "CNSHA",
        "last_position_epoch": 1764973380,
        "last_position_UTC": "2025-12-05T22:23:00Z"
      },
      {
        "lat": 31.372766,
        "lon": 121.58521,
        "speed": 0.2,
        "course": 177,
        "heading": 116,
        "destination": "CNSHA",
        "last_position_epoch": 1764971700,
        "last_position_UTC": "2025-12-05T21:55:00Z"
      },
      {
        "lat": 31.373667,
        "lon": 121.58519,
        "speed": 0.6,
        "course": 186,
        "heading": 116,
        "destination": "CNSHA",
        "last_position_epoch": 1764969780,
        "last_position_UTC": "2025-12-05T21:23:00Z"
      },
      {
        "lat": 31.372766,
        "lon": 121.58521,
        "speed": 0,
        "course": 8,
        "heading": 116,
        "destination": "CNSHA",
        "last_position_epoch": 1764967800,
        "last_position_UTC": "2025-12-05T20:50:00Z"
      },
      {
        "lat": 31.372766,
        "lon": 121.58517,
        "speed": 0.2,
        "course": 243,
        "heading": 116,
        "destination": "CNSHA",
        "last_position_epoch": 1764966360,
        "last_position_UTC": "2025-12-05T20:26:00Z"
      },
      {
        "lat": 31.372784,
        "lon": 121.58519,
        "speed": 0.2,
        "course": 177,
        "heading": 116,
        "destination": "CNSHA",
        "last_position_epoch": 1764964440,
        "last_position_UTC": "2025-12-05T19:54:00Z"
      },
      {
        "lat": 31.372801,
        "lon": 121.58517,
        "speed": 0.1,
        "course": 195,
        "heading": 116,
        "destination": "CNSHA",
        "last_position_epoch": 1764962400,
        "last_position_UTC": "2025-12-05T19:20:00Z"
      },
      {
        "lat": 31.372801,
        "lon": 121.58514,
        "speed": 0,
        "course": 236,
        "heading": 116,
        "destination": "CNSHA",
        "last_position_epoch": 1764960780,
        "last_position_UTC": "2025-12-05T18:53:00Z"
      },
      {
        "lat": 31.372766,
        "lon": 121.58521,
        "speed": 0.1,
        "course": 130,
        "heading": 116,
        "destination": "CNSHA",
        "last_position_epoch": 1764958920,
        "last_position_UTC": "2025-12-05T18:22:00Z"
      },
      {
        "lat": 31.372784,
        "lon": 121.58509,
        "speed": 0.1,
        "course": 152,
        "heading": 116,
        "destination": "CNSHA",
        "last_position_epoch": 1764957000,
        "last_position_UTC": "2025-12-05T17:50:00Z"
      },
      {
        "lat": 31.372784,
        "lon": 121.58521,
        "speed": 0.3,
        "course": 153,
        "heading": 117,
        "destination": "CNSHA",
        "last_position_epoch": 1764955320,
        "last_position_UTC": "2025-12-05T17:22:00Z"
      },
      {
        "lat": 31.373484,
        "lon": 121.58567,
        "speed": 0.6,
        "course": 225,
        "heading": 126,
        "destination": "CNSHA",
        "last_position_epoch": 1764953760,
        "last_position_UTC": "2025-12-05T16:56:00Z"
      },
      {
        "lat": 31.375683,
        "lon": 121.61032,
        "speed": 6.5,
        "course": 298,
        "heading": 285,
        "destination": "CNSHA",
        "last_position_epoch": 1764951900,
        "last_position_UTC": "2025-12-05T16:25:00Z"
      },
      {
        "lat": 31.349417,
        "lon": 121.66225,
        "speed": 8.6,
        "course": 299,
        "heading": 300,
        "destination": "CNSHA",
        "last_position_epoch": 1764950040,
        "last_position_UTC": "2025-12-05T15:54:00Z"
      },
      {
        "lat": 31.311867,
        "lon": 121.74818,
        "speed": 9.5,
        "course": 291,
        "heading": 285,
        "destination": "CNSHA",
        "last_position_epoch": 1764948300,
        "last_position_UTC": "2025-12-05T15:25:00Z"
      },
      {
        "lat": 31.272449,
        "lon": 121.85519,
        "speed": 8.1,
        "course": 287,
        "heading": 289,
        "destination": "CNSHA",
        "last_position_epoch": 1764946380,
        "last_position_UTC": "2025-12-05T14:53:00Z"
      },
      {
        "lat": 31.256517,
        "lon": 121.94252,
        "speed": 9.1,
        "course": 281,
        "heading": 281,
        "destination": "CNSHA",
        "last_position_epoch": 1764944520,
        "last_position_UTC": "2025-12-05T14:22:00Z"
      },
      {
        "lat": 31.252317,
        "lon": 121.96879,
        "speed": 9.8,
        "course": 279,
        "heading": 280,
        "destination": "CNSHA",
        "last_position_epoch": 1764943568,
        "last_position_UTC": "2025-12-05T14:06:08Z"
      },
      {
        "lat": 31.216234,
        "lon": 122.11874,
        "speed": 10.6,
        "course": 306,
        "heading": 310,
        "destination": "CNSHA",
        "last_position_epoch": 1764940920,
        "last_position_UTC": "2025-12-05T13:22:00Z"
      },
      {
        "lat": 31.1633,
        "lon": 122.20509,
        "speed": 9.6,
        "course": 303,
        "heading": 303,
        "destination": "CNSHA",
        "last_position_epoch": 1764939120,
        "last_position_UTC": "2025-12-05T12:52:00Z"
      },
      {
        "lat": 31.115816,
        "lon": 122.28323,
        "speed": 10.3,
        "course": 306,
        "heading": 313,
        "destination": "CNSHA",
        "last_position_epoch": 1764937440,
        "last_position_UTC": "2025-12-05T12:24:00Z"
      },
      {
        "lat": 31.105618,
        "lon": 122.38963,
        "speed": 11.5,
        "course": 252,
        "heading": 252,
        "destination": "CNSHA",
        "last_position_epoch": 1764935640,
        "last_position_UTC": "2025-12-05T11:54:00Z"
      },
      {
        "lat": 31.144449,
        "lon": 122.50912,
        "speed": 8.8,
        "course": 201,
        "heading": 200,
        "destination": "CNSHA",
        "last_position_epoch": 1764933780,
        "last_position_UTC": "2025-12-05T11:23:00Z"
      },
      {
        "lat": 31.161083,
        "lon": 122.51573,
        "speed": 8.6,
        "course": 193,
        "heading": 190,
        "destination": "CNSHA",
        "last_position_epoch": 1764932220,
        "last_position_UTC": "2025-12-05T10:57:00Z"
      },
      {
        "lat": 31.21175,
        "lon": 122.5302,
        "speed": 7,
        "course": 177,
        "heading": 182,
        "destination": "CNSHA",
        "last_position_epoch": 1764930540,
        "last_position_UTC": "2025-12-05T10:29:00Z"
      },
      {
        "lat": 31.308584,
        "lon": 122.53125,
        "speed": 8.3,
        "course": 183,
        "heading": 185,
        "destination": "CNSHA",
        "last_position_epoch": 1764928200,
        "last_position_UTC": "2025-12-05T09:50:00Z"
      },
      {
        "lat": 31.378099,
        "lon": 122.53331,
        "speed": 8.1,
        "course": 180,
        "heading": 185,
        "destination": "CNSHA",
        "last_position_epoch": 1764926520,
        "last_position_UTC": "2025-12-05T09:22:00Z"
      },
      {
        "lat": 31.513567,
        "lon": 122.53652,
        "speed": 8.3,
        "course": 178,
        "heading": 189,
        "destination": "CNSHA",
        "last_position_epoch": 1764922980,
        "last_position_UTC": "2025-12-05T08:23:00Z"
      },
      {
        "lat": 31.581766,
        "lon": 122.53352,
        "speed": 7.1,
        "course": 166,
        "heading": 181,
        "destination": "CNSHA",
        "last_position_epoch": 1764921180,
        "last_position_UTC": "2025-12-05T07:53:00Z"
      },
      {
        "lat": 31.6695,
        "lon": 122.54467,
        "speed": 8.3,
        "course": 181,
        "heading": 191,
        "destination": "CNSHA",
        "last_position_epoch": 1764919380,
        "last_position_UTC": "2025-12-05T07:23:00Z"
      },
      {
        "lat": 31.722282,
        "lon": 122.54532,
        "speed": 8.5,
        "course": 179,
        "heading": null,
        "destination": "CNSHA",
        "last_position_epoch": 1764917640,
        "last_position_UTC": "2025-12-05T06:54:00Z"
      },
      {
        "lat": 34.348667,
        "lon": 122.32999,
        "speed": 10.3,
        "course": 142,
        "heading": null,
        "destination": "CNSHA",
        "last_position_epoch": 1764857940,
        "last_position_UTC": "2025-12-04T14:19:00Z"
      },
      {
        "lat": 34.428749,
        "lon": 122.25536,
        "speed": 10.6,
        "course": 141,
        "heading": 140,
        "destination": "CNSHA",
        "last_position_epoch": 1764856140,
        "last_position_UTC": "2025-12-04T13:49:00Z"
      },
      {
        "lat": 34.991749,
        "lon": 121.665,
        "speed": 12.5,
        "course": 123,
        "heading": null,
        "destination": "CNSHA",
        "last_position_epoch": 1764841740,
        "last_position_UTC": "2025-12-04T09:49:00Z"
      },
      {
        "lat": 35.14975,
        "lon": 121.48882,
        "speed": 12.6,
        "course": 139,
        "heading": null,
        "destination": "CNSHA",
        "last_position_epoch": 1764838200,
        "last_position_UTC": "2025-12-04T08:50:00Z"
      },
      {
        "lat": 35.215149,
        "lon": 121.41613,
        "speed": 12.5,
        "course": 136,
        "heading": null,
        "destination": "CNSHA",
        "last_position_epoch": 1764836520,
        "last_position_UTC": "2025-12-04T08:22:00Z"
      },
      {
        "lat": 35.539299,
        "lon": 121.04202,
        "speed": 11.6,
        "course": 131,
        "heading": 130,
        "destination": "CNSHA",
        "last_position_epoch": 1764829320,
        "last_position_UTC": "2025-12-04T06:22:00Z"
      },
      {
        "lat": 35.607349,
        "lon": 120.94825,
        "speed": 11.6,
        "course": 139,
        "heading": 137,
        "destination": "CNSHA",
        "last_position_epoch": 1764827520,
        "last_position_UTC": "2025-12-04T05:52:00Z"
      },
      {
        "lat": 35.701618,
        "lon": 120.89491,
        "speed": 13.3,
        "course": 160,
        "heading": 159,
        "destination": "CNSHA",
        "last_position_epoch": 1764825780,
        "last_position_UTC": "2025-12-04T05:23:00Z"
      },
      {
        "lat": 35.752815,
        "lon": 120.86829,
        "speed": 13.1,
        "course": 157,
        "heading": 156,
        "destination": "CNSHA",
        "last_position_epoch": 1764824040,
        "last_position_UTC": "2025-12-04T04:54:00Z"
      },
      {
        "lat": 35.849068,
        "lon": 120.82859,
        "speed": 13.5,
        "course": 144,
        "heading": 145,
        "destination": "CNSHA",
        "last_position_epoch": 1764822120,
        "last_position_UTC": "2025-12-04T04:22:00Z"
      },
      {
        "lat": 35.9356,
        "lon": 120.73893,
        "speed": 11.6,
        "course": 113,
        "heading": 115,
        "destination": "CNSHA",
        "last_position_epoch": 1764820440,
        "last_position_UTC": "2025-12-04T03:54:00Z"
      },
      {
        "lat": 35.964298,
        "lon": 120.59853,
        "speed": 14.1,
        "course": 103,
        "heading": 106,
        "destination": "CNSHA",
        "last_position_epoch": 1764818580,
        "last_position_UTC": "2025-12-04T03:23:00Z"
      },
      {
        "lat": 35.990215,
        "lon": 120.46976,
        "speed": 14.1,
        "course": 105,
        "heading": 108,
        "destination": "CNSHA",
        "last_position_epoch": 1764817020,
        "last_position_UTC": "2025-12-04T02:57:00Z"
      },
      {
        "lat": 36.017616,
        "lon": 120.34936,
        "speed": 8.3,
        "course": 102,
        "heading": 105,
        "destination": "CNSHA",
        "last_position_epoch": 1764815280,
        "last_position_UTC": "2025-12-04T02:28:00Z"
      },
      {
        "lat": 36.030968,
        "lon": 120.25121,
        "speed": 11.1,
        "course": 53,
        "heading": 58,
        "destination": "CNSHA",
        "last_position_epoch": 1764813300,
        "last_position_UTC": "2025-12-04T01:55:00Z"
      },
      {
        "lat": 36.016468,
        "lon": 120.23776,
        "speed": 0,
        "course": 131,
        "heading": 233,
        "destination": "CNTAO",
        "last_position_epoch": 1764811500,
        "last_position_UTC": "2025-12-04T01:25:00Z"
      },
      {
        "lat": 36.016365,
        "lon": 120.23771,
        "speed": 0.1,
        "course": 0,
        "heading": 233,
        "destination": "CNTAO",
        "last_position_epoch": 1764809615,
        "last_position_UTC": "2025-12-04T00:53:35Z"
      },
      {
        "lat": 36.016483,
        "lon": 120.23772,
        "speed": 0.1,
        "course": 170,
        "heading": 233,
        "destination": "CNTAO",
        "last_position_epoch": 1764807780,
        "last_position_UTC": "2025-12-04T00:23:00Z"
      },
      {
        "lat": 36.016399,
        "lon": 120.23779,
        "speed": 0.1,
        "course": 156,
        "heading": 233,
        "destination": "CNTAO",
        "last_position_epoch": 1764805980,
        "last_position_UTC": "2025-12-03T23:53:00Z"
      },
      {
        "lat": 36.016418,
        "lon": 120.23776,
        "speed": 0.2,
        "course": 162,
        "heading": 233,
        "destination": "CNTAO",
        "last_position_epoch": 1764804180,
        "last_position_UTC": "2025-12-03T23:23:00Z"
      },
      {
        "lat": 36.016434,
        "lon": 120.23776,
        "speed": 0.1,
        "course": 150,
        "heading": 233,
        "destination": "CNTAO",
        "last_position_epoch": 1764802500,
        "last_position_UTC": "2025-12-03T22:55:00Z"
      },
      {
        "lat": 36.016449,
        "lon": 120.23772,
        "speed": 0.1,
        "course": 186,
        "heading": 233,
        "destination": "CNTAO",
        "last_position_epoch": 1764800520,
        "last_position_UTC": "2025-12-03T22:22:00Z"
      },
      {
        "lat": 36.016418,
        "lon": 120.2378,
        "speed": 0.2,
        "course": 257,
        "heading": 233,
        "destination": "CNTAO",
        "last_position_epoch": 1764796680,
        "last_position_UTC": "2025-12-03T21:18:00Z"
      },
      {
        "lat": 36.016418,
        "lon": 120.23773,
        "speed": 0.1,
        "course": 182,
        "heading": 233,
        "destination": "CNTAO",
        "last_position_epoch": 1764787740,
        "last_position_UTC": "2025-12-03T18:49:00Z"
      },
      {
        "lat": 36.016384,
        "lon": 120.23776,
        "speed": 0,
        "course": 263,
        "heading": 233,
        "destination": "CNTAO",
        "last_position_epoch": 1764785880,
        "last_position_UTC": "2025-12-03T18:18:00Z"
      },
      {
        "lat": 36.016483,
        "lon": 120.23788,
        "speed": 0.1,
        "course": 348,
        "heading": 233,
        "destination": "CNTAO",
        "last_position_epoch": 1764782220,
        "last_position_UTC": "2025-12-03T17:17:00Z"
      },
      {
        "lat": 36.016548,
        "lon": 120.23775,
        "speed": 0.1,
        "course": 167,
        "heading": 233,
        "destination": "CNTAO",
        "last_position_epoch": 1764778680,
        "last_position_UTC": "2025-12-03T16:18:00Z"
      },
      {
        "lat": 36.016384,
        "lon": 120.23776,
        "speed": 0,
        "course": 109,
        "heading": 233,
        "destination": "CNTAO",
        "last_position_epoch": 1764777000,
        "last_position_UTC": "2025-12-03T15:50:00Z"
      },
      {
        "lat": 36.016384,
        "lon": 120.23772,
        "speed": 0,
        "course": 49,
        "heading": 233,
        "destination": "CNTAO",
        "last_position_epoch": 1764775080,
        "last_position_UTC": "2025-12-03T15:18:00Z"
      },
      {
        "lat": 36.016418,
        "lon": 120.23775,
        "speed": 0,
        "course": 141,
        "heading": 233,
        "destination": "CNTAO",
        "last_position_epoch": 1764771600,
        "last_position_UTC": "2025-12-03T14:20:00Z"
      },
      {
        "lat": 36.016418,
        "lon": 120.23771,
        "speed": 0.1,
        "course": 216,
        "heading": 233,
        "destination": "CNTAO",
        "last_position_epoch": 1764769740,
        "last_position_UTC": "2025-12-03T13:49:00Z"
      },
      {
        "lat": 36.016434,
        "lon": 120.23775,
        "speed": 0.1,
        "course": 142,
        "heading": 233,
        "destination": "CNTAO",
        "last_position_epoch": 1764768000,
        "last_position_UTC": "2025-12-03T13:20:00Z"
      },
      {
        "lat": 36.016384,
        "lon": 120.23773,
        "speed": 0.1,
        "course": 121,
        "heading": 233,
        "destination": "CNTAO",
        "last_position_epoch": 1764766440,
        "last_position_UTC": "2025-12-03T12:54:00Z"
      },
      {
        "lat": 36.016468,
        "lon": 120.23775,
        "speed": 0.1,
        "course": 159,
        "heading": 233,
        "destination": "CNTAO",
        "last_position_epoch": 1764764520,
        "last_position_UTC": "2025-12-03T12:22:00Z"
      },
      {
        "lat": 36.016384,
        "lon": 120.23776,
        "speed": 0.1,
        "course": 173,
        "heading": 233,
        "destination": "CNTAO",
        "last_position_epoch": 1764762720,
        "last_position_UTC": "2025-12-03T11:52:00Z"
      },
      {
        "lat": 36.016384,
        "lon": 120.23773,
        "speed": 0,
        "course": 191,
        "heading": 233,
        "destination": "CNTAO",
        "last_position_epoch": 1764761100,
        "last_position_UTC": "2025-12-03T11:25:00Z"
      },
      {
        "lat": 36.016418,
        "lon": 120.23775,
        "speed": 0,
        "course": 231,
        "heading": 233,
        "destination": "CNTAO",
        "last_position_epoch": 1764759300,
        "last_position_UTC": "2025-12-03T10:55:00Z"
      },
      {
        "lat": 36.016418,
        "lon": 120.23763,
        "speed": 0,
        "course": 235,
        "heading": 233,
        "destination": "CNTAO",
        "last_position_epoch": 1764757320,
        "last_position_UTC": "2025-12-03T10:22:00Z"
      },
      {
        "lat": 36.01635,
        "lon": 120.23782,
        "speed": 0.1,
        "course": 194,
        "heading": 233,
        "destination": "CNTAO",
        "last_position_epoch": 1764755400,
        "last_position_UTC": "2025-12-03T09:50:00Z"
      },
      {
        "lat": 36.016735,
        "lon": 120.23734,
        "speed": 0.6,
        "course": 146,
        "heading": 232,
        "destination": "CNTAO",
        "last_position_epoch": 1764753720,
        "last_position_UTC": "2025-12-03T09:22:00Z"
      },
      {
        "lat": 36.026066,
        "lon": 120.24305,
        "speed": 5.5,
        "course": 226,
        "heading": 228,
        "destination": "CNTAO",
        "last_position_epoch": 1764752040,
        "last_position_UTC": "2025-12-03T08:54:00Z"
      },
      {
        "lat": 36.026466,
        "lon": 120.33186,
        "speed": 6.8,
        "course": 278,
        "heading": 286,
        "destination": "CNTAO",
        "last_position_epoch": 1764750300,
        "last_position_UTC": "2025-12-03T08:25:00Z"
      },
      {
        "lat": 36.025269,
        "lon": 120.35827,
        "speed": 3.9,
        "course": 293,
        "heading": 300,
        "destination": "CNTAO",
        "last_position_epoch": 1764748500,
        "last_position_UTC": "2025-12-03T07:55:00Z"
      },
      {
        "lat": 36.011017,
        "lon": 120.42686,
        "speed": 6.4,
        "course": 279,
        "heading": 290,
        "destination": "CNTAO",
        "last_position_epoch": 1764746580,
        "last_position_UTC": "2025-12-03T07:23:00Z"
      },
      {
        "lat": 36.000717,
        "lon": 120.4986,
        "speed": 6.4,
        "course": 279,
        "heading": 289,
        "destination": "CNTAO",
        "last_position_epoch": 1764744720,
        "last_position_UTC": "2025-12-03T06:52:00Z"
      },
      {
        "lat": 35.985352,
        "lon": 120.56852,
        "speed": 6.1,
        "course": 285,
        "heading": 300,
        "destination": "CNTAO",
        "last_position_epoch": 1764742740,
        "last_position_UTC": "2025-12-03T06:19:00Z"
      },
      {
        "lat": 35.977116,
        "lon": 120.60172,
        "speed": 5.6,
        "course": 286,
        "heading": 300,
        "destination": "CNTAO",
        "last_position_epoch": 1764741480,
        "last_position_UTC": "2025-12-03T05:58:00Z"
      },
      {
        "lat": 35.965816,
        "lon": 120.66827,
        "speed": 8.8,
        "course": 281,
        "heading": 289,
        "destination": "CNTAO",
        "last_position_epoch": 1764739779,
        "last_position_UTC": "2025-12-03T05:29:39Z"
      },
      {
        "lat": 35.954334,
        "lon": 120.78845,
        "speed": 9,
        "course": 267,
        "heading": 271,
        "destination": "CNTAO",
        "last_position_epoch": 1764737520,
        "last_position_UTC": "2025-12-03T04:52:00Z"
      },
      {
        "lat": 35.961151,
        "lon": 120.89615,
        "speed": 9,
        "course": 267,
        "heading": 270,
        "destination": "CNTAO",
        "last_position_epoch": 1764735840,
        "last_position_UTC": "2025-12-03T04:24:00Z"
      },
      {
        "lat": 35.955933,
        "lon": 120.94193,
        "speed": 6.3,
        "course": 286,
        "heading": 291,
        "destination": "CNTAO",
        "last_position_epoch": 1764733980,
        "last_position_UTC": "2025-12-03T03:53:00Z"
      },
      {
        "lat": 35.93935,
        "lon": 121.00613,
        "speed": 6.3,
        "course": 286,
        "heading": 291,
        "destination": "CNTAO",
        "last_position_epoch": 1764732180,
        "last_position_UTC": "2025-12-03T03:23:00Z"
      },
      {
        "lat": 35.914383,
        "lon": 121.08648,
        "speed": 10.1,
        "course": 305,
        "heading": 304,
        "destination": "CNTAO",
        "last_position_epoch": 1764730440,
        "last_position_UTC": "2025-12-03T02:54:00Z"
      },
      {
        "lat": 35.820133,
        "lon": 121.10608,
        "speed": 11.3,
        "course": 17,
        "heading": 14,
        "destination": "CNTAO",
        "last_position_epoch": 1764728700,
        "last_position_UTC": "2025-12-03T02:25:00Z"
      },
      {
        "lat": 35.742317,
        "lon": 121.0575,
        "speed": 5.6,
        "course": 18,
        "heading": 10,
        "destination": "CNTAO",
        "last_position_epoch": 1764726840,
        "last_position_UTC": "2025-12-03T01:54:00Z"
      },
      {
        "lat": 35.73745,
        "lon": 121.0582,
        "speed": 0.6,
        "course": 320,
        "heading": 308,
        "destination": "CNTAO",
        "last_position_epoch": 1764725100,
        "last_position_UTC": "2025-12-03T01:25:00Z"
      },
      {
        "lat": 35.737133,
        "lon": 121.05869,
        "speed": 0.2,
        "course": 163,
        "heading": 299,
        "destination": "CNTAO",
        "last_position_epoch": 1764723120,
        "last_position_UTC": "2025-12-03T00:52:00Z"
      },
      {
        "lat": 35.737465,
        "lon": 121.05908,
        "speed": 0.1,
        "course": 103,
        "heading": 296,
        "destination": "CNTAO",
        "last_position_epoch": 1764721260,
        "last_position_UTC": "2025-12-03T00:21:00Z"
      },
      {
        "lat": 35.737282,
        "lon": 121.05894,
        "speed": 0.1,
        "course": 149,
        "heading": 299,
        "destination": "CNTAO",
        "last_position_epoch": 1764719580,
        "last_position_UTC": "2025-12-02T23:53:00Z"
      },
      {
        "lat": 35.736984,
        "lon": 121.05856,
        "speed": 0.3,
        "course": 253,
        "heading": 305,
        "destination": "CNTAO",
        "last_position_epoch": 1764717900,
        "last_position_UTC": "2025-12-02T23:25:00Z"
      },
      {
        "lat": 35.736618,
        "lon": 121.05803,
        "speed": 0.3,
        "course": 125,
        "heading": 316,
        "destination": "CNTAO",
        "last_position_epoch": 1764715920,
        "last_position_UTC": "2025-12-02T22:52:00Z"
      },
      {
        "lat": 35.736618,
        "lon": 121.05833,
        "speed": 0.1,
        "course": 195,
        "heading": 318,
        "destination": "CNTAO",
        "last_position_epoch": 1764714060,
        "last_position_UTC": "2025-12-02T22:21:00Z"
      },
      {
        "lat": 35.736752,
        "lon": 121.05828,
        "speed": 0.3,
        "course": 220,
        "heading": 311,
        "destination": "CNTAO",
        "last_position_epoch": 1764712440,
        "last_position_UTC": "2025-12-02T21:54:00Z"
      },
      {
        "lat": 35.736568,
        "lon": 121.05773,
        "speed": 0.6,
        "course": 49,
        "heading": 339,
        "destination": "CNTAO",
        "last_position_epoch": 1764710640,
        "last_position_UTC": "2025-12-02T21:24:00Z"
      },
      {
        "lat": 35.736183,
        "lon": 121.05666,
        "speed": 0.2,
        "course": 226,
        "heading": 336,
        "destination": "CNTAO",
        "last_position_epoch": 1764708720,
        "last_position_UTC": "2025-12-02T20:52:00Z"
      },
      {
        "lat": 35.736568,
        "lon": 121.05757,
        "speed": 0.5,
        "course": 62,
        "heading": 341,
        "destination": "CNTAO",
        "last_position_epoch": 1764707040,
        "last_position_UTC": "2025-12-02T20:24:00Z"
      },
      {
        "lat": 35.736252,
        "lon": 121.05707,
        "speed": 0.4,
        "course": 267,
        "heading": 331,
        "destination": "CNTAO",
        "last_position_epoch": 1764705060,
        "last_position_UTC": "2025-12-02T19:51:00Z"
      },
      {
        "lat": 35.736015,
        "lon": 121.05627,
        "speed": 0.3,
        "course": 154,
        "heading": 355,
        "destination": "CNTAO",
        "last_position_epoch": 1764703380,
        "last_position_UTC": "2025-12-02T19:23:00Z"
      },
      {
        "lat": 35.736149,
        "lon": 121.05691,
        "speed": 0.2,
        "course": 131,
        "heading": 345,
        "destination": "CNTAO",
        "last_position_epoch": 1764701580,
        "last_position_UTC": "2025-12-02T18:53:00Z"
      },
      {
        "lat": 35.736099,
        "lon": 121.05605,
        "speed": 0.8,
        "course": 285,
        "heading": 343,
        "destination": "CNTAO",
        "last_position_epoch": 1764699720,
        "last_position_UTC": "2025-12-02T18:22:00Z"
      },
      {
        "lat": 35.736198,
        "lon": 121.05652,
        "speed": 0,
        "course": 322,
        "heading": 358,
        "destination": "CNTAO",
        "last_position_epoch": 1764692580,
        "last_position_UTC": "2025-12-02T16:23:00Z"
      },
      {
        "lat": 35.736134,
        "lon": 121.05677,
        "speed": 0.6,
        "course": 263,
        "heading": 340,
        "destination": "CNTAO",
        "last_position_epoch": 1764688980,
        "last_position_UTC": "2025-12-02T15:23:00Z"
      },
      {
        "lat": 35.736118,
        "lon": 121.0568,
        "speed": 0.4,
        "course": 236,
        "heading": 334,
        "destination": "CNTAO",
        "last_position_epoch": 1764683580,
        "last_position_UTC": "2025-12-02T13:53:00Z"
      },
      {
        "lat": 35.736382,
        "lon": 121.05673,
        "speed": 0.6,
        "course": 73,
        "heading": 350,
        "destination": "CNTAO",
        "last_position_epoch": 1764679740,
        "last_position_UTC": "2025-12-02T12:49:00Z"
      },
      {
        "lat": 35.736099,
        "lon": 121.0555,
        "speed": 0.1,
        "course": 203,
        "heading": 348,
        "destination": "CNTAO",
        "last_position_epoch": 1764678060,
        "last_position_UTC": "2025-12-02T12:21:00Z"
      },
      {
        "lat": 35.736267,
        "lon": 121.05637,
        "speed": 0,
        "course": 321,
        "heading": 340,
        "destination": "CNTAO",
        "last_position_epoch": 1764672660,
        "last_position_UTC": "2025-12-02T10:51:00Z"
      },
      {
        "lat": 35.736084,
        "lon": 121.05547,
        "speed": 0.1,
        "course": 287,
        "heading": 350,
        "destination": "CNTAO",
        "last_position_epoch": 1764671040,
        "last_position_UTC": "2025-12-02T10:24:00Z"
      },
      {
        "lat": 35.736332,
        "lon": 121.05424,
        "speed": 0.5,
        "course": 106,
        "heading": 31,
        "destination": "CNTAO",
        "last_position_epoch": 1764661800,
        "last_position_UTC": "2025-12-02T07:50:00Z"
      },
      {
        "lat": 35.736435,
        "lon": 121.05381,
        "speed": 0.3,
        "course": 289,
        "heading": 26,
        "destination": "CNTAO",
        "last_position_epoch": 1764660120,
        "last_position_UTC": "2025-12-02T07:22:00Z"
      },
      {
        "lat": 35.736168,
        "lon": 121.05441,
        "speed": 0.2,
        "course": 205,
        "heading": 22,
        "destination": "CNTAO",
        "last_position_epoch": 1764658380,
        "last_position_UTC": "2025-12-02T06:53:00Z"
      },
      {
        "lat": 35.736816,
        "lon": 121.05292,
        "speed": 0.4,
        "course": 212,
        "heading": 44,
        "destination": "CNTAO",
        "last_position_epoch": 1764656460,
        "last_position_UTC": "2025-12-02T06:21:00Z"
      },
      {
        "lat": 35.736717,
        "lon": 121.05336,
        "speed": 1,
        "course": 115,
        "heading": 50,
        "destination": "CNTAO",
        "last_position_epoch": 1764654900,
        "last_position_UTC": "2025-12-02T05:55:00Z"
      },
      {
        "lat": 35.736301,
        "lon": 121.05389,
        "speed": 0.2,
        "course": 296,
        "heading": 24,
        "destination": "CNTAO",
        "last_position_epoch": 1764652980,
        "last_position_UTC": "2025-12-02T05:23:00Z"
      },
      {
        "lat": 35.736618,
        "lon": 121.05332,
        "speed": 0.4,
        "course": 300,
        "heading": 30,
        "destination": "CNTAO",
        "last_position_epoch": 1764651180,
        "last_position_UTC": "2025-12-02T04:53:00Z"
      },
      {
        "lat": 35.736717,
        "lon": 121.05323,
        "speed": 0.4,
        "course": 106,
        "heading": 47,
        "destination": "CNTAO",
        "last_position_epoch": 1764649260,
        "last_position_UTC": "2025-12-02T04:21:00Z"
      },
      {
        "lat": 35.736599,
        "lon": 121.05331,
        "speed": 0.1,
        "course": 285,
        "heading": 37,
        "destination": "CNTAO",
        "last_position_epoch": 1764647580,
        "last_position_UTC": "2025-12-02T03:53:00Z"
      },
      {
        "lat": 35.736282,
        "lon": 121.05389,
        "speed": 0.2,
        "course": 223,
        "heading": 30,
        "destination": "CNTAO",
        "last_position_epoch": 1764645780,
        "last_position_UTC": "2025-12-02T03:23:00Z"
      },
      {
        "lat": 35.736217,
        "lon": 121.05411,
        "speed": 0.3,
        "course": 309,
        "heading": 20,
        "destination": "CNTAO",
        "last_position_epoch": 1764643800,
        "last_position_UTC": "2025-12-02T02:50:00Z"
      },
      {
        "lat": 35.736401,
        "lon": 121.054,
        "speed": 0.2,
        "course": 174,
        "heading": 37,
        "destination": "CNTAO",
        "last_position_epoch": 1764642240,
        "last_position_UTC": "2025-12-02T02:24:00Z"
      },
      {
        "lat": 35.736534,
        "lon": 121.05352,
        "speed": 0.3,
        "course": 69,
        "heading": 42,
        "destination": "CNTAO",
        "last_position_epoch": 1764640380,
        "last_position_UTC": "2025-12-02T01:53:00Z"
      },
      {
        "lat": 35.736366,
        "lon": 121.05437,
        "speed": 0.6,
        "course": 91,
        "heading": 34,
        "destination": "CNTAO",
        "last_position_epoch": 1764638400,
        "last_position_UTC": "2025-12-02T01:20:00Z"
      },
      {
        "lat": 35.736282,
        "lon": 121.05425,
        "speed": 0.2,
        "course": 117,
        "heading": 23,
        "destination": "CNTAO",
        "last_position_epoch": 1764636780,
        "last_position_UTC": "2025-12-02T00:53:00Z"
      },
      {
        "lat": 35.736149,
        "lon": 121.05466,
        "speed": 0.2,
        "course": 95,
        "heading": 13,
        "destination": "CNTAO",
        "last_position_epoch": 1764634740,
        "last_position_UTC": "2025-12-02T00:19:00Z"
      },
      {
        "lat": 35.736233,
        "lon": 121.05472,
        "speed": 0.2,
        "course": 126,
        "heading": 2,
        "destination": "CNTAO",
        "last_position_epoch": 1764631380,
        "last_position_UTC": "2025-12-01T23:23:00Z"
      },
      {
        "lat": 35.736099,
        "lon": 121.05539,
        "speed": 0.2,
        "course": 148,
        "heading": 352,
        "destination": "CNTAO",
        "last_position_epoch": 1764629520,
        "last_position_UTC": "2025-12-01T22:52:00Z"
      },
      {
        "lat": 35.736317,
        "lon": 121.05592,
        "speed": 0.2,
        "course": 196,
        "heading": 340,
        "destination": "CNTAO",
        "last_position_epoch": 1764627660,
        "last_position_UTC": "2025-12-01T22:21:00Z"
      },
      {
        "lat": 35.736851,
        "lon": 121.05672,
        "speed": 0.1,
        "course": 59,
        "heading": 329,
        "destination": "CNTAO",
        "last_position_epoch": 1764625980,
        "last_position_UTC": "2025-12-01T21:53:00Z"
      },
      {
        "lat": 35.736301,
        "lon": 121.05477,
        "speed": 0.1,
        "course": 5,
        "heading": 6,
        "destination": "CNTAO",
        "last_position_epoch": 1764622260,
        "last_position_UTC": "2025-12-01T20:51:00Z"
      },
      {
        "lat": 35.736649,
        "lon": 121.05376,
        "speed": 0.1,
        "course": 265,
        "heading": 25,
        "destination": "CNTAO",
        "last_position_epoch": 1764615000,
        "last_position_UTC": "2025-12-01T18:50:00Z"
      },
      {
        "lat": 35.736752,
        "lon": 121.05352,
        "speed": 0.1,
        "course": 8,
        "heading": 32,
        "destination": "CNTAO",
        "last_position_epoch": 1764613200,
        "last_position_UTC": "2025-12-01T18:20:00Z"
      },
      {
        "lat": 35.73735,
        "lon": 121.0528,
        "speed": 0.2,
        "course": 327,
        "heading": 52,
        "destination": "CNTAO",
        "last_position_epoch": 1764611580,
        "last_position_UTC": "2025-12-01T17:53:00Z"
      },
      {
        "lat": 35.738018,
        "lon": 121.05248,
        "speed": 0.1,
        "course": 79,
        "heading": 74,
        "destination": "CNTAO",
        "last_position_epoch": 1764602580,
        "last_position_UTC": "2025-12-01T15:23:00Z"
      },
      {
        "lat": 35.738785,
        "lon": 121.05245,
        "speed": 0.1,
        "course": 66,
        "heading": 92,
        "destination": "CNTAO",
        "last_position_epoch": 1764595380,
        "last_position_UTC": "2025-12-01T13:23:00Z"
      },
      {
        "lat": 35.7384,
        "lon": 121.05233,
        "speed": 0.1,
        "course": 353,
        "heading": 86,
        "destination": "CNTAO",
        "last_position_epoch": 1764593640,
        "last_position_UTC": "2025-12-01T12:54:00Z"
      },
      {
        "lat": 35.736752,
        "lon": 121.0542,
        "speed": 0.2,
        "course": 263,
        "heading": 11,
        "destination": "CNTAO",
        "last_position_epoch": 1764591780,
        "last_position_UTC": "2025-12-01T12:23:00Z"
      },
      {
        "lat": 35.736534,
        "lon": 121.0554,
        "speed": 0.2,
        "course": 231,
        "heading": 344,
        "destination": "CNTAO",
        "last_position_epoch": 1764590040,
        "last_position_UTC": "2025-12-01T11:54:00Z"
      },
      {
        "lat": 35.736832,
        "lon": 121.05607,
        "speed": 0,
        "course": 109,
        "heading": 334,
        "destination": "CNTAO",
        "last_position_epoch": 1764588120,
        "last_position_UTC": "2025-12-01T11:22:00Z"
      },
      {
        "lat": 35.7369,
        "lon": 121.05614,
        "speed": 0,
        "course": 204,
        "heading": 335,
        "destination": "CNTAO",
        "last_position_epoch": 1764586260,
        "last_position_UTC": "2025-12-01T10:51:00Z"
      },
      {
        "lat": 35.736633,
        "lon": 121.05592,
        "speed": 0,
        "course": 170,
        "heading": 341,
        "destination": "CNTAO",
        "last_position_epoch": 1764584520,
        "last_position_UTC": "2025-12-01T10:22:00Z"
      },
      {
        "lat": 35.736618,
        "lon": 121.05572,
        "speed": 0,
        "course": 294,
        "heading": 342,
        "destination": "CNTAO",
        "last_position_epoch": 1764582720,
        "last_position_UTC": "2025-12-01T09:52:00Z"
      },
      {
        "lat": 35.736633,
        "lon": 121.05536,
        "speed": 0.1,
        "course": 92,
        "heading": 351,
        "destination": "CNTAO",
        "last_position_epoch": 1764580860,
        "last_position_UTC": "2025-12-01T09:21:00Z"
      },
      {
        "lat": 35.736534,
        "lon": 121.05399,
        "speed": 0.1,
        "course": 58,
        "heading": 19,
        "destination": "CNTAO",
        "last_position_epoch": 1764579300,
        "last_position_UTC": "2025-12-01T08:55:00Z"
      },
      {
        "lat": 35.73695,
        "lon": 121.05354,
        "speed": 0,
        "course": 40,
        "heading": 31,
        "destination": "CNTAO",
        "last_position_epoch": 1764577380,
        "last_position_UTC": "2025-12-01T08:23:00Z"
      },
      {
        "lat": 35.736752,
        "lon": 121.05359,
        "speed": 0,
        "course": 244,
        "heading": 29,
        "destination": "CNTAO",
        "last_position_epoch": 1764575460,
        "last_position_UTC": "2025-12-01T07:51:00Z"
      },
      {
        "lat": 35.737,
        "lon": 121.05318,
        "speed": 0.2,
        "course": 324,
        "heading": 41,
        "destination": "CNTAO",
        "last_position_epoch": 1764573840,
        "last_position_UTC": "2025-12-01T07:24:00Z"
      },
      {
        "lat": 35.736816,
        "lon": 121.05347,
        "speed": 0.2,
        "course": 136,
        "heading": 41,
        "destination": "CNTAO",
        "last_position_epoch": 1764571860,
        "last_position_UTC": "2025-12-01T06:51:00Z"
      },
      {
        "lat": 35.7369,
        "lon": 121.05327,
        "speed": 0.1,
        "course": 191,
        "heading": 41,
        "destination": "CNTAO",
        "last_position_epoch": 1764570240,
        "last_position_UTC": "2025-12-01T06:24:00Z"
      },
      {
        "lat": 35.737,
        "lon": 121.05322,
        "speed": 0.2,
        "course": 146,
        "heading": 52,
        "destination": "CNTAO",
        "last_position_epoch": 1764568320,
        "last_position_UTC": "2025-12-01T05:52:00Z"
      },
      {
        "lat": 35.737133,
        "lon": 121.05304,
        "speed": 0.2,
        "course": 311,
        "heading": 45,
        "destination": "CNTAO",
        "last_position_epoch": 1764566580,
        "last_position_UTC": "2025-12-01T05:23:00Z"
      },
      {
        "lat": 35.736767,
        "lon": 121.05327,
        "speed": 0.1,
        "course": 243,
        "heading": 41,
        "destination": "CNTAO",
        "last_position_epoch": 1764564840,
        "last_position_UTC": "2025-12-01T04:54:00Z"
      },
      {
        "lat": 35.736935,
        "lon": 121.05308,
        "speed": 0.1,
        "course": 281,
        "heading": 43,
        "destination": "CNTAO",
        "last_position_epoch": 1764562920,
        "last_position_UTC": "2025-12-01T04:22:00Z"
      },
      {
        "lat": 35.737232,
        "lon": 121.05288,
        "speed": 0,
        "course": 0,
        "heading": 60,
        "destination": "CNTAO",
        "last_position_epoch": 1764561623,
        "last_position_UTC": "2025-12-01T04:00:23Z"
      },
      {
        "lat": 35.736382,
        "lon": 121.05455,
        "speed": 0.2,
        "course": 280,
        "heading": 3,
        "destination": "CNTAO",
        "last_position_epoch": 1764546780,
        "last_position_UTC": "2025-11-30T23:53:00Z"
      },
      {
        "lat": 35.736366,
        "lon": 121.05456,
        "speed": 0.1,
        "course": 189,
        "heading": 4,
        "destination": "CNTAO",
        "last_position_epoch": 1764542940,
        "last_position_UTC": "2025-11-30T22:49:00Z"
      },
      {
        "lat": 35.736435,
        "lon": 121.05455,
        "speed": 0.1,
        "course": 305,
        "heading": 4,
        "destination": "CNTAO",
        "last_position_epoch": 1764541140,
        "last_position_UTC": "2025-11-30T22:19:00Z"
      },
      {
        "lat": 35.736382,
        "lon": 121.0547,
        "speed": 0.1,
        "course": 183,
        "heading": 1,
        "destination": "CNTAO",
        "last_position_epoch": 1764539520,
        "last_position_UTC": "2025-11-30T21:52:00Z"
      },
      {
        "lat": 35.736267,
        "lon": 121.05479,
        "speed": 0.1,
        "course": 328,
        "heading": 1,
        "destination": "CNTAO",
        "last_position_epoch": 1764537660,
        "last_position_UTC": "2025-11-30T21:21:00Z"
      },
      {
        "lat": 35.736168,
        "lon": 121.05464,
        "speed": 0,
        "course": 119,
        "heading": 8,
        "destination": "CNTAO",
        "last_position_epoch": 1764533940,
        "last_position_UTC": "2025-11-30T20:19:00Z"
      },
      {
        "lat": 35.736301,
        "lon": 121.05459,
        "speed": 0.4,
        "course": 100,
        "heading": 24,
        "destination": "CNTAO",
        "last_position_epoch": 1764530580,
        "last_position_UTC": "2025-11-30T19:23:00Z"
      },
      {
        "lat": 35.73605,
        "lon": 121.055,
        "speed": 0.1,
        "course": 136,
        "heading": 15,
        "destination": "CNTAO",
        "last_position_epoch": 1764519600,
        "last_position_UTC": "2025-11-30T16:20:00Z"
      },
      {
        "lat": 35.736099,
        "lon": 121.05607,
        "speed": 0.2,
        "course": 174,
        "heading": 3,
        "destination": "CNTAO",
        "last_position_epoch": 1764510600,
        "last_position_UTC": "2025-11-30T13:50:00Z"
      },
      {
        "lat": 35.736916,
        "lon": 121.05727,
        "speed": 0.6,
        "course": 260,
        "heading": 325,
        "destination": "CNTAO",
        "last_position_epoch": 1764503280,
        "last_position_UTC": "2025-11-30T11:48:00Z"
      },
      {
        "lat": 35.737534,
        "lon": 121.05732,
        "speed": 0.6,
        "course": 255,
        "heading": 322,
        "destination": "CNTAO",
        "last_position_epoch": 1764497940,
        "last_position_UTC": "2025-11-30T10:19:00Z"
      },
      {
        "lat": 35.740982,
        "lon": 121.05853,
        "speed": 0.6,
        "course": 106,
        "heading": 236,
        "destination": "CNTAO",
        "last_position_epoch": 1764494460,
        "last_position_UTC": "2025-11-30T09:21:00Z"
      },
      {
        "lat": 35.745499,
        "lon": 121.07715,
        "speed": 9,
        "course": 254,
        "heading": 255,
        "destination": "CNTAO",
        "last_position_epoch": 1764492660,
        "last_position_UTC": "2025-11-30T08:51:00Z"
      },
      {
        "lat": 35.768082,
        "lon": 121.18656,
        "speed": 12.8,
        "course": 257,
        "heading": 256,
        "destination": "CNTAO",
        "last_position_epoch": 1764491160,
        "last_position_UTC": "2025-11-30T08:26:00Z"
      },
      {
        "lat": 35.774117,
        "lon": 121.3672,
        "speed": 12.6,
        "course": 294,
        "heading": 293,
        "destination": "CNTAO",
        "last_position_epoch": 1764489120,
        "last_position_UTC": "2025-11-30T07:52:00Z"
      },
      {
        "lat": 35.725235,
        "lon": 121.43546,
        "speed": 13.1,
        "course": 317,
        "heading": 314,
        "destination": "CNTAO",
        "last_position_epoch": 1764487440,
        "last_position_UTC": "2025-11-30T07:24:00Z"
      },
      {
        "lat": 35.649734,
        "lon": 121.55336,
        "speed": 13,
        "course": 287,
        "heading": 286,
        "destination": "CNTAO",
        "last_position_epoch": 1764485580,
        "last_position_UTC": "2025-11-30T06:53:00Z"
      },
      {
        "lat": 35.612915,
        "lon": 121.67913,
        "speed": 13,
        "course": 292,
        "heading": 291,
        "destination": "CNTAO",
        "last_position_epoch": 1764483780,
        "last_position_UTC": "2025-11-30T06:23:00Z"
      },
      {
        "lat": 35.590984,
        "lon": 121.79768,
        "speed": 13,
        "course": 268,
        "heading": 268,
        "destination": "CNTAO",
        "last_position_epoch": 1764481980,
        "last_position_UTC": "2025-11-30T05:53:00Z"
      },
      {
        "lat": 35.587883,
        "lon": 121.91429,
        "speed": 13,
        "course": 277,
        "heading": 277,
        "destination": "CNTAO",
        "last_position_epoch": 1764480120,
        "last_position_UTC": "2025-11-30T05:22:00Z"
      },
      {
        "lat": 35.553368,
        "lon": 122.06479,
        "speed": 13.1,
        "course": 288,
        "heading": 289,
        "destination": "CNTAO",
        "last_position_epoch": 1764478260,
        "last_position_UTC": "2025-11-30T04:51:00Z"
      },
      {
        "lat": 35.510181,
        "lon": 122.19439,
        "speed": 12.8,
        "course": 290,
        "heading": 291,
        "destination": "CNTAO",
        "last_position_epoch": 1764476460,
        "last_position_UTC": "2025-11-30T04:21:00Z"
      },
      {
        "lat": 35.457417,
        "lon": 122.26865,
        "speed": 13.8,
        "course": 314,
        "heading": 313,
        "destination": "CNTAO",
        "last_position_epoch": 1764474720,
        "last_position_UTC": "2025-11-30T03:52:00Z"
      },
      {
        "lat": 35.390549,
        "lon": 122.39774,
        "speed": 13.6,
        "course": 293,
        "heading": 290,
        "destination": "CNTAO",
        "last_position_epoch": 1764473100,
        "last_position_UTC": "2025-11-30T03:25:00Z"
      },
      {
        "lat": 35.341351,
        "lon": 122.53854,
        "speed": 13.3,
        "course": 291,
        "heading": 290,
        "destination": "CNTAO",
        "last_position_epoch": 1764471180,
        "last_position_UTC": "2025-11-30T02:53:00Z"
      },
      {
        "lat": 35.310684,
        "lon": 122.62741,
        "speed": 13.6,
        "course": 293,
        "heading": 293,
        "destination": "CNTAO",
        "last_position_epoch": 1764469440,
        "last_position_UTC": "2025-11-30T02:24:00Z"
      },
      {
        "lat": 35.232666,
        "lon": 122.74261,
        "speed": 14.3,
        "course": 328,
        "heading": 328,
        "destination": "CNTAO",
        "last_position_epoch": 1764467580,
        "last_position_UTC": "2025-11-30T01:53:00Z"
      },
      {
        "lat": 35.135983,
        "lon": 122.84608,
        "speed": 14.8,
        "course": 320,
        "heading": 319,
        "destination": "CNTAO",
        "last_position_epoch": 1764465840,
        "last_position_UTC": "2025-11-30T01:24:00Z"
      },
      {
        "lat": 35.039452,
        "lon": 122.95219,
        "speed": 14.1,
        "course": 316,
        "heading": 315,
        "destination": "CNTAO",
        "last_position_epoch": 1764463980,
        "last_position_UTC": "2025-11-30T00:53:00Z"
      },
      {
        "lat": 34.969101,
        "lon": 123.07281,
        "speed": 13.8,
        "course": 301,
        "heading": 300,
        "destination": "CNTAO",
        "last_position_epoch": 1764462300,
        "last_position_UTC": "2025-11-30T00:25:00Z"
      },
      {
        "lat": 34.887783,
        "lon": 123.19402,
        "speed": 13.6,
        "course": 308,
        "heading": 309,
        "destination": "CNTAO",
        "last_position_epoch": 1764460440,
        "last_position_UTC": "2025-11-29T23:54:00Z"
      },
      {
        "lat": 34.839748,
        "lon": 123.26935,
        "speed": 13.5,
        "course": 307,
        "heading": 307,
        "destination": "CNTAO",
        "last_position_epoch": 1764458580,
        "last_position_UTC": "2025-11-29T23:23:00Z"
      },
      {
        "lat": 34.772232,
        "lon": 123.38681,
        "speed": 13.3,
        "course": 303,
        "heading": 303,
        "destination": "CNTAO",
        "last_position_epoch": 1764456780,
        "last_position_UTC": "2025-11-29T22:53:00Z"
      },
      {
        "lat": 34.696018,
        "lon": 123.51252,
        "speed": 13.1,
        "course": 311,
        "heading": 312,
        "destination": "CNTAO",
        "last_position_epoch": 1764454860,
        "last_position_UTC": "2025-11-29T22:21:00Z"
      },
      {
        "lat": 34.578518,
        "lon": 123.72788,
        "speed": 13.3,
        "course": 315,
        "heading": 313,
        "destination": "CNTAO",
        "last_position_epoch": 1764451260,
        "last_position_UTC": "2025-11-29T21:21:00Z"
      },
      {
        "lat": 34.527985,
        "lon": 123.81005,
        "speed": 13.3,
        "course": 297,
        "heading": 296,
        "destination": "CNTAO",
        "last_position_epoch": 1764449400,
        "last_position_UTC": "2025-11-29T20:50:00Z"
      },
      {
        "lat": 34.421799,
        "lon": 124.05042,
        "speed": 13.3,
        "course": 300,
        "heading": 303,
        "destination": "CNTAO",
        "last_position_epoch": 1764445860,
        "last_position_UTC": "2025-11-29T19:51:00Z"
      },
      {
        "lat": 34.350349,
        "lon": 124.16595,
        "speed": 13.1,
        "course": 317,
        "heading": 317,
        "destination": "CNTAO",
        "last_position_epoch": 1764444000,
        "last_position_UTC": "2025-11-29T19:20:00Z"
      },
      {
        "lat": 34.285534,
        "lon": 124.29352,
        "speed": 13.5,
        "course": 299,
        "heading": 300,
        "destination": "CNTAO",
        "last_position_epoch": 1764442260,
        "last_position_UTC": "2025-11-29T18:51:00Z"
      },
      {
        "lat": 34.223549,
        "lon": 124.43645,
        "speed": 12.8,
        "course": 297,
        "heading": null,
        "destination": "CNTAO",
        "last_position_epoch": 1764440280,
        "last_position_UTC": "2025-11-29T18:18:00Z"
      },
      {
        "lat": 34.194782,
        "lon": 124.50034,
        "speed": 12.6,
        "course": 320,
        "heading": 321,
        "destination": "CNTAO",
        "last_position_epoch": 1764438720,
        "last_position_UTC": "2025-11-29T17:52:00Z"
      },
      {
        "lat": 34.112335,
        "lon": 124.60032,
        "speed": 12.8,
        "course": 304,
        "heading": 305,
        "destination": "CNTAO",
        "last_position_epoch": 1764436740,
        "last_position_UTC": "2025-11-29T17:19:00Z"
      },
      {
        "lat": 34.039433,
        "lon": 124.70459,
        "speed": 12.3,
        "course": 295,
        "heading": 297,
        "destination": "CNTAO",
        "last_position_epoch": 1764434880,
        "last_position_UTC": "2025-11-29T16:48:00Z"
      },
      {
        "lat": 33.992619,
        "lon": 124.81934,
        "speed": 13,
        "course": 305,
        "heading": 304,
        "destination": "CNTAO",
        "last_position_epoch": 1764433080,
        "last_position_UTC": "2025-11-29T16:18:00Z"
      },
      {
        "lat": 33.939117,
        "lon": 124.94673,
        "speed": 12.8,
        "course": 288,
        "heading": null,
        "destination": "CNTAO",
        "last_position_epoch": 1764431220,
        "last_position_UTC": "2025-11-29T15:47:00Z"
      },
      {
        "lat": 33.917416,
        "lon": 125.02459,
        "speed": 12.3,
        "course": 288,
        "heading": 288,
        "destination": "CNTAO",
        "last_position_epoch": 1764429540,
        "last_position_UTC": "2025-11-29T15:19:00Z"
      }
    ]
  },
  "meta": {
    "duration": 0.02263675,
    "endpoint": "/api/v0/vessel_history",
    "success": true
  }
}