{
  "data": {
    "uuid": "d316dd04-32dd-2a25-1b4e-4bb31b688b14",
    "name": "HMM ALGECIRAS",
    "mmsi": "440326000",
    "imo": "9863297",
    "eni": null,
    "country_iso": "KR",
    "type": "Cargo",
    "type_specific": "Container Ship",
    "positions": [
      {
        "lat": 53.53288,
        "lon": 9.912485,
        "speed": 0,
        "course": 126,
        "heading": 304,
        "destination": "DEHAM",
        "last_position_epoch": 1765030381,
        "last_position_UTC": "2025-12-06T14:13:01Z"
      },
      {
        "lat": 53.532887,
        "lon": 9.9125051,
        "speed": 0,
        "course": 125,
        "heading": 304,
        "destination": "DEHAM",
        "last_position_epoch": 1765028220,
        "last_position_UTC": "2025-12-06T13:37:00Z"
      },
      {
        "lat": 53.53289,
        "lon": 9.9124765,
        "speed": 0,
        "course": 125,
        "heading": 304,
        "destination": "DEHAM",
        "last_position_epoch": 1765021860,
        "last_position_UTC": "2025-12-06T11:51:00Z"
      },
      {
        "lat": 53.5329,
        "lon": 9.912405,
        "speed": 0,
        "course": 126,
        "heading": 304,
        "destination": "DEHAM",
        "last_position_epoch": 1765020982,
        "last_position_UTC": "2025-12-06T11:36:22Z"
      },
      {
        "lat": 53.532852,
        "lon": 9.9125013,
        "speed": 0,
        "course": 125,
        "heading": 304,
        "destination": "DEHAM",
        "last_position_epoch": 1765019400,
        "last_position_UTC": "2025-12-06T11:10:00Z"
      },
      {
        "lat": 53.532871,
        "lon": 9.9125099,
        "speed": 0,
        "course": 126,
        "heading": 304,
        "destination": "DEHAM",
        "last_position_epoch": 1765017600,
        "last_position_UTC": "2025-12-06T10:40:00Z"
      },
      {
        "lat": 53.532915,
        "lon": 9.912463333333333,
        "speed": 0,
        "course": 126,
        "heading": 304,
        "destination": "DEHAM",
        "last_position_epoch": 1765015945,
        "last_position_UTC": "2025-12-06T10:12:25Z"
      },
      {
        "lat": 53.53290666666667,
        "lon": 9.912463333333333,
        "speed": 0,
        "course": 125.6,
        "heading": 304,
        "destination": "DEHAM",
        "last_position_epoch": 1765013961,
        "last_position_UTC": "2025-12-06T09:39:21Z"
      },
      {
        "lat": 53.53290333333333,
        "lon": 9.912476666666667,
        "speed": 0,
        "course": 125.6,
        "heading": 304,
        "destination": "DEHAM",
        "last_position_epoch": 1765012343,
        "last_position_UTC": "2025-12-06T09:12:23Z"
      },
      {
        "lat": 53.532913,
        "lon": 9.9124718,
        "speed": 0,
        "course": 125,
        "heading": 304,
        "destination": "DEHAM",
        "last_position_epoch": 1765010580,
        "last_position_UTC": "2025-12-06T08:43:00Z"
      },
      {
        "lat": 53.532894,
        "lon": 9.9124947,
        "speed": 0,
        "course": 125,
        "heading": 304,
        "destination": "DEHAM",
        "last_position_epoch": 1765008600,
        "last_position_UTC": "2025-12-06T08:10:00Z"
      },
      {
        "lat": 53.532913,
        "lon": 9.9124918,
        "speed": 0,
        "course": 126,
        "heading": 304,
        "destination": "DEHAM",
        "last_position_epoch": 1765006800,
        "last_position_UTC": "2025-12-06T07:40:00Z"
      },
      {
        "lat": 53.532928,
        "lon": 9.9125204,
        "speed": 0,
        "course": 125,
        "heading": 304,
        "destination": "DEHAM",
        "last_position_epoch": 1765004880,
        "last_position_UTC": "2025-12-06T07:08:00Z"
      },
      {
        "lat": 53.532902,
        "lon": 9.9124947,
        "speed": 0,
        "course": 125,
        "heading": 304,
        "destination": "DEHAM",
        "last_position_epoch": 1765003260,
        "last_position_UTC": "2025-12-06T06:41:00Z"
      },
      {
        "lat": 53.53290666666667,
        "lon": 9.91246,
        "speed": 0,
        "course": 126,
        "heading": 304,
        "destination": "DEHAM",
        "last_position_epoch": 1765001546,
        "last_position_UTC": "2025-12-06T06:12:26Z"
      },
      {
        "lat": 53.5329,
        "lon": 9.912471666666667,
        "speed": 0,
        "course": 126,
        "heading": 304,
        "destination": "DEHAM",
        "last_position_epoch": 1764999567,
        "last_position_UTC": "2025-12-06T05:39:27Z"
      },
      {
        "lat": 53.532898,
        "lon": 9.9124832,
        "speed": 0,
        "course": 125,
        "heading": 304,
        "destination": "DEHAM",
        "last_position_epoch": 1764997980,
        "last_position_UTC": "2025-12-06T05:13:00Z"
      },
      {
        "lat": 53.532885,
        "lon": 9.912466666666667,
        "speed": 0,
        "course": 125.6,
        "heading": 304,
        "destination": "DEHAM",
        "last_position_epoch": 1764995786,
        "last_position_UTC": "2025-12-06T04:36:26Z"
      },
      {
        "lat": 53.53285833333333,
        "lon": 9.912478333333333,
        "speed": 0,
        "course": 125.6,
        "heading": 304,
        "destination": "DEHAM",
        "last_position_epoch": 1764994340,
        "last_position_UTC": "2025-12-06T04:12:20Z"
      },
      {
        "lat": 53.5329,
        "lon": 9.91246,
        "speed": 0,
        "course": 126,
        "heading": 304,
        "destination": "DEHAM",
        "last_position_epoch": 1764992360,
        "last_position_UTC": "2025-12-06T03:39:20Z"
      },
      {
        "lat": 53.532902,
        "lon": 9.9124346,
        "speed": 0,
        "course": 125,
        "heading": 304,
        "destination": "DEHAM",
        "last_position_epoch": 1764990900,
        "last_position_UTC": "2025-12-06T03:15:00Z"
      },
      {
        "lat": 53.53290666666667,
        "lon": 9.91244,
        "speed": 0,
        "course": 126,
        "heading": 304,
        "destination": "DEHAM",
        "last_position_epoch": 1764988942,
        "last_position_UTC": "2025-12-06T02:42:22Z"
      },
      {
        "lat": 53.532898,
        "lon": 9.9124184,
        "speed": 0,
        "course": 125,
        "heading": 304,
        "destination": "DEHAM",
        "last_position_epoch": 1764986820,
        "last_position_UTC": "2025-12-06T02:07:00Z"
      },
      {
        "lat": 53.532902,
        "lon": 9.9124918,
        "speed": 0,
        "course": 125,
        "heading": 304,
        "destination": "DEHAM",
        "last_position_epoch": 1764985140,
        "last_position_UTC": "2025-12-06T01:39:00Z"
      },
      {
        "lat": 53.532896666666666,
        "lon": 9.912445,
        "speed": 0,
        "course": 125.6,
        "heading": 304,
        "destination": "DEHAM",
        "last_position_epoch": 1764983184,
        "last_position_UTC": "2025-12-06T01:06:24Z"
      },
      {
        "lat": 53.532873333333335,
        "lon": 9.912445,
        "speed": 0,
        "course": 125.6,
        "heading": 304,
        "destination": "DEHAM",
        "last_position_epoch": 1764981743,
        "last_position_UTC": "2025-12-06T00:42:23Z"
      },
      {
        "lat": 53.532928,
        "lon": 9.9124966,
        "speed": 0,
        "course": 125,
        "heading": 304,
        "destination": "DEHAM",
        "last_position_epoch": 1764979860,
        "last_position_UTC": "2025-12-06T00:11:00Z"
      },
      {
        "lat": 53.532875,
        "lon": 9.912487,
        "speed": 0,
        "course": 126,
        "heading": 304,
        "destination": "DEHAM",
        "last_position_epoch": 1764978060,
        "last_position_UTC": "2025-12-05T23:41:00Z"
      },
      {
        "lat": 53.53288666666667,
        "lon": 9.912425,
        "speed": 0,
        "course": 125.6,
        "heading": 304,
        "destination": "DEHAM",
        "last_position_epoch": 1764976341,
        "last_position_UTC": "2025-12-05T23:12:21Z"
      },
      {
        "lat": 53.532941666666666,
        "lon": 9.912475,
        "speed": 0,
        "course": 125.6,
        "heading": 304,
        "destination": "DEHAM",
        "last_position_epoch": 1764974538,
        "last_position_UTC": "2025-12-05T22:42:18Z"
      },
      {
        "lat": 53.532963,
        "lon": 9.9125853,
        "speed": 0,
        "course": 125,
        "heading": 304,
        "destination": "DEHAM",
        "last_position_epoch": 1764972600,
        "last_position_UTC": "2025-12-05T22:10:00Z"
      },
      {
        "lat": 53.532913,
        "lon": 9.9124851,
        "speed": 0,
        "course": 125,
        "heading": 304,
        "destination": "DEHAM",
        "last_position_epoch": 1764970800,
        "last_position_UTC": "2025-12-05T21:40:00Z"
      },
      {
        "lat": 53.532921,
        "lon": 9.9124918,
        "speed": 0,
        "course": 125,
        "heading": 304,
        "destination": "DEHAM",
        "last_position_epoch": 1764969000,
        "last_position_UTC": "2025-12-05T21:10:00Z"
      },
      {
        "lat": 53.532941666666666,
        "lon": 9.912418333333333,
        "speed": 0,
        "course": 125.6,
        "heading": 304,
        "destination": "DEHAM",
        "last_position_epoch": 1764967342,
        "last_position_UTC": "2025-12-05T20:42:22Z"
      },
      {
        "lat": 53.532917,
        "lon": 9.912468,
        "speed": 0,
        "course": 125,
        "heading": 304,
        "destination": "DEHAM",
        "last_position_epoch": 1764965400,
        "last_position_UTC": "2025-12-05T20:10:00Z"
      },
      {
        "lat": 53.532895,
        "lon": 9.912405,
        "speed": 0,
        "course": 126,
        "heading": 304,
        "destination": "DEHAM",
        "last_position_epoch": 1764963737,
        "last_position_UTC": "2025-12-05T19:42:17Z"
      },
      {
        "lat": 53.532896666666666,
        "lon": 9.912451666666668,
        "speed": 0,
        "course": 126,
        "heading": 304,
        "destination": "DEHAM",
        "last_position_epoch": 1764961941,
        "last_position_UTC": "2025-12-05T19:12:21Z"
      },
      {
        "lat": 53.532916666666665,
        "lon": 9.912448333333334,
        "speed": 0,
        "course": 125.6,
        "heading": 304,
        "destination": "DEHAM",
        "last_position_epoch": 1764960140,
        "last_position_UTC": "2025-12-05T18:42:20Z"
      },
      {
        "lat": 53.532875,
        "lon": 9.9124603,
        "speed": 0,
        "course": 125,
        "heading": 304,
        "destination": "DEHAM",
        "last_position_epoch": 1764958140,
        "last_position_UTC": "2025-12-05T18:09:00Z"
      },
      {
        "lat": 53.532894,
        "lon": 9.9124565,
        "speed": 0,
        "course": 125,
        "heading": 304,
        "destination": "DEHAM",
        "last_position_epoch": 1764956460,
        "last_position_UTC": "2025-12-05T17:41:00Z"
      },
      {
        "lat": 53.532895,
        "lon": 9.91249,
        "speed": 0,
        "course": 125.6,
        "heading": 304,
        "destination": "DEHAM",
        "last_position_epoch": 1764954739,
        "last_position_UTC": "2025-12-05T17:12:19Z"
      },
      {
        "lat": 53.53287666666667,
        "lon": 9.912446666666666,
        "speed": 0,
        "course": 126,
        "heading": 304,
        "destination": "DEHAM",
        "last_position_epoch": 1764952762,
        "last_position_UTC": "2025-12-05T16:39:22Z"
      },
      {
        "lat": 53.532835,
        "lon": 9.912463333333333,
        "speed": 0,
        "course": 126,
        "heading": 304,
        "destination": "DEHAM",
        "last_position_epoch": 1764951142,
        "last_position_UTC": "2025-12-05T16:12:22Z"
      },
      {
        "lat": 53.532906,
        "lon": 9.9124966,
        "speed": 0,
        "course": 126,
        "heading": 304,
        "destination": "DEHAM",
        "last_position_epoch": 1764949200,
        "last_position_UTC": "2025-12-05T15:40:00Z"
      },
      {
        "lat": 53.532852,
        "lon": 9.9125051,
        "speed": 0,
        "course": 126,
        "heading": 304,
        "destination": "DEHAM",
        "last_position_epoch": 1764947340,
        "last_position_UTC": "2025-12-05T15:09:00Z"
      },
      {
        "lat": 53.532875,
        "lon": 9.9125271,
        "speed": 0,
        "course": 125,
        "heading": 304,
        "destination": "DEHAM",
        "last_position_epoch": 1764945480,
        "last_position_UTC": "2025-12-05T14:38:00Z"
      },
      {
        "lat": 53.532893333333334,
        "lon": 9.912508333333333,
        "speed": 0,
        "course": 125.6,
        "heading": 304,
        "destination": "DEHAM",
        "last_position_epoch": 1764943939,
        "last_position_UTC": "2025-12-05T14:12:19Z"
      },
      {
        "lat": 53.532906,
        "lon": 9.9124432,
        "speed": 0,
        "course": 125,
        "heading": 304,
        "destination": "DEHAM",
        "last_position_epoch": 1764941940,
        "last_position_UTC": "2025-12-05T13:39:00Z"
      },
      {
        "lat": 53.532915,
        "lon": 9.912468333333333,
        "speed": 0,
        "course": 125.6,
        "heading": 304,
        "destination": "DEHAM",
        "last_position_epoch": 1764940366,
        "last_position_UTC": "2025-12-05T13:12:46Z"
      },
      {
        "lat": 53.532956666666664,
        "lon": 9.912526666666666,
        "speed": 0,
        "course": 126,
        "heading": 304,
        "destination": "DEHAM",
        "last_position_epoch": 1764938360,
        "last_position_UTC": "2025-12-05T12:39:20Z"
      },
      {
        "lat": 53.53289,
        "lon": 9.91249,
        "speed": 0,
        "course": 125.6,
        "heading": 304,
        "destination": "DEHAM",
        "last_position_epoch": 1764936741,
        "last_position_UTC": "2025-12-05T12:12:21Z"
      },
      {
        "lat": 53.53293333333333,
        "lon": 9.912486666666666,
        "speed": 0,
        "course": 125.6,
        "heading": 304,
        "destination": "DEHAM",
        "last_position_epoch": 1764934942,
        "last_position_UTC": "2025-12-05T11:42:22Z"
      },
      {
        "lat": 53.53290333333333,
        "lon": 9.912508333333333,
        "speed": 0,
        "course": 125.6,
        "heading": 304,
        "destination": "DEHAM",
        "last_position_epoch": 1764933141,
        "last_position_UTC": "2025-12-05T11:12:21Z"
      },
      {
        "lat": 53.532894,
        "lon": 9.9124765,
        "speed": 0,
        "course": 125,
        "heading": 304,
        "destination": "DEHAM",
        "last_position_epoch": 1764931320,
        "last_position_UTC": "2025-12-05T10:42:00Z"
      },
      {
        "lat": 53.532885,
        "lon": 9.912481666666666,
        "speed": 0,
        "course": 126,
        "heading": 304,
        "destination": "DEHAM",
        "last_position_epoch": 1764929540,
        "last_position_UTC": "2025-12-05T10:12:20Z"
      },
      {
        "lat": 53.532873333333335,
        "lon": 9.912555,
        "speed": 0,
        "course": 125.6,
        "heading": 304,
        "destination": "DEHAM",
        "last_position_epoch": 1764927738,
        "last_position_UTC": "2025-12-05T09:42:18Z"
      },
      {
        "lat": 53.532895,
        "lon": 9.912416666666667,
        "speed": 0,
        "course": 126,
        "heading": 304,
        "destination": "DEHAM",
        "last_position_epoch": 1764925580,
        "last_position_UTC": "2025-12-05T09:06:20Z"
      },
      {
        "lat": 53.53288833333333,
        "lon": 9.912421666666667,
        "speed": 0,
        "course": 125.6,
        "heading": 304,
        "destination": "DEHAM",
        "last_position_epoch": 1764924141,
        "last_position_UTC": "2025-12-05T08:42:21Z"
      },
      {
        "lat": 53.532871666666665,
        "lon": 9.912476666666667,
        "speed": 0,
        "course": 125.6,
        "heading": 304,
        "destination": "DEHAM",
        "last_position_epoch": 1764922335,
        "last_position_UTC": "2025-12-05T08:12:15Z"
      },
      {
        "lat": 53.532902,
        "lon": 9.912468,
        "speed": 0,
        "course": 125,
        "heading": 304,
        "destination": "DEHAM",
        "last_position_epoch": 1764920280,
        "last_position_UTC": "2025-12-05T07:38:00Z"
      },
      {
        "lat": 53.53293166666667,
        "lon": 9.912478333333333,
        "speed": 0,
        "course": 125.6,
        "heading": 304,
        "destination": "DEHAM",
        "last_position_epoch": 1764918742,
        "last_position_UTC": "2025-12-05T07:12:22Z"
      },
      {
        "lat": 53.53286,
        "lon": 9.912526666666666,
        "speed": 0,
        "course": 125.6,
        "heading": 304,
        "destination": "DEHAM",
        "last_position_epoch": 1764916935,
        "last_position_UTC": "2025-12-05T06:42:15Z"
      },
      {
        "lat": 53.532902,
        "lon": 9.9124918,
        "speed": 0,
        "course": 125,
        "heading": 304,
        "destination": "DEHAM",
        "last_position_epoch": 1764915000,
        "last_position_UTC": "2025-12-05T06:10:00Z"
      },
      {
        "lat": 53.532885,
        "lon": 9.912426666666667,
        "speed": 0,
        "course": 125.6,
        "heading": 304,
        "destination": "DEHAM",
        "last_position_epoch": 1764913334,
        "last_position_UTC": "2025-12-05T05:42:14Z"
      },
      {
        "lat": 53.53289,
        "lon": 9.912447,
        "speed": 0,
        "course": 126,
        "heading": 304,
        "destination": "DEHAM",
        "last_position_epoch": 1764911520,
        "last_position_UTC": "2025-12-05T05:12:00Z"
      },
      {
        "lat": 53.532905,
        "lon": 9.912491666666666,
        "speed": 0,
        "course": 126,
        "heading": 304,
        "destination": "DEHAM",
        "last_position_epoch": 1764909741,
        "last_position_UTC": "2025-12-05T04:42:21Z"
      },
      {
        "lat": 53.532932,
        "lon": 9.912468,
        "speed": 0,
        "course": 125,
        "heading": 304,
        "destination": "DEHAM",
        "last_position_epoch": 1764907740,
        "last_position_UTC": "2025-12-05T04:09:00Z"
      },
      {
        "lat": 53.5329,
        "lon": 9.912443333333334,
        "speed": 0,
        "course": 125.6,
        "heading": 304,
        "destination": "DEHAM",
        "last_position_epoch": 1764906133,
        "last_position_UTC": "2025-12-05T03:42:13Z"
      },
      {
        "lat": 53.53291333333333,
        "lon": 9.912466666666667,
        "speed": 0,
        "course": 125.6,
        "heading": 304,
        "destination": "DEHAM",
        "last_position_epoch": 1764904338,
        "last_position_UTC": "2025-12-05T03:12:18Z"
      },
      {
        "lat": 53.53292166666667,
        "lon": 9.912481666666666,
        "speed": 0,
        "course": 126,
        "heading": 304,
        "destination": "DEHAM",
        "last_position_epoch": 1764902534,
        "last_position_UTC": "2025-12-05T02:42:14Z"
      },
      {
        "lat": 53.53288,
        "lon": 9.912446666666666,
        "speed": 0,
        "course": 126,
        "heading": 304,
        "destination": "DEHAM",
        "last_position_epoch": 1764900733,
        "last_position_UTC": "2025-12-05T02:12:13Z"
      },
      {
        "lat": 53.53290166666667,
        "lon": 9.912451666666668,
        "speed": 0,
        "course": 126,
        "heading": 304,
        "destination": "DEHAM",
        "last_position_epoch": 1764898933,
        "last_position_UTC": "2025-12-05T01:42:13Z"
      },
      {
        "lat": 53.532921,
        "lon": 9.912447,
        "speed": 0,
        "course": 126,
        "heading": 304,
        "destination": "DEHAM",
        "last_position_epoch": 1764897000,
        "last_position_UTC": "2025-12-05T01:10:00Z"
      },
      {
        "lat": 53.532915,
        "lon": 9.912476666666667,
        "speed": 0,
        "course": 126,
        "heading": 304,
        "destination": "DEHAM",
        "last_position_epoch": 1764895332,
        "last_position_UTC": "2025-12-05T00:42:12Z"
      },
      {
        "lat": 53.5329,
        "lon": 9.912471666666667,
        "speed": 0,
        "course": 126,
        "heading": 304,
        "destination": "DEHAM",
        "last_position_epoch": 1764893537,
        "last_position_UTC": "2025-12-05T00:12:17Z"
      },
      {
        "lat": 53.532925,
        "lon": 9.912475,
        "speed": 0,
        "course": 126,
        "heading": 304,
        "destination": "DEHAM",
        "last_position_epoch": 1764891741,
        "last_position_UTC": "2025-12-04T23:42:21Z"
      },
      {
        "lat": 53.532895,
        "lon": 9.912481666666666,
        "speed": 0,
        "course": 126,
        "heading": 304,
        "destination": "DEHAM",
        "last_position_epoch": 1764889940,
        "last_position_UTC": "2025-12-04T23:12:20Z"
      },
      {
        "lat": 53.532916666666665,
        "lon": 9.912468333333333,
        "speed": 0,
        "course": 125.6,
        "heading": 304,
        "destination": "DEHAM",
        "last_position_epoch": 1764888132,
        "last_position_UTC": "2025-12-04T22:42:12Z"
      },
      {
        "lat": 53.53278,
        "lon": 9.9124765,
        "speed": 0,
        "course": 125,
        "heading": 304,
        "destination": "DEHAM",
        "last_position_epoch": 1764886020,
        "last_position_UTC": "2025-12-04T22:07:00Z"
      },
      {
        "lat": 53.532935,
        "lon": 9.912495,
        "speed": 0,
        "course": 126,
        "heading": 304,
        "destination": "DEHAM",
        "last_position_epoch": 1764884532,
        "last_position_UTC": "2025-12-04T21:42:12Z"
      },
      {
        "lat": 53.532891666666664,
        "lon": 9.91244,
        "speed": 0,
        "course": 125.6,
        "heading": 304,
        "destination": "DEHAM",
        "last_position_epoch": 1764882735,
        "last_position_UTC": "2025-12-04T21:12:15Z"
      },
      {
        "lat": 53.532905,
        "lon": 9.91251,
        "speed": 0,
        "course": 126,
        "heading": 304,
        "destination": "DEHAM",
        "last_position_epoch": 1764880931,
        "last_position_UTC": "2025-12-04T20:42:11Z"
      },
      {
        "lat": 53.53289,
        "lon": 9.91243,
        "speed": 0,
        "course": 126,
        "heading": 304,
        "destination": "DEHAM",
        "last_position_epoch": 1764879137,
        "last_position_UTC": "2025-12-04T20:12:17Z"
      },
      {
        "lat": 53.53288,
        "lon": 9.912425,
        "speed": 0,
        "course": 126,
        "heading": 304,
        "destination": "DEHAM",
        "last_position_epoch": 1764877338,
        "last_position_UTC": "2025-12-04T19:42:18Z"
      },
      {
        "lat": 53.532896666666666,
        "lon": 9.912445,
        "speed": 0,
        "course": 125.6,
        "heading": 304,
        "destination": "DEHAM",
        "last_position_epoch": 1764875171,
        "last_position_UTC": "2025-12-04T19:06:11Z"
      },
      {
        "lat": 53.532894,
        "lon": 9.9124613,
        "speed": 0,
        "course": 125,
        "heading": 304,
        "destination": "DEHAM",
        "last_position_epoch": 1764873600,
        "last_position_UTC": "2025-12-04T18:40:00Z"
      },
      {
        "lat": 53.532948,
        "lon": 9.9124985,
        "speed": 0,
        "course": 125,
        "heading": 304,
        "destination": "DEHAM",
        "last_position_epoch": 1764871740,
        "last_position_UTC": "2025-12-04T18:09:00Z"
      },
      {
        "lat": 53.53292,
        "lon": 9.91248,
        "speed": 0,
        "course": 126,
        "heading": 304,
        "destination": "DEHAM",
        "last_position_epoch": 1764869951,
        "last_position_UTC": "2025-12-04T17:39:11Z"
      },
      {
        "lat": 53.532896666666666,
        "lon": 9.912466666666667,
        "speed": 0,
        "course": 126,
        "heading": 304,
        "destination": "DEHAM",
        "last_position_epoch": 1764868331,
        "last_position_UTC": "2025-12-04T17:12:11Z"
      },
      {
        "lat": 53.532906,
        "lon": 9.9125004,
        "speed": 0,
        "course": 125,
        "heading": 304,
        "destination": "DEHAM",
        "last_position_epoch": 1764866220,
        "last_position_UTC": "2025-12-04T16:37:00Z"
      },
      {
        "lat": 53.532941666666666,
        "lon": 9.912435,
        "speed": 0,
        "course": 126,
        "heading": 304,
        "destination": "DEHAM",
        "last_position_epoch": 1764864374,
        "last_position_UTC": "2025-12-04T16:06:14Z"
      },
      {
        "lat": 53.532905,
        "lon": 9.91246,
        "speed": 0,
        "course": 126,
        "heading": 304,
        "destination": "DEHAM",
        "last_position_epoch": 1764862932,
        "last_position_UTC": "2025-12-04T15:42:12Z"
      },
      {
        "lat": 53.532879,
        "lon": 9.9124918,
        "speed": 0,
        "course": 125,
        "heading": 304,
        "destination": "DEHAM",
        "last_position_epoch": 1764860820,
        "last_position_UTC": "2025-12-04T15:07:00Z"
      },
      {
        "lat": 53.53288666666667,
        "lon": 9.912471666666667,
        "speed": 0,
        "course": 126,
        "heading": 304,
        "destination": "DEHAM",
        "last_position_epoch": 1764859330,
        "last_position_UTC": "2025-12-04T14:42:10Z"
      },
      {
        "lat": 53.532905,
        "lon": 9.912466666666667,
        "speed": 0,
        "course": 126,
        "heading": 304,
        "destination": "DEHAM",
        "last_position_epoch": 1764857533,
        "last_position_UTC": "2025-12-04T14:12:13Z"
      },
      {
        "lat": 53.532921,
        "lon": 9.9124517,
        "speed": 0,
        "course": 125,
        "heading": 304,
        "destination": "DEHAM",
        "last_position_epoch": 1764855420,
        "last_position_UTC": "2025-12-04T13:37:00Z"
      },
      {
        "lat": 53.532895,
        "lon": 9.91248,
        "speed": 0,
        "course": 125.6,
        "heading": 304,
        "destination": "DEHAM!",
        "last_position_epoch": 1764853931,
        "last_position_UTC": "2025-12-04T13:12:11Z"
      },
      {
        "lat": 53.53288,
        "lon": 9.912505,
        "speed": 0,
        "course": 126,
        "heading": 304,
        "destination": "DEHAM",
        "last_position_epoch": 1764852129,
        "last_position_UTC": "2025-12-04T12:42:09Z"
      },
      {
        "lat": 53.53291,
        "lon": 9.912495,
        "speed": 0,
        "course": 126,
        "heading": 304,
        "destination": "DEHAM",
        "last_position_epoch": 1764850335,
        "last_position_UTC": "2025-12-04T12:12:15Z"
      },
      {
        "lat": 53.532895,
        "lon": 9.91248,
        "speed": 0,
        "course": 126,
        "heading": 304,
        "destination": "DEHAM",
        "last_position_epoch": 1764848532,
        "last_position_UTC": "2025-12-04T11:42:12Z"
      },
      {
        "lat": 53.532895,
        "lon": 9.91247,
        "speed": 0,
        "course": 126,
        "heading": 304,
        "destination": "DEHAM",
        "last_position_epoch": 1764846731,
        "last_position_UTC": "2025-12-04T11:12:11Z"
      },
      {
        "lat": 53.53288666666667,
        "lon": 9.912486666666666,
        "speed": 0,
        "course": 126,
        "heading": 304,
        "destination": "DEHAM",
        "last_position_epoch": 1764844749,
        "last_position_UTC": "2025-12-04T10:39:09Z"
      },
      {
        "lat": 53.53289,
        "lon": 9.91247,
        "speed": 0,
        "course": 126,
        "heading": 304,
        "destination": "DEHAM",
        "last_position_epoch": 1764842771,
        "last_position_UTC": "2025-12-04T10:06:11Z"
      },
      {
        "lat": 53.53292,
        "lon": 9.912451666666668,
        "speed": 0,
        "course": 126,
        "heading": 304,
        "destination": "DEHAM!",
        "last_position_epoch": 1764841331,
        "last_position_UTC": "2025-12-04T09:42:11Z"
      },
      {
        "lat": 53.53291,
        "lon": 9.912463333333333,
        "speed": 0,
        "course": 126,
        "heading": 304,
        "destination": "DEHAM",
        "last_position_epoch": 1764839535,
        "last_position_UTC": "2025-12-04T09:12:15Z"
      },
      {
        "lat": 53.53288833333333,
        "lon": 9.912461666666667,
        "speed": 0,
        "course": 125.6,
        "heading": 304,
        "destination": "DEHAM",
        "last_position_epoch": 1764837732,
        "last_position_UTC": "2025-12-04T08:42:12Z"
      },
      {
        "lat": 53.53294,
        "lon": 9.912465,
        "speed": 0,
        "course": 125.6,
        "heading": 304,
        "destination": "DEHAM",
        "last_position_epoch": 1764835571,
        "last_position_UTC": "2025-12-04T08:06:11Z"
      },
      {
        "lat": 53.532893333333334,
        "lon": 9.912458333333333,
        "speed": 0,
        "course": 125.6,
        "heading": 304,
        "destination": "DEHAM",
        "last_position_epoch": 1764833774,
        "last_position_UTC": "2025-12-04T07:36:14Z"
      },
      {
        "lat": 53.532891666666664,
        "lon": 9.912496666666666,
        "speed": 0,
        "course": 125.6,
        "heading": 304,
        "destination": "DEHAM",
        "last_position_epoch": 1764832333,
        "last_position_UTC": "2025-12-04T07:12:13Z"
      },
      {
        "lat": 53.53292166666667,
        "lon": 9.9125,
        "speed": 0,
        "course": 126,
        "heading": 304,
        "destination": "DEHAM",
        "last_position_epoch": 1764830172,
        "last_position_UTC": "2025-12-04T06:36:12Z"
      },
      {
        "lat": 53.532898,
        "lon": 9.9124746,
        "speed": 0,
        "course": 126,
        "heading": 304,
        "destination": "DEHAM",
        "last_position_epoch": 1764828540,
        "last_position_UTC": "2025-12-04T06:09:00Z"
      },
      {
        "lat": 53.532887,
        "lon": 9.9124813,
        "speed": 0,
        "course": 125,
        "heading": 304,
        "destination": "DEHAM",
        "last_position_epoch": 1764826860,
        "last_position_UTC": "2025-12-04T05:41:00Z"
      },
      {
        "lat": 53.532887,
        "lon": 9.9124804,
        "speed": 0,
        "course": 125,
        "heading": 304,
        "destination": "DEHAM",
        "last_position_epoch": 1764825000,
        "last_position_UTC": "2025-12-04T05:10:00Z"
      },
      {
        "lat": 53.532875,
        "lon": 9.9124784,
        "speed": 0,
        "course": 125,
        "heading": 304,
        "destination": "DEHAM",
        "last_position_epoch": 1764823200,
        "last_position_UTC": "2025-12-04T04:40:00Z"
      },
      {
        "lat": 53.532887,
        "lon": 9.9124899,
        "speed": 0,
        "course": 125,
        "heading": 304,
        "destination": "DEHAM",
        "last_position_epoch": 1764821340,
        "last_position_UTC": "2025-12-04T04:09:00Z"
      },
      {
        "lat": 53.532871666666665,
        "lon": 9.91248,
        "speed": 0,
        "course": 125.6,
        "heading": 304,
        "destination": "DEHAM",
        "last_position_epoch": 1764819730,
        "last_position_UTC": "2025-12-04T03:42:10Z"
      },
      {
        "lat": 53.532887,
        "lon": 9.9124765,
        "speed": 0,
        "course": 125,
        "heading": 304,
        "destination": "DEHAM",
        "last_position_epoch": 1764818100,
        "last_position_UTC": "2025-12-04T03:15:00Z"
      },
      {
        "lat": 53.532885,
        "lon": 9.912441666666666,
        "speed": 0,
        "course": 125.6,
        "heading": 304,
        "destination": "DEHAM",
        "last_position_epoch": 1764816127,
        "last_position_UTC": "2025-12-04T02:42:07Z"
      },
      {
        "lat": 53.532893333333334,
        "lon": 9.912475,
        "speed": 0,
        "course": 125.6,
        "heading": 304,
        "destination": "DEHAM",
        "last_position_epoch": 1764813973,
        "last_position_UTC": "2025-12-04T02:06:13Z"
      },
      {
        "lat": 53.532887,
        "lon": 9.9124546,
        "speed": 0,
        "course": 125,
        "heading": 304,
        "destination": "DEHAM",
        "last_position_epoch": 1764812700,
        "last_position_UTC": "2025-12-04T01:45:00Z"
      },
      {
        "lat": 53.532875,
        "lon": 9.9124403,
        "speed": 0,
        "course": 125,
        "heading": 304,
        "destination": "DEHAM",
        "last_position_epoch": 1764810420,
        "last_position_UTC": "2025-12-04T01:07:00Z"
      },
      {
        "lat": 53.532885,
        "lon": 9.912451666666668,
        "speed": 0,
        "course": 125.6,
        "heading": 304,
        "destination": "DEHAM",
        "last_position_epoch": 1764808930,
        "last_position_UTC": "2025-12-04T00:42:10Z"
      },
      {
        "lat": 53.53290666666667,
        "lon": 9.91248,
        "speed": 0,
        "course": 125.6,
        "heading": 304,
        "destination": "DEHAM",
        "last_position_epoch": 1764806771,
        "last_position_UTC": "2025-12-04T00:06:11Z"
      },
      {
        "lat": 53.53289,
        "lon": 9.912481666666666,
        "speed": 0,
        "course": 126,
        "heading": 304,
        "destination": "DEHAM",
        "last_position_epoch": 1764805150,
        "last_position_UTC": "2025-12-03T23:39:10Z"
      },
      {
        "lat": 53.53287666666667,
        "lon": 9.912471666666667,
        "speed": 0,
        "course": 126,
        "heading": 304,
        "destination": "DEHAM",
        "last_position_epoch": 1764803171,
        "last_position_UTC": "2025-12-03T23:06:11Z"
      },
      {
        "lat": 53.53287666666667,
        "lon": 9.912476666666667,
        "speed": 0,
        "course": 125.6,
        "heading": 304,
        "destination": "DEHAM",
        "last_position_epoch": 1764801726,
        "last_position_UTC": "2025-12-03T22:42:06Z"
      },
      {
        "lat": 53.532902,
        "lon": 9.9124851,
        "speed": 0,
        "course": 125,
        "heading": 304,
        "destination": "DEHAM",
        "last_position_epoch": 1764799620,
        "last_position_UTC": "2025-12-03T22:07:00Z"
      },
      {
        "lat": 53.532896666666666,
        "lon": 9.912455,
        "speed": 0,
        "course": 126,
        "heading": 304,
        "destination": "DEHAM",
        "last_position_epoch": 1764798128,
        "last_position_UTC": "2025-12-03T21:42:08Z"
      },
      {
        "lat": 53.5329,
        "lon": 9.912491666666666,
        "speed": 0,
        "course": 125.6,
        "heading": 304,
        "destination": "DEHAM",
        "last_position_epoch": 1764796333,
        "last_position_UTC": "2025-12-03T21:12:13Z"
      },
      {
        "lat": 53.532906,
        "lon": 9.9124651,
        "speed": 0,
        "course": 125,
        "heading": 304,
        "destination": "DEHAM",
        "last_position_epoch": 1764794220,
        "last_position_UTC": "2025-12-03T20:37:00Z"
      },
      {
        "lat": 53.532936666666664,
        "lon": 9.912456666666667,
        "speed": 0,
        "course": 126,
        "heading": 304,
        "destination": "DEHAM",
        "last_position_epoch": 1764792368,
        "last_position_UTC": "2025-12-03T20:06:08Z"
      },
      {
        "lat": 53.532902,
        "lon": 9.9124718,
        "speed": 0,
        "course": 125,
        "heading": 304,
        "destination": "DEHAM",
        "last_position_epoch": 1764790740,
        "last_position_UTC": "2025-12-03T19:39:00Z"
      },
      {
        "lat": 53.532875,
        "lon": 9.9124632,
        "speed": 0,
        "course": 125,
        "heading": 304,
        "destination": "DEHAM",
        "last_position_epoch": 1764788820,
        "last_position_UTC": "2025-12-03T19:07:00Z"
      },
      {
        "lat": 53.53285666666667,
        "lon": 9.912453333333334,
        "speed": 0,
        "course": 125.6,
        "heading": 304,
        "destination": "DEHAM",
        "last_position_epoch": 1764787327,
        "last_position_UTC": "2025-12-03T18:42:07Z"
      },
      {
        "lat": 53.532905,
        "lon": 9.912451666666668,
        "speed": 0,
        "course": 126,
        "heading": 304,
        "destination": "DEHAM",
        "last_position_epoch": 1764785525,
        "last_position_UTC": "2025-12-03T18:12:05Z"
      },
      {
        "lat": 53.532896666666666,
        "lon": 9.912495,
        "speed": 0,
        "course": 125.6,
        "heading": 304,
        "destination": "DEHAM",
        "last_position_epoch": 1764783550,
        "last_position_UTC": "2025-12-03T17:39:10Z"
      },
      {
        "lat": 53.5329,
        "lon": 9.912471666666667,
        "speed": 0,
        "course": 126,
        "heading": 304,
        "destination": "DEHAM",
        "last_position_epoch": 1764781928,
        "last_position_UTC": "2025-12-03T17:12:08Z"
      },
      {
        "lat": 53.532923333333336,
        "lon": 9.912483333333332,
        "speed": 0,
        "course": 125.6,
        "heading": 304,
        "destination": "DEHAM",
        "last_position_epoch": 1764779947,
        "last_position_UTC": "2025-12-03T16:39:07Z"
      },
      {
        "lat": 53.532959,
        "lon": 9.9124765,
        "speed": 0,
        "course": 125,
        "heading": 304,
        "destination": "DEHAM",
        "last_position_epoch": 1764778020,
        "last_position_UTC": "2025-12-03T16:07:00Z"
      },
      {
        "lat": 53.532945,
        "lon": 9.912461666666667,
        "speed": 0,
        "course": 126,
        "heading": 304,
        "destination": "DEHAM",
        "last_position_epoch": 1764776526,
        "last_position_UTC": "2025-12-03T15:42:06Z"
      },
      {
        "lat": 53.53990666666667,
        "lon": 9.902025,
        "speed": 2,
        "course": 172.6,
        "heading": 327,
        "destination": "DEHAM",
        "last_position_epoch": 1764774479,
        "last_position_UTC": "2025-12-03T15:07:59Z"
      },
      {
        "lat": 53.54228166666667,
        "lon": 9.87795,
        "speed": 6.5,
        "course": 97,
        "heading": 96,
        "destination": "DEHAM",
        "last_position_epoch": 1764772980,
        "last_position_UTC": "2025-12-03T14:43:00Z"
      },
      {
        "lat": 53.56234,
        "lon": 9.7298918,
        "speed": 9.1,
        "course": 99,
        "heading": 98,
        "destination": "DEHAM",
        "last_position_epoch": 1764771000,
        "last_position_UTC": "2025-12-03T14:10:00Z"
      },
      {
        "lat": 53.56773166666667,
        "lon": 9.672888333333333,
        "speed": 8.5,
        "course": 101.5,
        "heading": 99,
        "destination": "DEHAM",
        "last_position_epoch": 1764769379,
        "last_position_UTC": "2025-12-03T13:42:59Z"
      },
      {
        "lat": 53.623528,
        "lon": 9.5418615,
        "speed": 10.8,
        "course": 133,
        "heading": 131,
        "destination": "DEHAM",
        "last_position_epoch": 1764767400,
        "last_position_UTC": "2025-12-03T13:10:00Z"
      },
      {
        "lat": 53.686055,
        "lon": 9.501291666666667,
        "speed": 12.4,
        "course": 165.1,
        "heading": 164,
        "destination": "DEHAM",
        "last_position_epoch": 1764765780,
        "last_position_UTC": "2025-12-03T12:43:00Z"
      },
      {
        "lat": 53.791168,
        "lon": 9.3824587,
        "speed": 13.1,
        "course": 160,
        "heading": 159,
        "destination": "DEHAM",
        "last_position_epoch": 1764763800,
        "last_position_UTC": "2025-12-03T12:10:00Z"
      },
      {
        "lat": 53.85839,
        "lon": 9.302956666666667,
        "speed": 13,
        "course": 129.5,
        "heading": 130,
        "destination": "DEHAM",
        "last_position_epoch": 1764762180,
        "last_position_UTC": "2025-12-03T11:43:00Z"
      },
      {
        "lat": 53.878345,
        "lon": 9.1132002,
        "speed": 8.6,
        "course": 84,
        "heading": 84,
        "destination": "DEHAM",
        "last_position_epoch": 1764760200,
        "last_position_UTC": "2025-12-03T11:10:00Z"
      },
      {
        "lat": 53.849007,
        "lon": 8.97085,
        "speed": 13.1,
        "course": 79,
        "heading": 80,
        "destination": "DEHAM",
        "last_position_epoch": 1764758400,
        "last_position_UTC": "2025-12-03T10:40:00Z"
      },
      {
        "lat": 53.845665,
        "lon": 8.7706318,
        "speed": 13.6,
        "course": 122,
        "heading": 122,
        "destination": "DEHAM",
        "last_position_epoch": 1764756420,
        "last_position_UTC": "2025-12-03T10:07:00Z"
      },
      {
        "lat": 53.934338,
        "lon": 8.6583986,
        "speed": 15.1,
        "course": 139,
        "heading": 138,
        "destination": "DEHAM",
        "last_position_epoch": 1764754740,
        "last_position_UTC": "2025-12-03T09:39:00Z"
      },
      {
        "lat": 53.975403,
        "lon": 8.473732,
        "speed": 15.3,
        "course": 101,
        "heading": 101,
        "destination": "DEHAM",
        "last_position_epoch": 1764752940,
        "last_position_UTC": "2025-12-03T09:09:00Z"
      },
      {
        "lat": 53.990456,
        "lon": 8.1799746,
        "speed": 13,
        "course": 86,
        "heading": 86,
        "destination": "DEHAM",
        "last_position_epoch": 1764751140,
        "last_position_UTC": "2025-12-03T08:39:00Z"
      },
      {
        "lat": 53.989712,
        "lon": 8.0742416,
        "speed": 10.3,
        "course": 93,
        "heading": 91,
        "destination": "DEHAM",
        "last_position_epoch": 1764749280,
        "last_position_UTC": "2025-12-03T08:08:00Z"
      },
      {
        "lat": 53.997375,
        "lon": 7.9535718,
        "speed": 8,
        "course": 96,
        "heading": 97,
        "destination": "DEHAM",
        "last_position_epoch": 1764747540,
        "last_position_UTC": "2025-12-03T07:39:00Z"
      },
      {
        "lat": 54.012535,
        "lon": 7.8838148,
        "speed": 0.8,
        "course": 211,
        "heading": 230,
        "destination": "DEHAM",
        "last_position_epoch": 1764745740,
        "last_position_UTC": "2025-12-03T07:09:00Z"
      },
      {
        "lat": 54.013775,
        "lon": 7.8772736,
        "speed": 0.5,
        "course": 126,
        "heading": 219,
        "destination": "DEHAM",
        "last_position_epoch": 1764743940,
        "last_position_UTC": "2025-12-03T06:39:00Z"
      },
      {
        "lat": 54.016331,
        "lon": 7.8745484,
        "speed": 0.6,
        "course": 178,
        "heading": 224,
        "destination": "DEHAM",
        "last_position_epoch": 1764742260,
        "last_position_UTC": "2025-12-03T06:11:00Z"
      },
      {
        "lat": 54.01934833333333,
        "lon": 7.887856666666667,
        "speed": 2.3,
        "course": 268.5,
        "heading": 269,
        "destination": "DEHAM",
        "last_position_epoch": 1764740503,
        "last_position_UTC": "2025-12-03T05:41:43Z"
      },
      {
        "lat": 54.064365,
        "lon": 7.8588018,
        "speed": 9.3,
        "course": 116,
        "heading": 118,
        "destination": "DEHAM",
        "last_position_epoch": 1764738540,
        "last_position_UTC": "2025-12-03T05:09:00Z"
      },
      {
        "lat": 54.087799,
        "lon": 7.7758732,
        "speed": 9.1,
        "course": 114,
        "heading": 115,
        "destination": "DEHAM",
        "last_position_epoch": 1764736860,
        "last_position_UTC": "2025-12-03T04:41:00Z"
      },
      {
        "lat": 54.116879,
        "lon": 7.6630015,
        "speed": 8.6,
        "course": 114,
        "heading": 115,
        "destination": "DEHAM",
        "last_position_epoch": 1764735060,
        "last_position_UTC": "2025-12-03T04:11:00Z"
      },
      {
        "lat": 54.146351,
        "lon": 7.5099101,
        "speed": 8.1,
        "course": 99,
        "heading": 100,
        "destination": "DEHAM",
        "last_position_epoch": 1764733260,
        "last_position_UTC": "2025-12-03T03:41:00Z"
      },
      {
        "lat": 54.156078,
        "lon": 7.425005,
        "speed": 7.9,
        "course": 100,
        "heading": 102,
        "destination": "DEHAM",
        "last_position_epoch": 1764731460,
        "last_position_UTC": "2025-12-03T03:11:00Z"
      },
      {
        "lat": 54.165356,
        "lon": 7.3368416,
        "speed": 7.8,
        "course": 167,
        "heading": 160,
        "destination": "DEHAM",
        "last_position_epoch": 1764729900,
        "last_position_UTC": "2025-12-03T02:45:00Z"
      },
      {
        "lat": 54.255394,
        "lon": 7.3343234,
        "speed": 8.1,
        "course": 180,
        "heading": 176,
        "destination": "DEHAM",
        "last_position_epoch": 1764727560,
        "last_position_UTC": "2025-12-03T02:06:00Z"
      },
      {
        "lat": 54.298222,
        "lon": 7.3339767,
        "speed": 8,
        "course": 179,
        "heading": 175,
        "destination": "DEHAM",
        "last_position_epoch": 1764726240,
        "last_position_UTC": "2025-12-03T01:44:00Z"
      },
      {
        "lat": 54.420712,
        "lon": 7.3303566,
        "speed": 4,
        "course": 183,
        "heading": 175,
        "destination": "DEHAM",
        "last_position_epoch": 1764722340,
        "last_position_UTC": "2025-12-03T00:39:00Z"
      },
      {
        "lat": 54.420937,
        "lon": 7.3439035,
        "speed": 1,
        "course": 352,
        "heading": 288,
        "destination": "DEHAM",
        "last_position_epoch": 1764720540,
        "last_position_UTC": "2025-12-03T00:09:00Z"
      },
      {
        "lat": 54.412395,
        "lon": 7.3451881,
        "speed": 1.1,
        "course": 356,
        "heading": 288,
        "destination": "DEHAM",
        "last_position_epoch": 1764718860,
        "last_position_UTC": "2025-12-02T23:41:00Z"
      },
      {
        "lat": 54.403675,
        "lon": 7.3448634,
        "speed": 1,
        "course": 7,
        "heading": 301,
        "destination": "DEHAM",
        "last_position_epoch": 1764717060,
        "last_position_UTC": "2025-12-02T23:11:00Z"
      },
      {
        "lat": 54.394958,
        "lon": 7.3410416,
        "speed": 1.1,
        "course": 20,
        "heading": 299,
        "destination": "DEHAM",
        "last_position_epoch": 1764715140,
        "last_position_UTC": "2025-12-02T22:39:00Z"
      },
      {
        "lat": 54.386147,
        "lon": 7.3346415,
        "speed": 1.1,
        "course": 25,
        "heading": 298,
        "destination": "DEHAM",
        "last_position_epoch": 1764713340,
        "last_position_UTC": "2025-12-02T22:09:00Z"
      },
      {
        "lat": 54.377899,
        "lon": 7.3259416,
        "speed": 1.2,
        "course": 37,
        "heading": 301,
        "destination": "DEHAM",
        "last_position_epoch": 1764711540,
        "last_position_UTC": "2025-12-02T21:39:00Z"
      },
      {
        "lat": 54.369167,
        "lon": 7.3132749,
        "speed": 1.3,
        "course": 41,
        "heading": 297,
        "destination": "DEHAM",
        "last_position_epoch": 1764709740,
        "last_position_UTC": "2025-12-02T21:09:00Z"
      },
      {
        "lat": 54.361446,
        "lon": 7.2983165,
        "speed": 1.3,
        "course": 54,
        "heading": 296,
        "destination": "DEHAM",
        "last_position_epoch": 1764708000,
        "last_position_UTC": "2025-12-02T20:40:00Z"
      },
      {
        "lat": 54.354881,
        "lon": 7.2815886,
        "speed": 1.3,
        "course": 64,
        "heading": 307,
        "destination": "DEHAM",
        "last_position_epoch": 1764706200,
        "last_position_UTC": "2025-12-02T20:10:00Z"
      },
      {
        "lat": 54.350235,
        "lon": 7.2598548,
        "speed": 1.6,
        "course": 73,
        "heading": 310,
        "destination": "DEHAM",
        "last_position_epoch": 1764704340,
        "last_position_UTC": "2025-12-02T19:39:00Z"
      },
      {
        "lat": 54.345634,
        "lon": 7.2360201,
        "speed": 1.7,
        "course": 72,
        "heading": 311,
        "destination": "DEHAM",
        "last_position_epoch": 1764702480,
        "last_position_UTC": "2025-12-02T19:08:00Z"
      },
      {
        "lat": 54.342426,
        "lon": 7.2119164,
        "speed": 1.8,
        "course": 80,
        "heading": 314,
        "destination": "DEHAM",
        "last_position_epoch": 1764700800,
        "last_position_UTC": "2025-12-02T18:40:00Z"
      },
      {
        "lat": 54.339775,
        "lon": 7.1827831,
        "speed": 2,
        "course": 80,
        "heading": 314,
        "destination": "DEHAM",
        "last_position_epoch": 1764698880,
        "last_position_UTC": "2025-12-02T18:08:00Z"
      },
      {
        "lat": 54.336124,
        "lon": 7.1533952,
        "speed": 2.2,
        "course": 76,
        "heading": 309,
        "destination": "DEHAM",
        "last_position_epoch": 1764697080,
        "last_position_UTC": "2025-12-02T17:38:00Z"
      },
      {
        "lat": 54.33202,
        "lon": 7.1230617,
        "speed": 2.2,
        "course": 77,
        "heading": 310,
        "destination": "DEHAM",
        "last_position_epoch": 1764695400,
        "last_position_UTC": "2025-12-02T17:10:00Z"
      },
      {
        "lat": 54.328171,
        "lon": 7.0925632,
        "speed": 2.2,
        "course": 77,
        "heading": 313,
        "destination": "DEHAM",
        "last_position_epoch": 1764693600,
        "last_position_UTC": "2025-12-02T16:40:00Z"
      },
      {
        "lat": 54.323574,
        "lon": 7.0602117,
        "speed": 2.2,
        "course": 74,
        "heading": 310,
        "destination": "DEHAM",
        "last_position_epoch": 1764691740,
        "last_position_UTC": "2025-12-02T16:09:00Z"
      },
      {
        "lat": 54.309898,
        "lon": 7.0244064,
        "speed": 1.6,
        "course": 29,
        "heading": 290,
        "destination": "DEHAM",
        "last_position_epoch": 1764688800,
        "last_position_UTC": "2025-12-02T15:20:00Z"
      },
      {
        "lat": 54.300713,
        "lon": 7.0608435,
        "speed": 5,
        "course": 209,
        "heading": 206,
        "destination": "DEHAM",
        "last_position_epoch": 1764685260,
        "last_position_UTC": "2025-12-02T14:21:00Z"
      },
      {
        "lat": 54.340946,
        "lon": 7.0969281,
        "speed": 4.8,
        "course": 209,
        "heading": 205,
        "destination": "DEHAM",
        "last_position_epoch": 1764683880,
        "last_position_UTC": "2025-12-02T13:58:00Z"
      },
      {
        "lat": 54.36525,
        "lon": 7.1198483,
        "speed": 4.5,
        "course": 209,
        "heading": 205,
        "destination": "DEHAM",
        "last_position_epoch": 1764682680,
        "last_position_UTC": "2025-12-02T13:38:00Z"
      },
      {
        "lat": 54.386375,
        "lon": 7.1452985,
        "speed": 4.5,
        "course": 213,
        "heading": 209,
        "destination": "DEHAM",
        "last_position_epoch": 1764680820,
        "last_position_UTC": "2025-12-02T13:07:00Z"
      },
      {
        "lat": 54.415218,
        "lon": 7.1844134,
        "speed": 4.5,
        "course": 217,
        "heading": 210,
        "destination": "DEHAM",
        "last_position_epoch": 1764679260,
        "last_position_UTC": "2025-12-02T12:41:00Z"
      },
      {
        "lat": 54.446079,
        "lon": 7.2223816,
        "speed": 4.3,
        "course": 214,
        "heading": 208,
        "destination": "DEHAM",
        "last_position_epoch": 1764677280,
        "last_position_UTC": "2025-12-02T12:08:00Z"
      },
      {
        "lat": 54.46648,
        "lon": 7.2459183,
        "speed": 4,
        "course": 213,
        "heading": 204,
        "destination": "DEHAM",
        "last_position_epoch": 1764675780,
        "last_position_UTC": "2025-12-02T11:43:00Z"
      },
      {
        "lat": 54.502804,
        "lon": 7.2916918,
        "speed": 3.9,
        "course": 213,
        "heading": 205,
        "destination": "DEHAM",
        "last_position_epoch": 1764673800,
        "last_position_UTC": "2025-12-02T11:10:00Z"
      },
      {
        "lat": 54.520378,
        "lon": 7.3113766,
        "speed": 3.5,
        "course": 211,
        "heading": 205,
        "destination": "DEHAM",
        "last_position_epoch": 1764671940,
        "last_position_UTC": "2025-12-02T10:39:00Z"
      },
      {
        "lat": 54.551006,
        "lon": 7.3522034,
        "speed": 3.5,
        "course": 224,
        "heading": 209,
        "destination": "DEHAM",
        "last_position_epoch": 1764670080,
        "last_position_UTC": "2025-12-02T10:08:00Z"
      },
      {
        "lat": 54.564594,
        "lon": 7.3732285,
        "speed": 3.4,
        "course": 219,
        "heading": 212,
        "destination": "DEHAM",
        "last_position_epoch": 1764668460,
        "last_position_UTC": "2025-12-02T09:41:00Z"
      },
      {
        "lat": 54.585426,
        "lon": 7.4088383,
        "speed": 4,
        "course": 222,
        "heading": 215,
        "destination": "DEHAM",
        "last_position_epoch": 1764666600,
        "last_position_UTC": "2025-12-02T09:10:00Z"
      },
      {
        "lat": 54.602112,
        "lon": 7.4464149,
        "speed": 2.5,
        "course": 335,
        "heading": 274,
        "destination": "DEHAM",
        "last_position_epoch": 1764664740,
        "last_position_UTC": "2025-12-02T08:39:00Z"
      },
      {
        "lat": 54.587452,
        "lon": 7.423975,
        "speed": 2.5,
        "course": 59,
        "heading": 317,
        "destination": "DEHAM",
        "last_position_epoch": 1764662820,
        "last_position_UTC": "2025-12-02T08:07:00Z"
      },
      {
        "lat": 54.577278,
        "lon": 7.3925219,
        "speed": 2.5,
        "course": 61,
        "heading": 309,
        "destination": "DEHAM",
        "last_position_epoch": 1764661140,
        "last_position_UTC": "2025-12-02T07:39:00Z"
      },
      {
        "lat": 54.560818,
        "lon": 7.3479815,
        "speed": 3,
        "course": 55,
        "heading": 305,
        "destination": "DEHAM",
        "last_position_epoch": 1764659340,
        "last_position_UTC": "2025-12-02T07:09:00Z"
      },
      {
        "lat": 54.54858,
        "lon": 7.3145719,
        "speed": 2.7,
        "course": 59,
        "heading": 298,
        "destination": "DEHAM",
        "last_position_epoch": 1764657600,
        "last_position_UTC": "2025-12-02T06:40:00Z"
      },
      {
        "lat": 54.539478,
        "lon": 7.2900414,
        "speed": 2.7,
        "course": 58,
        "heading": 299,
        "destination": "DEHAM",
        "last_position_epoch": 1764655860,
        "last_position_UTC": "2025-12-02T06:11:00Z"
      },
      {
        "lat": 54.527561,
        "lon": 7.2524433,
        "speed": 3,
        "course": 62,
        "heading": 295,
        "destination": "DEHAM",
        "last_position_epoch": 1764654000,
        "last_position_UTC": "2025-12-02T05:40:00Z"
      },
      {
        "lat": 54.514748,
        "lon": 7.2156682,
        "speed": 3.2,
        "course": 60,
        "heading": 296,
        "destination": "DEHAM",
        "last_position_epoch": 1764652260,
        "last_position_UTC": "2025-12-02T05:11:00Z"
      },
      {
        "lat": 54.501888,
        "lon": 7.1751752,
        "speed": 2.9,
        "course": 62,
        "heading": 295,
        "destination": "DEHAM",
        "last_position_epoch": 1764650400,
        "last_position_UTC": "2025-12-02T04:40:00Z"
      },
      {
        "lat": 54.488071,
        "lon": 7.1354084,
        "speed": 3,
        "course": 55,
        "heading": 291,
        "destination": "DEHAM",
        "last_position_epoch": 1764648780,
        "last_position_UTC": "2025-12-02T04:13:00Z"
      },
      {
        "lat": 54.474483,
        "lon": 7.09835,
        "speed": 3,
        "course": 60,
        "heading": 291,
        "destination": "DEHAM",
        "last_position_epoch": 1764647040,
        "last_position_UTC": "2025-12-02T03:44:00Z"
      },
      {
        "lat": 54.449814,
        "lon": 7.037735,
        "speed": 3,
        "course": 53,
        "heading": 285,
        "destination": "DEHAM",
        "last_position_epoch": 1764643620,
        "last_position_UTC": "2025-12-02T02:47:00Z"
      },
      {
        "lat": 54.434105,
        "lon": 7.0067601,
        "speed": 2.9,
        "course": 44,
        "heading": 285,
        "destination": "DEHAM",
        "last_position_epoch": 1764641820,
        "last_position_UTC": "2025-12-02T02:17:00Z"
      },
      {
        "lat": 54.42391333333333,
        "lon": 6.989821666666667,
        "speed": 2.5,
        "course": 44.1,
        "heading": 286,
        "destination": "DEHAM",
        "last_position_epoch": 1764640521,
        "last_position_UTC": "2025-12-02T01:55:21Z"
      },
      {
        "lat": 54.412373,
        "lon": 6.9728017,
        "speed": 2.7,
        "course": 41,
        "heading": 289,
        "destination": "DEHAM",
        "last_position_epoch": 1764639900,
        "last_position_UTC": "2025-12-02T01:45:00Z"
      },
      {
        "lat": 54.394009,
        "lon": 6.9473219,
        "speed": 2.5,
        "course": 37,
        "heading": 289,
        "destination": "DEHAM",
        "last_position_epoch": 1764637800,
        "last_position_UTC": "2025-12-02T01:10:00Z"
      },
      {
        "lat": 54.377178,
        "lon": 6.9261732,
        "speed": 2.5,
        "course": 38,
        "heading": 290,
        "destination": "DEHAM",
        "last_position_epoch": 1764636060,
        "last_position_UTC": "2025-12-02T00:41:00Z"
      },
      {
        "lat": 54.35994,
        "lon": 6.9038568,
        "speed": 2.9,
        "course": 36,
        "heading": 292,
        "destination": "DEHAM",
        "last_position_epoch": 1764634320,
        "last_position_UTC": "2025-12-02T00:12:00Z"
      },
      {
        "lat": 54.341702,
        "lon": 6.8826585,
        "speed": 2.2,
        "course": 34,
        "heading": 294,
        "destination": "DEHAM",
        "last_position_epoch": 1764632520,
        "last_position_UTC": "2025-12-01T23:42:00Z"
      },
      {
        "lat": 54.324333,
        "lon": 6.8612299,
        "speed": 2.5,
        "course": 38,
        "heading": 294,
        "destination": "DEHAM",
        "last_position_epoch": 1764630720,
        "last_position_UTC": "2025-12-01T23:12:00Z"
      },
      {
        "lat": 54.306366,
        "lon": 6.8393235,
        "speed": 2.7,
        "course": 30,
        "heading": 290,
        "destination": "DEHAM",
        "last_position_epoch": 1764628920,
        "last_position_UTC": "2025-12-01T22:42:00Z"
      },
      {
        "lat": 54.291168,
        "lon": 6.8323832,
        "speed": 3,
        "course": 2,
        "heading": 276,
        "destination": "DEHAM",
        "last_position_epoch": 1764627060,
        "last_position_UTC": "2025-12-01T22:11:00Z"
      },
      {
        "lat": 54.280735,
        "lon": 6.8625932,
        "speed": 4.5,
        "course": 177,
        "heading": 185,
        "destination": "DEHAM",
        "last_position_epoch": 1764625260,
        "last_position_UTC": "2025-12-01T21:41:00Z"
      },
      {
        "lat": 54.31797,
        "lon": 6.8581681,
        "speed": 4.8,
        "course": 176,
        "heading": 183,
        "destination": "DEHAM",
        "last_position_epoch": 1764623400,
        "last_position_UTC": "2025-12-01T21:10:00Z"
      },
      {
        "lat": 54.342674,
        "lon": 6.8564968,
        "speed": 4.5,
        "course": 183,
        "heading": 187,
        "destination": "DEHAM",
        "last_position_epoch": 1764621600,
        "last_position_UTC": "2025-12-01T20:40:00Z"
      },
      {
        "lat": 54.380669,
        "lon": 6.8536849,
        "speed": 4.3,
        "course": 177,
        "heading": 187,
        "destination": "DEHAM",
        "last_position_epoch": 1764619800,
        "last_position_UTC": "2025-12-01T20:10:00Z"
      },
      {
        "lat": 54.418495,
        "lon": 6.8766031,
        "speed": 3.5,
        "course": 211,
        "heading": 207,
        "destination": "DEHAM",
        "last_position_epoch": 1764618000,
        "last_position_UTC": "2025-12-01T19:40:00Z"
      },
      {
        "lat": 54.443775,
        "lon": 6.9005618,
        "speed": 3.2,
        "course": 212,
        "heading": 208,
        "destination": "DEHAM",
        "last_position_epoch": 1764616080,
        "last_position_UTC": "2025-12-01T19:08:00Z"
      },
      {
        "lat": 54.470638,
        "lon": 6.9200482,
        "speed": 3.5,
        "course": 202,
        "heading": 205,
        "destination": "DEHAM",
        "last_position_epoch": 1764614340,
        "last_position_UTC": "2025-12-01T18:39:00Z"
      },
      {
        "lat": 54.491295,
        "lon": 6.9254751,
        "speed": 3.9,
        "course": 187,
        "heading": 199,
        "destination": "DEHAM",
        "last_position_epoch": 1764612600,
        "last_position_UTC": "2025-12-01T18:10:00Z"
      },
      {
        "lat": 54.521694,
        "lon": 6.9325051,
        "speed": 3.7,
        "course": 188,
        "heading": 200,
        "destination": "DEHAM",
        "last_position_epoch": 1764610800,
        "last_position_UTC": "2025-12-01T17:40:00Z"
      },
      {
        "lat": 54.563805,
        "lon": 6.9443498,
        "speed": 3.9,
        "course": 190,
        "heading": 201,
        "destination": "DEHAM",
        "last_position_epoch": 1764609060,
        "last_position_UTC": "2025-12-01T17:11:00Z"
      },
      {
        "lat": 54.595745,
        "lon": 6.95086,
        "speed": 4.1,
        "course": 188,
        "heading": 199,
        "destination": "DEHAM",
        "last_position_epoch": 1764607200,
        "last_position_UTC": "2025-12-01T16:40:00Z"
      },
      {
        "lat": 54.618141,
        "lon": 6.9552717,
        "speed": 4,
        "course": 185,
        "heading": 200,
        "destination": "DEHAM",
        "last_position_epoch": 1764605400,
        "last_position_UTC": "2025-12-01T16:10:00Z"
      },
      {
        "lat": 54.651955,
        "lon": 6.9590368,
        "speed": 3.9,
        "course": 173,
        "heading": 195,
        "destination": "DEHAM",
        "last_position_epoch": 1764603660,
        "last_position_UTC": "2025-12-01T15:41:00Z"
      },
      {
        "lat": 54.660069,
        "lon": 6.9644017,
        "speed": 2.7,
        "course": 26,
        "heading": 291,
        "destination": "DEHAM",
        "last_position_epoch": 1764601800,
        "last_position_UTC": "2025-12-01T15:10:00Z"
      },
      {
        "lat": 54.64489,
        "lon": 6.9237385,
        "speed": 3,
        "course": 58,
        "heading": 298,
        "destination": "DEHAM",
        "last_position_epoch": 1764600000,
        "last_position_UTC": "2025-12-01T14:40:00Z"
      },
      {
        "lat": 54.628422,
        "lon": 6.8863468,
        "speed": 3,
        "course": 50,
        "heading": 296,
        "destination": "DEHAM",
        "last_position_epoch": 1764598140,
        "last_position_UTC": "2025-12-01T14:09:00Z"
      },
      {
        "lat": 54.612175,
        "lon": 6.8544369,
        "speed": 2.7,
        "course": 45,
        "heading": 295,
        "destination": "DEHAM",
        "last_position_epoch": 1764596400,
        "last_position_UTC": "2025-12-01T13:40:00Z"
      },
      {
        "lat": 54.595325,
        "lon": 6.82581,
        "speed": 2.7,
        "course": 41,
        "heading": 291,
        "destination": "DEHAM",
        "last_position_epoch": 1764594600,
        "last_position_UTC": "2025-12-01T13:10:00Z"
      },
      {
        "lat": 54.577866,
        "lon": 6.7995701,
        "speed": 2.5,
        "course": 40,
        "heading": 294,
        "destination": "DEHAM",
        "last_position_epoch": 1764592800,
        "last_position_UTC": "2025-12-01T12:40:00Z"
      },
      {
        "lat": 54.55994,
        "lon": 6.7752767,
        "speed": 2.5,
        "course": 36,
        "heading": 297,
        "destination": "DEHAM",
        "last_position_epoch": 1764591000,
        "last_position_UTC": "2025-12-01T12:10:00Z"
      },
      {
        "lat": 54.542034,
        "lon": 6.7540851,
        "speed": 2.5,
        "course": 36,
        "heading": 298,
        "destination": "DEHAM",
        "last_position_epoch": 1764589260,
        "last_position_UTC": "2025-12-01T11:41:00Z"
      },
      {
        "lat": 54.518726,
        "lon": 6.725625,
        "speed": 2.5,
        "course": 35,
        "heading": 300,
        "destination": "DEHAM",
        "last_position_epoch": 1764587460,
        "last_position_UTC": "2025-12-01T11:11:00Z"
      },
      {
        "lat": 54.507118,
        "lon": 6.711225,
        "speed": 2.5,
        "course": 34,
        "heading": 295,
        "destination": "DEHAM",
        "last_position_epoch": 1764585600,
        "last_position_UTC": "2025-12-01T10:40:00Z"
      },
      {
        "lat": 54.489719,
        "lon": 6.6908717,
        "speed": 2.5,
        "course": 38,
        "heading": 299,
        "destination": "DEHAM",
        "last_position_epoch": 1764583860,
        "last_position_UTC": "2025-12-01T10:11:00Z"
      },
      {
        "lat": 54.472328,
        "lon": 6.6697135,
        "speed": 2.2,
        "course": 32,
        "heading": 298,
        "destination": "DEHAM",
        "last_position_epoch": 1764582000,
        "last_position_UTC": "2025-12-01T09:40:00Z"
      },
      {
        "lat": 54.4562,
        "lon": 6.6486769,
        "speed": 2.5,
        "course": 38,
        "heading": 303,
        "destination": "DEHAM",
        "last_position_epoch": 1764580200,
        "last_position_UTC": "2025-12-01T09:10:00Z"
      },
      {
        "lat": 54.44088,
        "lon": 6.6242166,
        "speed": 2.2,
        "course": 39,
        "heading": 304,
        "destination": "DEHAM",
        "last_position_epoch": 1764578340,
        "last_position_UTC": "2025-12-01T08:39:00Z"
      },
      {
        "lat": 54.422813,
        "lon": 6.6109567,
        "speed": 2.7,
        "course": 329,
        "heading": 281,
        "destination": "DEHAM",
        "last_position_epoch": 1764576540,
        "last_position_UTC": "2025-12-01T08:09:00Z"
      },
      {
        "lat": 54.407398,
        "lon": 6.6605549,
        "speed": 3.7,
        "course": 289,
        "heading": 262,
        "destination": "DEHAM",
        "last_position_epoch": 1764574740,
        "last_position_UTC": "2025-12-01T07:39:00Z"
      },
      {
        "lat": 54.391685,
        "lon": 6.7263732,
        "speed": 3.4,
        "course": 292,
        "heading": 263,
        "destination": "DEHAM",
        "last_position_epoch": 1764572880,
        "last_position_UTC": "2025-12-01T07:08:00Z"
      },
      {
        "lat": 54.382965,
        "lon": 6.7555552,
        "speed": 3.7,
        "course": 300,
        "heading": 274,
        "destination": "DEHAM",
        "last_position_epoch": 1764571140,
        "last_position_UTC": "2025-12-01T06:39:00Z"
      },
      {
        "lat": 54.368767,
        "lon": 6.802,
        "speed": 3.5,
        "course": 297,
        "heading": 274,
        "destination": "DEHAM",
        "last_position_epoch": 1764569340,
        "last_position_UTC": "2025-12-01T06:09:00Z"
      },
      {
        "lat": 54.355434,
        "lon": 6.8490119,
        "speed": 3.5,
        "course": 297,
        "heading": 274,
        "destination": "DEHAM",
        "last_position_epoch": 1764567540,
        "last_position_UTC": "2025-12-01T05:39:00Z"
      },
      {
        "lat": 54.343182,
        "lon": 6.8883548,
        "speed": 3,
        "course": 300,
        "heading": 274,
        "destination": "DEHAM",
        "last_position_epoch": 1764565800,
        "last_position_UTC": "2025-12-01T05:10:00Z"
      },
      {
        "lat": 54.331688,
        "lon": 6.9253883,
        "speed": 2.2,
        "course": 295,
        "heading": 274,
        "destination": "DEHAM",
        "last_position_epoch": 1764564000,
        "last_position_UTC": "2025-12-01T04:40:00Z"
      },
      {
        "lat": 54.32518,
        "lon": 6.9478717,
        "speed": 2.4,
        "course": 298,
        "heading": 274,
        "destination": "DEHAM",
        "last_position_epoch": 1764562200,
        "last_position_UTC": "2025-12-01T04:10:00Z"
      },
      {
        "lat": 54.317375,
        "lon": 6.97574,
        "speed": 1.8,
        "course": 299,
        "heading": 275,
        "destination": "DEHAM",
        "last_position_epoch": 1764560640,
        "last_position_UTC": "2025-12-01T03:44:00Z"
      },
      {
        "lat": 54.310066,
        "lon": 7.0016084,
        "speed": 1.7,
        "course": 284,
        "heading": 275,
        "destination": "DEHAM",
        "last_position_epoch": 1764558780,
        "last_position_UTC": "2025-12-01T03:13:00Z"
      },
      {
        "lat": 54.302315,
        "lon": 7.0256715,
        "speed": 2,
        "course": 295,
        "heading": 280,
        "destination": "DEHAM",
        "last_position_epoch": 1764557040,
        "last_position_UTC": "2025-12-01T02:44:00Z"
      },
      {
        "lat": 54.2822,
        "lon": 7.0838599,
        "speed": 3.2,
        "course": 300,
        "heading": 285,
        "destination": "DEHAM",
        "last_position_epoch": 1764553920,
        "last_position_UTC": "2025-12-01T01:52:00Z"
      },
      {
        "lat": 54.266628,
        "lon": 7.1398749,
        "speed": 3,
        "course": 293,
        "heading": 282,
        "destination": "DEHAM",
        "last_position_epoch": 1764551820,
        "last_position_UTC": "2025-12-01T01:17:00Z"
      },
      {
        "lat": 54.258541,
        "lon": 7.16679,
        "speed": 3.5,
        "course": 319,
        "heading": 299,
        "destination": "DEHAM",
        "last_position_epoch": 1764550080,
        "last_position_UTC": "2025-12-01T00:48:00Z"
      },
      {
        "lat": 54.258141,
        "lon": 7.153615,
        "speed": 1.5,
        "course": 130,
        "heading": 15,
        "destination": "DEHAM",
        "last_position_epoch": 1764548520,
        "last_position_UTC": "2025-12-01T00:22:00Z"
      },
      {
        "lat": 54.264427,
        "lon": 7.1360002,
        "speed": 1.5,
        "course": 128,
        "heading": 7,
        "destination": "DEHAM",
        "last_position_epoch": 1764546660,
        "last_position_UTC": "2025-11-30T23:51:00Z"
      },
      {
        "lat": 54.267647,
        "lon": 7.1256886,
        "speed": 1.2,
        "course": 100,
        "heading": 16,
        "destination": "DEHAM",
        "last_position_epoch": 1764545434,
        "last_position_UTC": "2025-11-30T23:30:34Z"
      },
      {
        "lat": 54.275814,
        "lon": 7.0961719,
        "speed": 1.2,
        "course": 99,
        "heading": 4,
        "destination": "DEHAM",
        "last_position_epoch": 1764542820,
        "last_position_UTC": "2025-11-30T22:47:00Z"
      },
      {
        "lat": 54.298656,
        "lon": 7.0459685,
        "speed": 1.7,
        "course": 130,
        "heading": 18,
        "destination": "DEHAM",
        "last_position_epoch": 1764537300,
        "last_position_UTC": "2025-11-30T21:15:00Z"
      },
      {
        "lat": 54.308201,
        "lon": 7.0303898,
        "speed": 1.7,
        "course": 141,
        "heading": 31,
        "destination": "DEHAM",
        "last_position_epoch": 1764535500,
        "last_position_UTC": "2025-11-30T20:45:00Z"
      },
      {
        "lat": 54.352795,
        "lon": 6.8863115,
        "speed": 2.2,
        "course": 109,
        "heading": 11,
        "destination": "DEHAM",
        "last_position_epoch": 1764526200,
        "last_position_UTC": "2025-11-30T18:10:00Z"
      },
      {
        "lat": 54.363899,
        "lon": 6.8489718,
        "speed": 2.7,
        "course": 115,
        "heading": 17,
        "destination": "DEHAM",
        "last_position_epoch": 1764524340,
        "last_position_UTC": "2025-11-30T17:39:00Z"
      },
      {
        "lat": 54.375584,
        "lon": 6.8105583,
        "speed": 2.9,
        "course": 123,
        "heading": 18,
        "destination": "DEHAM",
        "last_position_epoch": 1764522540,
        "last_position_UTC": "2025-11-30T17:09:00Z"
      },
      {
        "lat": 54.388348,
        "lon": 6.7682219,
        "speed": 3.5,
        "course": 116,
        "heading": 14,
        "destination": "DEHAM",
        "last_position_epoch": 1764520680,
        "last_position_UTC": "2025-11-30T16:38:00Z"
      },
      {
        "lat": 54.399525,
        "lon": 6.7264066,
        "speed": 3.5,
        "course": 116,
        "heading": 16,
        "destination": "DEHAM",
        "last_position_epoch": 1764518880,
        "last_position_UTC": "2025-11-30T16:08:00Z"
      },
      {
        "lat": 54.412792,
        "lon": 6.6808,
        "speed": 3,
        "course": 117,
        "heading": 18,
        "destination": "DEHAM",
        "last_position_epoch": 1764517080,
        "last_position_UTC": "2025-11-30T15:38:00Z"
      },
      {
        "lat": 54.423923,
        "lon": 6.6339283,
        "speed": 3,
        "course": 107,
        "heading": 3,
        "destination": "DEHAM",
        "last_position_epoch": 1764515280,
        "last_position_UTC": "2025-11-30T15:08:00Z"
      },
      {
        "lat": 54.427025,
        "lon": 6.5852485,
        "speed": 3.9,
        "course": 84,
        "heading": 347,
        "destination": "DEHAM",
        "last_position_epoch": 1764513540,
        "last_position_UTC": "2025-11-30T14:39:00Z"
      },
      {
        "lat": 54.401039,
        "lon": 6.5517616,
        "speed": 6.4,
        "course": 1,
        "heading": 334,
        "destination": "DEHAM",
        "last_position_epoch": 1764511740,
        "last_position_UTC": "2025-11-30T14:09:00Z"
      },
      {
        "lat": 54.377033,
        "lon": 6.5962534,
        "speed": 1.7,
        "course": 192,
        "heading": 233,
        "destination": "DEHAM",
        "last_position_epoch": 1764509880,
        "last_position_UTC": "2025-11-30T13:38:00Z"
      },
      {
        "lat": 54.36824,
        "lon": 6.5993948,
        "speed": 2.2,
        "course": 345,
        "heading": 255,
        "destination": "DEHAM",
        "last_position_epoch": 1764508080,
        "last_position_UTC": "2025-11-30T13:08:00Z"
      },
      {
        "lat": 54.35498,
        "lon": 6.6247702,
        "speed": 2,
        "course": 324,
        "heading": 250,
        "destination": "DEHAM",
        "last_position_epoch": 1764506340,
        "last_position_UTC": "2025-11-30T12:39:00Z"
      },
      {
        "lat": 54.34137,
        "lon": 6.6431632,
        "speed": 2.2,
        "course": 298,
        "heading": 250,
        "destination": "DEHAM",
        "last_position_epoch": 1764504480,
        "last_position_UTC": "2025-11-30T12:08:00Z"
      },
      {
        "lat": 54.324947,
        "lon": 6.6651249,
        "speed": 3,
        "course": 311,
        "heading": 265,
        "destination": "DEHAM",
        "last_position_epoch": 1764502740,
        "last_position_UTC": "2025-11-30T11:39:00Z"
      },
      {
        "lat": 54.313965,
        "lon": 6.7010365,
        "speed": 2.2,
        "course": 314,
        "heading": 256,
        "destination": "DEHAM",
        "last_position_epoch": 1764500940,
        "last_position_UTC": "2025-11-30T11:09:00Z"
      },
      {
        "lat": 54.297665,
        "lon": 6.7311516,
        "speed": 2,
        "course": 315,
        "heading": 251,
        "destination": "DEHAM",
        "last_position_epoch": 1764499080,
        "last_position_UTC": "2025-11-30T10:38:00Z"
      },
      {
        "lat": 54.281086,
        "lon": 6.7602649,
        "speed": 3.9,
        "course": 296,
        "heading": 265,
        "destination": "DEHAM",
        "last_position_epoch": 1764497340,
        "last_position_UTC": "2025-11-30T10:09:00Z"
      },
      {
        "lat": 54.292767,
        "lon": 6.7801199,
        "speed": 3.7,
        "course": 192,
        "heading": 210,
        "destination": "DEHAM",
        "last_position_epoch": 1764495540,
        "last_position_UTC": "2025-11-30T09:39:00Z"
      },
      {
        "lat": 54.323734,
        "lon": 6.7930117,
        "speed": 4,
        "course": 193,
        "heading": 211,
        "destination": "DEHAM",
        "last_position_epoch": 1764493680,
        "last_position_UTC": "2025-11-30T09:08:00Z"
      },
      {
        "lat": 54.342319,
        "lon": 6.7844148,
        "speed": 2.2,
        "course": 153,
        "heading": 202,
        "destination": "DEHAM",
        "last_position_epoch": 1764491940,
        "last_position_UTC": "2025-11-30T08:39:00Z"
      },
      {
        "lat": 54.353779,
        "lon": 6.7964716,
        "speed": 1.8,
        "course": 223,
        "heading": 230,
        "destination": "DEHAM",
        "last_position_epoch": 1764490200,
        "last_position_UTC": "2025-11-30T08:10:00Z"
      },
      {
        "lat": 54.36768,
        "lon": 6.8236284,
        "speed": 2.2,
        "course": 233,
        "heading": 227,
        "destination": "DEHAM",
        "last_position_epoch": 1764488400,
        "last_position_UTC": "2025-11-30T07:40:00Z"
      },
      {
        "lat": 54.376839,
        "lon": 6.8407416,
        "speed": 2.5,
        "course": 227,
        "heading": 227,
        "destination": "DEHAM",
        "last_position_epoch": 1764486600,
        "last_position_UTC": "2025-11-30T07:10:00Z"
      },
      {
        "lat": 54.390598,
        "lon": 6.8680582,
        "speed": 2.7,
        "course": 213,
        "heading": 224,
        "destination": "DEHAM",
        "last_position_epoch": 1764484800,
        "last_position_UTC": "2025-11-30T06:40:00Z"
      },
      {
        "lat": 54.406216,
        "lon": 6.8905001,
        "speed": 2.2,
        "course": 228,
        "heading": 220,
        "destination": "DEHAM",
        "last_position_epoch": 1764483360,
        "last_position_UTC": "2025-11-30T06:16:00Z"
      },
      {
        "lat": 54.418087,
        "lon": 6.9112082,
        "speed": 1.7,
        "course": 225,
        "heading": 219,
        "destination": "DEHAM",
        "last_position_epoch": 1764481140,
        "last_position_UTC": "2025-11-30T05:39:00Z"
      },
      {
        "lat": 54.428253,
        "lon": 6.9310565,
        "speed": 1.7,
        "course": 228,
        "heading": 220,
        "destination": "DEHAM",
        "last_position_epoch": 1764479340,
        "last_position_UTC": "2025-11-30T05:09:00Z"
      },
      {
        "lat": 54.437817,
        "lon": 6.9549398,
        "speed": 2,
        "course": 219,
        "heading": 225,
        "destination": "DEHAM",
        "last_position_epoch": 1764477540,
        "last_position_UTC": "2025-11-30T04:39:00Z"
      },
      {
        "lat": 54.44978,
        "lon": 6.9796934,
        "speed": 2.2,
        "course": 236,
        "heading": 225,
        "destination": "DEHAM",
        "last_position_epoch": 1764475800,
        "last_position_UTC": "2025-11-30T04:10:00Z"
      },
      {
        "lat": 54.462448,
        "lon": 7.0100217,
        "speed": 2.9,
        "course": 226,
        "heading": 229,
        "destination": "DEHAM",
        "last_position_epoch": 1764474240,
        "last_position_UTC": "2025-11-30T03:44:00Z"
      },
      {
        "lat": 54.503395,
        "lon": 7.1049666,
        "speed": 3,
        "course": 244,
        "heading": 240,
        "destination": "DEHAM",
        "last_position_epoch": 1764469020,
        "last_position_UTC": "2025-11-30T02:17:00Z"
      },
      {
        "lat": 54.513168,
        "lon": 7.1494718,
        "speed": 3.5,
        "course": 251,
        "heading": 240,
        "destination": "DEHAM",
        "last_position_epoch": 1764467220,
        "last_position_UTC": "2025-11-30T01:47:00Z"
      },
      {
        "lat": 54.534119,
        "lon": 7.2245865,
        "speed": 3.5,
        "course": 243,
        "heading": 227,
        "destination": "DEHAM",
        "last_position_epoch": 1764463800,
        "last_position_UTC": "2025-11-30T00:50:00Z"
      },
      {
        "lat": 54.536072,
        "lon": 7.2759066,
        "speed": 4.5,
        "course": 301,
        "heading": 286,
        "destination": "DEHAM",
        "last_position_epoch": 1764462060,
        "last_position_UTC": "2025-11-30T00:21:00Z"
      },
      {
        "lat": 54.492966,
        "lon": 7.3235435,
        "speed": 6.8,
        "course": 345,
        "heading": 339,
        "destination": "DEHAM",
        "last_position_epoch": 1764460020,
        "last_position_UTC": "2025-11-29T23:47:00Z"
      },
      {
        "lat": 54.433418,
        "lon": 7.3268452,
        "speed": 7.5,
        "course": 359,
        "heading": 0,
        "destination": "DEHAM",
        "last_position_epoch": 1764458100,
        "last_position_UTC": "2025-11-29T23:15:00Z"
      },
      {
        "lat": 54.353615,
        "lon": 7.2944465,
        "speed": 7.4,
        "course": 11,
        "heading": 15,
        "destination": "DEHAM",
        "last_position_epoch": 1764455940,
        "last_position_UTC": "2025-11-29T22:39:00Z"
      },
      {
        "lat": 54.290966,
        "lon": 7.2927952,
        "speed": 7.4,
        "course": 353,
        "heading": 355,
        "destination": "DEHAM",
        "last_position_epoch": 1764454200,
        "last_position_UTC": "2025-11-29T22:10:00Z"
      },
      {
        "lat": 54.251114,
        "lon": 7.3005433,
        "speed": 7.5,
        "course": 351,
        "heading": 354,
        "destination": "DEHAM",
        "last_position_epoch": 1764452520,
        "last_position_UTC": "2025-11-29T21:42:00Z"
      },
      {
        "lat": 54.188206,
        "lon": 7.3159084,
        "speed": 7.3,
        "course": 352,
        "heading": 356,
        "destination": "DEHAM",
        "last_position_epoch": 1764450660,
        "last_position_UTC": "2025-11-29T21:11:00Z"
      },
      {
        "lat": 54.110386,
        "lon": 7.3411484,
        "speed": 7,
        "course": 348,
        "heading": 351,
        "destination": "DEHAM",
        "last_position_epoch": 1764448860,
        "last_position_UTC": "2025-11-29T20:41:00Z"
      },
      {
        "lat": 54.074154,
        "lon": 7.3653584,
        "speed": 7,
        "course": 332,
        "heading": 334,
        "destination": "DEHAM",
        "last_position_epoch": 1764447060,
        "last_position_UTC": "2025-11-29T20:11:00Z"
      },
      {
        "lat": 54.029919,
        "lon": 7.4127216,
        "speed": 3.7,
        "course": 308,
        "heading": 315,
        "destination": "DEHAM",
        "last_position_epoch": 1764445140,
        "last_position_UTC": "2025-11-29T19:39:00Z"
      },
      {
        "lat": 54.03046,
        "lon": 7.4279833,
        "speed": 0.3,
        "course": 184,
        "heading": 165,
        "destination": "DEHAM",
        "last_position_epoch": 1764443400,
        "last_position_UTC": "2025-11-29T19:10:00Z"
      },
      {
        "lat": 54.031818,
        "lon": 7.4294634,
        "speed": 0.1,
        "course": 305,
        "heading": 179,
        "destination": "DEHAM",
        "last_position_epoch": 1764441660,
        "last_position_UTC": "2025-11-29T18:41:00Z"
      },
      {
        "lat": 54.031734,
        "lon": 7.4297981,
        "speed": 0.1,
        "course": 292,
        "heading": 194,
        "destination": "DEHAM",
        "last_position_epoch": 1764439620,
        "last_position_UTC": "2025-11-29T18:07:00Z"
      },
      {
        "lat": 54.031765,
        "lon": 7.4301233,
        "speed": 0.1,
        "course": 289,
        "heading": 192,
        "destination": "DEHAM",
        "last_position_epoch": 1764437880,
        "last_position_UTC": "2025-11-29T17:38:00Z"
      },
      {
        "lat": 54.031654,
        "lon": 7.4303684,
        "speed": 0,
        "course": 288,
        "heading": 204,
        "destination": "DEHAM",
        "last_position_epoch": 1764435960,
        "last_position_UTC": "2025-11-29T17:06:00Z"
      },
      {
        "lat": 54.031681,
        "lon": 7.4307332,
        "speed": 0.1,
        "course": 120,
        "heading": 204,
        "destination": "DEHAM",
        "last_position_epoch": 1764434340,
        "last_position_UTC": "2025-11-29T16:39:00Z"
      },
      {
        "lat": 54.031609,
        "lon": 7.4307585,
        "speed": 0.2,
        "course": 278,
        "heading": 210,
        "destination": "DEHAM",
        "last_position_epoch": 1764432660,
        "last_position_UTC": "2025-11-29T16:11:00Z"
      },
      {
        "lat": 54.031635,
        "lon": 7.4311066,
        "speed": 0.1,
        "course": 116,
        "heading": 210,
        "destination": "DEHAM",
        "last_position_epoch": 1764430740,
        "last_position_UTC": "2025-11-29T15:39:00Z"
      },
      {
        "lat": 54.03159,
        "lon": 7.4310198,
        "speed": 0.1,
        "course": 264,
        "heading": 211,
        "destination": "DEHAM",
        "last_position_epoch": 1764428940,
        "last_position_UTC": "2025-11-29T15:09:00Z"
      },
      {
        "lat": 54.031658,
        "lon": 7.4309549,
        "speed": 0.2,
        "course": 280,
        "heading": 206,
        "destination": "DEHAM",
        "last_position_epoch": 1764427200,
        "last_position_UTC": "2025-11-29T14:40:00Z"
      }
    ]
  },
  "meta": {
    "duration": 0.025031442,
    "endpoint": "/api/v0/vessel_history",
    "success": true
  }
}