{
  "data": {
    "uuid": "2ce24909-c00e-06a1-033c-b38ef25ff18c",
    "name": "HMM OSLO",
    "mmsi": "440489000",
    "imo": "9868326",
    "eni": null,
    "country_iso": "KR",
    "type": "Cargo",
    "type_specific": "Container Ship",
    "positions": [
      {
        "lat": 4.3149533,
        "lon": 106.03437,
        "speed": 12,
        "course": 214,
        "heading": 212,
        "destination": "SGSIN PEBGA",
        "last_position_epoch": 1765029720,
        "last_position_UTC": "2025-12-06T14:02:00Z"
      },
      {
        "lat": 4.3730798,
        "lon": 106.07722,
        "speed": 12.1,
        "course": 217,
        "heading": 214,
        "destination": "SGSIN PEBGA",
        "last_position_epoch": 1765027980,
        "last_position_UTC": "2025-12-06T13:33:00Z"
      },
      {
        "lat": 4.4601531,
        "lon": 106.14362,
        "speed": 12,
        "course": 217,
        "heading": 214,
        "destination": "SGSIN PEBGA",
        "last_position_epoch": 1765026120,
        "last_position_UTC": "2025-12-06T13:02:00Z"
      },
      {
        "lat": 4.5111117,
        "lon": 106.18235,
        "speed": 12,
        "course": 218,
        "heading": 215,
        "destination": "SGSIN PEBGA",
        "last_position_epoch": 1765024380,
        "last_position_UTC": "2025-12-06T12:33:00Z"
      },
      {
        "lat": 4.6031952,
        "lon": 106.25804,
        "speed": 12.1,
        "course": 218,
        "heading": 216,
        "destination": "SGSIN PEBGA",
        "last_position_epoch": 1765022520,
        "last_position_UTC": "2025-12-06T12:02:00Z"
      },
      {
        "lat": 4.7145152,
        "lon": 106.34627,
        "speed": 12.1,
        "course": 218,
        "heading": null,
        "destination": "SGSIN",
        "last_position_epoch": 1765020000,
        "last_position_UTC": "2025-12-06T11:20:00Z"
      },
      {
        "lat": 4.7938852,
        "lon": 106.40865,
        "speed": 11.8,
        "course": 217,
        "heading": null,
        "destination": "SGSIN",
        "last_position_epoch": 1765018440,
        "last_position_UTC": "2025-12-06T10:54:00Z"
      },
      {
        "lat": 4.8769984,
        "lon": 106.4652,
        "speed": 11.8,
        "course": 211,
        "heading": null,
        "destination": "SGSIN",
        "last_position_epoch": 1765016700,
        "last_position_UTC": "2025-12-06T10:25:00Z"
      },
      {
        "lat": 4.9649515,
        "lon": 106.50827,
        "speed": 11.5,
        "course": 199,
        "heading": null,
        "destination": "SGSIN",
        "last_position_epoch": 1765014960,
        "last_position_UTC": "2025-12-06T09:56:00Z"
      },
      {
        "lat": 5.0255551,
        "lon": 106.53069,
        "speed": 11.3,
        "course": 200,
        "heading": null,
        "destination": "SGSIN",
        "last_position_epoch": 1765013220,
        "last_position_UTC": "2025-12-06T09:27:00Z"
      },
      {
        "lat": 5.1352615,
        "lon": 106.60188,
        "speed": 11.6,
        "course": 214,
        "heading": null,
        "destination": "SGSIN",
        "last_position_epoch": 1765011360,
        "last_position_UTC": "2025-12-06T08:56:00Z"
      },
      {
        "lat": 5.1894069,
        "lon": 106.63882,
        "speed": 11.6,
        "course": 214,
        "heading": null,
        "destination": "SGSIN",
        "last_position_epoch": 1765009740,
        "last_position_UTC": "2025-12-06T08:29:00Z"
      },
      {
        "lat": 5.2688518,
        "lon": 106.69481,
        "speed": 11.3,
        "course": 214,
        "heading": null,
        "destination": "SGSIN",
        "last_position_epoch": 1765007940,
        "last_position_UTC": "2025-12-06T07:59:00Z"
      },
      {
        "lat": 5.3583298,
        "lon": 106.76283,
        "speed": 11.3,
        "course": 218,
        "heading": null,
        "destination": "SGSIN",
        "last_position_epoch": 1765005780,
        "last_position_UTC": "2025-12-06T07:23:00Z"
      },
      {
        "lat": 5.4388933,
        "lon": 106.81408,
        "speed": 11.1,
        "course": 212,
        "heading": null,
        "destination": "SGSIN",
        "last_position_epoch": 1765003860,
        "last_position_UTC": "2025-12-06T06:51:00Z"
      },
      {
        "lat": 5.4916368,
        "lon": 106.84703,
        "speed": 11.1,
        "course": 209,
        "heading": null,
        "destination": "SGSIN",
        "last_position_epoch": 1765002780,
        "last_position_UTC": "2025-12-06T06:33:00Z"
      },
      {
        "lat": 5.6070032,
        "lon": 106.91152,
        "speed": 7,
        "course": 211,
        "heading": null,
        "destination": "SGSIN",
        "last_position_epoch": 1765000440,
        "last_position_UTC": "2025-12-06T05:54:00Z"
      },
      {
        "lat": 5.5754566,
        "lon": 106.90736,
        "speed": 9.1,
        "course": 29,
        "heading": null,
        "destination": "SGSIN",
        "last_position_epoch": 1764998580,
        "last_position_UTC": "2025-12-06T05:23:00Z"
      },
      {
        "lat": 5.5306482,
        "lon": 106.88165,
        "speed": 9,
        "course": 29,
        "heading": null,
        "destination": "SGSIN",
        "last_position_epoch": 1764997260,
        "last_position_UTC": "2025-12-06T05:01:00Z"
      },
      {
        "lat": 5.9012232,
        "lon": 107.03797,
        "speed": 11,
        "course": 202,
        "heading": null,
        "destination": "SGSIN",
        "last_position_epoch": 1764983820,
        "last_position_UTC": "2025-12-06T01:17:00Z"
      },
      {
        "lat": 5.9447699,
        "lon": 107.05458,
        "speed": 10.8,
        "course": 199,
        "heading": null,
        "destination": "SGSIN",
        "last_position_epoch": 1764982500,
        "last_position_UTC": "2025-12-06T00:55:00Z"
      },
      {
        "lat": 6.0105867,
        "lon": 107.09437,
        "speed": 11,
        "course": 211,
        "heading": null,
        "destination": "SGSIN",
        "last_position_epoch": 1764980520,
        "last_position_UTC": "2025-12-06T00:22:00Z"
      },
      {
        "lat": 6.1039648,
        "lon": 107.15346,
        "speed": 11.3,
        "course": 211,
        "heading": null,
        "destination": "SGSIN",
        "last_position_epoch": 1764978540,
        "last_position_UTC": "2025-12-05T23:49:00Z"
      },
      {
        "lat": 6.1845732,
        "lon": 107.20416,
        "speed": 11.3,
        "course": 210,
        "heading": null,
        "destination": "SGSIN",
        "last_position_epoch": 1764977040,
        "last_position_UTC": "2025-12-05T23:24:00Z"
      },
      {
        "lat": 6.249495,
        "lon": 107.25217,
        "speed": 11.3,
        "course": 219,
        "heading": null,
        "destination": "SGSIN",
        "last_position_epoch": 1764975600,
        "last_position_UTC": "2025-12-05T23:00:00Z"
      },
      {
        "lat": 6.3038635,
        "lon": 107.29784,
        "speed": 11.3,
        "course": 220,
        "heading": 223,
        "destination": "SGSIN",
        "last_position_epoch": 1764973740,
        "last_position_UTC": "2025-12-05T22:29:00Z"
      },
      {
        "lat": 6.4668102,
        "lon": 107.44174,
        "speed": 11.6,
        "course": 223,
        "heading": null,
        "destination": "SGSIN",
        "last_position_epoch": 1764969960,
        "last_position_UTC": "2025-12-05T21:26:00Z"
      },
      {
        "lat": 6.6939135,
        "lon": 107.60348,
        "speed": 11.8,
        "course": 212,
        "heading": 213,
        "destination": "SGSIN",
        "last_position_epoch": 1764964860,
        "last_position_UTC": "2025-12-05T20:01:00Z"
      },
      {
        "lat": 6.7904081,
        "lon": 107.66753,
        "speed": 12,
        "course": 215,
        "heading": 215,
        "destination": "SGSIN",
        "last_position_epoch": 1764962940,
        "last_position_UTC": "2025-12-05T19:29:00Z"
      },
      {
        "lat": 6.8478265,
        "lon": 107.70925,
        "speed": 12.1,
        "course": 215,
        "heading": 217,
        "destination": "SGSIN",
        "last_position_epoch": 1764961200,
        "last_position_UTC": "2025-12-05T19:00:00Z"
      },
      {
        "lat": 6.9514499,
        "lon": 107.77148,
        "speed": 12.3,
        "course": 213,
        "heading": 213,
        "destination": "SGSIN",
        "last_position_epoch": 1764959340,
        "last_position_UTC": "2025-12-05T18:29:00Z"
      },
      {
        "lat": 7.0377336,
        "lon": 107.82795,
        "speed": 12.1,
        "course": 213,
        "heading": 212,
        "destination": "SGSIN",
        "last_position_epoch": 1764957720,
        "last_position_UTC": "2025-12-05T18:02:00Z"
      },
      {
        "lat": 7.1386685,
        "lon": 107.89393,
        "speed": 12.3,
        "course": 213,
        "heading": 213,
        "destination": "SGSIN",
        "last_position_epoch": 1764955740,
        "last_position_UTC": "2025-12-05T17:29:00Z"
      },
      {
        "lat": 7.2249165,
        "lon": 107.95057,
        "speed": 12.1,
        "course": 216,
        "heading": 215,
        "destination": "SGSIN",
        "last_position_epoch": 1764953940,
        "last_position_UTC": "2025-12-05T16:59:00Z"
      },
      {
        "lat": 7.2786217,
        "lon": 107.99406,
        "speed": 12.3,
        "course": 218,
        "heading": 219,
        "destination": "SGSIN",
        "last_position_epoch": 1764952140,
        "last_position_UTC": "2025-12-05T16:29:00Z"
      },
      {
        "lat": 7.3763132,
        "lon": 108.06772,
        "speed": 12.5,
        "course": 215,
        "heading": 214,
        "destination": "SGSIN",
        "last_position_epoch": 1764950160,
        "last_position_UTC": "2025-12-05T15:56:00Z"
      },
      {
        "lat": 7.4687867,
        "lon": 108.13351,
        "speed": 12.3,
        "course": 215,
        "heading": null,
        "destination": "SGSIN",
        "last_position_epoch": 1764948240,
        "last_position_UTC": "2025-12-05T15:24:00Z"
      },
      {
        "lat": 7.5472631,
        "lon": 108.19138,
        "speed": 12.1,
        "course": 217,
        "heading": 215,
        "destination": "SGSIN",
        "last_position_epoch": 1764946620,
        "last_position_UTC": "2025-12-05T14:57:00Z"
      },
      {
        "lat": 7.624155,
        "lon": 108.258,
        "speed": 11.5,
        "course": 221,
        "heading": 219,
        "destination": "SGSIN",
        "last_position_epoch": 1764944940,
        "last_position_UTC": "2025-12-05T14:29:00Z"
      },
      {
        "lat": 7.6780715,
        "lon": 108.3785,
        "speed": 11.6,
        "course": 255,
        "heading": 259,
        "destination": "SGSIN",
        "last_position_epoch": 1764942600,
        "last_position_UTC": "2025-12-05T13:50:00Z"
      },
      {
        "lat": 7.6913066,
        "lon": 108.42649,
        "speed": 11.5,
        "course": 253,
        "heading": 259,
        "destination": "SGSIN",
        "last_position_epoch": 1764941220,
        "last_position_UTC": "2025-12-05T13:27:00Z"
      },
      {
        "lat": 7.7634015,
        "lon": 108.72097,
        "speed": 12.3,
        "course": 251,
        "heading": null,
        "destination": "SGSIN",
        "last_position_epoch": 1764935640,
        "last_position_UTC": "2025-12-05T11:54:00Z"
      },
      {
        "lat": 7.7950802,
        "lon": 108.81902,
        "speed": 11.6,
        "course": 253,
        "heading": null,
        "destination": "SGSIN",
        "last_position_epoch": 1764933720,
        "last_position_UTC": "2025-12-05T11:22:00Z"
      },
      {
        "lat": 7.8378749,
        "lon": 108.90377,
        "speed": 12.6,
        "course": 231,
        "heading": 236,
        "destination": "SGSIN",
        "last_position_epoch": 1764932340,
        "last_position_UTC": "2025-12-05T10:59:00Z"
      },
      {
        "lat": 8.0036249,
        "lon": 109.0498,
        "speed": 11.8,
        "course": 195,
        "heading": 195,
        "destination": "SGSIN",
        "last_position_epoch": 1764928320,
        "last_position_UTC": "2025-12-05T09:52:00Z"
      },
      {
        "lat": 8.0698929,
        "lon": 109.0517,
        "speed": 10.1,
        "course": 171,
        "heading": 164,
        "destination": "SGSIN",
        "last_position_epoch": 1764927060,
        "last_position_UTC": "2025-12-05T09:31:00Z"
      },
      {
        "lat": 8.1361446,
        "lon": 109.0676,
        "speed": 3.5,
        "course": 228,
        "heading": 133,
        "destination": "SGSIN DRIFTING",
        "last_position_epoch": 1764923460,
        "last_position_UTC": "2025-12-05T08:31:00Z"
      },
      {
        "lat": 8.1598616,
        "lon": 109.0918,
        "speed": 3.5,
        "course": 222,
        "heading": 125,
        "destination": "SGSIN DRIFTING",
        "last_position_epoch": 1764921480,
        "last_position_UTC": "2025-12-05T07:58:00Z"
      },
      {
        "lat": 8.1846638,
        "lon": 109.11119,
        "speed": 3.7,
        "course": 213,
        "heading": 119,
        "destination": "SGSIN DRIFTING",
        "last_position_epoch": 1764919560,
        "last_position_UTC": "2025-12-05T07:26:00Z"
      },
      {
        "lat": 8.213603,
        "lon": 109.12582,
        "speed": 0.6,
        "course": 170,
        "heading": 51,
        "destination": "SGSIN DRIFTING",
        "last_position_epoch": 1764917340,
        "last_position_UTC": "2025-12-05T06:49:00Z"
      },
      {
        "lat": 8.1556349,
        "lon": 109.06422,
        "speed": 9.6,
        "course": 25,
        "heading": 30,
        "destination": "SGSIN DRIFTING",
        "last_position_epoch": 1764913980,
        "last_position_UTC": "2025-12-05T05:53:00Z"
      },
      {
        "lat": 8.1166668,
        "lon": 109.07683,
        "speed": 3.5,
        "course": 229,
        "heading": 131,
        "destination": "SGSIN DRIFTING",
        "last_position_epoch": 1764910560,
        "last_position_UTC": "2025-12-05T04:56:00Z"
      },
      {
        "lat": 8.1326838,
        "lon": 109.09484,
        "speed": 3.2,
        "course": 228,
        "heading": 130,
        "destination": "SGSIN DRIFTING",
        "last_position_epoch": 1764908940,
        "last_position_UTC": "2025-12-05T04:29:00Z"
      },
      {
        "lat": 8.1542521,
        "lon": 109.11917,
        "speed": 3,
        "course": 227,
        "heading": 131,
        "destination": "SGSIN DRIFTING",
        "last_position_epoch": 1764907020,
        "last_position_UTC": "2025-12-05T03:57:00Z"
      },
      {
        "lat": 8.2216663,
        "lon": 109.18,
        "speed": 2.7,
        "course": 202,
        "heading": 125,
        "destination": "SGSIN DRIFTING",
        "last_position_epoch": 1764899340,
        "last_position_UTC": "2025-12-05T01:49:00Z"
      },
      {
        "lat": 8.2528467,
        "lon": 109.19016,
        "speed": 2.7,
        "course": 186,
        "heading": null,
        "destination": "SGSIN DRIFTING",
        "last_position_epoch": 1764898320,
        "last_position_UTC": "2025-12-05T01:32:00Z"
      },
      {
        "lat": 8.2676086,
        "lon": 109.19003,
        "speed": 2.5,
        "course": 171,
        "heading": null,
        "destination": "SGSIN DRIFTING",
        "last_position_epoch": 1764896460,
        "last_position_UTC": "2025-12-05T01:01:00Z"
      },
      {
        "lat": 8.2739868,
        "lon": 109.17555,
        "speed": 4.4,
        "course": 63,
        "heading": null,
        "destination": "SGSIN",
        "last_position_epoch": 1764894300,
        "last_position_UTC": "2025-12-05T00:25:00Z"
      },
      {
        "lat": 8.3469782,
        "lon": 109.16365,
        "speed": 11.5,
        "course": 182,
        "heading": null,
        "destination": "SGSIN",
        "last_position_epoch": 1764892560,
        "last_position_UTC": "2025-12-04T23:56:00Z"
      },
      {
        "lat": 8.4332581,
        "lon": 109.16673,
        "speed": 11.3,
        "course": 181,
        "heading": 180,
        "destination": "SGSIN",
        "last_position_epoch": 1764891180,
        "last_position_UTC": "2025-12-04T23:33:00Z"
      },
      {
        "lat": 8.501997,
        "lon": 109.16927,
        "speed": 11.5,
        "course": 182,
        "heading": 181,
        "destination": "SGSIN",
        "last_position_epoch": 1764889440,
        "last_position_UTC": "2025-12-04T23:04:00Z"
      },
      {
        "lat": 8.6043129,
        "lon": 109.17236,
        "speed": 11.3,
        "course": 181,
        "heading": 180,
        "destination": "SGSIN",
        "last_position_epoch": 1764887700,
        "last_position_UTC": "2025-12-04T22:35:00Z"
      },
      {
        "lat": 8.7135315,
        "lon": 109.17508,
        "speed": 11.3,
        "course": 181,
        "heading": 180,
        "destination": "SGSIN",
        "last_position_epoch": 1764885600,
        "last_position_UTC": "2025-12-04T22:00:00Z"
      },
      {
        "lat": 8.8157501,
        "lon": 109.17716,
        "speed": 11.6,
        "course": 180,
        "heading": 178,
        "destination": "SGSIN",
        "last_position_epoch": 1764883860,
        "last_position_UTC": "2025-12-04T21:31:00Z"
      },
      {
        "lat": 8.8823385,
        "lon": 109.17498,
        "speed": 11.3,
        "course": 177,
        "heading": 174,
        "destination": "SGSIN",
        "last_position_epoch": 1764882300,
        "last_position_UTC": "2025-12-04T21:05:00Z"
      },
      {
        "lat": 9.0368166,
        "lon": 109.24686,
        "speed": 12.3,
        "course": 209,
        "heading": null,
        "destination": "SGSIN",
        "last_position_epoch": 1764879960,
        "last_position_UTC": "2025-12-04T20:26:00Z"
      },
      {
        "lat": 9.0982237,
        "lon": 109.28213,
        "speed": 12.5,
        "course": 209,
        "heading": null,
        "destination": "SGSIN",
        "last_position_epoch": 1764878520,
        "last_position_UTC": "2025-12-04T20:02:00Z"
      },
      {
        "lat": 11.361089,
        "lon": 110.59328,
        "speed": 12.3,
        "course": 210,
        "heading": 210,
        "destination": "SGSIN",
        "last_position_epoch": 1764830820,
        "last_position_UTC": "2025-12-04T06:47:00Z"
      },
      {
        "lat": 11.513805,
        "lon": 110.68401,
        "speed": 12.6,
        "course": 210,
        "heading": 211,
        "destination": "SGSIN",
        "last_position_epoch": 1764827400,
        "last_position_UTC": "2025-12-04T05:50:00Z"
      },
      {
        "lat": 11.573865,
        "lon": 110.72007,
        "speed": 12.3,
        "course": 210,
        "heading": 212,
        "destination": "SGSIN",
        "last_position_epoch": 1764826200,
        "last_position_UTC": "2025-12-04T05:30:00Z"
      },
      {
        "lat": 11.670611,
        "lon": 110.7785,
        "speed": 12.3,
        "course": 211,
        "heading": 214,
        "destination": "SGSIN",
        "last_position_epoch": 1764824280,
        "last_position_UTC": "2025-12-04T04:58:00Z"
      },
      {
        "lat": 11.759905,
        "lon": 110.83421,
        "speed": 12.1,
        "course": 211,
        "heading": 215,
        "destination": "SGSIN",
        "last_position_epoch": 1764822600,
        "last_position_UTC": "2025-12-04T04:30:00Z"
      },
      {
        "lat": 11.849297,
        "lon": 110.89072,
        "speed": 12.1,
        "course": 211,
        "heading": 216,
        "destination": "SGSIN",
        "last_position_epoch": 1764820860,
        "last_position_UTC": "2025-12-04T04:01:00Z"
      },
      {
        "lat": 11.939343,
        "lon": 110.95235,
        "speed": 12,
        "course": 213,
        "heading": 220,
        "destination": "SGSIN",
        "last_position_epoch": 1764818880,
        "last_position_UTC": "2025-12-04T03:28:00Z"
      },
      {
        "lat": 11.99505,
        "lon": 110.98875,
        "speed": 12.1,
        "course": 211,
        "heading": 217,
        "destination": "SGSIN",
        "last_position_epoch": 1764817440,
        "last_position_UTC": "2025-12-04T03:04:00Z"
      },
      {
        "lat": 12.102132,
        "lon": 111.05204,
        "speed": 12.3,
        "course": 209,
        "heading": 217,
        "destination": "SGSIN",
        "last_position_epoch": 1764815340,
        "last_position_UTC": "2025-12-04T02:29:00Z"
      },
      {
        "lat": 12.198524,
        "lon": 111.10847,
        "speed": 12.1,
        "course": 210,
        "heading": 217,
        "destination": "SGSIN",
        "last_position_epoch": 1764813480,
        "last_position_UTC": "2025-12-04T01:58:00Z"
      },
      {
        "lat": 12.286132,
        "lon": 111.16192,
        "speed": 12.1,
        "course": 211,
        "heading": 217,
        "destination": "SGSIN",
        "last_position_epoch": 1764811740,
        "last_position_UTC": "2025-12-04T01:29:00Z"
      },
      {
        "lat": 12.37467,
        "lon": 111.21207,
        "speed": 12.1,
        "course": 208,
        "heading": 213,
        "destination": "SGSIN",
        "last_position_epoch": 1764809880,
        "last_position_UTC": "2025-12-04T00:58:00Z"
      },
      {
        "lat": 12.504276,
        "lon": 111.28685,
        "speed": 12.3,
        "course": 209,
        "heading": null,
        "destination": "SGSIN",
        "last_position_epoch": 1764807420,
        "last_position_UTC": "2025-12-04T00:17:00Z"
      },
      {
        "lat": 12.670959,
        "lon": 111.38744,
        "speed": 12.3,
        "course": 210,
        "heading": null,
        "destination": "SGSIN",
        "last_position_epoch": 1764804000,
        "last_position_UTC": "2025-12-03T23:20:00Z"
      },
      {
        "lat": 12.758857,
        "lon": 111.44108,
        "speed": 12.1,
        "course": 210,
        "heading": null,
        "destination": "SGSIN",
        "last_position_epoch": 1764802380,
        "last_position_UTC": "2025-12-03T22:53:00Z"
      },
      {
        "lat": 12.816833,
        "lon": 111.4763,
        "speed": 12,
        "course": 211,
        "heading": null,
        "destination": "SGSIN",
        "last_position_epoch": 1764800820,
        "last_position_UTC": "2025-12-03T22:27:00Z"
      },
      {
        "lat": 13.346197,
        "lon": 111.77065,
        "speed": 11.6,
        "course": 209,
        "heading": 209,
        "destination": "SGSIN",
        "last_position_epoch": 1764789960,
        "last_position_UTC": "2025-12-03T19:26:00Z"
      },
      {
        "lat": 14.705163,
        "lon": 112.50464,
        "speed": 11.8,
        "course": 206,
        "heading": 199,
        "destination": "SGSIN",
        "last_position_epoch": 1764762960,
        "last_position_UTC": "2025-12-03T11:56:00Z"
      },
      {
        "lat": 14.795955,
        "lon": 112.56078,
        "speed": 12.3,
        "course": 218,
        "heading": 208,
        "destination": "SGSIN",
        "last_position_epoch": 1764761160,
        "last_position_UTC": "2025-12-03T11:26:00Z"
      },
      {
        "lat": 14.8821,
        "lon": 112.62544,
        "speed": 12.1,
        "course": 215,
        "heading": 205,
        "destination": "SGSIN",
        "last_position_epoch": 1764759360,
        "last_position_UTC": "2025-12-03T10:56:00Z"
      },
      {
        "lat": 14.96843,
        "lon": 112.68793,
        "speed": 12.5,
        "course": 214,
        "heading": 204,
        "destination": "SGSIN",
        "last_position_epoch": 1764757620,
        "last_position_UTC": "2025-12-03T10:27:00Z"
      },
      {
        "lat": 15.065115,
        "lon": 112.75121,
        "speed": 12.1,
        "course": 209,
        "heading": 200,
        "destination": "SGSIN",
        "last_position_epoch": 1764755760,
        "last_position_UTC": "2025-12-03T09:56:00Z"
      },
      {
        "lat": 15.124997,
        "lon": 112.78606,
        "speed": 12.1,
        "course": 209,
        "heading": 201,
        "destination": "SGSIN",
        "last_position_epoch": 1764754020,
        "last_position_UTC": "2025-12-03T09:27:00Z"
      },
      {
        "lat": 15.220395,
        "lon": 112.84596,
        "speed": 12.3,
        "course": 212,
        "heading": 204,
        "destination": "SGSIN",
        "last_position_epoch": 1764752100,
        "last_position_UTC": "2025-12-03T08:55:00Z"
      },
      {
        "lat": 15.315686,
        "lon": 112.90411,
        "speed": 12.3,
        "course": 209,
        "heading": 202,
        "destination": "SGSIN",
        "last_position_epoch": 1764750360,
        "last_position_UTC": "2025-12-03T08:26:00Z"
      },
      {
        "lat": 16.233849,
        "lon": 113.45667,
        "speed": 12.3,
        "course": 210,
        "heading": null,
        "destination": "SGSIN",
        "last_position_epoch": 1764731880,
        "last_position_UTC": "2025-12-03T03:18:00Z"
      },
      {
        "lat": 16.278414,
        "lon": 113.48368,
        "speed": 12.3,
        "course": 210,
        "heading": 211,
        "destination": "SGSIN",
        "last_position_epoch": 1764730476,
        "last_position_UTC": "2025-12-03T02:54:36Z"
      },
      {
        "lat": 16.398041,
        "lon": 113.55471,
        "speed": 12.1,
        "course": 210,
        "heading": null,
        "destination": "SGSIN",
        "last_position_epoch": 1764728520,
        "last_position_UTC": "2025-12-03T02:22:00Z"
      },
      {
        "lat": 16.557013,
        "lon": 113.65245,
        "speed": 12.1,
        "course": 211,
        "heading": null,
        "destination": "SGSIN",
        "last_position_epoch": 1764725100,
        "last_position_UTC": "2025-12-03T01:25:00Z"
      },
      {
        "lat": 16.659489,
        "lon": 113.71706,
        "speed": 12.3,
        "course": 210,
        "heading": null,
        "destination": "SGSIN",
        "last_position_epoch": 1764723000,
        "last_position_UTC": "2025-12-03T00:50:00Z"
      },
      {
        "lat": 16.76465,
        "lon": 113.78133,
        "speed": 12.5,
        "course": 210,
        "heading": null,
        "destination": "SGSIN",
        "last_position_epoch": 1764721020,
        "last_position_UTC": "2025-12-03T00:17:00Z"
      },
      {
        "lat": 16.855034,
        "lon": 113.83587,
        "speed": 12.3,
        "course": 210,
        "heading": null,
        "destination": "SGSIN",
        "last_position_epoch": 1764719280,
        "last_position_UTC": "2025-12-02T23:48:00Z"
      },
      {
        "lat": 16.942831,
        "lon": 113.89101,
        "speed": 12.1,
        "course": 211,
        "heading": null,
        "destination": "SGSIN",
        "last_position_epoch": 1764717540,
        "last_position_UTC": "2025-12-02T23:19:00Z"
      },
      {
        "lat": 20.617702,
        "lon": 116.15428,
        "speed": 12,
        "course": 213,
        "heading": 211,
        "destination": "SGSIN",
        "last_position_epoch": 1764642720,
        "last_position_UTC": "2025-12-02T02:32:00Z"
      },
      {
        "lat": 20.834642,
        "lon": 116.29669,
        "speed": 12.3,
        "course": 208,
        "heading": null,
        "destination": "SGSIN",
        "last_position_epoch": 1764638220,
        "last_position_UTC": "2025-12-02T01:17:00Z"
      },
      {
        "lat": 20.893082,
        "lon": 116.33022,
        "speed": 12.3,
        "course": 207,
        "heading": 204,
        "destination": "SGSIN",
        "last_position_epoch": 1764636960,
        "last_position_UTC": "2025-12-02T00:56:00Z"
      },
      {
        "lat": 21.161934,
        "lon": 116.49583,
        "speed": 12,
        "course": 210,
        "heading": 207,
        "destination": "SGSIN",
        "last_position_epoch": 1764631320,
        "last_position_UTC": "2025-12-01T23:22:00Z"
      },
      {
        "lat": 21.240814,
        "lon": 116.5453,
        "speed": 11.8,
        "course": 210,
        "heading": null,
        "destination": "SGSIN",
        "last_position_epoch": 1764629640,
        "last_position_UTC": "2025-12-01T22:54:00Z"
      },
      {
        "lat": 21.318548,
        "lon": 116.59373,
        "speed": 11.8,
        "course": 210,
        "heading": 207,
        "destination": "SGSIN",
        "last_position_epoch": 1764628140,
        "last_position_UTC": "2025-12-01T22:29:00Z"
      },
      {
        "lat": 21.408213,
        "lon": 116.65493,
        "speed": 11.8,
        "course": 213,
        "heading": 212,
        "destination": "SGSIN",
        "last_position_epoch": 1764626220,
        "last_position_UTC": "2025-12-01T21:57:00Z"
      },
      {
        "lat": 21.493383,
        "lon": 116.71416,
        "speed": 11.5,
        "course": 211,
        "heading": 209,
        "destination": "SGSIN",
        "last_position_epoch": 1764624480,
        "last_position_UTC": "2025-12-01T21:28:00Z"
      },
      {
        "lat": 21.556063,
        "lon": 116.75542,
        "speed": 11.6,
        "course": 212,
        "heading": 210,
        "destination": "SGSIN",
        "last_position_epoch": 1764622680,
        "last_position_UTC": "2025-12-01T20:58:00Z"
      },
      {
        "lat": 21.663639,
        "lon": 116.82372,
        "speed": 11.8,
        "course": 211,
        "heading": 210,
        "destination": "SGSIN",
        "last_position_epoch": 1764620820,
        "last_position_UTC": "2025-12-01T20:27:00Z"
      },
      {
        "lat": 21.758585,
        "lon": 116.88579,
        "speed": 11.6,
        "course": 211,
        "heading": 210,
        "destination": "SGSIN",
        "last_position_epoch": 1764618840,
        "last_position_UTC": "2025-12-01T19:54:00Z"
      },
      {
        "lat": 21.828505,
        "lon": 116.93204,
        "speed": 11.8,
        "course": 212,
        "heading": 211,
        "destination": "SGSIN",
        "last_position_epoch": 1764617220,
        "last_position_UTC": "2025-12-01T19:27:00Z"
      },
      {
        "lat": 21.918909,
        "lon": 116.99178,
        "speed": 12.1,
        "course": 213,
        "heading": 213,
        "destination": "SGSIN",
        "last_position_epoch": 1764615360,
        "last_position_UTC": "2025-12-01T18:56:00Z"
      },
      {
        "lat": 21.986059,
        "lon": 117.03776,
        "speed": 12.1,
        "course": 212,
        "heading": 212,
        "destination": "SGSIN",
        "last_position_epoch": 1764613500,
        "last_position_UTC": "2025-12-01T18:25:00Z"
      },
      {
        "lat": 22.202353,
        "lon": 117.17752,
        "speed": 11.8,
        "course": 213,
        "heading": 215,
        "destination": "SGSIN",
        "last_position_epoch": 1764609960,
        "last_position_UTC": "2025-12-01T17:26:00Z"
      },
      {
        "lat": 22.268728,
        "lon": 117.23431,
        "speed": 12,
        "course": 224,
        "heading": 227,
        "destination": "SGSIN",
        "last_position_epoch": 1764608340,
        "last_position_UTC": "2025-12-01T16:59:00Z"
      },
      {
        "lat": 22.323032,
        "lon": 117.28724,
        "speed": 12.3,
        "course": 217,
        "heading": 221,
        "destination": "SGSIN",
        "last_position_epoch": 1764606540,
        "last_position_UTC": "2025-12-01T16:29:00Z"
      },
      {
        "lat": 22.422472,
        "lon": 117.33948,
        "speed": 12.6,
        "course": 199,
        "heading": 201,
        "destination": "SGSIN",
        "last_position_epoch": 1764604740,
        "last_position_UTC": "2025-12-01T15:59:00Z"
      },
      {
        "lat": 22.491556,
        "lon": 117.3638,
        "speed": 12.8,
        "course": 194,
        "heading": 197,
        "destination": "SGSIN",
        "last_position_epoch": 1764603000,
        "last_position_UTC": "2025-12-01T15:30:00Z"
      },
      {
        "lat": 22.639616,
        "lon": 117.40594,
        "speed": 11.5,
        "course": 190,
        "heading": 188,
        "destination": "SGSIN",
        "last_position_epoch": 1764601080,
        "last_position_UTC": "2025-12-01T14:58:00Z"
      },
      {
        "lat": 22.695278,
        "lon": 117.44781,
        "speed": 12.1,
        "course": 212,
        "heading": 215,
        "destination": "SGSIN",
        "last_position_epoch": 1764599340,
        "last_position_UTC": "2025-12-01T14:29:00Z"
      },
      {
        "lat": 22.795944,
        "lon": 117.5076,
        "speed": 12.3,
        "course": 212,
        "heading": 215,
        "destination": "SGSIN",
        "last_position_epoch": 1764597480,
        "last_position_UTC": "2025-12-01T13:58:00Z"
      },
      {
        "lat": 22.886225,
        "lon": 117.56916,
        "speed": 12.3,
        "course": 202,
        "heading": 206,
        "destination": "SGSIN",
        "last_position_epoch": 1764595680,
        "last_position_UTC": "2025-12-01T13:28:00Z"
      },
      {
        "lat": 22.99152,
        "lon": 117.59312,
        "speed": 12.3,
        "course": 201,
        "heading": 202,
        "destination": "SGSIN",
        "last_position_epoch": 1764593940,
        "last_position_UTC": "2025-12-01T12:59:00Z"
      },
      {
        "lat": 23.031015,
        "lon": 117.61509,
        "speed": 12.3,
        "course": 207.6,
        "heading": 209,
        "destination": "SGSIN",
        "last_position_epoch": 1764592678,
        "last_position_UTC": "2025-12-01T12:37:58Z"
      },
      {
        "lat": 23.155556,
        "lon": 117.68032,
        "speed": 12,
        "course": 208,
        "heading": 211,
        "destination": "SGSIN",
        "last_position_epoch": 1764590220,
        "last_position_UTC": "2025-12-01T11:57:00Z"
      },
      {
        "lat": 23.245529,
        "lon": 117.73365,
        "speed": 11.5,
        "course": 207,
        "heading": 209,
        "destination": "SGSIN",
        "last_position_epoch": 1764588420,
        "last_position_UTC": "2025-12-01T11:27:00Z"
      },
      {
        "lat": 23.300555,
        "lon": 117.77530333333333,
        "speed": 11.4,
        "course": 244.9,
        "heading": 241,
        "destination": "SGSIN",
        "last_position_epoch": 1764587067,
        "last_position_UTC": "2025-12-01T11:04:27Z"
      },
      {
        "lat": 23.328925,
        "lon": 117.86182166666667,
        "speed": 11.1,
        "course": 250.2,
        "heading": 248,
        "destination": "SGSIN",
        "last_position_epoch": 1764585478,
        "last_position_UTC": "2025-12-01T10:37:58Z"
      },
      {
        "lat": 23.356191666666668,
        "lon": 117.93384166666667,
        "speed": 10,
        "course": 246,
        "heading": 243,
        "destination": "SGSIN",
        "last_position_epoch": 1764583978,
        "last_position_UTC": "2025-12-01T10:12:58Z"
      },
      {
        "lat": 23.397605,
        "lon": 118.03150666666667,
        "speed": 10.1,
        "course": 246.5,
        "heading": 243,
        "destination": "SGSIN",
        "last_position_epoch": 1764581877,
        "last_position_UTC": "2025-12-01T09:37:57Z"
      },
      {
        "lat": 23.435916666666667,
        "lon": 118.11507833333333,
        "speed": 10.2,
        "course": 243.2,
        "heading": 240,
        "destination": "SGSIN",
        "last_position_epoch": 1764580059,
        "last_position_UTC": "2025-12-01T09:07:39Z"
      },
      {
        "lat": 23.500475,
        "lon": 118.18633,
        "speed": 10.2,
        "course": 221.7,
        "heading": 221,
        "destination": "SGSIN",
        "last_position_epoch": 1764578169,
        "last_position_UTC": "2025-12-01T08:36:09Z"
      },
      {
        "lat": 23.56131,
        "lon": 118.25028666666667,
        "speed": 10.6,
        "course": 226.3,
        "heading": 224,
        "destination": "SGSIN",
        "last_position_epoch": 1764576359,
        "last_position_UTC": "2025-12-01T08:05:59Z"
      },
      {
        "lat": 23.616223333333334,
        "lon": 118.31201833333333,
        "speed": 14.2,
        "course": 223.8,
        "heading": 223,
        "destination": "SGSIN",
        "last_position_epoch": 1764574907,
        "last_position_UTC": "2025-12-01T07:41:47Z"
      },
      {
        "lat": 23.72533,
        "lon": 118.40493,
        "speed": 12.2,
        "course": 193.7,
        "heading": 196,
        "destination": "SGSIN",
        "last_position_epoch": 1764572828,
        "last_position_UTC": "2025-12-01T07:07:08Z"
      },
      {
        "lat": 23.805296666666667,
        "lon": 118.39580833333333,
        "speed": 12,
        "course": 153.7,
        "heading": 156,
        "destination": "SGSIN",
        "last_position_epoch": 1764571367,
        "last_position_UTC": "2025-12-01T06:42:47Z"
      },
      {
        "lat": 23.915865,
        "lon": 118.341425,
        "speed": 13.1,
        "course": 152.3,
        "heading": 155,
        "destination": "SGSIN",
        "last_position_epoch": 1764569246,
        "last_position_UTC": "2025-12-01T06:07:26Z"
      },
      {
        "lat": 23.998738333333332,
        "lon": 118.2974,
        "speed": 13.1,
        "course": 157.7,
        "heading": 160,
        "destination": "SGSIN",
        "last_position_epoch": 1764567777,
        "last_position_UTC": "2025-12-01T05:42:57Z"
      },
      {
        "lat": 24.101703333333333,
        "lon": 118.274945,
        "speed": 12.4,
        "course": 188,
        "heading": 189,
        "destination": "SGSIN",
        "last_position_epoch": 1764565968,
        "last_position_UTC": "2025-12-01T05:12:48Z"
      },
      {
        "lat": 24.19709,
        "lon": 118.294555,
        "speed": 11,
        "course": 145.8,
        "heading": 147,
        "destination": "SGSIN",
        "last_position_epoch": 1764564175,
        "last_position_UTC": "2025-12-01T04:42:55Z"
      },
      {
        "lat": 24.274191666666667,
        "lon": 118.23189833333333,
        "speed": 11.5,
        "course": 139.8,
        "heading": 140,
        "destination": "SGSIN",
        "last_position_epoch": 1764562077,
        "last_position_UTC": "2025-12-01T04:07:57Z"
      },
      {
        "lat": 24.32737,
        "lon": 118.17895,
        "speed": 8.1,
        "course": 140.9,
        "heading": 138,
        "destination": "SGSIN",
        "last_position_epoch": 1764560567,
        "last_position_UTC": "2025-12-01T03:42:47Z"
      },
      {
        "lat": 24.384858333333334,
        "lon": 118.11898666666667,
        "speed": 9.3,
        "course": 137.4,
        "heading": 138,
        "destination": "SGSIN",
        "last_position_epoch": 1764558476,
        "last_position_UTC": "2025-12-01T03:07:56Z"
      },
      {
        "lat": 24.426523,
        "lon": 118.06124,
        "speed": 9.1,
        "course": 120,
        "heading": 122,
        "destination": "SGSIN",
        "last_position_epoch": 1764557099,
        "last_position_UTC": "2025-12-01T02:44:59Z"
      },
      {
        "lat": 24.440343333333335,
        "lon": 118.03792833333333,
        "speed": 0.6,
        "course": 201.2,
        "heading": 265,
        "destination": "SGSIN",
        "last_position_epoch": 1764555175,
        "last_position_UTC": "2025-12-01T02:12:55Z"
      },
      {
        "lat": 24.44094,
        "lon": 118.03794,
        "speed": 0,
        "course": 3.9,
        "heading": 274,
        "destination": "SGSIN",
        "last_position_epoch": 1764553376,
        "last_position_UTC": "2025-12-01T01:42:56Z"
      },
      {
        "lat": 24.440918333333332,
        "lon": 118.03794,
        "speed": 0,
        "course": 3.9,
        "heading": 274,
        "destination": "SGSIN",
        "last_position_epoch": 1764551576,
        "last_position_UTC": "2025-12-01T01:12:56Z"
      },
      {
        "lat": 24.440955,
        "lon": 118.03794166666667,
        "speed": 0,
        "course": 3.9,
        "heading": 274,
        "destination": "CNXMN",
        "last_position_epoch": 1764549422,
        "last_position_UTC": "2025-12-01T00:37:02Z"
      },
      {
        "lat": 24.440988333333333,
        "lon": 118.03795666666667,
        "speed": 0,
        "course": 3.9,
        "heading": 274,
        "destination": "CNXMN",
        "last_position_epoch": 1764547981,
        "last_position_UTC": "2025-12-01T00:13:01Z"
      },
      {
        "lat": 24.440943333333333,
        "lon": 118.037935,
        "speed": 0,
        "course": 3.9,
        "heading": 274,
        "destination": "CNXMN",
        "last_position_epoch": 1764545822,
        "last_position_UTC": "2025-11-30T23:37:02Z"
      },
      {
        "lat": 24.44095,
        "lon": 118.03795,
        "speed": 0,
        "course": 3.9,
        "heading": 274,
        "destination": "CNXMN",
        "last_position_epoch": 1764544020,
        "last_position_UTC": "2025-11-30T23:07:00Z"
      },
      {
        "lat": 24.44093833333333,
        "lon": 118.03792666666666,
        "speed": 0,
        "course": 3.9,
        "heading": 274,
        "destination": "CNXMN",
        "last_position_epoch": 1764542577,
        "last_position_UTC": "2025-11-30T22:42:57Z"
      },
      {
        "lat": 24.440935,
        "lon": 118.03797333333333,
        "speed": 0,
        "course": 3.9,
        "heading": 274,
        "destination": "CNXMN",
        "last_position_epoch": 1764540780,
        "last_position_UTC": "2025-11-30T22:13:00Z"
      },
      {
        "lat": 24.440931666666668,
        "lon": 118.03795833333334,
        "speed": 0,
        "course": 3.9,
        "heading": 274,
        "destination": "CNXMN",
        "last_position_epoch": 1764538619,
        "last_position_UTC": "2025-11-30T21:36:59Z"
      },
      {
        "lat": 24.440941666666667,
        "lon": 118.03796333333334,
        "speed": 0,
        "course": 3.9,
        "heading": 274,
        "destination": "CNXMN",
        "last_position_epoch": 1764537180,
        "last_position_UTC": "2025-11-30T21:13:00Z"
      },
      {
        "lat": 24.440921666666668,
        "lon": 118.03795,
        "speed": 0,
        "course": 3.9,
        "heading": 274,
        "destination": "CNXMN",
        "last_position_epoch": 1764535378,
        "last_position_UTC": "2025-11-30T20:42:58Z"
      },
      {
        "lat": 24.440946666666665,
        "lon": 118.03795166666667,
        "speed": 0,
        "course": 3.9,
        "heading": 274,
        "destination": "CNXMN",
        "last_position_epoch": 1764533579,
        "last_position_UTC": "2025-11-30T20:12:59Z"
      },
      {
        "lat": 24.440931666666668,
        "lon": 118.03794666666667,
        "speed": 0,
        "course": 3.9,
        "heading": 274,
        "destination": "CNXMN",
        "last_position_epoch": 1764531779,
        "last_position_UTC": "2025-11-30T19:42:59Z"
      },
      {
        "lat": 24.440936666666666,
        "lon": 118.037945,
        "speed": 0,
        "course": 3.9,
        "heading": 274,
        "destination": "CNXMN",
        "last_position_epoch": 1764529973,
        "last_position_UTC": "2025-11-30T19:12:53Z"
      },
      {
        "lat": 24.44095666666667,
        "lon": 118.03788333333334,
        "speed": 0,
        "course": 3.9,
        "heading": 274,
        "destination": "CNXMN",
        "last_position_epoch": 1764527813,
        "last_position_UTC": "2025-11-30T18:36:53Z"
      },
      {
        "lat": 24.440941666666667,
        "lon": 118.037905,
        "speed": 0,
        "course": 3.9,
        "heading": 274,
        "destination": "CNXMN",
        "last_position_epoch": 1764526380,
        "last_position_UTC": "2025-11-30T18:13:00Z"
      },
      {
        "lat": 24.440928333333332,
        "lon": 118.03794,
        "speed": 0,
        "course": 3.9,
        "heading": 274,
        "destination": "CNXMN",
        "last_position_epoch": 1764524220,
        "last_position_UTC": "2025-11-30T17:37:00Z"
      },
      {
        "lat": 24.44095,
        "lon": 118.03792166666666,
        "speed": 0,
        "course": 3.9,
        "heading": 274,
        "destination": "CNXMN",
        "last_position_epoch": 1764522417,
        "last_position_UTC": "2025-11-30T17:06:57Z"
      },
      {
        "lat": 24.440935,
        "lon": 118.037965,
        "speed": 0,
        "course": 3.9,
        "heading": 274,
        "destination": "CNXMN",
        "last_position_epoch": 1764520613,
        "last_position_UTC": "2025-11-30T16:36:53Z"
      },
      {
        "lat": 24.440931666666668,
        "lon": 118.03798833333333,
        "speed": 0,
        "course": 3.9,
        "heading": 274,
        "destination": "CNXMN",
        "last_position_epoch": 1764518820,
        "last_position_UTC": "2025-11-30T16:07:00Z"
      },
      {
        "lat": 24.440953333333333,
        "lon": 118.03793833333333,
        "speed": 0,
        "course": 3.9,
        "heading": 274,
        "destination": "CNXMN",
        "last_position_epoch": 1764517015,
        "last_position_UTC": "2025-11-30T15:36:55Z"
      },
      {
        "lat": 24.440923333333334,
        "lon": 118.03794833333333,
        "speed": 0,
        "course": 3.9,
        "heading": 274,
        "destination": "CNXMN",
        "last_position_epoch": 1764515217,
        "last_position_UTC": "2025-11-30T15:06:57Z"
      },
      {
        "lat": 24.44096,
        "lon": 118.03793666666667,
        "speed": 0,
        "course": 3.9,
        "heading": 274,
        "destination": "CNXMN",
        "last_position_epoch": 1764513773,
        "last_position_UTC": "2025-11-30T14:42:53Z"
      },
      {
        "lat": 24.440923333333334,
        "lon": 118.03796666666666,
        "speed": 0,
        "course": 3.9,
        "heading": 274,
        "destination": "CNXMN",
        "last_position_epoch": 1764511617,
        "last_position_UTC": "2025-11-30T14:06:57Z"
      },
      {
        "lat": 24.440951666666667,
        "lon": 118.03792166666666,
        "speed": 0,
        "course": 3.9,
        "heading": 274,
        "destination": "CNXMN",
        "last_position_epoch": 1764510180,
        "last_position_UTC": "2025-11-30T13:43:00Z"
      },
      {
        "lat": 24.440943333333333,
        "lon": 118.03796166666666,
        "speed": 0,
        "course": 3.9,
        "heading": 274,
        "destination": "CNXMN",
        "last_position_epoch": 1764508378,
        "last_position_UTC": "2025-11-30T13:12:58Z"
      },
      {
        "lat": 24.440928333333332,
        "lon": 118.03794,
        "speed": 0,
        "course": 3.9,
        "heading": 274,
        "destination": "CNXMN",
        "last_position_epoch": 1764506572,
        "last_position_UTC": "2025-11-30T12:42:52Z"
      },
      {
        "lat": 24.440928333333332,
        "lon": 118.037955,
        "speed": 0,
        "course": 3.9,
        "heading": 274,
        "destination": "CNXMN",
        "last_position_epoch": 1764504775,
        "last_position_UTC": "2025-11-30T12:12:55Z"
      },
      {
        "lat": 24.440948333333335,
        "lon": 118.03792166666666,
        "speed": 0,
        "course": 3.9,
        "heading": 274,
        "destination": "CNXMN",
        "last_position_epoch": 1764502797,
        "last_position_UTC": "2025-11-30T11:39:57Z"
      },
      {
        "lat": 24.440943333333333,
        "lon": 118.037965,
        "speed": 0,
        "course": 3.9,
        "heading": 274,
        "destination": "CNXMN",
        "last_position_epoch": 1764500818,
        "last_position_UTC": "2025-11-30T11:06:58Z"
      },
      {
        "lat": 24.44092,
        "lon": 118.03793333333333,
        "speed": 0,
        "course": 3.9,
        "heading": 274,
        "destination": "CNXMN",
        "last_position_epoch": 1764499377,
        "last_position_UTC": "2025-11-30T10:42:57Z"
      },
      {
        "lat": 24.440916666666666,
        "lon": 118.03797,
        "speed": 0,
        "course": 3.9,
        "heading": 274,
        "destination": "CNXMN",
        "last_position_epoch": 1764497574,
        "last_position_UTC": "2025-11-30T10:12:54Z"
      },
      {
        "lat": 24.440925,
        "lon": 118.03794833333333,
        "speed": 0,
        "course": 3.9,
        "heading": 274,
        "destination": "CNXMN",
        "last_position_epoch": 1764495776,
        "last_position_UTC": "2025-11-30T09:42:56Z"
      },
      {
        "lat": 24.440941666666667,
        "lon": 118.03793166666667,
        "speed": 0,
        "course": 3.9,
        "heading": 274,
        "destination": "CNXMN",
        "last_position_epoch": 1764493980,
        "last_position_UTC": "2025-11-30T09:13:00Z"
      },
      {
        "lat": 24.440961666666666,
        "lon": 118.03794,
        "speed": 0,
        "course": 3.9,
        "heading": 274,
        "destination": "CNXMN",
        "last_position_epoch": 1764492171,
        "last_position_UTC": "2025-11-30T08:42:51Z"
      },
      {
        "lat": 24.440948333333335,
        "lon": 118.03793833333333,
        "speed": 0,
        "course": 3.9,
        "heading": 274,
        "destination": "CNXMN",
        "last_position_epoch": 1764490011,
        "last_position_UTC": "2025-11-30T08:06:51Z"
      },
      {
        "lat": 24.440971666666666,
        "lon": 118.03794833333333,
        "speed": 0,
        "course": 3.9,
        "heading": 274,
        "destination": "CNXMN",
        "last_position_epoch": 1764488574,
        "last_position_UTC": "2025-11-30T07:42:54Z"
      },
      {
        "lat": 24.44095,
        "lon": 118.03792833333333,
        "speed": 0,
        "course": 3.9,
        "heading": 274,
        "destination": "CNXMN",
        "last_position_epoch": 1764486776,
        "last_position_UTC": "2025-11-30T07:12:56Z"
      },
      {
        "lat": 24.44095,
        "lon": 118.03793333333333,
        "speed": 0,
        "course": 3.9,
        "heading": 274,
        "destination": "CNXMN",
        "last_position_epoch": 1764484611,
        "last_position_UTC": "2025-11-30T06:36:51Z"
      },
      {
        "lat": 24.440946666666665,
        "lon": 118.03793166666667,
        "speed": 0,
        "course": 3.9,
        "heading": 274,
        "destination": "CNXMN",
        "last_position_epoch": 1764482817,
        "last_position_UTC": "2025-11-30T06:06:57Z"
      },
      {
        "lat": 24.440926666666666,
        "lon": 118.037925,
        "speed": 0,
        "course": 3.9,
        "heading": 274,
        "destination": "CNXMN",
        "last_position_epoch": 1764481371,
        "last_position_UTC": "2025-11-30T05:42:51Z"
      },
      {
        "lat": 24.440961666666666,
        "lon": 118.03796333333334,
        "speed": 0,
        "course": 3.9,
        "heading": 274,
        "destination": "CNXMN",
        "last_position_epoch": 1764479577,
        "last_position_UTC": "2025-11-30T05:12:57Z"
      },
      {
        "lat": 24.440961666666666,
        "lon": 118.03794166666667,
        "speed": 0,
        "course": 3.9,
        "heading": 274,
        "destination": "CNXMN",
        "last_position_epoch": 1764477775,
        "last_position_UTC": "2025-11-30T04:42:55Z"
      },
      {
        "lat": 24.440931666666668,
        "lon": 118.03793333333333,
        "speed": 0,
        "course": 3.9,
        "heading": 274,
        "destination": "CNXMN",
        "last_position_epoch": 1764475973,
        "last_position_UTC": "2025-11-30T04:12:53Z"
      },
      {
        "lat": 24.440955,
        "lon": 118.03793833333333,
        "speed": 0,
        "course": 3.9,
        "heading": 274,
        "destination": "CNXMN",
        "last_position_epoch": 1764473817,
        "last_position_UTC": "2025-11-30T03:36:57Z"
      },
      {
        "lat": 24.440975,
        "lon": 118.037975,
        "speed": 0,
        "course": 3.9,
        "heading": 274,
        "destination": "CNXMN",
        "last_position_epoch": 1764472014,
        "last_position_UTC": "2025-11-30T03:06:54Z"
      },
      {
        "lat": 24.440961666666666,
        "lon": 118.03796833333334,
        "speed": 0,
        "course": 3.9,
        "heading": 274,
        "destination": "CNXMN",
        "last_position_epoch": 1764470394,
        "last_position_UTC": "2025-11-30T02:39:54Z"
      },
      {
        "lat": 24.44094,
        "lon": 118.03795166666667,
        "speed": 0,
        "course": 3.9,
        "heading": 274,
        "destination": "CNXMN",
        "last_position_epoch": 1764468771,
        "last_position_UTC": "2025-11-30T02:12:51Z"
      },
      {
        "lat": 24.440943333333333,
        "lon": 118.03793333333333,
        "speed": 0,
        "course": 3.9,
        "heading": 274,
        "destination": "CNXMN",
        "last_position_epoch": 1764466973,
        "last_position_UTC": "2025-11-30T01:42:53Z"
      },
      {
        "lat": 24.440961666666666,
        "lon": 118.03795833333334,
        "speed": 0,
        "course": 3.9,
        "heading": 273,
        "destination": "CNXMN",
        "last_position_epoch": 1764465169,
        "last_position_UTC": "2025-11-30T01:12:49Z"
      },
      {
        "lat": 24.44095,
        "lon": 118.037945,
        "speed": 0,
        "course": 3.9,
        "heading": 274,
        "destination": "CNXMN",
        "last_position_epoch": 1764463192,
        "last_position_UTC": "2025-11-30T00:39:52Z"
      },
      {
        "lat": 24.439648333333334,
        "lon": 118.03882,
        "speed": 0.7,
        "course": 341,
        "heading": 288,
        "destination": "CNXMN",
        "last_position_epoch": 1764461573,
        "last_position_UTC": "2025-11-30T00:12:53Z"
      },
      {
        "lat": 24.417701666666666,
        "lon": 118.078965,
        "speed": 8.8,
        "course": 304,
        "heading": 305,
        "destination": "CNXMN",
        "last_position_epoch": 1764459771,
        "last_position_UTC": "2025-11-29T23:42:51Z"
      },
      {
        "lat": 24.35961,
        "lon": 118.1477,
        "speed": 9.6,
        "course": 312.4,
        "heading": 314,
        "destination": "CNXMN",
        "last_position_epoch": 1764457973,
        "last_position_UTC": "2025-11-29T23:12:53Z"
      },
      {
        "lat": 24.293585,
        "lon": 118.21563166666667,
        "speed": 12.4,
        "course": 320.4,
        "heading": 322,
        "destination": "CNXMN",
        "last_position_epoch": 1764456172,
        "last_position_UTC": "2025-11-29T22:42:52Z"
      },
      {
        "lat": 24.228636666666667,
        "lon": 118.27348,
        "speed": 8.1,
        "course": 318.6,
        "heading": 320,
        "destination": "CNXMN",
        "last_position_epoch": 1764454362,
        "last_position_UTC": "2025-11-29T22:12:42Z"
      },
      {
        "lat": 24.194973333333333,
        "lon": 118.30786333333333,
        "speed": 4.4,
        "course": 308.2,
        "heading": 308,
        "destination": "CNXMN",
        "last_position_epoch": 1764452572,
        "last_position_UTC": "2025-11-29T21:42:52Z"
      },
      {
        "lat": 24.166973333333335,
        "lon": 118.33568166666667,
        "speed": 4.8,
        "course": 329.5,
        "heading": 330,
        "destination": "CNXMN",
        "last_position_epoch": 1764450772,
        "last_position_UTC": "2025-11-29T21:12:52Z"
      },
      {
        "lat": 24.13079,
        "lon": 118.36972166666666,
        "speed": 8.2,
        "course": 313.5,
        "heading": 310,
        "destination": "CNXMN",
        "last_position_epoch": 1764448973,
        "last_position_UTC": "2025-11-29T20:42:53Z"
      },
      {
        "lat": 24.086563333333334,
        "lon": 118.46005833333334,
        "speed": 10.6,
        "course": 269.3,
        "heading": 265,
        "destination": "CNXMN",
        "last_position_epoch": 1764446881,
        "last_position_UTC": "2025-11-29T20:08:01Z"
      },
      {
        "lat": 24.08866666666667,
        "lon": 118.57083166666666,
        "speed": 10.9,
        "course": 273.5,
        "heading": 270,
        "destination": "CNSHA(YSN)",
        "last_position_epoch": 1764444833,
        "last_position_UTC": "2025-11-29T19:33:53Z"
      },
      {
        "lat": 24.089908333333334,
        "lon": 118.64586833333334,
        "speed": 11.2,
        "course": 264.4,
        "heading": 260,
        "destination": "CNSHA(YSN)",
        "last_position_epoch": 1764443471,
        "last_position_UTC": "2025-11-29T19:11:11Z"
      },
      {
        "lat": 24.134011666666666,
        "lon": 118.78025333333333,
        "speed": 13.6,
        "course": 245.5,
        "heading": 242,
        "destination": "CNSHA(YSN)",
        "last_position_epoch": 1764441272,
        "last_position_UTC": "2025-11-29T18:34:32Z"
      },
      {
        "lat": 24.190506666666668,
        "lon": 118.89672333333333,
        "speed": 13.2,
        "course": 236.5,
        "heading": 235,
        "destination": "CNSHA(YSN)",
        "last_position_epoch": 1764439332,
        "last_position_UTC": "2025-11-29T18:02:12Z"
      },
      {
        "lat": 24.29364,
        "lon": 119.05859,
        "speed": 13.3,
        "course": 232,
        "heading": 232,
        "destination": "CNXMN",
        "last_position_epoch": 1764436920,
        "last_position_UTC": "2025-11-29T17:22:00Z"
      },
      {
        "lat": 24.338833,
        "lon": 119.13304,
        "speed": 13.3,
        "course": 246,
        "heading": 244,
        "destination": "CNXMN",
        "last_position_epoch": 1764435120,
        "last_position_UTC": "2025-11-29T16:52:00Z"
      },
      {
        "lat": 24.386896,
        "lon": 119.2526,
        "speed": 13.3,
        "course": 246,
        "heading": 245,
        "destination": "CNXMN",
        "last_position_epoch": 1764433380,
        "last_position_UTC": "2025-11-29T16:23:00Z"
      },
      {
        "lat": 24.437624,
        "lon": 119.3744,
        "speed": 13.5,
        "course": 244,
        "heading": 244,
        "destination": "CNXMN",
        "last_position_epoch": 1764431580,
        "last_position_UTC": "2025-11-29T15:53:00Z"
      },
      {
        "lat": 24.493402,
        "lon": 119.5125,
        "speed": 15.8,
        "course": 246,
        "heading": 245,
        "destination": "CNXMN",
        "last_position_epoch": 1764429720,
        "last_position_UTC": "2025-11-29T15:22:00Z"
      },
      {
        "lat": 24.536118,
        "lon": 119.65495,
        "speed": 16.7,
        "course": 249,
        "heading": 251,
        "destination": "CNXMN",
        "last_position_epoch": 1764427980,
        "last_position_UTC": "2025-11-29T14:53:00Z"
      }
    ]
  },
  "meta": {
    "duration": 0.006662593,
    "endpoint": "/api/v0/vessel_history",
    "success": true
  }
}