{
  "data": {
    "uuid": "c8da992e-2809-8a7f-1fb2-f3970362f3cb",
    "name": "KMTC JEBEL ALI",
    "mmsi": "440764000",
    "imo": "9375305",
    "eni": null,
    "country_iso": "KR",
    "type": "Cargo - Hazard A (Major)",
    "type_specific": "Container Ship",
    "positions": [
      {
        "lat": 9.2960997,
        "lon": 87.952744,
        "speed": 15.3,
        "course": 117,
        "heading": 118,
        "destination": "MY PKG",
        "last_position_epoch": 1765027440,
        "last_position_UTC": "2025-12-06T13:24:00Z"
      },
      {
        "lat": 9.4377499,
        "lon": 87.67868,
        "speed": 15.8,
        "course": 120,
        "heading": 120,
        "destination": "MY PKG",
        "last_position_epoch": 1765023420,
        "last_position_UTC": "2025-12-06T12:17:00Z"
      },
      {
        "lat": 9.56005,
        "lon": 87.518898,
        "speed": 15.8,
        "course": 127,
        "heading": 130,
        "destination": "MY PKG",
        "last_position_epoch": 1765020300,
        "last_position_UTC": "2025-12-06T11:25:00Z"
      },
      {
        "lat": 9.6236,
        "lon": 87.429398,
        "speed": 16,
        "course": 120,
        "heading": 122,
        "destination": "MY PKG",
        "last_position_epoch": 1765018440,
        "last_position_UTC": "2025-12-06T10:54:00Z"
      },
      {
        "lat": 11.002617,
        "lon": 84.829277,
        "speed": 15.8,
        "course": 119,
        "heading": 119,
        "destination": "MY PKG",
        "last_position_epoch": 1764978540,
        "last_position_UTC": "2025-12-05T23:49:00Z"
      },
      {
        "lat": 11.0296,
        "lon": 84.781883,
        "speed": 15.8,
        "course": 120,
        "heading": 119,
        "destination": "MY PKG",
        "last_position_epoch": 1764977820,
        "last_position_UTC": "2025-12-05T23:37:00Z"
      },
      {
        "lat": 11.11365,
        "lon": 84.632965,
        "speed": 15.6,
        "course": 119,
        "heading": 119,
        "destination": "MY PKG",
        "last_position_epoch": 1764975960,
        "last_position_UTC": "2025-12-05T23:06:00Z"
      },
      {
        "lat": 11.174017,
        "lon": 84.529587,
        "speed": 15.6,
        "course": 121,
        "heading": 122,
        "destination": "MY PKG",
        "last_position_epoch": 1764974100,
        "last_position_UTC": "2025-12-05T22:35:00Z"
      },
      {
        "lat": 11.246567,
        "lon": 84.401283,
        "speed": 15.5,
        "course": 118,
        "heading": 118,
        "destination": "MY PKG",
        "last_position_epoch": 1764972240,
        "last_position_UTC": "2025-12-05T22:04:00Z"
      },
      {
        "lat": 11.29455,
        "lon": 84.310944,
        "speed": 15.5,
        "course": 117,
        "heading": 118,
        "destination": "MY PKG",
        "last_position_epoch": 1764970500,
        "last_position_UTC": "2025-12-05T21:35:00Z"
      },
      {
        "lat": 13.134383,
        "lon": 80.779388,
        "speed": 16.1,
        "course": 117,
        "heading": 108,
        "destination": "MY PKG",
        "last_position_epoch": 1764914760,
        "last_position_UTC": "2025-12-05T06:06:00Z"
      },
      {
        "lat": 13.1887,
        "lon": 80.672401,
        "speed": 16.6,
        "course": 121,
        "heading": 109,
        "destination": "MY PKG",
        "last_position_epoch": 1764912960,
        "last_position_UTC": "2025-12-05T05:36:00Z"
      },
      {
        "lat": 13.262834,
        "lon": 80.548668,
        "speed": 16.7,
        "course": 119,
        "heading": 110,
        "destination": "MY PKG",
        "last_position_epoch": 1764911220,
        "last_position_UTC": "2025-12-05T05:07:00Z"
      },
      {
        "lat": 13.298783,
        "lon": 80.405853,
        "speed": 11,
        "course": 42,
        "heading": 50,
        "destination": "MY PKG",
        "last_position_epoch": 1764909180,
        "last_position_UTC": "2025-12-05T04:33:00Z"
      },
      {
        "lat": 13.3059,
        "lon": 80.356255,
        "speed": 5.8,
        "course": 116,
        "heading": 111,
        "destination": "MY PKG",
        "last_position_epoch": 1764907440,
        "last_position_UTC": "2025-12-05T04:04:00Z"
      },
      {
        "lat": 13.313167,
        "lon": 80.349854,
        "speed": 0.1,
        "course": 197,
        "heading": 286,
        "destination": "MY PKG",
        "last_position_epoch": 1764905460,
        "last_position_UTC": "2025-12-05T03:31:00Z"
      },
      {
        "lat": 13.313216,
        "lon": 80.34967,
        "speed": 0,
        "course": 155,
        "heading": 286,
        "destination": "MY PKW",
        "last_position_epoch": 1764903600,
        "last_position_UTC": "2025-12-05T03:00:00Z"
      },
      {
        "lat": 13.313334,
        "lon": 80.34977,
        "speed": 0,
        "course": 236,
        "heading": 286,
        "destination": "MY PKW",
        "last_position_epoch": 1764902280,
        "last_position_UTC": "2025-12-05T02:38:00Z"
      },
      {
        "lat": 13.313334,
        "lon": 80.349785,
        "speed": 0,
        "course": 283,
        "heading": 286,
        "destination": "IN KTP",
        "last_position_epoch": 1764900000,
        "last_position_UTC": "2025-12-05T02:00:00Z"
      },
      {
        "lat": 13.313084,
        "lon": 80.349731,
        "speed": 0.1,
        "course": 199,
        "heading": 286,
        "destination": "IN KTP",
        "last_position_epoch": 1764898620,
        "last_position_UTC": "2025-12-05T01:37:00Z"
      },
      {
        "lat": 13.313283,
        "lon": 80.3498,
        "speed": 0,
        "course": 349,
        "heading": 286,
        "destination": "IN KTP",
        "last_position_epoch": 1764896700,
        "last_position_UTC": "2025-12-05T01:05:00Z"
      },
      {
        "lat": 13.313233,
        "lon": 80.349716,
        "speed": 0,
        "course": 14,
        "heading": 286,
        "destination": "IN KTP",
        "last_position_epoch": 1764894600,
        "last_position_UTC": "2025-12-05T00:30:00Z"
      },
      {
        "lat": 13.313117,
        "lon": 80.349922,
        "speed": 0.1,
        "course": 145,
        "heading": 286,
        "destination": "IN KTP",
        "last_position_epoch": 1764892920,
        "last_position_UTC": "2025-12-05T00:02:00Z"
      },
      {
        "lat": 13.313233,
        "lon": 80.349998,
        "speed": 0,
        "course": 153,
        "heading": 286,
        "destination": "IN KTP",
        "last_position_epoch": 1764891300,
        "last_position_UTC": "2025-12-04T23:35:00Z"
      },
      {
        "lat": 13.3133,
        "lon": 80.3498,
        "speed": 0,
        "course": 193,
        "heading": 286,
        "destination": "IN KTP",
        "last_position_epoch": 1764889620,
        "last_position_UTC": "2025-12-04T23:07:00Z"
      },
      {
        "lat": 13.313316,
        "lon": 80.349731,
        "speed": 0,
        "course": 330,
        "heading": 286,
        "destination": "IN KTP",
        "last_position_epoch": 1764887880,
        "last_position_UTC": "2025-12-04T22:38:00Z"
      },
      {
        "lat": 13.31325,
        "lon": 80.34977,
        "speed": 0,
        "course": 0,
        "heading": 286,
        "destination": "IN KTP",
        "last_position_epoch": 1764886084,
        "last_position_UTC": "2025-12-04T22:08:04Z"
      },
      {
        "lat": 13.313184,
        "lon": 80.349876,
        "speed": 0,
        "course": 116,
        "heading": 286,
        "destination": "IN KTP",
        "last_position_epoch": 1764884040,
        "last_position_UTC": "2025-12-04T21:34:00Z"
      },
      {
        "lat": 13.313233,
        "lon": 80.34977,
        "speed": 0,
        "course": 47,
        "heading": 286,
        "destination": "IN KTP",
        "last_position_epoch": 1764882300,
        "last_position_UTC": "2025-12-04T21:05:00Z"
      },
      {
        "lat": 13.31315,
        "lon": 80.350304,
        "speed": 0,
        "course": 67,
        "heading": 286,
        "destination": "IN KTP",
        "last_position_epoch": 1764880440,
        "last_position_UTC": "2025-12-04T20:34:00Z"
      },
      {
        "lat": 13.313316,
        "lon": 80.349968,
        "speed": 0,
        "course": 151,
        "heading": 286,
        "destination": "IN KTP",
        "last_position_epoch": 1764878880,
        "last_position_UTC": "2025-12-04T20:08:00Z"
      },
      {
        "lat": 13.313267,
        "lon": 80.349945,
        "speed": 0,
        "course": 71,
        "heading": 286,
        "destination": "IN KTP",
        "last_position_epoch": 1764876720,
        "last_position_UTC": "2025-12-04T19:32:00Z"
      },
      {
        "lat": 13.313334,
        "lon": 80.349922,
        "speed": 0,
        "course": 30,
        "heading": 286,
        "destination": "IN KTP",
        "last_position_epoch": 1764874920,
        "last_position_UTC": "2025-12-04T19:02:00Z"
      },
      {
        "lat": 13.312917,
        "lon": 80.350067,
        "speed": 0,
        "course": 160,
        "heading": 286,
        "destination": "IN KTP",
        "last_position_epoch": 1764873060,
        "last_position_UTC": "2025-12-04T18:31:00Z"
      },
      {
        "lat": 13.31325,
        "lon": 80.349747,
        "speed": 0,
        "course": 199,
        "heading": 286,
        "destination": "IN KTP",
        "last_position_epoch": 1764871320,
        "last_position_UTC": "2025-12-04T18:02:00Z"
      },
      {
        "lat": 13.31325,
        "lon": 80.349869,
        "speed": 0,
        "course": 249,
        "heading": 286,
        "destination": "IN KTP",
        "last_position_epoch": 1764869520,
        "last_position_UTC": "2025-12-04T17:32:00Z"
      },
      {
        "lat": 13.313334,
        "lon": 80.349701,
        "speed": 0.1,
        "course": 286,
        "heading": 286,
        "destination": "IN KTP",
        "last_position_epoch": 1764867720,
        "last_position_UTC": "2025-12-04T17:02:00Z"
      },
      {
        "lat": 13.313283,
        "lon": 80.349876,
        "speed": 0,
        "course": 93,
        "heading": 286,
        "destination": "IN KTP",
        "last_position_epoch": 1764865860,
        "last_position_UTC": "2025-12-04T16:31:00Z"
      },
      {
        "lat": 13.313133,
        "lon": 80.3498,
        "speed": 0.1,
        "course": 184,
        "heading": 286,
        "destination": "IN KTP",
        "last_position_epoch": 1764864180,
        "last_position_UTC": "2025-12-04T16:03:00Z"
      },
      {
        "lat": 13.313267,
        "lon": 80.349968,
        "speed": 0,
        "course": 132,
        "heading": 286,
        "destination": "IN KTP",
        "last_position_epoch": 1764862320,
        "last_position_UTC": "2025-12-04T15:32:00Z"
      },
      {
        "lat": 13.313184,
        "lon": 80.349716,
        "speed": 0,
        "course": 204,
        "heading": 286,
        "destination": "IN KTP",
        "last_position_epoch": 1764860520,
        "last_position_UTC": "2025-12-04T15:02:00Z"
      },
      {
        "lat": 13.313316,
        "lon": 80.349716,
        "speed": 0,
        "course": 214,
        "heading": 286,
        "destination": "IN KTP",
        "last_position_epoch": 1764858720,
        "last_position_UTC": "2025-12-04T14:32:00Z"
      },
      {
        "lat": 13.313383,
        "lon": 80.349602,
        "speed": 0,
        "course": 327,
        "heading": 286,
        "destination": "IN KTP",
        "last_position_epoch": 1764856740,
        "last_position_UTC": "2025-12-04T13:59:00Z"
      },
      {
        "lat": 13.313267,
        "lon": 80.349731,
        "speed": 0,
        "course": 179,
        "heading": 286,
        "destination": "IN KTP",
        "last_position_epoch": 1764854880,
        "last_position_UTC": "2025-12-04T13:28:00Z"
      },
      {
        "lat": 13.31335,
        "lon": 80.34977,
        "speed": 0,
        "course": 165,
        "heading": 286,
        "destination": "IN KTP",
        "last_position_epoch": 1764853200,
        "last_position_UTC": "2025-12-04T13:00:00Z"
      },
      {
        "lat": 13.313283,
        "lon": 80.349854,
        "speed": 0,
        "course": 171,
        "heading": 286,
        "destination": "IN KTP",
        "last_position_epoch": 1764851280,
        "last_position_UTC": "2025-12-04T12:28:00Z"
      },
      {
        "lat": 13.3132,
        "lon": 80.34977,
        "speed": 0.1,
        "course": 177,
        "heading": 286,
        "destination": "IN KTP",
        "last_position_epoch": 1764849360,
        "last_position_UTC": "2025-12-04T11:56:00Z"
      },
      {
        "lat": 13.313216,
        "lon": 80.349785,
        "speed": 0.1,
        "course": 186,
        "heading": 286,
        "destination": "IN KTP",
        "last_position_epoch": 1764847620,
        "last_position_UTC": "2025-12-04T11:27:00Z"
      },
      {
        "lat": 13.313117,
        "lon": 80.349747,
        "speed": 0,
        "course": 163,
        "heading": 286,
        "destination": "IN KTP",
        "last_position_epoch": 1764845640,
        "last_position_UTC": "2025-12-04T10:54:00Z"
      },
      {
        "lat": 13.3134,
        "lon": 80.349785,
        "speed": 0,
        "course": 47,
        "heading": 286,
        "destination": "IN KTP",
        "last_position_epoch": 1764844140,
        "last_position_UTC": "2025-12-04T10:29:00Z"
      },
      {
        "lat": 13.313267,
        "lon": 80.349785,
        "speed": 0,
        "course": 353,
        "heading": 286,
        "destination": "IN KTP",
        "last_position_epoch": 1764842280,
        "last_position_UTC": "2025-12-04T09:58:00Z"
      },
      {
        "lat": 13.313283,
        "lon": 80.349655,
        "speed": 0,
        "course": 75,
        "heading": 286,
        "destination": "IN KTP",
        "last_position_epoch": 1764840600,
        "last_position_UTC": "2025-12-04T09:30:00Z"
      },
      {
        "lat": 13.313283,
        "lon": 80.349785,
        "speed": 0,
        "course": 293,
        "heading": 286,
        "destination": "IN KTP",
        "last_position_epoch": 1764838680,
        "last_position_UTC": "2025-12-04T08:58:00Z"
      },
      {
        "lat": 13.313283,
        "lon": 80.349716,
        "speed": 0,
        "course": 147,
        "heading": 286,
        "destination": "IN KTP",
        "last_position_epoch": 1764836820,
        "last_position_UTC": "2025-12-04T08:27:00Z"
      },
      {
        "lat": 13.313167,
        "lon": 80.349747,
        "speed": 0,
        "course": 137,
        "heading": 286,
        "destination": "IN KTP",
        "last_position_epoch": 1764835140,
        "last_position_UTC": "2025-12-04T07:59:00Z"
      },
      {
        "lat": 13.312984,
        "lon": 80.349617,
        "speed": 0,
        "course": 146,
        "heading": 286,
        "destination": "IN KTP",
        "last_position_epoch": 1764833340,
        "last_position_UTC": "2025-12-04T07:29:00Z"
      },
      {
        "lat": 13.30375,
        "lon": 80.362137,
        "speed": 6.4,
        "course": 290,
        "heading": 296,
        "destination": "IN KTP",
        "last_position_epoch": 1764831840,
        "last_position_UTC": "2025-12-04T07:04:00Z"
      },
      {
        "lat": 13.294,
        "lon": 80.44101,
        "speed": 11.3,
        "course": 303,
        "heading": 307,
        "destination": "IN KTP",
        "last_position_epoch": 1764829980,
        "last_position_UTC": "2025-12-04T06:33:00Z"
      },
      {
        "lat": 13.215616,
        "lon": 80.459854,
        "speed": 12.3,
        "course": 356,
        "heading": 356,
        "destination": "IN KTP",
        "last_position_epoch": 1764828240,
        "last_position_UTC": "2025-12-04T06:04:00Z"
      },
      {
        "lat": 13.125617,
        "lon": 80.417366,
        "speed": 11.6,
        "course": 79,
        "heading": 66,
        "destination": "IN KTP",
        "last_position_epoch": 1764826440,
        "last_position_UTC": "2025-12-04T05:34:00Z"
      },
      {
        "lat": 13.112617,
        "lon": 80.326233,
        "speed": 8.8,
        "course": 88,
        "heading": 85,
        "destination": "IN KTP",
        "last_position_epoch": 1764824580,
        "last_position_UTC": "2025-12-04T05:03:00Z"
      },
      {
        "lat": 13.1054,
        "lon": 80.298935,
        "speed": 0,
        "course": 338,
        "heading": 17,
        "destination": "IN KTP",
        "last_position_epoch": 1764822720,
        "last_position_UTC": "2025-12-04T04:32:00Z"
      },
      {
        "lat": 13.105284,
        "lon": 80.298866,
        "speed": 0,
        "course": 285,
        "heading": 18,
        "destination": "IN KTP",
        "last_position_epoch": 1764820800,
        "last_position_UTC": "2025-12-04T04:00:00Z"
      },
      {
        "lat": 13.1052,
        "lon": 80.299004,
        "speed": 0.1,
        "course": 167,
        "heading": 18,
        "destination": "IN MAA",
        "last_position_epoch": 1764819180,
        "last_position_UTC": "2025-12-04T03:33:00Z"
      },
      {
        "lat": 13.105284,
        "lon": 80.298935,
        "speed": 0,
        "course": 92,
        "heading": 18,
        "destination": "IN MAA",
        "last_position_epoch": 1764817500,
        "last_position_UTC": "2025-12-04T03:05:00Z"
      },
      {
        "lat": 13.105184,
        "lon": 80.298965,
        "speed": 0.1,
        "course": 210,
        "heading": 18,
        "destination": "IN MAA",
        "last_position_epoch": 1764815760,
        "last_position_UTC": "2025-12-04T02:36:00Z"
      },
      {
        "lat": 13.105233,
        "lon": 80.299057,
        "speed": 0,
        "course": 229,
        "heading": 18,
        "destination": "IN MAA",
        "last_position_epoch": 1764814020,
        "last_position_UTC": "2025-12-04T02:07:00Z"
      },
      {
        "lat": 13.105284,
        "lon": 80.298965,
        "speed": 0,
        "course": 227,
        "heading": 18,
        "destination": "IN MAA",
        "last_position_epoch": 1764812160,
        "last_position_UTC": "2025-12-04T01:36:00Z"
      },
      {
        "lat": 13.105284,
        "lon": 80.298798,
        "speed": 0,
        "course": 250,
        "heading": 18,
        "destination": "IN MAA",
        "last_position_epoch": 1764810120,
        "last_position_UTC": "2025-12-04T01:02:00Z"
      },
      {
        "lat": 13.1052,
        "lon": 80.299103,
        "speed": 0,
        "course": 231,
        "heading": 18,
        "destination": "IN MAA",
        "last_position_epoch": 1764808380,
        "last_position_UTC": "2025-12-04T00:33:00Z"
      },
      {
        "lat": 13.105117,
        "lon": 80.298866,
        "speed": 0.1,
        "course": 198,
        "heading": 18,
        "destination": "IN MAA",
        "last_position_epoch": 1764806460,
        "last_position_UTC": "2025-12-04T00:01:00Z"
      },
      {
        "lat": 13.105184,
        "lon": 80.299065,
        "speed": 0.1,
        "course": 177,
        "heading": 18,
        "destination": "IN MAA",
        "last_position_epoch": 1764804780,
        "last_position_UTC": "2025-12-03T23:33:00Z"
      },
      {
        "lat": 13.105217,
        "lon": 80.298965,
        "speed": 0,
        "course": 154,
        "heading": 17,
        "destination": "IN MAA",
        "last_position_epoch": 1764802920,
        "last_position_UTC": "2025-12-03T23:02:00Z"
      },
      {
        "lat": 13.104983,
        "lon": 80.299065,
        "speed": 0,
        "course": 166,
        "heading": 18,
        "destination": "IN MAA",
        "last_position_epoch": 1764801060,
        "last_position_UTC": "2025-12-03T22:31:00Z"
      },
      {
        "lat": 13.105233,
        "lon": 80.299057,
        "speed": 0,
        "course": 83,
        "heading": 18,
        "destination": "IN MAA",
        "last_position_epoch": 1764799320,
        "last_position_UTC": "2025-12-03T22:02:00Z"
      },
      {
        "lat": 13.105166,
        "lon": 80.299065,
        "speed": 0,
        "course": 150,
        "heading": 17,
        "destination": "IN MAA",
        "last_position_epoch": 1764797460,
        "last_position_UTC": "2025-12-03T21:31:00Z"
      },
      {
        "lat": 13.105284,
        "lon": 80.299133,
        "speed": 0,
        "course": 102,
        "heading": 17,
        "destination": "IN MAA",
        "last_position_epoch": 1764795720,
        "last_position_UTC": "2025-12-03T21:02:00Z"
      },
      {
        "lat": 13.105367,
        "lon": 80.299187,
        "speed": 0,
        "course": 97,
        "heading": 18,
        "destination": "IN MAA",
        "last_position_epoch": 1764793800,
        "last_position_UTC": "2025-12-03T20:30:00Z"
      },
      {
        "lat": 13.105267,
        "lon": 80.298988,
        "speed": 0,
        "course": 55,
        "heading": 17,
        "destination": "IN MAA",
        "last_position_epoch": 1764792060,
        "last_position_UTC": "2025-12-03T20:01:00Z"
      },
      {
        "lat": 13.1052,
        "lon": 80.299057,
        "speed": 0,
        "course": 76,
        "heading": 17,
        "destination": "IN MAA",
        "last_position_epoch": 1764790320,
        "last_position_UTC": "2025-12-03T19:32:00Z"
      },
      {
        "lat": 13.105433,
        "lon": 80.299164,
        "speed": 0.1,
        "course": 5,
        "heading": 18,
        "destination": "IN MAA",
        "last_position_epoch": 1764788580,
        "last_position_UTC": "2025-12-03T19:03:00Z"
      },
      {
        "lat": 13.105233,
        "lon": 80.299065,
        "speed": 0,
        "course": 77,
        "heading": 18,
        "destination": "IN MAA",
        "last_position_epoch": 1764786660,
        "last_position_UTC": "2025-12-03T18:31:00Z"
      },
      {
        "lat": 13.105217,
        "lon": 80.299011,
        "speed": 0,
        "course": 273,
        "heading": 17,
        "destination": "IN MAA",
        "last_position_epoch": 1764784860,
        "last_position_UTC": "2025-12-03T18:01:00Z"
      },
      {
        "lat": 13.10515,
        "lon": 80.299004,
        "speed": 0,
        "course": 258,
        "heading": 18,
        "destination": "IN MAA",
        "last_position_epoch": 1764783060,
        "last_position_UTC": "2025-12-03T17:31:00Z"
      },
      {
        "lat": 13.10545,
        "lon": 80.298584,
        "speed": 0.2,
        "course": 301,
        "heading": 17,
        "destination": "IN MAA",
        "last_position_epoch": 1764781200,
        "last_position_UTC": "2025-12-03T17:00:00Z"
      },
      {
        "lat": 13.105284,
        "lon": 80.299004,
        "speed": 0,
        "course": 324,
        "heading": 17,
        "destination": "IN MAA",
        "last_position_epoch": 1764779520,
        "last_position_UTC": "2025-12-03T16:32:00Z"
      },
      {
        "lat": 13.105184,
        "lon": 80.29908,
        "speed": 0,
        "course": 81,
        "heading": 18,
        "destination": "IN MAA",
        "last_position_epoch": 1764777660,
        "last_position_UTC": "2025-12-03T16:01:00Z"
      },
      {
        "lat": 13.1052,
        "lon": 80.299065,
        "speed": 0.1,
        "course": 145,
        "heading": 17,
        "destination": "IN MAA",
        "last_position_epoch": 1764775920,
        "last_position_UTC": "2025-12-03T15:32:00Z"
      },
      {
        "lat": 13.105317,
        "lon": 80.29921,
        "speed": 0,
        "course": 222,
        "heading": 17,
        "destination": "IN MAA",
        "last_position_epoch": 1764774120,
        "last_position_UTC": "2025-12-03T15:02:00Z"
      },
      {
        "lat": 13.105467,
        "lon": 80.29921,
        "speed": 0,
        "course": 225,
        "heading": 17,
        "destination": "IN MAA",
        "last_position_epoch": 1764772140,
        "last_position_UTC": "2025-12-03T14:29:00Z"
      },
      {
        "lat": 13.105284,
        "lon": 80.299187,
        "speed": 0,
        "course": 276,
        "heading": 17,
        "destination": "IN MAA",
        "last_position_epoch": 1764770400,
        "last_position_UTC": "2025-12-03T14:00:00Z"
      },
      {
        "lat": 13.105117,
        "lon": 80.299004,
        "speed": 0.1,
        "course": 278,
        "heading": 17,
        "destination": "IN MAA",
        "last_position_epoch": 1764768660,
        "last_position_UTC": "2025-12-03T13:31:00Z"
      },
      {
        "lat": 13.1053,
        "lon": 80.298988,
        "speed": 0.1,
        "course": 270,
        "heading": 17,
        "destination": "IN MAA",
        "last_position_epoch": 1764766920,
        "last_position_UTC": "2025-12-03T13:02:00Z"
      },
      {
        "lat": 13.105083,
        "lon": 80.298767,
        "speed": 0,
        "course": 239,
        "heading": 17,
        "destination": "IN MAA",
        "last_position_epoch": 1764764940,
        "last_position_UTC": "2025-12-03T12:29:00Z"
      },
      {
        "lat": 13.10535,
        "lon": 80.299187,
        "speed": 0,
        "course": 139,
        "heading": 17,
        "destination": "IN MAA",
        "last_position_epoch": 1764763380,
        "last_position_UTC": "2025-12-03T12:03:00Z"
      },
      {
        "lat": 13.105416,
        "lon": 80.299118,
        "speed": 0,
        "course": 22,
        "heading": 17,
        "destination": "IN MAA",
        "last_position_epoch": 1764761400,
        "last_position_UTC": "2025-12-03T11:30:00Z"
      },
      {
        "lat": 13.105267,
        "lon": 80.298965,
        "speed": 0,
        "course": 90,
        "heading": 17,
        "destination": "IN MAA",
        "last_position_epoch": 1764759540,
        "last_position_UTC": "2025-12-03T10:59:00Z"
      },
      {
        "lat": 13.105233,
        "lon": 80.298988,
        "speed": 0,
        "course": 96,
        "heading": 17,
        "destination": "IN MAA",
        "last_position_epoch": 1764757800,
        "last_position_UTC": "2025-12-03T10:30:00Z"
      },
      {
        "lat": 13.105267,
        "lon": 80.299065,
        "speed": 0,
        "course": 335,
        "heading": 17,
        "destination": "IN MAA",
        "last_position_epoch": 1764755940,
        "last_position_UTC": "2025-12-03T09:59:00Z"
      },
      {
        "lat": 13.1053,
        "lon": 80.29908,
        "speed": 0,
        "course": 278,
        "heading": 17,
        "destination": "IN MAA",
        "last_position_epoch": 1764754200,
        "last_position_UTC": "2025-12-03T09:30:00Z"
      },
      {
        "lat": 13.10515,
        "lon": 80.299011,
        "speed": 0,
        "course": 186,
        "heading": 17,
        "destination": "IN MAA",
        "last_position_epoch": 1764752400,
        "last_position_UTC": "2025-12-03T09:00:00Z"
      },
      {
        "lat": 13.105284,
        "lon": 80.29908,
        "speed": 0,
        "course": 223,
        "heading": 17,
        "destination": "IN MAA",
        "last_position_epoch": 1764750720,
        "last_position_UTC": "2025-12-03T08:32:00Z"
      },
      {
        "lat": 13.105433,
        "lon": 80.298866,
        "speed": 0,
        "course": 358,
        "heading": 17,
        "destination": "IN MAA",
        "last_position_epoch": 1764748860,
        "last_position_UTC": "2025-12-03T08:01:00Z"
      },
      {
        "lat": 13.105267,
        "lon": 80.29892,
        "speed": 0,
        "course": 342,
        "heading": 17,
        "destination": "IN MAA",
        "last_position_epoch": 1764746940,
        "last_position_UTC": "2025-12-03T07:29:00Z"
      },
      {
        "lat": 13.105267,
        "lon": 80.298965,
        "speed": 0,
        "course": 55,
        "heading": 17,
        "destination": "IN MAA",
        "last_position_epoch": 1764745260,
        "last_position_UTC": "2025-12-03T07:01:00Z"
      },
      {
        "lat": 13.1052,
        "lon": 80.299118,
        "speed": 0,
        "course": 81,
        "heading": 17,
        "destination": "IN MAA",
        "last_position_epoch": 1764743580,
        "last_position_UTC": "2025-12-03T06:33:00Z"
      },
      {
        "lat": 13.105133,
        "lon": 80.299034,
        "speed": 0,
        "course": 78,
        "heading": 17,
        "destination": "IN MAA",
        "last_position_epoch": 1764741840,
        "last_position_UTC": "2025-12-03T06:04:00Z"
      },
      {
        "lat": 13.105284,
        "lon": 80.29892,
        "speed": 0,
        "course": 52,
        "heading": 17,
        "destination": "IN MAA",
        "last_position_epoch": 1764739860,
        "last_position_UTC": "2025-12-03T05:31:00Z"
      },
      {
        "lat": 13.1053,
        "lon": 80.299202,
        "speed": 0,
        "course": 283,
        "heading": 17,
        "destination": "IN MAA",
        "last_position_epoch": 1764738120,
        "last_position_UTC": "2025-12-03T05:02:00Z"
      },
      {
        "lat": 13.10515,
        "lon": 80.298935,
        "speed": 0,
        "course": 55,
        "heading": 17,
        "destination": "IN MAA",
        "last_position_epoch": 1764736200,
        "last_position_UTC": "2025-12-03T04:30:00Z"
      },
      {
        "lat": 13.1053,
        "lon": 80.29908,
        "speed": 0,
        "course": 229,
        "heading": 17,
        "destination": "IN MAA",
        "last_position_epoch": 1764734580,
        "last_position_UTC": "2025-12-03T04:03:00Z"
      },
      {
        "lat": 13.105233,
        "lon": 80.298935,
        "speed": 0,
        "course": 22,
        "heading": 17,
        "destination": "IN MAA",
        "last_position_epoch": 1764732840,
        "last_position_UTC": "2025-12-03T03:34:00Z"
      },
      {
        "lat": 13.105233,
        "lon": 80.298965,
        "speed": 0,
        "course": 192,
        "heading": 17,
        "destination": "IN MAA",
        "last_position_epoch": 1764730980,
        "last_position_UTC": "2025-12-03T03:03:00Z"
      },
      {
        "lat": 13.105083,
        "lon": 80.298935,
        "speed": 0,
        "course": 241,
        "heading": 17,
        "destination": "IN MAA",
        "last_position_epoch": 1764729120,
        "last_position_UTC": "2025-12-03T02:32:00Z"
      },
      {
        "lat": 13.10545,
        "lon": 80.299057,
        "speed": 0.1,
        "course": 9,
        "heading": 17,
        "destination": "IN MAA",
        "last_position_epoch": 1764727500,
        "last_position_UTC": "2025-12-03T02:05:00Z"
      },
      {
        "lat": 13.105284,
        "lon": 80.29892,
        "speed": 0,
        "course": 312,
        "heading": 17,
        "destination": "IN MAA",
        "last_position_epoch": 1764725580,
        "last_position_UTC": "2025-12-03T01:33:00Z"
      },
      {
        "lat": 13.10525,
        "lon": 80.298935,
        "speed": 0,
        "course": 262,
        "heading": 17,
        "destination": "IN MAA",
        "last_position_epoch": 1764723900,
        "last_position_UTC": "2025-12-03T01:05:00Z"
      },
      {
        "lat": 13.105284,
        "lon": 80.298935,
        "speed": 0,
        "course": 111,
        "heading": 17,
        "destination": "IN MAA",
        "last_position_epoch": 1764721980,
        "last_position_UTC": "2025-12-03T00:33:00Z"
      },
      {
        "lat": 13.10515,
        "lon": 80.298897,
        "speed": 0,
        "course": 158,
        "heading": 17,
        "destination": "IN MAA",
        "last_position_epoch": 1764719640,
        "last_position_UTC": "2025-12-02T23:54:00Z"
      },
      {
        "lat": 13.10535,
        "lon": 80.298965,
        "speed": 0.1,
        "course": 199,
        "heading": 17,
        "destination": "IN MAA",
        "last_position_epoch": 1764718260,
        "last_position_UTC": "2025-12-02T23:31:00Z"
      },
      {
        "lat": 13.105217,
        "lon": 80.299011,
        "speed": 0,
        "course": 163,
        "heading": 17,
        "destination": "IN MAA",
        "last_position_epoch": 1764716520,
        "last_position_UTC": "2025-12-02T23:02:00Z"
      },
      {
        "lat": 13.105333,
        "lon": 80.299057,
        "speed": 0,
        "course": 308,
        "heading": 17,
        "destination": "IN MAA",
        "last_position_epoch": 1764714720,
        "last_position_UTC": "2025-12-02T22:32:00Z"
      },
      {
        "lat": 13.10515,
        "lon": 80.299065,
        "speed": 0,
        "course": 148,
        "heading": 17,
        "destination": "IN MAA",
        "last_position_epoch": 1764712920,
        "last_position_UTC": "2025-12-02T22:02:00Z"
      },
      {
        "lat": 13.105117,
        "lon": 80.299011,
        "speed": 0,
        "course": 141,
        "heading": 17,
        "destination": "IN MAA",
        "last_position_epoch": 1764711120,
        "last_position_UTC": "2025-12-02T21:32:00Z"
      },
      {
        "lat": 13.105117,
        "lon": 80.298965,
        "speed": 0,
        "course": 143,
        "heading": 17,
        "destination": "IN MAA",
        "last_position_epoch": 1764709320,
        "last_position_UTC": "2025-12-02T21:02:00Z"
      },
      {
        "lat": 13.105333,
        "lon": 80.299034,
        "speed": 0,
        "course": 88,
        "heading": 17,
        "destination": "IN MAA",
        "last_position_epoch": 1764707460,
        "last_position_UTC": "2025-12-02T20:31:00Z"
      },
      {
        "lat": 13.10515,
        "lon": 80.299232,
        "speed": 0,
        "course": 0,
        "heading": 17,
        "destination": "IN MAA",
        "last_position_epoch": 1764706056,
        "last_position_UTC": "2025-12-02T20:07:36Z"
      },
      {
        "lat": 13.105184,
        "lon": 80.29895,
        "speed": 0,
        "course": 22,
        "heading": 18,
        "destination": "IN MAA",
        "last_position_epoch": 1764703920,
        "last_position_UTC": "2025-12-02T19:32:00Z"
      },
      {
        "lat": 13.105217,
        "lon": 80.29908,
        "speed": 0,
        "course": 70,
        "heading": 18,
        "destination": "IN MAA",
        "last_position_epoch": 1764702120,
        "last_position_UTC": "2025-12-02T19:02:00Z"
      },
      {
        "lat": 13.1051,
        "lon": 80.298988,
        "speed": 0,
        "course": 153,
        "heading": 17,
        "destination": "IN MAA",
        "last_position_epoch": 1764700200,
        "last_position_UTC": "2025-12-02T18:30:00Z"
      },
      {
        "lat": 13.105233,
        "lon": 80.298965,
        "speed": 0,
        "course": 276,
        "heading": 18,
        "destination": "IN MAA",
        "last_position_epoch": 1764698580,
        "last_position_UTC": "2025-12-02T18:03:00Z"
      },
      {
        "lat": 13.105083,
        "lon": 80.299011,
        "speed": 0,
        "course": 270,
        "heading": 18,
        "destination": "IN MAA",
        "last_position_epoch": 1764696780,
        "last_position_UTC": "2025-12-02T17:33:00Z"
      },
      {
        "lat": 13.1053,
        "lon": 80.298988,
        "speed": 0.1,
        "course": 306,
        "heading": 18,
        "destination": "IN MAA",
        "last_position_epoch": 1764694920,
        "last_position_UTC": "2025-12-02T17:02:00Z"
      },
      {
        "lat": 13.105133,
        "lon": 80.298965,
        "speed": 0,
        "course": 249,
        "heading": 17,
        "destination": "IN MAA",
        "last_position_epoch": 1764693120,
        "last_position_UTC": "2025-12-02T16:32:00Z"
      },
      {
        "lat": 13.1051,
        "lon": 80.299232,
        "speed": 0,
        "course": 233,
        "heading": 17,
        "destination": "IN MAA",
        "last_position_epoch": 1764691260,
        "last_position_UTC": "2025-12-02T16:01:00Z"
      },
      {
        "lat": 13.105267,
        "lon": 80.299332,
        "speed": 0.1,
        "course": 105,
        "heading": 18,
        "destination": "IN MAA",
        "last_position_epoch": 1764689400,
        "last_position_UTC": "2025-12-02T15:30:00Z"
      },
      {
        "lat": 13.105416,
        "lon": 80.299232,
        "speed": 0,
        "course": 82,
        "heading": 17,
        "destination": "IN MAA",
        "last_position_epoch": 1764687660,
        "last_position_UTC": "2025-12-02T15:01:00Z"
      },
      {
        "lat": 13.1052,
        "lon": 80.298882,
        "speed": 0,
        "course": 258,
        "heading": 17,
        "destination": "IN MAA",
        "last_position_epoch": 1764685800,
        "last_position_UTC": "2025-12-02T14:30:00Z"
      },
      {
        "lat": 13.1053,
        "lon": 80.299034,
        "speed": 0,
        "course": 326,
        "heading": 18,
        "destination": "IN MAA",
        "last_position_epoch": 1764684000,
        "last_position_UTC": "2025-12-02T14:00:00Z"
      },
      {
        "lat": 13.105217,
        "lon": 80.299034,
        "speed": 0,
        "course": 257,
        "heading": 17,
        "destination": "IN MAA",
        "last_position_epoch": 1764682140,
        "last_position_UTC": "2025-12-02T13:29:00Z"
      },
      {
        "lat": 13.105233,
        "lon": 80.298988,
        "speed": 0,
        "course": 246,
        "heading": 17,
        "destination": "IN MAA",
        "last_position_epoch": 1764680520,
        "last_position_UTC": "2025-12-02T13:02:00Z"
      },
      {
        "lat": 13.105083,
        "lon": 80.298988,
        "speed": 0.1,
        "course": 184,
        "heading": 17,
        "destination": "IN MAA",
        "last_position_epoch": 1764678780,
        "last_position_UTC": "2025-12-02T12:33:00Z"
      },
      {
        "lat": 13.10515,
        "lon": 80.29895,
        "speed": 0,
        "course": 193,
        "heading": 17,
        "destination": "IN MAA",
        "last_position_epoch": 1764676860,
        "last_position_UTC": "2025-12-02T12:01:00Z"
      },
      {
        "lat": 13.1052,
        "lon": 80.299133,
        "speed": 0.1,
        "course": 202,
        "heading": 17,
        "destination": "IN MAA",
        "last_position_epoch": 1764675360,
        "last_position_UTC": "2025-12-02T11:36:00Z"
      },
      {
        "lat": 13.105383,
        "lon": 80.29908,
        "speed": 0,
        "course": 181,
        "heading": 17,
        "destination": "IN MAA",
        "last_position_epoch": 1764673200,
        "last_position_UTC": "2025-12-02T11:00:00Z"
      },
      {
        "lat": 13.105133,
        "lon": 80.299004,
        "speed": 0.1,
        "course": 150,
        "heading": 17,
        "destination": "IN MAA",
        "last_position_epoch": 1764671520,
        "last_position_UTC": "2025-12-02T10:32:00Z"
      },
      {
        "lat": 13.105166,
        "lon": 80.299011,
        "speed": 0,
        "course": 64,
        "heading": 17,
        "destination": "IN MAA",
        "last_position_epoch": 1764669660,
        "last_position_UTC": "2025-12-02T10:01:00Z"
      },
      {
        "lat": 13.105133,
        "lon": 80.29892,
        "speed": 0,
        "course": 97,
        "heading": 18,
        "destination": "IN MAA",
        "last_position_epoch": 1764668100,
        "last_position_UTC": "2025-12-02T09:35:00Z"
      },
      {
        "lat": 13.10525,
        "lon": 80.299057,
        "speed": 0,
        "course": 163,
        "heading": 17,
        "destination": "IN MAA",
        "last_position_epoch": 1764666180,
        "last_position_UTC": "2025-12-02T09:03:00Z"
      },
      {
        "lat": 13.105117,
        "lon": 80.299034,
        "speed": 0,
        "course": 184,
        "heading": 17,
        "destination": "IN MAA",
        "last_position_epoch": 1764664380,
        "last_position_UTC": "2025-12-02T08:33:00Z"
      },
      {
        "lat": 13.1053,
        "lon": 80.299011,
        "speed": 0.1,
        "course": 10,
        "heading": 17,
        "destination": "IN MAA",
        "last_position_epoch": 1764662520,
        "last_position_UTC": "2025-12-02T08:02:00Z"
      },
      {
        "lat": 13.1052,
        "lon": 80.299057,
        "speed": 0.1,
        "course": 6,
        "heading": 18,
        "destination": "IN MAA",
        "last_position_epoch": 1764660840,
        "last_position_UTC": "2025-12-02T07:34:00Z"
      },
      {
        "lat": 13.10535,
        "lon": 80.299118,
        "speed": 0,
        "course": 75,
        "heading": 17,
        "destination": "IN MAA",
        "last_position_epoch": 1764658980,
        "last_position_UTC": "2025-12-02T07:03:00Z"
      },
      {
        "lat": 13.1053,
        "lon": 80.299004,
        "speed": 0,
        "course": 76,
        "heading": 17,
        "destination": "IN MAA",
        "last_position_epoch": 1764657120,
        "last_position_UTC": "2025-12-02T06:32:00Z"
      },
      {
        "lat": 13.105117,
        "lon": 80.299065,
        "speed": 0.1,
        "course": 112,
        "heading": 17,
        "destination": "IN MAA",
        "last_position_epoch": 1764655260,
        "last_position_UTC": "2025-12-02T06:01:00Z"
      },
      {
        "lat": 13.105133,
        "lon": 80.298988,
        "speed": 0,
        "course": 247,
        "heading": 17,
        "destination": "IN MAA",
        "last_position_epoch": 1764653460,
        "last_position_UTC": "2025-12-02T05:31:00Z"
      },
      {
        "lat": 13.105166,
        "lon": 80.299149,
        "speed": 0,
        "course": 59,
        "heading": 17,
        "destination": "IN MAA",
        "last_position_epoch": 1764651840,
        "last_position_UTC": "2025-12-02T05:04:00Z"
      },
      {
        "lat": 13.105267,
        "lon": 80.299133,
        "speed": 0,
        "course": 299,
        "heading": 18,
        "destination": "IN MAA",
        "last_position_epoch": 1764649980,
        "last_position_UTC": "2025-12-02T04:33:00Z"
      },
      {
        "lat": 13.105184,
        "lon": 80.29895,
        "speed": 0,
        "course": 290,
        "heading": 18,
        "destination": "IN MAA",
        "last_position_epoch": 1764648300,
        "last_position_UTC": "2025-12-02T04:05:00Z"
      },
      {
        "lat": 13.1052,
        "lon": 80.299164,
        "speed": 0,
        "course": 156,
        "heading": 17,
        "destination": "IN MAA",
        "last_position_epoch": 1764646260,
        "last_position_UTC": "2025-12-02T03:31:00Z"
      },
      {
        "lat": 13.105166,
        "lon": 80.299011,
        "speed": 0,
        "course": 243,
        "heading": 18,
        "destination": "IN MAA",
        "last_position_epoch": 1764644700,
        "last_position_UTC": "2025-12-02T03:05:00Z"
      },
      {
        "lat": 13.105284,
        "lon": 80.299202,
        "speed": 0,
        "course": 232,
        "heading": 17,
        "destination": "IN MAA",
        "last_position_epoch": 1764643080,
        "last_position_UTC": "2025-12-02T02:38:00Z"
      },
      {
        "lat": 13.105233,
        "lon": 80.299057,
        "speed": 0,
        "course": 172,
        "heading": 17,
        "destination": "IN MAA",
        "last_position_epoch": 1764641040,
        "last_position_UTC": "2025-12-02T02:04:00Z"
      },
      {
        "lat": 13.105033,
        "lon": 80.29908,
        "speed": 0.1,
        "course": 166,
        "heading": 17,
        "destination": "IN MAA",
        "last_position_epoch": 1764639300,
        "last_position_UTC": "2025-12-02T01:35:00Z"
      },
      {
        "lat": 13.105383,
        "lon": 80.298744,
        "speed": 0,
        "course": 320,
        "heading": 18,
        "destination": "IN MAA",
        "last_position_epoch": 1764637380,
        "last_position_UTC": "2025-12-02T01:03:00Z"
      },
      {
        "lat": 13.105217,
        "lon": 80.299133,
        "speed": 0,
        "course": 232,
        "heading": 18,
        "destination": "IN MAA",
        "last_position_epoch": 1764635520,
        "last_position_UTC": "2025-12-02T00:32:00Z"
      },
      {
        "lat": 13.105233,
        "lon": 80.299004,
        "speed": 0,
        "course": 162,
        "heading": 18,
        "destination": "IN MAA",
        "last_position_epoch": 1764633840,
        "last_position_UTC": "2025-12-02T00:04:00Z"
      },
      {
        "lat": 13.105184,
        "lon": 80.299057,
        "speed": 0,
        "course": 153,
        "heading": 18,
        "destination": "IN MAA",
        "last_position_epoch": 1764631920,
        "last_position_UTC": "2025-12-01T23:32:00Z"
      },
      {
        "lat": 13.104983,
        "lon": 80.298965,
        "speed": 0,
        "course": 203,
        "heading": 17,
        "destination": "IN MAA",
        "last_position_epoch": 1764630240,
        "last_position_UTC": "2025-12-01T23:04:00Z"
      },
      {
        "lat": 13.106916,
        "lon": 80.307457,
        "speed": 4.8,
        "course": 222,
        "heading": 226,
        "destination": "IN MAA",
        "last_position_epoch": 1764628440,
        "last_position_UTC": "2025-12-01T22:34:00Z"
      },
      {
        "lat": 13.118417,
        "lon": 80.347633,
        "speed": 6,
        "course": 265,
        "heading": 279,
        "destination": "IN MAA",
        "last_position_epoch": 1764626700,
        "last_position_UTC": "2025-12-01T22:05:00Z"
      },
      {
        "lat": 13.1225,
        "lon": 80.376945,
        "speed": 4.9,
        "course": 258,
        "heading": 283,
        "destination": "IN MAA",
        "last_position_epoch": 1764624840,
        "last_position_UTC": "2025-12-01T21:34:00Z"
      },
      {
        "lat": 13.134334,
        "lon": 80.439003,
        "speed": 5.5,
        "course": 265,
        "heading": 302,
        "destination": "IN MAA",
        "last_position_epoch": 1764623040,
        "last_position_UTC": "2025-12-01T21:04:00Z"
      },
      {
        "lat": 13.133616,
        "lon": 80.43235,
        "speed": 2.5,
        "course": 96,
        "heading": 52,
        "destination": "IN MAA",
        "last_position_epoch": 1764621300,
        "last_position_UTC": "2025-12-01T20:35:00Z"
      },
      {
        "lat": 13.142867,
        "lon": 80.454079,
        "speed": 6.5,
        "course": 134,
        "heading": 89,
        "destination": "IN MAA",
        "last_position_epoch": 1764619440,
        "last_position_UTC": "2025-12-01T20:04:00Z"
      },
      {
        "lat": 13.144783,
        "lon": 80.443466,
        "speed": 1.3,
        "course": 335,
        "heading": 6,
        "destination": "IN MAA",
        "last_position_epoch": 1764617520,
        "last_position_UTC": "2025-12-01T19:32:00Z"
      },
      {
        "lat": 13.129717,
        "lon": 80.44635,
        "speed": 1.7,
        "course": 14,
        "heading": 13,
        "destination": "IN MAA",
        "last_position_epoch": 1764615720,
        "last_position_UTC": "2025-12-01T19:02:00Z"
      },
      {
        "lat": 13.114634,
        "lon": 80.445717,
        "speed": 1.2,
        "course": 350,
        "heading": 11,
        "destination": "IN MAA",
        "last_position_epoch": 1764613980,
        "last_position_UTC": "2025-12-01T18:33:00Z"
      },
      {
        "lat": 13.1055,
        "lon": 80.446701,
        "speed": 1.2,
        "course": 354,
        "heading": 11,
        "destination": "IN MAA",
        "last_position_epoch": 1764612240,
        "last_position_UTC": "2025-12-01T18:04:00Z"
      },
      {
        "lat": 13.097417,
        "lon": 80.443901,
        "speed": 3.2,
        "course": 108,
        "heading": 39,
        "destination": "IN MAA",
        "last_position_epoch": 1764610500,
        "last_position_UTC": "2025-12-01T17:35:00Z"
      },
      {
        "lat": 13.109317,
        "lon": 80.432335,
        "speed": 5.1,
        "course": 260,
        "heading": 309,
        "destination": "IN MAA",
        "last_position_epoch": 1764608520,
        "last_position_UTC": "2025-12-01T17:02:00Z"
      },
      {
        "lat": 13.118234,
        "lon": 80.462067,
        "speed": 0.8,
        "course": 179,
        "heading": 351,
        "destination": "IN MAA",
        "last_position_epoch": 1764606840,
        "last_position_UTC": "2025-12-01T16:34:00Z"
      },
      {
        "lat": 13.1356,
        "lon": 80.423279,
        "speed": 3.5,
        "course": 94,
        "heading": 49,
        "destination": "IN MAA",
        "last_position_epoch": 1764604980,
        "last_position_UTC": "2025-12-01T16:03:00Z"
      },
      {
        "lat": 13.135266,
        "lon": 80.440063,
        "speed": 4,
        "course": 265,
        "heading": 314,
        "destination": "IN MAA",
        "last_position_epoch": 1764603240,
        "last_position_UTC": "2025-12-01T15:34:00Z"
      },
      {
        "lat": 13.13625,
        "lon": 80.458534,
        "speed": 4.5,
        "course": 123,
        "heading": 51,
        "destination": "IN MAA",
        "last_position_epoch": 1764601500,
        "last_position_UTC": "2025-12-01T15:05:00Z"
      },
      {
        "lat": 13.136617,
        "lon": 80.433853,
        "speed": 1.6,
        "course": 349,
        "heading": 8,
        "destination": "IN MAA",
        "last_position_epoch": 1764599520,
        "last_position_UTC": "2025-12-01T14:32:00Z"
      },
      {
        "lat": 13.123966,
        "lon": 80.435165,
        "speed": 1.2,
        "course": 344,
        "heading": 9,
        "destination": "IN MAA",
        "last_position_epoch": 1764597840,
        "last_position_UTC": "2025-12-01T14:04:00Z"
      },
      {
        "lat": 13.115183,
        "lon": 80.433815,
        "speed": 1,
        "course": 14,
        "heading": 12,
        "destination": "IN MAA",
        "last_position_epoch": 1764596040,
        "last_position_UTC": "2025-12-01T13:34:00Z"
      },
      {
        "lat": 13.109583,
        "lon": 80.432297,
        "speed": 1.1,
        "course": 347,
        "heading": 9,
        "destination": "IN MAA",
        "last_position_epoch": 1764594120,
        "last_position_UTC": "2025-12-01T13:02:00Z"
      },
      {
        "lat": 13.100767,
        "lon": 80.43515,
        "speed": 0.8,
        "course": 316,
        "heading": 6,
        "destination": "IN MAA",
        "last_position_epoch": 1764592440,
        "last_position_UTC": "2025-12-01T12:34:00Z"
      },
      {
        "lat": 13.094216,
        "lon": 80.437767,
        "speed": 0.2,
        "course": 345,
        "heading": 7,
        "destination": "IN MAA",
        "last_position_epoch": 1764590520,
        "last_position_UTC": "2025-12-01T12:02:00Z"
      },
      {
        "lat": 13.093083,
        "lon": 80.43605,
        "speed": 0.2,
        "course": 102,
        "heading": 11,
        "destination": "IN MAA",
        "last_position_epoch": 1764588780,
        "last_position_UTC": "2025-12-01T11:33:00Z"
      },
      {
        "lat": 13.092116,
        "lon": 80.434814,
        "speed": 0.2,
        "course": 148,
        "heading": 11,
        "destination": "IN MAA",
        "last_position_epoch": 1764586920,
        "last_position_UTC": "2025-12-01T11:02:00Z"
      },
      {
        "lat": 13.09335,
        "lon": 80.436012,
        "speed": 0,
        "course": 60,
        "heading": 10,
        "destination": "IN MAA",
        "last_position_epoch": 1764585060,
        "last_position_UTC": "2025-12-01T10:31:00Z"
      },
      {
        "lat": 13.09385,
        "lon": 80.435722,
        "speed": 0.1,
        "course": 114,
        "heading": 10,
        "destination": "IN MAA",
        "last_position_epoch": 1764583200,
        "last_position_UTC": "2025-12-01T10:00:00Z"
      },
      {
        "lat": 13.095134,
        "lon": 80.435402,
        "speed": 0.1,
        "course": 77,
        "heading": 10,
        "destination": "IN MAA",
        "last_position_epoch": 1764581520,
        "last_position_UTC": "2025-12-01T09:32:00Z"
      },
      {
        "lat": 13.095384,
        "lon": 80.432816,
        "speed": 2,
        "course": 101,
        "heading": 29,
        "destination": "IN MAA",
        "last_position_epoch": 1764579720,
        "last_position_UTC": "2025-12-01T09:02:00Z"
      },
      {
        "lat": 13.108916,
        "lon": 80.411835,
        "speed": 5.3,
        "course": 136,
        "heading": 86,
        "destination": "IN MAA",
        "last_position_epoch": 1764577980,
        "last_position_UTC": "2025-12-01T08:33:00Z"
      },
      {
        "lat": 13.125983,
        "lon": 80.371452,
        "speed": 5,
        "course": 93,
        "heading": 71,
        "destination": "IN MAA",
        "last_position_epoch": 1764576120,
        "last_position_UTC": "2025-12-01T08:02:00Z"
      },
      {
        "lat": 13.118517,
        "lon": 80.36647,
        "speed": 4.8,
        "course": 275,
        "heading": 298,
        "destination": "IN MAA",
        "last_position_epoch": 1764574380,
        "last_position_UTC": "2025-12-01T07:33:00Z"
      },
      {
        "lat": 13.124,
        "lon": 80.385521,
        "speed": 4.5,
        "course": 252,
        "heading": 301,
        "destination": "IN MAA",
        "last_position_epoch": 1764572520,
        "last_position_UTC": "2025-12-01T07:02:00Z"
      },
      {
        "lat": 13.146283,
        "lon": 80.484718,
        "speed": 7.5,
        "course": 305,
        "heading": 330,
        "destination": "IN MAA",
        "last_position_epoch": 1764570780,
        "last_position_UTC": "2025-12-01T06:33:00Z"
      },
      {
        "lat": 13.129733,
        "lon": 80.48777,
        "speed": 0.6,
        "course": 32,
        "heading": 13,
        "destination": "IN MAA",
        "last_position_epoch": 1764569100,
        "last_position_UTC": "2025-12-01T06:05:00Z"
      },
      {
        "lat": 13.096784,
        "lon": 80.487434,
        "speed": 2,
        "course": 4,
        "heading": 9,
        "destination": "IN MAA",
        "last_position_epoch": 1764567120,
        "last_position_UTC": "2025-12-01T05:32:00Z"
      },
      {
        "lat": 13.085033,
        "lon": 80.486076,
        "speed": 0.3,
        "course": 92,
        "heading": 12,
        "destination": "IN MAA",
        "last_position_epoch": 1764565320,
        "last_position_UTC": "2025-12-01T05:02:00Z"
      },
      {
        "lat": 13.0839,
        "lon": 80.486053,
        "speed": 1.2,
        "course": 18,
        "heading": 16,
        "destination": "IN MAA",
        "last_position_epoch": 1764563700,
        "last_position_UTC": "2025-12-01T04:35:00Z"
      },
      {
        "lat": 13.074583,
        "lon": 80.483101,
        "speed": 0.8,
        "course": 138,
        "heading": 38,
        "destination": "IN MAA",
        "last_position_epoch": 1764561840,
        "last_position_UTC": "2025-12-01T04:04:00Z"
      },
      {
        "lat": 13.073816,
        "lon": 80.496597,
        "speed": 1.6,
        "course": 275,
        "heading": 356,
        "destination": "IN MAA",
        "last_position_epoch": 1764560100,
        "last_position_UTC": "2025-12-01T03:35:00Z"
      },
      {
        "lat": 13.06025,
        "lon": 80.51683,
        "speed": 2.4,
        "course": 316,
        "heading": 355,
        "destination": "IN MAA",
        "last_position_epoch": 1764558480,
        "last_position_UTC": "2025-12-01T03:08:00Z"
      },
      {
        "lat": 13.048634,
        "lon": 80.528214,
        "speed": 2.2,
        "course": 315,
        "heading": 357,
        "destination": "IN MAA",
        "last_position_epoch": 1764556680,
        "last_position_UTC": "2025-12-01T02:38:00Z"
      },
      {
        "lat": 13.040116,
        "lon": 80.535812,
        "speed": 1.2,
        "course": 281,
        "heading": 2,
        "destination": "IN MAA",
        "last_position_epoch": 1764555000,
        "last_position_UTC": "2025-12-01T02:10:00Z"
      },
      {
        "lat": 13.02125,
        "lon": 80.557144,
        "speed": 8.1,
        "course": 303,
        "heading": 328,
        "destination": "IN MAA",
        "last_position_epoch": 1764553200,
        "last_position_UTC": "2025-12-01T01:40:00Z"
      },
      {
        "lat": 12.984867,
        "lon": 80.618149,
        "speed": 7.3,
        "course": 297,
        "heading": 326,
        "destination": "IN MAA",
        "last_position_epoch": 1764551340,
        "last_position_UTC": "2025-12-01T01:09:00Z"
      },
      {
        "lat": 12.963984,
        "lon": 80.66925,
        "speed": 9.6,
        "course": 293,
        "heading": 311,
        "destination": "IN MAA",
        "last_position_epoch": 1764549660,
        "last_position_UTC": "2025-12-01T00:41:00Z"
      },
      {
        "lat": 12.9092,
        "lon": 80.783264,
        "speed": 11.3,
        "course": 296,
        "heading": null,
        "destination": "IN MAA",
        "last_position_epoch": 1764547620,
        "last_position_UTC": "2025-12-01T00:07:00Z"
      },
      {
        "lat": 12.860967,
        "lon": 80.87915,
        "speed": 11.8,
        "course": 293,
        "heading": null,
        "destination": "IN MAA",
        "last_position_epoch": 1764545820,
        "last_position_UTC": "2025-11-30T23:37:00Z"
      },
      {
        "lat": 12.773784,
        "lon": 81.066902,
        "speed": 11.3,
        "course": 293,
        "heading": null,
        "destination": "IN MAA",
        "last_position_epoch": 1764541680,
        "last_position_UTC": "2025-11-30T22:28:00Z"
      }
    ]
  },
  "meta": {
    "duration": 0.012884183,
    "endpoint": "/api/v0/vessel_history",
    "success": true
  }
}