{
  "data": {
    "uuid": "8f5b660e-8cb1-2741-b05f-50d1ce42ec55",
    "name": "SM SEOUL",
    "mmsi": "440756000",
    "imo": "9456953",
    "eni": null,
    "country_iso": "KR",
    "type": "Cargo - Hazard A (Major)",
    "type_specific": "Container Ship",
    "positions": [
      {
        "lat": 41.620754,
        "lon": 143.11546,
        "speed": 18.6,
        "course": 91,
        "heading": 88,
        "destination": "CAVAN",
        "last_position_epoch": 1764903000,
        "last_position_UTC": "2025-12-05T02:50:00Z"
      },
      {
        "lat": 41.624863,
        "lon": 142.75699,
        "speed": 18.3,
        "course": 92,
        "heading": 89,
        "destination": "CAVAN",
        "last_position_epoch": 1764899340,
        "last_position_UTC": "2025-12-05T01:49:00Z"
      },
      {
        "lat": 41.629147,
        "lon": 142.54492,
        "speed": 18.7,
        "course": 89,
        "heading": 88,
        "destination": "CAVAN",
        "last_position_epoch": 1764897600,
        "last_position_UTC": "2025-12-05T01:20:00Z"
      },
      {
        "lat": 41.629688,
        "lon": 142.32222,
        "speed": 18.8,
        "course": 89,
        "heading": 88,
        "destination": "CAVAN",
        "last_position_epoch": 1764895800,
        "last_position_UTC": "2025-12-05T00:50:00Z"
      },
      {
        "lat": 41.619766,
        "lon": 142.04369,
        "speed": 18.7,
        "course": 87,
        "heading": 85,
        "destination": "CAVAN",
        "last_position_epoch": 1764894000,
        "last_position_UTC": "2025-12-05T00:20:00Z"
      },
      {
        "lat": 41.618004,
        "lon": 141.90317,
        "speed": 18.7,
        "course": 89,
        "heading": 87,
        "destination": "CAVAN",
        "last_position_epoch": 1764892260,
        "last_position_UTC": "2025-12-04T23:51:00Z"
      },
      {
        "lat": 41.620415,
        "lon": 141.67163,
        "speed": 19.3,
        "course": 91,
        "heading": 88,
        "destination": "CAVAN",
        "last_position_epoch": 1764890340,
        "last_position_UTC": "2025-12-04T23:19:00Z"
      },
      {
        "lat": 41.621433,
        "lon": 141.20123,
        "speed": 17.8,
        "course": 87,
        "heading": 85,
        "destination": "CAVAN",
        "last_position_epoch": 1764886680,
        "last_position_UTC": "2025-12-04T22:18:00Z"
      },
      {
        "lat": 41.612968,
        "lon": 141.01135,
        "speed": 21.1,
        "course": 83,
        "heading": 78,
        "destination": "CAVAN",
        "last_position_epoch": 1764884880,
        "last_position_UTC": "2025-12-04T21:48:00Z"
      },
      {
        "lat": 41.571152,
        "lon": 140.84346,
        "speed": 19.7,
        "course": 55,
        "heading": 55,
        "destination": "CAVAN",
        "last_position_epoch": 1764883140,
        "last_position_UTC": "2025-12-04T21:19:00Z"
      },
      {
        "lat": 41.450794,
        "lon": 140.63838,
        "speed": 23.2,
        "course": 59,
        "heading": 52,
        "destination": "CAVAN",
        "last_position_epoch": 1764881340,
        "last_position_UTC": "2025-12-04T20:49:00Z"
      },
      {
        "lat": 41.340641,
        "lon": 140.39008,
        "speed": 21.2,
        "course": 54,
        "heading": 57,
        "destination": "CAVAN",
        "last_position_epoch": 1764879600,
        "last_position_UTC": "2025-12-04T20:20:00Z"
      },
      {
        "lat": 41.254467,
        "lon": 140.21092,
        "speed": 19.6,
        "course": 58,
        "heading": 57,
        "destination": "CAVAN",
        "last_position_epoch": 1764877680,
        "last_position_UTC": "2025-12-04T19:48:00Z"
      },
      {
        "lat": 41.193165,
        "lon": 140.06961,
        "speed": 18.6,
        "course": 63,
        "heading": 61,
        "destination": "CAVAN",
        "last_position_epoch": 1764876000,
        "last_position_UTC": "2025-12-04T19:20:00Z"
      },
      {
        "lat": 40.072735,
        "lon": 138.15541,
        "speed": 17.7,
        "course": 47,
        "heading": 46,
        "destination": "CAVAN",
        "last_position_epoch": 1764854220,
        "last_position_UTC": "2025-12-04T13:17:00Z"
      },
      {
        "lat": 39.973675,
        "lon": 138.01923,
        "speed": 16.3,
        "course": 47,
        "heading": 46,
        "destination": "CAVAN",
        "last_position_epoch": 1764852600,
        "last_position_UTC": "2025-12-04T12:50:00Z"
      },
      {
        "lat": 35.305187,
        "lon": 130.00671,
        "speed": 18.7,
        "course": 55,
        "heading": 52,
        "destination": "CAVAN",
        "last_position_epoch": 1764755280,
        "last_position_UTC": "2025-12-03T09:48:00Z"
      },
      {
        "lat": 34.911819,
        "lon": 129.36763,
        "speed": 20.2,
        "course": 55,
        "heading": 54,
        "destination": "CAVAN",
        "last_position_epoch": 1764748140,
        "last_position_UTC": "2025-12-03T07:49:00Z"
      },
      {
        "lat": 34.850716,
        "lon": 129.2357,
        "speed": 20.5,
        "course": 66,
        "heading": 64,
        "destination": "CAVAN",
        "last_position_epoch": 1764746400,
        "last_position_UTC": "2025-12-03T07:20:00Z"
      },
      {
        "lat": 34.83339333333333,
        "lon": 129.15427,
        "speed": 20.5,
        "course": 86.1,
        "heading": 86,
        "destination": "CAVAN",
        "last_position_epoch": 1764745664,
        "last_position_UTC": "2025-12-03T07:07:44Z"
      },
      {
        "lat": 34.83396,
        "lon": 128.98527833333333,
        "speed": 19.2,
        "course": 102.7,
        "heading": 103,
        "destination": "CAVAN",
        "last_position_epoch": 1764744163,
        "last_position_UTC": "2025-12-03T06:42:43Z"
      },
      {
        "lat": 34.940983333333335,
        "lon": 128.82090333333332,
        "speed": 14.3,
        "course": 166.4,
        "heading": 163,
        "destination": "CAVAN",
        "last_position_epoch": 1764742051,
        "last_position_UTC": "2025-12-03T06:07:31Z"
      },
      {
        "lat": 35.075554,
        "lon": 128.7867,
        "speed": 2.5,
        "course": 226,
        "heading": 206,
        "destination": "CAVAN",
        "last_position_epoch": 1764739200,
        "last_position_UTC": "2025-12-03T05:20:00Z"
      },
      {
        "lat": 35.077259,
        "lon": 128.78738,
        "speed": 0,
        "course": 358,
        "heading": 269,
        "destination": "CAVAN",
        "last_position_epoch": 1764737340,
        "last_position_UTC": "2025-12-03T04:49:00Z"
      },
      {
        "lat": 35.077324,
        "lon": 128.78741,
        "speed": 0,
        "course": 358,
        "heading": 269,
        "destination": "CAVAN",
        "last_position_epoch": 1764735600,
        "last_position_UTC": "2025-12-03T04:20:00Z"
      },
      {
        "lat": 35.077374,
        "lon": 128.78754,
        "speed": 0,
        "course": 358,
        "heading": 269,
        "destination": "CAVAN",
        "last_position_epoch": 1764733800,
        "last_position_UTC": "2025-12-03T03:50:00Z"
      },
      {
        "lat": 35.077374,
        "lon": 128.78746,
        "speed": 0,
        "course": 358,
        "heading": 268,
        "destination": "CAVAN",
        "last_position_epoch": 1764732060,
        "last_position_UTC": "2025-12-03T03:21:00Z"
      },
      {
        "lat": 35.077351,
        "lon": 128.78748,
        "speed": 0,
        "course": 358,
        "heading": 269,
        "destination": "CAVAN",
        "last_position_epoch": 1764730260,
        "last_position_UTC": "2025-12-03T02:51:00Z"
      },
      {
        "lat": 35.077335,
        "lon": 128.78738,
        "speed": 0,
        "course": 358,
        "heading": 269,
        "destination": "CAVAN",
        "last_position_epoch": 1764728460,
        "last_position_UTC": "2025-12-03T02:21:00Z"
      },
      {
        "lat": 35.077347,
        "lon": 128.78748,
        "speed": 0,
        "course": 358,
        "heading": 268,
        "destination": "CAVAN",
        "last_position_epoch": 1764726600,
        "last_position_UTC": "2025-12-03T01:50:00Z"
      },
      {
        "lat": 35.077354,
        "lon": 128.78754,
        "speed": 0,
        "course": 358,
        "heading": 269,
        "destination": "CAVAN",
        "last_position_epoch": 1764724620,
        "last_position_UTC": "2025-12-03T01:17:00Z"
      },
      {
        "lat": 35.077381,
        "lon": 128.78748,
        "speed": 0,
        "course": 358,
        "heading": 270,
        "destination": "CAVAN",
        "last_position_epoch": 1764723000,
        "last_position_UTC": "2025-12-03T00:50:00Z"
      },
      {
        "lat": 35.077347,
        "lon": 128.78749,
        "speed": 0,
        "course": 358,
        "heading": 268,
        "destination": "CAVAN",
        "last_position_epoch": 1764721200,
        "last_position_UTC": "2025-12-03T00:20:00Z"
      },
      {
        "lat": 35.077312,
        "lon": 128.78743,
        "speed": 0,
        "course": 358,
        "heading": 269,
        "destination": "CAVAN",
        "last_position_epoch": 1764719280,
        "last_position_UTC": "2025-12-02T23:48:00Z"
      },
      {
        "lat": 35.077335,
        "lon": 128.78746,
        "speed": 0,
        "course": 358,
        "heading": 269,
        "destination": "CAVAN",
        "last_position_epoch": 1764717600,
        "last_position_UTC": "2025-12-02T23:20:00Z"
      },
      {
        "lat": 35.077385,
        "lon": 128.78748,
        "speed": 0,
        "course": 358,
        "heading": 269,
        "destination": "CAVAN",
        "last_position_epoch": 1764715800,
        "last_position_UTC": "2025-12-02T22:50:00Z"
      },
      {
        "lat": 35.077339,
        "lon": 128.78751,
        "speed": 0,
        "course": 358,
        "heading": 268,
        "destination": "CAVAN",
        "last_position_epoch": 1764713820,
        "last_position_UTC": "2025-12-02T22:17:00Z"
      },
      {
        "lat": 35.077267,
        "lon": 128.78743,
        "speed": 0,
        "course": 358,
        "heading": 269,
        "destination": "CAVAN",
        "last_position_epoch": 1764712020,
        "last_position_UTC": "2025-12-02T21:47:00Z"
      },
      {
        "lat": 35.077354,
        "lon": 128.78748,
        "speed": 0,
        "course": 358,
        "heading": 269,
        "destination": "CAVAN",
        "last_position_epoch": 1764710340,
        "last_position_UTC": "2025-12-02T21:19:00Z"
      },
      {
        "lat": 35.077305,
        "lon": 128.78745,
        "speed": 0,
        "course": 358,
        "heading": 269,
        "destination": "CAVAN",
        "last_position_epoch": 1764708600,
        "last_position_UTC": "2025-12-02T20:50:00Z"
      },
      {
        "lat": 35.07732,
        "lon": 128.78749,
        "speed": 0,
        "course": 358,
        "heading": 268,
        "destination": "CAVAN",
        "last_position_epoch": 1764706800,
        "last_position_UTC": "2025-12-02T20:20:00Z"
      },
      {
        "lat": 35.077381,
        "lon": 128.78749,
        "speed": 0,
        "course": 358,
        "heading": 269,
        "destination": "CAVAN",
        "last_position_epoch": 1764704940,
        "last_position_UTC": "2025-12-02T19:49:00Z"
      },
      {
        "lat": 35.077358,
        "lon": 128.78751,
        "speed": 0,
        "course": 358,
        "heading": 270,
        "destination": "CAVAN",
        "last_position_epoch": 1764703200,
        "last_position_UTC": "2025-12-02T19:20:00Z"
      },
      {
        "lat": 35.077381,
        "lon": 128.78752,
        "speed": 0,
        "course": 358,
        "heading": 268,
        "destination": "CAVAN",
        "last_position_epoch": 1764701220,
        "last_position_UTC": "2025-12-02T18:47:00Z"
      },
      {
        "lat": 35.077515,
        "lon": 128.78751,
        "speed": 0,
        "course": 358,
        "heading": 269,
        "destination": "CAVAN",
        "last_position_epoch": 1764699600,
        "last_position_UTC": "2025-12-02T18:20:00Z"
      },
      {
        "lat": 35.077358,
        "lon": 128.78746,
        "speed": 0,
        "course": 358,
        "heading": 268,
        "destination": "CAVAN",
        "last_position_epoch": 1764697800,
        "last_position_UTC": "2025-12-02T17:50:00Z"
      },
      {
        "lat": 35.077332,
        "lon": 128.78749,
        "speed": 0,
        "course": 358,
        "heading": 269,
        "destination": "CAVAN",
        "last_position_epoch": 1764695940,
        "last_position_UTC": "2025-12-02T17:19:00Z"
      },
      {
        "lat": 35.077381,
        "lon": 128.78748,
        "speed": 0,
        "course": 358,
        "heading": 269,
        "destination": "CAVAN",
        "last_position_epoch": 1764694020,
        "last_position_UTC": "2025-12-02T16:47:00Z"
      },
      {
        "lat": 35.077358,
        "lon": 128.78748,
        "speed": 0,
        "course": 358,
        "heading": 269,
        "destination": "CAVAN",
        "last_position_epoch": 1764692460,
        "last_position_UTC": "2025-12-02T16:21:00Z"
      },
      {
        "lat": 35.077374,
        "lon": 128.78751,
        "speed": 0,
        "course": 358,
        "heading": 269,
        "destination": "CAVAN",
        "last_position_epoch": 1764690540,
        "last_position_UTC": "2025-12-02T15:49:00Z"
      },
      {
        "lat": 35.077408,
        "lon": 128.78749,
        "speed": 0,
        "course": 358,
        "heading": 268,
        "destination": "CAVAN",
        "last_position_epoch": 1764688740,
        "last_position_UTC": "2025-12-02T15:19:00Z"
      },
      {
        "lat": 35.077305,
        "lon": 128.78746,
        "speed": 0,
        "course": 358,
        "heading": 269,
        "destination": "CAVAN",
        "last_position_epoch": 1764687000,
        "last_position_UTC": "2025-12-02T14:50:00Z"
      },
      {
        "lat": 35.077366,
        "lon": 128.78728,
        "speed": 0,
        "course": 358,
        "heading": 268,
        "destination": "CAVAN",
        "last_position_epoch": 1764685200,
        "last_position_UTC": "2025-12-02T14:20:00Z"
      },
      {
        "lat": 35.077293,
        "lon": 128.78758,
        "speed": 0,
        "course": 358,
        "heading": 269,
        "destination": "KRPUS",
        "last_position_epoch": 1764683340,
        "last_position_UTC": "2025-12-02T13:49:00Z"
      },
      {
        "lat": 35.077221,
        "lon": 128.78767,
        "speed": 0,
        "course": 358,
        "heading": 269,
        "destination": "KRPUS",
        "last_position_epoch": 1764681720,
        "last_position_UTC": "2025-12-02T13:22:00Z"
      },
      {
        "lat": 35.077332,
        "lon": 128.78746,
        "speed": 0,
        "course": 358,
        "heading": 269,
        "destination": "KRPUS",
        "last_position_epoch": 1764679860,
        "last_position_UTC": "2025-12-02T12:51:00Z"
      },
      {
        "lat": 35.077293,
        "lon": 128.78741,
        "speed": 0,
        "course": 358,
        "heading": 269,
        "destination": "KRPUS",
        "last_position_epoch": 1764678060,
        "last_position_UTC": "2025-12-02T12:21:00Z"
      },
      {
        "lat": 35.077274,
        "lon": 128.7874,
        "speed": 0,
        "course": 0,
        "heading": 269,
        "destination": "KRPUS",
        "last_position_epoch": 1764676750,
        "last_position_UTC": "2025-12-02T11:59:10Z"
      },
      {
        "lat": 35.077354,
        "lon": 128.78746,
        "speed": 0,
        "course": 358,
        "heading": 269,
        "destination": "KRPUS",
        "last_position_epoch": 1764674460,
        "last_position_UTC": "2025-12-02T11:21:00Z"
      },
      {
        "lat": 35.077351,
        "lon": 128.78749,
        "speed": 0,
        "course": 358,
        "heading": 270,
        "destination": "KRPUS",
        "last_position_epoch": 1764672660,
        "last_position_UTC": "2025-12-02T10:51:00Z"
      },
      {
        "lat": 35.077385,
        "lon": 128.78737,
        "speed": 0,
        "course": 358,
        "heading": 270,
        "destination": "KRPUS",
        "last_position_epoch": 1764670740,
        "last_position_UTC": "2025-12-02T10:19:00Z"
      },
      {
        "lat": 35.077679,
        "lon": 128.78757,
        "speed": 0,
        "course": 358,
        "heading": 267,
        "destination": "KRPUS",
        "last_position_epoch": 1764669000,
        "last_position_UTC": "2025-12-02T09:50:00Z"
      },
      {
        "lat": 35.077572,
        "lon": 128.78743,
        "speed": 0,
        "course": 358,
        "heading": 270,
        "destination": "KRPUS",
        "last_position_epoch": 1764667200,
        "last_position_UTC": "2025-12-02T09:20:00Z"
      },
      {
        "lat": 35.077393,
        "lon": 128.78754,
        "speed": 0,
        "course": 358,
        "heading": 269,
        "destination": "KRPUS",
        "last_position_epoch": 1764665340,
        "last_position_UTC": "2025-12-02T08:49:00Z"
      },
      {
        "lat": 35.077511,
        "lon": 128.78755,
        "speed": 0,
        "course": 358,
        "heading": 268,
        "destination": "KRPUS",
        "last_position_epoch": 1764663600,
        "last_position_UTC": "2025-12-02T08:20:00Z"
      },
      {
        "lat": 35.077488,
        "lon": 128.78758,
        "speed": 0,
        "course": 358,
        "heading": 269,
        "destination": "KRPUS",
        "last_position_epoch": 1764661800,
        "last_position_UTC": "2025-12-02T07:50:00Z"
      },
      {
        "lat": 35.077366,
        "lon": 128.78746,
        "speed": 0,
        "course": 358,
        "heading": 269,
        "destination": "KRPUS",
        "last_position_epoch": 1764660120,
        "last_position_UTC": "2025-12-02T07:22:00Z"
      },
      {
        "lat": 35.077358,
        "lon": 128.78748,
        "speed": 0,
        "course": 358,
        "heading": 269,
        "destination": "KRPUS",
        "last_position_epoch": 1764658320,
        "last_position_UTC": "2025-12-02T06:52:00Z"
      },
      {
        "lat": 35.077419,
        "lon": 128.78749,
        "speed": 0,
        "course": 358,
        "heading": 269,
        "destination": "KRPUS",
        "last_position_epoch": 1764654600,
        "last_position_UTC": "2025-12-02T05:50:00Z"
      },
      {
        "lat": 35.077431,
        "lon": 128.78754,
        "speed": 0,
        "course": 358,
        "heading": 269,
        "destination": "KRPUS",
        "last_position_epoch": 1764652800,
        "last_position_UTC": "2025-12-02T05:20:00Z"
      },
      {
        "lat": 35.077175,
        "lon": 128.78741,
        "speed": 0,
        "course": 358,
        "heading": 269,
        "destination": "KRPUS",
        "last_position_epoch": 1764651000,
        "last_position_UTC": "2025-12-02T04:50:00Z"
      },
      {
        "lat": 35.07732,
        "lon": 128.78751,
        "speed": 0,
        "course": 358,
        "heading": 268,
        "destination": "KRPUS",
        "last_position_epoch": 1764649080,
        "last_position_UTC": "2025-12-02T04:18:00Z"
      },
      {
        "lat": 35.075523,
        "lon": 128.78831,
        "speed": 1.3,
        "course": 335,
        "heading": 297,
        "destination": "KRPUS",
        "last_position_epoch": 1764647460,
        "last_position_UTC": "2025-12-02T03:51:00Z"
      },
      {
        "lat": 35.012787,
        "lon": 128.79868,
        "speed": 13.6,
        "course": 337,
        "heading": 337,
        "destination": "KRPUS",
        "last_position_epoch": 1764645600,
        "last_position_UTC": "2025-12-02T03:20:00Z"
      },
      {
        "lat": 34.980175,
        "lon": 128.81573333333333,
        "speed": 9.6,
        "course": 334.9,
        "heading": 334,
        "destination": "KRPUS",
        "last_position_epoch": 1764644639,
        "last_position_UTC": "2025-12-02T03:03:59Z"
      },
      {
        "lat": 34.941965,
        "lon": 128.84386666666666,
        "speed": 7,
        "course": 321.9,
        "heading": 319,
        "destination": "KRPUS",
        "last_position_epoch": 1764643348,
        "last_position_UTC": "2025-12-02T02:42:28Z"
      },
      {
        "lat": 34.88135333333334,
        "lon": 128.90600833333335,
        "speed": 6.9,
        "course": 315.6,
        "heading": 315,
        "destination": "KRPUS",
        "last_position_epoch": 1764641279,
        "last_position_UTC": "2025-12-02T02:07:59Z"
      },
      {
        "lat": 34.826346666666666,
        "lon": 128.907015,
        "speed": 10.6,
        "course": 358.5,
        "heading": 355,
        "destination": "KRPUS",
        "last_position_epoch": 1764639778,
        "last_position_UTC": "2025-12-02T01:42:58Z"
      },
      {
        "lat": 34.72028,
        "lon": 128.90470666666667,
        "speed": 11.2,
        "course": 2.1,
        "heading": 359,
        "destination": "KRPUS",
        "last_position_epoch": 1764637670,
        "last_position_UTC": "2025-12-02T01:07:50Z"
      },
      {
        "lat": 34.541626,
        "lon": 128.85835,
        "speed": 12.6,
        "course": 19,
        "heading": 15,
        "destination": "KRPUS",
        "last_position_epoch": 1764634860,
        "last_position_UTC": "2025-12-02T00:21:00Z"
      },
      {
        "lat": 34.470627,
        "lon": 128.82431,
        "speed": 13,
        "course": 23,
        "heading": 20,
        "destination": "KRPUS",
        "last_position_epoch": 1764633060,
        "last_position_UTC": "2025-12-01T23:51:00Z"
      },
      {
        "lat": 34.330406,
        "lon": 128.77075,
        "speed": 13.1,
        "course": 14,
        "heading": 16,
        "destination": "KRPUS",
        "last_position_epoch": 1764631320,
        "last_position_UTC": "2025-12-01T23:22:00Z"
      },
      {
        "lat": 34.260323,
        "lon": 128.74971,
        "speed": 12.6,
        "course": 14,
        "heading": 13,
        "destination": "KRPUS",
        "last_position_epoch": 1764629520,
        "last_position_UTC": "2025-12-01T22:52:00Z"
      },
      {
        "lat": 34.180382,
        "lon": 128.67227,
        "speed": 12.3,
        "course": 49,
        "heading": 43,
        "destination": "KRPUS",
        "last_position_epoch": 1764627660,
        "last_position_UTC": "2025-12-01T22:21:00Z"
      },
      {
        "lat": 34.107174,
        "lon": 128.56985,
        "speed": 12.1,
        "course": 42,
        "heading": 39,
        "destination": "KRPUS",
        "last_position_epoch": 1764625860,
        "last_position_UTC": "2025-12-01T21:51:00Z"
      },
      {
        "lat": 34.008461,
        "lon": 128.44952,
        "speed": 12.8,
        "course": 45,
        "heading": 39,
        "destination": "KRPUS",
        "last_position_epoch": 1764624120,
        "last_position_UTC": "2025-12-01T21:22:00Z"
      },
      {
        "lat": 33.952915,
        "lon": 128.38713,
        "speed": 12.3,
        "course": 41,
        "heading": 38,
        "destination": "KRPUS",
        "last_position_epoch": 1764622260,
        "last_position_UTC": "2025-12-01T20:51:00Z"
      },
      {
        "lat": 33.861729,
        "lon": 128.28273,
        "speed": 12.6,
        "course": 45,
        "heading": 44,
        "destination": "KRPUS",
        "last_position_epoch": 1764620280,
        "last_position_UTC": "2025-12-01T20:18:00Z"
      },
      {
        "lat": 33.782604,
        "lon": 128.18811,
        "speed": 12.1,
        "course": 44,
        "heading": null,
        "destination": "KRPUS",
        "last_position_epoch": 1764618480,
        "last_position_UTC": "2025-12-01T19:48:00Z"
      },
      {
        "lat": 33.70908,
        "lon": 128.10127,
        "speed": 12.5,
        "course": 44,
        "heading": 44,
        "destination": "KRPUS",
        "last_position_epoch": 1764616860,
        "last_position_UTC": "2025-12-01T19:21:00Z"
      },
      {
        "lat": 33.641315,
        "lon": 128.02663,
        "speed": 12.1,
        "course": 44,
        "heading": null,
        "destination": "KRPUS",
        "last_position_epoch": 1764614820,
        "last_position_UTC": "2025-12-01T18:47:00Z"
      },
      {
        "lat": 33.570023,
        "lon": 127.94587,
        "speed": 12.3,
        "course": 43,
        "heading": null,
        "destination": "KRPUS",
        "last_position_epoch": 1764613140,
        "last_position_UTC": "2025-12-01T18:19:00Z"
      },
      {
        "lat": 33.484798,
        "lon": 127.8567,
        "speed": 12.1,
        "course": 39,
        "heading": null,
        "destination": "KRPUS",
        "last_position_epoch": 1764611280,
        "last_position_UTC": "2025-12-01T17:48:00Z"
      },
      {
        "lat": 33.296547,
        "lon": 127.63274,
        "speed": 12,
        "course": 44,
        "heading": 42,
        "destination": "KRPUS",
        "last_position_epoch": 1764606060,
        "last_position_UTC": "2025-12-01T16:21:00Z"
      },
      {
        "lat": 33.229412,
        "lon": 127.552,
        "speed": 12.3,
        "course": 45,
        "heading": 43,
        "destination": "KRPUS",
        "last_position_epoch": 1764604380,
        "last_position_UTC": "2025-12-01T15:53:00Z"
      },
      {
        "lat": 32.835312,
        "lon": 127.04657,
        "speed": 12.8,
        "course": 48,
        "heading": null,
        "destination": "KRPUS",
        "last_position_epoch": 1764595020,
        "last_position_UTC": "2025-12-01T13:17:00Z"
      },
      {
        "lat": 32.674938,
        "lon": 126.83569,
        "speed": 12.6,
        "course": 49,
        "heading": 43,
        "destination": "KRPUS",
        "last_position_epoch": 1764590368,
        "last_position_UTC": "2025-12-01T11:59:28Z"
      },
      {
        "lat": 32.496407,
        "lon": 126.61376,
        "speed": 12.6,
        "course": 42,
        "heading": 43,
        "destination": "KRPUS",
        "last_position_epoch": 1764586260,
        "last_position_UTC": "2025-12-01T10:51:00Z"
      },
      {
        "lat": 32.343998,
        "lon": 126.44384,
        "speed": 12.3,
        "course": 36,
        "heading": 39,
        "destination": "KRPUS",
        "last_position_epoch": 1764582720,
        "last_position_UTC": "2025-12-01T09:52:00Z"
      },
      {
        "lat": 31.519533,
        "lon": 125.35374,
        "speed": 12.1,
        "course": 65,
        "heading": 60,
        "destination": "KRPUS",
        "last_position_epoch": 1764561000,
        "last_position_UTC": "2025-12-01T03:50:00Z"
      },
      {
        "lat": 31.353888,
        "lon": 124.66716,
        "speed": 13.8,
        "course": 82,
        "heading": null,
        "destination": "KRPUS",
        "last_position_epoch": 1764551820,
        "last_position_UTC": "2025-12-01T01:17:00Z"
      },
      {
        "lat": 31.342501,
        "lon": 124.58041,
        "speed": 13.1,
        "course": 78,
        "heading": null,
        "destination": "KRPUS",
        "last_position_epoch": 1764550080,
        "last_position_UTC": "2025-12-01T00:48:00Z"
      },
      {
        "lat": 31.299667,
        "lon": 124.352,
        "speed": 13.1,
        "course": 77,
        "heading": null,
        "destination": "KRPUS",
        "last_position_epoch": 1764546480,
        "last_position_UTC": "2025-11-30T23:48:00Z"
      },
      {
        "lat": 31.249506,
        "lon": 124.10333,
        "speed": 13,
        "course": 76,
        "heading": null,
        "destination": "KRPUS",
        "last_position_epoch": 1764542880,
        "last_position_UTC": "2025-11-30T22:48:00Z"
      },
      {
        "lat": 31.21312,
        "lon": 123.93842,
        "speed": 12.8,
        "course": 75,
        "heading": null,
        "destination": "KRPUS",
        "last_position_epoch": 1764541200,
        "last_position_UTC": "2025-11-30T22:20:00Z"
      },
      {
        "lat": 31.186827,
        "lon": 123.83807,
        "speed": 12.8,
        "course": 76,
        "heading": null,
        "destination": "KRPUS",
        "last_position_epoch": 1764539220,
        "last_position_UTC": "2025-11-30T21:47:00Z"
      },
      {
        "lat": 31.16794,
        "lon": 123.75032,
        "speed": 12.8,
        "course": 75,
        "heading": null,
        "destination": "KRPUS",
        "last_position_epoch": 1764537600,
        "last_position_UTC": "2025-11-30T21:20:00Z"
      },
      {
        "lat": 31.094761,
        "lon": 122.97672,
        "speed": 14,
        "course": 90,
        "heading": null,
        "destination": "KRPUS",
        "last_position_epoch": 1764526740,
        "last_position_UTC": "2025-11-30T18:19:00Z"
      },
      {
        "lat": 31.094919,
        "lon": 122.83118,
        "speed": 14,
        "course": 85,
        "heading": 82,
        "destination": "KRPUS",
        "last_position_epoch": 1764524880,
        "last_position_UTC": "2025-11-30T17:48:00Z"
      },
      {
        "lat": 31.093714,
        "lon": 122.7032,
        "speed": 13.6,
        "course": 83,
        "heading": 77,
        "destination": "KRPUS",
        "last_position_epoch": 1764523140,
        "last_position_UTC": "2025-11-30T17:19:00Z"
      },
      {
        "lat": 31.091299,
        "lon": 122.59602,
        "speed": 14.1,
        "course": 91,
        "heading": 85,
        "destination": "KRPUS",
        "last_position_epoch": 1764521520,
        "last_position_UTC": "2025-11-30T16:52:00Z"
      },
      {
        "lat": 31.09469,
        "lon": 122.44593,
        "speed": 10.1,
        "course": 95,
        "heading": 93,
        "destination": "KRPUS",
        "last_position_epoch": 1764519780,
        "last_position_UTC": "2025-11-30T16:23:00Z"
      },
      {
        "lat": 31.09882,
        "lon": 122.34067,
        "speed": 14,
        "course": 93,
        "heading": 90,
        "destination": "KRPUS",
        "last_position_epoch": 1764517860,
        "last_position_UTC": "2025-11-30T15:51:00Z"
      },
      {
        "lat": 31.172581,
        "lon": 122.18573,
        "speed": 15,
        "course": 125,
        "heading": 124,
        "destination": "KRPUS",
        "last_position_epoch": 1764516060,
        "last_position_UTC": "2025-11-30T15:21:00Z"
      },
      {
        "lat": 31.233694,
        "lon": 122.06961,
        "speed": 14.1,
        "course": 100,
        "heading": 99,
        "destination": "KRPUS",
        "last_position_epoch": 1764514500,
        "last_position_UTC": "2025-11-30T14:55:00Z"
      },
      {
        "lat": 31.249706,
        "lon": 121.97389,
        "speed": 13.8,
        "course": 100,
        "heading": 100,
        "destination": "KRPUS",
        "last_position_epoch": 1764512520,
        "last_position_UTC": "2025-11-30T14:22:00Z"
      },
      {
        "lat": 31.274597,
        "lon": 121.84279,
        "speed": 11.8,
        "course": 113,
        "heading": 113,
        "destination": "KRPUS",
        "last_position_epoch": 1764510720,
        "last_position_UTC": "2025-11-30T13:52:00Z"
      },
      {
        "lat": 31.312744,
        "lon": 121.73978,
        "speed": 11.6,
        "course": 111,
        "heading": 113,
        "destination": "KRPUS",
        "last_position_epoch": 1764509040,
        "last_position_UTC": "2025-11-30T13:24:00Z"
      },
      {
        "lat": 31.345461,
        "lon": 121.66331,
        "speed": 8.5,
        "course": 120,
        "heading": 120,
        "destination": "KRPUS",
        "last_position_epoch": 1764507300,
        "last_position_UTC": "2025-11-30T12:55:00Z"
      },
      {
        "lat": 31.378019,
        "lon": 121.59243,
        "speed": 9.1,
        "course": 117,
        "heading": 118,
        "destination": "KRPUS",
        "last_position_epoch": 1764505500,
        "last_position_UTC": "2025-11-30T12:25:00Z"
      },
      {
        "lat": 31.375919,
        "lon": 121.5778,
        "speed": 0,
        "course": 284,
        "heading": 295,
        "destination": "KRPUS",
        "last_position_epoch": 1764503580,
        "last_position_UTC": "2025-11-30T11:53:00Z"
      },
      {
        "lat": 31.375879,
        "lon": 121.57774,
        "speed": 0,
        "course": 0,
        "heading": 295,
        "destination": "KRPUS",
        "last_position_epoch": 1764502431,
        "last_position_UTC": "2025-11-30T11:33:51Z"
      },
      {
        "lat": 31.376247,
        "lon": 121.57776,
        "speed": 0,
        "course": 284,
        "heading": 295,
        "destination": "KRPUS",
        "last_position_epoch": 1764500040,
        "last_position_UTC": "2025-11-30T10:54:00Z"
      },
      {
        "lat": 31.376053,
        "lon": 121.57777,
        "speed": 0,
        "course": 284,
        "heading": 295,
        "destination": "KRPUS",
        "last_position_epoch": 1764498420,
        "last_position_UTC": "2025-11-30T10:27:00Z"
      },
      {
        "lat": 31.376047,
        "lon": 121.57768,
        "speed": 0,
        "course": 284,
        "heading": 294,
        "destination": "KRPUS",
        "last_position_epoch": 1764496440,
        "last_position_UTC": "2025-11-30T09:54:00Z"
      },
      {
        "lat": 31.375954,
        "lon": 121.5778,
        "speed": 0,
        "course": 284,
        "heading": 296,
        "destination": "KRPUS",
        "last_position_epoch": 1764494700,
        "last_position_UTC": "2025-11-30T09:25:00Z"
      },
      {
        "lat": 31.375937,
        "lon": 121.57768,
        "speed": 0,
        "course": 284,
        "heading": 295,
        "destination": "KRPUS",
        "last_position_epoch": 1764492780,
        "last_position_UTC": "2025-11-30T08:53:00Z"
      },
      {
        "lat": 31.376013,
        "lon": 121.57769,
        "speed": 0,
        "course": 291,
        "heading": 295,
        "destination": "KRPUS",
        "last_position_epoch": 1764490860,
        "last_position_UTC": "2025-11-30T08:21:00Z"
      },
      {
        "lat": 31.375919,
        "lon": 121.57776,
        "speed": 0,
        "course": 291,
        "heading": 295,
        "destination": "KRPUS",
        "last_position_epoch": 1764489240,
        "last_position_UTC": "2025-11-30T07:54:00Z"
      },
      {
        "lat": 31.376074,
        "lon": 121.57765,
        "speed": 0,
        "course": 291,
        "heading": 295,
        "destination": "KRPUS",
        "last_position_epoch": 1764487500,
        "last_position_UTC": "2025-11-30T07:25:00Z"
      },
      {
        "lat": 31.37604,
        "lon": 121.57779,
        "speed": 0,
        "course": 291,
        "heading": 295,
        "destination": "KRPUS",
        "last_position_epoch": 1764485820,
        "last_position_UTC": "2025-11-30T06:57:00Z"
      },
      {
        "lat": 31.375793,
        "lon": 121.57784,
        "speed": 0,
        "course": 291,
        "heading": 295,
        "destination": "KRPUS",
        "last_position_epoch": 1764483480,
        "last_position_UTC": "2025-11-30T06:18:00Z"
      },
      {
        "lat": 31.37587,
        "lon": 121.57776,
        "speed": 0,
        "course": 291,
        "heading": 295,
        "destination": "KRPUS",
        "last_position_epoch": 1764481620,
        "last_position_UTC": "2025-11-30T05:47:00Z"
      },
      {
        "lat": 31.376093,
        "lon": 121.57772,
        "speed": 0,
        "course": 291,
        "heading": 295,
        "destination": "KRPUS",
        "last_position_epoch": 1764480240,
        "last_position_UTC": "2025-11-30T05:24:00Z"
      },
      {
        "lat": 31.375931,
        "lon": 121.57784,
        "speed": 0,
        "course": 240,
        "heading": 296,
        "destination": "KRPUS",
        "last_position_epoch": 1764478260,
        "last_position_UTC": "2025-11-30T04:51:00Z"
      },
      {
        "lat": 31.375959,
        "lon": 121.5779,
        "speed": 0,
        "course": 240,
        "heading": 294,
        "destination": "KRPUS",
        "last_position_epoch": 1764476640,
        "last_position_UTC": "2025-11-30T04:24:00Z"
      },
      {
        "lat": 31.375874,
        "lon": 121.57787,
        "speed": 0,
        "course": 240,
        "heading": 295,
        "destination": "KRPUS",
        "last_position_epoch": 1764474840,
        "last_position_UTC": "2025-11-30T03:54:00Z"
      },
      {
        "lat": 31.375887,
        "lon": 121.57784,
        "speed": 0,
        "course": 240,
        "heading": 295,
        "destination": "KRPUS",
        "last_position_epoch": 1764473100,
        "last_position_UTC": "2025-11-30T03:25:00Z"
      },
      {
        "lat": 31.375887,
        "lon": 121.57784,
        "speed": 0,
        "course": 240,
        "heading": 295,
        "destination": "KRPUS",
        "last_position_epoch": 1764471240,
        "last_position_UTC": "2025-11-30T02:54:00Z"
      },
      {
        "lat": 31.375919,
        "lon": 121.5778,
        "speed": 0.1,
        "course": 240,
        "heading": 295,
        "destination": "CNSHA",
        "last_position_epoch": 1764469680,
        "last_position_UTC": "2025-11-30T02:28:00Z"
      },
      {
        "lat": 31.376369,
        "lon": 121.5928,
        "speed": 0.4,
        "course": 242,
        "heading": 292,
        "destination": "CNSHA",
        "last_position_epoch": 1764467580,
        "last_position_UTC": "2025-11-30T01:53:00Z"
      },
      {
        "lat": 31.364246,
        "lon": 121.63096,
        "speed": 8.3,
        "course": 300,
        "heading": 298,
        "destination": "CNSHA",
        "last_position_epoch": 1764465960,
        "last_position_UTC": "2025-11-30T01:26:00Z"
      },
      {
        "lat": 31.32148,
        "lon": 121.72182,
        "speed": 8.6,
        "course": 300,
        "heading": 296,
        "destination": "CNSHA",
        "last_position_epoch": 1764463980,
        "last_position_UTC": "2025-11-30T00:53:00Z"
      },
      {
        "lat": 31.29822,
        "lon": 121.78469,
        "speed": 8.8,
        "course": 292,
        "heading": 291,
        "destination": "CNSHA",
        "last_position_epoch": 1764462360,
        "last_position_UTC": "2025-11-30T00:26:00Z"
      },
      {
        "lat": 31.264217,
        "lon": 121.8969,
        "speed": 11.1,
        "course": 281,
        "heading": 279,
        "destination": "CNSHA",
        "last_position_epoch": 1764460440,
        "last_position_UTC": "2025-11-29T23:54:00Z"
      },
      {
        "lat": 31.239401,
        "lon": 122.04699,
        "speed": 11.1,
        "course": 279,
        "heading": 278,
        "destination": "CNSHA",
        "last_position_epoch": 1764458640,
        "last_position_UTC": "2025-11-29T23:24:00Z"
      },
      {
        "lat": 31.215006,
        "lon": 122.12077,
        "speed": 11.6,
        "course": 306,
        "heading": 306,
        "destination": "CNSHA",
        "last_position_epoch": 1764456780,
        "last_position_UTC": "2025-11-29T22:53:00Z"
      },
      {
        "lat": 31.170719,
        "lon": 122.19195,
        "speed": 12.5,
        "course": 304,
        "heading": 302,
        "destination": "CNSHA",
        "last_position_epoch": 1764455116,
        "last_position_UTC": "2025-11-29T22:25:16Z"
      },
      {
        "lat": 31.105093,
        "lon": 122.34763,
        "speed": 14,
        "course": 250,
        "heading": 244,
        "destination": "CNSHA",
        "last_position_epoch": 1764452880,
        "last_position_UTC": "2025-11-29T21:48:00Z"
      },
      {
        "lat": 31.114759,
        "lon": 122.63527,
        "speed": 10,
        "course": 266,
        "heading": 264,
        "destination": "CNSHA",
        "last_position_epoch": 1764447480,
        "last_position_UTC": "2025-11-29T20:18:00Z"
      },
      {
        "lat": 31.113474,
        "lon": 122.83527,
        "speed": 11.8,
        "course": 270,
        "heading": null,
        "destination": "CNSHA",
        "last_position_epoch": 1764444000,
        "last_position_UTC": "2025-11-29T19:20:00Z"
      },
      {
        "lat": 31.11286,
        "lon": 122.95468,
        "speed": 11.5,
        "course": 271,
        "heading": null,
        "destination": "CNSHA",
        "last_position_epoch": 1764442200,
        "last_position_UTC": "2025-11-29T18:50:00Z"
      },
      {
        "lat": 31.077984,
        "lon": 123.04357,
        "speed": 11.1,
        "course": 312,
        "heading": null,
        "destination": "CNSHA",
        "last_position_epoch": 1764440460,
        "last_position_UTC": "2025-11-29T18:21:00Z"
      },
      {
        "lat": 31.009167,
        "lon": 123.10664,
        "speed": 11.5,
        "course": 320,
        "heading": 320,
        "destination": "CNSHA",
        "last_position_epoch": 1764438780,
        "last_position_UTC": "2025-11-29T17:53:00Z"
      },
      {
        "lat": 30.946707,
        "lon": 123.1988,
        "speed": 11,
        "course": 310,
        "heading": 308,
        "destination": "CNSHA",
        "last_position_epoch": 1764436860,
        "last_position_UTC": "2025-11-29T17:21:00Z"
      },
      {
        "lat": 30.883039,
        "lon": 123.26355,
        "speed": 11.3,
        "course": 336,
        "heading": 334,
        "destination": "CNSHA",
        "last_position_epoch": 1764435180,
        "last_position_UTC": "2025-11-29T16:53:00Z"
      },
      {
        "lat": 30.826521,
        "lon": 123.34511,
        "speed": 3,
        "course": 92,
        "heading": 107,
        "destination": "CNSHA",
        "last_position_epoch": 1764433140,
        "last_position_UTC": "2025-11-29T16:19:00Z"
      },
      {
        "lat": 30.821186,
        "lon": 123.33976,
        "speed": 1,
        "course": 33,
        "heading": 106,
        "destination": "CNSHA",
        "last_position_epoch": 1764431520,
        "last_position_UTC": "2025-11-29T15:52:00Z"
      },
      {
        "lat": 30.811707,
        "lon": 123.33048,
        "speed": 1,
        "course": 64,
        "heading": 157,
        "destination": "CNSHA",
        "last_position_epoch": 1764429780,
        "last_position_UTC": "2025-11-29T15:23:00Z"
      },
      {
        "lat": 30.819424,
        "lon": 123.32416,
        "speed": 4.5,
        "course": 200,
        "heading": 195,
        "destination": "CNSHA",
        "last_position_epoch": 1764427920,
        "last_position_UTC": "2025-11-29T14:52:00Z"
      }
    ]
  },
  "meta": {
    "duration": 0.041025034,
    "endpoint": "/api/v0/vessel_history",
    "success": true
  }
}