{
  "data": {
    "uuid": "ffc9eae8-acc0-d1ce-1255-e14d982de416",
    "name": "KMTC COLOMBO",
    "mmsi": "441293000",
    "imo": "9347437",
    "eni": null,
    "country_iso": "KR",
    "type": "Cargo - Hazard A (Major)",
    "type_specific": "Container Ship",
    "positions": [
      {
        "lat": 29.645767,
        "lon": 123.06712,
        "speed": 0.1,
        "course": 165,
        "heading": 172,
        "destination": "CNNBO",
        "last_position_epoch": 1765029060,
        "last_position_UTC": "2025-12-06T13:51:00Z"
      },
      {
        "lat": 29.645817,
        "lon": 123.06686,
        "speed": 0.1,
        "course": 110,
        "heading": 168,
        "destination": "CNNBO",
        "last_position_epoch": 1765027320,
        "last_position_UTC": "2025-12-06T13:22:00Z"
      },
      {
        "lat": 29.64575,
        "lon": 123.06654,
        "speed": 0.1,
        "course": 163,
        "heading": 160,
        "destination": "CNNBO",
        "last_position_epoch": 1765025520,
        "last_position_UTC": "2025-12-06T12:52:00Z"
      },
      {
        "lat": 29.645533,
        "lon": 123.06624,
        "speed": 0.1,
        "course": 81,
        "heading": 150,
        "destination": "CNNBO",
        "last_position_epoch": 1765023780,
        "last_position_UTC": "2025-12-06T12:23:00Z"
      },
      {
        "lat": 29.645233,
        "lon": 123.06565,
        "speed": 0.1,
        "course": 49,
        "heading": 134,
        "destination": "CNNBO",
        "last_position_epoch": 1765021740,
        "last_position_UTC": "2025-12-06T11:49:00Z"
      },
      {
        "lat": 29.644733,
        "lon": 123.06485,
        "speed": 0.1,
        "course": 36,
        "heading": 115,
        "destination": "CNNBO",
        "last_position_epoch": 1765020060,
        "last_position_UTC": "2025-12-06T11:21:00Z"
      },
      {
        "lat": 29.64365,
        "lon": 123.06472,
        "speed": 0,
        "course": 91,
        "heading": 97,
        "destination": "CNNBO",
        "last_position_epoch": 1765018380,
        "last_position_UTC": "2025-12-06T10:53:00Z"
      },
      {
        "lat": 29.642483,
        "lon": 123.0649,
        "speed": 0.2,
        "course": 304,
        "heading": 64,
        "destination": "CNNBO",
        "last_position_epoch": 1765016400,
        "last_position_UTC": "2025-12-06T10:20:00Z"
      },
      {
        "lat": 29.641666,
        "lon": 123.06606,
        "speed": 0.2,
        "course": 251,
        "heading": 24,
        "destination": "CNNBO",
        "last_position_epoch": 1765014900,
        "last_position_UTC": "2025-12-06T09:55:00Z"
      },
      {
        "lat": 29.6411,
        "lon": 123.06731,
        "speed": 0.2,
        "course": 277,
        "heading": 355,
        "destination": "CNNBO",
        "last_position_epoch": 1765012860,
        "last_position_UTC": "2025-12-06T09:21:00Z"
      },
      {
        "lat": 29.6415,
        "lon": 123.0685,
        "speed": 0.1,
        "course": 253,
        "heading": 326,
        "destination": "CNNBO",
        "last_position_epoch": 1765010880,
        "last_position_UTC": "2025-12-06T08:48:00Z"
      },
      {
        "lat": 29.641768,
        "lon": 123.06888,
        "speed": 0.2,
        "course": 273,
        "heading": 311,
        "destination": "CNNBO",
        "last_position_epoch": 1765009260,
        "last_position_UTC": "2025-12-06T08:21:00Z"
      },
      {
        "lat": 29.641701,
        "lon": 123.06918,
        "speed": 0.1,
        "course": 0,
        "heading": 316,
        "destination": "CNNBO",
        "last_position_epoch": 1765008035,
        "last_position_UTC": "2025-12-06T08:00:35Z"
      },
      {
        "lat": 29.64245,
        "lon": 123.06866,
        "speed": 0.6,
        "course": 150,
        "heading": 304,
        "destination": "CNNBO",
        "last_position_epoch": 1765005720,
        "last_position_UTC": "2025-12-06T07:22:00Z"
      },
      {
        "lat": 29.649883,
        "lon": 123.08512,
        "speed": 5.6,
        "course": 249,
        "heading": 255,
        "destination": "CNNBO",
        "last_position_epoch": 1765004040,
        "last_position_UTC": "2025-12-06T06:54:00Z"
      },
      {
        "lat": 29.681034,
        "lon": 123.18304,
        "speed": 8.5,
        "course": 250,
        "heading": 253,
        "destination": "CNNBO",
        "last_position_epoch": 1765001820,
        "last_position_UTC": "2025-12-06T06:17:00Z"
      },
      {
        "lat": 29.69805,
        "lon": 123.24123,
        "speed": 8.3,
        "course": 251,
        "heading": 253,
        "destination": "CNNBO",
        "last_position_epoch": 1765000500,
        "last_position_UTC": "2025-12-06T05:55:00Z"
      },
      {
        "lat": 29.720516,
        "lon": 123.32003,
        "speed": 8.3,
        "course": 252,
        "heading": 253,
        "destination": "CNNBO",
        "last_position_epoch": 1764998700,
        "last_position_UTC": "2025-12-06T05:25:00Z"
      },
      {
        "lat": 29.736534,
        "lon": 123.39989,
        "speed": 8.3,
        "course": 262,
        "heading": 262,
        "destination": "CNNBO",
        "last_position_epoch": 1764996900,
        "last_position_UTC": "2025-12-06T04:55:00Z"
      },
      {
        "lat": 29.749683,
        "lon": 123.47248,
        "speed": 8.3,
        "course": 248,
        "heading": 247,
        "destination": "CNNBO",
        "last_position_epoch": 1764994920,
        "last_position_UTC": "2025-12-06T04:22:00Z"
      },
      {
        "lat": 29.787067,
        "lon": 123.54282,
        "speed": 8.1,
        "course": 249,
        "heading": 245,
        "destination": "CNNBO",
        "last_position_epoch": 1764993000,
        "last_position_UTC": "2025-12-06T03:50:00Z"
      },
      {
        "lat": 29.807449,
        "lon": 123.62029,
        "speed": 8.6,
        "course": 255,
        "heading": 251,
        "destination": "CNNBO",
        "last_position_epoch": 1764991260,
        "last_position_UTC": "2025-12-06T03:21:00Z"
      },
      {
        "lat": 29.828417,
        "lon": 123.68268,
        "speed": 8.6,
        "course": 250,
        "heading": 245,
        "destination": "CNNBO",
        "last_position_epoch": 1764989520,
        "last_position_UTC": "2025-12-06T02:52:00Z"
      },
      {
        "lat": 29.8585,
        "lon": 123.78706,
        "speed": 8.6,
        "course": 247,
        "heading": 245,
        "destination": "CNNBO",
        "last_position_epoch": 1764987660,
        "last_position_UTC": "2025-12-06T02:21:00Z"
      },
      {
        "lat": 29.904751,
        "lon": 123.84731,
        "speed": 8.3,
        "course": 216,
        "heading": 211,
        "destination": "CNNBO",
        "last_position_epoch": 1764985920,
        "last_position_UTC": "2025-12-06T01:52:00Z"
      },
      {
        "lat": 29.944401,
        "lon": 123.88228,
        "speed": 8.6,
        "course": 216,
        "heading": 211,
        "destination": "CNNBO",
        "last_position_epoch": 1764984120,
        "last_position_UTC": "2025-12-06T01:22:00Z"
      },
      {
        "lat": 30.009068,
        "lon": 123.9316,
        "speed": 8.3,
        "course": 206,
        "heading": 200,
        "destination": "CNNBO",
        "last_position_epoch": 1764982260,
        "last_position_UTC": "2025-12-06T00:51:00Z"
      },
      {
        "lat": 30.076683,
        "lon": 123.9602,
        "speed": 8.1,
        "course": 182,
        "heading": 177,
        "destination": "CNNBO",
        "last_position_epoch": 1764980400,
        "last_position_UTC": "2025-12-06T00:20:00Z"
      },
      {
        "lat": 30.146034,
        "lon": 123.97308,
        "speed": 8.6,
        "course": 192,
        "heading": 187,
        "destination": "CNNBO",
        "last_position_epoch": 1764978720,
        "last_position_UTC": "2025-12-05T23:52:00Z"
      },
      {
        "lat": 30.223017,
        "lon": 123.9828,
        "speed": 8.3,
        "course": 174,
        "heading": 168,
        "destination": "CNNBO",
        "last_position_epoch": 1764976860,
        "last_position_UTC": "2025-12-05T23:21:00Z"
      },
      {
        "lat": 30.300167,
        "lon": 123.99837,
        "speed": 9.5,
        "course": 194,
        "heading": 189,
        "destination": "CNNBO",
        "last_position_epoch": 1764975060,
        "last_position_UTC": "2025-12-05T22:51:00Z"
      },
      {
        "lat": 30.355366,
        "lon": 124.01455,
        "speed": 9.8,
        "course": 194,
        "heading": 189,
        "destination": "CNNBO",
        "last_position_epoch": 1764973320,
        "last_position_UTC": "2025-12-05T22:22:00Z"
      },
      {
        "lat": 30.443867,
        "lon": 124.02975,
        "speed": 10.1,
        "course": 185,
        "heading": 183,
        "destination": "CNNBO",
        "last_position_epoch": 1764971340,
        "last_position_UTC": "2025-12-05T21:49:00Z"
      },
      {
        "lat": 30.529417,
        "lon": 124.05757,
        "speed": 10.3,
        "course": 222,
        "heading": 228,
        "destination": "CNNBO",
        "last_position_epoch": 1764969600,
        "last_position_UTC": "2025-12-05T21:20:00Z"
      },
      {
        "lat": 30.595434,
        "lon": 124.12641,
        "speed": 10.1,
        "course": 220,
        "heading": 228,
        "destination": "CNNBO",
        "last_position_epoch": 1764967800,
        "last_position_UTC": "2025-12-05T20:50:00Z"
      },
      {
        "lat": 30.662067,
        "lon": 124.187,
        "speed": 10,
        "course": 215,
        "heading": 225,
        "destination": "CNNBO",
        "last_position_epoch": 1764966060,
        "last_position_UTC": "2025-12-05T20:21:00Z"
      },
      {
        "lat": 30.745733,
        "lon": 124.26971,
        "speed": 9.5,
        "course": 225,
        "heading": 235,
        "destination": "CNNBO",
        "last_position_epoch": 1764964320,
        "last_position_UTC": "2025-12-05T19:52:00Z"
      },
      {
        "lat": 30.771667,
        "lon": 124.31648,
        "speed": 8.1,
        "course": 261,
        "heading": 271,
        "destination": "CNNBO",
        "last_position_epoch": 1764962520,
        "last_position_UTC": "2025-12-05T19:22:00Z"
      },
      {
        "lat": 30.796484,
        "lon": 124.36744,
        "speed": 8.6,
        "course": 230,
        "heading": 243,
        "destination": "CNNBO",
        "last_position_epoch": 1764960660,
        "last_position_UTC": "2025-12-05T18:51:00Z"
      },
      {
        "lat": 30.852818,
        "lon": 124.44205,
        "speed": 8.6,
        "course": 228,
        "heading": 240,
        "destination": "CNNBO",
        "last_position_epoch": 1764958800,
        "last_position_UTC": "2025-12-05T18:20:00Z"
      },
      {
        "lat": 30.907351,
        "lon": 124.51493,
        "speed": 8.3,
        "course": 223,
        "heading": null,
        "destination": "CNNBO",
        "last_position_epoch": 1764956880,
        "last_position_UTC": "2025-12-05T17:48:00Z"
      },
      {
        "lat": 31.043051,
        "lon": 124.67355,
        "speed": 8.1,
        "course": 227,
        "heading": null,
        "destination": "CNNBO",
        "last_position_epoch": 1764951420,
        "last_position_UTC": "2025-12-05T16:17:00Z"
      },
      {
        "lat": 31.082767,
        "lon": 124.71765,
        "speed": 7.9,
        "course": 229,
        "heading": 231,
        "destination": "CNNBO",
        "last_position_epoch": 1764949920,
        "last_position_UTC": "2025-12-05T15:52:00Z"
      },
      {
        "lat": 31.115267,
        "lon": 124.79774,
        "speed": 8.1,
        "course": 242,
        "heading": 242,
        "destination": "CNNBO",
        "last_position_epoch": 1764948000,
        "last_position_UTC": "2025-12-05T15:20:00Z"
      },
      {
        "lat": 31.148283,
        "lon": 124.87074,
        "speed": 8.1,
        "course": 237,
        "heading": 235,
        "destination": "CNNBO",
        "last_position_epoch": 1764946260,
        "last_position_UTC": "2025-12-05T14:51:00Z"
      },
      {
        "lat": 31.18865,
        "lon": 124.94265,
        "speed": 8.5,
        "course": 234,
        "heading": 236,
        "destination": "CNNBO",
        "last_position_epoch": 1764944400,
        "last_position_UTC": "2025-12-05T14:20:00Z"
      },
      {
        "lat": 31.321167,
        "lon": 125.13779,
        "speed": 9.1,
        "course": 230,
        "heading": null,
        "destination": "CNNBO",
        "last_position_epoch": 1764938880,
        "last_position_UTC": "2025-12-05T12:48:00Z"
      },
      {
        "lat": 32.216816,
        "lon": 125.74336,
        "speed": 8.1,
        "course": 256,
        "heading": 260,
        "destination": "CNNBO",
        "last_position_epoch": 1764913860,
        "last_position_UTC": "2025-12-05T05:51:00Z"
      },
      {
        "lat": 32.601849,
        "lon": 126.44047,
        "speed": 9.5,
        "course": 230,
        "heading": 228,
        "destination": "CNNBO",
        "last_position_epoch": 1764894120,
        "last_position_UTC": "2025-12-05T00:22:00Z"
      },
      {
        "lat": 32.655399,
        "lon": 126.52696,
        "speed": 11.3,
        "course": 232,
        "heading": 232,
        "destination": "CNNBO",
        "last_position_epoch": 1764892200,
        "last_position_UTC": "2025-12-04T23:50:00Z"
      },
      {
        "lat": 32.722198,
        "lon": 126.62432,
        "speed": 11.1,
        "course": 223,
        "heading": 225,
        "destination": "CNNBO",
        "last_position_epoch": 1764890280,
        "last_position_UTC": "2025-12-04T23:18:00Z"
      },
      {
        "lat": 32.864948,
        "lon": 126.78558,
        "speed": 11.1,
        "course": 226,
        "heading": 229,
        "destination": "CNNBO",
        "last_position_epoch": 1764886920,
        "last_position_UTC": "2025-12-04T22:22:00Z"
      },
      {
        "lat": 32.973232,
        "lon": 126.92504,
        "speed": 11.3,
        "course": 227,
        "heading": 229,
        "destination": "CNNBO",
        "last_position_epoch": 1764883320,
        "last_position_UTC": "2025-12-04T21:22:00Z"
      },
      {
        "lat": 33.037315,
        "lon": 127.01395,
        "speed": 11,
        "course": 230,
        "heading": 233,
        "destination": "CNNBO",
        "last_position_epoch": 1764881580,
        "last_position_UTC": "2025-12-04T20:53:00Z"
      },
      {
        "lat": 33.102798,
        "lon": 127.10704,
        "speed": 10.6,
        "course": 231,
        "heading": 237,
        "destination": "CNNBO",
        "last_position_epoch": 1764879660,
        "last_position_UTC": "2025-12-04T20:21:00Z"
      },
      {
        "lat": 33.143833,
        "lon": 127.16723,
        "speed": 10.5,
        "course": 232,
        "heading": 237,
        "destination": "CNNBO",
        "last_position_epoch": 1764877800,
        "last_position_UTC": "2025-12-04T19:50:00Z"
      },
      {
        "lat": 33.223251,
        "lon": 127.28806,
        "speed": 10.5,
        "course": 232,
        "heading": 238,
        "destination": "CNNBO",
        "last_position_epoch": 1764876120,
        "last_position_UTC": "2025-12-04T19:22:00Z"
      },
      {
        "lat": 33.2621,
        "lon": 127.34664,
        "speed": 10.3,
        "course": 231,
        "heading": 240,
        "destination": "CNNBO",
        "last_position_epoch": 1764874200,
        "last_position_UTC": "2025-12-04T18:50:00Z"
      },
      {
        "lat": 33.824333,
        "lon": 128.09323,
        "speed": 9.3,
        "course": 221,
        "heading": null,
        "destination": "CNNBO",
        "last_position_epoch": 1764856020,
        "last_position_UTC": "2025-12-04T13:47:00Z"
      },
      {
        "lat": 33.921135,
        "lon": 128.20599,
        "speed": 9.5,
        "course": 225,
        "heading": null,
        "destination": "CNNBO",
        "last_position_epoch": 1764852480,
        "last_position_UTC": "2025-12-04T12:48:00Z"
      },
      {
        "lat": 33.976166,
        "lon": 128.27306,
        "speed": 9.1,
        "course": 224,
        "heading": null,
        "destination": "CNNBO",
        "last_position_epoch": 1764850740,
        "last_position_UTC": "2025-12-04T12:19:00Z"
      },
      {
        "lat": 34.148766,
        "lon": 128.48772,
        "speed": 9.1,
        "course": 233,
        "heading": null,
        "destination": "CNNBO",
        "last_position_epoch": 1764845340,
        "last_position_UTC": "2025-12-04T10:49:00Z"
      },
      {
        "lat": 34.201035,
        "lon": 128.55847,
        "speed": 10.1,
        "course": 229,
        "heading": 235,
        "destination": "CNNBO",
        "last_position_epoch": 1764843540,
        "last_position_UTC": "2025-12-04T10:19:00Z"
      },
      {
        "lat": 34.303883,
        "lon": 128.69981,
        "speed": 9.6,
        "course": 229,
        "heading": null,
        "destination": "CNNBO",
        "last_position_epoch": 1764839940,
        "last_position_UTC": "2025-12-04T09:19:00Z"
      },
      {
        "lat": 34.436535,
        "lon": 128.79932,
        "speed": 10.6,
        "course": 186,
        "heading": 189,
        "destination": "CNNBO",
        "last_position_epoch": 1764836400,
        "last_position_UTC": "2025-12-04T08:20:00Z"
      },
      {
        "lat": 34.555534,
        "lon": 128.81535,
        "speed": 10.6,
        "course": 179,
        "heading": 186,
        "destination": "CNNBO",
        "last_position_epoch": 1764834600,
        "last_position_UTC": "2025-12-04T07:50:00Z"
      },
      {
        "lat": 34.624218,
        "lon": 128.81789,
        "speed": 10.3,
        "course": 182,
        "heading": null,
        "destination": "CNNBO",
        "last_position_epoch": 1764832680,
        "last_position_UTC": "2025-12-04T07:18:00Z"
      },
      {
        "lat": 34.68235,
        "lon": 128.82395,
        "speed": 10.6,
        "course": 191,
        "heading": 192,
        "destination": "CNNBO",
        "last_position_epoch": 1764831159,
        "last_position_UTC": "2025-12-04T06:52:39Z"
      },
      {
        "lat": 34.730716666666666,
        "lon": 128.84031666666667,
        "speed": 15.7,
        "course": 198,
        "heading": 201,
        "destination": "CNNBO",
        "last_position_epoch": 1764830275,
        "last_position_UTC": "2025-12-04T06:37:55Z"
      },
      {
        "lat": 34.86295,
        "lon": 128.84613333333334,
        "speed": 15.3,
        "course": 178,
        "heading": 180,
        "destination": "CNNBO",
        "last_position_epoch": 1764828452,
        "last_position_UTC": "2025-12-04T06:07:32Z"
      },
      {
        "lat": 34.97918333333333,
        "lon": 128.8007,
        "speed": 12.6,
        "course": 164,
        "heading": 165,
        "destination": "KRPNC",
        "last_position_epoch": 1764826666,
        "last_position_UTC": "2025-12-04T05:37:46Z"
      },
      {
        "lat": 35.076283,
        "lon": 128.78906,
        "speed": 1.2,
        "course": 123,
        "heading": 279,
        "destination": "CNNBO",
        "last_position_epoch": 1764823980,
        "last_position_UTC": "2025-12-04T04:53:00Z"
      },
      {
        "lat": 35.077202,
        "lon": 128.7886,
        "speed": 0,
        "course": 129,
        "heading": 270,
        "destination": "KRPNC",
        "last_position_epoch": 1764822060,
        "last_position_UTC": "2025-12-04T04:21:00Z"
      },
      {
        "lat": 35.077465,
        "lon": 128.78842,
        "speed": 0,
        "course": 147,
        "heading": 270,
        "destination": "KRPNC",
        "last_position_epoch": 1764820320,
        "last_position_UTC": "2025-12-04T03:52:00Z"
      },
      {
        "lat": 35.0774,
        "lon": 128.78838,
        "speed": 0,
        "course": 3,
        "heading": 270,
        "destination": "KRPNC",
        "last_position_epoch": 1764818400,
        "last_position_UTC": "2025-12-04T03:20:00Z"
      },
      {
        "lat": 35.077385,
        "lon": 128.78845,
        "speed": 0,
        "course": 161,
        "heading": 271,
        "destination": "KRPNC",
        "last_position_epoch": 1764816780,
        "last_position_UTC": "2025-12-04T02:53:00Z"
      },
      {
        "lat": 35.077965,
        "lon": 128.78819,
        "speed": 0,
        "course": 29,
        "heading": 270,
        "destination": "KRPNC",
        "last_position_epoch": 1764814800,
        "last_position_UTC": "2025-12-04T02:20:00Z"
      },
      {
        "lat": 35.077366,
        "lon": 128.78827,
        "speed": 0,
        "course": 71,
        "heading": 270,
        "destination": "KRPNC",
        "last_position_epoch": 1764813060,
        "last_position_UTC": "2025-12-04T01:51:00Z"
      },
      {
        "lat": 35.077415,
        "lon": 128.78838,
        "speed": 0,
        "course": 152,
        "heading": 271,
        "destination": "KRPNC",
        "last_position_epoch": 1764811140,
        "last_position_UTC": "2025-12-04T01:19:00Z"
      },
      {
        "lat": 35.077385,
        "lon": 128.7883,
        "speed": 0.1,
        "course": 212,
        "heading": 271,
        "destination": "KRPNC",
        "last_position_epoch": 1764809280,
        "last_position_UTC": "2025-12-04T00:48:00Z"
      },
      {
        "lat": 35.077316,
        "lon": 128.78856,
        "speed": 0,
        "course": 120,
        "heading": 271,
        "destination": "KRPNC",
        "last_position_epoch": 1764807600,
        "last_position_UTC": "2025-12-04T00:20:00Z"
      },
      {
        "lat": 35.077366,
        "lon": 128.78841,
        "speed": 0,
        "course": 19,
        "heading": 270,
        "destination": "KRPNC",
        "last_position_epoch": 1764805800,
        "last_position_UTC": "2025-12-03T23:50:00Z"
      },
      {
        "lat": 35.077351,
        "lon": 128.78825,
        "speed": 0,
        "course": 207,
        "heading": 270,
        "destination": "KRPNC",
        "last_position_epoch": 1764804180,
        "last_position_UTC": "2025-12-03T23:23:00Z"
      },
      {
        "lat": 35.077633,
        "lon": 128.78812,
        "speed": 0,
        "course": 54,
        "heading": 270,
        "destination": "KRPNC",
        "last_position_epoch": 1764802320,
        "last_position_UTC": "2025-12-03T22:52:00Z"
      },
      {
        "lat": 35.077232,
        "lon": 128.78825,
        "speed": 0,
        "course": 52,
        "heading": 270,
        "destination": "KRPNC",
        "last_position_epoch": 1764800340,
        "last_position_UTC": "2025-12-03T22:19:00Z"
      },
      {
        "lat": 35.077435,
        "lon": 128.78847,
        "speed": 0.1,
        "course": 203,
        "heading": 270,
        "destination": "KRPNC",
        "last_position_epoch": 1764798660,
        "last_position_UTC": "2025-12-03T21:51:00Z"
      },
      {
        "lat": 35.077251,
        "lon": 128.7883,
        "speed": 0.1,
        "course": 221,
        "heading": 270,
        "destination": "KRPNC",
        "last_position_epoch": 1764796920,
        "last_position_UTC": "2025-12-03T21:22:00Z"
      },
      {
        "lat": 35.077183,
        "lon": 128.78842,
        "speed": 0,
        "course": 312,
        "heading": 270,
        "destination": "KRPNC",
        "last_position_epoch": 1764795060,
        "last_position_UTC": "2025-12-03T20:51:00Z"
      },
      {
        "lat": 35.077518,
        "lon": 128.78827,
        "speed": 0,
        "course": 179,
        "heading": 271,
        "destination": "KRPNC",
        "last_position_epoch": 1764793140,
        "last_position_UTC": "2025-12-03T20:19:00Z"
      },
      {
        "lat": 35.077099,
        "lon": 128.78839,
        "speed": 0,
        "course": 171,
        "heading": 270,
        "destination": "KRPNC",
        "last_position_epoch": 1764791460,
        "last_position_UTC": "2025-12-03T19:51:00Z"
      },
      {
        "lat": 35.077316,
        "lon": 128.78828,
        "speed": 0,
        "course": 203,
        "heading": 271,
        "destination": "KRPNC",
        "last_position_epoch": 1764789720,
        "last_position_UTC": "2025-12-03T19:22:00Z"
      },
      {
        "lat": 35.077534,
        "lon": 128.78828,
        "speed": 0.1,
        "course": 0,
        "heading": 270,
        "destination": "KRPNC",
        "last_position_epoch": 1764788053,
        "last_position_UTC": "2025-12-03T18:54:13Z"
      },
      {
        "lat": 35.077351,
        "lon": 128.78848,
        "speed": 0,
        "course": 125,
        "heading": 270,
        "destination": "KRPNC",
        "last_position_epoch": 1764786060,
        "last_position_UTC": "2025-12-03T18:21:00Z"
      },
      {
        "lat": 35.077301,
        "lon": 128.78824,
        "speed": 0,
        "course": 279,
        "heading": 270,
        "destination": "KRPNC",
        "last_position_epoch": 1764784260,
        "last_position_UTC": "2025-12-03T17:51:00Z"
      },
      {
        "lat": 35.077599,
        "lon": 128.78853,
        "speed": 0,
        "course": 18,
        "heading": 271,
        "destination": "KRPNC",
        "last_position_epoch": 1764782400,
        "last_position_UTC": "2025-12-03T17:20:00Z"
      },
      {
        "lat": 35.077301,
        "lon": 128.78859,
        "speed": 0,
        "course": 7,
        "heading": 270,
        "destination": "KRPNC",
        "last_position_epoch": 1764780600,
        "last_position_UTC": "2025-12-03T16:50:00Z"
      },
      {
        "lat": 35.077232,
        "lon": 128.78841,
        "speed": 0,
        "course": 87,
        "heading": 270,
        "destination": "KRPNC",
        "last_position_epoch": 1764778740,
        "last_position_UTC": "2025-12-03T16:19:00Z"
      },
      {
        "lat": 35.077282,
        "lon": 128.78854,
        "speed": 0.1,
        "course": 20,
        "heading": 271,
        "destination": "KRPNC",
        "last_position_epoch": 1764777060,
        "last_position_UTC": "2025-12-03T15:51:00Z"
      },
      {
        "lat": 35.077351,
        "lon": 128.78854,
        "speed": 0.1,
        "course": 70,
        "heading": 271,
        "destination": "KRPNC",
        "last_position_epoch": 1764775260,
        "last_position_UTC": "2025-12-03T15:21:00Z"
      },
      {
        "lat": 35.077251,
        "lon": 128.78845,
        "speed": 0,
        "course": 17,
        "heading": 271,
        "destination": "KRPNC",
        "last_position_epoch": 1764773460,
        "last_position_UTC": "2025-12-03T14:51:00Z"
      },
      {
        "lat": 35.077332,
        "lon": 128.78835,
        "speed": 0,
        "course": 144,
        "heading": 271,
        "destination": "KRPNC",
        "last_position_epoch": 1764771660,
        "last_position_UTC": "2025-12-03T14:21:00Z"
      },
      {
        "lat": 35.077301,
        "lon": 128.78847,
        "speed": 0,
        "course": 125,
        "heading": 271,
        "destination": "KRPNC",
        "last_position_epoch": 1764769680,
        "last_position_UTC": "2025-12-03T13:48:00Z"
      },
      {
        "lat": 35.077415,
        "lon": 128.78845,
        "speed": 0.1,
        "course": 142,
        "heading": 271,
        "destination": "KRPNC",
        "last_position_epoch": 1764767880,
        "last_position_UTC": "2025-12-03T13:18:00Z"
      },
      {
        "lat": 35.077332,
        "lon": 128.78838,
        "speed": 0.1,
        "course": 153,
        "heading": 270,
        "destination": "KRPNC",
        "last_position_epoch": 1764766260,
        "last_position_UTC": "2025-12-03T12:51:00Z"
      },
      {
        "lat": 35.077465,
        "lon": 128.78864,
        "speed": 0,
        "course": 135,
        "heading": 270,
        "destination": "KRPNC",
        "last_position_epoch": 1764764460,
        "last_position_UTC": "2025-12-03T12:21:00Z"
      },
      {
        "lat": 35.077267,
        "lon": 128.78825,
        "speed": 0,
        "course": 100,
        "heading": 270,
        "destination": "KRPNC",
        "last_position_epoch": 1764762420,
        "last_position_UTC": "2025-12-03T11:47:00Z"
      },
      {
        "lat": 35.077267,
        "lon": 128.78825,
        "speed": 0,
        "course": 0,
        "heading": 271,
        "destination": "KRPNC",
        "last_position_epoch": 1764762286,
        "last_position_UTC": "2025-12-03T11:44:46Z"
      },
      {
        "lat": 35.077484,
        "lon": 128.7883,
        "speed": 0.1,
        "course": 138,
        "heading": 270,
        "destination": "KRPNC",
        "last_position_epoch": 1764759060,
        "last_position_UTC": "2025-12-03T10:51:00Z"
      },
      {
        "lat": 35.07745,
        "lon": 128.78824,
        "speed": 0,
        "course": 155,
        "heading": 271,
        "destination": "KRPNC",
        "last_position_epoch": 1764757080,
        "last_position_UTC": "2025-12-03T10:18:00Z"
      },
      {
        "lat": 35.07745,
        "lon": 128.78838,
        "speed": 0.1,
        "course": 248,
        "heading": 271,
        "destination": "KRPNC",
        "last_position_epoch": 1764755340,
        "last_position_UTC": "2025-12-03T09:49:00Z"
      },
      {
        "lat": 35.077351,
        "lon": 128.78847,
        "speed": 0.1,
        "course": 285,
        "heading": 268,
        "destination": "KRPNC",
        "last_position_epoch": 1764753540,
        "last_position_UTC": "2025-12-03T09:19:00Z"
      },
      {
        "lat": 35.077301,
        "lon": 128.78821,
        "speed": 0,
        "course": 359,
        "heading": 286,
        "destination": "KRPNC",
        "last_position_epoch": 1764751800,
        "last_position_UTC": "2025-12-03T08:50:00Z"
      },
      {
        "lat": 35.07745,
        "lon": 128.7883,
        "speed": 0,
        "course": 5,
        "heading": 270,
        "destination": "KRPNC",
        "last_position_epoch": 1764749820,
        "last_position_UTC": "2025-12-03T08:17:00Z"
      },
      {
        "lat": 35.077534,
        "lon": 128.78831,
        "speed": 0,
        "course": 315,
        "heading": 270,
        "destination": "KRPNC",
        "last_position_epoch": 1764748080,
        "last_position_UTC": "2025-12-03T07:48:00Z"
      },
      {
        "lat": 35.07745,
        "lon": 128.78831,
        "speed": 0.1,
        "course": 331,
        "heading": 271,
        "destination": "KRPNC",
        "last_position_epoch": 1764746280,
        "last_position_UTC": "2025-12-03T07:18:00Z"
      },
      {
        "lat": 35.073868,
        "lon": 128.79115,
        "speed": 1.7,
        "course": 314,
        "heading": 300,
        "destination": "KRPNC",
        "last_position_epoch": 1764744660,
        "last_position_UTC": "2025-12-03T06:51:00Z"
      },
      {
        "lat": 34.9847,
        "lon": 128.81153333333333,
        "speed": 11.7,
        "course": 339,
        "heading": 340,
        "destination": "KRPNC",
        "last_position_epoch": 1764741943,
        "last_position_UTC": "2025-12-03T06:05:43Z"
      },
      {
        "lat": 34.934066666666666,
        "lon": 128.83211666666668,
        "speed": 10.5,
        "course": 341,
        "heading": 339,
        "destination": "KRPNC",
        "last_position_epoch": 1764740562,
        "last_position_UTC": "2025-12-03T05:42:42Z"
      },
      {
        "lat": 34.81791666666667,
        "lon": 128.84851666666665,
        "speed": 12.2,
        "course": 358,
        "heading": 357,
        "destination": "KRPNC",
        "last_position_epoch": 1764738433,
        "last_position_UTC": "2025-12-03T05:07:13Z"
      },
      {
        "lat": 34.71743333333333,
        "lon": 128.8466,
        "speed": 12.4,
        "course": 4,
        "heading": 1,
        "destination": "KRPNC",
        "last_position_epoch": 1764736642,
        "last_position_UTC": "2025-12-03T04:37:22Z"
      },
      {
        "lat": 34.633316666666666,
        "lon": 128.8356,
        "speed": 11.4,
        "course": 6,
        "heading": 5,
        "destination": "CNTAO",
        "last_position_epoch": 1764735132,
        "last_position_UTC": "2025-12-03T04:12:12Z"
      },
      {
        "lat": 34.497082,
        "lon": 128.75745,
        "speed": 9.6,
        "course": 45,
        "heading": 45,
        "destination": "KRPNC",
        "last_position_epoch": 1764732060,
        "last_position_UTC": "2025-12-03T03:21:00Z"
      },
      {
        "lat": 34.466518,
        "lon": 128.7052,
        "speed": 10,
        "course": 88,
        "heading": 91,
        "destination": "KRPNC",
        "last_position_epoch": 1764730320,
        "last_position_UTC": "2025-12-03T02:52:00Z"
      },
      {
        "lat": 34.465965,
        "lon": 128.54829,
        "speed": 11.8,
        "course": 90,
        "heading": 91,
        "destination": "KRPNC",
        "last_position_epoch": 1764728580,
        "last_position_UTC": "2025-12-03T02:23:00Z"
      },
      {
        "lat": 34.465034,
        "lon": 128.46754,
        "speed": 11.8,
        "course": 89,
        "heading": 90,
        "destination": "KRPNC",
        "last_position_epoch": 1764726660,
        "last_position_UTC": "2025-12-03T01:51:00Z"
      },
      {
        "lat": 34.465332,
        "lon": 128.33904,
        "speed": 15,
        "course": 89,
        "heading": 89,
        "destination": "KRPNC",
        "last_position_epoch": 1764724980,
        "last_position_UTC": "2025-12-03T01:23:00Z"
      },
      {
        "lat": 34.46738333333333,
        "lon": 128.22641666666667,
        "speed": 15.3,
        "course": 93,
        "heading": 93,
        "destination": "CNTAO",
        "last_position_epoch": 1764723263,
        "last_position_UTC": "2025-12-03T00:54:23Z"
      },
      {
        "lat": 34.507133,
        "lon": 128.03502,
        "speed": 15.5,
        "course": 130,
        "heading": 130,
        "destination": "KRPNC",
        "last_position_epoch": 1764721200,
        "last_position_UTC": "2025-12-03T00:20:00Z"
      },
      {
        "lat": 34.617451,
        "lon": 127.93182,
        "speed": 15.3,
        "course": 164,
        "heading": 165,
        "destination": "KRPNC",
        "last_position_epoch": 1764719280,
        "last_position_UTC": "2025-12-02T23:48:00Z"
      },
      {
        "lat": 34.686035,
        "lon": 127.89224,
        "speed": 16,
        "course": 122,
        "heading": 122,
        "destination": "KRPNC",
        "last_position_epoch": 1764717660,
        "last_position_UTC": "2025-12-02T23:21:00Z"
      },
      {
        "lat": 34.745834,
        "lon": 127.8196,
        "speed": 11.6,
        "course": 166,
        "heading": 166,
        "destination": "KRPNC",
        "last_position_epoch": 1764716381,
        "last_position_UTC": "2025-12-02T22:59:41Z"
      },
      {
        "lat": 34.8741,
        "lon": 127.76453,
        "speed": 11,
        "course": 121,
        "heading": 120,
        "destination": "KRPNC",
        "last_position_epoch": 1764714000,
        "last_position_UTC": "2025-12-02T22:20:00Z"
      },
      {
        "lat": 34.900166,
        "lon": 127.67294,
        "speed": 4.9,
        "course": 54,
        "heading": 55,
        "destination": "KRPNC",
        "last_position_epoch": 1764712260,
        "last_position_UTC": "2025-12-02T21:51:00Z"
      },
      {
        "lat": 34.899799,
        "lon": 127.66588,
        "speed": 0,
        "course": 337,
        "heading": 234,
        "destination": "KRKAN",
        "last_position_epoch": 1764708600,
        "last_position_UTC": "2025-12-02T20:50:00Z"
      },
      {
        "lat": 34.899834,
        "lon": 127.66592,
        "speed": 0,
        "course": 200,
        "heading": 234,
        "destination": "KRKAN",
        "last_position_epoch": 1764703020,
        "last_position_UTC": "2025-12-02T19:17:00Z"
      },
      {
        "lat": 34.899818,
        "lon": 127.66586,
        "speed": 0.1,
        "course": 213,
        "heading": 234,
        "destination": "KRKAN",
        "last_position_epoch": 1764701280,
        "last_position_UTC": "2025-12-02T18:48:00Z"
      },
      {
        "lat": 34.899818,
        "lon": 127.66588,
        "speed": 0.1,
        "course": 203,
        "heading": 234,
        "destination": "KRKAN",
        "last_position_epoch": 1764699540,
        "last_position_UTC": "2025-12-02T18:19:00Z"
      },
      {
        "lat": 34.899918,
        "lon": 127.66599,
        "speed": 0.1,
        "course": 157,
        "heading": 234,
        "destination": "KRKAN",
        "last_position_epoch": 1764697620,
        "last_position_UTC": "2025-12-02T17:47:00Z"
      },
      {
        "lat": 34.899784,
        "lon": 127.66592,
        "speed": 0,
        "course": 0,
        "heading": 234,
        "destination": "KRKAN",
        "last_position_epoch": 1764694406,
        "last_position_UTC": "2025-12-02T16:53:26Z"
      },
      {
        "lat": 34.899883,
        "lon": 127.66607,
        "speed": 0,
        "course": 81,
        "heading": 234,
        "destination": "KRKAN",
        "last_position_epoch": 1764688620,
        "last_position_UTC": "2025-12-02T15:17:00Z"
      },
      {
        "lat": 34.899948,
        "lon": 127.66593,
        "speed": 0,
        "course": 5,
        "heading": 234,
        "destination": "KRKAN",
        "last_position_epoch": 1764685200,
        "last_position_UTC": "2025-12-02T14:20:00Z"
      },
      {
        "lat": 34.899265,
        "lon": 127.66616,
        "speed": 0.1,
        "course": 150,
        "heading": 234,
        "destination": "KRKAN",
        "last_position_epoch": 1764681540,
        "last_position_UTC": "2025-12-02T13:19:00Z"
      },
      {
        "lat": 34.900101,
        "lon": 127.66602,
        "speed": 0,
        "course": 166,
        "heading": 234,
        "destination": "KRKAN",
        "last_position_epoch": 1764679620,
        "last_position_UTC": "2025-12-02T12:47:00Z"
      },
      {
        "lat": 34.900551,
        "lon": 127.6658,
        "speed": 0.2,
        "course": 187,
        "heading": 234,
        "destination": "KRKAN",
        "last_position_epoch": 1764677940,
        "last_position_UTC": "2025-12-02T12:19:00Z"
      },
      {
        "lat": 34.899765,
        "lon": 127.66599,
        "speed": 0,
        "course": 240,
        "heading": 234,
        "destination": "KRKAN",
        "last_position_epoch": 1764676020,
        "last_position_UTC": "2025-12-02T11:47:00Z"
      },
      {
        "lat": 34.899933,
        "lon": 127.66597,
        "speed": 0,
        "course": 270,
        "heading": 234,
        "destination": "KRKAN",
        "last_position_epoch": 1764674340,
        "last_position_UTC": "2025-12-02T11:19:00Z"
      },
      {
        "lat": 34.899834,
        "lon": 127.66613,
        "speed": 0,
        "course": 182,
        "heading": 234,
        "destination": "KRKAN",
        "last_position_epoch": 1764672600,
        "last_position_UTC": "2025-12-02T10:50:00Z"
      },
      {
        "lat": 34.900051,
        "lon": 127.66597,
        "speed": 0,
        "course": 0,
        "heading": 234,
        "destination": "KRKAN",
        "last_position_epoch": 1764672257,
        "last_position_UTC": "2025-12-02T10:44:17Z"
      },
      {
        "lat": 34.899834,
        "lon": 127.66581,
        "speed": 0,
        "course": 228,
        "heading": 234,
        "destination": "KRKAN",
        "last_position_epoch": 1764669000,
        "last_position_UTC": "2025-12-02T09:50:00Z"
      },
      {
        "lat": 34.899918,
        "lon": 127.66593,
        "speed": 0,
        "course": 359,
        "heading": 234,
        "destination": "KRKAN",
        "last_position_epoch": 1764667200,
        "last_position_UTC": "2025-12-02T09:20:00Z"
      },
      {
        "lat": 34.899734,
        "lon": 127.66611,
        "speed": 0,
        "course": 295,
        "heading": 234,
        "destination": "KRKAN",
        "last_position_epoch": 1764665280,
        "last_position_UTC": "2025-12-02T08:48:00Z"
      },
      {
        "lat": 34.899967,
        "lon": 127.66586,
        "speed": 0.1,
        "course": 189,
        "heading": 234,
        "destination": "KRKAN",
        "last_position_epoch": 1764663480,
        "last_position_UTC": "2025-12-02T08:18:00Z"
      },
      {
        "lat": 34.89975,
        "lon": 127.66593,
        "speed": 0.1,
        "course": 313,
        "heading": 234,
        "destination": "KRKAN",
        "last_position_epoch": 1764661860,
        "last_position_UTC": "2025-12-02T07:51:00Z"
      },
      {
        "lat": 34.899784,
        "lon": 127.66593,
        "speed": 0,
        "course": 209,
        "heading": 234,
        "destination": "KRKAN",
        "last_position_epoch": 1764660000,
        "last_position_UTC": "2025-12-02T07:20:00Z"
      },
      {
        "lat": 34.899818,
        "lon": 127.66586,
        "speed": 0.1,
        "course": 230,
        "heading": 234,
        "destination": "KRKAN",
        "last_position_epoch": 1764658260,
        "last_position_UTC": "2025-12-02T06:51:00Z"
      },
      {
        "lat": 34.900734,
        "lon": 127.66944,
        "speed": 1.7,
        "course": 254,
        "heading": 233,
        "destination": "KRKAN",
        "last_position_epoch": 1764651000,
        "last_position_UTC": "2025-12-02T04:50:00Z"
      },
      {
        "lat": 34.906185,
        "lon": 127.71528,
        "speed": 8.8,
        "course": 282,
        "heading": 283,
        "destination": "KRKAN",
        "last_position_epoch": 1764649419,
        "last_position_UTC": "2025-12-02T04:23:39Z"
      },
      {
        "lat": 34.834969,
        "lon": 127.80141,
        "speed": 13.1,
        "course": 350,
        "heading": 350,
        "destination": "KRKAN",
        "last_position_epoch": 1764647520,
        "last_position_UTC": "2025-12-02T03:52:00Z"
      },
      {
        "lat": 34.724716,
        "lon": 127.84785,
        "speed": 8.5,
        "course": 319,
        "heading": 321,
        "destination": "KRKAN",
        "last_position_epoch": 1764645540,
        "last_position_UTC": "2025-12-02T03:19:00Z"
      },
      {
        "lat": 34.679401,
        "lon": 127.92768,
        "speed": 11.8,
        "course": 301,
        "heading": 303,
        "destination": "KRKAN",
        "last_position_epoch": 1764643980,
        "last_position_UTC": "2025-12-02T02:53:00Z"
      },
      {
        "lat": 34.591,
        "lon": 127.9642,
        "speed": 12.1,
        "course": 345,
        "heading": 341,
        "destination": "KRKAN",
        "last_position_epoch": 1764642120,
        "last_position_UTC": "2025-12-02T02:22:00Z"
      },
      {
        "lat": 34.476917,
        "lon": 127.97888,
        "speed": 11.8,
        "course": 1,
        "heading": 359,
        "destination": "KRKAN",
        "last_position_epoch": 1764640320,
        "last_position_UTC": "2025-12-02T01:52:00Z"
      },
      {
        "lat": 34.333149,
        "lon": 127.94291,
        "speed": 13.3,
        "course": 23,
        "heading": 22,
        "destination": "KRKAN",
        "last_position_epoch": 1764638400,
        "last_position_UTC": "2025-12-02T01:20:00Z"
      },
      {
        "lat": 34.269501,
        "lon": 127.89681,
        "speed": 13.5,
        "course": 37,
        "heading": 36,
        "destination": "KRKAN",
        "last_position_epoch": 1764636660,
        "last_position_UTC": "2025-12-02T00:51:00Z"
      },
      {
        "lat": 34.174767,
        "lon": 127.8152,
        "speed": 12.8,
        "course": 34,
        "heading": 34,
        "destination": "KRKAN",
        "last_position_epoch": 1764634860,
        "last_position_UTC": "2025-12-02T00:21:00Z"
      },
      {
        "lat": 34.107735,
        "lon": 127.77664,
        "speed": 12.3,
        "course": 23,
        "heading": 21,
        "destination": "KRKAN",
        "last_position_epoch": 1764633120,
        "last_position_UTC": "2025-12-01T23:52:00Z"
      },
      {
        "lat": 34.013767,
        "lon": 127.66875,
        "speed": 11.6,
        "course": 66,
        "heading": 63,
        "destination": "KRKAN",
        "last_position_epoch": 1764631260,
        "last_position_UTC": "2025-12-01T23:21:00Z"
      },
      {
        "lat": 33.989399,
        "lon": 127.58835,
        "speed": 13.6,
        "course": 67,
        "heading": 69,
        "destination": "KRKAN",
        "last_position_epoch": 1764629520,
        "last_position_UTC": "2025-12-01T22:52:00Z"
      },
      {
        "lat": 33.956635,
        "lon": 127.45882,
        "speed": 12.6,
        "course": 80,
        "heading": 80,
        "destination": "KRKAN",
        "last_position_epoch": 1764627720,
        "last_position_UTC": "2025-12-01T22:22:00Z"
      },
      {
        "lat": 33.941467,
        "lon": 127.32607,
        "speed": 15,
        "course": 82,
        "heading": 82,
        "destination": "KRKAN",
        "last_position_epoch": 1764625920,
        "last_position_UTC": "2025-12-01T21:52:00Z"
      },
      {
        "lat": 33.917435,
        "lon": 127.10875,
        "speed": 15.6,
        "course": 80,
        "heading": 80,
        "destination": "KRKAN",
        "last_position_epoch": 1764624120,
        "last_position_UTC": "2025-12-01T21:22:00Z"
      },
      {
        "lat": 33.901733,
        "lon": 126.99847,
        "speed": 16.2,
        "course": 79,
        "heading": 80,
        "destination": "KRKAN",
        "last_position_epoch": 1764622260,
        "last_position_UTC": "2025-12-01T20:51:00Z"
      },
      {
        "lat": 33.875484,
        "lon": 126.818,
        "speed": 16.2,
        "course": 79,
        "heading": 80,
        "destination": "KRKAN",
        "last_position_epoch": 1764620400,
        "last_position_UTC": "2025-12-01T20:20:00Z"
      },
      {
        "lat": 33.855118,
        "lon": 126.65073,
        "speed": 16.7,
        "course": 83,
        "heading": 82,
        "destination": "KRKAN",
        "last_position_epoch": 1764618660,
        "last_position_UTC": "2025-12-01T19:51:00Z"
      },
      {
        "lat": 33.832634,
        "lon": 126.465,
        "speed": 16.3,
        "course": 82,
        "heading": 79,
        "destination": "KRKAN",
        "last_position_epoch": 1764616860,
        "last_position_UTC": "2025-12-01T19:21:00Z"
      },
      {
        "lat": 33.818733,
        "lon": 126.35078,
        "speed": 16.6,
        "course": 81,
        "heading": 79,
        "destination": "KRKAN",
        "last_position_epoch": 1764615120,
        "last_position_UTC": "2025-12-01T18:52:00Z"
      },
      {
        "lat": 33.804615,
        "lon": 126.18774,
        "speed": 16.5,
        "course": 92,
        "heading": 90,
        "destination": "KRKAN",
        "last_position_epoch": 1764613320,
        "last_position_UTC": "2025-12-01T18:22:00Z"
      },
      {
        "lat": 33.801067,
        "lon": 126.01655,
        "speed": 15.8,
        "course": 87,
        "heading": 79,
        "destination": "KRKAN",
        "last_position_epoch": 1764611520,
        "last_position_UTC": "2025-12-01T17:52:00Z"
      },
      {
        "lat": 33.847801,
        "lon": 125.86166,
        "speed": 17.3,
        "course": 131,
        "heading": 126,
        "destination": "KRKAN",
        "last_position_epoch": 1764609720,
        "last_position_UTC": "2025-12-01T17:22:00Z"
      },
      {
        "lat": 33.931484,
        "lon": 125.71152,
        "speed": 17.8,
        "course": 121,
        "heading": 119,
        "destination": "KRKAN",
        "last_position_epoch": 1764607920,
        "last_position_UTC": "2025-12-01T16:52:00Z"
      },
      {
        "lat": 33.984852,
        "lon": 125.60661,
        "speed": 17.1,
        "course": 120,
        "heading": 119,
        "destination": "KRKAN",
        "last_position_epoch": 1764606120,
        "last_position_UTC": "2025-12-01T16:22:00Z"
      },
      {
        "lat": 34.06115,
        "lon": 125.45718,
        "speed": 16.7,
        "course": 120,
        "heading": 119,
        "destination": "KRKAN",
        "last_position_epoch": 1764604320,
        "last_position_UTC": "2025-12-01T15:52:00Z"
      },
      {
        "lat": 34.158833,
        "lon": 125.25616,
        "speed": 16.2,
        "course": 120,
        "heading": 119,
        "destination": "KRKAN",
        "last_position_epoch": 1764602400,
        "last_position_UTC": "2025-12-01T15:20:00Z"
      },
      {
        "lat": 34.228634,
        "lon": 125.11082,
        "speed": 16.1,
        "course": 117,
        "heading": 119,
        "destination": "KRKAN",
        "last_position_epoch": 1764600660,
        "last_position_UTC": "2025-12-01T14:51:00Z"
      },
      {
        "lat": 34.271633,
        "lon": 125.00679,
        "speed": 15.6,
        "course": 114,
        "heading": 116,
        "destination": "KRKAN",
        "last_position_epoch": 1764598800,
        "last_position_UTC": "2025-12-01T14:20:00Z"
      },
      {
        "lat": 34.333168,
        "lon": 124.86034,
        "speed": 15.8,
        "course": 118,
        "heading": 120,
        "destination": "KRKAN",
        "last_position_epoch": 1764597060,
        "last_position_UTC": "2025-12-01T13:51:00Z"
      },
      {
        "lat": 34.404999,
        "lon": 124.71378,
        "speed": 16,
        "course": 128,
        "heading": 129,
        "destination": "KRKAN",
        "last_position_epoch": 1764595260,
        "last_position_UTC": "2025-12-01T13:21:00Z"
      },
      {
        "lat": 34.608051,
        "lon": 124.31973,
        "speed": 15.5,
        "course": 115,
        "heading": null,
        "destination": "KRKAN",
        "last_position_epoch": 1764589680,
        "last_position_UTC": "2025-12-01T11:48:00Z"
      },
      {
        "lat": 34.669567,
        "lon": 124.17731,
        "speed": 16.1,
        "course": 115,
        "heading": null,
        "destination": "KRKAN",
        "last_position_epoch": 1764587880,
        "last_position_UTC": "2025-12-01T11:18:00Z"
      },
      {
        "lat": 34.73275,
        "lon": 124.03205,
        "speed": 16.1,
        "course": 118,
        "heading": null,
        "destination": "KRKAN",
        "last_position_epoch": 1764586140,
        "last_position_UTC": "2025-12-01T10:49:00Z"
      },
      {
        "lat": 34.768452,
        "lon": 123.8792,
        "speed": 15.6,
        "course": 94,
        "heading": null,
        "destination": "KRKAN",
        "last_position_epoch": 1764584340,
        "last_position_UTC": "2025-12-01T10:19:00Z"
      },
      {
        "lat": 34.958134,
        "lon": 123.37988,
        "speed": 16.2,
        "course": 114,
        "heading": null,
        "destination": "KRKAN",
        "last_position_epoch": 1764578880,
        "last_position_UTC": "2025-12-01T08:48:00Z"
      },
      {
        "lat": 34.996933,
        "lon": 123.27952,
        "speed": 16.3,
        "course": 114,
        "heading": null,
        "destination": "KRKAN",
        "last_position_epoch": 1764577020,
        "last_position_UTC": "2025-12-01T08:17:00Z"
      },
      {
        "lat": 35.198765,
        "lon": 122.75571,
        "speed": 16.2,
        "course": 115,
        "heading": 113,
        "destination": "KRKAN",
        "last_position_epoch": 1764570240,
        "last_position_UTC": "2025-12-01T06:24:00Z"
      },
      {
        "lat": 35.269417,
        "lon": 122.57069,
        "speed": 16.1,
        "course": 114,
        "heading": null,
        "destination": "KRKAN",
        "last_position_epoch": 1764568320,
        "last_position_UTC": "2025-12-01T05:52:00Z"
      },
      {
        "lat": 35.443199,
        "lon": 122.09998,
        "speed": 15.8,
        "course": 115,
        "heading": null,
        "destination": "KRKAN",
        "last_position_epoch": 1764562620,
        "last_position_UTC": "2025-12-01T04:17:00Z"
      },
      {
        "lat": 35.937435,
        "lon": 120.8462,
        "speed": 16.6,
        "course": 91,
        "heading": 92,
        "destination": "KRKAN",
        "last_position_epoch": 1764546780,
        "last_position_UTC": "2025-11-30T23:53:00Z"
      },
      {
        "lat": 35.952618,
        "lon": 120.68172,
        "speed": 16.7,
        "course": 98,
        "heading": 100,
        "destination": "KRKAN",
        "last_position_epoch": 1764545100,
        "last_position_UTC": "2025-11-30T23:25:00Z"
      },
      {
        "lat": 35.977566,
        "lon": 120.51555,
        "speed": 16.8,
        "course": 99,
        "heading": 100,
        "destination": "KRKAN",
        "last_position_epoch": 1764543240,
        "last_position_UTC": "2025-11-30T22:54:00Z"
      },
      {
        "lat": 35.9995,
        "lon": 120.41825,
        "speed": 14.8,
        "course": 113,
        "heading": 115,
        "destination": "KRKAN",
        "last_position_epoch": 1764541800,
        "last_position_UTC": "2025-11-30T22:30:00Z"
      },
      {
        "lat": 36.018867,
        "lon": 120.33012,
        "speed": 11,
        "course": 105,
        "heading": 100,
        "destination": "KRKAN",
        "last_position_epoch": 1764540537,
        "last_position_UTC": "2025-11-30T22:08:57Z"
      },
      {
        "lat": 36.004799,
        "lon": 120.21552,
        "speed": 1.2,
        "course": 265,
        "heading": 324,
        "destination": "KRKAN",
        "last_position_epoch": 1764537840,
        "last_position_UTC": "2025-11-30T21:24:00Z"
      },
      {
        "lat": 36.004532,
        "lon": 120.21895,
        "speed": 0,
        "course": 347,
        "heading": 233,
        "destination": "KRKAN",
        "last_position_epoch": 1764535920,
        "last_position_UTC": "2025-11-30T20:52:00Z"
      },
      {
        "lat": 36.004482,
        "lon": 120.21893,
        "speed": 0,
        "course": 165,
        "heading": 233,
        "destination": "KRKAN",
        "last_position_epoch": 1764534600,
        "last_position_UTC": "2025-11-30T20:30:00Z"
      },
      {
        "lat": 36.004482,
        "lon": 120.21895,
        "speed": 0,
        "course": 210,
        "heading": 233,
        "destination": "CNTAO",
        "last_position_epoch": 1764532260,
        "last_position_UTC": "2025-11-30T19:51:00Z"
      },
      {
        "lat": 36.004501,
        "lon": 120.21892,
        "speed": 0,
        "course": 223,
        "heading": 233,
        "destination": "CNTAO",
        "last_position_epoch": 1764530700,
        "last_position_UTC": "2025-11-30T19:25:00Z"
      },
      {
        "lat": 36.004532,
        "lon": 120.21888,
        "speed": 0,
        "course": 222,
        "heading": 233,
        "destination": "CNTAO",
        "last_position_epoch": 1764529080,
        "last_position_UTC": "2025-11-30T18:58:00Z"
      },
      {
        "lat": 36.004566,
        "lon": 120.21896,
        "speed": 0,
        "course": 208,
        "heading": 233,
        "destination": "CNTAO",
        "last_position_epoch": 1764527160,
        "last_position_UTC": "2025-11-30T18:26:00Z"
      },
      {
        "lat": 36.004501,
        "lon": 120.21892,
        "speed": 0,
        "course": 181,
        "heading": 233,
        "destination": "CNTAO",
        "last_position_epoch": 1764525120,
        "last_position_UTC": "2025-11-30T17:52:00Z"
      },
      {
        "lat": 36.004581,
        "lon": 120.21896,
        "speed": 0.1,
        "course": 351,
        "heading": 233,
        "destination": "CNTAO",
        "last_position_epoch": 1764523440,
        "last_position_UTC": "2025-11-30T17:24:00Z"
      },
      {
        "lat": 36.004501,
        "lon": 120.21891,
        "speed": 0,
        "course": 40,
        "heading": 233,
        "destination": "CNTAO",
        "last_position_epoch": 1764521640,
        "last_position_UTC": "2025-11-30T16:54:00Z"
      },
      {
        "lat": 36.004532,
        "lon": 120.21895,
        "speed": 0,
        "course": 92,
        "heading": 233,
        "destination": "CNTAO",
        "last_position_epoch": 1764519540,
        "last_position_UTC": "2025-11-30T16:19:00Z"
      },
      {
        "lat": 36.004551,
        "lon": 120.21892,
        "speed": 0,
        "course": 201,
        "heading": 233,
        "destination": "CNTAO",
        "last_position_epoch": 1764518100,
        "last_position_UTC": "2025-11-30T15:55:00Z"
      },
      {
        "lat": 36.00465,
        "lon": 120.219,
        "speed": 0,
        "course": 180,
        "heading": 233,
        "destination": "CNTAO",
        "last_position_epoch": 1764516060,
        "last_position_UTC": "2025-11-30T15:21:00Z"
      },
      {
        "lat": 36.004517,
        "lon": 120.21888,
        "speed": 0.1,
        "course": 18,
        "heading": 233,
        "destination": "CNTAO",
        "last_position_epoch": 1764514500,
        "last_position_UTC": "2025-11-30T14:55:00Z"
      },
      {
        "lat": 36.004482,
        "lon": 120.21896,
        "speed": 0,
        "course": 252,
        "heading": 233,
        "destination": "CNTAO",
        "last_position_epoch": 1764512700,
        "last_position_UTC": "2025-11-30T14:25:00Z"
      },
      {
        "lat": 36.004551,
        "lon": 120.21893,
        "speed": 0.1,
        "course": 125,
        "heading": 233,
        "destination": "CNTAO",
        "last_position_epoch": 1764511020,
        "last_position_UTC": "2025-11-30T13:57:00Z"
      },
      {
        "lat": 36.004601,
        "lon": 120.21893,
        "speed": 0.1,
        "course": 139,
        "heading": 233,
        "destination": "CNTAO",
        "last_position_epoch": 1764509040,
        "last_position_UTC": "2025-11-30T13:24:00Z"
      },
      {
        "lat": 36.004551,
        "lon": 120.21892,
        "speed": 0.1,
        "course": 147,
        "heading": 233,
        "destination": "CNTAO",
        "last_position_epoch": 1764507180,
        "last_position_UTC": "2025-11-30T12:53:00Z"
      },
      {
        "lat": 36.004482,
        "lon": 120.21895,
        "speed": 0,
        "course": 65,
        "heading": 233,
        "destination": "CNTAO",
        "last_position_epoch": 1764505320,
        "last_position_UTC": "2025-11-30T12:22:00Z"
      },
      {
        "lat": 36.004517,
        "lon": 120.21895,
        "speed": 0,
        "course": 50,
        "heading": 233,
        "destination": "CNTAO",
        "last_position_epoch": 1764503460,
        "last_position_UTC": "2025-11-30T11:51:00Z"
      },
      {
        "lat": 36.004532,
        "lon": 120.21892,
        "speed": 0,
        "course": 35,
        "heading": 233,
        "destination": "CNTAO",
        "last_position_epoch": 1764502020,
        "last_position_UTC": "2025-11-30T11:27:00Z"
      },
      {
        "lat": 36.004532,
        "lon": 120.21881,
        "speed": 0.1,
        "course": 156,
        "heading": 233,
        "destination": "CNTAO",
        "last_position_epoch": 1764500040,
        "last_position_UTC": "2025-11-30T10:54:00Z"
      },
      {
        "lat": 36.004566,
        "lon": 120.21891,
        "speed": 0.1,
        "course": 222,
        "heading": 233,
        "destination": "CNTAO",
        "last_position_epoch": 1764498300,
        "last_position_UTC": "2025-11-30T10:25:00Z"
      },
      {
        "lat": 36.004501,
        "lon": 120.21883,
        "speed": 0,
        "course": 202,
        "heading": 233,
        "destination": "CNTAO",
        "last_position_epoch": 1764494820,
        "last_position_UTC": "2025-11-30T09:27:00Z"
      },
      {
        "lat": 36.004501,
        "lon": 120.21888,
        "speed": 0,
        "course": 23,
        "heading": 233,
        "destination": "CNTAO",
        "last_position_epoch": 1764492960,
        "last_position_UTC": "2025-11-30T08:56:00Z"
      },
      {
        "lat": 36.004501,
        "lon": 120.21879,
        "speed": 0.1,
        "course": 74,
        "heading": 233,
        "destination": "CNTAO",
        "last_position_epoch": 1764491220,
        "last_position_UTC": "2025-11-30T08:27:00Z"
      },
      {
        "lat": 36.004398,
        "lon": 120.21861,
        "speed": 0,
        "course": 200,
        "heading": 233,
        "destination": "CNTAO",
        "last_position_epoch": 1764489120,
        "last_position_UTC": "2025-11-30T07:52:00Z"
      },
      {
        "lat": 36.004551,
        "lon": 120.21892,
        "speed": 0,
        "course": 198,
        "heading": 233,
        "destination": "CNTAO",
        "last_position_epoch": 1764487440,
        "last_position_UTC": "2025-11-30T07:24:00Z"
      },
      {
        "lat": 36.004616,
        "lon": 120.21888,
        "speed": 0,
        "course": 243,
        "heading": 233,
        "destination": "CNTAO",
        "last_position_epoch": 1764485820,
        "last_position_UTC": "2025-11-30T06:57:00Z"
      },
      {
        "lat": 36.004715,
        "lon": 120.21888,
        "speed": 0,
        "course": 26,
        "heading": 233,
        "destination": "CNTAO",
        "last_position_epoch": 1764483960,
        "last_position_UTC": "2025-11-30T06:26:00Z"
      },
      {
        "lat": 36.00465,
        "lon": 120.21892,
        "speed": 0,
        "course": 226,
        "heading": 233,
        "destination": "CNTAO",
        "last_position_epoch": 1764481560,
        "last_position_UTC": "2025-11-30T05:46:00Z"
      },
      {
        "lat": 36.004482,
        "lon": 120.21895,
        "speed": 0,
        "course": 313,
        "heading": 233,
        "destination": "CNTAO",
        "last_position_epoch": 1764480000,
        "last_position_UTC": "2025-11-30T05:20:00Z"
      },
      {
        "lat": 36.004601,
        "lon": 120.21867,
        "speed": 0,
        "course": 217,
        "heading": 233,
        "destination": "CNTAO",
        "last_position_epoch": 1764478380,
        "last_position_UTC": "2025-11-30T04:53:00Z"
      },
      {
        "lat": 36.004532,
        "lon": 120.21904,
        "speed": 0.1,
        "course": 219,
        "heading": 233,
        "destination": "CNTAO",
        "last_position_epoch": 1764476640,
        "last_position_UTC": "2025-11-30T04:24:00Z"
      },
      {
        "lat": 36.004684,
        "lon": 120.2188,
        "speed": 0,
        "course": 5,
        "heading": 233,
        "destination": "CNTAO",
        "last_position_epoch": 1764473220,
        "last_position_UTC": "2025-11-30T03:27:00Z"
      },
      {
        "lat": 36.004768,
        "lon": 120.21896,
        "speed": 0,
        "course": 328,
        "heading": 233,
        "destination": "CNTAO",
        "last_position_epoch": 1764471240,
        "last_position_UTC": "2025-11-30T02:54:00Z"
      },
      {
        "lat": 36.004684,
        "lon": 120.21899,
        "speed": 0,
        "course": 335,
        "heading": 233,
        "destination": "CNTAO",
        "last_position_epoch": 1764469380,
        "last_position_UTC": "2025-11-30T02:23:00Z"
      },
      {
        "lat": 36.004715,
        "lon": 120.21912,
        "speed": 0,
        "course": 90,
        "heading": 233,
        "destination": "CNTAO",
        "last_position_epoch": 1764467520,
        "last_position_UTC": "2025-11-30T01:52:00Z"
      },
      {
        "lat": 36.004665,
        "lon": 120.21909,
        "speed": 0.1,
        "course": 174,
        "heading": 233,
        "destination": "CNTAO",
        "last_position_epoch": 1764466140,
        "last_position_UTC": "2025-11-30T01:29:00Z"
      },
      {
        "lat": 36.0047,
        "lon": 120.21881,
        "speed": 0,
        "course": 153,
        "heading": 233,
        "destination": "CNTAO",
        "last_position_epoch": 1764462600,
        "last_position_UTC": "2025-11-30T00:30:00Z"
      },
      {
        "lat": 36.004482,
        "lon": 120.21896,
        "speed": 0,
        "course": 104,
        "heading": 233,
        "destination": "CNTAO",
        "last_position_epoch": 1764460080,
        "last_position_UTC": "2025-11-29T23:48:00Z"
      },
      {
        "lat": 36.004383,
        "lon": 120.21875,
        "speed": 0,
        "course": 48,
        "heading": 233,
        "destination": "CNTAO",
        "last_position_epoch": 1764458640,
        "last_position_UTC": "2025-11-29T23:24:00Z"
      },
      {
        "lat": 36.004902,
        "lon": 120.21907,
        "speed": 0,
        "course": 199,
        "heading": 233,
        "destination": "CNTAO",
        "last_position_epoch": 1764456780,
        "last_position_UTC": "2025-11-29T22:53:00Z"
      },
      {
        "lat": 36.004349,
        "lon": 120.21868,
        "speed": 0.1,
        "course": 196,
        "heading": 233,
        "destination": "CNTAO",
        "last_position_epoch": 1764454980,
        "last_position_UTC": "2025-11-29T22:23:00Z"
      },
      {
        "lat": 36.004517,
        "lon": 120.21896,
        "speed": 0.1,
        "course": 201,
        "heading": 233,
        "destination": "CNTAO",
        "last_position_epoch": 1764453180,
        "last_position_UTC": "2025-11-29T21:53:00Z"
      },
      {
        "lat": 36.004501,
        "lon": 120.21896,
        "speed": 0.1,
        "course": 268,
        "heading": 233,
        "destination": "CNTAO",
        "last_position_epoch": 1764451440,
        "last_position_UTC": "2025-11-29T21:24:00Z"
      },
      {
        "lat": 36.004833,
        "lon": 120.21875,
        "speed": 0.2,
        "course": 143,
        "heading": 232,
        "destination": "CNTAO",
        "last_position_epoch": 1764449820,
        "last_position_UTC": "2025-11-29T20:57:00Z"
      },
      {
        "lat": 36.016151,
        "lon": 120.22906,
        "speed": 5.3,
        "course": 223,
        "heading": 225,
        "destination": "CNTAO",
        "last_position_epoch": 1764447960,
        "last_position_UTC": "2025-11-29T20:26:00Z"
      },
      {
        "lat": 36.027267,
        "lon": 120.32732,
        "speed": 9.6,
        "course": 279,
        "heading": 280,
        "destination": "CNTAO",
        "last_position_epoch": 1764446220,
        "last_position_UTC": "2025-11-29T19:57:00Z"
      },
      {
        "lat": 36.002285,
        "lon": 120.4705,
        "speed": 9.8,
        "course": 283,
        "heading": 283,
        "destination": "CNTAO",
        "last_position_epoch": 1764444120,
        "last_position_UTC": "2025-11-29T19:22:00Z"
      },
      {
        "lat": 35.984016,
        "lon": 120.57584,
        "speed": 9.8,
        "course": 279,
        "heading": 281,
        "destination": "CNTAO",
        "last_position_epoch": 1764442260,
        "last_position_UTC": "2025-11-29T18:51:00Z"
      },
      {
        "lat": 35.973751,
        "lon": 120.64155,
        "speed": 10.1,
        "course": 281,
        "heading": 282,
        "destination": "CNTAO",
        "last_position_epoch": 1764440700,
        "last_position_UTC": "2025-11-29T18:25:00Z"
      },
      {
        "lat": 35.958084,
        "lon": 120.76475,
        "speed": 10.1,
        "course": 279,
        "heading": 282,
        "destination": "CNTAO",
        "last_position_epoch": 1764438540,
        "last_position_UTC": "2025-11-29T17:49:00Z"
      },
      {
        "lat": 35.905651,
        "lon": 121.08424,
        "speed": 12.3,
        "course": 355,
        "heading": 356,
        "destination": "CNTAO",
        "last_position_epoch": 1764433260,
        "last_position_UTC": "2025-11-29T16:21:00Z"
      },
      {
        "lat": 35.796135,
        "lon": 121.09747,
        "speed": 13.5,
        "course": 350,
        "heading": 352,
        "destination": "CNTAO",
        "last_position_epoch": 1764431580,
        "last_position_UTC": "2025-11-29T15:53:00Z"
      },
      {
        "lat": 35.679035,
        "lon": 121.12572,
        "speed": 12.8,
        "course": 346,
        "heading": 350,
        "destination": "CNTAO",
        "last_position_epoch": 1764429900,
        "last_position_UTC": "2025-11-29T15:25:00Z"
      },
      {
        "lat": 35.662285,
        "lon": 121.1384,
        "speed": 0.5,
        "course": 281,
        "heading": 251,
        "destination": "CNTAO",
        "last_position_epoch": 1764428529,
        "last_position_UTC": "2025-11-29T15:02:09Z"
      }
    ]
  },
  "meta": {
    "duration": 0.018735531,
    "endpoint": "/api/v0/vessel_history",
    "success": true
  }
}