{
  "data": {
    "uuid": "3ed340f2-7cf4-0271-c310-6776bc275317",
    "name": "SM LONG BEACH",
    "mmsi": "441701000",
    "imo": "9312755",
    "eni": null,
    "country_iso": "KR",
    "type": "Cargo",
    "type_specific": "Container Ship",
    "positions": [
      {
        "lat": 54.396252,
        "lon": -165.46088,
        "speed": 18.2,
        "course": 277,
        "heading": 281,
        "destination": "KRPUS",
        "last_position_epoch": 1764854340,
        "last_position_UTC": "2025-12-04T13:19:00Z"
      },
      {
        "lat": 54.36586,
        "lon": -165.18265,
        "speed": 18.8,
        "course": 279,
        "heading": 281,
        "destination": "KRPUS",
        "last_position_epoch": 1764852480,
        "last_position_UTC": "2025-12-04T12:48:00Z"
      },
      {
        "lat": 47.014433333333336,
        "lon": -126.57548333333334,
        "speed": 18.9,
        "course": 295,
        "heading": 296,
        "destination": "KRPUS",
        "last_position_epoch": 1764552832,
        "last_position_UTC": "2025-12-01T01:33:52Z"
      },
      {
        "lat": 46.962183333333336,
        "lon": -126.41716666666667,
        "speed": 18.5,
        "course": 294,
        "heading": 296,
        "destination": "KRPUS",
        "last_position_epoch": 1764551452,
        "last_position_UTC": "2025-12-01T01:10:52Z"
      },
      {
        "lat": 46.885133333333336,
        "lon": -126.17591666666667,
        "speed": 18.8,
        "course": 294,
        "heading": 295,
        "destination": "KRPUS",
        "last_position_epoch": 1764549353,
        "last_position_UTC": "2025-12-01T00:35:53Z"
      },
      {
        "lat": 46.8333,
        "lon": -126.0171,
        "speed": 18.8,
        "course": 296,
        "heading": 296,
        "destination": "KRPUS",
        "last_position_epoch": 1764547979,
        "last_position_UTC": "2025-12-01T00:12:59Z"
      },
      {
        "lat": 46.7515,
        "lon": -125.77708333333334,
        "speed": 19,
        "course": 295,
        "heading": 296,
        "destination": "KRPUS",
        "last_position_epoch": 1764545879,
        "last_position_UTC": "2025-11-30T23:37:59Z"
      },
      {
        "lat": 46.68128333333333,
        "lon": -125.56753333333333,
        "speed": 19.3,
        "course": 297,
        "heading": 298,
        "destination": "KRPUS",
        "last_position_epoch": 1764544055,
        "last_position_UTC": "2025-11-30T23:07:35Z"
      },
      {
        "lat": 46.622883333333334,
        "lon": -125.39948333333334,
        "speed": 18.5,
        "course": 296,
        "heading": 298,
        "destination": "KRPUS",
        "last_position_epoch": 1764542579,
        "last_position_UTC": "2025-11-30T22:42:59Z"
      },
      {
        "lat": 46.54423333333333,
        "lon": -125.16678333333333,
        "speed": 18,
        "course": 295,
        "heading": 297,
        "destination": "KRPUS",
        "last_position_epoch": 1764540526,
        "last_position_UTC": "2025-11-30T22:08:46Z"
      },
      {
        "lat": 46.474516666666666,
        "lon": -124.96201666666667,
        "speed": 18.4,
        "course": 296,
        "heading": 296,
        "destination": "KRPUS",
        "last_position_epoch": 1764538679,
        "last_position_UTC": "2025-11-30T21:37:59Z"
      },
      {
        "lat": 46.41823333333333,
        "lon": -124.79636666666667,
        "speed": 18.5,
        "course": 296,
        "heading": 296,
        "destination": "KRPUS",
        "last_position_epoch": 1764537179,
        "last_position_UTC": "2025-11-30T21:12:59Z"
      },
      {
        "lat": 46.34811666666667,
        "lon": -124.59963333333333,
        "speed": 18.1,
        "course": 295,
        "heading": 294,
        "destination": "KRPUS",
        "last_position_epoch": 1764535380,
        "last_position_UTC": "2025-11-30T20:43:00Z"
      },
      {
        "lat": 46.279266666666665,
        "lon": -124.39968333333333,
        "speed": 18.8,
        "course": 296,
        "heading": 294,
        "destination": "KRPUS",
        "last_position_epoch": 1764533579,
        "last_position_UTC": "2025-11-30T20:12:59Z"
      },
      {
        "lat": 46.20896666666667,
        "lon": -124.20811666666667,
        "speed": 14.2,
        "course": 302,
        "heading": 300,
        "destination": "KRPUS",
        "last_position_epoch": 1764531779,
        "last_position_UTC": "2025-11-30T19:42:59Z"
      },
      {
        "lat": 46.25311666666666,
        "lon": -124.0847,
        "speed": 15.7,
        "course": 245,
        "heading": 237,
        "destination": "KRPUS",
        "last_position_epoch": 1764529981,
        "last_position_UTC": "2025-11-30T19:13:01Z"
      },
      {
        "lat": 46.19128333333333,
        "lon": -123.91255,
        "speed": 9.3,
        "course": 286,
        "heading": 289,
        "destination": "KRPUS",
        "last_position_epoch": 1764527879,
        "last_position_UTC": "2025-11-30T18:37:59Z"
      },
      {
        "lat": 46.196933333333334,
        "lon": -123.82118333333334,
        "speed": 8.5,
        "course": 242,
        "heading": 249,
        "destination": "KRPUS",
        "last_position_epoch": 1764526378,
        "last_position_UTC": "2025-11-30T18:12:58Z"
      },
      {
        "lat": 46.2476,
        "lon": -123.69378333333333,
        "speed": 12.6,
        "course": 235,
        "heading": 234,
        "destination": "KRPUS",
        "last_position_epoch": 1764524280,
        "last_position_UTC": "2025-11-30T17:38:00Z"
      },
      {
        "lat": 46.26113333333333,
        "lon": -123.53468333333333,
        "speed": 13.4,
        "course": 247,
        "heading": 248,
        "destination": "KRPUS",
        "last_position_epoch": 1764522480,
        "last_position_UTC": "2025-11-30T17:08:00Z"
      },
      {
        "lat": 46.22253333333333,
        "lon": -123.42458333333333,
        "speed": 12.4,
        "course": 350,
        "heading": 350,
        "destination": "KRPUS",
        "last_position_epoch": 1764520680,
        "last_position_UTC": "2025-11-30T16:38:00Z"
      },
      {
        "lat": 46.14825,
        "lon": -123.37948333333334,
        "speed": 9.9,
        "course": 284,
        "heading": 284,
        "destination": "KRPUS",
        "last_position_epoch": 1764518880,
        "last_position_UTC": "2025-11-30T16:08:00Z"
      },
      {
        "lat": 46.16328333333333,
        "lon": -123.23898333333334,
        "speed": 13.2,
        "course": 233,
        "heading": 234,
        "destination": "KRPUS",
        "last_position_epoch": 1764517079,
        "last_position_UTC": "2025-11-30T15:37:59Z"
      },
      {
        "lat": 46.17778333333333,
        "lon": -123.1049,
        "speed": 11.8,
        "course": 309,
        "heading": 309,
        "destination": "KRPUS",
        "last_position_epoch": 1764515279,
        "last_position_UTC": "2025-11-30T15:07:59Z"
      },
      {
        "lat": 46.13373333333333,
        "lon": -123.0056,
        "speed": 12.1,
        "course": 316,
        "heading": 310,
        "destination": "KRPUS",
        "last_position_epoch": 1764513780,
        "last_position_UTC": "2025-11-30T14:43:00Z"
      },
      {
        "lat": 46.07908333333334,
        "lon": -122.89623333333333,
        "speed": 10.1,
        "course": 323,
        "heading": 318,
        "destination": "KRPUS",
        "last_position_epoch": 1764511681,
        "last_position_UTC": "2025-11-30T14:08:01Z"
      },
      {
        "lat": 46.017133333333334,
        "lon": -122.86005,
        "speed": 8.9,
        "course": 319,
        "heading": 318,
        "destination": "KRPUS",
        "last_position_epoch": 1764510171,
        "last_position_UTC": "2025-11-30T13:42:51Z"
      },
      {
        "lat": 45.946016666666665,
        "lon": -122.80571666666667,
        "speed": 11.4,
        "course": 355,
        "heading": 349,
        "destination": "KRPUS",
        "last_position_epoch": 1764508360,
        "last_position_UTC": "2025-11-30T13:12:40Z"
      },
      {
        "lat": 45.856316666666665,
        "lon": -122.78398333333334,
        "speed": 11.5,
        "course": 3,
        "heading": 4,
        "destination": "KRPUS",
        "last_position_epoch": 1764506569,
        "last_position_UTC": "2025-11-30T12:42:49Z"
      },
      {
        "lat": 45.763866666666665,
        "lon": -122.76151666666667,
        "speed": 12.1,
        "course": 358,
        "heading": 352,
        "destination": "KRPUS",
        "last_position_epoch": 1764504768,
        "last_position_UTC": "2025-11-30T12:12:48Z"
      },
      {
        "lat": 45.66305,
        "lon": -122.76746666666666,
        "speed": 9.3,
        "course": 338,
        "heading": 340,
        "destination": "KRPUS",
        "last_position_epoch": 1764502799,
        "last_position_UTC": "2025-11-30T11:39:59Z"
      },
      {
        "lat": 45.6408,
        "lon": -122.74778333333333,
        "speed": 1.2,
        "course": 323,
        "heading": 137,
        "destination": "KRPUS",
        "last_position_epoch": 1764500869,
        "last_position_UTC": "2025-11-30T11:07:49Z"
      },
      {
        "lat": 45.63966666666666,
        "lon": -122.747,
        "speed": 0,
        "course": 138,
        "heading": 137,
        "destination": "KRPUS",
        "last_position_epoch": 1764499163,
        "last_position_UTC": "2025-11-30T10:39:23Z"
      },
      {
        "lat": 45.639783333333334,
        "lon": -122.74703333333333,
        "speed": 0,
        "course": 310,
        "heading": 137,
        "destination": "USPDX",
        "last_position_epoch": 1764497363,
        "last_position_UTC": "2025-11-30T10:09:23Z"
      },
      {
        "lat": 45.63975,
        "lon": -122.747,
        "speed": 0,
        "course": 310,
        "heading": 137,
        "destination": "USPDX",
        "last_position_epoch": 1764495565,
        "last_position_UTC": "2025-11-30T09:39:25Z"
      },
      {
        "lat": 45.63966666666666,
        "lon": -122.7469,
        "speed": 0,
        "course": 344,
        "heading": 137,
        "destination": "USPDX",
        "last_position_epoch": 1764493945,
        "last_position_UTC": "2025-11-30T09:12:25Z"
      },
      {
        "lat": 45.63976666666667,
        "lon": -122.74703333333333,
        "speed": 0,
        "course": 339,
        "heading": 137,
        "destination": "USPDX",
        "last_position_epoch": 1764492144,
        "last_position_UTC": "2025-11-30T08:42:24Z"
      },
      {
        "lat": 45.6398,
        "lon": -122.74698333333333,
        "speed": 0,
        "course": 337,
        "heading": 137,
        "destination": "USPDX",
        "last_position_epoch": 1764489444,
        "last_position_UTC": "2025-11-30T07:57:24Z"
      },
      {
        "lat": 45.6397,
        "lon": -122.74706666666667,
        "speed": 0,
        "course": 337,
        "heading": 137,
        "destination": "USPDX",
        "last_position_epoch": 1764488004,
        "last_position_UTC": "2025-11-30T07:33:24Z"
      },
      {
        "lat": 45.6398,
        "lon": -122.74713333333334,
        "speed": 0,
        "course": 337,
        "heading": 137,
        "destination": "USPDX",
        "last_position_epoch": 1764486204,
        "last_position_UTC": "2025-11-30T07:03:24Z"
      },
      {
        "lat": 45.63981666666667,
        "lon": -122.74703333333333,
        "speed": 0,
        "course": 337,
        "heading": 137,
        "destination": "USPDX",
        "last_position_epoch": 1764484405,
        "last_position_UTC": "2025-11-30T06:33:25Z"
      },
      {
        "lat": 45.63976666666667,
        "lon": -122.74698333333333,
        "speed": 0,
        "course": 337,
        "heading": 137,
        "destination": "USPDX",
        "last_position_epoch": 1764482604,
        "last_position_UTC": "2025-11-30T06:03:24Z"
      },
      {
        "lat": 45.63973333333333,
        "lon": -122.74693333333333,
        "speed": 0,
        "course": 337,
        "heading": 137,
        "destination": "USPDX",
        "last_position_epoch": 1764481164,
        "last_position_UTC": "2025-11-30T05:39:24Z"
      },
      {
        "lat": 45.63973333333333,
        "lon": -122.74691666666666,
        "speed": 0,
        "course": 337,
        "heading": 137,
        "destination": "USPDX",
        "last_position_epoch": 1764479546,
        "last_position_UTC": "2025-11-30T05:12:26Z"
      },
      {
        "lat": 45.639583333333334,
        "lon": -122.74701666666667,
        "speed": 0,
        "course": 337,
        "heading": 137,
        "destination": "USPDX",
        "last_position_epoch": 1764477566,
        "last_position_UTC": "2025-11-30T04:39:26Z"
      },
      {
        "lat": 45.63976666666667,
        "lon": -122.74705,
        "speed": 0,
        "course": 337,
        "heading": 137,
        "destination": "USPDX",
        "last_position_epoch": 1764474685,
        "last_position_UTC": "2025-11-30T03:51:25Z"
      },
      {
        "lat": 45.63981666666667,
        "lon": -122.74706666666667,
        "speed": 0,
        "course": 337,
        "heading": 137,
        "destination": "USPDX",
        "last_position_epoch": 1764473603,
        "last_position_UTC": "2025-11-30T03:33:23Z"
      },
      {
        "lat": 45.639751,
        "lon": -122.74706,
        "speed": 0,
        "course": 311,
        "heading": 137,
        "destination": "USPDX",
        "last_position_epoch": 1764471420,
        "last_position_UTC": "2025-11-30T02:57:00Z"
      },
      {
        "lat": 45.639683,
        "lon": -122.74707,
        "speed": 0,
        "course": 318,
        "heading": 137,
        "destination": "USPDX",
        "last_position_epoch": 1764469440,
        "last_position_UTC": "2025-11-30T02:24:00Z"
      },
      {
        "lat": 45.639716666666665,
        "lon": -122.74703333333333,
        "speed": 0,
        "course": 318,
        "heading": 137,
        "destination": "USPDX",
        "last_position_epoch": 1764468565,
        "last_position_UTC": "2025-11-30T02:09:25Z"
      },
      {
        "lat": 45.63973333333333,
        "lon": -122.74705,
        "speed": 0,
        "course": 111,
        "heading": 137,
        "destination": "USPDX",
        "last_position_epoch": 1764466764,
        "last_position_UTC": "2025-11-30T01:39:24Z"
      },
      {
        "lat": 45.639782,
        "lon": -122.74699,
        "speed": 0,
        "course": 211,
        "heading": 137,
        "destination": "USPDX",
        "last_position_epoch": 1764464460,
        "last_position_UTC": "2025-11-30T01:01:00Z"
      },
      {
        "lat": 45.639783333333334,
        "lon": -122.74698333333333,
        "speed": 0,
        "course": 211,
        "heading": 137,
        "destination": "USPDX",
        "last_position_epoch": 1764463164,
        "last_position_UTC": "2025-11-30T00:39:24Z"
      },
      {
        "lat": 45.63976666666667,
        "lon": -122.74701666666667,
        "speed": 0,
        "course": 211,
        "heading": 137,
        "destination": "USPDX",
        "last_position_epoch": 1764461365,
        "last_position_UTC": "2025-11-30T00:09:25Z"
      },
      {
        "lat": 45.639783333333334,
        "lon": -122.74705,
        "speed": 0,
        "course": 211,
        "heading": 137,
        "destination": "USPDX",
        "last_position_epoch": 1764459563,
        "last_position_UTC": "2025-11-29T23:39:23Z"
      },
      {
        "lat": 45.639716666666665,
        "lon": -122.74705,
        "speed": 0,
        "course": 211,
        "heading": 137,
        "destination": "USPDX",
        "last_position_epoch": 1764457765,
        "last_position_UTC": "2025-11-29T23:09:25Z"
      },
      {
        "lat": 45.63975,
        "lon": -122.7471,
        "speed": 0,
        "course": 211,
        "heading": 137,
        "destination": "USPDX",
        "last_position_epoch": 1764456144,
        "last_position_UTC": "2025-11-29T22:42:24Z"
      },
      {
        "lat": 45.639783333333334,
        "lon": -122.74701666666667,
        "speed": 0,
        "course": 346,
        "heading": 137,
        "destination": "USPDX",
        "last_position_epoch": 1764454345,
        "last_position_UTC": "2025-11-29T22:12:25Z"
      },
      {
        "lat": 45.63975,
        "lon": -122.747,
        "speed": 0,
        "course": 332,
        "heading": 137,
        "destination": "USPDX",
        "last_position_epoch": 1764452366,
        "last_position_UTC": "2025-11-29T21:39:26Z"
      },
      {
        "lat": 45.63975,
        "lon": -122.74696666666667,
        "speed": 0,
        "course": 332,
        "heading": 137,
        "destination": "USPDX",
        "last_position_epoch": 1764450564,
        "last_position_UTC": "2025-11-29T21:09:24Z"
      },
      {
        "lat": 45.63976666666667,
        "lon": -122.74696666666667,
        "speed": 0,
        "course": 332,
        "heading": 137,
        "destination": "USPDX",
        "last_position_epoch": 1764448764,
        "last_position_UTC": "2025-11-29T20:39:24Z"
      },
      {
        "lat": 45.639801,
        "lon": -122.74704,
        "speed": 0,
        "course": 0,
        "heading": 137,
        "destination": "USPDX",
        "last_position_epoch": 1764446959,
        "last_position_UTC": "2025-11-29T20:09:19Z"
      },
      {
        "lat": 45.6397,
        "lon": -122.74695,
        "speed": 0,
        "course": 14,
        "heading": 137,
        "destination": "USPDX",
        "last_position_epoch": 1764444805,
        "last_position_UTC": "2025-11-29T19:33:25Z"
      },
      {
        "lat": 45.63973333333333,
        "lon": -122.74705,
        "speed": 0,
        "course": 14,
        "heading": 136,
        "destination": "USPDX",
        "last_position_epoch": 1764443364,
        "last_position_UTC": "2025-11-29T19:09:24Z"
      },
      {
        "lat": 45.639833333333335,
        "lon": -122.74698333333333,
        "speed": 0,
        "course": 352,
        "heading": 137,
        "destination": "USPDX",
        "last_position_epoch": 1764440843,
        "last_position_UTC": "2025-11-29T18:27:23Z"
      },
      {
        "lat": 45.63976666666667,
        "lon": -122.74698333333333,
        "speed": 0,
        "course": 333,
        "heading": 137,
        "destination": "USPDX",
        "last_position_epoch": 1764439764,
        "last_position_UTC": "2025-11-29T18:09:24Z"
      },
      {
        "lat": 45.63975,
        "lon": -122.74701666666667,
        "speed": 0,
        "course": 333,
        "heading": 137,
        "destination": "USPDX",
        "last_position_epoch": 1764437604,
        "last_position_UTC": "2025-11-29T17:33:24Z"
      },
      {
        "lat": 45.63976666666667,
        "lon": -122.74696666666667,
        "speed": 0,
        "course": 324,
        "heading": 137,
        "destination": "USPDX",
        "last_position_epoch": 1764435984,
        "last_position_UTC": "2025-11-29T17:06:24Z"
      },
      {
        "lat": 45.63981666666667,
        "lon": -122.74696666666667,
        "speed": 0,
        "course": 351,
        "heading": 137,
        "destination": "USPDX",
        "last_position_epoch": 1764434545,
        "last_position_UTC": "2025-11-29T16:42:25Z"
      },
      {
        "lat": 45.63975,
        "lon": -122.747,
        "speed": 0,
        "course": 351,
        "heading": 137,
        "destination": "USPDX",
        "last_position_epoch": 1764432205,
        "last_position_UTC": "2025-11-29T16:03:25Z"
      },
      {
        "lat": 45.639783333333334,
        "lon": -122.74703333333333,
        "speed": 0,
        "course": 23,
        "heading": 137,
        "destination": "USPDX",
        "last_position_epoch": 1764430044,
        "last_position_UTC": "2025-11-29T15:27:24Z"
      },
      {
        "lat": 45.63976666666667,
        "lon": -122.7471,
        "speed": 0,
        "course": 23,
        "heading": 137,
        "destination": "USPDX",
        "last_position_epoch": 1764428964,
        "last_position_UTC": "2025-11-29T15:09:24Z"
      },
      {
        "lat": 45.639783333333334,
        "lon": -122.74706666666667,
        "speed": 0,
        "course": 156,
        "heading": 137,
        "destination": "USPDX",
        "last_position_epoch": 1764426803,
        "last_position_UTC": "2025-11-29T14:33:23Z"
      }
    ]
  },
  "meta": {
    "duration": 0.016941723,
    "endpoint": "/api/v0/vessel_history",
    "success": true
  }
}