{
  "data": {
    "uuid": "fa8b3d89-cd5d-e472-8312-bd3e68684d0f",
    "name": "HMM DREAM",
    "mmsi": "441981000",
    "imo": "9637222",
    "eni": null,
    "country_iso": "KR",
    "type": "Cargo",
    "type_specific": "Container Ship",
    "positions": [
      {
        "lat": -27.099117,
        "lon": 48.350185,
        "speed": 14.8,
        "course": 246,
        "heading": 245,
        "destination": "GBSOU",
        "last_position_epoch": 1765018140,
        "last_position_UTC": "2025-12-06T10:49:00Z"
      },
      {
        "lat": -27.013859,
        "lon": 48.561867,
        "speed": 15,
        "course": 246,
        "heading": 243,
        "destination": "GBSOU",
        "last_position_epoch": 1765015560,
        "last_position_UTC": "2025-12-06T10:06:00Z"
      },
      {
        "lat": -26.894945,
        "lon": 48.853718,
        "speed": 14.3,
        "course": 245,
        "heading": 244,
        "destination": "GBSOU",
        "last_position_epoch": 1765011300,
        "last_position_UTC": "2025-12-06T08:55:00Z"
      },
      {
        "lat": -26.783764,
        "lon": 49.115788,
        "speed": 14,
        "course": 242,
        "heading": 243,
        "destination": "GBSOU",
        "last_position_epoch": 1765007580,
        "last_position_UTC": "2025-12-06T07:53:00Z"
      },
      {
        "lat": -25.961584,
        "lon": 51.024899,
        "speed": 12.8,
        "course": 242,
        "heading": null,
        "destination": "GBSOU",
        "last_position_epoch": 1764977460,
        "last_position_UTC": "2025-12-05T23:31:00Z"
      },
      {
        "lat": -25.919247,
        "lon": 51.110672,
        "speed": 12.6,
        "course": 242,
        "heading": null,
        "destination": "GBSOU",
        "last_position_epoch": 1764975840,
        "last_position_UTC": "2025-12-05T23:04:00Z"
      },
      {
        "lat": -25.867561,
        "lon": 51.225315,
        "speed": 12.6,
        "course": 244,
        "heading": 244,
        "destination": "GBSOU",
        "last_position_epoch": 1764974100,
        "last_position_UTC": "2025-12-05T22:35:00Z"
      },
      {
        "lat": -25.838583,
        "lon": 51.296459,
        "speed": 12.3,
        "course": 247,
        "heading": 246,
        "destination": "GBSOU",
        "last_position_epoch": 1764972360,
        "last_position_UTC": "2025-12-05T22:06:00Z"
      },
      {
        "lat": -25.779531,
        "lon": 51.435123,
        "speed": 12.6,
        "course": 243,
        "heading": 246,
        "destination": "GBSOU",
        "last_position_epoch": 1764970560,
        "last_position_UTC": "2025-12-05T21:36:00Z"
      },
      {
        "lat": -25.731152,
        "lon": 51.5406,
        "speed": 13.1,
        "course": 243,
        "heading": 247,
        "destination": "GBSOU",
        "last_position_epoch": 1764968760,
        "last_position_UTC": "2025-12-05T21:06:00Z"
      },
      {
        "lat": -24.273298,
        "lon": 54.475002,
        "speed": 13.1,
        "course": 241,
        "heading": 241,
        "destination": "GBSOU",
        "last_position_epoch": 1764923340,
        "last_position_UTC": "2025-12-05T08:29:00Z"
      },
      {
        "lat": -24.225597,
        "lon": 54.568256,
        "speed": 13,
        "course": 241,
        "heading": 241,
        "destination": "GBSOU",
        "last_position_epoch": 1764921900,
        "last_position_UTC": "2025-12-05T08:05:00Z"
      },
      {
        "lat": -24.166786,
        "lon": 54.681847,
        "speed": 13.3,
        "course": 241,
        "heading": 241,
        "destination": "GBSOU",
        "last_position_epoch": 1764919800,
        "last_position_UTC": "2025-12-05T07:30:00Z"
      },
      {
        "lat": -24.103926,
        "lon": 54.801704,
        "speed": 13.1,
        "course": 240,
        "heading": 240,
        "destination": "GBSOU",
        "last_position_epoch": 1764917400,
        "last_position_UTC": "2025-12-05T06:50:00Z"
      },
      {
        "lat": -24.001471,
        "lon": 54.99514,
        "speed": 16.1,
        "course": 240,
        "heading": 240,
        "destination": "GBSOU",
        "last_position_epoch": 1764914760,
        "last_position_UTC": "2025-12-05T06:06:00Z"
      },
      {
        "lat": -23.950157,
        "lon": 55.092365,
        "speed": 16.2,
        "course": 240,
        "heading": 241,
        "destination": "GBSOU",
        "last_position_epoch": 1764913080,
        "last_position_UTC": "2025-12-05T05:38:00Z"
      },
      {
        "lat": -23.871052,
        "lon": 55.208801,
        "speed": 1,
        "course": 354,
        "heading": 72,
        "destination": "GBSOU",
        "last_position_epoch": 1764910860,
        "last_position_UTC": "2025-12-05T05:01:00Z"
      },
      {
        "lat": -23.878613,
        "lon": 55.207275,
        "speed": 1.5,
        "course": 13,
        "heading": 48,
        "destination": "GBSOU",
        "last_position_epoch": 1764909360,
        "last_position_UTC": "2025-12-05T04:36:00Z"
      },
      {
        "lat": -23.895777,
        "lon": 55.228882,
        "speed": 10.8,
        "course": 246,
        "heading": 247,
        "destination": "GBSOU",
        "last_position_epoch": 1764907560,
        "last_position_UTC": "2025-12-05T04:06:00Z"
      },
      {
        "lat": -23.829384,
        "lon": 55.367569,
        "speed": 14.6,
        "course": 242,
        "heading": 241,
        "destination": "GBSOU",
        "last_position_epoch": 1764905820,
        "last_position_UTC": "2025-12-05T03:37:00Z"
      },
      {
        "lat": -23.781681,
        "lon": 55.466827,
        "speed": 14.6,
        "course": 242,
        "heading": 242,
        "destination": "GBSOU",
        "last_position_epoch": 1764904080,
        "last_position_UTC": "2025-12-05T03:08:00Z"
      },
      {
        "lat": -23.728252,
        "lon": 55.574787,
        "speed": 14.6,
        "course": 241,
        "heading": 242,
        "destination": "GBSOU",
        "last_position_epoch": 1764902460,
        "last_position_UTC": "2025-12-05T02:41:00Z"
      },
      {
        "lat": -23.666786,
        "lon": 55.695812,
        "speed": 14.6,
        "course": 240,
        "heading": 242,
        "destination": "GBSOU",
        "last_position_epoch": 1764900660,
        "last_position_UTC": "2025-12-05T02:11:00Z"
      },
      {
        "lat": -23.591167,
        "lon": 55.844109,
        "speed": 14.6,
        "course": 241,
        "heading": 241,
        "destination": "GBSOU",
        "last_position_epoch": 1764898200,
        "last_position_UTC": "2025-12-05T01:30:00Z"
      },
      {
        "lat": -23.53731,
        "lon": 55.949188,
        "speed": 15,
        "course": 239,
        "heading": 238,
        "destination": "GBSOU",
        "last_position_epoch": 1764896460,
        "last_position_UTC": "2025-12-05T01:01:00Z"
      },
      {
        "lat": -23.487968,
        "lon": 56.037025,
        "speed": 14.5,
        "course": 238,
        "heading": 239,
        "destination": "GBSOU",
        "last_position_epoch": 1764894840,
        "last_position_UTC": "2025-12-05T00:34:00Z"
      },
      {
        "lat": -23.426872,
        "lon": 56.145306,
        "speed": 14.1,
        "course": 239,
        "heading": 237,
        "destination": "GBSOU",
        "last_position_epoch": 1764893160,
        "last_position_UTC": "2025-12-05T00:06:00Z"
      },
      {
        "lat": -23.369473,
        "lon": 56.249786,
        "speed": 13.8,
        "course": 240,
        "heading": 237,
        "destination": "GBSOU",
        "last_position_epoch": 1764891480,
        "last_position_UTC": "2025-12-04T23:38:00Z"
      },
      {
        "lat": -23.306868,
        "lon": 56.366619,
        "speed": 14,
        "course": 239,
        "heading": 237,
        "destination": "GBSOU",
        "last_position_epoch": 1764889560,
        "last_position_UTC": "2025-12-04T23:06:00Z"
      },
      {
        "lat": -23.239971,
        "lon": 56.495541,
        "speed": 14.1,
        "course": 239,
        "heading": 238,
        "destination": "GBSOU",
        "last_position_epoch": 1764887940,
        "last_position_UTC": "2025-12-04T22:39:00Z"
      },
      {
        "lat": -23.169331,
        "lon": 56.625721,
        "speed": 14.1,
        "course": 239,
        "heading": 238,
        "destination": "GBSOU",
        "last_position_epoch": 1764885041,
        "last_position_UTC": "2025-12-04T21:50:41Z"
      },
      {
        "lat": -23.108492,
        "lon": 56.735973,
        "speed": 13.6,
        "course": 239,
        "heading": 238,
        "destination": "GBSOU",
        "last_position_epoch": 1764883020,
        "last_position_UTC": "2025-12-04T21:17:00Z"
      },
      {
        "lat": -23.004377,
        "lon": 56.933453,
        "speed": 13.8,
        "course": 241,
        "heading": 242,
        "destination": "GBSOU",
        "last_position_epoch": 1764880320,
        "last_position_UTC": "2025-12-04T20:32:00Z"
      },
      {
        "lat": -20.547419,
        "lon": 61.415066,
        "speed": 14.6,
        "course": 239,
        "heading": 241,
        "destination": "GBSOU",
        "last_position_epoch": 1764806580,
        "last_position_UTC": "2025-12-04T00:03:00Z"
      },
      {
        "lat": -20.471296,
        "lon": 61.546906,
        "speed": 15.1,
        "course": 237,
        "heading": 240,
        "destination": "GBSOU",
        "last_position_epoch": 1764804960,
        "last_position_UTC": "2025-12-03T23:36:00Z"
      },
      {
        "lat": -20.315424,
        "lon": 61.819019,
        "speed": 14.6,
        "course": 239,
        "heading": 240,
        "destination": "GBSOU",
        "last_position_epoch": 1764800220,
        "last_position_UTC": "2025-12-03T22:17:00Z"
      },
      {
        "lat": -20.275286,
        "lon": 61.89064,
        "speed": 14.6,
        "course": 239,
        "heading": 240,
        "destination": "GBSOU",
        "last_position_epoch": 1764799020,
        "last_position_UTC": "2025-12-03T21:57:00Z"
      },
      {
        "lat": -20.22599,
        "lon": 61.978374,
        "speed": 14.3,
        "course": 238,
        "heading": 240,
        "destination": "GBSOU",
        "last_position_epoch": 1764797580,
        "last_position_UTC": "2025-12-03T21:33:00Z"
      },
      {
        "lat": -11.628507,
        "lon": 75.631065,
        "speed": 15,
        "course": 234,
        "heading": 233,
        "destination": "GBSOU",
        "last_position_epoch": 1764573780,
        "last_position_UTC": "2025-12-01T07:23:00Z"
      },
      {
        "lat": -11.598594,
        "lon": 75.672203,
        "speed": 15,
        "course": 232,
        "heading": 233,
        "destination": "GBSOU",
        "last_position_epoch": 1764572580,
        "last_position_UTC": "2025-12-01T07:03:00Z"
      },
      {
        "lat": -6.7874365,
        "lon": 81.381149,
        "speed": 14.6,
        "course": 224,
        "heading": null,
        "destination": "GBSOU",
        "last_position_epoch": 1764464640,
        "last_position_UTC": "2025-11-30T01:04:00Z"
      },
      {
        "lat": -6.6847434,
        "lon": 81.480576,
        "speed": 14.3,
        "course": 223,
        "heading": null,
        "destination": "GBSOU",
        "last_position_epoch": 1764462060,
        "last_position_UTC": "2025-11-30T00:21:00Z"
      },
      {
        "lat": -6.3303218,
        "lon": 81.820129,
        "speed": 14.6,
        "course": 224,
        "heading": null,
        "destination": "GBSOU",
        "last_position_epoch": 1764454860,
        "last_position_UTC": "2025-11-29T22:21:00Z"
      }
    ]
  },
  "meta": {
    "duration": 0.044049894,
    "endpoint": "/api/v0/vessel_history",
    "success": true
  }
}