{
  "data": {
    "uuid": "e67437d6-076b-f890-82c1-2e1bc75290d9",
    "name": "ONE FREEDOM",
    "mmsi": "477846600",
    "imo": "9934357",
    "eni": null,
    "country_iso": "HK",
    "type": "Cargo - Hazard A (Major)",
    "type_specific": "Container Ship",
    "positions": [
      {
        "lat": 1.88697,
        "lon": 102.26417666666667,
        "speed": 11.4,
        "course": 118.6,
        "heading": 115,
        "destination": "SGSIN PWBGA",
        "last_position_epoch": 1765030343,
        "last_position_UTC": "2025-12-06T14:12:23Z"
      },
      {
        "lat": 1.9556583333333333,
        "lon": 102.17726166666667,
        "speed": 11.3,
        "course": 131.2,
        "heading": 129,
        "destination": "SGSIN PWBGA",
        "last_position_epoch": 1765028241,
        "last_position_UTC": "2025-12-06T13:37:21Z"
      },
      {
        "lat": 2.0281284,
        "lon": 102.08693,
        "speed": 11.3,
        "course": 129,
        "heading": 126,
        "destination": "SGSIN PWBGA",
        "last_position_epoch": 1765026060,
        "last_position_UTC": "2025-12-06T13:01:00Z"
      },
      {
        "lat": 2.0910201,
        "lon": 102.00922,
        "speed": 11.1,
        "course": 128,
        "heading": 125,
        "destination": "SGSIN PWBGA",
        "last_position_epoch": 1765024320,
        "last_position_UTC": "2025-12-06T12:32:00Z"
      },
      {
        "lat": 2.1462133,
        "lon": 101.93959,
        "speed": 10.8,
        "course": 128,
        "heading": 125,
        "destination": "SGSIN PWBGA",
        "last_position_epoch": 1765022520,
        "last_position_UTC": "2025-12-06T12:02:00Z"
      },
      {
        "lat": 2.2084932,
        "lon": 101.86156,
        "speed": 10.5,
        "course": 126,
        "heading": 124,
        "destination": "SGSIN PWBGA",
        "last_position_epoch": 1765020720,
        "last_position_UTC": "2025-12-06T11:32:00Z"
      },
      {
        "lat": 2.2686067,
        "lon": 101.78307,
        "speed": 10.8,
        "course": 128,
        "heading": 127,
        "destination": "SGSIN PWBGA",
        "last_position_epoch": 1765018980,
        "last_position_UTC": "2025-12-06T11:03:00Z"
      },
      {
        "lat": 2.3339601,
        "lon": 101.71089,
        "speed": 10.8,
        "course": 132,
        "heading": 134,
        "destination": "SGSIN PWBGA",
        "last_position_epoch": 1765017120,
        "last_position_UTC": "2025-12-06T10:32:00Z"
      },
      {
        "lat": 2.3736601,
        "lon": 101.666,
        "speed": 10.5,
        "course": 133,
        "heading": 135,
        "destination": "SGSIN PWBGA",
        "last_position_epoch": 1765015440,
        "last_position_UTC": "2025-12-06T10:04:00Z"
      },
      {
        "lat": 2.4453232,
        "lon": 101.581,
        "speed": 10,
        "course": 126,
        "heading": 128,
        "destination": "SGSIN PWBGA",
        "last_position_epoch": 1765013520,
        "last_position_UTC": "2025-12-06T09:32:00Z"
      },
      {
        "lat": 2.4794884,
        "lon": 101.53849,
        "speed": 9.1,
        "course": 130,
        "heading": 130,
        "destination": "SGSIN PWBGA",
        "last_position_epoch": 1765011840,
        "last_position_UTC": "2025-12-06T09:04:00Z"
      },
      {
        "lat": 2.5240116,
        "lon": 101.48252,
        "speed": 8.6,
        "course": 123,
        "heading": 124,
        "destination": "SGSIN PWBGA",
        "last_position_epoch": 1765010100,
        "last_position_UTC": "2025-12-06T08:35:00Z"
      },
      {
        "lat": 2.5707734,
        "lon": 101.42094,
        "speed": 9,
        "course": 129,
        "heading": 129,
        "destination": "SGSIN PWBGA",
        "last_position_epoch": 1765008180,
        "last_position_UTC": "2025-12-06T08:03:00Z"
      },
      {
        "lat": 2.6179533,
        "lon": 101.34174,
        "speed": 8.6,
        "course": 119,
        "heading": 118,
        "destination": "SGSIN PWBGA",
        "last_position_epoch": 1765006260,
        "last_position_UTC": "2025-12-06T07:31:00Z"
      },
      {
        "lat": 2.6507215,
        "lon": 101.28401,
        "speed": 8.5,
        "course": 120,
        "heading": 121,
        "destination": "SGSIN PWBGA",
        "last_position_epoch": 1765004640,
        "last_position_UTC": "2025-12-06T07:04:00Z"
      },
      {
        "lat": 2.6795316,
        "lon": 101.23268,
        "speed": 8,
        "course": 117,
        "heading": 122,
        "destination": "SGSIN PWBGA",
        "last_position_epoch": 1765002960,
        "last_position_UTC": "2025-12-06T06:36:00Z"
      },
      {
        "lat": 2.7141533,
        "lon": 101.16596,
        "speed": 8.1,
        "course": 117,
        "heading": 120,
        "destination": "SGSIN PWBGA",
        "last_position_epoch": 1765001280,
        "last_position_UTC": "2025-12-06T06:08:00Z"
      },
      {
        "lat": 2.7458899,
        "lon": 101.10548,
        "speed": 7.8,
        "course": 117,
        "heading": 120,
        "destination": "SGSIN PWBGA",
        "last_position_epoch": 1764999240,
        "last_position_UTC": "2025-12-06T05:34:00Z"
      },
      {
        "lat": 2.7697716,
        "lon": 101.06066,
        "speed": 8,
        "course": 117,
        "heading": 118,
        "destination": "SGSIN PWBGA",
        "last_position_epoch": 1764997620,
        "last_position_UTC": "2025-12-06T05:07:00Z"
      },
      {
        "lat": 2.8165851,
        "lon": 100.98031,
        "speed": 7.9,
        "course": 135,
        "heading": 133,
        "destination": "SGSIN PWBGA",
        "last_position_epoch": 1764995640,
        "last_position_UTC": "2025-12-06T04:34:00Z"
      },
      {
        "lat": 2.8522568,
        "lon": 100.94406,
        "speed": 7.4,
        "course": 131,
        "heading": 131,
        "destination": "SGSIN PWBGA",
        "last_position_epoch": 1764993660,
        "last_position_UTC": "2025-12-06T04:01:00Z"
      },
      {
        "lat": 2.8947582,
        "lon": 100.9002,
        "speed": 7.3,
        "course": 136,
        "heading": 133,
        "destination": "SGSIN PWBGA",
        "last_position_epoch": 1764991920,
        "last_position_UTC": "2025-12-06T03:32:00Z"
      },
      {
        "lat": 2.9418933,
        "lon": 100.84917,
        "speed": 7.5,
        "course": 131,
        "heading": 132,
        "destination": "SGSIN PWBGA",
        "last_position_epoch": 1764990420,
        "last_position_UTC": "2025-12-06T03:07:00Z"
      },
      {
        "lat": 2.98298,
        "lon": 100.79942,
        "speed": 8,
        "course": 130,
        "heading": 132,
        "destination": "SGSIN PWBGA",
        "last_position_epoch": 1764988320,
        "last_position_UTC": "2025-12-06T02:32:00Z"
      },
      {
        "lat": 3.0404716,
        "lon": 100.73683,
        "speed": 9.1,
        "course": 127,
        "heading": 131,
        "destination": "SGSIN PWBGA",
        "last_position_epoch": 1764986580,
        "last_position_UTC": "2025-12-06T02:03:00Z"
      },
      {
        "lat": 3.0801084,
        "lon": 100.68689,
        "speed": 8.8,
        "course": 130,
        "heading": 133,
        "destination": "SGSIN PWBGA",
        "last_position_epoch": 1764984780,
        "last_position_UTC": "2025-12-06T01:33:00Z"
      },
      {
        "lat": 3.1258767,
        "lon": 100.63236,
        "speed": 9.1,
        "course": 129,
        "heading": 133,
        "destination": "SGSIN PWBGA",
        "last_position_epoch": 1764982980,
        "last_position_UTC": "2025-12-06T01:03:00Z"
      },
      {
        "lat": 3.1835318,
        "lon": 100.56331,
        "speed": 9.1,
        "course": 127,
        "heading": 132,
        "destination": "SGSIN PWBGA",
        "last_position_epoch": 1764981000,
        "last_position_UTC": "2025-12-06T00:30:00Z"
      },
      {
        "lat": 3.2323949,
        "lon": 100.50253,
        "speed": 9.6,
        "course": 129,
        "heading": 132,
        "destination": "SGSIN PWBGA",
        "last_position_epoch": 1764979260,
        "last_position_UTC": "2025-12-06T00:01:00Z"
      },
      {
        "lat": 3.2763083,
        "lon": 100.44857,
        "speed": 10.1,
        "course": 129,
        "heading": 131,
        "destination": "SGSIN PWBGA",
        "last_position_epoch": 1764977520,
        "last_position_UTC": "2025-12-05T23:32:00Z"
      },
      {
        "lat": 3.3315101,
        "lon": 100.3811,
        "speed": 10.5,
        "course": 128,
        "heading": 130,
        "destination": "SGSIN PWBGA",
        "last_position_epoch": 1764975840,
        "last_position_UTC": "2025-12-05T23:04:00Z"
      },
      {
        "lat": 3.3944483,
        "lon": 100.30416,
        "speed": 10.8,
        "course": 128,
        "heading": null,
        "destination": "SGSIN PWBGA",
        "last_position_epoch": 1764973920,
        "last_position_UTC": "2025-12-05T22:32:00Z"
      },
      {
        "lat": 3.4545851,
        "lon": 100.22704,
        "speed": 11.3,
        "course": 127,
        "heading": 130,
        "destination": "SGSIN PWBGA",
        "last_position_epoch": 1764971940,
        "last_position_UTC": "2025-12-05T21:59:00Z"
      },
      {
        "lat": 3.515285,
        "lon": 100.1532,
        "speed": 11.6,
        "course": 129,
        "heading": 131,
        "destination": "SGSIN PWBGA",
        "last_position_epoch": 1764970380,
        "last_position_UTC": "2025-12-05T21:33:00Z"
      },
      {
        "lat": 3.5680716,
        "lon": 100.09052,
        "speed": 11.8,
        "course": 130,
        "heading": 131,
        "destination": "SGSIN PWBGA",
        "last_position_epoch": 1764968400,
        "last_position_UTC": "2025-12-05T21:00:00Z"
      },
      {
        "lat": 3.6243784,
        "lon": 100.00675,
        "speed": 12.1,
        "course": 119,
        "heading": 120,
        "destination": "SGSIN PWBGA",
        "last_position_epoch": 1764966660,
        "last_position_UTC": "2025-12-05T20:31:00Z"
      },
      {
        "lat": 3.6837516,
        "lon": 99.905128,
        "speed": 12,
        "course": 119,
        "heading": 118,
        "destination": "SGSIN PWBGA",
        "last_position_epoch": 1764964800,
        "last_position_UTC": "2025-12-05T20:00:00Z"
      },
      {
        "lat": 3.731945,
        "lon": 99.820801,
        "speed": 12.1,
        "course": 120,
        "heading": 119,
        "destination": "SGSIN PWBGA",
        "last_position_epoch": 1764963120,
        "last_position_UTC": "2025-12-05T19:32:00Z"
      },
      {
        "lat": 3.7960865,
        "lon": 99.739319,
        "speed": 12.3,
        "course": 144,
        "heading": 146,
        "destination": "SGSIN PWBGA",
        "last_position_epoch": 1764961380,
        "last_position_UTC": "2025-12-05T19:03:00Z"
      },
      {
        "lat": 3.8578916,
        "lon": 99.688171,
        "speed": 11.6,
        "course": 135,
        "heading": 135,
        "destination": "SGSIN PWBGA",
        "last_position_epoch": 1764959640,
        "last_position_UTC": "2025-12-05T18:34:00Z"
      },
      {
        "lat": 3.9168684,
        "lon": 99.613503,
        "speed": 12.1,
        "course": 126,
        "heading": 125,
        "destination": "SGSIN PWBGA",
        "last_position_epoch": 1764957780,
        "last_position_UTC": "2025-12-05T18:03:00Z"
      },
      {
        "lat": 3.9805117,
        "lon": 99.526428,
        "speed": 12,
        "course": 125,
        "heading": 125,
        "destination": "SGSIN PWBGA",
        "last_position_epoch": 1764955920,
        "last_position_UTC": "2025-12-05T17:32:00Z"
      },
      {
        "lat": 4.0631652,
        "lon": 99.448296,
        "speed": 11.6,
        "course": 150,
        "heading": 151,
        "destination": "SGSIN PWBGA",
        "last_position_epoch": 1764954180,
        "last_position_UTC": "2025-12-05T17:03:00Z"
      },
      {
        "lat": 4.1229968,
        "lon": 99.395157,
        "speed": 11.5,
        "course": 128,
        "heading": 127,
        "destination": "SGSIN PWBGA",
        "last_position_epoch": 1764952140,
        "last_position_UTC": "2025-12-05T16:29:00Z"
      },
      {
        "lat": 4.2016535,
        "lon": 99.293373,
        "speed": 11.1,
        "course": 128,
        "heading": 128,
        "destination": "SGSIN PWBGA",
        "last_position_epoch": 1764950340,
        "last_position_UTC": "2025-12-05T15:59:00Z"
      },
      {
        "lat": 4.2401733,
        "lon": 99.245537,
        "speed": 11.1,
        "course": 129,
        "heading": 127,
        "destination": "SGSIN PWBGA",
        "last_position_epoch": 1764948660,
        "last_position_UTC": "2025-12-05T15:31:00Z"
      },
      {
        "lat": 4.3000784,
        "lon": 99.171562,
        "speed": 10.8,
        "course": 131,
        "heading": 130,
        "destination": "SGSIN PWBGA",
        "last_position_epoch": 1764946980,
        "last_position_UTC": "2025-12-05T15:03:00Z"
      },
      {
        "lat": 4.3792481,
        "lon": 99.111519,
        "speed": 10.8,
        "course": 144,
        "heading": 145,
        "destination": "SGSIN PWBGA",
        "last_position_epoch": 1764945120,
        "last_position_UTC": "2025-12-05T14:32:00Z"
      },
      {
        "lat": 4.4401417,
        "lon": 99.040215,
        "speed": 10.8,
        "course": 127,
        "heading": 128,
        "destination": "SGSIN PWBGA",
        "last_position_epoch": 1764943320,
        "last_position_UTC": "2025-12-05T14:02:00Z"
      },
      {
        "lat": 4.4955416,
        "lon": 98.963379,
        "speed": 10.6,
        "course": 122,
        "heading": 124,
        "destination": "SGSIN PWBGA",
        "last_position_epoch": 1764941460,
        "last_position_UTC": "2025-12-05T13:31:00Z"
      },
      {
        "lat": 4.5446301,
        "lon": 98.88913,
        "speed": 10.3,
        "course": 123,
        "heading": 125,
        "destination": "SGSIN PWBGA",
        "last_position_epoch": 1764939780,
        "last_position_UTC": "2025-12-05T13:03:00Z"
      },
      {
        "lat": 4.5806298,
        "lon": 98.83728,
        "speed": 10.3,
        "course": 125,
        "heading": 125,
        "destination": "SGSIN PWBGA",
        "last_position_epoch": 1764937860,
        "last_position_UTC": "2025-12-05T12:31:00Z"
      },
      {
        "lat": 4.6366048,
        "lon": 98.767174,
        "speed": 10.5,
        "course": 130,
        "heading": 129,
        "destination": "SGSIN PWBGA",
        "last_position_epoch": 1764936180,
        "last_position_UTC": "2025-12-05T12:03:00Z"
      },
      {
        "lat": 4.697155,
        "lon": 98.698631,
        "speed": 10.5,
        "course": 128,
        "heading": 128,
        "destination": "SGSIN PWBGA",
        "last_position_epoch": 1764934380,
        "last_position_UTC": "2025-12-05T11:33:00Z"
      },
      {
        "lat": 4.7494249,
        "lon": 98.623085,
        "speed": 10.5,
        "course": 126,
        "heading": 126,
        "destination": "SGSIN PWBGA",
        "last_position_epoch": 1764932580,
        "last_position_UTC": "2025-12-05T11:03:00Z"
      },
      {
        "lat": 4.8147898,
        "lon": 98.540024,
        "speed": 10.6,
        "course": 128,
        "heading": 128,
        "destination": "SGSIN PWBGA",
        "last_position_epoch": 1764930660,
        "last_position_UTC": "2025-12-05T10:31:00Z"
      },
      {
        "lat": 4.9365668,
        "lon": 98.415169,
        "speed": 11,
        "course": 131,
        "heading": 131,
        "destination": "SGSIN PWBGA",
        "last_position_epoch": 1764926880,
        "last_position_UTC": "2025-12-05T09:28:00Z"
      },
      {
        "lat": 5.0594115,
        "lon": 98.264824,
        "speed": 10.8,
        "course": 129,
        "heading": 128,
        "destination": "SGSIN PWBGA",
        "last_position_epoch": 1764923640,
        "last_position_UTC": "2025-12-05T08:34:00Z"
      },
      {
        "lat": 5.0961432,
        "lon": 98.219894,
        "speed": 9.6,
        "course": 128,
        "heading": 128,
        "destination": "SGSIN PWBGA",
        "last_position_epoch": 1764921780,
        "last_position_UTC": "2025-12-05T08:03:00Z"
      },
      {
        "lat": 5.1564069,
        "lon": 98.138481,
        "speed": 8.8,
        "course": 125,
        "heading": 124,
        "destination": "SGSIN PWBGA",
        "last_position_epoch": 1764919920,
        "last_position_UTC": "2025-12-05T07:32:00Z"
      },
      {
        "lat": 5.20016,
        "lon": 98.080017,
        "speed": 8.1,
        "course": 128,
        "heading": 128,
        "destination": "SGSIN PWBGA",
        "last_position_epoch": 1764918120,
        "last_position_UTC": "2025-12-05T07:02:00Z"
      },
      {
        "lat": 5.3188281,
        "lon": 97.929916,
        "speed": 11.1,
        "course": 124,
        "heading": 125,
        "destination": "SGSIN PWBGA",
        "last_position_epoch": 1764914640,
        "last_position_UTC": "2025-12-05T06:04:00Z"
      },
      {
        "lat": 5.3591566,
        "lon": 97.863449,
        "speed": 10.8,
        "course": 118,
        "heading": 118,
        "destination": "SGSIN PWBGA",
        "last_position_epoch": 1764912900,
        "last_position_UTC": "2025-12-05T05:35:00Z"
      },
      {
        "lat": 5.5417132,
        "lon": 97.494492,
        "speed": 11.6,
        "course": 102,
        "heading": 106,
        "destination": "SGSIN PWBGA",
        "last_position_epoch": 1764904740,
        "last_position_UTC": "2025-12-05T03:19:00Z"
      },
      {
        "lat": 5.548265,
        "lon": 97.436653,
        "speed": 11.3,
        "course": 96,
        "heading": 97,
        "destination": "SGSIN PWBGA",
        "last_position_epoch": 1764903780,
        "last_position_UTC": "2025-12-05T03:03:00Z"
      },
      {
        "lat": 5.55651,
        "lon": 97.35363,
        "speed": 11.1,
        "course": 95,
        "heading": 96,
        "destination": "SGSIN PWBGA",
        "last_position_epoch": 1764902340,
        "last_position_UTC": "2025-12-05T02:39:00Z"
      },
      {
        "lat": 5.5661602,
        "lon": 97.24205,
        "speed": 10.8,
        "course": 94,
        "heading": 97,
        "destination": "SGSIN PWBGA",
        "last_position_epoch": 1764900360,
        "last_position_UTC": "2025-12-05T02:06:00Z"
      },
      {
        "lat": 5.5722132,
        "lon": 97.17662,
        "speed": 10.6,
        "course": 95,
        "heading": 97,
        "destination": "SGSIN PWBGA",
        "last_position_epoch": 1764898620,
        "last_position_UTC": "2025-12-05T01:37:00Z"
      },
      {
        "lat": 5.6082568,
        "lon": 97.06147,
        "speed": 11.1,
        "course": 120,
        "heading": 118,
        "destination": "SGSIN PWBGA",
        "last_position_epoch": 1764896580,
        "last_position_UTC": "2025-12-05T01:03:00Z"
      },
      {
        "lat": 5.6497631,
        "lon": 96.975845,
        "speed": 11.1,
        "course": 107,
        "heading": 105,
        "destination": "SGSIN PWBGA",
        "last_position_epoch": 1764894840,
        "last_position_UTC": "2025-12-05T00:34:00Z"
      },
      {
        "lat": 5.6776032,
        "lon": 96.882828,
        "speed": 11.1,
        "course": 103,
        "heading": 102,
        "destination": "SGSIN PWBGA",
        "last_position_epoch": 1764893040,
        "last_position_UTC": "2025-12-05T00:04:00Z"
      },
      {
        "lat": 5.6913486,
        "lon": 96.821106,
        "speed": 11.3,
        "course": 98,
        "heading": 98,
        "destination": "SGSIN PWBGA",
        "last_position_epoch": 1764891300,
        "last_position_UTC": "2025-12-04T23:35:00Z"
      },
      {
        "lat": 5.6992617,
        "lon": 96.712616,
        "speed": 10.8,
        "course": 92,
        "heading": 91,
        "destination": "SGSIN PWBGA",
        "last_position_epoch": 1764889620,
        "last_position_UTC": "2025-12-04T23:07:00Z"
      },
      {
        "lat": 5.7102518,
        "lon": 96.64225,
        "speed": 11.1,
        "course": 106,
        "heading": 106,
        "destination": "SGSIN PWBGA",
        "last_position_epoch": 1764887820,
        "last_position_UTC": "2025-12-04T22:37:00Z"
      },
      {
        "lat": 5.7408981,
        "lon": 96.539314,
        "speed": 10.8,
        "course": 103,
        "heading": 106,
        "destination": "SGSIN PWBGA",
        "last_position_epoch": 1764885780,
        "last_position_UTC": "2025-12-04T22:03:00Z"
      },
      {
        "lat": 5.7619052,
        "lon": 96.459877,
        "speed": 10.6,
        "course": 111,
        "heading": 113,
        "destination": "SGSIN PWBGA",
        "last_position_epoch": 1764884040,
        "last_position_UTC": "2025-12-04T21:34:00Z"
      },
      {
        "lat": 5.7977667,
        "lon": 96.360695,
        "speed": 11.1,
        "course": 106,
        "heading": 109,
        "destination": "SGSIN PWBGA",
        "last_position_epoch": 1764882540,
        "last_position_UTC": "2025-12-04T21:09:00Z"
      },
      {
        "lat": 5.8176484,
        "lon": 96.294594,
        "speed": 11.1,
        "course": 106,
        "heading": 109,
        "destination": "SGSIN PWBGA",
        "last_position_epoch": 1764880560,
        "last_position_UTC": "2025-12-04T20:36:00Z"
      },
      {
        "lat": 5.8519216,
        "lon": 96.15918,
        "speed": 11.1,
        "course": 105,
        "heading": 108,
        "destination": "SGSIN PWBGA",
        "last_position_epoch": 1764878280,
        "last_position_UTC": "2025-12-04T19:58:00Z"
      },
      {
        "lat": 5.8850918,
        "lon": 96.040375,
        "speed": 11.1,
        "course": 96,
        "heading": 97,
        "destination": "SGSIN PWBGA",
        "last_position_epoch": 1764876420,
        "last_position_UTC": "2025-12-04T19:27:00Z"
      },
      {
        "lat": 5.89327,
        "lon": 95.940269,
        "speed": 11,
        "course": 96,
        "heading": 99,
        "destination": "SGSIN PWBGA",
        "last_position_epoch": 1764874020,
        "last_position_UTC": "2025-12-04T18:47:00Z"
      },
      {
        "lat": 5.8970933,
        "lon": 95.908424,
        "speed": 11.1,
        "course": 97,
        "heading": 99,
        "destination": "SGSIN PWBGA",
        "last_position_epoch": 1764873000,
        "last_position_UTC": "2025-12-04T18:30:00Z"
      },
      {
        "lat": 5.9091702,
        "lon": 95.821983,
        "speed": 11,
        "course": 99,
        "heading": 99,
        "destination": "SGSIN PWBGA",
        "last_position_epoch": 1764871320,
        "last_position_UTC": "2025-12-04T18:02:00Z"
      },
      {
        "lat": 5.9199219,
        "lon": 95.722786,
        "speed": 11,
        "course": 95,
        "heading": 97,
        "destination": "SGSIN PWBGA",
        "last_position_epoch": 1764869580,
        "last_position_UTC": "2025-12-04T17:33:00Z"
      },
      {
        "lat": 5.9318533,
        "lon": 95.640297,
        "speed": 11.1,
        "course": 100,
        "heading": 102,
        "destination": "SGSIN PWBGA",
        "last_position_epoch": 1764867720,
        "last_position_UTC": "2025-12-04T17:02:00Z"
      },
      {
        "lat": 5.9544468,
        "lon": 95.538666,
        "speed": 11.3,
        "course": 102,
        "heading": 103,
        "destination": "SGSIN PWBGA",
        "last_position_epoch": 1764865980,
        "last_position_UTC": "2025-12-04T16:33:00Z"
      },
      {
        "lat": 5.9720802,
        "lon": 95.445023,
        "speed": 11.3,
        "course": 94,
        "heading": 94,
        "destination": "SGSIN PWBGA",
        "last_position_epoch": 1764864120,
        "last_position_UTC": "2025-12-04T16:02:00Z"
      },
      {
        "lat": 5.9685202,
        "lon": 95.352943,
        "speed": 11.3,
        "course": 80,
        "heading": 82,
        "destination": "SGSIN PWBGA",
        "last_position_epoch": 1764862320,
        "last_position_UTC": "2025-12-04T15:32:00Z"
      },
      {
        "lat": 5.9574418,
        "lon": 95.268219,
        "speed": 11.1,
        "course": 86,
        "heading": 87,
        "destination": "SGSIN PWBGA",
        "last_position_epoch": 1764860580,
        "last_position_UTC": "2025-12-04T15:03:00Z"
      },
      {
        "lat": 5.9514151,
        "lon": 95.174423,
        "speed": 11.1,
        "course": 86,
        "heading": 86,
        "destination": "SGSIN PWBGA",
        "last_position_epoch": 1764858840,
        "last_position_UTC": "2025-12-04T14:34:00Z"
      },
      {
        "lat": 5.9392748,
        "lon": 95.072151,
        "speed": 11,
        "course": 79,
        "heading": 78,
        "destination": "SGSIN PWBGA",
        "last_position_epoch": 1764856980,
        "last_position_UTC": "2025-12-04T14:03:00Z"
      },
      {
        "lat": 5.9232883,
        "lon": 94.988388,
        "speed": 11,
        "course": 78,
        "heading": 77,
        "destination": "SGSIN PWBGA",
        "last_position_epoch": 1764855060,
        "last_position_UTC": "2025-12-04T13:31:00Z"
      },
      {
        "lat": 5.9120851,
        "lon": 94.876236,
        "speed": 11.3,
        "course": 72,
        "heading": 76,
        "destination": "SGSIN PWBGA",
        "last_position_epoch": 1764853320,
        "last_position_UTC": "2025-12-04T13:02:00Z"
      },
      {
        "lat": 5.8825598,
        "lon": 94.799812,
        "speed": 10.6,
        "course": 67,
        "heading": 69,
        "destination": "SGSIN PWBGA",
        "last_position_epoch": 1764851460,
        "last_position_UTC": "2025-12-04T12:31:00Z"
      },
      {
        "lat": 5.84025,
        "lon": 94.701767,
        "speed": 10.3,
        "course": 67,
        "heading": 67,
        "destination": "SGSIN PWBGA",
        "last_position_epoch": 1764849660,
        "last_position_UTC": "2025-12-04T12:01:00Z"
      },
      {
        "lat": 5.8148532,
        "lon": 94.64415,
        "speed": 10.6,
        "course": 65,
        "heading": 67,
        "destination": "SGSIN PWBGA",
        "last_position_epoch": 1764847920,
        "last_position_UTC": "2025-12-04T11:32:00Z"
      },
      {
        "lat": 5.7710319,
        "lon": 94.568825,
        "speed": 10.1,
        "course": 57,
        "heading": 60,
        "destination": "SGSIN PWBGA",
        "last_position_epoch": 1764846180,
        "last_position_UTC": "2025-12-04T11:03:00Z"
      },
      {
        "lat": 5.7130499,
        "lon": 94.477051,
        "speed": 9.6,
        "course": 57,
        "heading": 59,
        "destination": "SGSIN PWBGA",
        "last_position_epoch": 1764844320,
        "last_position_UTC": "2025-12-04T10:32:00Z"
      },
      {
        "lat": 5.6745701,
        "lon": 94.41256,
        "speed": 9.8,
        "course": 59,
        "heading": 59,
        "destination": "SGSIN PWBGA",
        "last_position_epoch": 1764842460,
        "last_position_UTC": "2025-12-04T10:01:00Z"
      },
      {
        "lat": 5.6254249,
        "lon": 94.327896,
        "speed": 10.6,
        "course": 59,
        "heading": 60,
        "destination": "SGSIN PWBGA",
        "last_position_epoch": 1764840720,
        "last_position_UTC": "2025-12-04T09:32:00Z"
      },
      {
        "lat": 5.5853186,
        "lon": 94.258553,
        "speed": 11.3,
        "course": 59,
        "heading": 61,
        "destination": "SGSIN PWBGA",
        "last_position_epoch": 1764838860,
        "last_position_UTC": "2025-12-04T09:01:00Z"
      },
      {
        "lat": 5.5393267,
        "lon": 94.183685,
        "speed": 11.5,
        "course": 57,
        "heading": 60,
        "destination": "SGSIN PWBGA",
        "last_position_epoch": 1764837120,
        "last_position_UTC": "2025-12-04T08:32:00Z"
      },
      {
        "lat": 5.4615984,
        "lon": 94.060608,
        "speed": 11.3,
        "course": 58,
        "heading": 60,
        "destination": "SGSIN PWBGA",
        "last_position_epoch": 1764835320,
        "last_position_UTC": "2025-12-04T08:02:00Z"
      },
      {
        "lat": 5.4451251,
        "lon": 94.03347,
        "speed": 11.1,
        "course": 59,
        "heading": 61,
        "destination": "SGSIN PWBGA",
        "last_position_epoch": 1764833762,
        "last_position_UTC": "2025-12-04T07:36:02Z"
      },
      {
        "lat": 5.3778381,
        "lon": 93.919617,
        "speed": 11.1,
        "course": 58,
        "heading": 61,
        "destination": "SGSIN PWBGA",
        "last_position_epoch": 1764831720,
        "last_position_UTC": "2025-12-04T07:02:00Z"
      },
      {
        "lat": 5.32972,
        "lon": 93.837624,
        "speed": 10.8,
        "course": 60,
        "heading": 61,
        "destination": "SGSIN PWBGA",
        "last_position_epoch": 1764829980,
        "last_position_UTC": "2025-12-04T06:33:00Z"
      },
      {
        "lat": 5.2993016,
        "lon": 93.78289,
        "speed": 10.1,
        "course": 61,
        "heading": 62,
        "destination": "SGSIN PWBGA",
        "last_position_epoch": 1764828240,
        "last_position_UTC": "2025-12-04T06:04:00Z"
      },
      {
        "lat": 5.2545633,
        "lon": 93.709084,
        "speed": 10.3,
        "course": 58,
        "heading": 59,
        "destination": "SGSIN PWBGA",
        "last_position_epoch": 1764826440,
        "last_position_UTC": "2025-12-04T05:34:00Z"
      },
      {
        "lat": 5.2067251,
        "lon": 93.630341,
        "speed": 10.6,
        "course": 59,
        "heading": 61,
        "destination": "SGSIN PWBGA",
        "last_position_epoch": 1764824580,
        "last_position_UTC": "2025-12-04T05:03:00Z"
      },
      {
        "lat": 5.1784101,
        "lon": 93.528152,
        "speed": 10.6,
        "course": 88,
        "heading": 89,
        "destination": "SGSIN PWBGA",
        "last_position_epoch": 1764822780,
        "last_position_UTC": "2025-12-04T04:33:00Z"
      },
      {
        "lat": 5.149065,
        "lon": 93.466225,
        "speed": 10.8,
        "course": 54,
        "heading": 57,
        "destination": "SGSIN PWBGA",
        "last_position_epoch": 1764820920,
        "last_position_UTC": "2025-12-04T04:02:00Z"
      },
      {
        "lat": 5.0991902,
        "lon": 93.38903,
        "speed": 10.6,
        "course": 54,
        "heading": 57,
        "destination": "SGSIN PWBGA",
        "last_position_epoch": 1764819120,
        "last_position_UTC": "2025-12-04T03:32:00Z"
      },
      {
        "lat": 5.0447898,
        "lon": 93.311287,
        "speed": 10.6,
        "course": 55,
        "heading": 57,
        "destination": "SGSIN PWBGA",
        "last_position_epoch": 1764817620,
        "last_position_UTC": "2025-12-04T03:07:00Z"
      },
      {
        "lat": 5.0130568,
        "lon": 93.258049,
        "speed": 10.3,
        "course": 60,
        "heading": 62,
        "destination": "SGSIN PWBGA",
        "last_position_epoch": 1764815940,
        "last_position_UTC": "2025-12-04T02:39:00Z"
      },
      {
        "lat": 4.953835,
        "lon": 93.148041,
        "speed": 10.3,
        "course": 62,
        "heading": 63,
        "destination": "SGSIN PWBGA",
        "last_position_epoch": 1764813960,
        "last_position_UTC": "2025-12-04T02:06:00Z"
      },
      {
        "lat": 4.9243035,
        "lon": 93.092781,
        "speed": 10.6,
        "course": 61,
        "heading": 60,
        "destination": "SGSIN PWBGA",
        "last_position_epoch": 1764812160,
        "last_position_UTC": "2025-12-04T01:36:00Z"
      },
      {
        "lat": 4.8696952,
        "lon": 92.995331,
        "speed": 10.5,
        "course": 59,
        "heading": 61,
        "destination": "SGSIN PWBGA",
        "last_position_epoch": 1764810060,
        "last_position_UTC": "2025-12-04T01:01:00Z"
      },
      {
        "lat": 4.8244033,
        "lon": 92.919128,
        "speed": 10.3,
        "course": 59,
        "heading": 61,
        "destination": "SGSIN PWBGA",
        "last_position_epoch": 1764808440,
        "last_position_UTC": "2025-12-04T00:34:00Z"
      },
      {
        "lat": 4.6817899,
        "lon": 92.692123,
        "speed": 9.6,
        "course": 57,
        "heading": 58,
        "destination": "SGSIN PWBGA",
        "last_position_epoch": 1764802440,
        "last_position_UTC": "2025-12-03T22:54:00Z"
      },
      {
        "lat": 4.2505002,
        "lon": 91.97821,
        "speed": 10.1,
        "course": 59,
        "heading": 55,
        "destination": "SGSIN PWBGA",
        "last_position_epoch": 1764784860,
        "last_position_UTC": "2025-12-03T18:01:00Z"
      },
      {
        "lat": 4.1877031,
        "lon": 91.869507,
        "speed": 10.3,
        "course": 60,
        "heading": 54,
        "destination": "SGSIN PWBGA",
        "last_position_epoch": 1764782340,
        "last_position_UTC": "2025-12-03T17:19:00Z"
      },
      {
        "lat": 4.1768131,
        "lon": 91.850151,
        "speed": 10.3,
        "course": 60,
        "heading": 55,
        "destination": "SGSIN PWBGA",
        "last_position_epoch": 1764781320,
        "last_position_UTC": "2025-12-03T17:02:00Z"
      },
      {
        "lat": 4.1279249,
        "lon": 91.761154,
        "speed": 10.6,
        "course": 61,
        "heading": 56,
        "destination": "SGSIN PWBGA",
        "last_position_epoch": 1764779520,
        "last_position_UTC": "2025-12-03T16:32:00Z"
      },
      {
        "lat": 3.9812434,
        "lon": 91.503799,
        "speed": 10.6,
        "course": 58,
        "heading": 55,
        "destination": "SGSIN PWBGA",
        "last_position_epoch": 1764773940,
        "last_position_UTC": "2025-12-03T14:59:00Z"
      },
      {
        "lat": 3.9492216,
        "lon": 91.450638,
        "speed": 10.6,
        "course": 59,
        "heading": 56,
        "destination": "SGSIN PWBGA",
        "last_position_epoch": 1764772200,
        "last_position_UTC": "2025-12-03T14:30:00Z"
      },
      {
        "lat": 3.90503,
        "lon": 91.375938,
        "speed": 10.6,
        "course": 60,
        "heading": 56,
        "destination": "SGSIN PWBGA",
        "last_position_epoch": 1764770520,
        "last_position_UTC": "2025-12-03T14:02:00Z"
      },
      {
        "lat": 3.7457983,
        "lon": 91.108185,
        "speed": 11.3,
        "course": 58,
        "heading": 57,
        "destination": "SGSIN PWBGA",
        "last_position_epoch": 1764764820,
        "last_position_UTC": "2025-12-03T12:27:00Z"
      },
      {
        "lat": 3.7070067,
        "lon": 91.043243,
        "speed": 11.3,
        "course": 59,
        "heading": 57,
        "destination": "SGSIN PWBGA",
        "last_position_epoch": 1764763380,
        "last_position_UTC": "2025-12-03T12:03:00Z"
      },
      {
        "lat": 3.6523433,
        "lon": 90.947617,
        "speed": 11,
        "course": 61,
        "heading": 58,
        "destination": "SGSIN PWBGA",
        "last_position_epoch": 1764760740,
        "last_position_UTC": "2025-12-03T11:19:00Z"
      },
      {
        "lat": 3.6078351,
        "lon": 90.862053,
        "speed": 11.3,
        "course": 62,
        "heading": 60,
        "destination": "SGSIN PWBGA",
        "last_position_epoch": 1764759000,
        "last_position_UTC": "2025-12-03T10:50:00Z"
      },
      {
        "lat": 3.4069884,
        "lon": 90.524574,
        "speed": 11.5,
        "course": 59,
        "heading": null,
        "destination": "SGSIN PWBGA",
        "last_position_epoch": 1764752040,
        "last_position_UTC": "2025-12-03T08:54:00Z"
      },
      {
        "lat": 3.1656983,
        "lon": 90.124725,
        "speed": 11.6,
        "course": 60,
        "heading": 58,
        "destination": "SGSIN PWBGA",
        "last_position_epoch": 1764743220,
        "last_position_UTC": "2025-12-03T06:27:00Z"
      },
      {
        "lat": 2.8631151,
        "lon": 89.617577,
        "speed": 11.6,
        "course": 58,
        "heading": 56,
        "destination": "SGSIN PWBGA",
        "last_position_epoch": 1764732300,
        "last_position_UTC": "2025-12-03T03:25:00Z"
      },
      {
        "lat": 2.8282733,
        "lon": 89.558319,
        "speed": 11.8,
        "course": 59,
        "heading": 57,
        "destination": "SGSIN PWBGA",
        "last_position_epoch": 1764730920,
        "last_position_UTC": "2025-12-03T03:02:00Z"
      },
      {
        "lat": 2.7786133,
        "lon": 89.473122,
        "speed": 11.8,
        "course": 59,
        "heading": 59,
        "destination": "SGSIN PWBGA",
        "last_position_epoch": 1764729480,
        "last_position_UTC": "2025-12-03T02:38:00Z"
      },
      {
        "lat": 2.7256334,
        "lon": 89.380203,
        "speed": 11.6,
        "course": 61,
        "heading": 61,
        "destination": "SGSIN PWBGA",
        "last_position_epoch": 1764727560,
        "last_position_UTC": "2025-12-03T02:06:00Z"
      },
      {
        "lat": 2.6822033,
        "lon": 89.302917,
        "speed": 11.5,
        "course": 60,
        "heading": 61,
        "destination": "SGSIN PWBGA",
        "last_position_epoch": 1764725580,
        "last_position_UTC": "2025-12-03T01:33:00Z"
      },
      {
        "lat": 2.6236517,
        "lon": 89.202225,
        "speed": 11.6,
        "course": 58,
        "heading": 61,
        "destination": "SGSIN PWBGA",
        "last_position_epoch": 1764723900,
        "last_position_UTC": "2025-12-03T01:05:00Z"
      },
      {
        "lat": 2.5696917,
        "lon": 89.11132,
        "speed": 11.6,
        "course": 58,
        "heading": 62,
        "destination": "SGSIN PWBGA",
        "last_position_epoch": 1764721920,
        "last_position_UTC": "2025-12-03T00:32:00Z"
      },
      {
        "lat": 2.5329649,
        "lon": 89.048729,
        "speed": 11.6,
        "course": 60,
        "heading": 62,
        "destination": "SGSIN PWBGA",
        "last_position_epoch": 1764720240,
        "last_position_UTC": "2025-12-03T00:04:00Z"
      },
      {
        "lat": 2.4740567,
        "lon": 88.948402,
        "speed": 11.6,
        "course": 59,
        "heading": 63,
        "destination": "SGSIN PWBGA",
        "last_position_epoch": 1764718380,
        "last_position_UTC": "2025-12-02T23:33:00Z"
      },
      {
        "lat": 2.4319668,
        "lon": 88.876625,
        "speed": 11.6,
        "course": 60,
        "heading": 62,
        "destination": "SGSIN PWBGA",
        "last_position_epoch": 1764716580,
        "last_position_UTC": "2025-12-02T23:03:00Z"
      },
      {
        "lat": 2.3738699,
        "lon": 88.778465,
        "speed": 11.6,
        "course": 59,
        "heading": 62,
        "destination": "SGSIN PWBGA",
        "last_position_epoch": 1764714840,
        "last_position_UTC": "2025-12-02T22:34:00Z"
      },
      {
        "lat": 2.3299882,
        "lon": 88.704948,
        "speed": 11.6,
        "course": 59,
        "heading": 63,
        "destination": "SGSIN PWBGA",
        "last_position_epoch": 1764712920,
        "last_position_UTC": "2025-12-02T22:02:00Z"
      },
      {
        "lat": 2.2859917,
        "lon": 88.627991,
        "speed": 11.6,
        "course": 60,
        "heading": 63,
        "destination": "SGSIN PWBGA",
        "last_position_epoch": 1764711120,
        "last_position_UTC": "2025-12-02T21:32:00Z"
      },
      {
        "lat": 2.2343082,
        "lon": 88.5392,
        "speed": 11.5,
        "course": 59,
        "heading": 64,
        "destination": "SGSIN PWBGA",
        "last_position_epoch": 1764709440,
        "last_position_UTC": "2025-12-02T21:04:00Z"
      },
      {
        "lat": 2.1807067,
        "lon": 88.447304,
        "speed": 11.5,
        "course": 59,
        "heading": 64,
        "destination": "SGSIN PWBGA",
        "last_position_epoch": 1764707580,
        "last_position_UTC": "2025-12-02T20:33:00Z"
      },
      {
        "lat": 2.1400149,
        "lon": 88.37748,
        "speed": 11.3,
        "course": 60,
        "heading": 63,
        "destination": "SGSIN PWBGA",
        "last_position_epoch": 1764705720,
        "last_position_UTC": "2025-12-02T20:02:00Z"
      },
      {
        "lat": 2.0851634,
        "lon": 88.284355,
        "speed": 11.3,
        "course": 59,
        "heading": 64,
        "destination": "SGSIN PWBGA",
        "last_position_epoch": 1764703860,
        "last_position_UTC": "2025-12-02T19:31:00Z"
      },
      {
        "lat": 2.0414917,
        "lon": 88.210701,
        "speed": 11.3,
        "course": 59,
        "heading": 64,
        "destination": "SGSIN PWBGA",
        "last_position_epoch": 1764702120,
        "last_position_UTC": "2025-12-02T19:02:00Z"
      },
      {
        "lat": 1.9914833,
        "lon": 88.125969,
        "speed": 11.1,
        "course": 59,
        "heading": 64,
        "destination": "SGSIN PWBGA",
        "last_position_epoch": 1764700260,
        "last_position_UTC": "2025-12-02T18:31:00Z"
      },
      {
        "lat": 1.939945,
        "lon": 88.037781,
        "speed": 11.3,
        "course": 59,
        "heading": 63,
        "destination": "SGSIN PWBGA",
        "last_position_epoch": 1764698640,
        "last_position_UTC": "2025-12-02T18:04:00Z"
      },
      {
        "lat": 1.8837583,
        "lon": 87.944481,
        "speed": 11.1,
        "course": 58,
        "heading": 62,
        "destination": "SGSIN PWBGA",
        "last_position_epoch": 1764696720,
        "last_position_UTC": "2025-12-02T17:32:00Z"
      },
      {
        "lat": 1.8278717,
        "lon": 87.857773,
        "speed": 11.1,
        "course": 55,
        "heading": 59,
        "destination": "SGSIN PWBGA",
        "last_position_epoch": 1764694320,
        "last_position_UTC": "2025-12-02T16:52:00Z"
      },
      {
        "lat": 1.7871534,
        "lon": 87.796593,
        "speed": 10.8,
        "course": 57,
        "heading": 59,
        "destination": "SGSIN PWBGA",
        "last_position_epoch": 1764693120,
        "last_position_UTC": "2025-12-02T16:32:00Z"
      },
      {
        "lat": 1.74953,
        "lon": 87.739632,
        "speed": 10.8,
        "course": 56,
        "heading": 58,
        "destination": "SGSIN PWBGA",
        "last_position_epoch": 1764691380,
        "last_position_UTC": "2025-12-02T16:03:00Z"
      },
      {
        "lat": 1.54994,
        "lon": 87.385384,
        "speed": 10.6,
        "course": 60,
        "heading": 65,
        "destination": "SGSIN PWBGA",
        "last_position_epoch": 1764683220,
        "last_position_UTC": "2025-12-02T13:47:00Z"
      },
      {
        "lat": 1.5142317,
        "lon": 87.322441,
        "speed": 10.8,
        "course": 61,
        "heading": 66,
        "destination": "SGSIN PWBGA",
        "last_position_epoch": 1764681960,
        "last_position_UTC": "2025-12-02T13:26:00Z"
      },
      {
        "lat": 1.4732417,
        "lon": 87.24929,
        "speed": 10.6,
        "course": 61,
        "heading": 66,
        "destination": "SGSIN PWBGA",
        "last_position_epoch": 1764680580,
        "last_position_UTC": "2025-12-02T13:03:00Z"
      },
      {
        "lat": 1.427205,
        "lon": 87.165283,
        "speed": 10.6,
        "course": 61,
        "heading": 66,
        "destination": "SGSIN PWBGA",
        "last_position_epoch": 1764678660,
        "last_position_UTC": "2025-12-02T12:31:00Z"
      },
      {
        "lat": -1.1110966,
        "lon": 82.907043,
        "speed": 11.5,
        "course": 58,
        "heading": null,
        "destination": "SGSIN PWBGA",
        "last_position_epoch": 1764580620,
        "last_position_UTC": "2025-12-01T09:17:00Z"
      },
      {
        "lat": -1.424735,
        "lon": 82.360367,
        "speed": 12.6,
        "course": 61,
        "heading": null,
        "destination": "SGSIN PWBGA",
        "last_position_epoch": 1764569880,
        "last_position_UTC": "2025-12-01T06:18:00Z"
      }
    ]
  },
  "meta": {
    "duration": 0.012844743,
    "endpoint": "/api/v0/vessel_history",
    "success": true
  }
}