{
  "data": {
    "uuid": "0f91199d-aa31-192f-057e-4d062e2e27c3",
    "name": "ONE FOCUS",
    "mmsi": "477907900",
    "imo": "9944792",
    "eni": null,
    "country_iso": "HK",
    "type": "Cargo - Hazard A (Major)",
    "type_specific": "Container Ship",
    "positions": [
      {
        "lat": 54.351448,
        "lon": 6.5889001,
        "speed": 1.8,
        "course": 15,
        "heading": 270,
        "destination": "DEHAM",
        "last_position_epoch": 1765030140,
        "last_position_UTC": "2025-12-06T14:09:00Z"
      },
      {
        "lat": 54.335312,
        "lon": 6.5807419,
        "speed": 2,
        "course": 15,
        "heading": 270,
        "destination": "DEHAM",
        "last_position_epoch": 1765028400,
        "last_position_UTC": "2025-12-06T13:40:00Z"
      },
      {
        "lat": 54.318314,
        "lon": 6.5757132,
        "speed": 2,
        "course": 0,
        "heading": 262,
        "destination": "DEHAM",
        "last_position_epoch": 1765026660,
        "last_position_UTC": "2025-12-06T13:11:00Z"
      },
      {
        "lat": 54.300907,
        "lon": 6.5798082,
        "speed": 1.2,
        "course": 321,
        "heading": 190,
        "destination": "DEHAM",
        "last_position_epoch": 1765024740,
        "last_position_UTC": "2025-12-06T12:39:00Z"
      },
      {
        "lat": 54.319408,
        "lon": 6.6074848,
        "speed": 5.3,
        "course": 215,
        "heading": 204,
        "destination": "DEHAM",
        "last_position_epoch": 1765023120,
        "last_position_UTC": "2025-12-06T12:12:00Z"
      },
      {
        "lat": 54.355801,
        "lon": 6.6502419,
        "speed": 5.1,
        "course": 215,
        "heading": 205,
        "destination": "DEHAM",
        "last_position_epoch": 1765021320,
        "last_position_UTC": "2025-12-06T11:42:00Z"
      },
      {
        "lat": 54.393425,
        "lon": 6.6908069,
        "speed": 5,
        "course": 210,
        "heading": 204,
        "destination": "DEHAM",
        "last_position_epoch": 1765019520,
        "last_position_UTC": "2025-12-06T11:12:00Z"
      },
      {
        "lat": 54.417698,
        "lon": 6.7151165,
        "speed": 4.9,
        "course": 208,
        "heading": 202,
        "destination": "DEHAM",
        "last_position_epoch": 1765017660,
        "last_position_UTC": "2025-12-06T10:41:00Z"
      },
      {
        "lat": 54.454094,
        "lon": 6.7480698,
        "speed": 4.9,
        "course": 206,
        "heading": 202,
        "destination": "DEHAM",
        "last_position_epoch": 1765015860,
        "last_position_UTC": "2025-12-06T10:11:00Z"
      },
      {
        "lat": 54.491192,
        "lon": 6.7784052,
        "speed": 4.8,
        "course": 204,
        "heading": 201,
        "destination": "DEHAM",
        "last_position_epoch": 1765014060,
        "last_position_UTC": "2025-12-06T09:41:00Z"
      },
      {
        "lat": 54.528271,
        "lon": 6.8128848,
        "speed": 4.8,
        "course": 209,
        "heading": 205,
        "destination": "DEHAM",
        "last_position_epoch": 1765012260,
        "last_position_UTC": "2025-12-06T09:11:00Z"
      },
      {
        "lat": 54.561913,
        "lon": 6.8437119,
        "speed": 4.4,
        "course": 208,
        "heading": 204,
        "destination": "DEHAM",
        "last_position_epoch": 1765010760,
        "last_position_UTC": "2025-12-06T08:46:00Z"
      },
      {
        "lat": 54.571247,
        "lon": 6.8549752,
        "speed": 2.5,
        "course": 49,
        "heading": 265,
        "destination": "DEHAM",
        "last_position_epoch": 1765008720,
        "last_position_UTC": "2025-12-06T08:12:00Z"
      },
      {
        "lat": 54.561695,
        "lon": 6.8373466,
        "speed": 2.2,
        "course": 48,
        "heading": 264,
        "destination": "DEHAM",
        "last_position_epoch": 1765006920,
        "last_position_UTC": "2025-12-06T07:42:00Z"
      },
      {
        "lat": 54.546902,
        "lon": 6.8134899,
        "speed": 2.4,
        "course": 41,
        "heading": 262,
        "destination": "DEHAM",
        "last_position_epoch": 1765005120,
        "last_position_UTC": "2025-12-06T07:12:00Z"
      },
      {
        "lat": 54.530582,
        "lon": 6.7907286,
        "speed": 2.4,
        "course": 37,
        "heading": 263,
        "destination": "DEHAM",
        "last_position_epoch": 1765003380,
        "last_position_UTC": "2025-12-06T06:43:00Z"
      },
      {
        "lat": 54.497898,
        "lon": 6.7570848,
        "speed": 2.2,
        "course": 21,
        "heading": 260,
        "destination": "DEHAM",
        "last_position_epoch": 1764999720,
        "last_position_UTC": "2025-12-06T05:42:00Z"
      },
      {
        "lat": 54.481655,
        "lon": 6.7483969,
        "speed": 2,
        "course": 11,
        "heading": 258,
        "destination": "DEHAM",
        "last_position_epoch": 1764998100,
        "last_position_UTC": "2025-12-06T05:15:00Z"
      },
      {
        "lat": 54.447235,
        "lon": 6.7418418,
        "speed": 1.8,
        "course": 359,
        "heading": 259,
        "destination": "DEHAM",
        "last_position_epoch": 1764994200,
        "last_position_UTC": "2025-12-06T04:10:00Z"
      },
      {
        "lat": 54.430119,
        "lon": 6.7419882,
        "speed": 1.8,
        "course": 4,
        "heading": 264,
        "destination": "DEHAM",
        "last_position_epoch": 1764992340,
        "last_position_UTC": "2025-12-06T03:39:00Z"
      },
      {
        "lat": 54.41357,
        "lon": 6.7400484,
        "speed": 2,
        "course": 4,
        "heading": 266,
        "destination": "DEHAM",
        "last_position_epoch": 1764990840,
        "last_position_UTC": "2025-12-06T03:14:00Z"
      },
      {
        "lat": 54.397427,
        "lon": 6.7375617,
        "speed": 2,
        "course": 3,
        "heading": 265,
        "destination": "DEHAM",
        "last_position_epoch": 1764988980,
        "last_position_UTC": "2025-12-06T02:43:00Z"
      },
      {
        "lat": 54.380554,
        "lon": 6.7347765,
        "speed": 1.8,
        "course": 9,
        "heading": 268,
        "destination": "DEHAM",
        "last_position_epoch": 1764987060,
        "last_position_UTC": "2025-12-06T02:11:00Z"
      },
      {
        "lat": 54.354248,
        "lon": 6.7272167,
        "speed": 2.2,
        "course": 9,
        "heading": 265,
        "destination": "DEHAM",
        "last_position_epoch": 1764984180,
        "last_position_UTC": "2025-12-06T01:23:00Z"
      },
      {
        "lat": 54.345905,
        "lon": 6.7252498,
        "speed": 2.2,
        "course": 359,
        "heading": 258,
        "destination": "DEHAM",
        "last_position_epoch": 1764983460,
        "last_position_UTC": "2025-12-06T01:11:00Z"
      },
      {
        "lat": 54.328194,
        "lon": 6.7307801,
        "speed": 2.2,
        "course": 338,
        "heading": 235,
        "destination": "DEHAM",
        "last_position_epoch": 1764981720,
        "last_position_UTC": "2025-12-06T00:42:00Z"
      },
      {
        "lat": 54.334801,
        "lon": 6.7839165,
        "speed": 6.9,
        "course": 246,
        "heading": 233,
        "destination": "DEHAM",
        "last_position_epoch": 1764979860,
        "last_position_UTC": "2025-12-06T00:11:00Z"
      },
      {
        "lat": 54.353947,
        "lon": 6.8388319,
        "speed": 6.3,
        "course": 225,
        "heading": 216,
        "destination": "DEHAM",
        "last_position_epoch": 1764978240,
        "last_position_UTC": "2025-12-05T23:44:00Z"
      },
      {
        "lat": 54.380413,
        "lon": 6.8827333,
        "speed": 6.3,
        "course": 223,
        "heading": 214,
        "destination": "DEHAM",
        "last_position_epoch": 1764976380,
        "last_position_UTC": "2025-12-05T23:13:00Z"
      },
      {
        "lat": 54.434635,
        "lon": 6.9635868,
        "speed": 6.5,
        "course": 218,
        "heading": 215,
        "destination": "DEHAM",
        "last_position_epoch": 1764974520,
        "last_position_UTC": "2025-12-05T22:42:00Z"
      },
      {
        "lat": 54.478725,
        "lon": 7.0206299,
        "speed": 6.6,
        "course": 215,
        "heading": 214,
        "destination": "DEHAM",
        "last_position_epoch": 1764972660,
        "last_position_UTC": "2025-12-05T22:11:00Z"
      },
      {
        "lat": 54.522385,
        "lon": 7.0731401,
        "speed": 4.5,
        "course": 206,
        "heading": 210,
        "destination": "DEHAM",
        "last_position_epoch": 1764970920,
        "last_position_UTC": "2025-12-05T21:42:00Z"
      },
      {
        "lat": 54.527134,
        "lon": 7.0567198,
        "speed": 1,
        "course": 27,
        "heading": 81,
        "destination": "DEHAM",
        "last_position_epoch": 1764969120,
        "last_position_UTC": "2025-12-05T21:12:00Z"
      },
      {
        "lat": 54.520267,
        "lon": 7.0501986,
        "speed": 0.8,
        "course": 33,
        "heading": 85,
        "destination": "DEHAM",
        "last_position_epoch": 1764967260,
        "last_position_UTC": "2025-12-05T20:41:00Z"
      },
      {
        "lat": 54.514198,
        "lon": 7.0414381,
        "speed": 0.8,
        "course": 39,
        "heading": 82,
        "destination": "DEHAM",
        "last_position_epoch": 1764965460,
        "last_position_UTC": "2025-12-05T20:11:00Z"
      },
      {
        "lat": 54.506573,
        "lon": 7.0281649,
        "speed": 1.1,
        "course": 42,
        "heading": 92,
        "destination": "DEHAM",
        "last_position_epoch": 1764963000,
        "last_position_UTC": "2025-12-05T19:30:00Z"
      },
      {
        "lat": 54.50441,
        "lon": 7.0240436,
        "speed": 0.8,
        "course": 5,
        "heading": 89,
        "destination": "DEHAM",
        "last_position_epoch": 1764961740,
        "last_position_UTC": "2025-12-05T19:09:00Z"
      },
      {
        "lat": 54.497631,
        "lon": 7.0108252,
        "speed": 0.8,
        "course": 49,
        "heading": 97,
        "destination": "DEHAM",
        "last_position_epoch": 1764960060,
        "last_position_UTC": "2025-12-05T18:41:00Z"
      },
      {
        "lat": 54.493874,
        "lon": 7.0052166,
        "speed": 0.8,
        "course": 38,
        "heading": 94,
        "destination": "DEHAM",
        "last_position_epoch": 1764958320,
        "last_position_UTC": "2025-12-05T18:12:00Z"
      },
      {
        "lat": 54.486122,
        "lon": 6.9980569,
        "speed": 0.6,
        "course": 1,
        "heading": 99,
        "destination": "DEHAM",
        "last_position_epoch": 1764956460,
        "last_position_UTC": "2025-12-05T17:41:00Z"
      },
      {
        "lat": 54.482437,
        "lon": 6.997005,
        "speed": 0.6,
        "course": 0,
        "heading": 102,
        "destination": "DEHAM",
        "last_position_epoch": 1764954600,
        "last_position_UTC": "2025-12-05T17:10:00Z"
      },
      {
        "lat": 54.476585,
        "lon": 6.9993,
        "speed": 0.6,
        "course": 338,
        "heading": 101,
        "destination": "DEHAM",
        "last_position_epoch": 1764952740,
        "last_position_UTC": "2025-12-05T16:39:00Z"
      },
      {
        "lat": 54.470139,
        "lon": 7.0043383,
        "speed": 0.8,
        "course": 330,
        "heading": 97,
        "destination": "DEHAM",
        "last_position_epoch": 1764950880,
        "last_position_UTC": "2025-12-05T16:08:00Z"
      },
      {
        "lat": 54.463055,
        "lon": 7.0111365,
        "speed": 1.1,
        "course": 330,
        "heading": 100,
        "destination": "DEHAM",
        "last_position_epoch": 1764949260,
        "last_position_UTC": "2025-12-05T15:41:00Z"
      },
      {
        "lat": 54.454693,
        "lon": 7.0203567,
        "speed": 1.2,
        "course": 325,
        "heading": 88,
        "destination": "DEHAM",
        "last_position_epoch": 1764947460,
        "last_position_UTC": "2025-12-05T15:11:00Z"
      },
      {
        "lat": 54.445873,
        "lon": 7.0310736,
        "speed": 1.2,
        "course": 324,
        "heading": 86,
        "destination": "DEHAM",
        "last_position_epoch": 1764945540,
        "last_position_UTC": "2025-12-05T14:39:00Z"
      },
      {
        "lat": 54.436543,
        "lon": 7.0418115,
        "speed": 1.2,
        "course": 326,
        "heading": 80,
        "destination": "DEHAM",
        "last_position_epoch": 1764943800,
        "last_position_UTC": "2025-12-05T14:10:00Z"
      },
      {
        "lat": 54.427292,
        "lon": 7.0522065,
        "speed": 1.2,
        "course": 328,
        "heading": 76,
        "destination": "DEHAM",
        "last_position_epoch": 1764942060,
        "last_position_UTC": "2025-12-05T13:41:00Z"
      },
      {
        "lat": 54.416668,
        "lon": 7.0621581,
        "speed": 1.2,
        "course": 333,
        "heading": 85,
        "destination": "DEHAM",
        "last_position_epoch": 1764940080,
        "last_position_UTC": "2025-12-05T13:08:00Z"
      },
      {
        "lat": 54.407288,
        "lon": 7.0690084,
        "speed": 1.2,
        "course": 339,
        "heading": 87,
        "destination": "DEHAM",
        "last_position_epoch": 1764938340,
        "last_position_UTC": "2025-12-05T12:39:00Z"
      },
      {
        "lat": 54.398041,
        "lon": 7.0743217,
        "speed": 1.1,
        "course": 343,
        "heading": 82,
        "destination": "DEHAM",
        "last_position_epoch": 1764936540,
        "last_position_UTC": "2025-12-05T12:09:00Z"
      },
      {
        "lat": 54.389469,
        "lon": 7.0779319,
        "speed": 0.8,
        "course": 348,
        "heading": 79,
        "destination": "DEHAM",
        "last_position_epoch": 1764934800,
        "last_position_UTC": "2025-12-05T11:40:00Z"
      },
      {
        "lat": 54.38139,
        "lon": 7.0799031,
        "speed": 0.8,
        "course": 353,
        "heading": 71,
        "destination": "DEHAM",
        "last_position_epoch": 1764933000,
        "last_position_UTC": "2025-12-05T11:10:00Z"
      },
      {
        "lat": 54.376514,
        "lon": 7.0803685,
        "speed": 0.8,
        "course": 1,
        "heading": 70,
        "destination": "DEHAM",
        "last_position_epoch": 1764931380,
        "last_position_UTC": "2025-12-05T10:43:00Z"
      },
      {
        "lat": 54.364281,
        "lon": 7.0756717,
        "speed": 0.6,
        "course": 27,
        "heading": 65,
        "destination": "DEHAM",
        "last_position_epoch": 1764928020,
        "last_position_UTC": "2025-12-05T09:47:00Z"
      },
      {
        "lat": 54.346691,
        "lon": 7.0348568,
        "speed": 0.8,
        "course": 68,
        "heading": 76,
        "destination": "DEHAM",
        "last_position_epoch": 1764920280,
        "last_position_UTC": "2025-12-05T07:38:00Z"
      },
      {
        "lat": 54.344612,
        "lon": 7.0271568,
        "speed": 0.8,
        "course": 61,
        "heading": 70,
        "destination": "DEHAM",
        "last_position_epoch": 1764918840,
        "last_position_UTC": "2025-12-05T07:14:00Z"
      },
      {
        "lat": 54.340225,
        "lon": 7.0162115,
        "speed": 0.8,
        "course": 54,
        "heading": 68,
        "destination": "DEHAM",
        "last_position_epoch": 1764916920,
        "last_position_UTC": "2025-12-05T06:42:00Z"
      },
      {
        "lat": 54.336292,
        "lon": 7.0079002,
        "speed": 0.6,
        "course": 41,
        "heading": 65,
        "destination": "DEHAM",
        "last_position_epoch": 1764915180,
        "last_position_UTC": "2025-12-05T06:13:00Z"
      },
      {
        "lat": 54.332321,
        "lon": 7.0042467,
        "speed": 0.5,
        "course": 9,
        "heading": 62,
        "destination": "DEHAM",
        "last_position_epoch": 1764913320,
        "last_position_UTC": "2025-12-05T05:42:00Z"
      },
      {
        "lat": 54.328228,
        "lon": 7.0061765,
        "speed": 0.5,
        "course": 328,
        "heading": 60,
        "destination": "DEHAM",
        "last_position_epoch": 1764911760,
        "last_position_UTC": "2025-12-05T05:16:00Z"
      },
      {
        "lat": 54.322247,
        "lon": 7.0164886,
        "speed": 0.8,
        "course": 309,
        "heading": 71,
        "destination": "DEHAM",
        "last_position_epoch": 1764909600,
        "last_position_UTC": "2025-12-05T04:40:00Z"
      },
      {
        "lat": 54.316921,
        "lon": 7.0278749,
        "speed": 0.8,
        "course": 316,
        "heading": 106,
        "destination": "DEHAM",
        "last_position_epoch": 1764907680,
        "last_position_UTC": "2025-12-05T04:08:00Z"
      },
      {
        "lat": 54.314213,
        "lon": 7.0314584,
        "speed": 0.3,
        "course": 341,
        "heading": 110,
        "destination": "DEHAM",
        "last_position_epoch": 1764906060,
        "last_position_UTC": "2025-12-05T03:41:00Z"
      },
      {
        "lat": 54.325508,
        "lon": 7.0249934,
        "speed": 3.7,
        "course": 154,
        "heading": 147,
        "destination": "DEHAM",
        "last_position_epoch": 1764904380,
        "last_position_UTC": "2025-12-05T03:13:00Z"
      },
      {
        "lat": 54.401146,
        "lon": 6.9287667,
        "speed": 7.1,
        "course": 135,
        "heading": 134,
        "destination": "DEHAM",
        "last_position_epoch": 1764901080,
        "last_position_UTC": "2025-12-05T02:18:00Z"
      },
      {
        "lat": 54.440739,
        "lon": 6.8495698,
        "speed": 7,
        "course": 130,
        "heading": 130,
        "destination": "DEHAM",
        "last_position_epoch": 1764899220,
        "last_position_UTC": "2025-12-05T01:47:00Z"
      },
      {
        "lat": 54.482376,
        "lon": 6.773705,
        "speed": 7,
        "course": 136,
        "heading": 134,
        "destination": "DEHAM",
        "last_position_epoch": 1764897180,
        "last_position_UTC": "2025-12-05T01:13:00Z"
      },
      {
        "lat": 54.526093,
        "lon": 6.7034602,
        "speed": 7.1,
        "course": 136,
        "heading": 135,
        "destination": "DEHAM",
        "last_position_epoch": 1764895260,
        "last_position_UTC": "2025-12-05T00:41:00Z"
      },
      {
        "lat": 54.571705,
        "lon": 6.6280799,
        "speed": 7.3,
        "course": 135,
        "heading": 134,
        "destination": "DEHAM",
        "last_position_epoch": 1764893400,
        "last_position_UTC": "2025-12-05T00:10:00Z"
      },
      {
        "lat": 54.627125,
        "lon": 6.5331016,
        "speed": 5,
        "course": 134,
        "heading": 135,
        "destination": "DEHAM",
        "last_position_epoch": 1764891720,
        "last_position_UTC": "2025-12-04T23:42:00Z"
      },
      {
        "lat": 54.621738,
        "lon": 6.5213051,
        "speed": 1.2,
        "course": 341,
        "heading": 72,
        "destination": "DEHAM",
        "last_position_epoch": 1764888480,
        "last_position_UTC": "2025-12-04T22:48:00Z"
      },
      {
        "lat": 54.608208,
        "lon": 6.5268865,
        "speed": 1.1,
        "course": 352,
        "heading": 76,
        "destination": "DEHAM",
        "last_position_epoch": 1764886200,
        "last_position_UTC": "2025-12-04T22:10:00Z"
      },
      {
        "lat": 54.597885,
        "lon": 6.5276799,
        "speed": 1.2,
        "course": 1,
        "heading": 78,
        "destination": "DEHAM",
        "last_position_epoch": 1764884460,
        "last_position_UTC": "2025-12-04T21:41:00Z"
      },
      {
        "lat": 54.580288,
        "lon": 6.52461,
        "speed": 1.2,
        "course": 3,
        "heading": 71,
        "destination": "DEHAM",
        "last_position_epoch": 1764881220,
        "last_position_UTC": "2025-12-04T20:47:00Z"
      },
      {
        "lat": 54.567234,
        "lon": 6.5241351,
        "speed": 1.1,
        "course": 0,
        "heading": 64,
        "destination": "DEHAM",
        "last_position_epoch": 1764879480,
        "last_position_UTC": "2025-12-04T20:18:00Z"
      },
      {
        "lat": 54.5574,
        "lon": 6.5235367,
        "speed": 1.1,
        "course": 2,
        "heading": 65,
        "destination": "DEHAM",
        "last_position_epoch": 1764877260,
        "last_position_UTC": "2025-12-04T19:41:00Z"
      },
      {
        "lat": 54.548428,
        "lon": 6.5223985,
        "speed": 1,
        "course": 2,
        "heading": 67,
        "destination": "DEHAM",
        "last_position_epoch": 1764875520,
        "last_position_UTC": "2025-12-04T19:12:00Z"
      },
      {
        "lat": 54.53994,
        "lon": 6.5215049,
        "speed": 0.8,
        "course": 1,
        "heading": 62,
        "destination": "DEHAM",
        "last_position_epoch": 1764873720,
        "last_position_UTC": "2025-12-04T18:42:00Z"
      },
      {
        "lat": 54.532227,
        "lon": 6.5235085,
        "speed": 0.8,
        "course": 347,
        "heading": 55,
        "destination": "DEHAM",
        "last_position_epoch": 1764871800,
        "last_position_UTC": "2025-12-04T18:10:00Z"
      },
      {
        "lat": 54.525295,
        "lon": 6.5277448,
        "speed": 0.8,
        "course": 335,
        "heading": 52,
        "destination": "DEHAM",
        "last_position_epoch": 1764870000,
        "last_position_UTC": "2025-12-04T17:40:00Z"
      },
      {
        "lat": 54.518513,
        "lon": 6.5337634,
        "speed": 1,
        "course": 333,
        "heading": 58,
        "destination": "DEHAM",
        "last_position_epoch": 1764868140,
        "last_position_UTC": "2025-12-04T17:09:00Z"
      },
      {
        "lat": 54.510452,
        "lon": 6.5407019,
        "speed": 1,
        "course": 336,
        "heading": 69,
        "destination": "DEHAM",
        "last_position_epoch": 1764866280,
        "last_position_UTC": "2025-12-04T16:38:00Z"
      },
      {
        "lat": 54.502296,
        "lon": 6.5478201,
        "speed": 1.2,
        "course": 327,
        "heading": 69,
        "destination": "DEHAM",
        "last_position_epoch": 1764864600,
        "last_position_UTC": "2025-12-04T16:10:00Z"
      },
      {
        "lat": 54.493771,
        "lon": 6.5589933,
        "speed": 1.2,
        "course": 317,
        "heading": 68,
        "destination": "DEHAM",
        "last_position_epoch": 1764862800,
        "last_position_UTC": "2025-12-04T15:40:00Z"
      },
      {
        "lat": 54.484966,
        "lon": 6.5736032,
        "speed": 1.5,
        "course": 315,
        "heading": 70,
        "destination": "DEHAM",
        "last_position_epoch": 1764860940,
        "last_position_UTC": "2025-12-04T15:09:00Z"
      },
      {
        "lat": 54.475719,
        "lon": 6.5881734,
        "speed": 1.3,
        "course": 317,
        "heading": 80,
        "destination": "DEHAM",
        "last_position_epoch": 1764859380,
        "last_position_UTC": "2025-12-04T14:43:00Z"
      },
      {
        "lat": 54.469223,
        "lon": 6.5968966,
        "speed": 1.3,
        "course": 321,
        "heading": 81,
        "destination": "DEHAM",
        "last_position_epoch": 1764857580,
        "last_position_UTC": "2025-12-04T14:13:00Z"
      },
      {
        "lat": 54.455669,
        "lon": 6.6137233,
        "speed": 1.3,
        "course": 325,
        "heading": 87,
        "destination": "DEHAM",
        "last_position_epoch": 1764855480,
        "last_position_UTC": "2025-12-04T13:38:00Z"
      },
      {
        "lat": 54.445168,
        "lon": 6.6247048,
        "speed": 1.3,
        "course": 329,
        "heading": 86,
        "destination": "DEHAM",
        "last_position_epoch": 1764853740,
        "last_position_UTC": "2025-12-04T13:09:00Z"
      },
      {
        "lat": 54.433743,
        "lon": 6.6344652,
        "speed": 1.5,
        "course": 338,
        "heading": 90,
        "destination": "DEHAM",
        "last_position_epoch": 1764851820,
        "last_position_UTC": "2025-12-04T12:37:00Z"
      },
      {
        "lat": 54.421608,
        "lon": 6.642725,
        "speed": 1.5,
        "course": 337,
        "heading": 88,
        "destination": "DEHAM",
        "last_position_epoch": 1764850020,
        "last_position_UTC": "2025-12-04T12:07:00Z"
      },
      {
        "lat": 54.409618,
        "lon": 6.6509633,
        "speed": 1.6,
        "course": 340,
        "heading": 89,
        "destination": "DEHAM",
        "last_position_epoch": 1764848280,
        "last_position_UTC": "2025-12-04T11:38:00Z"
      },
      {
        "lat": 54.397179,
        "lon": 6.6579518,
        "speed": 1.5,
        "course": 343,
        "heading": 88,
        "destination": "DEHAM",
        "last_position_epoch": 1764846480,
        "last_position_UTC": "2025-12-04T11:08:00Z"
      },
      {
        "lat": 54.38483,
        "lon": 6.6630101,
        "speed": 1.2,
        "course": 350,
        "heading": 91,
        "destination": "DEHAM",
        "last_position_epoch": 1764844680,
        "last_position_UTC": "2025-12-04T10:38:00Z"
      },
      {
        "lat": 54.373993,
        "lon": 6.6645784,
        "speed": 1.2,
        "course": 359,
        "heading": 91,
        "destination": "DEHAM",
        "last_position_epoch": 1764842940,
        "last_position_UTC": "2025-12-04T10:09:00Z"
      },
      {
        "lat": 54.366558,
        "lon": 6.6638017,
        "speed": 1.1,
        "course": 6,
        "heading": 88,
        "destination": "DEHAM",
        "last_position_epoch": 1764841140,
        "last_position_UTC": "2025-12-04T09:39:00Z"
      },
      {
        "lat": 54.354233,
        "lon": 6.657845,
        "speed": 1,
        "course": 28,
        "heading": 89,
        "destination": "DEHAM",
        "last_position_epoch": 1764839340,
        "last_position_UTC": "2025-12-04T09:09:00Z"
      },
      {
        "lat": 54.348553,
        "lon": 6.6523118,
        "speed": 1.2,
        "course": 34,
        "heading": 91,
        "destination": "DEHAM",
        "last_position_epoch": 1764837540,
        "last_position_UTC": "2025-12-04T08:39:00Z"
      },
      {
        "lat": 54.337227,
        "lon": 6.6354918,
        "speed": 1.3,
        "course": 44,
        "heading": 93,
        "destination": "DEHAM",
        "last_position_epoch": 1764835740,
        "last_position_UTC": "2025-12-04T08:09:00Z"
      },
      {
        "lat": 54.331982,
        "lon": 6.6258383,
        "speed": 1.2,
        "course": 49,
        "heading": 90,
        "destination": "DEHAM",
        "last_position_epoch": 1764833880,
        "last_position_UTC": "2025-12-04T07:38:00Z"
      },
      {
        "lat": 54.324974,
        "lon": 6.6115885,
        "speed": 1.2,
        "course": 48,
        "heading": 90,
        "destination": "DEHAM",
        "last_position_epoch": 1764832200,
        "last_position_UTC": "2025-12-04T07:10:00Z"
      },
      {
        "lat": 54.316692,
        "lon": 6.594995,
        "speed": 0.8,
        "course": 51,
        "heading": 85,
        "destination": "DEHAM",
        "last_position_epoch": 1764830400,
        "last_position_UTC": "2025-12-04T06:40:00Z"
      },
      {
        "lat": 54.313305,
        "lon": 6.58845,
        "speed": 0.6,
        "course": 46,
        "heading": 84,
        "destination": "DEHAM",
        "last_position_epoch": 1764828600,
        "last_position_UTC": "2025-12-04T06:10:00Z"
      },
      {
        "lat": 54.309502,
        "lon": 6.5822468,
        "speed": 0.5,
        "course": 36,
        "heading": 78,
        "destination": "DEHAM",
        "last_position_epoch": 1764826980,
        "last_position_UTC": "2025-12-04T05:43:00Z"
      },
      {
        "lat": 54.306625,
        "lon": 6.5798149,
        "speed": 0.2,
        "course": 342,
        "heading": 81,
        "destination": "DEHAM",
        "last_position_epoch": 1764825060,
        "last_position_UTC": "2025-12-04T05:11:00Z"
      },
      {
        "lat": 54.344883,
        "lon": 6.5642385,
        "speed": 7,
        "course": 189,
        "heading": 185,
        "destination": "DEHAM",
        "last_position_epoch": 1764823140,
        "last_position_UTC": "2025-12-04T04:39:00Z"
      },
      {
        "lat": 54.389214,
        "lon": 6.6379051,
        "speed": 7.8,
        "course": 228,
        "heading": 225,
        "destination": "DEHAM",
        "last_position_epoch": 1764821460,
        "last_position_UTC": "2025-12-04T04:11:00Z"
      },
      {
        "lat": 54.434574,
        "lon": 6.7229333,
        "speed": 8.1,
        "course": 220,
        "heading": 219,
        "destination": "DEHAM",
        "last_position_epoch": 1764819600,
        "last_position_UTC": "2025-12-04T03:40:00Z"
      },
      {
        "lat": 54.501389,
        "lon": 6.7754664,
        "speed": 8.3,
        "course": 204,
        "heading": 199,
        "destination": "DEHAM",
        "last_position_epoch": 1764818040,
        "last_position_UTC": "2025-12-04T03:14:00Z"
      },
      {
        "lat": 54.611454,
        "lon": 6.8691468,
        "speed": 3.9,
        "course": 211,
        "heading": 213,
        "destination": "DEHAM",
        "last_position_epoch": 1764814620,
        "last_position_UTC": "2025-12-04T02:17:00Z"
      },
      {
        "lat": 54.614449,
        "lon": 6.8657718,
        "speed": 1,
        "course": 353,
        "heading": 123,
        "destination": "DEHAM",
        "last_position_epoch": 1764812640,
        "last_position_UTC": "2025-12-04T01:44:00Z"
      },
      {
        "lat": 54.601799,
        "lon": 6.8677068,
        "speed": 1.2,
        "course": 357,
        "heading": 124,
        "destination": "DEHAM",
        "last_position_epoch": 1764810720,
        "last_position_UTC": "2025-12-04T01:12:00Z"
      },
      {
        "lat": 54.592346,
        "lon": 6.8684101,
        "speed": 1.1,
        "course": 359,
        "heading": 127,
        "destination": "DEHAM",
        "last_position_epoch": 1764808800,
        "last_position_UTC": "2025-12-04T00:40:00Z"
      },
      {
        "lat": 54.581787,
        "lon": 6.8674731,
        "speed": 1.2,
        "course": 5,
        "heading": 129,
        "destination": "DEHAM",
        "last_position_epoch": 1764806820,
        "last_position_UTC": "2025-12-04T00:07:00Z"
      },
      {
        "lat": 54.572132,
        "lon": 6.8658967,
        "speed": 1.2,
        "course": 3,
        "heading": 121,
        "destination": "DEHAM",
        "last_position_epoch": 1764805320,
        "last_position_UTC": "2025-12-03T23:42:00Z"
      },
      {
        "lat": 54.562439,
        "lon": 6.8641801,
        "speed": 1.1,
        "course": 9,
        "heading": 129,
        "destination": "DEHAM",
        "last_position_epoch": 1764803520,
        "last_position_UTC": "2025-12-03T23:12:00Z"
      },
      {
        "lat": 54.55365,
        "lon": 6.8599834,
        "speed": 1,
        "course": 21,
        "heading": 131,
        "destination": "DEHAM",
        "last_position_epoch": 1764801480,
        "last_position_UTC": "2025-12-03T22:38:00Z"
      },
      {
        "lat": 54.545185,
        "lon": 6.8528399,
        "speed": 1,
        "course": 30,
        "heading": 132,
        "destination": "DEHAM",
        "last_position_epoch": 1764799680,
        "last_position_UTC": "2025-12-03T22:08:00Z"
      },
      {
        "lat": 54.537766,
        "lon": 6.8443766,
        "speed": 1.1,
        "course": 36,
        "heading": 130,
        "destination": "DEHAM",
        "last_position_epoch": 1764797940,
        "last_position_UTC": "2025-12-03T21:39:00Z"
      },
      {
        "lat": 54.530785,
        "lon": 6.8337851,
        "speed": 1.1,
        "course": 46,
        "heading": 125,
        "destination": "DEHAM",
        "last_position_epoch": 1764796200,
        "last_position_UTC": "2025-12-03T21:10:00Z"
      },
      {
        "lat": 54.524529,
        "lon": 6.8213248,
        "speed": 1.1,
        "course": 52,
        "heading": 123,
        "destination": "DEHAM",
        "last_position_epoch": 1764794340,
        "last_position_UTC": "2025-12-03T20:39:00Z"
      },
      {
        "lat": 54.519051,
        "lon": 6.8069782,
        "speed": 1.2,
        "course": 60,
        "heading": 123,
        "destination": "DEHAM",
        "last_position_epoch": 1764792540,
        "last_position_UTC": "2025-12-03T20:09:00Z"
      },
      {
        "lat": 54.515984,
        "lon": 6.7962251,
        "speed": 1.2,
        "course": 67,
        "heading": 127,
        "destination": "DEHAM",
        "last_position_epoch": 1764790860,
        "last_position_UTC": "2025-12-03T19:41:00Z"
      },
      {
        "lat": 54.510529,
        "lon": 6.77174,
        "speed": 1.2,
        "course": 70,
        "heading": 124,
        "destination": "DEHAM",
        "last_position_epoch": 1764788940,
        "last_position_UTC": "2025-12-03T19:09:00Z"
      },
      {
        "lat": 54.506863,
        "lon": 6.7535667,
        "speed": 1.2,
        "course": 72,
        "heading": 124,
        "destination": "DEHAM",
        "last_position_epoch": 1764787140,
        "last_position_UTC": "2025-12-03T18:39:00Z"
      },
      {
        "lat": 54.50428,
        "lon": 6.7406034,
        "speed": 1.2,
        "course": 73,
        "heading": 122,
        "destination": "DEHAM",
        "last_position_epoch": 1764785340,
        "last_position_UTC": "2025-12-03T18:09:00Z"
      },
      {
        "lat": 54.500507,
        "lon": 6.7235131,
        "speed": 1.2,
        "course": 66,
        "heading": 122,
        "destination": "DEHAM",
        "last_position_epoch": 1764783480,
        "last_position_UTC": "2025-12-03T17:38:00Z"
      },
      {
        "lat": 54.495712,
        "lon": 6.7013183,
        "speed": 1,
        "course": 72,
        "heading": 125,
        "destination": "DEHAM",
        "last_position_epoch": 1764781740,
        "last_position_UTC": "2025-12-03T17:09:00Z"
      },
      {
        "lat": 54.493359,
        "lon": 6.6916032,
        "speed": 1.1,
        "course": 61,
        "heading": 127,
        "destination": "DEHAM",
        "last_position_epoch": 1764779820,
        "last_position_UTC": "2025-12-03T16:37:00Z"
      },
      {
        "lat": 54.486469,
        "lon": 6.6753435,
        "speed": 0.8,
        "course": 44,
        "heading": 121,
        "destination": "DEHAM",
        "last_position_epoch": 1764778080,
        "last_position_UTC": "2025-12-03T16:08:00Z"
      },
      {
        "lat": 54.481113,
        "lon": 6.66781,
        "speed": 0.6,
        "course": 32,
        "heading": 128,
        "destination": "DEHAM",
        "last_position_epoch": 1764776340,
        "last_position_UTC": "2025-12-03T15:39:00Z"
      },
      {
        "lat": 54.477207,
        "lon": 6.6643467,
        "speed": 0.6,
        "course": 19,
        "heading": 126,
        "destination": "DEHAM",
        "last_position_epoch": 1764774540,
        "last_position_UTC": "2025-12-03T15:09:00Z"
      },
      {
        "lat": 54.470428,
        "lon": 6.6623902,
        "speed": 0.8,
        "course": 2,
        "heading": 127,
        "destination": "DEHAM",
        "last_position_epoch": 1764772680,
        "last_position_UTC": "2025-12-03T14:38:00Z"
      },
      {
        "lat": 54.46056,
        "lon": 6.6633968,
        "speed": 0.8,
        "course": 352,
        "heading": 124,
        "destination": "DEHAM",
        "last_position_epoch": 1764770940,
        "last_position_UTC": "2025-12-03T14:09:00Z"
      },
      {
        "lat": 54.455086,
        "lon": 6.6652098,
        "speed": 1,
        "course": 346,
        "heading": 119,
        "destination": "DEHAM",
        "last_position_epoch": 1764769200,
        "last_position_UTC": "2025-12-03T13:40:00Z"
      },
      {
        "lat": 54.445992,
        "lon": 6.6698465,
        "speed": 1.1,
        "course": 341,
        "heading": 115,
        "destination": "DEHAM",
        "last_position_epoch": 1764767340,
        "last_position_UTC": "2025-12-03T13:09:00Z"
      },
      {
        "lat": 54.436806,
        "lon": 6.6752768,
        "speed": 1.2,
        "course": 343,
        "heading": 111,
        "destination": "DEHAM",
        "last_position_epoch": 1764765600,
        "last_position_UTC": "2025-12-03T12:40:00Z"
      },
      {
        "lat": 54.427086,
        "lon": 6.6806717,
        "speed": 1.2,
        "course": 343,
        "heading": 106,
        "destination": "DEHAM",
        "last_position_epoch": 1764763800,
        "last_position_UTC": "2025-12-03T12:10:00Z"
      },
      {
        "lat": 54.416615,
        "lon": 6.6854868,
        "speed": 1.2,
        "course": 347,
        "heading": 106,
        "destination": "DEHAM",
        "last_position_epoch": 1764761940,
        "last_position_UTC": "2025-12-03T11:39:00Z"
      },
      {
        "lat": 54.406143,
        "lon": 6.6885386,
        "speed": 1.2,
        "course": 353,
        "heading": 112,
        "destination": "DEHAM",
        "last_position_epoch": 1764760140,
        "last_position_UTC": "2025-12-03T11:09:00Z"
      },
      {
        "lat": 54.395832,
        "lon": 6.6886716,
        "speed": 1.2,
        "course": 2,
        "heading": 114,
        "destination": "DEHAM",
        "last_position_epoch": 1764758340,
        "last_position_UTC": "2025-12-03T10:39:00Z"
      },
      {
        "lat": 54.385075,
        "lon": 6.6872201,
        "speed": 1.2,
        "course": 4,
        "heading": 104,
        "destination": "DEHAM",
        "last_position_epoch": 1764756420,
        "last_position_UTC": "2025-12-03T10:07:00Z"
      },
      {
        "lat": 54.375088,
        "lon": 6.6846533,
        "speed": 1.1,
        "course": 12,
        "heading": 102,
        "destination": "DEHAM",
        "last_position_epoch": 1764754800,
        "last_position_UTC": "2025-12-03T09:40:00Z"
      },
      {
        "lat": 54.365345,
        "lon": 6.6795049,
        "speed": 1.2,
        "course": 20,
        "heading": 100,
        "destination": "DEHAM",
        "last_position_epoch": 1764753000,
        "last_position_UTC": "2025-12-03T09:10:00Z"
      },
      {
        "lat": 54.352608,
        "lon": 6.6704249,
        "speed": 1.1,
        "course": 22,
        "heading": 95,
        "destination": "DEHAM",
        "last_position_epoch": 1764751140,
        "last_position_UTC": "2025-12-03T08:39:00Z"
      },
      {
        "lat": 54.346851,
        "lon": 6.6664152,
        "speed": 1,
        "course": 22,
        "heading": 89,
        "destination": "DEHAM",
        "last_position_epoch": 1764749340,
        "last_position_UTC": "2025-12-03T08:09:00Z"
      },
      {
        "lat": 54.338623,
        "lon": 6.6611834,
        "speed": 0.8,
        "course": 26,
        "heading": 79,
        "destination": "DEHAM",
        "last_position_epoch": 1764747540,
        "last_position_UTC": "2025-12-03T07:39:00Z"
      },
      {
        "lat": 54.331856,
        "lon": 6.6561031,
        "speed": 0.6,
        "course": 26,
        "heading": 70,
        "destination": "DEHAM",
        "last_position_epoch": 1764745740,
        "last_position_UTC": "2025-12-03T07:09:00Z"
      },
      {
        "lat": 54.326736,
        "lon": 6.651175,
        "speed": 0.5,
        "course": 22,
        "heading": 67,
        "destination": "DEHAM",
        "last_position_epoch": 1764743880,
        "last_position_UTC": "2025-12-03T06:38:00Z"
      },
      {
        "lat": 54.325455,
        "lon": 6.64957,
        "speed": 0.8,
        "course": 75,
        "heading": 71,
        "destination": "DEHAM",
        "last_position_epoch": 1764742260,
        "last_position_UTC": "2025-12-03T06:11:00Z"
      },
      {
        "lat": 54.332352,
        "lon": 6.6143918,
        "speed": 1.1,
        "course": 123,
        "heading": 184,
        "destination": "DEHAM",
        "last_position_epoch": 1764740340,
        "last_position_UTC": "2025-12-03T05:39:00Z"
      },
      {
        "lat": 54.342594,
        "lon": 6.6258616,
        "speed": 3.9,
        "course": 239,
        "heading": 240,
        "destination": "DEHAM",
        "last_position_epoch": 1764738540,
        "last_position_UTC": "2025-12-03T05:09:00Z"
      },
      {
        "lat": 54.355297,
        "lon": 6.6608052,
        "speed": 2,
        "course": 239,
        "heading": 236,
        "destination": "DEHAM",
        "last_position_epoch": 1764736860,
        "last_position_UTC": "2025-12-03T04:41:00Z"
      },
      {
        "lat": 54.376625,
        "lon": 6.7270365,
        "speed": 7,
        "course": 242,
        "heading": 240,
        "destination": "DEHAM",
        "last_position_epoch": 1764735060,
        "last_position_UTC": "2025-12-03T04:11:00Z"
      },
      {
        "lat": 54.4118,
        "lon": 6.8525219,
        "speed": 7.9,
        "course": 267,
        "heading": 263,
        "destination": "DEHAM",
        "last_position_epoch": 1764733320,
        "last_position_UTC": "2025-12-03T03:42:00Z"
      },
      {
        "lat": 54.411251,
        "lon": 6.9117765,
        "speed": 8.6,
        "course": 271,
        "heading": 269,
        "destination": "DEHAM",
        "last_position_epoch": 1764731640,
        "last_position_UTC": "2025-12-03T03:14:00Z"
      },
      {
        "lat": 54.417301,
        "lon": 7.051445,
        "speed": 4.8,
        "course": 201,
        "heading": 205,
        "destination": "DEHAM",
        "last_position_epoch": 1764729900,
        "last_position_UTC": "2025-12-03T02:45:00Z"
      },
      {
        "lat": 54.417206,
        "lon": 7.0470781,
        "speed": 0.6,
        "course": 353,
        "heading": 112,
        "destination": "DEHAM",
        "last_position_epoch": 1764726300,
        "last_position_UTC": "2025-12-03T01:45:00Z"
      },
      {
        "lat": 54.403782,
        "lon": 7.0495768,
        "speed": 0.6,
        "course": 358,
        "heading": 131,
        "destination": "DEHAM",
        "last_position_epoch": 1764722220,
        "last_position_UTC": "2025-12-03T00:37:00Z"
      },
      {
        "lat": 54.39904,
        "lon": 7.0494065,
        "speed": 0.6,
        "course": 3,
        "heading": 129,
        "destination": "DEHAM",
        "last_position_epoch": 1764720600,
        "last_position_UTC": "2025-12-03T00:10:00Z"
      },
      {
        "lat": 54.392075,
        "lon": 7.0481615,
        "speed": 0.6,
        "course": 7,
        "heading": 130,
        "destination": "DEHAM",
        "last_position_epoch": 1764718980,
        "last_position_UTC": "2025-12-02T23:43:00Z"
      },
      {
        "lat": 54.385292,
        "lon": 7.0466433,
        "speed": 0.8,
        "course": 7,
        "heading": 126,
        "destination": "DEHAM",
        "last_position_epoch": 1764717060,
        "last_position_UTC": "2025-12-02T23:11:00Z"
      },
      {
        "lat": 54.375847,
        "lon": 7.0443301,
        "speed": 1.1,
        "course": 12,
        "heading": 122,
        "destination": "DEHAM",
        "last_position_epoch": 1764715140,
        "last_position_UTC": "2025-12-02T22:39:00Z"
      },
      {
        "lat": 54.365814,
        "lon": 7.0401201,
        "speed": 1.2,
        "course": 15,
        "heading": 116,
        "destination": "DEHAM",
        "last_position_epoch": 1764713340,
        "last_position_UTC": "2025-12-02T22:09:00Z"
      },
      {
        "lat": 54.355919,
        "lon": 7.0340567,
        "speed": 1.2,
        "course": 25,
        "heading": 147,
        "destination": "DEHAM",
        "last_position_epoch": 1764711540,
        "last_position_UTC": "2025-12-02T21:39:00Z"
      },
      {
        "lat": 54.352161,
        "lon": 7.0249901,
        "speed": 0.8,
        "course": 127,
        "heading": 185,
        "destination": "DEHAM",
        "last_position_epoch": 1764709740,
        "last_position_UTC": "2025-12-02T21:09:00Z"
      },
      {
        "lat": 54.379375,
        "lon": 7.01724,
        "speed": 7.6,
        "course": 184,
        "heading": 185,
        "destination": "DEHAM",
        "last_position_epoch": 1764708000,
        "last_position_UTC": "2025-12-02T20:40:00Z"
      },
      {
        "lat": 54.442947,
        "lon": 7.0270267,
        "speed": 7.5,
        "course": 185,
        "heading": 187,
        "destination": "DEHAM",
        "last_position_epoch": 1764706140,
        "last_position_UTC": "2025-12-02T20:09:00Z"
      },
      {
        "lat": 54.501781,
        "lon": 7.0418615,
        "speed": 6,
        "course": 221,
        "heading": 213,
        "destination": "DEHAM",
        "last_position_epoch": 1764704340,
        "last_position_UTC": "2025-12-02T19:39:00Z"
      },
      {
        "lat": 54.510506,
        "lon": 7.0745735,
        "speed": 1.7,
        "course": 69,
        "heading": 305,
        "destination": "DEHAM",
        "last_position_epoch": 1764702480,
        "last_position_UTC": "2025-12-02T19:08:00Z"
      },
      {
        "lat": 54.506458,
        "lon": 7.0520234,
        "speed": 1.7,
        "course": 79,
        "heading": 311,
        "destination": "DEHAM",
        "last_position_epoch": 1764700800,
        "last_position_UTC": "2025-12-02T18:40:00Z"
      },
      {
        "lat": 54.502918,
        "lon": 7.0253634,
        "speed": 1.7,
        "course": 75,
        "heading": 310,
        "destination": "DEHAM",
        "last_position_epoch": 1764698940,
        "last_position_UTC": "2025-12-02T18:09:00Z"
      },
      {
        "lat": 54.499168,
        "lon": 7.0004001,
        "speed": 2,
        "course": 75,
        "heading": 301,
        "destination": "DEHAM",
        "last_position_epoch": 1764697200,
        "last_position_UTC": "2025-12-02T17:40:00Z"
      },
      {
        "lat": 54.494926,
        "lon": 6.9697986,
        "speed": 2,
        "course": 78,
        "heading": 310,
        "destination": "DEHAM",
        "last_position_epoch": 1764695400,
        "last_position_UTC": "2025-12-02T17:10:00Z"
      },
      {
        "lat": 54.49115,
        "lon": 6.9418082,
        "speed": 2,
        "course": 75,
        "heading": 304,
        "destination": "DEHAM",
        "last_position_epoch": 1764693600,
        "last_position_UTC": "2025-12-02T16:40:00Z"
      },
      {
        "lat": 54.485958,
        "lon": 6.9127302,
        "speed": 2,
        "course": 70,
        "heading": 304,
        "destination": "DEHAM",
        "last_position_epoch": 1764691740,
        "last_position_UTC": "2025-12-02T16:09:00Z"
      },
      {
        "lat": 54.479839,
        "lon": 6.8864532,
        "speed": 2,
        "course": 67,
        "heading": 309,
        "destination": "DEHAM",
        "last_position_epoch": 1764689940,
        "last_position_UTC": "2025-12-02T15:39:00Z"
      },
      {
        "lat": 54.473301,
        "lon": 6.8599548,
        "speed": 1.7,
        "course": 61,
        "heading": 307,
        "destination": "DEHAM",
        "last_position_epoch": 1764688140,
        "last_position_UTC": "2025-12-02T15:09:00Z"
      },
      {
        "lat": 54.464931,
        "lon": 6.8389902,
        "speed": 1.7,
        "course": 51,
        "heading": 309,
        "destination": "DEHAM",
        "last_position_epoch": 1764686340,
        "last_position_UTC": "2025-12-02T14:39:00Z"
      },
      {
        "lat": 54.453163,
        "lon": 6.8117852,
        "speed": 1.5,
        "course": 55,
        "heading": 310,
        "destination": "DEHAM",
        "last_position_epoch": 1764684360,
        "last_position_UTC": "2025-12-02T14:06:00Z"
      },
      {
        "lat": 54.445034,
        "lon": 6.7965684,
        "speed": 1.6,
        "course": 39,
        "heading": 302,
        "destination": "DEHAM",
        "last_position_epoch": 1764682740,
        "last_position_UTC": "2025-12-02T13:39:00Z"
      },
      {
        "lat": 54.437508,
        "lon": 6.7866769,
        "speed": 1.6,
        "course": 35,
        "heading": 305,
        "destination": "DEHAM",
        "last_position_epoch": 1764680880,
        "last_position_UTC": "2025-12-02T13:08:00Z"
      },
      {
        "lat": 54.426243,
        "lon": 6.7730231,
        "speed": 1.7,
        "course": 33,
        "heading": 304,
        "destination": "DEHAM",
        "last_position_epoch": 1764679260,
        "last_position_UTC": "2025-12-02T12:41:00Z"
      },
      {
        "lat": 54.414688,
        "lon": 6.7605815,
        "speed": 1.5,
        "course": 29,
        "heading": 306,
        "destination": "DEHAM",
        "last_position_epoch": 1764677280,
        "last_position_UTC": "2025-12-02T12:08:00Z"
      },
      {
        "lat": 54.407234,
        "lon": 6.7504683,
        "speed": 1.7,
        "course": 41,
        "heading": 305,
        "destination": "DEHAM",
        "last_position_epoch": 1764675780,
        "last_position_UTC": "2025-12-02T11:43:00Z"
      },
      {
        "lat": 54.391266,
        "lon": 6.7304916,
        "speed": 1.7,
        "course": 32,
        "heading": 304,
        "destination": "DEHAM",
        "last_position_epoch": 1764673740,
        "last_position_UTC": "2025-12-02T11:09:00Z"
      },
      {
        "lat": 54.382866,
        "lon": 6.7193565,
        "speed": 2,
        "course": 40,
        "heading": 305,
        "destination": "DEHAM",
        "last_position_epoch": 1764671940,
        "last_position_UTC": "2025-12-02T10:39:00Z"
      },
      {
        "lat": 54.364395,
        "lon": 6.6941915,
        "speed": 2.2,
        "course": 44,
        "heading": 303,
        "destination": "DEHAM",
        "last_position_epoch": 1764670080,
        "last_position_UTC": "2025-12-02T10:08:00Z"
      },
      {
        "lat": 54.356194,
        "lon": 6.6804066,
        "speed": 2,
        "course": 45,
        "heading": 305,
        "destination": "DEHAM",
        "last_position_epoch": 1764668520,
        "last_position_UTC": "2025-12-02T09:42:00Z"
      },
      {
        "lat": 54.342392,
        "lon": 6.6566181,
        "speed": 2.5,
        "course": 45,
        "heading": 300,
        "destination": "DEHAM",
        "last_position_epoch": 1764666660,
        "last_position_UTC": "2025-12-02T09:11:00Z"
      },
      {
        "lat": 54.327579,
        "lon": 6.6333933,
        "speed": 2.4,
        "course": 33,
        "heading": 292,
        "destination": "DEHAM",
        "last_position_epoch": 1764664800,
        "last_position_UTC": "2025-12-02T08:40:00Z"
      },
      {
        "lat": 54.30777,
        "lon": 6.61801,
        "speed": 2.4,
        "course": 5,
        "heading": 256,
        "destination": "DEHAM",
        "last_position_epoch": 1764662940,
        "last_position_UTC": "2025-12-02T08:09:00Z"
      },
      {
        "lat": 54.326332,
        "lon": 6.6388268,
        "speed": 5,
        "course": 209,
        "heading": 209,
        "destination": "DEHAM",
        "last_position_epoch": 1764661200,
        "last_position_UTC": "2025-12-02T07:40:00Z"
      },
      {
        "lat": 54.371269,
        "lon": 6.6820817,
        "speed": 3.9,
        "course": 225,
        "heading": 218,
        "destination": "DEHAM",
        "last_position_epoch": 1764659400,
        "last_position_UTC": "2025-12-02T07:10:00Z"
      },
      {
        "lat": 54.39204,
        "lon": 6.7222085,
        "speed": 3.7,
        "course": 227,
        "heading": 221,
        "destination": "DEHAM",
        "last_position_epoch": 1764657600,
        "last_position_UTC": "2025-12-02T06:40:00Z"
      },
      {
        "lat": 54.407173,
        "lon": 6.7488918,
        "speed": 3.5,
        "course": 226,
        "heading": 221,
        "destination": "DEHAM",
        "last_position_epoch": 1764655860,
        "last_position_UTC": "2025-12-02T06:11:00Z"
      },
      {
        "lat": 54.428059,
        "lon": 6.7879801,
        "speed": 3.7,
        "course": 237,
        "heading": 229,
        "destination": "DEHAM",
        "last_position_epoch": 1764653940,
        "last_position_UTC": "2025-12-02T05:39:00Z"
      },
      {
        "lat": 54.443825,
        "lon": 6.8304381,
        "speed": 3.5,
        "course": 239,
        "heading": 229,
        "destination": "DEHAM",
        "last_position_epoch": 1764652200,
        "last_position_UTC": "2025-12-02T05:10:00Z"
      },
      {
        "lat": 54.463184,
        "lon": 6.8645668,
        "speed": 3.4,
        "course": 224,
        "heading": 220,
        "destination": "DEHAM",
        "last_position_epoch": 1764650460,
        "last_position_UTC": "2025-12-02T04:41:00Z"
      },
      {
        "lat": 54.486317,
        "lon": 6.8896718,
        "speed": 3.5,
        "course": 210,
        "heading": 210,
        "destination": "DEHAM",
        "last_position_epoch": 1764648780,
        "last_position_UTC": "2025-12-02T04:13:00Z"
      },
      {
        "lat": 54.516792,
        "lon": 6.9191384,
        "speed": 3.5,
        "course": 212,
        "heading": 210,
        "destination": "DEHAM",
        "last_position_epoch": 1764646980,
        "last_position_UTC": "2025-12-02T03:43:00Z"
      },
      {
        "lat": 54.540951,
        "lon": 6.9680333,
        "speed": 2.2,
        "course": 348,
        "heading": 277,
        "destination": "DEHAM",
        "last_position_epoch": 1764643680,
        "last_position_UTC": "2025-12-02T02:48:00Z"
      },
      {
        "lat": 54.523945,
        "lon": 6.9393702,
        "speed": 3,
        "course": 48,
        "heading": 285,
        "destination": "DEHAM",
        "last_position_epoch": 1764641880,
        "last_position_UTC": "2025-12-02T02:18:00Z"
      },
      {
        "lat": 54.501205,
        "lon": 6.899415,
        "speed": 2.7,
        "course": 45,
        "heading": 287,
        "destination": "DEHAM",
        "last_position_epoch": 1764639840,
        "last_position_UTC": "2025-12-02T01:44:00Z"
      },
      {
        "lat": 54.48336,
        "lon": 6.8715916,
        "speed": 2.5,
        "course": 39,
        "heading": 286,
        "destination": "DEHAM",
        "last_position_epoch": 1764637800,
        "last_position_UTC": "2025-12-02T01:10:00Z"
      },
      {
        "lat": 54.466343,
        "lon": 6.8474269,
        "speed": 2.7,
        "course": 38,
        "heading": 288,
        "destination": "DEHAM",
        "last_position_epoch": 1764636060,
        "last_position_UTC": "2025-12-02T00:41:00Z"
      },
      {
        "lat": 54.449146,
        "lon": 6.82342,
        "speed": 2.5,
        "course": 37,
        "heading": 292,
        "destination": "DEHAM",
        "last_position_epoch": 1764634380,
        "last_position_UTC": "2025-12-02T00:13:00Z"
      },
      {
        "lat": 54.431732,
        "lon": 6.7985249,
        "speed": 2.5,
        "course": 39,
        "heading": 292,
        "destination": "DEHAM",
        "last_position_epoch": 1764632580,
        "last_position_UTC": "2025-12-01T23:43:00Z"
      },
      {
        "lat": 54.414246,
        "lon": 6.77421,
        "speed": 2.5,
        "course": 40,
        "heading": 291,
        "destination": "DEHAM",
        "last_position_epoch": 1764630780,
        "last_position_UTC": "2025-12-01T23:13:00Z"
      },
      {
        "lat": 54.396915,
        "lon": 6.7495184,
        "speed": 2.7,
        "course": 36,
        "heading": 290,
        "destination": "DEHAM",
        "last_position_epoch": 1764628980,
        "last_position_UTC": "2025-12-01T22:43:00Z"
      },
      {
        "lat": 54.384747,
        "lon": 6.7326431,
        "speed": 2.7,
        "course": 41,
        "heading": 294,
        "destination": "DEHAM",
        "last_position_epoch": 1764627060,
        "last_position_UTC": "2025-12-01T22:11:00Z"
      },
      {
        "lat": 54.3615,
        "lon": 6.6982617,
        "speed": 2.5,
        "course": 43,
        "heading": 298,
        "destination": "DEHAM",
        "last_position_epoch": 1764625260,
        "last_position_UTC": "2025-12-01T21:41:00Z"
      },
      {
        "lat": 54.344635,
        "lon": 6.6698999,
        "speed": 2.7,
        "course": 46,
        "heading": 294,
        "destination": "DEHAM",
        "last_position_epoch": 1764623400,
        "last_position_UTC": "2025-12-01T21:10:00Z"
      },
      {
        "lat": 54.333305,
        "lon": 6.6487751,
        "speed": 3,
        "course": 45,
        "heading": 293,
        "destination": "DEHAM",
        "last_position_epoch": 1764621600,
        "last_position_UTC": "2025-12-01T20:40:00Z"
      },
      {
        "lat": 54.313541,
        "lon": 6.6204052,
        "speed": 2.7,
        "course": 23,
        "heading": 283,
        "destination": "DEHAM",
        "last_position_epoch": 1764619800,
        "last_position_UTC": "2025-12-01T20:10:00Z"
      },
      {
        "lat": 54.30484,
        "lon": 6.6437016,
        "speed": 3.7,
        "course": 244,
        "heading": 227,
        "destination": "DEHAM",
        "last_position_epoch": 1764618060,
        "last_position_UTC": "2025-12-01T19:41:00Z"
      },
      {
        "lat": 54.317486,
        "lon": 6.6913486,
        "speed": 3.5,
        "course": 250,
        "heading": 229,
        "destination": "DEHAM",
        "last_position_epoch": 1764616140,
        "last_position_UTC": "2025-12-01T19:09:00Z"
      },
      {
        "lat": 54.330284,
        "lon": 6.7299719,
        "speed": 2.7,
        "course": 233,
        "heading": 220,
        "destination": "DEHAM",
        "last_position_epoch": 1764614400,
        "last_position_UTC": "2025-12-01T18:40:00Z"
      },
      {
        "lat": 54.341534,
        "lon": 6.7559099,
        "speed": 2.7,
        "course": 232,
        "heading": 218,
        "destination": "DEHAM",
        "last_position_epoch": 1764612600,
        "last_position_UTC": "2025-12-01T18:10:00Z"
      },
      {
        "lat": 54.353363,
        "lon": 6.7832832,
        "speed": 2.7,
        "course": 236,
        "heading": 219,
        "destination": "DEHAM",
        "last_position_epoch": 1764610860,
        "last_position_UTC": "2025-12-01T17:41:00Z"
      },
      {
        "lat": 54.369572,
        "lon": 6.8299818,
        "speed": 3.2,
        "course": 256,
        "heading": 235,
        "destination": "DEHAM",
        "last_position_epoch": 1764609060,
        "last_position_UTC": "2025-12-01T17:11:00Z"
      },
      {
        "lat": 54.372368,
        "lon": 6.8791585,
        "speed": 3.5,
        "course": 271,
        "heading": 249,
        "destination": "DEHAM",
        "last_position_epoch": 1764607200,
        "last_position_UTC": "2025-12-01T16:40:00Z"
      },
      {
        "lat": 54.374458,
        "lon": 6.9141917,
        "speed": 3.7,
        "course": 255,
        "heading": 240,
        "destination": "DEHAM",
        "last_position_epoch": 1764605400,
        "last_position_UTC": "2025-12-01T16:10:00Z"
      },
      {
        "lat": 54.383659,
        "lon": 6.9637351,
        "speed": 3.2,
        "course": 244,
        "heading": 229,
        "destination": "DEHAM",
        "last_position_epoch": 1764603660,
        "last_position_UTC": "2025-12-01T15:41:00Z"
      },
      {
        "lat": 54.395168,
        "lon": 7.0052466,
        "speed": 3.2,
        "course": 239,
        "heading": 224,
        "destination": "DEHAM",
        "last_position_epoch": 1764601800,
        "last_position_UTC": "2025-12-01T15:10:00Z"
      },
      {
        "lat": 54.409206,
        "lon": 7.0468965,
        "speed": 3.7,
        "course": 236,
        "heading": 221,
        "destination": "DEHAM",
        "last_position_epoch": 1764600000,
        "last_position_UTC": "2025-12-01T14:40:00Z"
      },
      {
        "lat": 54.421692,
        "lon": 7.1017051,
        "speed": 4.6,
        "course": 264,
        "heading": 247,
        "destination": "DEHAM",
        "last_position_epoch": 1764598140,
        "last_position_UTC": "2025-12-01T14:09:00Z"
      },
      {
        "lat": 54.44302,
        "lon": 7.1477618,
        "speed": 4.4,
        "course": 201,
        "heading": 200,
        "destination": "DEHAM",
        "last_position_epoch": 1764596400,
        "last_position_UTC": "2025-12-01T13:40:00Z"
      },
      {
        "lat": 54.469337,
        "lon": 7.1818485,
        "speed": 3.7,
        "course": 222,
        "heading": 207,
        "destination": "DEHAM",
        "last_position_epoch": 1764594600,
        "last_position_UTC": "2025-12-01T13:10:00Z"
      },
      {
        "lat": 54.484386,
        "lon": 7.2464533,
        "speed": 5.3,
        "course": 263,
        "heading": null,
        "destination": "DEHAM",
        "last_position_epoch": 1764592620,
        "last_position_UTC": "2025-12-01T12:37:00Z"
      },
      {
        "lat": 54.48851,
        "lon": 7.2588716,
        "speed": 2,
        "course": 20,
        "heading": 121,
        "destination": "DEHAM",
        "last_position_epoch": 1764590760,
        "last_position_UTC": "2025-12-01T12:06:00Z"
      },
      {
        "lat": 54.470314,
        "lon": 7.2503767,
        "speed": 2.2,
        "course": 15,
        "heading": 117,
        "destination": "DEHAM",
        "last_position_epoch": 1764589020,
        "last_position_UTC": "2025-12-01T11:37:00Z"
      },
      {
        "lat": 54.446323,
        "lon": 7.2396784,
        "speed": 2.2,
        "course": 12,
        "heading": 118,
        "destination": "DEHAM",
        "last_position_epoch": 1764587400,
        "last_position_UTC": "2025-12-01T11:10:00Z"
      },
      {
        "lat": 54.431274,
        "lon": 7.2350469,
        "speed": 2.2,
        "course": 9,
        "heading": 116,
        "destination": "DEHAM",
        "last_position_epoch": 1764585360,
        "last_position_UTC": "2025-12-01T10:36:00Z"
      },
      {
        "lat": 54.414341,
        "lon": 7.2289867,
        "speed": 2.2,
        "course": 11,
        "heading": 119,
        "destination": "DEHAM",
        "last_position_epoch": 1764583800,
        "last_position_UTC": "2025-12-01T10:10:00Z"
      },
      {
        "lat": 54.39468,
        "lon": 7.2207031,
        "speed": 2.2,
        "course": 16,
        "heading": 121,
        "destination": "DEHAM",
        "last_position_epoch": 1764581880,
        "last_position_UTC": "2025-12-01T09:38:00Z"
      },
      {
        "lat": 54.377445,
        "lon": 7.2106285,
        "speed": 2.2,
        "course": 19,
        "heading": 125,
        "destination": "DEHAM",
        "last_position_epoch": 1764580200,
        "last_position_UTC": "2025-12-01T09:10:00Z"
      },
      {
        "lat": 54.360023,
        "lon": 7.1980548,
        "speed": 2.2,
        "course": 21,
        "heading": 126,
        "destination": "DEHAM",
        "last_position_epoch": 1764578400,
        "last_position_UTC": "2025-12-01T08:40:00Z"
      },
      {
        "lat": 54.343655,
        "lon": 7.1854715,
        "speed": 2,
        "course": 27,
        "heading": 129,
        "destination": "DEHAM",
        "last_position_epoch": 1764576600,
        "last_position_UTC": "2025-12-01T08:10:00Z"
      },
      {
        "lat": 54.328163,
        "lon": 7.1668415,
        "speed": 2.2,
        "course": 41,
        "heading": 135,
        "destination": "DEHAM",
        "last_position_epoch": 1764574680,
        "last_position_UTC": "2025-12-01T07:38:00Z"
      },
      {
        "lat": 54.310402,
        "lon": 7.1366835,
        "speed": 2,
        "course": 49,
        "heading": 135,
        "destination": "DEHAM",
        "last_position_epoch": 1764572940,
        "last_position_UTC": "2025-12-01T07:09:00Z"
      },
      {
        "lat": 54.302792,
        "lon": 7.1204319,
        "speed": 2.2,
        "course": 54,
        "heading": 138,
        "destination": "DEHAM",
        "last_position_epoch": 1764571200,
        "last_position_UTC": "2025-12-01T06:40:00Z"
      },
      {
        "lat": 54.292942,
        "lon": 7.0937085,
        "speed": 2.2,
        "course": 63,
        "heading": 140,
        "destination": "DEHAM",
        "last_position_epoch": 1764569340,
        "last_position_UTC": "2025-12-01T06:09:00Z"
      },
      {
        "lat": 54.284252,
        "lon": 7.0635533,
        "speed": 2.2,
        "course": 65,
        "heading": 140,
        "destination": "DEHAM",
        "last_position_epoch": 1764567540,
        "last_position_UTC": "2025-12-01T05:39:00Z"
      },
      {
        "lat": 54.276253,
        "lon": 7.03157,
        "speed": 2.4,
        "course": 69,
        "heading": 144,
        "destination": "DEHAM",
        "last_position_epoch": 1764565800,
        "last_position_UTC": "2025-12-01T05:10:00Z"
      },
      {
        "lat": 54.27108,
        "lon": 6.9970431,
        "speed": 2.5,
        "course": 78,
        "heading": 153,
        "destination": "DEHAM",
        "last_position_epoch": 1764564000,
        "last_position_UTC": "2025-12-01T04:40:00Z"
      },
      {
        "lat": 54.269352,
        "lon": 6.9707499,
        "speed": 2.5,
        "course": 86,
        "heading": 165,
        "destination": "DEHAM",
        "last_position_epoch": 1764562320,
        "last_position_UTC": "2025-12-01T04:12:00Z"
      },
      {
        "lat": 54.269337,
        "lon": 6.9358449,
        "speed": 2.7,
        "course": 90,
        "heading": 173,
        "destination": "DEHAM",
        "last_position_epoch": 1764560700,
        "last_position_UTC": "2025-12-01T03:45:00Z"
      },
      {
        "lat": 54.269901,
        "lon": 6.89434,
        "speed": 2.5,
        "course": 94,
        "heading": 177,
        "destination": "DEHAM",
        "last_position_epoch": 1764558780,
        "last_position_UTC": "2025-12-01T03:13:00Z"
      },
      {
        "lat": 54.270508,
        "lon": 6.859715,
        "speed": 2.5,
        "course": 89,
        "heading": 174,
        "destination": "DEHAM",
        "last_position_epoch": 1764557100,
        "last_position_UTC": "2025-12-01T02:45:00Z"
      },
      {
        "lat": 54.272446,
        "lon": 6.8055034,
        "speed": 2.7,
        "course": 85,
        "heading": 172,
        "destination": "DEHAM",
        "last_position_epoch": 1764553920,
        "last_position_UTC": "2025-12-01T01:52:00Z"
      },
      {
        "lat": 54.275799,
        "lon": 6.7703714,
        "speed": 1.5,
        "course": 101,
        "heading": 179,
        "destination": "DEHAM",
        "last_position_epoch": 1764551820,
        "last_position_UTC": "2025-12-01T01:17:00Z"
      },
      {
        "lat": 54.276897,
        "lon": 6.7547183,
        "speed": 1.5,
        "course": 93,
        "heading": 171,
        "destination": "DEHAM",
        "last_position_epoch": 1764550080,
        "last_position_UTC": "2025-12-01T00:48:00Z"
      },
      {
        "lat": 54.278805,
        "lon": 6.7321668,
        "speed": 1.3,
        "course": 107,
        "heading": 187,
        "destination": "DEHAM",
        "last_position_epoch": 1764548520,
        "last_position_UTC": "2025-12-01T00:22:00Z"
      },
      {
        "lat": 54.283119,
        "lon": 6.7121215,
        "speed": 1.2,
        "course": 107,
        "heading": 190,
        "destination": "DEHAM",
        "last_position_epoch": 1764546660,
        "last_position_UTC": "2025-11-30T23:51:00Z"
      },
      {
        "lat": 54.294071,
        "lon": 6.6712351,
        "speed": 1.2,
        "course": 103,
        "heading": 186,
        "destination": "DEHAM",
        "last_position_epoch": 1764542820,
        "last_position_UTC": "2025-11-30T22:47:00Z"
      },
      {
        "lat": 54.317196,
        "lon": 6.6653914,
        "speed": 5.5,
        "course": 244,
        "heading": 250,
        "destination": "DEHAM",
        "last_position_epoch": 1764537360,
        "last_position_UTC": "2025-11-30T21:16:00Z"
      },
      {
        "lat": 54.338062,
        "lon": 6.7398915,
        "speed": 5.8,
        "course": 245,
        "heading": 250,
        "destination": "DEHAM",
        "last_position_epoch": 1764535560,
        "last_position_UTC": "2025-11-30T20:46:00Z"
      },
      {
        "lat": 54.395504,
        "lon": 6.9284401,
        "speed": 5.4,
        "course": 239,
        "heading": 248,
        "destination": "DEHAM",
        "last_position_epoch": 1764530220,
        "last_position_UTC": "2025-11-30T19:17:00Z"
      },
      {
        "lat": 54.42482,
        "lon": 7.1039019,
        "speed": 5.1,
        "course": 256,
        "heading": 260,
        "destination": "DEHAM",
        "last_position_epoch": 1764526200,
        "last_position_UTC": "2025-11-30T18:10:00Z"
      },
      {
        "lat": 54.434372,
        "lon": 7.1762099,
        "speed": 4.9,
        "course": 255,
        "heading": 261,
        "destination": "DEHAM",
        "last_position_epoch": 1764524340,
        "last_position_UTC": "2025-11-30T17:39:00Z"
      },
      {
        "lat": 54.438419,
        "lon": 7.2479701,
        "speed": 5.1,
        "course": 269,
        "heading": 270,
        "destination": "DEHAM",
        "last_position_epoch": 1764522540,
        "last_position_UTC": "2025-11-30T17:09:00Z"
      },
      {
        "lat": 54.439655,
        "lon": 7.3030186,
        "speed": 1.7,
        "course": 336,
        "heading": 286,
        "destination": "DEHAM",
        "last_position_epoch": 1764520740,
        "last_position_UTC": "2025-11-30T16:39:00Z"
      },
      {
        "lat": 54.436974,
        "lon": 7.2697549,
        "speed": 3.5,
        "course": 109,
        "heading": 2,
        "destination": "DEHAM",
        "last_position_epoch": 1764518820,
        "last_position_UTC": "2025-11-30T16:07:00Z"
      },
      {
        "lat": 54.445499,
        "lon": 7.2248449,
        "speed": 3.2,
        "course": 102,
        "heading": 351,
        "destination": "DEHAM",
        "last_position_epoch": 1764517140,
        "last_position_UTC": "2025-11-30T15:39:00Z"
      },
      {
        "lat": 54.450039,
        "lon": 7.1772299,
        "speed": 3.4,
        "course": 95,
        "heading": 344,
        "destination": "DEHAM",
        "last_position_epoch": 1764515280,
        "last_position_UTC": "2025-11-30T15:08:00Z"
      },
      {
        "lat": 54.448212,
        "lon": 7.1259332,
        "speed": 3.9,
        "course": 82,
        "heading": 328,
        "destination": "DEHAM",
        "last_position_epoch": 1764513540,
        "last_position_UTC": "2025-11-30T14:39:00Z"
      },
      {
        "lat": 54.443958,
        "lon": 7.0734668,
        "speed": 3.5,
        "course": 79,
        "heading": 322,
        "destination": "DEHAM",
        "last_position_epoch": 1764511740,
        "last_position_UTC": "2025-11-30T14:09:00Z"
      },
      {
        "lat": 54.438545,
        "lon": 7.0208402,
        "speed": 3.5,
        "course": 83,
        "heading": 325,
        "destination": "DEHAM",
        "last_position_epoch": 1764509880,
        "last_position_UTC": "2025-11-30T13:38:00Z"
      },
      {
        "lat": 54.433735,
        "lon": 6.9714866,
        "speed": 3.4,
        "course": 77,
        "heading": 327,
        "destination": "DEHAM",
        "last_position_epoch": 1764508080,
        "last_position_UTC": "2025-11-30T13:08:00Z"
      },
      {
        "lat": 54.428879,
        "lon": 6.9250851,
        "speed": 3,
        "course": 79,
        "heading": 325,
        "destination": "DEHAM",
        "last_position_epoch": 1764506340,
        "last_position_UTC": "2025-11-30T12:39:00Z"
      },
      {
        "lat": 54.421093,
        "lon": 6.8811731,
        "speed": 2.7,
        "course": 70,
        "heading": 326,
        "destination": "DEHAM",
        "last_position_epoch": 1764504480,
        "last_position_UTC": "2025-11-30T12:08:00Z"
      },
      {
        "lat": 54.414333,
        "lon": 6.8409333,
        "speed": 2.7,
        "course": 75,
        "heading": 331,
        "destination": "DEHAM",
        "last_position_epoch": 1764502740,
        "last_position_UTC": "2025-11-30T11:39:00Z"
      },
      {
        "lat": 54.407207,
        "lon": 6.8038702,
        "speed": 2.5,
        "course": 71,
        "heading": 327,
        "destination": "DEHAM",
        "last_position_epoch": 1764501000,
        "last_position_UTC": "2025-11-30T11:10:00Z"
      },
      {
        "lat": 54.40012,
        "lon": 6.7652016,
        "speed": 2.5,
        "course": 77,
        "heading": 332,
        "destination": "DEHAM",
        "last_position_epoch": 1764499140,
        "last_position_UTC": "2025-11-30T10:39:00Z"
      },
      {
        "lat": 54.394619,
        "lon": 6.7285151,
        "speed": 2,
        "course": 79,
        "heading": 336,
        "destination": "DEHAM",
        "last_position_epoch": 1764497400,
        "last_position_UTC": "2025-11-30T10:10:00Z"
      },
      {
        "lat": 54.390934,
        "lon": 6.7051749,
        "speed": 2.4,
        "course": 72,
        "heading": 331,
        "destination": "DEHAM",
        "last_position_epoch": 1764495600,
        "last_position_UTC": "2025-11-30T09:40:00Z"
      },
      {
        "lat": 54.38591,
        "lon": 6.6673265,
        "speed": 2.4,
        "course": 80,
        "heading": 336,
        "destination": "DEHAM",
        "last_position_epoch": 1764493680,
        "last_position_UTC": "2025-11-30T09:08:00Z"
      },
      {
        "lat": 54.373932,
        "lon": 6.6359048,
        "speed": 2.5,
        "course": 30,
        "heading": 290,
        "destination": "DEHAM",
        "last_position_epoch": 1764491940,
        "last_position_UTC": "2025-11-30T08:39:00Z"
      },
      {
        "lat": 54.389729,
        "lon": 6.6519766,
        "speed": 4,
        "course": 189,
        "heading": 210,
        "destination": "DEHAM",
        "last_position_epoch": 1764490200,
        "last_position_UTC": "2025-11-30T08:10:00Z"
      },
      {
        "lat": 54.432167,
        "lon": 6.6853533,
        "speed": 4.4,
        "course": 216,
        "heading": 217,
        "destination": "DEHAM",
        "last_position_epoch": 1764488400,
        "last_position_UTC": "2025-11-30T07:40:00Z"
      },
      {
        "lat": 54.454105,
        "lon": 6.7064867,
        "speed": 3.9,
        "course": 207,
        "heading": 217,
        "destination": "DEHAM",
        "last_position_epoch": 1764486540,
        "last_position_UTC": "2025-11-30T07:09:00Z"
      },
      {
        "lat": 54.471661,
        "lon": 6.7551799,
        "speed": 4.1,
        "course": 252,
        "heading": 238,
        "destination": "DEHAM",
        "last_position_epoch": 1764484740,
        "last_position_UTC": "2025-11-30T06:39:00Z"
      },
      {
        "lat": 54.48584,
        "lon": 6.8151317,
        "speed": 4.8,
        "course": 248,
        "heading": 234,
        "destination": "DEHAM",
        "last_position_epoch": 1764483300,
        "last_position_UTC": "2025-11-30T06:15:00Z"
      },
      {
        "lat": 54.511135,
        "lon": 6.8722248,
        "speed": 4.5,
        "course": 230,
        "heading": 224,
        "destination": "DEHAM",
        "last_position_epoch": 1764481200,
        "last_position_UTC": "2025-11-30T05:40:00Z"
      },
      {
        "lat": 54.536919,
        "lon": 6.9229202,
        "speed": 4.3,
        "course": 234,
        "heading": 226,
        "destination": "DEHAM",
        "last_position_epoch": 1764479400,
        "last_position_UTC": "2025-11-30T05:10:00Z"
      },
      {
        "lat": 54.567356,
        "lon": 6.9278302,
        "speed": 4.8,
        "course": 118,
        "heading": 146,
        "destination": "DEHAM",
        "last_position_epoch": 1764477540,
        "last_position_UTC": "2025-11-30T04:39:00Z"
      },
      {
        "lat": 54.557362,
        "lon": 6.8914533,
        "speed": 2.7,
        "course": 51,
        "heading": 128,
        "destination": "DEHAM",
        "last_position_epoch": 1764475860,
        "last_position_UTC": "2025-11-30T04:11:00Z"
      },
      {
        "lat": 54.547588,
        "lon": 6.8687234,
        "speed": 2.5,
        "course": 56,
        "heading": 133,
        "destination": "DEHAM",
        "last_position_epoch": 1764474240,
        "last_position_UTC": "2025-11-30T03:44:00Z"
      },
      {
        "lat": 54.526672,
        "lon": 6.8018851,
        "speed": 2.7,
        "course": 64,
        "heading": 140,
        "destination": "DEHAM",
        "last_position_epoch": 1764470820,
        "last_position_UTC": "2025-11-30T02:47:00Z"
      },
      {
        "lat": 54.512909,
        "lon": 6.7571001,
        "speed": 2.5,
        "course": 58,
        "heading": 130,
        "destination": "DEHAM",
        "last_position_epoch": 1764469020,
        "last_position_UTC": "2025-11-30T02:17:00Z"
      },
      {
        "lat": 54.501667,
        "lon": 6.7265034,
        "speed": 2.4,
        "course": 55,
        "heading": 128,
        "destination": "DEHAM",
        "last_position_epoch": 1764467220,
        "last_position_UTC": "2025-11-30T01:47:00Z"
      },
      {
        "lat": 54.48225,
        "lon": 6.6833701,
        "speed": 2.2,
        "course": 47,
        "heading": 123,
        "destination": "DEHAM",
        "last_position_epoch": 1764463800,
        "last_position_UTC": "2025-11-30T00:50:00Z"
      },
      {
        "lat": 54.468517,
        "lon": 6.6636515,
        "speed": 1.8,
        "course": 35,
        "heading": 111,
        "destination": "DEHAM",
        "last_position_epoch": 1764462000,
        "last_position_UTC": "2025-11-30T00:20:00Z"
      },
      {
        "lat": 54.453835,
        "lon": 6.64923,
        "speed": 1.8,
        "course": 25,
        "heading": 106,
        "destination": "DEHAM",
        "last_position_epoch": 1764460020,
        "last_position_UTC": "2025-11-29T23:47:00Z"
      },
      {
        "lat": 54.438675,
        "lon": 6.6393218,
        "speed": 2,
        "course": 16,
        "heading": 105,
        "destination": "DEHAM",
        "last_position_epoch": 1764458040,
        "last_position_UTC": "2025-11-29T23:14:00Z"
      },
      {
        "lat": 54.416466,
        "lon": 6.6320648,
        "speed": 2,
        "course": 5,
        "heading": 103,
        "destination": "DEHAM",
        "last_position_epoch": 1764455940,
        "last_position_UTC": "2025-11-29T22:39:00Z"
      },
      {
        "lat": 54.399712,
        "lon": 6.6301298,
        "speed": 1.8,
        "course": 2,
        "heading": 100,
        "destination": "DEHAM",
        "last_position_epoch": 1764454200,
        "last_position_UTC": "2025-11-29T22:10:00Z"
      },
      {
        "lat": 54.388344,
        "lon": 6.6301217,
        "speed": 2,
        "course": 358,
        "heading": 99,
        "destination": "DEHAM",
        "last_position_epoch": 1764452460,
        "last_position_UTC": "2025-11-29T21:41:00Z"
      },
      {
        "lat": 54.370968,
        "lon": 6.6304431,
        "speed": 2,
        "course": 357,
        "heading": 96,
        "destination": "DEHAM",
        "last_position_epoch": 1764450660,
        "last_position_UTC": "2025-11-29T21:11:00Z"
      },
      {
        "lat": 54.34856,
        "lon": 6.6320267,
        "speed": 1.7,
        "course": 356,
        "heading": 99,
        "destination": "DEHAM",
        "last_position_epoch": 1764448860,
        "last_position_UTC": "2025-11-29T20:41:00Z"
      },
      {
        "lat": 54.337585,
        "lon": 6.632925,
        "speed": 1.8,
        "course": 359,
        "heading": 103,
        "destination": "DEHAM",
        "last_position_epoch": 1764447060,
        "last_position_UTC": "2025-11-29T20:11:00Z"
      },
      {
        "lat": 54.321007,
        "lon": 6.6323252,
        "speed": 1.7,
        "course": 3,
        "heading": 102,
        "destination": "DEHAM",
        "last_position_epoch": 1764445200,
        "last_position_UTC": "2025-11-29T19:40:00Z"
      },
      {
        "lat": 54.307072,
        "lon": 6.6283731,
        "speed": 0.8,
        "course": 53,
        "heading": 153,
        "destination": "DEHAM",
        "last_position_epoch": 1764443400,
        "last_position_UTC": "2025-11-29T19:10:00Z"
      },
      {
        "lat": 54.323112,
        "lon": 6.6306767,
        "speed": 3.7,
        "course": 241,
        "heading": 218,
        "destination": "DEHAM",
        "last_position_epoch": 1764441600,
        "last_position_UTC": "2025-11-29T18:40:00Z"
      },
      {
        "lat": 54.340759,
        "lon": 6.7215252,
        "speed": 7,
        "course": 243,
        "heading": 232,
        "destination": "DEHAM",
        "last_position_epoch": 1764439680,
        "last_position_UTC": "2025-11-29T18:08:00Z"
      },
      {
        "lat": 54.372604,
        "lon": 6.816175,
        "speed": 5.4,
        "course": 251,
        "heading": 236,
        "destination": "DEHAM",
        "last_position_epoch": 1764437940,
        "last_position_UTC": "2025-11-29T17:39:00Z"
      },
      {
        "lat": 54.360672,
        "lon": 6.8148484,
        "speed": 2,
        "course": 37,
        "heading": 279,
        "destination": "DEHAM",
        "last_position_epoch": 1764436140,
        "last_position_UTC": "2025-11-29T17:09:00Z"
      },
      {
        "lat": 54.342819,
        "lon": 6.7885952,
        "speed": 1.8,
        "course": 48,
        "heading": 280,
        "destination": "DEHAM",
        "last_position_epoch": 1764434280,
        "last_position_UTC": "2025-11-29T16:38:00Z"
      },
      {
        "lat": 54.331753,
        "lon": 6.7679248,
        "speed": 1.8,
        "course": 47,
        "heading": 282,
        "destination": "DEHAM",
        "last_position_epoch": 1764432600,
        "last_position_UTC": "2025-11-29T16:10:00Z"
      },
      {
        "lat": 54.324699,
        "lon": 6.7532349,
        "speed": 2,
        "course": 51,
        "heading": 279,
        "destination": "DEHAM",
        "last_position_epoch": 1764430740,
        "last_position_UTC": "2025-11-29T15:39:00Z"
      },
      {
        "lat": 54.313213,
        "lon": 6.7359486,
        "speed": 1.5,
        "course": 27,
        "heading": 260,
        "destination": "DEHAM",
        "last_position_epoch": 1764428940,
        "last_position_UTC": "2025-11-29T15:09:00Z"
      },
      {
        "lat": 54.312103,
        "lon": 6.7532048,
        "speed": 6,
        "course": 263,
        "heading": 257,
        "destination": "DEHAM",
        "last_position_epoch": 1764427200,
        "last_position_UTC": "2025-11-29T14:40:00Z"
      }
    ]
  },
  "meta": {
    "duration": 0.028839661,
    "endpoint": "/api/v0/vessel_history",
    "success": true
  }
}