{
  "data": {
    "uuid": "85e8ddf8-88c3-26db-fcb8-a5e8eda6b75e",
    "name": "ONE TRUST",
    "mmsi": "538007378",
    "imo": "9769283",
    "eni": null,
    "country_iso": "MH",
    "type": "Cargo - Hazard A (Major)",
    "type_specific": "Container Ship",
    "positions": [
      {
        "lat": 26.583067,
        "lon": 122.48921,
        "speed": 16,
        "course": 13,
        "heading": 13,
        "destination": "CN YSA",
        "last_position_epoch": 1765029120,
        "last_position_UTC": "2025-12-06T13:52:00Z"
      },
      {
        "lat": 26.444206,
        "lon": 122.45274,
        "speed": 15.3,
        "course": 12,
        "heading": 13,
        "destination": "CN YSA",
        "last_position_epoch": 1765027260,
        "last_position_UTC": "2025-12-06T13:21:00Z"
      },
      {
        "lat": 26.314014,
        "lon": 122.42352,
        "speed": 16.2,
        "course": 13,
        "heading": 13,
        "destination": "CN YSA",
        "last_position_epoch": 1765025520,
        "last_position_UTC": "2025-12-06T12:52:00Z"
      },
      {
        "lat": 26.116114,
        "lon": 122.3706,
        "speed": 15.8,
        "course": 15,
        "heading": null,
        "destination": "CN YSA",
        "last_position_epoch": 1765023540,
        "last_position_UTC": "2025-12-06T12:19:00Z"
      },
      {
        "lat": 25.611996,
        "lon": 122.30515,
        "speed": 18.7,
        "course": 349,
        "heading": null,
        "destination": "CN YSA",
        "last_position_epoch": 1765016340,
        "last_position_UTC": "2025-12-06T10:19:00Z"
      },
      {
        "lat": 25.495975,
        "lon": 122.32980166666667,
        "speed": 17.2,
        "course": 348.8,
        "heading": 350,
        "destination": "CN YSA",
        "last_position_epoch": 1765015007,
        "last_position_UTC": "2025-12-06T09:56:47Z"
      },
      {
        "lat": 25.385161666666665,
        "lon": 122.35292833333334,
        "speed": 16.1,
        "course": 350.2,
        "heading": 350,
        "destination": "CN YSA",
        "last_position_epoch": 1765013555,
        "last_position_UTC": "2025-12-06T09:32:35Z"
      },
      {
        "lat": 25.245231666666665,
        "lon": 122.34604833333333,
        "speed": 16.2,
        "course": 13.6,
        "heading": 14,
        "destination": "CN YSA",
        "last_position_epoch": 1765011653,
        "last_position_UTC": "2025-12-06T09:00:53Z"
      },
      {
        "lat": 25.16064,
        "lon": 122.325585,
        "speed": 16,
        "course": 23.3,
        "heading": 24,
        "destination": "CN YSA",
        "last_position_epoch": 1765010513,
        "last_position_UTC": "2025-12-06T08:41:53Z"
      },
      {
        "lat": 25.01605,
        "lon": 122.30234666666666,
        "speed": 15.7,
        "course": 0.9,
        "heading": 4,
        "destination": "CN YSA",
        "last_position_epoch": 1765008481,
        "last_position_UTC": "2025-12-06T08:08:01Z"
      },
      {
        "lat": 24.882141666666666,
        "lon": 122.28590333333334,
        "speed": 16.4,
        "course": 9.8,
        "heading": 11,
        "destination": "CN YSA",
        "last_position_epoch": 1765006679,
        "last_position_UTC": "2025-12-06T07:37:59Z"
      },
      {
        "lat": 24.745241666666665,
        "lon": 122.25925833333334,
        "speed": 16.7,
        "course": 10,
        "heading": 12,
        "destination": "CN YSA",
        "last_position_epoch": 1765004873,
        "last_position_UTC": "2025-12-06T07:07:53Z"
      },
      {
        "lat": 24.613073333333332,
        "lon": 122.23089833333333,
        "speed": 17.2,
        "course": 8.9,
        "heading": 10,
        "destination": "CN YSA",
        "last_position_epoch": 1765003187,
        "last_position_UTC": "2025-12-06T06:39:47Z"
      },
      {
        "lat": 24.489845,
        "lon": 122.22491833333333,
        "speed": 15.1,
        "course": 358.3,
        "heading": 358,
        "destination": "CN YSA",
        "last_position_epoch": 1765001545,
        "last_position_UTC": "2025-12-06T06:12:25Z"
      },
      {
        "lat": 24.335486666666668,
        "lon": 122.183635,
        "speed": 16.9,
        "course": 15,
        "heading": 16,
        "destination": "CN YSA",
        "last_position_epoch": 1764999444,
        "last_position_UTC": "2025-12-06T05:37:24Z"
      },
      {
        "lat": 24.216923333333334,
        "lon": 122.14523833333334,
        "speed": 16.3,
        "course": 17.9,
        "heading": 19,
        "destination": "CN YSA",
        "last_position_epoch": 1764997847,
        "last_position_UTC": "2025-12-06T05:10:47Z"
      },
      {
        "lat": 23.954096,
        "lon": 122.05512,
        "speed": 17,
        "course": 12,
        "heading": null,
        "destination": "CN YSA",
        "last_position_epoch": 1764994920,
        "last_position_UTC": "2025-12-06T04:22:00Z"
      },
      {
        "lat": 23.828543,
        "lon": 122.02875,
        "speed": 16.8,
        "course": 10,
        "heading": null,
        "destination": "CN YSA",
        "last_position_epoch": 1764992820,
        "last_position_UTC": "2025-12-06T03:47:00Z"
      },
      {
        "lat": 22.965687,
        "lon": 121.72063,
        "speed": 16.1,
        "course": 14,
        "heading": 16,
        "destination": "CN YSA",
        "last_position_epoch": 1764980400,
        "last_position_UTC": "2025-12-06T00:20:00Z"
      },
      {
        "lat": 22.849358,
        "lon": 121.68904,
        "speed": 16.2,
        "course": 15,
        "heading": 17,
        "destination": "CN YSA",
        "last_position_epoch": 1764978780,
        "last_position_UTC": "2025-12-05T23:53:00Z"
      },
      {
        "lat": 22.700369,
        "lon": 121.64485,
        "speed": 16.6,
        "course": 15,
        "heading": 18,
        "destination": "CN YSA",
        "last_position_epoch": 1764977100,
        "last_position_UTC": "2025-12-05T23:25:00Z"
      },
      {
        "lat": 22.609478,
        "lon": 121.60488,
        "speed": 15.1,
        "course": 25,
        "heading": 25,
        "destination": "CN YSA",
        "last_position_epoch": 1764975240,
        "last_position_UTC": "2025-12-05T22:54:00Z"
      },
      {
        "lat": 22.495886,
        "lon": 121.53397,
        "speed": 14.8,
        "course": 30,
        "heading": 33,
        "destination": "CN YSA",
        "last_position_epoch": 1764973380,
        "last_position_UTC": "2025-12-05T22:23:00Z"
      },
      {
        "lat": 22.385956,
        "lon": 121.46458,
        "speed": 15.5,
        "course": 30,
        "heading": 30,
        "destination": "CN YSA",
        "last_position_epoch": 1764971580,
        "last_position_UTC": "2025-12-05T21:53:00Z"
      },
      {
        "lat": 22.239576,
        "lon": 121.37001,
        "speed": 15.6,
        "course": 28,
        "heading": 29,
        "destination": "CN YSA",
        "last_position_epoch": 1764969780,
        "last_position_UTC": "2025-12-05T21:23:00Z"
      },
      {
        "lat": 22.133575,
        "lon": 121.32232,
        "speed": 16.2,
        "course": 6,
        "heading": 5,
        "destination": "CN YSA",
        "last_position_epoch": 1764967980,
        "last_position_UTC": "2025-12-05T20:53:00Z"
      },
      {
        "lat": 21.974937,
        "lon": 121.2943,
        "speed": 16.1,
        "course": 11,
        "heading": 8,
        "destination": "CN YSA",
        "last_position_epoch": 1764965820,
        "last_position_UTC": "2025-12-05T20:17:00Z"
      },
      {
        "lat": 21.732983,
        "lon": 121.22472,
        "speed": 16,
        "course": 17,
        "heading": null,
        "destination": "CN YSA",
        "last_position_epoch": 1764962340,
        "last_position_UTC": "2025-12-05T19:19:00Z"
      },
      {
        "lat": 21.577509,
        "lon": 121.16935,
        "speed": 16.5,
        "course": 19,
        "heading": null,
        "destination": "CN YSA",
        "last_position_epoch": 1764960480,
        "last_position_UTC": "2025-12-05T18:48:00Z"
      },
      {
        "lat": 21.465549,
        "lon": 121.13638,
        "speed": 16.1,
        "course": 10,
        "heading": 4,
        "destination": "CN YSA",
        "last_position_epoch": 1764958980,
        "last_position_UTC": "2025-12-05T18:23:00Z"
      },
      {
        "lat": 21.320129,
        "lon": 121.10588,
        "speed": 16.7,
        "course": 15,
        "heading": null,
        "destination": "CN YSA",
        "last_position_epoch": 1764957060,
        "last_position_UTC": "2025-12-05T17:51:00Z"
      },
      {
        "lat": 21.22509,
        "lon": 121.07453,
        "speed": 16.7,
        "course": 19,
        "heading": 15,
        "destination": "CN YSA",
        "last_position_epoch": 1764955380,
        "last_position_UTC": "2025-12-05T17:23:00Z"
      },
      {
        "lat": 21.071079,
        "lon": 121.01989,
        "speed": 16.3,
        "course": 23,
        "heading": 23,
        "destination": "CN YSA",
        "last_position_epoch": 1764953460,
        "last_position_UTC": "2025-12-05T16:51:00Z"
      },
      {
        "lat": 20.921137,
        "lon": 120.95529,
        "speed": 16.6,
        "course": 22,
        "heading": 23,
        "destination": "CN YSA",
        "last_position_epoch": 1764951420,
        "last_position_UTC": "2025-12-05T16:17:00Z"
      },
      {
        "lat": 20.791203,
        "lon": 120.90129,
        "speed": 16.5,
        "course": 21,
        "heading": 23,
        "destination": "CN YSA",
        "last_position_epoch": 1764949680,
        "last_position_UTC": "2025-12-05T15:48:00Z"
      },
      {
        "lat": 20.690365,
        "lon": 120.86089,
        "speed": 16.2,
        "course": 20,
        "heading": null,
        "destination": "CN YSA",
        "last_position_epoch": 1764947940,
        "last_position_UTC": "2025-12-05T15:19:00Z"
      },
      {
        "lat": 20.551607,
        "lon": 120.80486,
        "speed": 16.3,
        "course": 20,
        "heading": null,
        "destination": "CN YSA",
        "last_position_epoch": 1764946080,
        "last_position_UTC": "2025-12-05T14:48:00Z"
      },
      {
        "lat": 20.377476,
        "lon": 120.73612,
        "speed": 16.1,
        "course": 20,
        "heading": null,
        "destination": "CN YSA",
        "last_position_epoch": 1764944400,
        "last_position_UTC": "2025-12-05T14:20:00Z"
      },
      {
        "lat": 20.288876,
        "lon": 120.70179,
        "speed": 16.6,
        "course": 20,
        "heading": null,
        "destination": "CN YSA",
        "last_position_epoch": 1764942660,
        "last_position_UTC": "2025-12-05T13:51:00Z"
      },
      {
        "lat": 20.144476,
        "lon": 120.63791,
        "speed": 17.3,
        "course": 22,
        "heading": null,
        "destination": "CN YSA",
        "last_position_epoch": 1764940740,
        "last_position_UTC": "2025-12-05T13:19:00Z"
      },
      {
        "lat": 20.054977,
        "lon": 120.60101,
        "speed": 16.3,
        "course": 21,
        "heading": null,
        "destination": "CN YSA",
        "last_position_epoch": 1764939120,
        "last_position_UTC": "2025-12-05T12:52:00Z"
      },
      {
        "lat": 19.914522,
        "lon": 120.54451,
        "speed": 15.8,
        "course": 21,
        "heading": null,
        "destination": "CN YSA",
        "last_position_epoch": 1764937140,
        "last_position_UTC": "2025-12-05T12:19:00Z"
      },
      {
        "lat": 19.788921,
        "lon": 120.49517,
        "speed": 15.3,
        "course": 19,
        "heading": null,
        "destination": "CN YSA",
        "last_position_epoch": 1764935460,
        "last_position_UTC": "2025-12-05T11:51:00Z"
      },
      {
        "lat": 19.427282,
        "lon": 120.37061,
        "speed": 15.6,
        "course": 4,
        "heading": null,
        "destination": "CN YSA",
        "last_position_epoch": 1764930060,
        "last_position_UTC": "2025-12-05T10:21:00Z"
      },
      {
        "lat": 19.282833,
        "lon": 120.35838,
        "speed": 15.8,
        "course": 6,
        "heading": null,
        "destination": "CN YSA",
        "last_position_epoch": 1764928140,
        "last_position_UTC": "2025-12-05T09:49:00Z"
      },
      {
        "lat": 19.15708,
        "lon": 120.33167,
        "speed": 15,
        "course": 15,
        "heading": null,
        "destination": "CN YSA",
        "last_position_epoch": 1764926340,
        "last_position_UTC": "2025-12-05T09:19:00Z"
      },
      {
        "lat": 18.918308,
        "lon": 120.25249,
        "speed": 14.6,
        "course": 11,
        "heading": 20,
        "destination": "CN YSA",
        "last_position_epoch": 1764922860,
        "last_position_UTC": "2025-12-05T08:21:00Z"
      },
      {
        "lat": 18.669664,
        "lon": 120.19787,
        "speed": 15.6,
        "course": 12,
        "heading": 17,
        "destination": "CN YSA",
        "last_position_epoch": 1764919260,
        "last_position_UTC": "2025-12-05T07:21:00Z"
      },
      {
        "lat": 18.513056,
        "lon": 120.17352,
        "speed": 15.8,
        "course": 0,
        "heading": null,
        "destination": "CN YSA",
        "last_position_epoch": 1764917220,
        "last_position_UTC": "2025-12-05T06:47:00Z"
      },
      {
        "lat": 18.381815,
        "lon": 120.17187,
        "speed": 15.3,
        "course": 356,
        "heading": null,
        "destination": "CN YSA",
        "last_position_epoch": 1764915420,
        "last_position_UTC": "2025-12-05T06:17:00Z"
      },
      {
        "lat": 17.779478,
        "lon": 120.07726,
        "speed": 15.3,
        "course": 10,
        "heading": null,
        "destination": "CN YSA",
        "last_position_epoch": 1764906540,
        "last_position_UTC": "2025-12-05T03:49:00Z"
      },
      {
        "lat": 17.412537,
        "lon": 119.95525,
        "speed": 15,
        "course": 21,
        "heading": null,
        "destination": "CN YSA",
        "last_position_epoch": 1764901260,
        "last_position_UTC": "2025-12-05T02:21:00Z"
      },
      {
        "lat": 16.845526,
        "lon": 119.73348,
        "speed": 15.3,
        "course": 14,
        "heading": null,
        "destination": "CN YSA",
        "last_position_epoch": 1764892320,
        "last_position_UTC": "2025-12-04T23:52:00Z"
      },
      {
        "lat": 16.718227,
        "lon": 119.70084,
        "speed": 15.5,
        "course": 14,
        "heading": null,
        "destination": "CN YSA",
        "last_position_epoch": 1764890280,
        "last_position_UTC": "2025-12-04T23:18:00Z"
      },
      {
        "lat": 16.600082,
        "lon": 119.64644,
        "speed": 15.3,
        "course": 28,
        "heading": null,
        "destination": "CN YSA",
        "last_position_epoch": 1764888420,
        "last_position_UTC": "2025-12-04T22:47:00Z"
      },
      {
        "lat": 16.445196,
        "lon": 119.56554,
        "speed": 15.6,
        "course": 25,
        "heading": null,
        "destination": "CN YSA",
        "last_position_epoch": 1764886620,
        "last_position_UTC": "2025-12-04T22:17:00Z"
      },
      {
        "lat": 16.363117,
        "lon": 119.53014,
        "speed": 15.8,
        "course": 22,
        "heading": null,
        "destination": "CN YSA",
        "last_position_epoch": 1764884820,
        "last_position_UTC": "2025-12-04T21:47:00Z"
      },
      {
        "lat": 16.239353,
        "lon": 119.47904,
        "speed": 15.8,
        "course": 20,
        "heading": null,
        "destination": "CN YSA",
        "last_position_epoch": 1764883140,
        "last_position_UTC": "2025-12-04T21:19:00Z"
      },
      {
        "lat": 15.982683,
        "lon": 119.39941,
        "speed": 15.8,
        "course": 13,
        "heading": null,
        "destination": "CN YSA",
        "last_position_epoch": 1764879420,
        "last_position_UTC": "2025-12-04T20:17:00Z"
      },
      {
        "lat": 15.85934,
        "lon": 119.36093,
        "speed": 15,
        "course": 18,
        "heading": null,
        "destination": "CN YSA",
        "last_position_epoch": 1764877920,
        "last_position_UTC": "2025-12-04T19:52:00Z"
      },
      {
        "lat": 15.73869,
        "lon": 119.31961,
        "speed": 15.3,
        "course": 18,
        "heading": null,
        "destination": "CN YSA",
        "last_position_epoch": 1764876060,
        "last_position_UTC": "2025-12-04T19:21:00Z"
      },
      {
        "lat": 15.602545,
        "lon": 119.27274,
        "speed": 15.3,
        "course": 18,
        "heading": 15,
        "destination": "CN YSA",
        "last_position_epoch": 1764874320,
        "last_position_UTC": "2025-12-04T18:52:00Z"
      },
      {
        "lat": 15.491343,
        "lon": 119.23685,
        "speed": 15.3,
        "course": 17,
        "heading": 13,
        "destination": "CN YSA",
        "last_position_epoch": 1764872580,
        "last_position_UTC": "2025-12-04T18:23:00Z"
      },
      {
        "lat": 15.1367,
        "lon": 119.12502,
        "speed": 13.8,
        "course": 16,
        "heading": 65,
        "destination": "CN YSA",
        "last_position_epoch": 1764866940,
        "last_position_UTC": "2025-12-04T16:49:00Z"
      },
      {
        "lat": 10.177836,
        "lon": 117.72002,
        "speed": 15.3,
        "course": 34,
        "heading": 33,
        "destination": "CN YSA",
        "last_position_epoch": 1764795120,
        "last_position_UTC": "2025-12-03T20:52:00Z"
      },
      {
        "lat": 7.2508135,
        "lon": 115.25652,
        "speed": 17.7,
        "course": 48,
        "heading": null,
        "destination": "CN YSA",
        "last_position_epoch": 1764741180,
        "last_position_UTC": "2025-12-03T05:53:00Z"
      },
      {
        "lat": 7.1405749,
        "lon": 115.13124,
        "speed": 15.8,
        "course": 48,
        "heading": null,
        "destination": "CN YSA",
        "last_position_epoch": 1764739020,
        "last_position_UTC": "2025-12-03T05:17:00Z"
      },
      {
        "lat": 6.9137917,
        "lon": 114.86132,
        "speed": 15.6,
        "course": 49,
        "heading": null,
        "destination": "CN YSA",
        "last_position_epoch": 1764733920,
        "last_position_UTC": "2025-12-03T03:52:00Z"
      },
      {
        "lat": 6.7330432,
        "lon": 114.65839,
        "speed": 15.3,
        "course": 49,
        "heading": null,
        "destination": "CN YSA",
        "last_position_epoch": 1764730080,
        "last_position_UTC": "2025-12-03T02:48:00Z"
      },
      {
        "lat": 4.6078415,
        "lon": 111.24007,
        "speed": 14.8,
        "course": 57,
        "heading": 54,
        "destination": "CN YSA",
        "last_position_epoch": 1764672600,
        "last_position_UTC": "2025-12-02T10:50:00Z"
      },
      {
        "lat": 4.5537186,
        "lon": 111.15675,
        "speed": 14.8,
        "course": 57,
        "heading": 54,
        "destination": "CN YSA",
        "last_position_epoch": 1764671220,
        "last_position_UTC": "2025-12-02T10:27:00Z"
      },
      {
        "lat": 4.4696531,
        "lon": 111.00774,
        "speed": 14.8,
        "course": 64,
        "heading": 63,
        "destination": "CN YSA",
        "last_position_epoch": 1764668880,
        "last_position_UTC": "2025-12-02T09:48:00Z"
      },
      {
        "lat": 4.3587866,
        "lon": 110.7954,
        "speed": 15.3,
        "course": 60,
        "heading": 59,
        "destination": "CN YSA",
        "last_position_epoch": 1764665640,
        "last_position_UTC": "2025-12-02T08:54:00Z"
      },
      {
        "lat": 3.7884784,
        "lon": 109.80144,
        "speed": 15.3,
        "course": 61,
        "heading": null,
        "destination": "CN YSA",
        "last_position_epoch": 1764649200,
        "last_position_UTC": "2025-12-02T04:20:00Z"
      },
      {
        "lat": 3.7376866,
        "lon": 109.70889,
        "speed": 15.1,
        "course": 61,
        "heading": null,
        "destination": "CN YSA",
        "last_position_epoch": 1764647760,
        "last_position_UTC": "2025-12-02T03:56:00Z"
      },
      {
        "lat": 3.55288,
        "lon": 109.37443,
        "speed": 15.5,
        "course": 60,
        "heading": null,
        "destination": "CN YSA",
        "last_position_epoch": 1764642120,
        "last_position_UTC": "2025-12-02T02:22:00Z"
      },
      {
        "lat": 3.357945,
        "lon": 109.031,
        "speed": 15.6,
        "course": 64,
        "heading": null,
        "destination": "CN YSA",
        "last_position_epoch": 1764636900,
        "last_position_UTC": "2025-12-02T00:55:00Z"
      },
      {
        "lat": 2.4919333,
        "lon": 106.954,
        "speed": 14.8,
        "course": 62,
        "heading": 61,
        "destination": "CN YSA",
        "last_position_epoch": 1764604860,
        "last_position_UTC": "2025-12-01T16:01:00Z"
      },
      {
        "lat": 2.4274349,
        "lon": 106.81367,
        "speed": 15.1,
        "course": 68,
        "heading": 65,
        "destination": "CN YSA",
        "last_position_epoch": 1764602760,
        "last_position_UTC": "2025-12-01T15:26:00Z"
      },
      {
        "lat": 2.3889849,
        "lon": 106.71633,
        "speed": 15.3,
        "course": 68,
        "heading": 66,
        "destination": "CN YSA",
        "last_position_epoch": 1764601260,
        "last_position_UTC": "2025-12-01T15:01:00Z"
      },
      {
        "lat": 2.3224416,
        "lon": 106.54692,
        "speed": 15.6,
        "course": 68,
        "heading": 65,
        "destination": "CN YSA",
        "last_position_epoch": 1764598740,
        "last_position_UTC": "2025-12-01T14:19:00Z"
      },
      {
        "lat": 2.2927151,
        "lon": 106.47243,
        "speed": 15.6,
        "course": 68,
        "heading": 66,
        "destination": "CN YSA",
        "last_position_epoch": 1764597720,
        "last_position_UTC": "2025-12-01T14:02:00Z"
      },
      {
        "lat": 2.2334833,
        "lon": 106.32999,
        "speed": 16.1,
        "course": 67,
        "heading": 65,
        "destination": "CN YSA",
        "last_position_epoch": 1764595680,
        "last_position_UTC": "2025-12-01T13:28:00Z"
      },
      {
        "lat": 2.1972034,
        "lon": 106.24169,
        "speed": 16,
        "course": 67,
        "heading": 64,
        "destination": "CN YSA",
        "last_position_epoch": 1764594000,
        "last_position_UTC": "2025-12-01T13:00:00Z"
      },
      {
        "lat": 2.1455901,
        "lon": 106.11013,
        "speed": 15.8,
        "course": 69,
        "heading": null,
        "destination": "CN YSA",
        "last_position_epoch": 1764592140,
        "last_position_UTC": "2025-12-01T12:29:00Z"
      },
      {
        "lat": 2.0894401,
        "lon": 105.97159,
        "speed": 15.5,
        "course": 66,
        "heading": null,
        "destination": "CN YSA",
        "last_position_epoch": 1764590100,
        "last_position_UTC": "2025-12-01T11:55:00Z"
      },
      {
        "lat": 2.0388899,
        "lon": 105.85096,
        "speed": 15.3,
        "course": 70,
        "heading": null,
        "destination": "CN YSA",
        "last_position_epoch": 1764588480,
        "last_position_UTC": "2025-12-01T11:28:00Z"
      },
      {
        "lat": 2.0049884,
        "lon": 105.72625,
        "speed": 15.5,
        "course": 74,
        "heading": null,
        "destination": "CN YSA",
        "last_position_epoch": 1764586740,
        "last_position_UTC": "2025-12-01T10:59:00Z"
      },
      {
        "lat": 1.9541767,
        "lon": 105.60442,
        "speed": 15.5,
        "course": 63,
        "heading": null,
        "destination": "CN YSA",
        "last_position_epoch": 1764584940,
        "last_position_UTC": "2025-12-01T10:29:00Z"
      },
      {
        "lat": 1.899425,
        "lon": 105.48328,
        "speed": 15.3,
        "course": 67,
        "heading": null,
        "destination": "CN YSA",
        "last_position_epoch": 1764583200,
        "last_position_UTC": "2025-12-01T10:00:00Z"
      },
      {
        "lat": 1.857155,
        "lon": 105.36911,
        "speed": 15.3,
        "course": 73,
        "heading": null,
        "destination": "CN YSA",
        "last_position_epoch": 1764580980,
        "last_position_UTC": "2025-12-01T09:23:00Z"
      },
      {
        "lat": 1.8174367,
        "lon": 105.27439,
        "speed": 15.1,
        "course": 64,
        "heading": 61,
        "destination": "CN YSA",
        "last_position_epoch": 1764579660,
        "last_position_UTC": "2025-12-01T09:01:00Z"
      },
      {
        "lat": 1.75131,
        "lon": 105.11423,
        "speed": 15.1,
        "course": 69,
        "heading": 66,
        "destination": "CN YSA",
        "last_position_epoch": 1764577920,
        "last_position_UTC": "2025-12-01T08:32:00Z"
      },
      {
        "lat": 1.7198467,
        "lon": 105.03144,
        "speed": 14.8,
        "course": 69,
        "heading": 65,
        "destination": "CN YSA",
        "last_position_epoch": 1764576000,
        "last_position_UTC": "2025-12-01T08:00:00Z"
      },
      {
        "lat": 1.6733533,
        "lon": 104.91228,
        "speed": 14.6,
        "course": 68,
        "heading": 65,
        "destination": "CN YSA",
        "last_position_epoch": 1764574200,
        "last_position_UTC": "2025-12-01T07:30:00Z"
      },
      {
        "lat": 1.621465,
        "lon": 104.79527,
        "speed": 14.6,
        "course": 65,
        "heading": 64,
        "destination": "CN YSA",
        "last_position_epoch": 1764572400,
        "last_position_UTC": "2025-12-01T07:00:00Z"
      },
      {
        "lat": 1.5483967,
        "lon": 104.69328,
        "speed": 14.3,
        "course": 50,
        "heading": 49,
        "destination": "CN YSA",
        "last_position_epoch": 1764570660,
        "last_position_UTC": "2025-12-01T06:31:00Z"
      },
      {
        "lat": 1.5158533,
        "lon": 104.64984,
        "speed": 4.9,
        "course": 59,
        "heading": 54,
        "destination": "CN YSA",
        "last_position_epoch": 1764568920,
        "last_position_UTC": "2025-12-01T06:02:00Z"
      },
      {
        "lat": 1.4654983,
        "lon": 104.57847,
        "speed": 15,
        "course": 52,
        "heading": 51,
        "destination": "CN YSA",
        "last_position_epoch": 1764567120,
        "last_position_UTC": "2025-12-01T05:32:00Z"
      },
      {
        "lat": 1.4034016,
        "lon": 104.46354,
        "speed": 15.3,
        "course": 60,
        "heading": 59,
        "destination": "CN YSA",
        "last_position_epoch": 1764565260,
        "last_position_UTC": "2025-12-01T05:01:00Z"
      },
      {
        "lat": 1.3284117,
        "lon": 104.36748,
        "speed": 14.6,
        "course": 46,
        "heading": 45,
        "destination": "CN YSA",
        "last_position_epoch": 1764563580,
        "last_position_UTC": "2025-12-01T04:33:00Z"
      },
      {
        "lat": 1.28369,
        "lon": 104.28744333333333,
        "speed": 14.6,
        "course": 82.3,
        "heading": 81,
        "destination": "CN YSA",
        "last_position_epoch": 1764562068,
        "last_position_UTC": "2025-12-01T04:07:48Z"
      },
      {
        "lat": 1.2711066666666666,
        "lon": 104.18732333333334,
        "speed": 14.8,
        "course": 84.6,
        "heading": 83,
        "destination": "CN YSA",
        "last_position_epoch": 1764560578,
        "last_position_UTC": "2025-12-01T03:42:58Z"
      },
      {
        "lat": 1.2547366666666666,
        "lon": 104.06599166666666,
        "speed": 5.9,
        "course": 81,
        "heading": 80,
        "destination": "CN YSA",
        "last_position_epoch": 1764558478,
        "last_position_UTC": "2025-12-01T03:07:58Z"
      },
      {
        "lat": 1.23913,
        "lon": 103.99426666666666,
        "speed": 13.8,
        "course": 71.8,
        "heading": 70,
        "destination": "CN YSA",
        "last_position_epoch": 1764556978,
        "last_position_UTC": "2025-12-01T02:42:58Z"
      },
      {
        "lat": 1.2047366666666668,
        "lon": 103.88757333333334,
        "speed": 12.6,
        "course": 72,
        "heading": 68,
        "destination": "CN YSA",
        "last_position_epoch": 1764555179,
        "last_position_UTC": "2025-12-01T02:12:59Z"
      },
      {
        "lat": 1.2202966666666668,
        "lon": 103.79430833333333,
        "speed": 11.9,
        "course": 138.7,
        "heading": 137,
        "destination": "CN YSA",
        "last_position_epoch": 1764553378,
        "last_position_UTC": "2025-12-01T01:42:58Z"
      },
      {
        "lat": 1.2751033333333333,
        "lon": 103.750455,
        "speed": 3.8,
        "course": 216.8,
        "heading": 213,
        "destination": "CN YSA",
        "last_position_epoch": 1764551578,
        "last_position_UTC": "2025-12-01T01:12:58Z"
      },
      {
        "lat": 1.2776949,
        "lon": 103.75426,
        "speed": 0,
        "course": 9,
        "heading": 300,
        "destination": "CN YSA",
        "last_position_epoch": 1764549480,
        "last_position_UTC": "2025-12-01T00:38:00Z"
      },
      {
        "lat": 1.277685,
        "lon": 103.75433666666666,
        "speed": 0,
        "course": 9.3,
        "heading": 300,
        "destination": "CN YSA",
        "last_position_epoch": 1764547905,
        "last_position_UTC": "2025-12-01T00:11:45Z"
      },
      {
        "lat": 1.27765,
        "lon": 103.75433,
        "speed": 0,
        "course": 9,
        "heading": 300,
        "destination": "CN YSA",
        "last_position_epoch": 1764546000,
        "last_position_UTC": "2025-11-30T23:40:00Z"
      },
      {
        "lat": 1.277715,
        "lon": 103.75430833333333,
        "speed": 0,
        "course": 9.3,
        "heading": 300,
        "destination": "CN YSA",
        "last_position_epoch": 1764543944,
        "last_position_UTC": "2025-11-30T23:05:44Z"
      },
      {
        "lat": 1.2776866666666666,
        "lon": 103.754285,
        "speed": 0,
        "course": 9.3,
        "heading": 300,
        "destination": "CN YSA",
        "last_position_epoch": 1764542505,
        "last_position_UTC": "2025-11-30T22:41:45Z"
      },
      {
        "lat": 1.27769,
        "lon": 103.75431333333333,
        "speed": 0,
        "course": 9.3,
        "heading": 300,
        "destination": "CN YSA",
        "last_position_epoch": 1764540700,
        "last_position_UTC": "2025-11-30T22:11:40Z"
      },
      {
        "lat": 1.27771,
        "lon": 103.75429666666666,
        "speed": 0,
        "course": 9.3,
        "heading": 300,
        "destination": "CN YSA",
        "last_position_epoch": 1764538544,
        "last_position_UTC": "2025-11-30T21:35:44Z"
      },
      {
        "lat": 1.277725,
        "lon": 103.75435333333333,
        "speed": 0,
        "course": 9.3,
        "heading": 300,
        "destination": "CN YSA",
        "last_position_epoch": 1764537102,
        "last_position_UTC": "2025-11-30T21:11:42Z"
      },
      {
        "lat": 1.2776633333333334,
        "lon": 103.75433,
        "speed": 0,
        "course": 9.3,
        "heading": 300,
        "destination": "CN YSA",
        "last_position_epoch": 1764535304,
        "last_position_UTC": "2025-11-30T20:41:44Z"
      },
      {
        "lat": 1.2776733333333332,
        "lon": 103.75434833333334,
        "speed": 0,
        "course": 9.3,
        "heading": 300,
        "destination": "CN YSA",
        "last_position_epoch": 1764533499,
        "last_position_UTC": "2025-11-30T20:11:39Z"
      },
      {
        "lat": 1.2777233333333333,
        "lon": 103.754335,
        "speed": 0,
        "course": 9.3,
        "heading": 300,
        "destination": "CN YSA",
        "last_position_epoch": 1764531703,
        "last_position_UTC": "2025-11-30T19:41:43Z"
      },
      {
        "lat": 1.277675,
        "lon": 103.75434166666666,
        "speed": 0,
        "course": 9.3,
        "heading": 300,
        "destination": "CN YSA",
        "last_position_epoch": 1764529899,
        "last_position_UTC": "2025-11-30T19:11:39Z"
      },
      {
        "lat": 1.2776616666666667,
        "lon": 103.75431333333333,
        "speed": 0,
        "course": 9.3,
        "heading": 300,
        "destination": "CN YSA",
        "last_position_epoch": 1764527743,
        "last_position_UTC": "2025-11-30T18:35:43Z"
      },
      {
        "lat": 1.2777016666666667,
        "lon": 103.754305,
        "speed": 0,
        "course": 9.3,
        "heading": 300,
        "destination": "CN YSA",
        "last_position_epoch": 1764526300,
        "last_position_UTC": "2025-11-30T18:11:40Z"
      },
      {
        "lat": 1.27768,
        "lon": 103.75427166666667,
        "speed": 0,
        "course": 9.3,
        "heading": 300,
        "destination": "CN YSA",
        "last_position_epoch": 1764524142,
        "last_position_UTC": "2025-11-30T17:35:42Z"
      },
      {
        "lat": 1.2776466666666666,
        "lon": 103.75430166666666,
        "speed": 0,
        "course": 9.3,
        "heading": 300,
        "destination": "CN YSA",
        "last_position_epoch": 1764522339,
        "last_position_UTC": "2025-11-30T17:05:39Z"
      },
      {
        "lat": 1.2776983333333334,
        "lon": 103.75429833333334,
        "speed": 0,
        "course": 9.3,
        "heading": 300,
        "destination": "CN YSA",
        "last_position_epoch": 1764520542,
        "last_position_UTC": "2025-11-30T16:35:42Z"
      },
      {
        "lat": 1.2776583333333333,
        "lon": 103.75428166666667,
        "speed": 0,
        "course": 9.3,
        "heading": 300,
        "destination": "CN YSA",
        "last_position_epoch": 1764518743,
        "last_position_UTC": "2025-11-30T16:05:43Z"
      },
      {
        "lat": 1.2776783333333332,
        "lon": 103.75432,
        "speed": 0,
        "course": 9.3,
        "heading": 300,
        "destination": "CN YSA",
        "last_position_epoch": 1764516944,
        "last_position_UTC": "2025-11-30T15:35:44Z"
      },
      {
        "lat": 1.2776933333333333,
        "lon": 103.75425833333334,
        "speed": 0,
        "course": 9.3,
        "heading": 300,
        "destination": "CN YSA",
        "last_position_epoch": 1764515138,
        "last_position_UTC": "2025-11-30T15:05:38Z"
      },
      {
        "lat": 1.27767,
        "lon": 103.754345,
        "speed": 0,
        "course": 9.3,
        "heading": 300,
        "destination": "CN YSA",
        "last_position_epoch": 1764513701,
        "last_position_UTC": "2025-11-30T14:41:41Z"
      },
      {
        "lat": 1.2776633333333334,
        "lon": 103.75435,
        "speed": 0,
        "course": 9.3,
        "heading": 300,
        "destination": "CN YSA",
        "last_position_epoch": 1764511543,
        "last_position_UTC": "2025-11-30T14:05:43Z"
      },
      {
        "lat": 1.2776866666666666,
        "lon": 103.75429,
        "speed": 0,
        "course": 9.3,
        "heading": 300,
        "destination": "CN YSA",
        "last_position_epoch": 1764510101,
        "last_position_UTC": "2025-11-30T13:41:41Z"
      },
      {
        "lat": 1.2777083333333332,
        "lon": 103.75431,
        "speed": 0,
        "course": 9.3,
        "heading": 300,
        "destination": "CN YSA",
        "last_position_epoch": 1764508302,
        "last_position_UTC": "2025-11-30T13:11:42Z"
      },
      {
        "lat": 1.2776883333333333,
        "lon": 103.75428666666667,
        "speed": 0,
        "course": 9.3,
        "heading": 300,
        "destination": "CN YSA",
        "last_position_epoch": 1764506502,
        "last_position_UTC": "2025-11-30T12:41:42Z"
      },
      {
        "lat": 1.2776766666666668,
        "lon": 103.75434166666666,
        "speed": 0,
        "course": 9.3,
        "heading": 300,
        "destination": "CN YSA",
        "last_position_epoch": 1764504701,
        "last_position_UTC": "2025-11-30T12:11:41Z"
      },
      {
        "lat": 1.277705,
        "lon": 103.754365,
        "speed": 0,
        "course": 9.3,
        "heading": 300,
        "destination": "CN YSA",
        "last_position_epoch": 1764502541,
        "last_position_UTC": "2025-11-30T11:35:41Z"
      },
      {
        "lat": 1.2776933333333333,
        "lon": 103.75431166666667,
        "speed": 0,
        "course": 9.3,
        "heading": 300,
        "destination": "CN YSA",
        "last_position_epoch": 1764500739,
        "last_position_UTC": "2025-11-30T11:05:39Z"
      },
      {
        "lat": 1.2776866666666666,
        "lon": 103.75431333333333,
        "speed": 0,
        "course": 9.3,
        "heading": 300,
        "destination": "CN YSA",
        "last_position_epoch": 1764499297,
        "last_position_UTC": "2025-11-30T10:41:37Z"
      },
      {
        "lat": 1.2776766666666668,
        "lon": 103.75431333333333,
        "speed": 0,
        "course": 9.3,
        "heading": 300,
        "destination": "CN YSA",
        "last_position_epoch": 1764497501,
        "last_position_UTC": "2025-11-30T10:11:41Z"
      },
      {
        "lat": 1.2776966666666667,
        "lon": 103.754345,
        "speed": 0,
        "course": 9.3,
        "heading": 300,
        "destination": "SG SIN",
        "last_position_epoch": 1764495702,
        "last_position_UTC": "2025-11-30T09:41:42Z"
      },
      {
        "lat": 1.2776733333333332,
        "lon": 103.75434833333334,
        "speed": 0,
        "course": 9.3,
        "heading": 300,
        "destination": "SG SIN",
        "last_position_epoch": 1764493897,
        "last_position_UTC": "2025-11-30T09:11:37Z"
      },
      {
        "lat": 1.2777516666666666,
        "lon": 103.75429,
        "speed": 0,
        "course": 9.3,
        "heading": 300,
        "destination": "SG SIN",
        "last_position_epoch": 1764491920,
        "last_position_UTC": "2025-11-30T08:38:40Z"
      },
      {
        "lat": 1.27769,
        "lon": 103.75434666666666,
        "speed": 0,
        "course": 9.3,
        "heading": 300,
        "destination": "SG SIN",
        "last_position_epoch": 1764489936,
        "last_position_UTC": "2025-11-30T08:05:36Z"
      },
      {
        "lat": 1.2776883333333333,
        "lon": 103.75430833333333,
        "speed": 0,
        "course": 9.3,
        "heading": 300,
        "destination": "SG SIN",
        "last_position_epoch": 1764488501,
        "last_position_UTC": "2025-11-30T07:41:41Z"
      },
      {
        "lat": 1.2777016,
        "lon": 103.7543,
        "speed": 0,
        "course": 0,
        "heading": 300,
        "destination": "SG SIN",
        "last_position_epoch": 1764486721,
        "last_position_UTC": "2025-11-30T07:12:01Z"
      },
      {
        "lat": 1.2776833333333333,
        "lon": 103.754305,
        "speed": 0,
        "course": 9.3,
        "heading": 300,
        "destination": "SG SIN",
        "last_position_epoch": 1764484536,
        "last_position_UTC": "2025-11-30T06:35:36Z"
      },
      {
        "lat": 1.2776966666666667,
        "lon": 103.75434333333334,
        "speed": 0,
        "course": 9.3,
        "heading": 300,
        "destination": "SG SIN",
        "last_position_epoch": 1764482738,
        "last_position_UTC": "2025-11-30T06:05:38Z"
      },
      {
        "lat": 1.277655,
        "lon": 103.75429833333334,
        "speed": 0,
        "course": 9.3,
        "heading": 300,
        "destination": "SG SIN",
        "last_position_epoch": 1764481297,
        "last_position_UTC": "2025-11-30T05:41:37Z"
      },
      {
        "lat": 1.2776766666666668,
        "lon": 103.75431833333333,
        "speed": 0,
        "course": 9.3,
        "heading": 300,
        "destination": "SG SIN",
        "last_position_epoch": 1764479497,
        "last_position_UTC": "2025-11-30T05:11:37Z"
      },
      {
        "lat": 1.2777016666666667,
        "lon": 103.75429166666666,
        "speed": 0,
        "course": 9.3,
        "heading": 300,
        "destination": "SG SIN",
        "last_position_epoch": 1764477695,
        "last_position_UTC": "2025-11-30T04:41:35Z"
      },
      {
        "lat": 1.2776616666666667,
        "lon": 103.75432333333333,
        "speed": 0,
        "course": 9.3,
        "heading": 300,
        "destination": "SG SIN",
        "last_position_epoch": 1764475895,
        "last_position_UTC": "2025-11-30T04:11:35Z"
      },
      {
        "lat": 1.2777133333333333,
        "lon": 103.75426333333333,
        "speed": 0,
        "course": 9.3,
        "heading": 300,
        "destination": "SG SIN",
        "last_position_epoch": 1764473734,
        "last_position_UTC": "2025-11-30T03:35:34Z"
      },
      {
        "lat": 1.2776734,
        "lon": 103.75432,
        "speed": 0,
        "course": 9,
        "heading": 300,
        "destination": "SG SIN",
        "last_position_epoch": 1764471960,
        "last_position_UTC": "2025-11-30T03:06:00Z"
      },
      {
        "lat": 1.2776716666666668,
        "lon": 103.75432666666667,
        "speed": 0,
        "course": 9.3,
        "heading": 300,
        "destination": "SG SIN",
        "last_position_epoch": 1764470315,
        "last_position_UTC": "2025-11-30T02:38:35Z"
      },
      {
        "lat": 1.2776516666666666,
        "lon": 103.75428166666667,
        "speed": 0,
        "course": 9.3,
        "heading": 300,
        "destination": "SG SIN",
        "last_position_epoch": 1764468517,
        "last_position_UTC": "2025-11-30T02:08:37Z"
      },
      {
        "lat": 1.2776666666666667,
        "lon": 103.75425666666666,
        "speed": 0,
        "course": 9.3,
        "heading": 300,
        "destination": "SG SIN",
        "last_position_epoch": 1764466896,
        "last_position_UTC": "2025-11-30T01:41:36Z"
      },
      {
        "lat": 1.2777083333333332,
        "lon": 103.75431166666667,
        "speed": 0,
        "course": 9.3,
        "heading": 300,
        "destination": "SG SIN",
        "last_position_epoch": 1764465098,
        "last_position_UTC": "2025-11-30T01:11:38Z"
      },
      {
        "lat": 1.2777083,
        "lon": 103.75431,
        "speed": 0,
        "course": 9,
        "heading": 300,
        "destination": "SG SIN",
        "last_position_epoch": 1764463140,
        "last_position_UTC": "2025-11-30T00:39:00Z"
      },
      {
        "lat": 1.2776766666666668,
        "lon": 103.75429833333334,
        "speed": 0,
        "course": 9.3,
        "heading": 300,
        "destination": "SG SIN",
        "last_position_epoch": 1764461499,
        "last_position_UTC": "2025-11-30T00:11:39Z"
      },
      {
        "lat": 1.2776433333333332,
        "lon": 103.75431833333333,
        "speed": 0,
        "course": 9.3,
        "heading": 300,
        "destination": "SG SIN",
        "last_position_epoch": 1764459514,
        "last_position_UTC": "2025-11-29T23:38:34Z"
      },
      {
        "lat": 1.277705,
        "lon": 103.75434166666666,
        "speed": 0,
        "course": 9.3,
        "heading": 300,
        "destination": "SG SIN",
        "last_position_epoch": 1764457896,
        "last_position_UTC": "2025-11-29T23:11:36Z"
      },
      {
        "lat": 1.277685,
        "lon": 103.75429166666666,
        "speed": 0,
        "course": 9.3,
        "heading": 300,
        "destination": "SG SIN",
        "last_position_epoch": 1764456096,
        "last_position_UTC": "2025-11-29T22:41:36Z"
      },
      {
        "lat": 1.2776966666666667,
        "lon": 103.75432833333333,
        "speed": 0,
        "course": 9.3,
        "heading": 300,
        "destination": "SG SIN",
        "last_position_epoch": 1764454294,
        "last_position_UTC": "2025-11-29T22:11:34Z"
      },
      {
        "lat": 1.2777633333333334,
        "lon": 103.7543,
        "speed": 0,
        "course": 9.3,
        "heading": 300,
        "destination": "SG SIN",
        "last_position_epoch": 1764452497,
        "last_position_UTC": "2025-11-29T21:41:37Z"
      },
      {
        "lat": 1.2776783333333332,
        "lon": 103.75431666666667,
        "speed": 0,
        "course": 9.3,
        "heading": 300,
        "destination": "SG SIN",
        "last_position_epoch": 1764450696,
        "last_position_UTC": "2025-11-29T21:11:36Z"
      },
      {
        "lat": 1.2776833333333333,
        "lon": 103.75430833333333,
        "speed": 0,
        "course": 9.3,
        "heading": 300,
        "destination": "SG SIN",
        "last_position_epoch": 1764448897,
        "last_position_UTC": "2025-11-29T20:41:37Z"
      },
      {
        "lat": 1.277665,
        "lon": 103.75432333333333,
        "speed": 0,
        "course": 9.3,
        "heading": 300,
        "destination": "SG SIN",
        "last_position_epoch": 1764446735,
        "last_position_UTC": "2025-11-29T20:05:35Z"
      },
      {
        "lat": 1.2776716666666668,
        "lon": 103.75435,
        "speed": 0,
        "course": 9.3,
        "heading": 300,
        "destination": "SG SIN",
        "last_position_epoch": 1764444937,
        "last_position_UTC": "2025-11-29T19:35:37Z"
      },
      {
        "lat": 1.2776666666666667,
        "lon": 103.75435166666666,
        "speed": 0,
        "course": 9.3,
        "heading": 300,
        "destination": "SG SIN",
        "last_position_epoch": 1764443493,
        "last_position_UTC": "2025-11-29T19:11:33Z"
      },
      {
        "lat": 1.2776516666666666,
        "lon": 103.75432,
        "speed": 0,
        "course": 9.3,
        "heading": 300,
        "destination": "SG SIN",
        "last_position_epoch": 1764441697,
        "last_position_UTC": "2025-11-29T18:41:37Z"
      },
      {
        "lat": 1.27766,
        "lon": 103.75434333333334,
        "speed": 0,
        "course": 9.3,
        "heading": 300,
        "destination": "SG SIN",
        "last_position_epoch": 1764439899,
        "last_position_UTC": "2025-11-29T18:11:39Z"
      },
      {
        "lat": 1.2777116666666668,
        "lon": 103.754295,
        "speed": 0,
        "course": 9.3,
        "heading": 300,
        "destination": "SG SIN",
        "last_position_epoch": 1764437871,
        "last_position_UTC": "2025-11-29T17:37:51Z"
      },
      {
        "lat": 1.2775633333333334,
        "lon": 103.75425666666666,
        "speed": 0.1,
        "course": 9.3,
        "heading": 304,
        "destination": "SG SIN",
        "last_position_epoch": 1764436381,
        "last_position_UTC": "2025-11-29T17:13:01Z"
      },
      {
        "lat": 1.2592816666666666,
        "lon": 103.76207166666667,
        "speed": 5,
        "course": 328.1,
        "heading": 327,
        "destination": "SG SIN",
        "last_position_epoch": 1764434571,
        "last_position_UTC": "2025-11-29T16:42:51Z"
      },
      {
        "lat": 1.23956,
        "lon": 103.71801166666667,
        "speed": 10.6,
        "course": 46,
        "heading": 45,
        "destination": "SG SIN",
        "last_position_epoch": 1764432772,
        "last_position_UTC": "2025-11-29T16:12:52Z"
      },
      {
        "lat": 1.1972766666666668,
        "lon": 103.608745,
        "speed": 13.7,
        "course": 79.2,
        "heading": 80,
        "destination": "SG SIN",
        "last_position_epoch": 1764430671,
        "last_position_UTC": "2025-11-29T15:37:51Z"
      },
      {
        "lat": 1.16679,
        "lon": 103.52294333333333,
        "speed": 12.4,
        "course": 77.8,
        "heading": 78,
        "destination": "SG SIN",
        "last_position_epoch": 1764429171,
        "last_position_UTC": "2025-11-29T15:12:51Z"
      },
      {
        "lat": 1.1987866666666667,
        "lon": 103.41344333333333,
        "speed": 11.2,
        "course": 120.7,
        "heading": 120,
        "destination": "SG SIN",
        "last_position_epoch": 1764427072,
        "last_position_UTC": "2025-11-29T14:37:52Z"
      }
    ]
  },
  "meta": {
    "duration": 0.022953792,
    "endpoint": "/api/v0/vessel_history",
    "success": true
  }
}