{
  "data": {
    "uuid": "182dc1fa-1e35-9f56-232f-ddcb0cab41e6",
    "name": "CONFIDENCE",
    "mmsi": "538009273",
    "imo": "9865879",
    "eni": null,
    "country_iso": "MH",
    "type": "Cargo",
    "type_specific": "Container Ship",
    "positions": [
      {
        "lat": 30.971466,
        "lon": 130.88612,
        "speed": 19.7,
        "course": 54,
        "heading": null,
        "destination": "JP TYO",
        "last_position_epoch": 1764992880,
        "last_position_UTC": "2025-12-06T03:48:00Z"
      },
      {
        "lat": 31.071144,
        "lon": 123.84669,
        "speed": 17.1,
        "course": 92,
        "heading": 91,
        "destination": "JP TYO",
        "last_position_epoch": 1764912060,
        "last_position_UTC": "2025-12-05T05:21:00Z"
      },
      {
        "lat": 31.074993,
        "lon": 123.71143,
        "speed": 16.7,
        "course": 90,
        "heading": 91,
        "destination": "JP TYO",
        "last_position_epoch": 1764910320,
        "last_position_UTC": "2025-12-05T04:52:00Z"
      },
      {
        "lat": 31.063053,
        "lon": 123.57257,
        "speed": 16.7,
        "course": 70,
        "heading": 70,
        "destination": "JP TYO",
        "last_position_epoch": 1764908700,
        "last_position_UTC": "2025-12-05T04:25:00Z"
      },
      {
        "lat": 31.040804,
        "lon": 123.38683,
        "speed": 16,
        "course": 97,
        "heading": 98,
        "destination": "JP TYO",
        "last_position_epoch": 1764906780,
        "last_position_UTC": "2025-12-05T03:53:00Z"
      },
      {
        "lat": 31.030863,
        "lon": 123.23905,
        "speed": 15.3,
        "course": 143,
        "heading": 141,
        "destination": "JP TYO",
        "last_position_epoch": 1764904980,
        "last_position_UTC": "2025-12-05T03:23:00Z"
      },
      {
        "lat": 31.065359,
        "lon": 123.15289,
        "speed": 15.6,
        "course": 89,
        "heading": 94,
        "destination": "JP TYO",
        "last_position_epoch": 1764903360,
        "last_position_UTC": "2025-12-05T02:56:00Z"
      },
      {
        "lat": 31.09001,
        "lon": 122.99374,
        "speed": 14.3,
        "course": 113,
        "heading": 115,
        "destination": "JP TYO",
        "last_position_epoch": 1764901440,
        "last_position_UTC": "2025-12-05T02:24:00Z"
      },
      {
        "lat": 31.096807,
        "lon": 122.61432,
        "speed": 12.6,
        "course": 87,
        "heading": 85,
        "destination": "JP TYO",
        "last_position_epoch": 1764895860,
        "last_position_UTC": "2025-12-05T00:51:00Z"
      },
      {
        "lat": 31.09454,
        "lon": 122.51921,
        "speed": 11.8,
        "course": 96,
        "heading": 94,
        "destination": "JP TYO",
        "last_position_epoch": 1764894300,
        "last_position_UTC": "2025-12-05T00:25:00Z"
      },
      {
        "lat": 31.096729,
        "lon": 122.4119,
        "speed": 11.6,
        "course": 89,
        "heading": 87,
        "destination": "JP TYO",
        "last_position_epoch": 1764892320,
        "last_position_UTC": "2025-12-04T23:52:00Z"
      },
      {
        "lat": 31.097754,
        "lon": 122.30973,
        "speed": 10.6,
        "course": 97,
        "heading": 95,
        "destination": "JP TYO",
        "last_position_epoch": 1764890400,
        "last_position_UTC": "2025-12-04T23:20:00Z"
      },
      {
        "lat": 31.143557,
        "lon": 122.23386,
        "speed": 13.1,
        "course": 125,
        "heading": 123,
        "destination": "JP TYO",
        "last_position_epoch": 1764888600,
        "last_position_UTC": "2025-12-04T22:50:00Z"
      },
      {
        "lat": 31.203653,
        "lon": 122.13577,
        "speed": 14.1,
        "course": 126,
        "heading": 125,
        "destination": "JP TYO",
        "last_position_epoch": 1764887160,
        "last_position_UTC": "2025-12-04T22:26:00Z"
      },
      {
        "lat": 31.247561,
        "lon": 121.98573,
        "speed": 14.5,
        "course": 102,
        "heading": 100,
        "destination": "JP TYO",
        "last_position_epoch": 1764885060,
        "last_position_UTC": "2025-12-04T21:51:00Z"
      },
      {
        "lat": 31.266768,
        "lon": 121.8689,
        "speed": 14.6,
        "course": 104,
        "heading": 101,
        "destination": "JP TYO",
        "last_position_epoch": 1764883440,
        "last_position_UTC": "2025-12-04T21:24:00Z"
      },
      {
        "lat": 31.306076,
        "lon": 121.75676,
        "speed": 11.8,
        "course": 114,
        "heading": 108,
        "destination": "JP TYO",
        "last_position_epoch": 1764881760,
        "last_position_UTC": "2025-12-04T20:56:00Z"
      },
      {
        "lat": 31.329121,
        "lon": 121.67056,
        "speed": 0.4,
        "course": 25,
        "heading": 308,
        "destination": "JP TYO",
        "last_position_epoch": 1764879900,
        "last_position_UTC": "2025-12-04T20:25:00Z"
      },
      {
        "lat": 31.329161,
        "lon": 121.67049,
        "speed": 0,
        "course": 329,
        "heading": 305,
        "destination": "JP TYO",
        "last_position_epoch": 1764878280,
        "last_position_UTC": "2025-12-04T19:58:00Z"
      },
      {
        "lat": 31.329109,
        "lon": 121.67048,
        "speed": 0,
        "course": 310,
        "heading": 305,
        "destination": "JP TYO",
        "last_position_epoch": 1764876180,
        "last_position_UTC": "2025-12-04T19:23:00Z"
      },
      {
        "lat": 31.329153,
        "lon": 121.67043,
        "speed": 0,
        "course": 260,
        "heading": 305,
        "destination": "CN SHA",
        "last_position_epoch": 1764872580,
        "last_position_UTC": "2025-12-04T18:23:00Z"
      },
      {
        "lat": 31.329126,
        "lon": 121.67046,
        "speed": 0,
        "course": 260,
        "heading": 305,
        "destination": "CN SHA",
        "last_position_epoch": 1764870840,
        "last_position_UTC": "2025-12-04T17:54:00Z"
      },
      {
        "lat": 31.329136,
        "lon": 121.67046,
        "speed": 0,
        "course": 260,
        "heading": 305,
        "destination": "CN SHA",
        "last_position_epoch": 1764869100,
        "last_position_UTC": "2025-12-04T17:25:00Z"
      },
      {
        "lat": 31.329147,
        "lon": 121.67046,
        "speed": 0,
        "course": 260,
        "heading": 305,
        "destination": "CN SHA",
        "last_position_epoch": 1764867300,
        "last_position_UTC": "2025-12-04T16:55:00Z"
      },
      {
        "lat": 31.329123,
        "lon": 121.67051,
        "speed": 0,
        "course": 260,
        "heading": 305,
        "destination": "CN SHA",
        "last_position_epoch": 1764865620,
        "last_position_UTC": "2025-12-04T16:27:00Z"
      },
      {
        "lat": 31.329187,
        "lon": 121.67043,
        "speed": 0,
        "course": 86,
        "heading": 305,
        "destination": "CN SHA",
        "last_position_epoch": 1764863340,
        "last_position_UTC": "2025-12-04T15:49:00Z"
      },
      {
        "lat": 31.329126,
        "lon": 121.67049,
        "speed": 0,
        "course": 86,
        "heading": 305,
        "destination": "CN SHA",
        "last_position_epoch": 1764861480,
        "last_position_UTC": "2025-12-04T15:18:00Z"
      },
      {
        "lat": 31.329136,
        "lon": 121.67044,
        "speed": 0,
        "course": 86,
        "heading": 305,
        "destination": "CN SHA",
        "last_position_epoch": 1764860040,
        "last_position_UTC": "2025-12-04T14:54:00Z"
      },
      {
        "lat": 31.329136,
        "lon": 121.67048,
        "speed": 0,
        "course": 86,
        "heading": 305,
        "destination": "CN SHA",
        "last_position_epoch": 1764858240,
        "last_position_UTC": "2025-12-04T14:24:00Z"
      },
      {
        "lat": 31.329153,
        "lon": 121.67051,
        "speed": 0,
        "course": 86,
        "heading": 305,
        "destination": "CN SHA",
        "last_position_epoch": 1764856380,
        "last_position_UTC": "2025-12-04T13:53:00Z"
      },
      {
        "lat": 31.3291,
        "lon": 121.67051,
        "speed": 0,
        "course": 86,
        "heading": 306,
        "destination": "CN SHA",
        "last_position_epoch": 1764854520,
        "last_position_UTC": "2025-12-04T13:22:00Z"
      },
      {
        "lat": 31.329121,
        "lon": 121.67048,
        "speed": 0,
        "course": 86,
        "heading": 305,
        "destination": "CN SHA",
        "last_position_epoch": 1764852900,
        "last_position_UTC": "2025-12-04T12:55:00Z"
      },
      {
        "lat": 31.329126,
        "lon": 121.67046,
        "speed": 0,
        "course": 86,
        "heading": 305,
        "destination": "CN SHA",
        "last_position_epoch": 1764851040,
        "last_position_UTC": "2025-12-04T12:24:00Z"
      },
      {
        "lat": 31.329153,
        "lon": 121.67048,
        "speed": 0,
        "course": 86,
        "heading": 305,
        "destination": "CN SHA",
        "last_position_epoch": 1764849300,
        "last_position_UTC": "2025-12-04T11:55:00Z"
      },
      {
        "lat": 31.329086,
        "lon": 121.67055,
        "speed": 0,
        "course": 86,
        "heading": 305,
        "destination": "CN SHA",
        "last_position_epoch": 1764847440,
        "last_position_UTC": "2025-12-04T11:24:00Z"
      },
      {
        "lat": 31.329109,
        "lon": 121.67053,
        "speed": 0,
        "course": 86,
        "heading": 305,
        "destination": "CN SHA",
        "last_position_epoch": 1764845460,
        "last_position_UTC": "2025-12-04T10:51:00Z"
      },
      {
        "lat": 31.329027,
        "lon": 121.67059,
        "speed": 0,
        "course": 86,
        "heading": 305,
        "destination": "CN SHA",
        "last_position_epoch": 1764843840,
        "last_position_UTC": "2025-12-04T10:24:00Z"
      },
      {
        "lat": 31.329121,
        "lon": 121.67053,
        "speed": 0,
        "course": 86,
        "heading": 305,
        "destination": "CN SHA",
        "last_position_epoch": 1764842100,
        "last_position_UTC": "2025-12-04T09:55:00Z"
      },
      {
        "lat": 31.329147,
        "lon": 121.67048,
        "speed": 0,
        "course": 86,
        "heading": 305,
        "destination": "CN SHA",
        "last_position_epoch": 1764840120,
        "last_position_UTC": "2025-12-04T09:22:00Z"
      },
      {
        "lat": 31.329117,
        "lon": 121.67046,
        "speed": 0,
        "course": 299,
        "heading": 305,
        "destination": "CN SHA",
        "last_position_epoch": 1764838440,
        "last_position_UTC": "2025-12-04T08:54:00Z"
      },
      {
        "lat": 31.32917,
        "lon": 121.67052,
        "speed": 0,
        "course": 299,
        "heading": 305,
        "destination": "CN SHA",
        "last_position_epoch": 1764836580,
        "last_position_UTC": "2025-12-04T08:23:00Z"
      },
      {
        "lat": 31.329174,
        "lon": 121.67051,
        "speed": 0,
        "course": 103,
        "heading": 305,
        "destination": "CN SHA",
        "last_position_epoch": 1764834840,
        "last_position_UTC": "2025-12-04T07:54:00Z"
      },
      {
        "lat": 31.329121,
        "lon": 121.67046,
        "speed": 0,
        "course": 103,
        "heading": 305,
        "destination": "CN SHA",
        "last_position_epoch": 1764833160,
        "last_position_UTC": "2025-12-04T07:26:00Z"
      },
      {
        "lat": 31.32906,
        "lon": 121.67056,
        "speed": 0,
        "course": 0,
        "heading": 305,
        "destination": "CN SHA",
        "last_position_epoch": 1764832402,
        "last_position_UTC": "2025-12-04T07:13:22Z"
      },
      {
        "lat": 31.3123,
        "lon": 121.71016,
        "speed": 7.5,
        "course": 315,
        "heading": 313,
        "destination": "CN SHA",
        "last_position_epoch": 1764829080,
        "last_position_UTC": "2025-12-04T06:18:00Z"
      },
      {
        "lat": 31.24744,
        "lon": 121.77845,
        "speed": 14.1,
        "course": 317,
        "heading": 315,
        "destination": "CN SHA",
        "last_position_epoch": 1764827580,
        "last_position_UTC": "2025-12-04T05:53:00Z"
      },
      {
        "lat": 31.159479,
        "lon": 121.87677,
        "speed": 14.1,
        "course": 311,
        "heading": 310,
        "destination": "CN SHA",
        "last_position_epoch": 1764825720,
        "last_position_UTC": "2025-12-04T05:22:00Z"
      },
      {
        "lat": 31.097143,
        "lon": 121.99015,
        "speed": 12.1,
        "course": 300,
        "heading": 300,
        "destination": "CN SHA",
        "last_position_epoch": 1764824040,
        "last_position_UTC": "2025-12-04T04:54:00Z"
      },
      {
        "lat": 31.051121,
        "lon": 122.11662,
        "speed": 14,
        "course": 291,
        "heading": 289,
        "destination": "CN SHA",
        "last_position_epoch": 1764822060,
        "last_position_UTC": "2025-12-04T04:21:00Z"
      },
      {
        "lat": 31.04039,
        "lon": 122.20554,
        "speed": 12.6,
        "course": 265,
        "heading": 266,
        "destination": "CN SHA",
        "last_position_epoch": 1764820440,
        "last_position_UTC": "2025-12-04T03:54:00Z"
      },
      {
        "lat": 31.032288,
        "lon": 122.35447,
        "speed": 14.1,
        "course": 280,
        "heading": null,
        "destination": "CN SHA",
        "last_position_epoch": 1764818280,
        "last_position_UTC": "2025-12-04T03:18:00Z"
      },
      {
        "lat": 31.007919,
        "lon": 122.49543,
        "speed": 14.5,
        "course": 287,
        "heading": null,
        "destination": "CN SHA",
        "last_position_epoch": 1764816600,
        "last_position_UTC": "2025-12-04T02:50:00Z"
      },
      {
        "lat": 30.984421,
        "lon": 122.7449,
        "speed": 13.5,
        "course": 233,
        "heading": null,
        "destination": "CN SHA",
        "last_position_epoch": 1764813120,
        "last_position_UTC": "2025-12-04T01:52:00Z"
      },
      {
        "lat": 30.984791,
        "lon": 122.84356,
        "speed": 14.8,
        "course": 277,
        "heading": 275,
        "destination": "CN SHA",
        "last_position_epoch": 1764811560,
        "last_position_UTC": "2025-12-04T01:26:00Z"
      },
      {
        "lat": 30.989187,
        "lon": 123.02115,
        "speed": 17,
        "course": 285,
        "heading": 280,
        "destination": "CN SHA",
        "last_position_epoch": 1764809580,
        "last_position_UTC": "2025-12-04T00:53:00Z"
      },
      {
        "lat": 31.0425,
        "lon": 123.12589,
        "speed": 15.8,
        "course": 242,
        "heading": 234,
        "destination": "CN SHA",
        "last_position_epoch": 1764807780,
        "last_position_UTC": "2025-12-04T00:23:00Z"
      },
      {
        "lat": 31.032053,
        "lon": 123.29713,
        "speed": 17.3,
        "course": 276,
        "heading": 270,
        "destination": "CN SHA",
        "last_position_epoch": 1764805980,
        "last_position_UTC": "2025-12-03T23:53:00Z"
      },
      {
        "lat": 31.002827,
        "lon": 123.4524,
        "speed": 17.3,
        "course": 273,
        "heading": 269,
        "destination": "CN SHA",
        "last_position_epoch": 1764804120,
        "last_position_UTC": "2025-12-03T23:22:00Z"
      },
      {
        "lat": 30.993107,
        "lon": 123.65716,
        "speed": 17.5,
        "course": 272,
        "heading": 270,
        "destination": "CN SHA",
        "last_position_epoch": 1764802320,
        "last_position_UTC": "2025-12-03T22:52:00Z"
      },
      {
        "lat": 30.9907,
        "lon": 123.80345,
        "speed": 17.6,
        "course": 270,
        "heading": 268,
        "destination": "CN SHA",
        "last_position_epoch": 1764800400,
        "last_position_UTC": "2025-12-03T22:20:00Z"
      },
      {
        "lat": 30.988092,
        "lon": 124.01576,
        "speed": 17.5,
        "course": 266,
        "heading": 268,
        "destination": "CN SHA",
        "last_position_epoch": 1764798660,
        "last_position_UTC": "2025-12-03T21:51:00Z"
      },
      {
        "lat": 30.993027,
        "lon": 124.13137,
        "speed": 17.5,
        "course": 267,
        "heading": 269,
        "destination": "CN SHA",
        "last_position_epoch": 1764796860,
        "last_position_UTC": "2025-12-03T21:21:00Z"
      },
      {
        "lat": 30.998547,
        "lon": 124.36635,
        "speed": 16.8,
        "course": 267,
        "heading": 271,
        "destination": "CN SHA",
        "last_position_epoch": 1764795060,
        "last_position_UTC": "2025-12-03T20:51:00Z"
      },
      {
        "lat": 31.007544,
        "lon": 126.07722,
        "speed": 14.3,
        "course": 261,
        "heading": 263,
        "destination": "CN SHA",
        "last_position_epoch": 1764773340,
        "last_position_UTC": "2025-12-03T14:49:00Z"
      },
      {
        "lat": 31.013174,
        "lon": 126.2158,
        "speed": 13.8,
        "course": 264,
        "heading": 270,
        "destination": "CN SHA",
        "last_position_epoch": 1764771480,
        "last_position_UTC": "2025-12-03T14:18:00Z"
      },
      {
        "lat": 31.060774,
        "lon": 128.22052,
        "speed": 12.6,
        "course": 273,
        "heading": null,
        "destination": "CN SHA",
        "last_position_epoch": 1764740880,
        "last_position_UTC": "2025-12-03T05:48:00Z"
      },
      {
        "lat": 30.92482,
        "lon": 130.60091,
        "speed": 15.3,
        "course": 267,
        "heading": 269,
        "destination": "CN SHA",
        "last_position_epoch": 1764710340,
        "last_position_UTC": "2025-12-02T21:19:00Z"
      },
      {
        "lat": 30.926287,
        "lon": 130.71286,
        "speed": 15.8,
        "course": 269,
        "heading": 269,
        "destination": "CN SHA",
        "last_position_epoch": 1764708480,
        "last_position_UTC": "2025-12-02T20:48:00Z"
      },
      {
        "lat": 31.016848,
        "lon": 130.979,
        "speed": 14.8,
        "course": 240,
        "heading": 243,
        "destination": "CN SHA",
        "last_position_epoch": 1764704880,
        "last_position_UTC": "2025-12-02T19:48:00Z"
      },
      {
        "lat": 31.07712,
        "lon": 131.10193,
        "speed": 15.8,
        "course": 241,
        "heading": 243,
        "destination": "CN SHA",
        "last_position_epoch": 1764703260,
        "last_position_UTC": "2025-12-02T19:21:00Z"
      },
      {
        "lat": 32.315132,
        "lon": 133.19452,
        "speed": 13.8,
        "course": 245,
        "heading": null,
        "destination": "CN SHA",
        "last_position_epoch": 1764670680,
        "last_position_UTC": "2025-12-02T10:18:00Z"
      },
      {
        "lat": 33.248146,
        "lon": 135.63499,
        "speed": 14.5,
        "course": 248,
        "heading": 250,
        "destination": "CN SHA",
        "last_position_epoch": 1764634740,
        "last_position_UTC": "2025-12-02T00:19:00Z"
      },
      {
        "lat": 33.298946,
        "lon": 135.76834,
        "speed": 13.8,
        "course": 245,
        "heading": 247,
        "destination": "CN SHA",
        "last_position_epoch": 1764632940,
        "last_position_UTC": "2025-12-01T23:49:00Z"
      },
      {
        "lat": 33.745258,
        "lon": 136.91475,
        "speed": 16.7,
        "course": 246,
        "heading": null,
        "destination": "CN SHA",
        "last_position_epoch": 1764618420,
        "last_position_UTC": "2025-12-01T19:47:00Z"
      },
      {
        "lat": 34.400787,
        "lon": 138.64137,
        "speed": 15.8,
        "course": 240,
        "heading": null,
        "destination": "CN SHA",
        "last_position_epoch": 1764598620,
        "last_position_UTC": "2025-12-01T14:17:00Z"
      },
      {
        "lat": 34.469692,
        "lon": 138.89658,
        "speed": 15.5,
        "course": 246,
        "heading": 249,
        "destination": "CN SHA",
        "last_position_epoch": 1764595200,
        "last_position_UTC": "2025-12-01T13:20:00Z"
      },
      {
        "lat": 34.531212,
        "lon": 139.00491,
        "speed": 15.8,
        "course": 217,
        "heading": 221,
        "destination": "CN SHA",
        "last_position_epoch": 1764593400,
        "last_position_UTC": "2025-12-01T12:50:00Z"
      },
      {
        "lat": 34.639866,
        "lon": 139.10962,
        "speed": 15.8,
        "course": 216,
        "heading": 216,
        "destination": "CN SHA",
        "last_position_epoch": 1764591540,
        "last_position_UTC": "2025-12-01T12:19:00Z"
      },
      {
        "lat": 34.755871,
        "lon": 139.20407,
        "speed": 15.3,
        "course": 217,
        "heading": 216,
        "destination": "CN SHA",
        "last_position_epoch": 1764589800,
        "last_position_UTC": "2025-12-01T11:50:00Z"
      },
      {
        "lat": 34.852001,
        "lon": 139.29353,
        "speed": 14.8,
        "course": 219,
        "heading": 218,
        "destination": "CN SHA",
        "last_position_epoch": 1764588000,
        "last_position_UTC": "2025-12-01T11:20:00Z"
      },
      {
        "lat": 34.935795,
        "lon": 139.41655,
        "speed": 15.8,
        "course": 234,
        "heading": 234,
        "destination": "CN SHA",
        "last_position_epoch": 1764586260,
        "last_position_UTC": "2025-12-01T10:51:00Z"
      },
      {
        "lat": 34.97558333333333,
        "lon": 139.48155166666666,
        "speed": 16,
        "course": 233.7,
        "heading": 234,
        "destination": "CN SHA",
        "last_position_epoch": 1764585100,
        "last_position_UTC": "2025-12-01T10:31:40Z"
      },
      {
        "lat": 35.0189,
        "lon": 139.569315,
        "speed": 15.6,
        "course": 243.3,
        "heading": 244,
        "destination": "CN SHA",
        "last_position_epoch": 1764583947,
        "last_position_UTC": "2025-12-01T10:12:27Z"
      },
      {
        "lat": 35.10143333333333,
        "lon": 139.709185,
        "speed": 13.2,
        "course": 233.9,
        "heading": 233,
        "destination": "CN SHA",
        "last_position_epoch": 1764581872,
        "last_position_UTC": "2025-12-01T09:37:52Z"
      },
      {
        "lat": 35.185626666666664,
        "lon": 139.76294333333334,
        "speed": 13.3,
        "course": 196.8,
        "heading": 195,
        "destination": "CN SHA",
        "last_position_epoch": 1764580062,
        "last_position_UTC": "2025-12-01T09:07:42Z"
      },
      {
        "lat": 35.268633333333334,
        "lon": 139.76240333333334,
        "speed": 10.4,
        "course": 143.6,
        "heading": 146,
        "destination": "CN SHA",
        "last_position_epoch": 1764578271,
        "last_position_UTC": "2025-12-01T08:37:51Z"
      },
      {
        "lat": 35.33778,
        "lon": 139.704935,
        "speed": 11.4,
        "course": 172.1,
        "heading": 170,
        "destination": "CN SHA",
        "last_position_epoch": 1764576471,
        "last_position_UTC": "2025-12-01T08:07:51Z"
      },
      {
        "lat": 35.409418333333335,
        "lon": 139.71381333333332,
        "speed": 12.2,
        "course": 210.3,
        "heading": 209,
        "destination": "CN SHA",
        "last_position_epoch": 1764574971,
        "last_position_UTC": "2025-12-01T07:42:51Z"
      },
      {
        "lat": 35.439901666666664,
        "lon": 139.68121666666667,
        "speed": 1,
        "course": 39.8,
        "heading": 203,
        "destination": "CN SHA",
        "last_position_epoch": 1764572871,
        "last_position_UTC": "2025-12-01T07:07:51Z"
      },
      {
        "lat": 35.43977833333334,
        "lon": 139.68062666666665,
        "speed": 0,
        "course": 173.3,
        "heading": 205,
        "destination": "JP YOK",
        "last_position_epoch": 1764571289,
        "last_position_UTC": "2025-12-01T06:41:29Z"
      },
      {
        "lat": 35.439766666666664,
        "lon": 139.68061,
        "speed": 0,
        "course": 173.3,
        "heading": 205,
        "destination": "JP YOK",
        "last_position_epoch": 1764569129,
        "last_position_UTC": "2025-12-01T06:05:29Z"
      },
      {
        "lat": 35.43980166666667,
        "lon": 139.68062833333335,
        "speed": 0,
        "course": 173.3,
        "heading": 205,
        "destination": "JP YOK",
        "last_position_epoch": 1764567689,
        "last_position_UTC": "2025-12-01T05:41:29Z"
      },
      {
        "lat": 35.43980333333333,
        "lon": 139.68063,
        "speed": 0,
        "course": 173.3,
        "heading": 205,
        "destination": "JP YOK",
        "last_position_epoch": 1764565885,
        "last_position_UTC": "2025-12-01T05:11:25Z"
      },
      {
        "lat": 35.43977833333334,
        "lon": 139.68057166666668,
        "speed": 0,
        "course": 173.3,
        "heading": 205,
        "destination": "JP YOK",
        "last_position_epoch": 1764564088,
        "last_position_UTC": "2025-12-01T04:41:28Z"
      },
      {
        "lat": 35.43978833333333,
        "lon": 139.680615,
        "speed": 0,
        "course": 173.3,
        "heading": 205,
        "destination": "JP YOK",
        "last_position_epoch": 1764561930,
        "last_position_UTC": "2025-12-01T04:05:30Z"
      },
      {
        "lat": 35.439785,
        "lon": 139.68062666666665,
        "speed": 0,
        "course": 173.3,
        "heading": 205,
        "destination": "JP YOK",
        "last_position_epoch": 1764560488,
        "last_position_UTC": "2025-12-01T03:41:28Z"
      },
      {
        "lat": 35.43978833333333,
        "lon": 139.68061666666668,
        "speed": 0,
        "course": 173.3,
        "heading": 205,
        "destination": "JP YOK",
        "last_position_epoch": 1764558329,
        "last_position_UTC": "2025-12-01T03:05:29Z"
      },
      {
        "lat": 35.439793333333334,
        "lon": 139.68061333333333,
        "speed": 0,
        "course": 173.3,
        "heading": 205,
        "destination": "JP YOK",
        "last_position_epoch": 1764556887,
        "last_position_UTC": "2025-12-01T02:41:27Z"
      },
      {
        "lat": 35.43983,
        "lon": 139.680555,
        "speed": 0,
        "course": 173.3,
        "heading": 205,
        "destination": "JP YOK",
        "last_position_epoch": 1764555087,
        "last_position_UTC": "2025-12-01T02:11:27Z"
      },
      {
        "lat": 35.43978,
        "lon": 139.680635,
        "speed": 0,
        "course": 173.3,
        "heading": 205,
        "destination": "JP YOK",
        "last_position_epoch": 1764553286,
        "last_position_UTC": "2025-12-01T01:41:26Z"
      },
      {
        "lat": 35.43979,
        "lon": 139.680625,
        "speed": 0,
        "course": 173.3,
        "heading": 205,
        "destination": "JP YOK",
        "last_position_epoch": 1764551486,
        "last_position_UTC": "2025-12-01T01:11:26Z"
      },
      {
        "lat": 35.43978666666667,
        "lon": 139.68060666666668,
        "speed": 0,
        "course": 173.3,
        "heading": 205,
        "destination": "JP YOK",
        "last_position_epoch": 1764549324,
        "last_position_UTC": "2025-12-01T00:35:24Z"
      },
      {
        "lat": 35.43978166666667,
        "lon": 139.68063333333333,
        "speed": 0,
        "course": 173.3,
        "heading": 205,
        "destination": "JP YOK",
        "last_position_epoch": 1764547888,
        "last_position_UTC": "2025-12-01T00:11:28Z"
      },
      {
        "lat": 35.43975833333333,
        "lon": 139.6806,
        "speed": 0,
        "course": 173.3,
        "heading": 205,
        "destination": "JP YOK",
        "last_position_epoch": 1764545728,
        "last_position_UTC": "2025-11-30T23:35:28Z"
      },
      {
        "lat": 35.43976166666667,
        "lon": 139.68062166666667,
        "speed": 0,
        "course": 173.3,
        "heading": 205,
        "destination": "JP YOK",
        "last_position_epoch": 1764543926,
        "last_position_UTC": "2025-11-30T23:05:26Z"
      },
      {
        "lat": 35.43977,
        "lon": 139.68062833333335,
        "speed": 0,
        "course": 173.3,
        "heading": 205,
        "destination": "JP YOK",
        "last_position_epoch": 1764542483,
        "last_position_UTC": "2025-11-30T22:41:23Z"
      },
      {
        "lat": 35.43978666666667,
        "lon": 139.68062666666665,
        "speed": 0.1,
        "course": 287.2,
        "heading": 206,
        "destination": "JP YOK",
        "last_position_epoch": 1764540772,
        "last_position_UTC": "2025-11-30T22:12:52Z"
      },
      {
        "lat": 35.44096833333333,
        "lon": 139.701185,
        "speed": 5.8,
        "course": 306.6,
        "heading": 305,
        "destination": "JP YOK",
        "last_position_epoch": 1764538672,
        "last_position_UTC": "2025-11-30T21:37:52Z"
      },
      {
        "lat": 35.44222666666667,
        "lon": 139.76673,
        "speed": 7.9,
        "course": 225.8,
        "heading": 225,
        "destination": "JP YOK",
        "last_position_epoch": 1764537172,
        "last_position_UTC": "2025-11-30T21:12:52Z"
      },
      {
        "lat": 35.51640166666667,
        "lon": 139.84854833333333,
        "speed": 13.5,
        "course": 179.9,
        "heading": 179,
        "destination": "JP YOK",
        "last_position_epoch": 1764535373,
        "last_position_UTC": "2025-11-30T20:42:53Z"
      },
      {
        "lat": 35.58620833333333,
        "lon": 139.797785,
        "speed": 1.5,
        "course": 173.8,
        "heading": 168,
        "destination": "JP YOK",
        "last_position_epoch": 1764533573,
        "last_position_UTC": "2025-11-30T20:12:53Z"
      },
      {
        "lat": 35.589771666666664,
        "lon": 139.79731666666666,
        "speed": 0,
        "course": 30.2,
        "heading": 305,
        "destination": "JP TYO Y1",
        "last_position_epoch": 1764531672,
        "last_position_UTC": "2025-11-30T19:41:12Z"
      },
      {
        "lat": 35.58972333333333,
        "lon": 139.79735333333332,
        "speed": 0,
        "course": 30.2,
        "heading": 305,
        "destination": "JP TYO Y1",
        "last_position_epoch": 1764529871,
        "last_position_UTC": "2025-11-30T19:11:11Z"
      },
      {
        "lat": 35.58972166666667,
        "lon": 139.79735666666667,
        "speed": 0,
        "course": 30.2,
        "heading": 305,
        "destination": "JP TYO Y1",
        "last_position_epoch": 1764527707,
        "last_position_UTC": "2025-11-30T18:35:07Z"
      },
      {
        "lat": 35.58972833333333,
        "lon": 139.79734,
        "speed": 0,
        "course": 30.2,
        "heading": 305,
        "destination": "JP TYO Y1",
        "last_position_epoch": 1764526269,
        "last_position_UTC": "2025-11-30T18:11:09Z"
      },
      {
        "lat": 35.58975,
        "lon": 139.79733333333334,
        "speed": 0,
        "course": 30.2,
        "heading": 305,
        "destination": "JP TYO Y1",
        "last_position_epoch": 1764524105,
        "last_position_UTC": "2025-11-30T17:35:05Z"
      },
      {
        "lat": 35.589725,
        "lon": 139.79734666666667,
        "speed": 0,
        "course": 30.2,
        "heading": 305,
        "destination": "JP TYO Y1",
        "last_position_epoch": 1764522309,
        "last_position_UTC": "2025-11-30T17:05:09Z"
      },
      {
        "lat": 35.58974166666667,
        "lon": 139.79733833333333,
        "speed": 0,
        "course": 30.2,
        "heading": 305,
        "destination": "JP TYO Y1",
        "last_position_epoch": 1764520504,
        "last_position_UTC": "2025-11-30T16:35:04Z"
      },
      {
        "lat": 35.589731666666665,
        "lon": 139.79730666666666,
        "speed": 0,
        "course": 30.2,
        "heading": 305,
        "destination": "JP TYO Y1",
        "last_position_epoch": 1764518706,
        "last_position_UTC": "2025-11-30T16:05:06Z"
      },
      {
        "lat": 35.589725,
        "lon": 139.79734666666667,
        "speed": 0,
        "course": 30.2,
        "heading": 305,
        "destination": "JP TYO Y1",
        "last_position_epoch": 1764516907,
        "last_position_UTC": "2025-11-30T15:35:07Z"
      },
      {
        "lat": 35.589686666666665,
        "lon": 139.797355,
        "speed": 0,
        "course": 30.2,
        "heading": 305,
        "destination": "JP TYO Y1",
        "last_position_epoch": 1764515107,
        "last_position_UTC": "2025-11-30T15:05:07Z"
      },
      {
        "lat": 35.58973666666667,
        "lon": 139.79733333333334,
        "speed": 0,
        "course": 30.2,
        "heading": 305,
        "destination": "JP TYO Y1",
        "last_position_epoch": 1764513669,
        "last_position_UTC": "2025-11-30T14:41:09Z"
      },
      {
        "lat": 35.58969,
        "lon": 139.79737,
        "speed": 0,
        "course": 30.2,
        "heading": 305,
        "destination": "JP TYO Y1",
        "last_position_epoch": 1764511329,
        "last_position_UTC": "2025-11-30T14:02:09Z"
      },
      {
        "lat": 35.589745,
        "lon": 139.797315,
        "speed": 0,
        "course": 30.2,
        "heading": 305,
        "destination": "JP TYO Y1",
        "last_position_epoch": 1764510069,
        "last_position_UTC": "2025-11-30T13:41:09Z"
      },
      {
        "lat": 35.58977,
        "lon": 139.79731,
        "speed": 0,
        "course": 30.2,
        "heading": 305,
        "destination": "JP TYO Y1",
        "last_position_epoch": 1764508263,
        "last_position_UTC": "2025-11-30T13:11:03Z"
      },
      {
        "lat": 35.58972166666667,
        "lon": 139.79733166666668,
        "speed": 0,
        "course": 30.2,
        "heading": 305,
        "destination": "JP TYO Y1",
        "last_position_epoch": 1764506470,
        "last_position_UTC": "2025-11-30T12:41:10Z"
      },
      {
        "lat": 35.58969833333333,
        "lon": 139.79732333333334,
        "speed": 0,
        "course": 30.2,
        "heading": 305,
        "destination": "JP TYO Y1",
        "last_position_epoch": 1764504669,
        "last_position_UTC": "2025-11-30T12:11:09Z"
      },
      {
        "lat": 35.589731666666665,
        "lon": 139.79732666666666,
        "speed": 0,
        "course": 30.2,
        "heading": 305,
        "destination": "JP TYO Y1",
        "last_position_epoch": 1764502682,
        "last_position_UTC": "2025-11-30T11:38:02Z"
      },
      {
        "lat": 35.58969,
        "lon": 139.79736833333334,
        "speed": 0,
        "course": 30.2,
        "heading": 305,
        "destination": "JP TYO Y1",
        "last_position_epoch": 1764500706,
        "last_position_UTC": "2025-11-30T11:05:06Z"
      },
      {
        "lat": 35.58973833333334,
        "lon": 139.79736333333332,
        "speed": 0,
        "course": 30.2,
        "heading": 305,
        "destination": "JP TYO Y1",
        "last_position_epoch": 1764499268,
        "last_position_UTC": "2025-11-30T10:41:08Z"
      },
      {
        "lat": 35.58970166666667,
        "lon": 139.79733166666668,
        "speed": 0,
        "course": 30.2,
        "heading": 305,
        "destination": "JP TYO Y1",
        "last_position_epoch": 1764497467,
        "last_position_UTC": "2025-11-30T10:11:07Z"
      },
      {
        "lat": 35.58975,
        "lon": 139.79732333333334,
        "speed": 0,
        "course": 30.2,
        "heading": 305,
        "destination": "JP TYO Y1",
        "last_position_epoch": 1764495667,
        "last_position_UTC": "2025-11-30T09:41:07Z"
      },
      {
        "lat": 35.589733333333335,
        "lon": 139.79733166666668,
        "speed": 0,
        "course": 30.2,
        "heading": 305,
        "destination": "JP TYO Y1",
        "last_position_epoch": 1764493865,
        "last_position_UTC": "2025-11-30T09:11:05Z"
      },
      {
        "lat": 35.58974166666667,
        "lon": 139.79729,
        "speed": 0,
        "course": 30.2,
        "heading": 305,
        "destination": "JP TYO Y1",
        "last_position_epoch": 1764492067,
        "last_position_UTC": "2025-11-30T08:41:07Z"
      },
      {
        "lat": 35.575965,
        "lon": 139.80622,
        "speed": 5.8,
        "course": 311.3,
        "heading": 309,
        "destination": "JP TYO Y1",
        "last_position_epoch": 1764490073,
        "last_position_UTC": "2025-11-30T08:07:53Z"
      },
      {
        "lat": 35.568313333333336,
        "lon": 139.84411666666668,
        "speed": 0.4,
        "course": 7.7,
        "heading": 16,
        "destination": "JP TYO Y1",
        "last_position_epoch": 1764488581,
        "last_position_UTC": "2025-11-30T07:43:01Z"
      },
      {
        "lat": 35.56622333333333,
        "lon": 139.84323,
        "speed": 0.2,
        "course": 159.6,
        "heading": 65,
        "destination": "JP TYO Y1",
        "last_position_epoch": 1764486772,
        "last_position_UTC": "2025-11-30T07:12:52Z"
      },
      {
        "lat": 35.56675333333333,
        "lon": 139.84317666666666,
        "speed": 0,
        "course": 240.2,
        "heading": 95,
        "destination": "JP TYO Y1",
        "last_position_epoch": 1764484615,
        "last_position_UTC": "2025-11-30T06:36:55Z"
      },
      {
        "lat": 35.56715833333333,
        "lon": 139.84327166666668,
        "speed": 0,
        "course": 240.2,
        "heading": 119,
        "destination": "JP TYO Y1",
        "last_position_epoch": 1764482808,
        "last_position_UTC": "2025-11-30T06:06:48Z"
      },
      {
        "lat": 35.567388333333334,
        "lon": 139.84341833333335,
        "speed": 0,
        "course": 240.2,
        "heading": 130,
        "destination": "JP TYO Y1",
        "last_position_epoch": 1764481373,
        "last_position_UTC": "2025-11-30T05:42:53Z"
      },
      {
        "lat": 35.56753666666667,
        "lon": 139.843625,
        "speed": 0,
        "course": 240.2,
        "heading": 141,
        "destination": "JP TYO Y1",
        "last_position_epoch": 1764479568,
        "last_position_UTC": "2025-11-30T05:12:48Z"
      },
      {
        "lat": 35.56762,
        "lon": 139.84380833333333,
        "speed": 0,
        "course": 240.2,
        "heading": 151,
        "destination": "JP TYO Y1",
        "last_position_epoch": 1764477768,
        "last_position_UTC": "2025-11-30T04:42:48Z"
      },
      {
        "lat": 35.56757666666667,
        "lon": 139.84371166666668,
        "speed": 0,
        "course": 240.2,
        "heading": 144,
        "destination": "JP TYO Y1",
        "last_position_epoch": 1764475974,
        "last_position_UTC": "2025-11-30T04:12:54Z"
      },
      {
        "lat": 35.56739,
        "lon": 139.84344833333333,
        "speed": 0,
        "course": 240.2,
        "heading": 133,
        "destination": "JP TYO Y1",
        "last_position_epoch": 1764473812,
        "last_position_UTC": "2025-11-30T03:36:52Z"
      },
      {
        "lat": 35.56708,
        "lon": 139.84323166666667,
        "speed": 0,
        "course": 240.2,
        "heading": 114,
        "destination": "JP TYO Y1",
        "last_position_epoch": 1764472010,
        "last_position_UTC": "2025-11-30T03:06:50Z"
      },
      {
        "lat": 35.566741666666665,
        "lon": 139.84313,
        "speed": 0,
        "course": 240.2,
        "heading": 98,
        "destination": "JP TYO Y1",
        "last_position_epoch": 1764470387,
        "last_position_UTC": "2025-11-30T02:39:47Z"
      },
      {
        "lat": 35.566113333333334,
        "lon": 139.84331833333334,
        "speed": 0,
        "course": 240.2,
        "heading": 64,
        "destination": "JP TYO Y1",
        "last_position_epoch": 1764468772,
        "last_position_UTC": "2025-11-30T02:12:52Z"
      },
      {
        "lat": 35.565718333333336,
        "lon": 139.84372666666667,
        "speed": 0,
        "course": 240.2,
        "heading": 38,
        "destination": "JP TYO Y1",
        "last_position_epoch": 1764466969,
        "last_position_UTC": "2025-11-30T01:42:49Z"
      },
      {
        "lat": 35.56563666666667,
        "lon": 139.84379166666668,
        "speed": 0,
        "course": 240.2,
        "heading": 34,
        "destination": "JP TYO Y1",
        "last_position_epoch": 1764465168,
        "last_position_UTC": "2025-11-30T01:12:48Z"
      },
      {
        "lat": 35.56584,
        "lon": 139.84357333333332,
        "speed": 0,
        "course": 240.2,
        "heading": 44,
        "destination": "JP TYO Y1",
        "last_position_epoch": 1764463187,
        "last_position_UTC": "2025-11-30T00:39:47Z"
      },
      {
        "lat": 35.56548,
        "lon": 139.84408666666667,
        "speed": 0,
        "course": 240.2,
        "heading": 17,
        "destination": "JP TYO Y1",
        "last_position_epoch": 1764461570,
        "last_position_UTC": "2025-11-30T00:12:50Z"
      },
      {
        "lat": 35.565445,
        "lon": 139.84441833333332,
        "speed": 0,
        "course": 240.2,
        "heading": 2,
        "destination": "JP TYO Y1",
        "last_position_epoch": 1764459771,
        "last_position_UTC": "2025-11-29T23:42:51Z"
      },
      {
        "lat": 35.56545333333333,
        "lon": 139.844655,
        "speed": 0,
        "course": 240.2,
        "heading": 353,
        "destination": "JP TYO Y1",
        "last_position_epoch": 1764457968,
        "last_position_UTC": "2025-11-29T23:12:48Z"
      },
      {
        "lat": 35.56554666666667,
        "lon": 139.84497,
        "speed": 0.1,
        "course": 240.2,
        "heading": 333,
        "destination": "JP TYO Y1",
        "last_position_epoch": 1764456172,
        "last_position_UTC": "2025-11-29T22:42:52Z"
      },
      {
        "lat": 35.565555,
        "lon": 139.847085,
        "speed": 2.5,
        "course": 320.1,
        "heading": 316,
        "destination": "JP TYO",
        "last_position_epoch": 1764454380,
        "last_position_UTC": "2025-11-29T22:13:00Z"
      },
      {
        "lat": 35.512795,
        "lon": 139.871315,
        "speed": 9.9,
        "course": 6.4,
        "heading": 5,
        "destination": "JP TYO",
        "last_position_epoch": 1764452579,
        "last_position_UTC": "2025-11-29T21:42:59Z"
      },
      {
        "lat": 35.445998333333335,
        "lon": 139.823155,
        "speed": 9.8,
        "course": 45.8,
        "heading": 43,
        "destination": "JP TYO",
        "last_position_epoch": 1764450779,
        "last_position_UTC": "2025-11-29T21:12:59Z"
      },
      {
        "lat": 35.38518833333333,
        "lon": 139.76441166666666,
        "speed": 9.9,
        "course": 23,
        "heading": 23,
        "destination": "JP TYO",
        "last_position_epoch": 1764448979,
        "last_position_UTC": "2025-11-29T20:42:59Z"
      },
      {
        "lat": 35.29352166666666,
        "lon": 139.75256833333333,
        "speed": 9.8,
        "course": 326,
        "heading": 325,
        "destination": "JP TYO",
        "last_position_epoch": 1764446879,
        "last_position_UTC": "2025-11-29T20:07:59Z"
      },
      {
        "lat": 35.220196666666666,
        "lon": 139.78379166666667,
        "speed": 10,
        "course": 0.7,
        "heading": 0,
        "destination": "JP TYO",
        "last_position_epoch": 1764445080,
        "last_position_UTC": "2025-11-29T19:38:00Z"
      },
      {
        "lat": 35.149321666666665,
        "lon": 139.76900833333335,
        "speed": 7.5,
        "course": 19.3,
        "heading": 21,
        "destination": "JP TYO",
        "last_position_epoch": 1764443580,
        "last_position_UTC": "2025-11-29T19:13:00Z"
      },
      {
        "lat": 35.069298333333336,
        "lon": 139.73807333333335,
        "speed": 10.8,
        "course": 45.9,
        "heading": 42,
        "destination": "JP TYO",
        "last_position_epoch": 1764441779,
        "last_position_UTC": "2025-11-29T18:42:59Z"
      },
      {
        "lat": 35.005116666666666,
        "lon": 139.65241833333334,
        "speed": 11.2,
        "course": 47.9,
        "heading": 48,
        "destination": "CN SHA",
        "last_position_epoch": 1764439959,
        "last_position_UTC": "2025-11-29T18:12:39Z"
      },
      {
        "lat": 34.940068333333336,
        "lon": 139.54702333333333,
        "speed": 10.8,
        "course": 52.8,
        "heading": 48,
        "destination": "CN SHA",
        "last_position_epoch": 1764437869,
        "last_position_UTC": "2025-11-29T17:37:49Z"
      },
      {
        "lat": 34.88586,
        "lon": 139.45904166666668,
        "speed": 10.9,
        "course": 61.5,
        "heading": 54,
        "destination": "CN SHA",
        "last_position_epoch": 1764436089,
        "last_position_UTC": "2025-11-29T17:08:09Z"
      },
      {
        "lat": 34.793087,
        "lon": 139.31662,
        "speed": 11.3,
        "course": 39,
        "heading": 38,
        "destination": "JP TYO",
        "last_position_epoch": 1764433140,
        "last_position_UTC": "2025-11-29T16:19:00Z"
      },
      {
        "lat": 34.724785,
        "lon": 139.23241,
        "speed": 11.6,
        "course": 39,
        "heading": 44,
        "destination": "JP TYO",
        "last_position_epoch": 1764431400,
        "last_position_UTC": "2025-11-29T15:50:00Z"
      },
      {
        "lat": 34.55106,
        "lon": 139.06624,
        "speed": 10.6,
        "course": 42,
        "heading": 39,
        "destination": "JP TYO",
        "last_position_epoch": 1764427740,
        "last_position_UTC": "2025-11-29T14:49:00Z"
      }
    ]
  },
  "meta": {
    "duration": 0.016079358,
    "endpoint": "/api/v0/vessel_history",
    "success": true
  }
}