{
  "data": {
    "uuid": "d6c76faf-836a-083a-8d04-35cb45111bd5",
    "name": "ONE MODERN",
    "mmsi": "538004203",
    "imo": "9475636",
    "eni": null,
    "country_iso": "MH",
    "type": "Cargo - Hazard A (Major)",
    "type_specific": "Container Ship",
    "positions": [
      {
        "lat": 38.518284,
        "lon": -137.06853,
        "speed": 17.8,
        "course": 118,
        "heading": 118,
        "destination": "PABLB",
        "last_position_epoch": 1764930000,
        "last_position_UTC": "2025-12-05T10:20:00Z"
      },
      {
        "lat": 38.597301,
        "lon": -137.25713,
        "speed": 17.7,
        "course": 118,
        "heading": 118,
        "destination": "PABLB",
        "last_position_epoch": 1764928020,
        "last_position_UTC": "2025-12-05T09:47:00Z"
      },
      {
        "lat": 38.722988,
        "lon": -137.55669,
        "speed": 17.5,
        "course": 115,
        "heading": 116,
        "destination": "PABLB",
        "last_position_epoch": 1764924720,
        "last_position_UTC": "2025-12-05T08:52:00Z"
      }
    ]
  },
  "meta": {
    "duration": 0.005563947,
    "endpoint": "/api/v0/vessel_history",
    "success": true
  }
}