{
  "data": {
    "uuid": "36fda0e7-6098-60c0-01ef-356160129eb0",
    "name": "ASIATIC PRIDE",
    "mmsi": "563121100",
    "imo": "9404730",
    "eni": null,
    "country_iso": "SG",
    "type": "Cargo - Hazard A (Major)",
    "type_specific": "Container Ship",
    "positions": [
      {
        "lat": 35.077438,
        "lon": 128.79567,
        "speed": 0,
        "course": 345,
        "heading": 88,
        "destination": "KRBNP",
        "last_position_epoch": 1765029120,
        "last_position_UTC": "2025-12-06T13:52:00Z"
      },
      {
        "lat": 35.077431,
        "lon": 128.7957,
        "speed": 0,
        "course": 345,
        "heading": 88,
        "destination": "KRBNP",
        "last_position_epoch": 1765027260,
        "last_position_UTC": "2025-12-06T13:21:00Z"
      },
      {
        "lat": 35.077435,
        "lon": 128.79568,
        "speed": 0,
        "course": 345,
        "heading": 88,
        "destination": "KRBNP",
        "last_position_epoch": 1765025340,
        "last_position_UTC": "2025-12-06T12:49:00Z"
      },
      {
        "lat": 35.077419,
        "lon": 128.79568,
        "speed": 0,
        "course": 345,
        "heading": 88,
        "destination": "KRBNP",
        "last_position_epoch": 1765023540,
        "last_position_UTC": "2025-12-06T12:19:00Z"
      },
      {
        "lat": 35.077438,
        "lon": 128.79568,
        "speed": 0,
        "course": 345,
        "heading": 88,
        "destination": "KRBNP",
        "last_position_epoch": 1765021740,
        "last_position_UTC": "2025-12-06T11:49:00Z"
      },
      {
        "lat": 35.077438,
        "lon": 128.7957,
        "speed": 0,
        "course": 345,
        "heading": 88,
        "destination": "KRBNP",
        "last_position_epoch": 1765020120,
        "last_position_UTC": "2025-12-06T11:22:00Z"
      },
      {
        "lat": 35.077435,
        "lon": 128.79568,
        "speed": 0,
        "course": 345,
        "heading": 88,
        "destination": "KRBNP",
        "last_position_epoch": 1765018260,
        "last_position_UTC": "2025-12-06T10:51:00Z"
      },
      {
        "lat": 35.077473,
        "lon": 128.79565,
        "speed": 0,
        "course": 345,
        "heading": 88,
        "destination": "KRBNP",
        "last_position_epoch": 1765016520,
        "last_position_UTC": "2025-12-06T10:22:00Z"
      },
      {
        "lat": 35.077438,
        "lon": 128.7957,
        "speed": 0,
        "course": 345,
        "heading": 88,
        "destination": "KRBNP",
        "last_position_epoch": 1765014720,
        "last_position_UTC": "2025-12-06T09:52:00Z"
      },
      {
        "lat": 35.077446,
        "lon": 128.79568,
        "speed": 0,
        "course": 345,
        "heading": 88,
        "destination": "KRBNP",
        "last_position_epoch": 1765012860,
        "last_position_UTC": "2025-12-06T09:21:00Z"
      },
      {
        "lat": 35.077465,
        "lon": 128.7957,
        "speed": 0,
        "course": 345,
        "heading": 88,
        "destination": "KRBNP",
        "last_position_epoch": 1765011000,
        "last_position_UTC": "2025-12-06T08:50:00Z"
      },
      {
        "lat": 35.077454,
        "lon": 128.79565,
        "speed": 0,
        "course": 345,
        "heading": 88,
        "destination": "KRBNP",
        "last_position_epoch": 1765007580,
        "last_position_UTC": "2025-12-06T07:53:00Z"
      },
      {
        "lat": 35.077492,
        "lon": 128.7957,
        "speed": 0,
        "course": 345,
        "heading": 88,
        "destination": "KRBNP",
        "last_position_epoch": 1765005660,
        "last_position_UTC": "2025-12-06T07:21:00Z"
      },
      {
        "lat": 35.077473,
        "lon": 128.79568,
        "speed": 0,
        "course": 345,
        "heading": 88,
        "destination": "KRBNP",
        "last_position_epoch": 1765003800,
        "last_position_UTC": "2025-12-06T06:50:00Z"
      },
      {
        "lat": 35.077461,
        "lon": 128.7957,
        "speed": 0,
        "course": 345,
        "heading": 88,
        "destination": "KRBNP",
        "last_position_epoch": 1765002120,
        "last_position_UTC": "2025-12-06T06:22:00Z"
      },
      {
        "lat": 35.077457,
        "lon": 128.7957,
        "speed": 0,
        "course": 345,
        "heading": 88,
        "destination": "KRBNP",
        "last_position_epoch": 1765000440,
        "last_position_UTC": "2025-12-06T05:54:00Z"
      },
      {
        "lat": 35.07753,
        "lon": 128.79573,
        "speed": 0,
        "course": 345,
        "heading": 88,
        "destination": "KRBNP",
        "last_position_epoch": 1764998340,
        "last_position_UTC": "2025-12-06T05:19:00Z"
      },
      {
        "lat": 35.077473,
        "lon": 128.7957,
        "speed": 0,
        "course": 345,
        "heading": 88,
        "destination": "KRBNP",
        "last_position_epoch": 1764996660,
        "last_position_UTC": "2025-12-06T04:51:00Z"
      },
      {
        "lat": 35.077507,
        "lon": 128.79573,
        "speed": 0,
        "course": 345,
        "heading": 88,
        "destination": "KRBNP",
        "last_position_epoch": 1764994740,
        "last_position_UTC": "2025-12-06T04:19:00Z"
      },
      {
        "lat": 35.077427,
        "lon": 128.79572,
        "speed": 0,
        "course": 345,
        "heading": 88,
        "destination": "KRBNP",
        "last_position_epoch": 1764992940,
        "last_position_UTC": "2025-12-06T03:49:00Z"
      },
      {
        "lat": 35.077507,
        "lon": 128.79572,
        "speed": 0,
        "course": 345,
        "heading": 88,
        "destination": "KRBNP",
        "last_position_epoch": 1764991260,
        "last_position_UTC": "2025-12-06T03:21:00Z"
      },
      {
        "lat": 35.077438,
        "lon": 128.79572,
        "speed": 0,
        "course": 345,
        "heading": 88,
        "destination": "KRBNP",
        "last_position_epoch": 1764989340,
        "last_position_UTC": "2025-12-06T02:49:00Z"
      },
      {
        "lat": 35.07745,
        "lon": 128.79562,
        "speed": 0,
        "course": 345,
        "heading": 88,
        "destination": "KRBNP",
        "last_position_epoch": 1764987600,
        "last_position_UTC": "2025-12-06T02:20:00Z"
      },
      {
        "lat": 35.077446,
        "lon": 128.79568,
        "speed": 0,
        "course": 345,
        "heading": 88,
        "destination": "KRBNP",
        "last_position_epoch": 1764985680,
        "last_position_UTC": "2025-12-06T01:48:00Z"
      },
      {
        "lat": 35.077435,
        "lon": 128.79568,
        "speed": 0,
        "course": 345,
        "heading": 88,
        "destination": "KRBNP",
        "last_position_epoch": 1764984060,
        "last_position_UTC": "2025-12-06T01:21:00Z"
      },
      {
        "lat": 35.077435,
        "lon": 128.7957,
        "speed": 0,
        "course": 345,
        "heading": 88,
        "destination": "KRBNP",
        "last_position_epoch": 1764982200,
        "last_position_UTC": "2025-12-06T00:50:00Z"
      },
      {
        "lat": 35.077419,
        "lon": 128.79567,
        "speed": 0,
        "course": 345,
        "heading": 88,
        "destination": "KRBNP",
        "last_position_epoch": 1764980280,
        "last_position_UTC": "2025-12-06T00:18:00Z"
      },
      {
        "lat": 35.077385,
        "lon": 128.79559,
        "speed": 0,
        "course": 345,
        "heading": 88,
        "destination": "KRBNP",
        "last_position_epoch": 1764978540,
        "last_position_UTC": "2025-12-05T23:49:00Z"
      },
      {
        "lat": 35.077419,
        "lon": 128.79572,
        "speed": 0,
        "course": 345,
        "heading": 88,
        "destination": "KRBNP",
        "last_position_epoch": 1764976740,
        "last_position_UTC": "2025-12-05T23:19:00Z"
      },
      {
        "lat": 35.077412,
        "lon": 128.7957,
        "speed": 0,
        "course": 345,
        "heading": 89,
        "destination": "KRBNP",
        "last_position_epoch": 1764974880,
        "last_position_UTC": "2025-12-05T22:48:00Z"
      },
      {
        "lat": 35.077404,
        "lon": 128.7957,
        "speed": 0,
        "course": 345,
        "heading": 88,
        "destination": "KRBNP",
        "last_position_epoch": 1764969720,
        "last_position_UTC": "2025-12-05T21:22:00Z"
      },
      {
        "lat": 35.077404,
        "lon": 128.7957,
        "speed": 0,
        "course": 0,
        "heading": 88,
        "destination": "KRBNP",
        "last_position_epoch": 1764968269,
        "last_position_UTC": "2025-12-05T20:57:49Z"
      },
      {
        "lat": 35.077431,
        "lon": 128.7957,
        "speed": 0,
        "course": 345,
        "heading": 88,
        "destination": "KRBNP",
        "last_position_epoch": 1764964140,
        "last_position_UTC": "2025-12-05T19:49:00Z"
      },
      {
        "lat": 35.077427,
        "lon": 128.7957,
        "speed": 0,
        "course": 345,
        "heading": 88,
        "destination": "KRBNP",
        "last_position_epoch": 1764962280,
        "last_position_UTC": "2025-12-05T19:18:00Z"
      },
      {
        "lat": 35.077435,
        "lon": 128.7957,
        "speed": 0,
        "course": 345,
        "heading": 88,
        "destination": "KRBNP",
        "last_position_epoch": 1764960600,
        "last_position_UTC": "2025-12-05T18:50:00Z"
      },
      {
        "lat": 35.077438,
        "lon": 128.7957,
        "speed": 0,
        "course": 345,
        "heading": 88,
        "destination": "KRBNP",
        "last_position_epoch": 1764958920,
        "last_position_UTC": "2025-12-05T18:22:00Z"
      },
      {
        "lat": 35.077381,
        "lon": 128.79562,
        "speed": 0,
        "course": 345,
        "heading": 88,
        "destination": "KRBNP",
        "last_position_epoch": 1764957060,
        "last_position_UTC": "2025-12-05T17:51:00Z"
      },
      {
        "lat": 35.077427,
        "lon": 128.7957,
        "speed": 0,
        "course": 345,
        "heading": 88,
        "destination": "KRBNP",
        "last_position_epoch": 1764955140,
        "last_position_UTC": "2025-12-05T17:19:00Z"
      },
      {
        "lat": 35.077419,
        "lon": 128.7957,
        "speed": 0,
        "course": 345,
        "heading": 88,
        "destination": "KRBNP",
        "last_position_epoch": 1764953340,
        "last_position_UTC": "2025-12-05T16:49:00Z"
      },
      {
        "lat": 35.077438,
        "lon": 128.79573,
        "speed": 0,
        "course": 345,
        "heading": 88,
        "destination": "KRBNP",
        "last_position_epoch": 1764951420,
        "last_position_UTC": "2025-12-05T16:17:00Z"
      },
      {
        "lat": 35.077438,
        "lon": 128.7957,
        "speed": 0,
        "course": 345,
        "heading": 88,
        "destination": "KRBNP",
        "last_position_epoch": 1764949800,
        "last_position_UTC": "2025-12-05T15:50:00Z"
      },
      {
        "lat": 35.077431,
        "lon": 128.7957,
        "speed": 0,
        "course": 345,
        "heading": 88,
        "destination": "KRBNP",
        "last_position_epoch": 1764947940,
        "last_position_UTC": "2025-12-05T15:19:00Z"
      },
      {
        "lat": 35.077423,
        "lon": 128.79568,
        "speed": 0,
        "course": 345,
        "heading": 88,
        "destination": "KRBNP",
        "last_position_epoch": 1764944220,
        "last_position_UTC": "2025-12-05T14:17:00Z"
      },
      {
        "lat": 35.077385,
        "lon": 128.79568,
        "speed": 0,
        "course": 345,
        "heading": 88,
        "destination": "KRBNP",
        "last_position_epoch": 1764940680,
        "last_position_UTC": "2025-12-05T13:18:00Z"
      },
      {
        "lat": 35.077408,
        "lon": 128.79567,
        "speed": 0,
        "course": 345,
        "heading": 88,
        "destination": "KRBNP",
        "last_position_epoch": 1764938880,
        "last_position_UTC": "2025-12-05T12:48:00Z"
      },
      {
        "lat": 35.077396,
        "lon": 128.79568,
        "speed": 0,
        "course": 345,
        "heading": 88,
        "destination": "KRBNP",
        "last_position_epoch": 1764937140,
        "last_position_UTC": "2025-12-05T12:19:00Z"
      },
      {
        "lat": 35.077412,
        "lon": 128.79568,
        "speed": 0,
        "course": 345,
        "heading": 88,
        "destination": "KRBNP",
        "last_position_epoch": 1764933480,
        "last_position_UTC": "2025-12-05T11:18:00Z"
      },
      {
        "lat": 35.077457,
        "lon": 128.79568,
        "speed": 0,
        "course": 345,
        "heading": 88,
        "destination": "KRBNP",
        "last_position_epoch": 1764930120,
        "last_position_UTC": "2025-12-05T10:22:00Z"
      },
      {
        "lat": 35.077358,
        "lon": 128.79559,
        "speed": 0,
        "course": 345,
        "heading": 88,
        "destination": "KRBNP",
        "last_position_epoch": 1764928080,
        "last_position_UTC": "2025-12-05T09:48:00Z"
      },
      {
        "lat": 35.077423,
        "lon": 128.79568,
        "speed": 0,
        "course": 256,
        "heading": 88,
        "destination": "KRBNP",
        "last_position_epoch": 1764926220,
        "last_position_UTC": "2025-12-05T09:17:00Z"
      },
      {
        "lat": 35.077419,
        "lon": 128.79573,
        "speed": 0,
        "course": 0,
        "heading": 89,
        "destination": "KRBNP",
        "last_position_epoch": 1764921284,
        "last_position_UTC": "2025-12-05T07:54:44Z"
      },
      {
        "lat": 35.077465,
        "lon": 128.7957,
        "speed": 0,
        "course": 274,
        "heading": 89,
        "destination": "KRBNP",
        "last_position_epoch": 1764919200,
        "last_position_UTC": "2025-12-05T07:20:00Z"
      },
      {
        "lat": 35.077465,
        "lon": 128.79568,
        "speed": 0,
        "course": 274,
        "heading": 89,
        "destination": "KRBNP",
        "last_position_epoch": 1764917580,
        "last_position_UTC": "2025-12-05T06:53:00Z"
      },
      {
        "lat": 35.077412,
        "lon": 128.79575,
        "speed": 0,
        "course": 268,
        "heading": 89,
        "destination": "KRBNP",
        "last_position_epoch": 1764914280,
        "last_position_UTC": "2025-12-05T05:58:00Z"
      },
      {
        "lat": 35.07753,
        "lon": 128.7957,
        "speed": 0,
        "course": 271,
        "heading": 89,
        "destination": "KRBNP",
        "last_position_epoch": 1764911940,
        "last_position_UTC": "2025-12-05T05:19:00Z"
      },
      {
        "lat": 35.077385,
        "lon": 128.79573,
        "speed": 0,
        "course": 43,
        "heading": 89,
        "destination": "KRBNP",
        "last_position_epoch": 1764906420,
        "last_position_UTC": "2025-12-05T03:47:00Z"
      },
      {
        "lat": 35.077354,
        "lon": 128.79555,
        "speed": 0,
        "course": 43,
        "heading": 89,
        "destination": "KRBNP",
        "last_position_epoch": 1764904800,
        "last_position_UTC": "2025-12-05T03:20:00Z"
      },
      {
        "lat": 35.077457,
        "lon": 128.79555,
        "speed": 0,
        "course": 43,
        "heading": 89,
        "destination": "KRBNP",
        "last_position_epoch": 1764902820,
        "last_position_UTC": "2025-12-05T02:47:00Z"
      },
      {
        "lat": 35.077305,
        "lon": 128.79559,
        "speed": 0,
        "course": 43,
        "heading": 89,
        "destination": "KRBNP",
        "last_position_epoch": 1764901380,
        "last_position_UTC": "2025-12-05T02:23:00Z"
      },
      {
        "lat": 35.0774,
        "lon": 128.79572,
        "speed": 0,
        "course": 43,
        "heading": 89,
        "destination": "KRBNP",
        "last_position_epoch": 1764899460,
        "last_position_UTC": "2025-12-05T01:51:00Z"
      },
      {
        "lat": 35.077332,
        "lon": 128.79576,
        "speed": 0,
        "course": 0,
        "heading": 89,
        "destination": "KRBNP",
        "last_position_epoch": 1764898756,
        "last_position_UTC": "2025-12-05T01:39:16Z"
      },
      {
        "lat": 35.077465,
        "lon": 128.79572,
        "speed": 0,
        "course": 43,
        "heading": 89,
        "destination": "KRBNP",
        "last_position_epoch": 1764895920,
        "last_position_UTC": "2025-12-05T00:52:00Z"
      },
      {
        "lat": 35.077454,
        "lon": 128.79573,
        "speed": 0,
        "course": 43,
        "heading": 88,
        "destination": "KRBNP",
        "last_position_epoch": 1764893940,
        "last_position_UTC": "2025-12-05T00:19:00Z"
      },
      {
        "lat": 35.077332,
        "lon": 128.79573,
        "speed": 0,
        "course": 43,
        "heading": 89,
        "destination": "KRBNP",
        "last_position_epoch": 1764892140,
        "last_position_UTC": "2025-12-04T23:49:00Z"
      },
      {
        "lat": 35.077332,
        "lon": 128.79579,
        "speed": 0,
        "course": 43,
        "heading": 89,
        "destination": "KRBNP",
        "last_position_epoch": 1764890400,
        "last_position_UTC": "2025-12-04T23:20:00Z"
      },
      {
        "lat": 35.077438,
        "lon": 128.7957,
        "speed": 0,
        "course": 43,
        "heading": 89,
        "destination": "KRBNP",
        "last_position_epoch": 1764888720,
        "last_position_UTC": "2025-12-04T22:52:00Z"
      },
      {
        "lat": 35.05563,
        "lon": 128.78523,
        "speed": 7.5,
        "course": 6,
        "heading": 6,
        "destination": "KRBNP",
        "last_position_epoch": 1764886740,
        "last_position_UTC": "2025-12-04T22:19:00Z"
      },
      {
        "lat": 34.9856,
        "lon": 128.81361,
        "speed": 7,
        "course": 338,
        "heading": 340,
        "destination": "KRBNP",
        "last_position_epoch": 1764885120,
        "last_position_UTC": "2025-12-04T21:52:00Z"
      },
      {
        "lat": 34.97722,
        "lon": 128.81830333333335,
        "speed": 8.3,
        "course": 335.7,
        "heading": 340,
        "destination": " KRBNP",
        "last_position_epoch": 1764884570,
        "last_position_UTC": "2025-12-04T21:42:50Z"
      },
      {
        "lat": 34.93522333333333,
        "lon": 128.83974,
        "speed": 3.6,
        "course": 333.1,
        "heading": 339,
        "destination": " KRBNP",
        "last_position_epoch": 1764882780,
        "last_position_UTC": "2025-12-04T21:13:00Z"
      },
      {
        "lat": 34.931108333333334,
        "lon": 128.84238,
        "speed": 4.5,
        "course": 357.8,
        "heading": 358,
        "destination": " KRBNP",
        "last_position_epoch": 1764880959,
        "last_position_UTC": "2025-12-04T20:42:39Z"
      },
      {
        "lat": 34.875103333333335,
        "lon": 128.849805,
        "speed": 5.2,
        "course": 341.6,
        "heading": 347,
        "destination": " KRBNP",
        "last_position_epoch": 1764879181,
        "last_position_UTC": "2025-12-04T20:13:01Z"
      },
      {
        "lat": 34.81818333333333,
        "lon": 128.86847,
        "speed": 6.4,
        "course": 345,
        "heading": 349,
        "destination": " KRBNP",
        "last_position_epoch": 1764877370,
        "last_position_UTC": "2025-12-04T19:42:50Z"
      },
      {
        "lat": 34.76850833333334,
        "lon": 128.88169833333333,
        "speed": 4.6,
        "course": 345.6,
        "heading": 348,
        "destination": " KRBNP",
        "last_position_epoch": 1764875120,
        "last_position_UTC": "2025-12-04T19:05:20Z"
      },
      {
        "lat": 34.714981,
        "lon": 128.89799,
        "speed": 4.5,
        "course": 343,
        "heading": 346,
        "destination": "KRBNP",
        "last_position_epoch": 1764872460,
        "last_position_UTC": "2025-12-04T18:21:00Z"
      },
      {
        "lat": 34.676067,
        "lon": 128.91188,
        "speed": 4.5,
        "course": 340,
        "heading": 339,
        "destination": "KRBNP",
        "last_position_epoch": 1764870720,
        "last_position_UTC": "2025-12-04T17:52:00Z"
      },
      {
        "lat": 34.638088,
        "lon": 128.93021,
        "speed": 4.5,
        "course": 345,
        "heading": null,
        "destination": "KRBNP",
        "last_position_epoch": 1764868800,
        "last_position_UTC": "2025-12-04T17:20:00Z"
      },
      {
        "lat": 34.598133,
        "lon": 128.94632,
        "speed": 4.9,
        "course": 342,
        "heading": 321,
        "destination": "KRBNP",
        "last_position_epoch": 1764867000,
        "last_position_UTC": "2025-12-04T16:50:00Z"
      },
      {
        "lat": 34.558598,
        "lon": 128.96078,
        "speed": 4.8,
        "course": 346,
        "heading": 323,
        "destination": "KRBNP",
        "last_position_epoch": 1764865260,
        "last_position_UTC": "2025-12-04T16:21:00Z"
      },
      {
        "lat": 34.517555,
        "lon": 128.97127,
        "speed": 4.8,
        "course": 348,
        "heading": 323,
        "destination": "KRBNP",
        "last_position_epoch": 1764863460,
        "last_position_UTC": "2025-12-04T15:51:00Z"
      },
      {
        "lat": 34.476219,
        "lon": 128.98207,
        "speed": 4.9,
        "course": 348,
        "heading": 321,
        "destination": "KRBNP",
        "last_position_epoch": 1764861600,
        "last_position_UTC": "2025-12-04T15:20:00Z"
      },
      {
        "lat": 34.436234,
        "lon": 128.99419,
        "speed": 5,
        "course": 343,
        "heading": 321,
        "destination": "KRBNP",
        "last_position_epoch": 1764859920,
        "last_position_UTC": "2025-12-04T14:52:00Z"
      },
      {
        "lat": 34.322979,
        "lon": 129.0271,
        "speed": 5,
        "course": 345,
        "heading": null,
        "destination": "KRBNP",
        "last_position_epoch": 1764854280,
        "last_position_UTC": "2025-12-04T13:18:00Z"
      },
      {
        "lat": 34.151627,
        "lon": 129.07248,
        "speed": 6,
        "course": 349,
        "heading": null,
        "destination": "KRBNP",
        "last_position_epoch": 1764847080,
        "last_position_UTC": "2025-12-04T11:18:00Z"
      },
      {
        "lat": 33.91053,
        "lon": 129.25401,
        "speed": 8.6,
        "course": 316,
        "heading": null,
        "destination": "KRBNP",
        "last_position_epoch": 1764839880,
        "last_position_UTC": "2025-12-04T09:18:00Z"
      },
      {
        "lat": 33.935268,
        "lon": 128.91914,
        "speed": 1.2,
        "course": 120,
        "heading": 16,
        "destination": "KRBNP",
        "last_position_epoch": 1764798540,
        "last_position_UTC": "2025-12-03T21:49:00Z"
      },
      {
        "lat": 34.012783,
        "lon": 128.80034,
        "speed": 1.8,
        "course": 120,
        "heading": 35,
        "destination": "KRBNP",
        "last_position_epoch": 1764778680,
        "last_position_UTC": "2025-12-03T16:18:00Z"
      },
      {
        "lat": 34.029552,
        "lon": 128.75932,
        "speed": 2.5,
        "course": 112,
        "heading": 30,
        "destination": "KRBNP",
        "last_position_epoch": 1764775140,
        "last_position_UTC": "2025-12-03T15:19:00Z"
      },
      {
        "lat": 34.037193,
        "lon": 128.73424,
        "speed": 2.7,
        "course": 104,
        "heading": 28,
        "destination": "KRBNP",
        "last_position_epoch": 1764773400,
        "last_position_UTC": "2025-12-03T14:50:00Z"
      },
      {
        "lat": 34.044819,
        "lon": 128.70787,
        "speed": 2.9,
        "course": 110,
        "heading": 37,
        "destination": "KRBNP",
        "last_position_epoch": 1764771660,
        "last_position_UTC": "2025-12-03T14:21:00Z"
      },
      {
        "lat": 34.05196,
        "lon": 128.67281,
        "speed": 3,
        "course": 104,
        "heading": 31,
        "destination": "KRBNP",
        "last_position_epoch": 1764769620,
        "last_position_UTC": "2025-12-03T13:47:00Z"
      },
      {
        "lat": 34.058006,
        "lon": 128.64265,
        "speed": 2.9,
        "course": 104,
        "heading": 38,
        "destination": "KRBNP",
        "last_position_epoch": 1764767940,
        "last_position_UTC": "2025-12-03T13:19:00Z"
      },
      {
        "lat": 34.061966,
        "lon": 128.62421,
        "speed": 2.7,
        "course": 107,
        "heading": 37,
        "destination": "KRBNP",
        "last_position_epoch": 1764766260,
        "last_position_UTC": "2025-12-03T12:51:00Z"
      },
      {
        "lat": 34.069462,
        "lon": 128.59552,
        "speed": 2.2,
        "course": 114,
        "heading": 21,
        "destination": "KRBNP",
        "last_position_epoch": 1764764460,
        "last_position_UTC": "2025-12-03T12:21:00Z"
      },
      {
        "lat": 34.028675,
        "lon": 128.60069,
        "speed": 7.8,
        "course": 15,
        "heading": 359,
        "destination": "KRBNP",
        "last_position_epoch": 1764762660,
        "last_position_UTC": "2025-12-03T11:51:00Z"
      },
      {
        "lat": 33.956188,
        "lon": 128.59425,
        "speed": 7.6,
        "course": 10,
        "heading": 356,
        "destination": "KRBNP",
        "last_position_epoch": 1764760800,
        "last_position_UTC": "2025-12-03T11:20:00Z"
      },
      {
        "lat": 33.893955,
        "lon": 128.57961,
        "speed": 7.9,
        "course": 7,
        "heading": 357,
        "destination": "KRBNP",
        "last_position_epoch": 1764759060,
        "last_position_UTC": "2025-12-03T10:51:00Z"
      },
      {
        "lat": 33.824799,
        "lon": 128.56987,
        "speed": 8.3,
        "course": 4,
        "heading": 350,
        "destination": "KRBNP",
        "last_position_epoch": 1764757260,
        "last_position_UTC": "2025-12-03T10:21:00Z"
      },
      {
        "lat": 33.748688,
        "lon": 128.56317,
        "speed": 8.1,
        "course": 3,
        "heading": 351,
        "destination": "KRBNP",
        "last_position_epoch": 1764755280,
        "last_position_UTC": "2025-12-03T09:48:00Z"
      },
      {
        "lat": 33.679798,
        "lon": 128.55722,
        "speed": 7.9,
        "course": 2,
        "heading": 350,
        "destination": "KRBNP",
        "last_position_epoch": 1764753480,
        "last_position_UTC": "2025-12-03T09:18:00Z"
      },
      {
        "lat": 33.612747,
        "lon": 128.55457,
        "speed": 8.3,
        "course": 358,
        "heading": 350,
        "destination": "KRBNP",
        "last_position_epoch": 1764751740,
        "last_position_UTC": "2025-12-03T08:49:00Z"
      },
      {
        "lat": 33.557148,
        "lon": 128.55428,
        "speed": 8.1,
        "course": 4,
        "heading": 350,
        "destination": "KRBNP",
        "last_position_epoch": 1764750060,
        "last_position_UTC": "2025-12-03T08:21:00Z"
      },
      {
        "lat": 33.435162,
        "lon": 128.55486,
        "speed": 7.8,
        "course": 0,
        "heading": 350,
        "destination": "KRBNP",
        "last_position_epoch": 1764746509,
        "last_position_UTC": "2025-12-03T07:21:49Z"
      },
      {
        "lat": 32.757679,
        "lon": 128.50465,
        "speed": 7,
        "course": 5,
        "heading": null,
        "destination": "KRBNP",
        "last_position_epoch": 1764726480,
        "last_position_UTC": "2025-12-03T01:48:00Z"
      },
      {
        "lat": 32.698357,
        "lon": 128.49588,
        "speed": 7.5,
        "course": 3,
        "heading": null,
        "destination": "KRBNP",
        "last_position_epoch": 1764724860,
        "last_position_UTC": "2025-12-03T01:21:00Z"
      },
      {
        "lat": 31.234293,
        "lon": 129.03516,
        "speed": 9.3,
        "course": 331,
        "heading": 334,
        "destination": "KRBNP",
        "last_position_epoch": 1764683280,
        "last_position_UTC": "2025-12-02T13:48:00Z"
      },
      {
        "lat": 31.193474,
        "lon": 129.06308,
        "speed": 9.3,
        "course": 328,
        "heading": 332,
        "destination": "KRBNP",
        "last_position_epoch": 1764681660,
        "last_position_UTC": "2025-12-02T13:21:00Z"
      },
      {
        "lat": 31.253134,
        "lon": 129.20789,
        "speed": 1.2,
        "course": 206,
        "heading": null,
        "destination": "KRBNP",
        "last_position_epoch": 1764647220,
        "last_position_UTC": "2025-12-02T03:47:00Z"
      },
      {
        "lat": 31.27722,
        "lon": 129.22017,
        "speed": 1.6,
        "course": 197,
        "heading": null,
        "destination": "KRBNP",
        "last_position_epoch": 1764643740,
        "last_position_UTC": "2025-12-02T02:49:00Z"
      },
      {
        "lat": 31.002872,
        "lon": 130.21288,
        "speed": 9,
        "course": 281,
        "heading": 289,
        "destination": "KRBNP",
        "last_position_epoch": 1764615000,
        "last_position_UTC": "2025-12-01T18:50:00Z"
      },
      {
        "lat": 30.993679,
        "lon": 130.28407,
        "speed": 10.3,
        "course": 276,
        "heading": 280,
        "destination": "KRBNP",
        "last_position_epoch": 1764613200,
        "last_position_UTC": "2025-12-01T18:20:00Z"
      },
      {
        "lat": 30.980762,
        "lon": 130.38826,
        "speed": 10.6,
        "course": 278,
        "heading": 280,
        "destination": "KRBNP",
        "last_position_epoch": 1764611340,
        "last_position_UTC": "2025-12-01T17:49:00Z"
      },
      {
        "lat": 30.963711,
        "lon": 130.48737,
        "speed": 9.6,
        "course": 281,
        "heading": 279,
        "destination": "KRBNP",
        "last_position_epoch": 1764609540,
        "last_position_UTC": "2025-12-01T17:19:00Z"
      },
      {
        "lat": 31.012859,
        "lon": 132.17969,
        "speed": 1.2,
        "course": 15,
        "heading": 251,
        "destination": "KRBNP",
        "last_position_epoch": 1764573600,
        "last_position_UTC": "2025-12-01T07:20:00Z"
      },
      {
        "lat": 30.316946,
        "lon": 135.27628,
        "speed": 11.6,
        "course": 281,
        "heading": null,
        "destination": "KRBNP",
        "last_position_epoch": 1764490740,
        "last_position_UTC": "2025-11-30T08:19:00Z"
      },
      {
        "lat": 30.249357,
        "lon": 135.72031,
        "speed": 11.1,
        "course": 282,
        "heading": 281,
        "destination": "KRBNP",
        "last_position_epoch": 1764482638,
        "last_position_UTC": "2025-11-30T06:03:58Z"
      },
      {
        "lat": 30.21982,
        "lon": 135.89987,
        "speed": 11.5,
        "course": 281,
        "heading": 281,
        "destination": "KRBNP",
        "last_position_epoch": 1764479820,
        "last_position_UTC": "2025-11-30T05:17:00Z"
      },
      {
        "lat": 30.201099,
        "lon": 136.00758,
        "speed": 11.3,
        "course": 281,
        "heading": 281,
        "destination": "KRBNP",
        "last_position_epoch": 1764478260,
        "last_position_UTC": "2025-11-30T04:51:00Z"
      },
      {
        "lat": 30.13014,
        "lon": 136.43518,
        "speed": 11.6,
        "course": 279,
        "heading": null,
        "destination": "KRBNP",
        "last_position_epoch": 1764470880,
        "last_position_UTC": "2025-11-30T02:48:00Z"
      }
    ]
  },
  "meta": {
    "duration": 0.009677806,
    "endpoint": "/api/v0/vessel_history",
    "success": true
  }
}