{
  "data": {
    "uuid": "d5fb9a32-6ebc-c7cb-3fc7-688f09574cf4",
    "name": "YM WELLBEING",
    "mmsi": "563226100",
    "imo": "9820908",
    "eni": null,
    "country_iso": "SG",
    "type": "Cargo - Hazard D (Recognizable)",
    "type_specific": "Container Ship",
    "positions": [
      {
        "lat": 33.74352,
        "lon": -118.19458833333333,
        "speed": 0.1,
        "course": 150.7,
        "heading": 90,
        "destination": "USLGB",
        "last_position_epoch": 1765030242,
        "last_position_UTC": "2025-12-06T14:10:42Z"
      },
      {
        "lat": 33.74350666666667,
        "lon": -118.194655,
        "speed": 0.1,
        "course": 209.9,
        "heading": 90,
        "destination": "USLGB",
        "last_position_epoch": 1765028161,
        "last_position_UTC": "2025-12-06T13:36:01Z"
      },
      {
        "lat": 33.743518333333334,
        "lon": -118.19463,
        "speed": 0,
        "course": 218.6,
        "heading": 90,
        "destination": "USLGB",
        "last_position_epoch": 1765026361,
        "last_position_UTC": "2025-12-06T13:06:01Z"
      },
      {
        "lat": 33.74353333333333,
        "lon": -118.19465,
        "speed": 0,
        "course": 209.4,
        "heading": 90,
        "destination": "USLGB",
        "last_position_epoch": 1765024671,
        "last_position_UTC": "2025-12-06T12:37:51Z"
      },
      {
        "lat": 33.743518333333334,
        "lon": -118.19461666666666,
        "speed": 0,
        "course": 340.7,
        "heading": 90,
        "destination": "USLGB",
        "last_position_epoch": 1765022761,
        "last_position_UTC": "2025-12-06T12:06:01Z"
      },
      {
        "lat": 33.74359666666667,
        "lon": -118.19462,
        "speed": 0,
        "course": 253.2,
        "heading": 90,
        "destination": "USLGB",
        "last_position_epoch": 1765020961,
        "last_position_UTC": "2025-12-06T11:36:01Z"
      },
      {
        "lat": 33.743478333333336,
        "lon": -118.19459,
        "speed": 0.1,
        "course": 172.2,
        "heading": 90,
        "destination": "USLGB",
        "last_position_epoch": 1765019161,
        "last_position_UTC": "2025-12-06T11:06:01Z"
      },
      {
        "lat": 33.743368333333336,
        "lon": -118.19452833333334,
        "speed": 0.1,
        "course": 221.5,
        "heading": 90,
        "destination": "USLGB",
        "last_position_epoch": 1765017564,
        "last_position_UTC": "2025-12-06T10:39:24Z"
      },
      {
        "lat": 33.74359333333334,
        "lon": -118.19463166666667,
        "speed": 0.1,
        "course": 203.9,
        "heading": 90,
        "destination": "USLGB",
        "last_position_epoch": 1765015921,
        "last_position_UTC": "2025-12-06T10:12:01Z"
      },
      {
        "lat": 33.743505,
        "lon": -118.19464166666667,
        "speed": 0,
        "course": 315.6,
        "heading": 90,
        "destination": "USLGB",
        "last_position_epoch": 1765013941,
        "last_position_UTC": "2025-12-06T09:39:01Z"
      },
      {
        "lat": 33.74346166666667,
        "lon": -118.19461,
        "speed": 0,
        "course": 357.2,
        "heading": 90,
        "destination": "USLGB",
        "last_position_epoch": 1765012370,
        "last_position_UTC": "2025-12-06T09:12:50Z"
      },
      {
        "lat": 33.743471666666665,
        "lon": -118.19479,
        "speed": 0.1,
        "course": 338.9,
        "heading": 90,
        "destination": "USLGB",
        "last_position_epoch": 1765010521,
        "last_position_UTC": "2025-12-06T08:42:01Z"
      },
      {
        "lat": 33.7439,
        "lon": -118.1948,
        "speed": 0,
        "course": 345.5,
        "heading": 90,
        "destination": "USLGB",
        "last_position_epoch": 1765008361,
        "last_position_UTC": "2025-12-06T08:06:01Z"
      },
      {
        "lat": 33.74355666666667,
        "lon": -118.194585,
        "speed": 0,
        "course": 166.3,
        "heading": 90,
        "destination": "USLGB",
        "last_position_epoch": 1765006595,
        "last_position_UTC": "2025-12-06T07:36:35Z"
      },
      {
        "lat": 33.74354833333334,
        "lon": -118.19467666666667,
        "speed": 0,
        "course": 177,
        "heading": 90,
        "destination": "USLGB",
        "last_position_epoch": 1765004761,
        "last_position_UTC": "2025-12-06T07:06:01Z"
      },
      {
        "lat": 33.74351333333333,
        "lon": -118.194665,
        "speed": 0,
        "course": 4.2,
        "heading": 90,
        "destination": "USLGB",
        "last_position_epoch": 1765003141,
        "last_position_UTC": "2025-12-06T06:39:01Z"
      },
      {
        "lat": 33.74346333333333,
        "lon": -118.19464833333333,
        "speed": 0,
        "course": 253.5,
        "heading": 90,
        "destination": "USLGB",
        "last_position_epoch": 1765001548,
        "last_position_UTC": "2025-12-06T06:12:28Z"
      },
      {
        "lat": 33.74339166666667,
        "lon": -118.19460166666667,
        "speed": 0,
        "course": 310.4,
        "heading": 90,
        "destination": "USLGB",
        "last_position_epoch": 1764999565,
        "last_position_UTC": "2025-12-06T05:39:25Z"
      },
      {
        "lat": 33.743425,
        "lon": -118.19466166666666,
        "speed": 0,
        "course": 292,
        "heading": 90,
        "destination": "USLGB",
        "last_position_epoch": 1764997921,
        "last_position_UTC": "2025-12-06T05:12:01Z"
      },
      {
        "lat": 33.743335,
        "lon": -118.19478166666667,
        "speed": 0.2,
        "course": 189.7,
        "heading": 90,
        "destination": "USLGB",
        "last_position_epoch": 1764995761,
        "last_position_UTC": "2025-12-06T04:36:01Z"
      },
      {
        "lat": 33.74373166666667,
        "lon": -118.19470166666666,
        "speed": 0.3,
        "course": 183.9,
        "heading": 89,
        "destination": "USLGB",
        "last_position_epoch": 1764994372,
        "last_position_UTC": "2025-12-06T04:12:52Z"
      },
      {
        "lat": 33.74375833333333,
        "lon": -118.19475,
        "speed": 0,
        "course": 32.1,
        "heading": 90,
        "destination": "USLGB",
        "last_position_epoch": 1764992341,
        "last_position_UTC": "2025-12-06T03:39:01Z"
      },
      {
        "lat": 33.74360333333333,
        "lon": -118.19465333333333,
        "speed": 0,
        "course": 175.1,
        "heading": 90,
        "destination": "USLGB",
        "last_position_epoch": 1764990361,
        "last_position_UTC": "2025-12-06T03:06:01Z"
      },
      {
        "lat": 33.743406666666665,
        "lon": -118.194755,
        "speed": 0,
        "course": 261,
        "heading": 90,
        "destination": "USLGB",
        "last_position_epoch": 1764988921,
        "last_position_UTC": "2025-12-06T02:42:01Z"
      },
      {
        "lat": 33.74349,
        "lon": -118.194695,
        "speed": 0.1,
        "course": 235.1,
        "heading": 90,
        "destination": "USLGB",
        "last_position_epoch": 1764986795,
        "last_position_UTC": "2025-12-06T02:06:35Z"
      },
      {
        "lat": 33.743453333333335,
        "lon": -118.19459333333333,
        "speed": 0,
        "course": 198.4,
        "heading": 90,
        "destination": "USLGB",
        "last_position_epoch": 1764984961,
        "last_position_UTC": "2025-12-06T01:36:01Z"
      },
      {
        "lat": 33.74348666666667,
        "lon": -118.19463666666667,
        "speed": 0,
        "course": 125.6,
        "heading": 90,
        "destination": "USLGB",
        "last_position_epoch": 1764983161,
        "last_position_UTC": "2025-12-06T01:06:01Z"
      },
      {
        "lat": 33.743505,
        "lon": -118.19462,
        "speed": 0.1,
        "course": 237.5,
        "heading": 90,
        "destination": "USLGB",
        "last_position_epoch": 1764981721,
        "last_position_UTC": "2025-12-06T00:42:01Z"
      },
      {
        "lat": 33.74351166666667,
        "lon": -118.19475,
        "speed": 0.1,
        "course": 254.2,
        "heading": 90,
        "destination": "USLGB",
        "last_position_epoch": 1764979561,
        "last_position_UTC": "2025-12-06T00:06:01Z"
      },
      {
        "lat": 33.74352833333333,
        "lon": -118.19468,
        "speed": 0.1,
        "course": 278.7,
        "heading": 90,
        "destination": "USLGB",
        "last_position_epoch": 1764977761,
        "last_position_UTC": "2025-12-05T23:36:01Z"
      },
      {
        "lat": 33.743453333333335,
        "lon": -118.19458,
        "speed": 0.1,
        "course": 213,
        "heading": 90,
        "destination": "USLGB",
        "last_position_epoch": 1764976321,
        "last_position_UTC": "2025-12-05T23:12:01Z"
      },
      {
        "lat": 33.743518333333334,
        "lon": -118.19458,
        "speed": 0.1,
        "course": 226.5,
        "heading": 89,
        "destination": "USLGB",
        "last_position_epoch": 1764974521,
        "last_position_UTC": "2025-12-05T22:42:01Z"
      },
      {
        "lat": 33.74351166666667,
        "lon": -118.19462166666666,
        "speed": 0,
        "course": 170.7,
        "heading": 91,
        "destination": "USLGB",
        "last_position_epoch": 1764972361,
        "last_position_UTC": "2025-12-05T22:06:01Z"
      },
      {
        "lat": 33.743495,
        "lon": -118.19463833333333,
        "speed": 0,
        "course": 172.1,
        "heading": 89,
        "destination": "USLGB",
        "last_position_epoch": 1764970741,
        "last_position_UTC": "2025-12-05T21:39:01Z"
      },
      {
        "lat": 33.743453333333335,
        "lon": -118.194605,
        "speed": 0,
        "course": 333.9,
        "heading": 90,
        "destination": "USLGB",
        "last_position_epoch": 1764968761,
        "last_position_UTC": "2025-12-05T21:06:01Z"
      },
      {
        "lat": 33.7435,
        "lon": -118.194605,
        "speed": 0,
        "course": 195,
        "heading": 90,
        "destination": "USLGB",
        "last_position_epoch": 1764967321,
        "last_position_UTC": "2025-12-05T20:42:01Z"
      },
      {
        "lat": 33.74352666666667,
        "lon": -118.19459166666667,
        "speed": 0.1,
        "course": 107.1,
        "heading": 90,
        "destination": "USLGB",
        "last_position_epoch": 1764965161,
        "last_position_UTC": "2025-12-05T20:06:01Z"
      },
      {
        "lat": 33.743516666666665,
        "lon": -118.19461333333334,
        "speed": 0,
        "course": 124.9,
        "heading": 91,
        "destination": "USLGB",
        "last_position_epoch": 1764963721,
        "last_position_UTC": "2025-12-05T19:42:01Z"
      },
      {
        "lat": 33.74352,
        "lon": -118.19461166666666,
        "speed": 0.1,
        "course": 77.2,
        "heading": 91,
        "destination": "USLGB",
        "last_position_epoch": 1764961921,
        "last_position_UTC": "2025-12-05T19:12:01Z"
      },
      {
        "lat": 33.743575,
        "lon": -118.19461,
        "speed": 0,
        "course": 72,
        "heading": 90,
        "destination": "USLGB",
        "last_position_epoch": 1764960121,
        "last_position_UTC": "2025-12-05T18:42:01Z"
      },
      {
        "lat": 33.74355166666667,
        "lon": -118.19460666666667,
        "speed": 0,
        "course": 49.8,
        "heading": 90,
        "destination": "USLGB",
        "last_position_epoch": 1764957961,
        "last_position_UTC": "2025-12-05T18:06:01Z"
      },
      {
        "lat": 33.743495,
        "lon": -118.19461166666666,
        "speed": 0,
        "course": 99.5,
        "heading": 90,
        "destination": "USLGB",
        "last_position_epoch": 1764956161,
        "last_position_UTC": "2025-12-05T17:36:01Z"
      },
      {
        "lat": 33.7435,
        "lon": -118.194605,
        "speed": 0.1,
        "course": 113.8,
        "heading": 90,
        "destination": "USLGB",
        "last_position_epoch": 1764954721,
        "last_position_UTC": "2025-12-05T17:12:01Z"
      },
      {
        "lat": 33.74350166666667,
        "lon": -118.194605,
        "speed": 0.1,
        "course": 116,
        "heading": 90,
        "destination": "USLGB",
        "last_position_epoch": 1764952741,
        "last_position_UTC": "2025-12-05T16:39:01Z"
      },
      {
        "lat": 33.743518333333334,
        "lon": -118.19462666666666,
        "speed": 0,
        "course": 125.4,
        "heading": 90,
        "destination": "USLGB",
        "last_position_epoch": 1764951121,
        "last_position_UTC": "2025-12-05T16:12:01Z"
      },
      {
        "lat": 33.74353,
        "lon": -118.194615,
        "speed": 0.1,
        "course": 149.6,
        "heading": 90,
        "destination": "USLGB",
        "last_position_epoch": 1764948962,
        "last_position_UTC": "2025-12-05T15:36:02Z"
      },
      {
        "lat": 33.743505,
        "lon": -118.19461,
        "speed": 0.1,
        "course": 143.4,
        "heading": 90,
        "destination": "USLGB",
        "last_position_epoch": 1764947161,
        "last_position_UTC": "2025-12-05T15:06:01Z"
      },
      {
        "lat": 33.74350666666667,
        "lon": -118.19462166666666,
        "speed": 0,
        "course": 126.2,
        "heading": 90,
        "destination": "USLGB",
        "last_position_epoch": 1764945361,
        "last_position_UTC": "2025-12-05T14:36:01Z"
      },
      {
        "lat": 33.74364333333333,
        "lon": -118.194655,
        "speed": 0,
        "course": 178.4,
        "heading": 90,
        "destination": "USLGB",
        "last_position_epoch": 1764943921,
        "last_position_UTC": "2025-12-05T14:12:01Z"
      },
      {
        "lat": 33.743516666666665,
        "lon": -118.19467833333333,
        "speed": 0,
        "course": 214.2,
        "heading": 90,
        "destination": "USLGB",
        "last_position_epoch": 1764941795,
        "last_position_UTC": "2025-12-05T13:36:35Z"
      },
      {
        "lat": 33.743505,
        "lon": -118.19453833333333,
        "speed": 0,
        "course": 213.2,
        "heading": 90,
        "destination": "USLGB",
        "last_position_epoch": 1764940321,
        "last_position_UTC": "2025-12-05T13:12:01Z"
      },
      {
        "lat": 33.743471666666665,
        "lon": -118.194645,
        "speed": 0,
        "course": 340.3,
        "heading": 90,
        "destination": "USLGB",
        "last_position_epoch": 1764938341,
        "last_position_UTC": "2025-12-05T12:39:01Z"
      },
      {
        "lat": 33.74331333333333,
        "lon": -118.19470166666666,
        "speed": 0,
        "course": 340.3,
        "heading": 90,
        "destination": "USLGB",
        "last_position_epoch": 1764936748,
        "last_position_UTC": "2025-12-05T12:12:28Z"
      },
      {
        "lat": 33.743413333333336,
        "lon": -118.194505,
        "speed": 0,
        "course": 275.9,
        "heading": 90,
        "destination": "USLGB",
        "last_position_epoch": 1764934979,
        "last_position_UTC": "2025-12-05T11:42:59Z"
      },
      {
        "lat": 33.74346666666667,
        "lon": -118.1945,
        "speed": 0,
        "course": 349.8,
        "heading": 90,
        "destination": "USLGB",
        "last_position_epoch": 1764933121,
        "last_position_UTC": "2025-12-05T11:12:01Z"
      },
      {
        "lat": 33.7435,
        "lon": -118.19457666666666,
        "speed": 0.1,
        "course": 211.7,
        "heading": 90,
        "destination": "USLGB",
        "last_position_epoch": 1764931141,
        "last_position_UTC": "2025-12-05T10:39:01Z"
      },
      {
        "lat": 33.743516666666665,
        "lon": -118.19461333333334,
        "speed": 0,
        "course": 233.3,
        "heading": 91,
        "destination": "USLGB",
        "last_position_epoch": 1764929521,
        "last_position_UTC": "2025-12-05T10:12:01Z"
      },
      {
        "lat": 33.74345666666667,
        "lon": -118.19461166666666,
        "speed": 0,
        "course": 336.8,
        "heading": 90,
        "destination": "USLGB",
        "last_position_epoch": 1764927721,
        "last_position_UTC": "2025-12-05T09:42:01Z"
      },
      {
        "lat": 33.74332,
        "lon": -118.1945,
        "speed": 0,
        "course": 136,
        "heading": 89,
        "destination": "USLGB",
        "last_position_epoch": 1764925740,
        "last_position_UTC": "2025-12-05T09:09:00Z"
      },
      {
        "lat": 33.74346666666667,
        "lon": -118.19466,
        "speed": 0,
        "course": 347.8,
        "heading": 90,
        "destination": "USLGB",
        "last_position_epoch": 1764924121,
        "last_position_UTC": "2025-12-05T08:42:01Z"
      },
      {
        "lat": 33.743485,
        "lon": -118.19453333333334,
        "speed": 0,
        "course": 114.8,
        "heading": 90,
        "destination": "USLGB",
        "last_position_epoch": 1764922321,
        "last_position_UTC": "2025-12-05T08:12:01Z"
      },
      {
        "lat": 33.7435,
        "lon": -118.19458,
        "speed": 0.1,
        "course": 126.8,
        "heading": 90,
        "destination": "USLGB",
        "last_position_epoch": 1764920161,
        "last_position_UTC": "2025-12-05T07:36:01Z"
      },
      {
        "lat": 33.743608333333334,
        "lon": -118.19459,
        "speed": 0,
        "course": 34.6,
        "heading": 90,
        "destination": "USLGB",
        "last_position_epoch": 1764918753,
        "last_position_UTC": "2025-12-05T07:12:33Z"
      },
      {
        "lat": 33.743453333333335,
        "lon": -118.194685,
        "speed": 0,
        "course": 29.4,
        "heading": 90,
        "destination": "USLGB",
        "last_position_epoch": 1764916921,
        "last_position_UTC": "2025-12-05T06:42:01Z"
      },
      {
        "lat": 33.74352,
        "lon": -118.194585,
        "speed": 0,
        "course": 77.3,
        "heading": 90,
        "destination": "USLGB",
        "last_position_epoch": 1764914761,
        "last_position_UTC": "2025-12-05T06:06:01Z"
      },
      {
        "lat": 33.743505,
        "lon": -118.194595,
        "speed": 0,
        "course": 138.7,
        "heading": 90,
        "destination": "USLGB",
        "last_position_epoch": 1764913321,
        "last_position_UTC": "2025-12-05T05:42:01Z"
      },
      {
        "lat": 33.743516666666665,
        "lon": -118.19464166666667,
        "speed": 0,
        "course": 120.6,
        "heading": 90,
        "destination": "USLGB",
        "last_position_epoch": 1764911161,
        "last_position_UTC": "2025-12-05T05:06:01Z"
      },
      {
        "lat": 33.743478333333336,
        "lon": -118.19448333333334,
        "speed": 0.1,
        "course": 171.4,
        "heading": 90,
        "destination": "USLGB",
        "last_position_epoch": 1764909721,
        "last_position_UTC": "2025-12-05T04:42:01Z"
      },
      {
        "lat": 33.743491666666664,
        "lon": -118.19466666666666,
        "speed": 0,
        "course": 156.2,
        "heading": 90,
        "destination": "USLGB",
        "last_position_epoch": 1764907561,
        "last_position_UTC": "2025-12-05T04:06:01Z"
      },
      {
        "lat": 33.7435,
        "lon": -118.19466833333334,
        "speed": 0.1,
        "course": 24.7,
        "heading": 90,
        "destination": "USLGB",
        "last_position_epoch": 1764906121,
        "last_position_UTC": "2025-12-05T03:42:01Z"
      },
      {
        "lat": 33.74351333333333,
        "lon": -118.19466333333334,
        "speed": 0,
        "course": 177.4,
        "heading": 90,
        "destination": "USLGB",
        "last_position_epoch": 1764904321,
        "last_position_UTC": "2025-12-05T03:12:01Z"
      },
      {
        "lat": 33.743413333333336,
        "lon": -118.194555,
        "speed": 0,
        "course": 276.7,
        "heading": 90,
        "destination": "USLGB",
        "last_position_epoch": 1764902521,
        "last_position_UTC": "2025-12-05T02:42:01Z"
      },
      {
        "lat": 33.74348333333333,
        "lon": -118.19461666666666,
        "speed": 0.1,
        "course": 174.7,
        "heading": 90,
        "destination": "USLGB",
        "last_position_epoch": 1764900721,
        "last_position_UTC": "2025-12-05T02:12:01Z"
      },
      {
        "lat": 33.743495,
        "lon": -118.19463166666667,
        "speed": 0,
        "course": 241.1,
        "heading": 90,
        "destination": "USLGB",
        "last_position_epoch": 1764898953,
        "last_position_UTC": "2025-12-05T01:42:33Z"
      },
      {
        "lat": 33.74351,
        "lon": -118.19464666666667,
        "speed": 0,
        "course": 239,
        "heading": 90,
        "destination": "USLGB",
        "last_position_epoch": 1764896844,
        "last_position_UTC": "2025-12-05T01:07:24Z"
      },
      {
        "lat": 33.743505,
        "lon": -118.19462333333334,
        "speed": 0.1,
        "course": 246.3,
        "heading": 90,
        "destination": "USLGB",
        "last_position_epoch": 1764895321,
        "last_position_UTC": "2025-12-05T00:42:01Z"
      },
      {
        "lat": 33.743435,
        "lon": -118.19458,
        "speed": 0,
        "course": 279.4,
        "heading": 90,
        "destination": "USLGB",
        "last_position_epoch": 1764893521,
        "last_position_UTC": "2025-12-05T00:12:01Z"
      },
      {
        "lat": 33.743505,
        "lon": -118.19462833333333,
        "speed": 0,
        "course": 209.1,
        "heading": 90,
        "destination": "USLGB",
        "last_position_epoch": 1764891721,
        "last_position_UTC": "2025-12-04T23:42:01Z"
      },
      {
        "lat": 33.743476666666666,
        "lon": -118.194595,
        "speed": 0.1,
        "course": 210.5,
        "heading": 90,
        "destination": "USLGB",
        "last_position_epoch": 1764889921,
        "last_position_UTC": "2025-12-04T23:12:01Z"
      },
      {
        "lat": 33.74313333333333,
        "lon": -118.195715,
        "speed": 0.8,
        "course": 77.7,
        "heading": 85,
        "destination": "USLGB",
        "last_position_epoch": 1764888177,
        "last_position_UTC": "2025-12-04T22:42:57Z"
      },
      {
        "lat": 33.71769166666667,
        "lon": -118.182955,
        "speed": 10.3,
        "course": 355.3,
        "heading": 355,
        "destination": "USLGB",
        "last_position_epoch": 1764886077,
        "last_position_UTC": "2025-12-04T22:07:57Z"
      },
      {
        "lat": 33.65787666666667,
        "lon": -118.18369833333334,
        "speed": 5.5,
        "course": 6.1,
        "heading": 4,
        "destination": "USLGB",
        "last_position_epoch": 1764884577,
        "last_position_UTC": "2025-12-04T21:42:57Z"
      },
      {
        "lat": 33.61669666666667,
        "lon": -118.203,
        "speed": 7.2,
        "course": 40,
        "heading": 40,
        "destination": "USLGB",
        "last_position_epoch": 1764882778,
        "last_position_UTC": "2025-12-04T21:12:58Z"
      },
      {
        "lat": 33.603046666666664,
        "lon": -118.269265,
        "speed": 7.1,
        "course": 91.2,
        "heading": 92,
        "destination": "USLGB",
        "last_position_epoch": 1764880978,
        "last_position_UTC": "2025-12-04T20:42:58Z"
      },
      {
        "lat": 33.60686166666667,
        "lon": -118.34705666666666,
        "speed": 9.9,
        "course": 104.3,
        "heading": 105,
        "destination": "USLGB",
        "last_position_epoch": 1764879178,
        "last_position_UTC": "2025-12-04T20:12:58Z"
      },
      {
        "lat": 33.638513333333336,
        "lon": -118.426485,
        "speed": 8.7,
        "course": 121.8,
        "heading": 121,
        "destination": "USLGB",
        "last_position_epoch": 1764877379,
        "last_position_UTC": "2025-12-04T19:42:59Z"
      },
      {
        "lat": 33.683186666666664,
        "lon": -118.51524833333333,
        "speed": 9.1,
        "course": 120.8,
        "heading": 121,
        "destination": "USLGB",
        "last_position_epoch": 1764875278,
        "last_position_UTC": "2025-12-04T19:07:58Z"
      },
      {
        "lat": 33.71982666666667,
        "lon": -118.59348166666666,
        "speed": 9,
        "course": 116.4,
        "heading": 119,
        "destination": "USLGB",
        "last_position_epoch": 1764873478,
        "last_position_UTC": "2025-12-04T18:37:58Z"
      },
      {
        "lat": 33.75459,
        "lon": -118.67088166666667,
        "speed": 8.7,
        "course": 120.1,
        "heading": 118,
        "destination": "USLGB",
        "last_position_epoch": 1764871678,
        "last_position_UTC": "2025-12-04T18:07:58Z"
      },
      {
        "lat": 33.78794333333333,
        "lon": -118.74029,
        "speed": 8.6,
        "course": 119.9,
        "heading": 118,
        "destination": "USLGB",
        "last_position_epoch": 1764869997,
        "last_position_UTC": "2025-12-04T17:39:57Z"
      },
      {
        "lat": 33.82063,
        "lon": -118.80927833333334,
        "speed": 9.1,
        "course": 120,
        "heading": 118,
        "destination": "USLGB",
        "last_position_epoch": 1764868377,
        "last_position_UTC": "2025-12-04T17:12:57Z"
      },
      {
        "lat": 33.86314,
        "lon": -118.899355,
        "speed": 8.9,
        "course": 120.8,
        "heading": 120,
        "destination": "USLGB",
        "last_position_epoch": 1764866278,
        "last_position_UTC": "2025-12-04T16:37:58Z"
      },
      {
        "lat": 33.900711666666666,
        "lon": -118.97513,
        "speed": 8.9,
        "course": 119.2,
        "heading": 119,
        "destination": "USLGB",
        "last_position_epoch": 1764864478,
        "last_position_UTC": "2025-12-04T16:07:58Z"
      },
      {
        "lat": 33.93240333333333,
        "lon": -119.04364333333334,
        "speed": 9,
        "course": 119.9,
        "heading": 117,
        "destination": "USLGB",
        "last_position_epoch": 1764862888,
        "last_position_UTC": "2025-12-04T15:41:28Z"
      },
      {
        "lat": 33.973531666666666,
        "lon": -119.135385,
        "speed": 9.3,
        "course": 118,
        "heading": 116,
        "destination": "USLGB",
        "last_position_epoch": 1764860878,
        "last_position_UTC": "2025-12-04T15:07:58Z"
      },
      {
        "lat": 34.002745,
        "lon": -119.19944833333334,
        "speed": 8.4,
        "course": 121,
        "heading": 115,
        "destination": "USLGB",
        "last_position_epoch": 1764859378,
        "last_position_UTC": "2025-12-04T14:42:58Z"
      },
      {
        "lat": 34.03867833333333,
        "lon": -119.27221666666667,
        "speed": 8.6,
        "course": 119,
        "heading": 118,
        "destination": "USLGB",
        "last_position_epoch": 1764857577,
        "last_position_UTC": "2025-12-04T14:12:57Z"
      },
      {
        "lat": 34.06489166666667,
        "lon": -119.371365,
        "speed": 8.4,
        "course": 103,
        "heading": 104,
        "destination": "USLGB",
        "last_position_epoch": 1764855477,
        "last_position_UTC": "2025-12-04T13:37:57Z"
      },
      {
        "lat": 34.078446666666665,
        "lon": -119.44343,
        "speed": 8.8,
        "course": 106,
        "heading": 102,
        "destination": "USLGB",
        "last_position_epoch": 1764853977,
        "last_position_UTC": "2025-12-04T13:12:57Z"
      },
      {
        "lat": 34.09918,
        "lon": -119.52744833333334,
        "speed": 8,
        "course": 109,
        "heading": 107,
        "destination": "USLGB",
        "last_position_epoch": 1764852168,
        "last_position_UTC": "2025-12-04T12:42:48Z"
      },
      {
        "lat": 34.116885,
        "lon": -119.60894666666667,
        "speed": 8.6,
        "course": 107,
        "heading": 106,
        "destination": "USLGB",
        "last_position_epoch": 1764850358,
        "last_position_UTC": "2025-12-04T12:12:38Z"
      },
      {
        "lat": 34.154282,
        "lon": -119.7673,
        "speed": 8.6,
        "course": 105,
        "heading": 104,
        "destination": "USLGB",
        "last_position_epoch": 1764847020,
        "last_position_UTC": "2025-12-04T11:17:00Z"
      },
      {
        "lat": 34.175571,
        "lon": -119.86207,
        "speed": 8.8,
        "course": 108,
        "heading": 106,
        "destination": "USLGB",
        "last_position_epoch": 1764845280,
        "last_position_UTC": "2025-12-04T10:48:00Z"
      },
      {
        "lat": 34.199654,
        "lon": -119.95506,
        "speed": 9.3,
        "course": 104,
        "heading": 108,
        "destination": "USLGB",
        "last_position_epoch": 1764843480,
        "last_position_UTC": "2025-12-04T10:18:00Z"
      },
      {
        "lat": 34.213924,
        "lon": -120.0267,
        "speed": 9.1,
        "course": 103,
        "heading": 105,
        "destination": "USLGB",
        "last_position_epoch": 1764841620,
        "last_position_UTC": "2025-12-04T09:47:00Z"
      },
      {
        "lat": 34.234413,
        "lon": -120.12043,
        "speed": 9.1,
        "course": 102,
        "heading": 98,
        "destination": "USLGB",
        "last_position_epoch": 1764839820,
        "last_position_UTC": "2025-12-04T09:17:00Z"
      },
      {
        "lat": 34.279701,
        "lon": -120.32535,
        "speed": 8.8,
        "course": 108,
        "heading": 105,
        "destination": "USLGB",
        "last_position_epoch": 1764836340,
        "last_position_UTC": "2025-12-04T08:19:00Z"
      },
      {
        "lat": 34.297234,
        "lon": -120.39271,
        "speed": 9,
        "course": 107,
        "heading": 107,
        "destination": "USLGB",
        "last_position_epoch": 1764834420,
        "last_position_UTC": "2025-12-04T07:47:00Z"
      },
      {
        "lat": 34.31189,
        "lon": -120.46267,
        "speed": 8.6,
        "course": 102,
        "heading": 103,
        "destination": "USLGB",
        "last_position_epoch": 1764832620,
        "last_position_UTC": "2025-12-04T07:17:00Z"
      },
      {
        "lat": 34.332466,
        "lon": -120.55259,
        "speed": 8.6,
        "course": 106,
        "heading": 105,
        "destination": "USLGB",
        "last_position_epoch": 1764830940,
        "last_position_UTC": "2025-12-04T06:49:00Z"
      },
      {
        "lat": 34.369244,
        "lon": -120.71315,
        "speed": 9.1,
        "course": 103,
        "heading": 102,
        "destination": "USLGB",
        "last_position_epoch": 1764827520,
        "last_position_UTC": "2025-12-04T05:52:00Z"
      },
      {
        "lat": 34.409763,
        "lon": -120.90455,
        "speed": 9.3,
        "course": 106,
        "heading": 105,
        "destination": "USLGB",
        "last_position_epoch": 1764823800,
        "last_position_UTC": "2025-12-04T04:50:00Z"
      },
      {
        "lat": 34.430233,
        "lon": -120.99056,
        "speed": 9.1,
        "course": 105,
        "heading": 106,
        "destination": "USLGB",
        "last_position_epoch": 1764822000,
        "last_position_UTC": "2025-12-04T04:20:00Z"
      },
      {
        "lat": 34.454254,
        "lon": -121.08108,
        "speed": 9.1,
        "course": 106,
        "heading": 109,
        "destination": "USLGB",
        "last_position_epoch": 1764820020,
        "last_position_UTC": "2025-12-04T03:47:00Z"
      },
      {
        "lat": 34.474201,
        "lon": -121.16718,
        "speed": 8.8,
        "course": 105,
        "heading": 107,
        "destination": "USLGB",
        "last_position_epoch": 1764818700,
        "last_position_UTC": "2025-12-04T03:25:00Z"
      },
      {
        "lat": 34.482212,
        "lon": -121.25237,
        "speed": 8.8,
        "course": 87,
        "heading": 89,
        "destination": "USLGB",
        "last_position_epoch": 1764816780,
        "last_position_UTC": "2025-12-04T02:53:00Z"
      },
      {
        "lat": 34.480881,
        "lon": -121.31686,
        "speed": 8.8,
        "course": 89,
        "heading": 89,
        "destination": "USLGB",
        "last_position_epoch": 1764815460,
        "last_position_UTC": "2025-12-04T02:31:00Z"
      },
      {
        "lat": 34.481495,
        "lon": -121.37536666666666,
        "speed": 9,
        "course": 97.2,
        "heading": 96,
        "destination": "USLGB",
        "last_position_epoch": 1764814077,
        "last_position_UTC": "2025-12-04T02:07:57Z"
      },
      {
        "lat": 34.49355,
        "lon": -121.45174166666666,
        "speed": 9.1,
        "course": 98.3,
        "heading": 96,
        "destination": "USLGB",
        "last_position_epoch": 1764812558,
        "last_position_UTC": "2025-12-04T01:42:38Z"
      },
      {
        "lat": 34.484718,
        "lon": -121.74105,
        "speed": 11.1,
        "course": 85,
        "heading": 83,
        "destination": "USLGB",
        "last_position_epoch": 1764804000,
        "last_position_UTC": "2025-12-03T23:20:00Z"
      },
      {
        "lat": 34.48271,
        "lon": -121.87693666666667,
        "speed": 11.5,
        "course": 90.4,
        "heading": 86,
        "destination": "USLGB",
        "last_position_epoch": 1764801477,
        "last_position_UTC": "2025-12-03T22:37:57Z"
      },
      {
        "lat": 34.486088,
        "lon": -122.09599,
        "speed": 11.5,
        "course": 91,
        "heading": 87,
        "destination": "USLGB",
        "last_position_epoch": 1764798480,
        "last_position_UTC": "2025-12-03T21:48:00Z"
      },
      {
        "lat": 34.486874,
        "lon": -122.12318,
        "speed": 11.6,
        "course": 91,
        "heading": 122,
        "destination": "USLGB",
        "last_position_epoch": 1764797724,
        "last_position_UTC": "2025-12-03T21:35:24Z"
      },
      {
        "lat": 34.492912,
        "lon": -123.44635,
        "speed": 13.6,
        "course": 87,
        "heading": 82,
        "destination": "USLGB",
        "last_position_epoch": 1764780480,
        "last_position_UTC": "2025-12-03T16:48:00Z"
      },
      {
        "lat": 34.48392166666667,
        "lon": -123.96357833333333,
        "speed": 13.6,
        "course": 89,
        "heading": 84,
        "destination": "USLGB",
        "last_position_epoch": 1764773359,
        "last_position_UTC": "2025-12-03T14:49:19Z"
      },
      {
        "lat": 34.48331,
        "lon": -123.99233666666667,
        "speed": 13.5,
        "course": 91.6,
        "heading": 84,
        "destination": "USLGB",
        "last_position_epoch": 1764772979,
        "last_position_UTC": "2025-12-03T14:42:59Z"
      },
      {
        "lat": 34.481094,
        "lon": -124.22787,
        "speed": 13.6,
        "course": 88,
        "heading": 86,
        "destination": "USLGB",
        "last_position_epoch": 1764769920,
        "last_position_UTC": "2025-12-03T13:52:00Z"
      },
      {
        "lat": 34.477688,
        "lon": -124.38754,
        "speed": 13.8,
        "course": 87,
        "heading": 86,
        "destination": "USLGB",
        "last_position_epoch": 1764768060,
        "last_position_UTC": "2025-12-03T13:21:00Z"
      },
      {
        "lat": 34.47675,
        "lon": -124.43825833333334,
        "speed": 13.8,
        "course": 89.4,
        "heading": 87,
        "destination": "USLGB",
        "last_position_epoch": 1764767174,
        "last_position_UTC": "2025-12-03T13:06:14Z"
      },
      {
        "lat": 34.474635,
        "lon": -124.56353166666666,
        "speed": 14,
        "course": 88.5,
        "heading": 86,
        "destination": "USLGB",
        "last_position_epoch": 1764765557,
        "last_position_UTC": "2025-12-03T12:39:17Z"
      },
      {
        "lat": 34.472475,
        "lon": -124.70907666666666,
        "speed": 13.5,
        "course": 90.2,
        "heading": 86,
        "destination": "USLGB",
        "last_position_epoch": 1764763664,
        "last_position_UTC": "2025-12-03T12:07:44Z"
      },
      {
        "lat": 34.471471666666666,
        "lon": -124.82198833333334,
        "speed": 13.5,
        "course": 91.1,
        "heading": 87,
        "destination": "USLGB",
        "last_position_epoch": 1764762165,
        "last_position_UTC": "2025-12-03T11:42:45Z"
      },
      {
        "lat": 34.469435,
        "lon": -125.01875833333334,
        "speed": 13.8,
        "course": 90.3,
        "heading": 87,
        "destination": "USLGB",
        "last_position_epoch": 1764759584,
        "last_position_UTC": "2025-12-03T10:59:44Z"
      },
      {
        "lat": 34.47216,
        "lon": -125.30760166666667,
        "speed": 11.7,
        "course": 90.9,
        "heading": 88,
        "destination": "USLGB",
        "last_position_epoch": 1764755800,
        "last_position_UTC": "2025-12-03T09:56:40Z"
      },
      {
        "lat": 34.47623333333333,
        "lon": -125.35954833333334,
        "speed": 12.3,
        "course": 122.3,
        "heading": 121,
        "destination": "USLGB",
        "last_position_epoch": 1764754979,
        "last_position_UTC": "2025-12-03T09:42:59Z"
      },
      {
        "lat": 34.85912166666667,
        "lon": -126.02961166666667,
        "speed": 12.4,
        "course": 126.4,
        "heading": 123,
        "destination": "USLGB",
        "last_position_epoch": 1764743338,
        "last_position_UTC": "2025-12-03T06:28:58Z"
      },
      {
        "lat": 34.94146,
        "lon": -126.16422,
        "speed": 12.5,
        "course": 127,
        "heading": 124,
        "destination": "USLGB",
        "last_position_epoch": 1764741240,
        "last_position_UTC": "2025-12-03T05:54:00Z"
      },
      {
        "lat": 35.05719833333333,
        "lon": -126.35251166666667,
        "speed": 12.3,
        "course": 125.9,
        "heading": 125,
        "destination": "USLGB",
        "last_position_epoch": 1764737560,
        "last_position_UTC": "2025-12-03T04:52:40Z"
      },
      {
        "lat": 35.08683,
        "lon": -126.40217833333334,
        "speed": 12.3,
        "course": 124.5,
        "heading": 125,
        "destination": "USLGB",
        "last_position_epoch": 1764736678,
        "last_position_UTC": "2025-12-03T04:37:58Z"
      },
      {
        "lat": 35.268575,
        "lon": -126.72570166666667,
        "speed": 12.8,
        "course": 123.7,
        "heading": 121,
        "destination": "USLGB",
        "last_position_epoch": 1764731160,
        "last_position_UTC": "2025-12-03T03:06:00Z"
      },
      {
        "lat": 35.40264166666667,
        "lon": -126.946735,
        "speed": 12.9,
        "course": 128.9,
        "heading": 124,
        "destination": "USLGB",
        "last_position_epoch": 1764727319,
        "last_position_UTC": "2025-12-03T02:01:59Z"
      },
      {
        "lat": 35.51717166666667,
        "lon": -127.14462833333333,
        "speed": 12.8,
        "course": 122.1,
        "heading": 119,
        "destination": "USLGB",
        "last_position_epoch": 1764723960,
        "last_position_UTC": "2025-12-03T01:06:00Z"
      },
      {
        "lat": 35.57130166666666,
        "lon": -127.25264166666666,
        "speed": 12.6,
        "course": 121.4,
        "heading": 119,
        "destination": "USLGB",
        "last_position_epoch": 1764722200,
        "last_position_UTC": "2025-12-03T00:36:40Z"
      },
      {
        "lat": 35.62005666666666,
        "lon": -127.33577666666666,
        "speed": 12.6,
        "course": 124.9,
        "heading": 122,
        "destination": "USLGB",
        "last_position_epoch": 1764720779,
        "last_position_UTC": "2025-12-03T00:12:59Z"
      },
      {
        "lat": 35.692013333333335,
        "lon": -127.45848166666667,
        "speed": 12.8,
        "course": 126.3,
        "heading": 122,
        "destination": "USLGB",
        "last_position_epoch": 1764718680,
        "last_position_UTC": "2025-12-02T23:38:00Z"
      },
      {
        "lat": 35.74465166666667,
        "lon": -127.545825,
        "speed": 12.6,
        "course": 125.7,
        "heading": 123,
        "destination": "USLGB",
        "last_position_epoch": 1764717179,
        "last_position_UTC": "2025-12-02T23:12:59Z"
      },
      {
        "lat": 36.054996,
        "lon": -128.07596,
        "speed": 12.3,
        "course": 125,
        "heading": 122,
        "destination": "USLGB",
        "last_position_epoch": 1764708480,
        "last_position_UTC": "2025-12-02T20:48:00Z"
      },
      {
        "lat": 36.161674,
        "lon": -128.265,
        "speed": 12.1,
        "course": 126,
        "heading": 122,
        "destination": "USLGB",
        "last_position_epoch": 1764704880,
        "last_position_UTC": "2025-12-02T19:48:00Z"
      },
      {
        "lat": 36.222607,
        "lon": -128.37386,
        "speed": 12.1,
        "course": 122,
        "heading": 120,
        "destination": "USLGB",
        "last_position_epoch": 1764703020,
        "last_position_UTC": "2025-12-02T19:17:00Z"
      },
      {
        "lat": 36.284039,
        "lon": -128.4832,
        "speed": 12.1,
        "course": 126,
        "heading": 120,
        "destination": "USLGB",
        "last_position_epoch": 1764701340,
        "last_position_UTC": "2025-12-02T18:49:00Z"
      },
      {
        "lat": 36.328827,
        "lon": -128.56209,
        "speed": 1.2,
        "course": 125,
        "heading": 120,
        "destination": "USLGB",
        "last_position_epoch": 1764699480,
        "last_position_UTC": "2025-12-02T18:18:00Z"
      },
      {
        "lat": 36.417358,
        "lon": -128.71729,
        "speed": 12.1,
        "course": 125,
        "heading": 120,
        "destination": "USLGB",
        "last_position_epoch": 1764697740,
        "last_position_UTC": "2025-12-02T17:49:00Z"
      },
      {
        "lat": 36.50304,
        "lon": -128.8671,
        "speed": 11.8,
        "course": 125,
        "heading": 119,
        "destination": "USLGB",
        "last_position_epoch": 1764694140,
        "last_position_UTC": "2025-12-02T16:49:00Z"
      },
      {
        "lat": 36.577892,
        "lon": -129.00653,
        "speed": 11.6,
        "course": 122,
        "heading": 118,
        "destination": "USLGB",
        "last_position_epoch": 1764692220,
        "last_position_UTC": "2025-12-02T16:17:00Z"
      },
      {
        "lat": 36.620434,
        "lon": -129.07768,
        "speed": 11.3,
        "course": 127,
        "heading": 122,
        "destination": "USLGB",
        "last_position_epoch": 1764690540,
        "last_position_UTC": "2025-12-02T15:49:00Z"
      },
      {
        "lat": 37.074242,
        "lon": -129.86966,
        "speed": 12.1,
        "course": 122,
        "heading": 120,
        "destination": "USLGB",
        "last_position_epoch": 1764676380,
        "last_position_UTC": "2025-12-02T11:53:00Z"
      },
      {
        "lat": 37.289154,
        "lon": -130.28778,
        "speed": 12.3,
        "course": 122,
        "heading": 121,
        "destination": "USLGB",
        "last_position_epoch": 1764669060,
        "last_position_UTC": "2025-12-02T09:51:00Z"
      },
      {
        "lat": 38.015068,
        "lon": -131.84517,
        "speed": 12.8,
        "course": 119,
        "heading": 116,
        "destination": "USLGB",
        "last_position_epoch": 1764643620,
        "last_position_UTC": "2025-12-02T02:47:00Z"
      },
      {
        "lat": 38.07468,
        "lon": -131.97621,
        "speed": 12.8,
        "course": 123,
        "heading": 119,
        "destination": "USLGB",
        "last_position_epoch": 1764642180,
        "last_position_UTC": "2025-12-02T02:23:00Z"
      },
      {
        "lat": 38.310692,
        "lon": -132.44627,
        "speed": 12.6,
        "course": 122,
        "heading": 120,
        "destination": "USLGB",
        "last_position_epoch": 1764634680,
        "last_position_UTC": "2025-12-02T00:18:00Z"
      },
      {
        "lat": 38.355301,
        "lon": -132.54079,
        "speed": 12.5,
        "course": 121,
        "heading": 120,
        "destination": "USLGB",
        "last_position_epoch": 1764633180,
        "last_position_UTC": "2025-12-01T23:53:00Z"
      },
      {
        "lat": 38.419434,
        "lon": -132.67387,
        "speed": 13,
        "course": 121,
        "heading": 120,
        "destination": "USLGB",
        "last_position_epoch": 1764631320,
        "last_position_UTC": "2025-12-01T23:22:00Z"
      },
      {
        "lat": 38.483002,
        "lon": -132.80978,
        "speed": 12.6,
        "course": 117,
        "heading": 119,
        "destination": "USLGB",
        "last_position_epoch": 1764629340,
        "last_position_UTC": "2025-12-01T22:49:00Z"
      }
    ]
  },
  "meta": {
    "duration": 0.019380054,
    "endpoint": "/api/v0/vessel_history",
    "success": true
  }
}