{
  "data": {
    "uuid": "348c6a27-ce07-910f-e2a8-5533ce85667e",
    "name": "YM TOGETHER",
    "mmsi": "636021244",
    "imo": "9789984",
    "eni": null,
    "country_iso": "LR",
    "type": "Cargo - Hazard A (Major)",
    "type_specific": "Container Ship",
    "positions": [
      {
        "lat": 22.198664,
        "lon": 115.77036,
        "speed": 8.3,
        "course": 258,
        "heading": 258,
        "destination": "CNYTN",
        "last_position_epoch": 1765029180,
        "last_position_UTC": "2025-12-06T13:53:00Z"
      },
      {
        "lat": 22.210335,
        "lon": 115.83218,
        "speed": 8.3,
        "course": 258,
        "heading": 258,
        "destination": "CNYTN",
        "last_position_epoch": 1765027260,
        "last_position_UTC": "2025-12-06T13:21:00Z"
      },
      {
        "lat": 22.318886,
        "lon": 116.20991,
        "speed": 8.6,
        "course": 246,
        "heading": null,
        "destination": "CNYTN",
        "last_position_epoch": 1765018200,
        "last_position_UTC": "2025-12-06T10:50:00Z"
      },
      {
        "lat": 22.354324,
        "lon": 116.29456,
        "speed": 8.8,
        "course": 241,
        "heading": null,
        "destination": "CNYTN",
        "last_position_epoch": 1765016220,
        "last_position_UTC": "2025-12-06T10:17:00Z"
      },
      {
        "lat": 22.373131,
        "lon": 116.32948,
        "speed": 8.8,
        "course": 240,
        "heading": null,
        "destination": "CNYTN",
        "last_position_epoch": 1765014840,
        "last_position_UTC": "2025-12-06T09:54:00Z"
      },
      {
        "lat": 22.411018,
        "lon": 116.41251,
        "speed": 8.8,
        "course": 240,
        "heading": null,
        "destination": "CNYTN",
        "last_position_epoch": 1765012860,
        "last_position_UTC": "2025-12-06T09:21:00Z"
      },
      {
        "lat": 22.442724,
        "lon": 116.47188,
        "speed": 8.8,
        "course": 242,
        "heading": 243,
        "destination": "CNYTN",
        "last_position_epoch": 1765011480,
        "last_position_UTC": "2025-12-06T08:58:00Z"
      },
      {
        "lat": 22.465834,
        "lon": 116.52279,
        "speed": 8.8,
        "course": 243,
        "heading": 245,
        "destination": "CNYTN",
        "last_position_epoch": 1765009800,
        "last_position_UTC": "2025-12-06T08:30:00Z"
      },
      {
        "lat": 22.522705,
        "lon": 116.62939,
        "speed": 10.6,
        "course": 234,
        "heading": 235,
        "destination": "CNYTN",
        "last_position_epoch": 1765007940,
        "last_position_UTC": "2025-12-06T07:59:00Z"
      },
      {
        "lat": 22.559179,
        "lon": 116.68384,
        "speed": 10.5,
        "course": 234,
        "heading": 235,
        "destination": "CNYTN",
        "last_position_epoch": 1765006080,
        "last_position_UTC": "2025-12-06T07:28:00Z"
      },
      {
        "lat": 22.614073,
        "lon": 116.76696,
        "speed": 10.5,
        "course": 234,
        "heading": 235,
        "destination": "CNYTN",
        "last_position_epoch": 1765004400,
        "last_position_UTC": "2025-12-06T07:00:00Z"
      },
      {
        "lat": 22.666227,
        "lon": 116.84673,
        "speed": 10.3,
        "course": 235,
        "heading": 235,
        "destination": "CNYTN",
        "last_position_epoch": 1765002720,
        "last_position_UTC": "2025-12-06T06:32:00Z"
      },
      {
        "lat": 22.712107,
        "lon": 116.89533,
        "speed": 10.8,
        "course": 216,
        "heading": 215,
        "destination": "CNYTN",
        "last_position_epoch": 1765000980,
        "last_position_UTC": "2025-12-06T06:03:00Z"
      },
      {
        "lat": 22.804276,
        "lon": 116.99686,
        "speed": 10.3,
        "course": 247,
        "heading": 245,
        "destination": "CNYTN",
        "last_position_epoch": 1764998760,
        "last_position_UTC": "2025-12-06T05:26:00Z"
      },
      {
        "lat": 22.818132,
        "lon": 117.06188,
        "speed": 10.6,
        "course": 245,
        "heading": 246,
        "destination": "CNYTN",
        "last_position_epoch": 1764997260,
        "last_position_UTC": "2025-12-06T05:01:00Z"
      },
      {
        "lat": 22.874475,
        "lon": 117.14584,
        "speed": 11,
        "course": 219,
        "heading": 220,
        "destination": "CNYTN",
        "last_position_epoch": 1764995220,
        "last_position_UTC": "2025-12-06T04:27:00Z"
      },
      {
        "lat": 22.924059,
        "lon": 117.22064,
        "speed": 11.1,
        "course": 250,
        "heading": 249,
        "destination": "CNYTN",
        "last_position_epoch": 1764993420,
        "last_position_UTC": "2025-12-06T03:57:00Z"
      },
      {
        "lat": 22.964067,
        "lon": 117.32136,
        "speed": 10.6,
        "course": 240,
        "heading": 238,
        "destination": "CNYTN",
        "last_position_epoch": 1764991740,
        "last_position_UTC": "2025-12-06T03:29:00Z"
      },
      {
        "lat": 22.996204,
        "lon": 117.38309,
        "speed": 10.6,
        "course": 240,
        "heading": 238,
        "destination": "CNYTN",
        "last_position_epoch": 1764990000,
        "last_position_UTC": "2025-12-06T03:00:00Z"
      },
      {
        "lat": 23.053307,
        "lon": 117.45226,
        "speed": 10.1,
        "course": 227,
        "heading": 225,
        "destination": "CNYTN",
        "last_position_epoch": 1764988080,
        "last_position_UTC": "2025-12-06T02:28:00Z"
      },
      {
        "lat": 23.112387,
        "lon": 117.52557,
        "speed": 9.8,
        "course": 210,
        "heading": 210,
        "destination": "CNYTN",
        "last_position_epoch": 1764986220,
        "last_position_UTC": "2025-12-06T01:57:00Z"
      },
      {
        "lat": 23.182398,
        "lon": 117.5804,
        "speed": 9.8,
        "course": 219,
        "heading": 217,
        "destination": "CNYTN",
        "last_position_epoch": 1764984360,
        "last_position_UTC": "2025-12-06T01:26:00Z"
      },
      {
        "lat": 23.224361,
        "lon": 117.65472,
        "speed": 9.6,
        "course": 255,
        "heading": 251,
        "destination": "CNYTN",
        "last_position_epoch": 1764982740,
        "last_position_UTC": "2025-12-06T00:59:00Z"
      },
      {
        "lat": 23.256109,
        "lon": 117.73716,
        "speed": 9.6,
        "course": 243,
        "heading": 237,
        "destination": "CNYTN",
        "last_position_epoch": 1764981060,
        "last_position_UTC": "2025-12-06T00:31:00Z"
      },
      {
        "lat": 23.278152,
        "lon": 117.82928,
        "speed": 9.6,
        "course": 259,
        "heading": 255,
        "destination": "CNYTN",
        "last_position_epoch": 1764978720,
        "last_position_UTC": "2025-12-05T23:52:00Z"
      },
      {
        "lat": 23.322309,
        "lon": 117.90653,
        "speed": 9.3,
        "course": 237,
        "heading": 233,
        "destination": "CNYTN",
        "last_position_epoch": 1764977100,
        "last_position_UTC": "2025-12-05T23:25:00Z"
      },
      {
        "lat": 23.353828,
        "lon": 117.95919,
        "speed": 9.5,
        "course": 235,
        "heading": 233,
        "destination": "CNYTN",
        "last_position_epoch": 1764975240,
        "last_position_UTC": "2025-12-05T22:54:00Z"
      },
      {
        "lat": 23.403505,
        "lon": 118.0239,
        "speed": 9,
        "course": 229,
        "heading": 226,
        "destination": "CNYTN",
        "last_position_epoch": 1764973440,
        "last_position_UTC": "2025-12-05T22:24:00Z"
      },
      {
        "lat": 23.453043,
        "lon": 118.09219,
        "speed": 9.3,
        "course": 233,
        "heading": 232,
        "destination": "CNYTN",
        "last_position_epoch": 1764971580,
        "last_position_UTC": "2025-12-05T21:53:00Z"
      },
      {
        "lat": 23.493822,
        "lon": 118.17627,
        "speed": 9.5,
        "course": 248,
        "heading": 252,
        "destination": "CNYTN",
        "last_position_epoch": 1764969780,
        "last_position_UTC": "2025-12-05T21:23:00Z"
      },
      {
        "lat": 23.53433,
        "lon": 118.25892,
        "speed": 9.8,
        "course": 237,
        "heading": 241,
        "destination": "CNYTN",
        "last_position_epoch": 1764967920,
        "last_position_UTC": "2025-12-05T20:52:00Z"
      },
      {
        "lat": 23.584286,
        "lon": 118.33546,
        "speed": 10.1,
        "course": 232,
        "heading": 237,
        "destination": "CNYTN",
        "last_position_epoch": 1764966180,
        "last_position_UTC": "2025-12-05T20:23:00Z"
      },
      {
        "lat": 23.622021,
        "lon": 118.38887,
        "speed": 10,
        "course": 233,
        "heading": 239,
        "destination": "CNYTN",
        "last_position_epoch": 1764964440,
        "last_position_UTC": "2025-12-05T19:54:00Z"
      },
      {
        "lat": 23.671288,
        "lon": 118.46593,
        "speed": 9.6,
        "course": 234,
        "heading": 240,
        "destination": "CNYTN",
        "last_position_epoch": 1764962580,
        "last_position_UTC": "2025-12-05T19:23:00Z"
      },
      {
        "lat": 23.728403,
        "lon": 118.54607,
        "speed": 9.8,
        "course": 230,
        "heading": 237,
        "destination": "CNYTN",
        "last_position_epoch": 1764960780,
        "last_position_UTC": "2025-12-05T18:53:00Z"
      },
      {
        "lat": 23.788023,
        "lon": 118.62236,
        "speed": 10.1,
        "course": 226,
        "heading": null,
        "destination": "CNYTN",
        "last_position_epoch": 1764958800,
        "last_position_UTC": "2025-12-05T18:20:00Z"
      },
      {
        "lat": 23.911959,
        "lon": 118.76017,
        "speed": 10.6,
        "course": 225,
        "heading": null,
        "destination": "CNYTN",
        "last_position_epoch": 1764955260,
        "last_position_UTC": "2025-12-05T17:21:00Z"
      },
      {
        "lat": 23.955177,
        "lon": 118.80896,
        "speed": 10.6,
        "course": 226,
        "heading": null,
        "destination": "CNYTN",
        "last_position_epoch": 1764953640,
        "last_position_UTC": "2025-12-05T16:54:00Z"
      },
      {
        "lat": 24.018377,
        "lon": 118.87539,
        "speed": 10.5,
        "course": 218,
        "heading": 222,
        "destination": "CNYTN",
        "last_position_epoch": 1764951780,
        "last_position_UTC": "2025-12-05T16:23:00Z"
      },
      {
        "lat": 24.089415,
        "lon": 118.93845,
        "speed": 10.3,
        "course": 219,
        "heading": 221,
        "destination": "CNYTN",
        "last_position_epoch": 1764949980,
        "last_position_UTC": "2025-12-05T15:53:00Z"
      },
      {
        "lat": 24.161276,
        "lon": 119.00071,
        "speed": 10.8,
        "course": 224,
        "heading": 223,
        "destination": "CNYTN",
        "last_position_epoch": 1764948180,
        "last_position_UTC": "2025-12-05T15:23:00Z"
      },
      {
        "lat": 24.204767,
        "lon": 119.08591,
        "speed": 10.8,
        "course": 232,
        "heading": 238,
        "destination": "CNYTN",
        "last_position_epoch": 1764946440,
        "last_position_UTC": "2025-12-05T14:54:00Z"
      },
      {
        "lat": 24.346767,
        "lon": 119.25236,
        "speed": 11,
        "course": 227,
        "heading": 228,
        "destination": "CNYTN",
        "last_position_epoch": 1764942480,
        "last_position_UTC": "2025-12-05T13:48:00Z"
      },
      {
        "lat": 24.38743,
        "lon": 119.30184,
        "speed": 11,
        "course": 228,
        "heading": 228,
        "destination": "CNYTN",
        "last_position_epoch": 1764940860,
        "last_position_UTC": "2025-12-05T13:21:00Z"
      },
      {
        "lat": 24.455173,
        "lon": 119.37366,
        "speed": 10.1,
        "course": 215,
        "heading": 214,
        "destination": "CNYTN",
        "last_position_epoch": 1764939180,
        "last_position_UTC": "2025-12-05T12:53:00Z"
      },
      {
        "lat": 24.519911,
        "lon": 119.43919,
        "speed": 10.1,
        "course": 228,
        "heading": 226,
        "destination": "CNYTN",
        "last_position_epoch": 1764937380,
        "last_position_UTC": "2025-12-05T12:23:00Z"
      },
      {
        "lat": 24.559732,
        "lon": 119.48917,
        "speed": 10.1,
        "course": 228,
        "heading": 228,
        "destination": "CNYTN",
        "last_position_epoch": 1764935700,
        "last_position_UTC": "2025-12-05T11:55:00Z"
      },
      {
        "lat": 24.639725,
        "lon": 119.58286,
        "speed": 10.6,
        "course": 222,
        "heading": 223,
        "destination": "CNYTN",
        "last_position_epoch": 1764933780,
        "last_position_UTC": "2025-12-05T11:23:00Z"
      },
      {
        "lat": 24.709894,
        "lon": 119.65051,
        "speed": 10.5,
        "course": 221,
        "heading": 222,
        "destination": "CNYTN",
        "last_position_epoch": 1764931920,
        "last_position_UTC": "2025-12-05T10:52:00Z"
      },
      {
        "lat": 24.750338,
        "lon": 119.6894,
        "speed": 10.5,
        "course": 220,
        "heading": 222,
        "destination": "CNYTN",
        "last_position_epoch": 1764930600,
        "last_position_UTC": "2025-12-05T10:30:00Z"
      },
      {
        "lat": 24.824907,
        "lon": 119.76118,
        "speed": 10.6,
        "course": 222,
        "heading": 222,
        "destination": "CNYTN",
        "last_position_epoch": 1764928500,
        "last_position_UTC": "2025-12-05T09:55:00Z"
      },
      {
        "lat": 24.890854,
        "lon": 119.82703,
        "speed": 10.6,
        "course": 222,
        "heading": 221,
        "destination": "CNYTN",
        "last_position_epoch": 1764926526,
        "last_position_UTC": "2025-12-05T09:22:06Z"
      },
      {
        "lat": 25.18293,
        "lon": 120.11303,
        "speed": 10.6,
        "course": 223,
        "heading": 228,
        "destination": "CNYTN",
        "last_position_epoch": 1764919020,
        "last_position_UTC": "2025-12-05T07:17:00Z"
      },
      {
        "lat": 27.146036,
        "lon": 121.3728,
        "speed": 15.8,
        "course": 211,
        "heading": null,
        "destination": "CNYTN",
        "last_position_epoch": 1764883020,
        "last_position_UTC": "2025-12-04T21:17:00Z"
      },
      {
        "lat": 27.304293,
        "lon": 121.48946,
        "speed": 16.1,
        "course": 225,
        "heading": 224,
        "destination": "CNYTN",
        "last_position_epoch": 1764879480,
        "last_position_UTC": "2025-12-04T20:18:00Z"
      },
      {
        "lat": 27.401169,
        "lon": 121.59641,
        "speed": 16.7,
        "course": 223,
        "heading": 224,
        "destination": "CNYTN",
        "last_position_epoch": 1764877860,
        "last_position_UTC": "2025-12-04T19:51:00Z"
      },
      {
        "lat": 27.420791666666666,
        "lon": 121.61717833333333,
        "speed": 16.8,
        "course": 223.4,
        "heading": 224,
        "destination": "CNYSA",
        "last_position_epoch": 1764877304,
        "last_position_UTC": "2025-12-04T19:41:44Z"
      },
      {
        "lat": 28.070387,
        "lon": 122.13368,
        "speed": 16.1,
        "course": 211,
        "heading": 214,
        "destination": "CNYTN",
        "last_position_epoch": 1764867060,
        "last_position_UTC": "2025-12-04T16:51:00Z"
      },
      {
        "lat": 28.190069,
        "lon": 122.21565,
        "speed": 16.5,
        "course": 208,
        "heading": 213,
        "destination": "CNYTN",
        "last_position_epoch": 1764865320,
        "last_position_UTC": "2025-12-04T16:22:00Z"
      },
      {
        "lat": 28.314257,
        "lon": 122.28307,
        "speed": 16.3,
        "course": 200,
        "heading": 203,
        "destination": "CNYTN",
        "last_position_epoch": 1764863580,
        "last_position_UTC": "2025-12-04T15:53:00Z"
      },
      {
        "lat": 28.816601,
        "lon": 122.51887,
        "speed": 15.5,
        "course": 208,
        "heading": null,
        "destination": "CNYTN",
        "last_position_epoch": 1764856020,
        "last_position_UTC": "2025-12-04T13:47:00Z"
      },
      {
        "lat": 29.024673,
        "lon": 122.6454,
        "speed": 15.1,
        "course": 197,
        "heading": 201,
        "destination": "CNYTN",
        "last_position_epoch": 1764852660,
        "last_position_UTC": "2025-12-04T12:51:00Z"
      },
      {
        "lat": 29.145107,
        "lon": 122.67326,
        "speed": 12.3,
        "course": 191,
        "heading": 192,
        "destination": "CNYTN",
        "last_position_epoch": 1764850980,
        "last_position_UTC": "2025-12-04T12:23:00Z"
      },
      {
        "lat": 29.253407,
        "lon": 122.7006,
        "speed": 12.8,
        "course": 199,
        "heading": 198,
        "destination": "CNYTN",
        "last_position_epoch": 1764849120,
        "last_position_UTC": "2025-12-04T11:52:00Z"
      },
      {
        "lat": 29.3596,
        "lon": 122.74199,
        "speed": 12.6,
        "course": 199,
        "heading": 198,
        "destination": "CNYTN",
        "last_position_epoch": 1764847380,
        "last_position_UTC": "2025-12-04T11:23:00Z"
      },
      {
        "lat": 29.430857,
        "lon": 122.76582,
        "speed": 12.6,
        "course": 188,
        "heading": 188,
        "destination": "CNYTN",
        "last_position_epoch": 1764845580,
        "last_position_UTC": "2025-12-04T10:53:00Z"
      },
      {
        "lat": 29.540833,
        "lon": 122.75212,
        "speed": 13.1,
        "course": 172,
        "heading": 171,
        "destination": "CNYTN",
        "last_position_epoch": 1764843780,
        "last_position_UTC": "2025-12-04T10:23:00Z"
      },
      {
        "lat": 29.651051,
        "lon": 122.72804,
        "speed": 11.8,
        "course": 162,
        "heading": 167,
        "destination": "CNYTN",
        "last_position_epoch": 1764841980,
        "last_position_UTC": "2025-12-04T09:53:00Z"
      },
      {
        "lat": 29.659206,
        "lon": 122.64008,
        "speed": 12.8,
        "course": 84,
        "heading": 82,
        "destination": "CNYTN",
        "last_position_epoch": 1764840240,
        "last_position_UTC": "2025-12-04T09:24:00Z"
      },
      {
        "lat": 29.676613,
        "lon": 122.50776,
        "speed": 13.5,
        "course": 110,
        "heading": 109,
        "destination": "CNYTN",
        "last_position_epoch": 1764838320,
        "last_position_UTC": "2025-12-04T08:52:00Z"
      },
      {
        "lat": 29.712206,
        "lon": 122.39405,
        "speed": 14.1,
        "course": 101,
        "heading": 113,
        "destination": "CNNGB",
        "last_position_epoch": 1764836515,
        "last_position_UTC": "2025-12-04T08:21:55Z"
      },
      {
        "lat": 29.76852,
        "lon": 122.28273,
        "speed": 9.3,
        "course": 131,
        "heading": 130,
        "destination": "CNNGB",
        "last_position_epoch": 1764834780,
        "last_position_UTC": "2025-12-04T07:53:00Z"
      },
      {
        "lat": 29.835894,
        "lon": 122.20936,
        "speed": 12.1,
        "course": 145,
        "heading": 140,
        "destination": "CNNGB",
        "last_position_epoch": 1764832980,
        "last_position_UTC": "2025-12-04T07:23:00Z"
      },
      {
        "lat": 29.919874,
        "lon": 122.13557,
        "speed": 14.6,
        "course": 96,
        "heading": 95,
        "destination": "CNNGB",
        "last_position_epoch": 1764831180,
        "last_position_UTC": "2025-12-04T06:53:00Z"
      },
      {
        "lat": 29.960627,
        "lon": 121.97797,
        "speed": 13.1,
        "course": 127,
        "heading": 133,
        "destination": "CNNGB",
        "last_position_epoch": 1764829080,
        "last_position_UTC": "2025-12-04T06:18:00Z"
      },
      {
        "lat": 29.93766,
        "lon": 121.92413,
        "speed": 1.6,
        "course": 336,
        "heading": 298,
        "destination": "CNNGB",
        "last_position_epoch": 1764827520,
        "last_position_UTC": "2025-12-04T05:52:00Z"
      },
      {
        "lat": 29.935024,
        "lon": 121.92592,
        "speed": 0,
        "course": 160,
        "heading": 237,
        "destination": "CNNGB",
        "last_position_epoch": 1764825480,
        "last_position_UTC": "2025-12-04T05:18:00Z"
      },
      {
        "lat": 29.934994,
        "lon": 121.92597,
        "speed": 0,
        "course": 160,
        "heading": 237,
        "destination": "CNNGB",
        "last_position_epoch": 1764822060,
        "last_position_UTC": "2025-12-04T04:21:00Z"
      },
      {
        "lat": 29.93498,
        "lon": 121.92593,
        "speed": 0,
        "course": 160,
        "heading": 237,
        "destination": "CNNGB",
        "last_position_epoch": 1764820320,
        "last_position_UTC": "2025-12-04T03:52:00Z"
      },
      {
        "lat": 29.935049,
        "lon": 121.92604,
        "speed": 0,
        "course": 160,
        "heading": 237,
        "destination": "CNNGB",
        "last_position_epoch": 1764818520,
        "last_position_UTC": "2025-12-04T03:22:00Z"
      },
      {
        "lat": 29.934906,
        "lon": 121.9259,
        "speed": 0,
        "course": 160,
        "heading": 237,
        "destination": "CNNGB",
        "last_position_epoch": 1764816600,
        "last_position_UTC": "2025-12-04T02:50:00Z"
      },
      {
        "lat": 29.934887,
        "lon": 121.92583,
        "speed": 0,
        "course": 0,
        "heading": 237,
        "destination": "CNNGB",
        "last_position_epoch": 1764815424,
        "last_position_UTC": "2025-12-04T02:30:24Z"
      },
      {
        "lat": 29.934931,
        "lon": 121.92596,
        "speed": 0,
        "course": 160,
        "heading": 237,
        "destination": "CNNGB",
        "last_position_epoch": 1764812880,
        "last_position_UTC": "2025-12-04T01:48:00Z"
      },
      {
        "lat": 29.934973,
        "lon": 121.92603,
        "speed": 0,
        "course": 160,
        "heading": 237,
        "destination": "CNNGB",
        "last_position_epoch": 1764811080,
        "last_position_UTC": "2025-12-04T01:18:00Z"
      },
      {
        "lat": 29.935007,
        "lon": 121.9259,
        "speed": 0,
        "course": 160,
        "heading": 237,
        "destination": "CNNGB",
        "last_position_epoch": 1764809580,
        "last_position_UTC": "2025-12-04T00:53:00Z"
      },
      {
        "lat": 29.934967,
        "lon": 121.92585,
        "speed": 0,
        "course": 160,
        "heading": 237,
        "destination": "CNNGB",
        "last_position_epoch": 1764807600,
        "last_position_UTC": "2025-12-04T00:20:00Z"
      },
      {
        "lat": 29.934959,
        "lon": 121.92592,
        "speed": 0,
        "course": 160,
        "heading": 237,
        "destination": "CNNGB",
        "last_position_epoch": 1764805740,
        "last_position_UTC": "2025-12-03T23:49:00Z"
      },
      {
        "lat": 29.93498,
        "lon": 121.9259,
        "speed": 0,
        "course": 160,
        "heading": 237,
        "destination": "CNNGB",
        "last_position_epoch": 1764803820,
        "last_position_UTC": "2025-12-03T23:17:00Z"
      },
      {
        "lat": 29.935013,
        "lon": 121.92593,
        "speed": 0,
        "course": 160,
        "heading": 237,
        "destination": "CNNGB",
        "last_position_epoch": 1764802440,
        "last_position_UTC": "2025-12-03T22:54:00Z"
      },
      {
        "lat": 29.934967,
        "lon": 121.92595,
        "speed": 0,
        "course": 160,
        "heading": 237,
        "destination": "CNNGB",
        "last_position_epoch": 1764800400,
        "last_position_UTC": "2025-12-03T22:20:00Z"
      },
      {
        "lat": 29.935053,
        "lon": 121.92596,
        "speed": 0,
        "course": 341,
        "heading": 237,
        "destination": "CNNGB",
        "last_position_epoch": 1764798600,
        "last_position_UTC": "2025-12-03T21:50:00Z"
      },
      {
        "lat": 29.935083,
        "lon": 121.92587,
        "speed": 0,
        "course": 83,
        "heading": 237,
        "destination": "CNNGB",
        "last_position_epoch": 1764797040,
        "last_position_UTC": "2025-12-03T21:24:00Z"
      },
      {
        "lat": 29.934958,
        "lon": 121.92595,
        "speed": 0,
        "course": 282,
        "heading": 237,
        "destination": "CNNGB",
        "last_position_epoch": 1764794940,
        "last_position_UTC": "2025-12-03T20:49:00Z"
      },
      {
        "lat": 29.934967,
        "lon": 121.92593,
        "speed": 0,
        "course": 282,
        "heading": 237,
        "destination": "CNNGB",
        "last_position_epoch": 1764793380,
        "last_position_UTC": "2025-12-03T20:23:00Z"
      },
      {
        "lat": 29.934954,
        "lon": 121.92597,
        "speed": 0,
        "course": 282,
        "heading": 237,
        "destination": "CNNGB",
        "last_position_epoch": 1764791400,
        "last_position_UTC": "2025-12-03T19:50:00Z"
      },
      {
        "lat": 29.934963,
        "lon": 121.92592,
        "speed": 0,
        "course": 282,
        "heading": 237,
        "destination": "CNNGB",
        "last_position_epoch": 1764789840,
        "last_position_UTC": "2025-12-03T19:24:00Z"
      },
      {
        "lat": 29.934986,
        "lon": 121.92599,
        "speed": 0,
        "course": 282,
        "heading": 237,
        "destination": "CNNGB",
        "last_position_epoch": 1764787920,
        "last_position_UTC": "2025-12-03T18:52:00Z"
      },
      {
        "lat": 29.934973,
        "lon": 121.92595,
        "speed": 0,
        "course": 282,
        "heading": 237,
        "destination": "CNNGB",
        "last_position_epoch": 1764786120,
        "last_position_UTC": "2025-12-03T18:22:00Z"
      },
      {
        "lat": 29.935007,
        "lon": 121.92599,
        "speed": 0,
        "course": 282,
        "heading": 237,
        "destination": "CNNGB",
        "last_position_epoch": 1764784380,
        "last_position_UTC": "2025-12-03T17:53:00Z"
      },
      {
        "lat": 29.934973,
        "lon": 121.926,
        "speed": 0,
        "course": 282,
        "heading": 237,
        "destination": "CNNGB",
        "last_position_epoch": 1764782460,
        "last_position_UTC": "2025-12-03T17:21:00Z"
      },
      {
        "lat": 29.934971,
        "lon": 121.92596,
        "speed": 0,
        "course": 282,
        "heading": 237,
        "destination": "CNNGB",
        "last_position_epoch": 1764780900,
        "last_position_UTC": "2025-12-03T16:55:00Z"
      },
      {
        "lat": 29.934999,
        "lon": 121.92599,
        "speed": 0,
        "course": 282,
        "heading": 237,
        "destination": "CNNGB",
        "last_position_epoch": 1764778980,
        "last_position_UTC": "2025-12-03T16:23:00Z"
      },
      {
        "lat": 29.934994,
        "lon": 121.92596,
        "speed": 0,
        "course": 282,
        "heading": 237,
        "destination": "CNNGB",
        "last_position_epoch": 1764777120,
        "last_position_UTC": "2025-12-03T15:52:00Z"
      },
      {
        "lat": 29.93498,
        "lon": 121.92597,
        "speed": 0,
        "course": 282,
        "heading": 237,
        "destination": "CNNGB",
        "last_position_epoch": 1764775320,
        "last_position_UTC": "2025-12-03T15:22:00Z"
      },
      {
        "lat": 29.934967,
        "lon": 121.92593,
        "speed": 0,
        "course": 282,
        "heading": 237,
        "destination": "CNNGB",
        "last_position_epoch": 1764773760,
        "last_position_UTC": "2025-12-03T14:56:00Z"
      },
      {
        "lat": 29.934994,
        "lon": 121.92597,
        "speed": 0,
        "course": 282,
        "heading": 237,
        "destination": "CNNGB",
        "last_position_epoch": 1764771840,
        "last_position_UTC": "2025-12-03T14:24:00Z"
      },
      {
        "lat": 29.935024,
        "lon": 121.92593,
        "speed": 0,
        "course": 9,
        "heading": 237,
        "destination": "CNNGB",
        "last_position_epoch": 1764769980,
        "last_position_UTC": "2025-12-03T13:53:00Z"
      },
      {
        "lat": 29.93502,
        "lon": 121.92592,
        "speed": 0,
        "course": 9,
        "heading": 237,
        "destination": "CNNGB",
        "last_position_epoch": 1764768300,
        "last_position_UTC": "2025-12-03T13:25:00Z"
      },
      {
        "lat": 29.934967,
        "lon": 121.9259,
        "speed": 0,
        "course": 349,
        "heading": 237,
        "destination": "CNNGB",
        "last_position_epoch": 1764766020,
        "last_position_UTC": "2025-12-03T12:47:00Z"
      },
      {
        "lat": 29.935034,
        "lon": 121.92595,
        "speed": 0,
        "course": 182,
        "heading": 237,
        "destination": "CNNGB",
        "last_position_epoch": 1764764400,
        "last_position_UTC": "2025-12-03T12:20:00Z"
      },
      {
        "lat": 29.934994,
        "lon": 121.92588,
        "speed": 0,
        "course": 182,
        "heading": 237,
        "destination": "CNNGB",
        "last_position_epoch": 1764762840,
        "last_position_UTC": "2025-12-03T11:54:00Z"
      },
      {
        "lat": 29.934984,
        "lon": 121.92597,
        "speed": 0,
        "course": 182,
        "heading": 237,
        "destination": "CNNGB",
        "last_position_epoch": 1764761100,
        "last_position_UTC": "2025-12-03T11:25:00Z"
      },
      {
        "lat": 29.93502,
        "lon": 121.92592,
        "speed": 0,
        "course": 182,
        "heading": 237,
        "destination": "CNNGB",
        "last_position_epoch": 1764759000,
        "last_position_UTC": "2025-12-03T10:50:00Z"
      },
      {
        "lat": 29.93508,
        "lon": 121.92596,
        "speed": 0,
        "course": 182,
        "heading": 237,
        "destination": "CNNGB",
        "last_position_epoch": 1764757020,
        "last_position_UTC": "2025-12-03T10:17:00Z"
      },
      {
        "lat": 29.934984,
        "lon": 121.92595,
        "speed": 0,
        "course": 63,
        "heading": 237,
        "destination": "CNNGB",
        "last_position_epoch": 1764755460,
        "last_position_UTC": "2025-12-03T09:51:00Z"
      },
      {
        "lat": 29.935034,
        "lon": 121.92597,
        "speed": 0,
        "course": 63,
        "heading": 237,
        "destination": "CNNGB",
        "last_position_epoch": 1764753840,
        "last_position_UTC": "2025-12-03T09:24:00Z"
      },
      {
        "lat": 29.936167,
        "lon": 121.92524,
        "speed": 0.8,
        "course": 147,
        "heading": 235,
        "destination": "CNNGB",
        "last_position_epoch": 1764752100,
        "last_position_UTC": "2025-12-03T08:55:00Z"
      },
      {
        "lat": 29.9723,
        "lon": 121.97075,
        "speed": 11.8,
        "course": 284,
        "heading": 281,
        "destination": "CNNGB",
        "last_position_epoch": 1764750240,
        "last_position_UTC": "2025-12-03T08:24:00Z"
      },
      {
        "lat": 29.94022,
        "lon": 122.0122,
        "speed": 13.1,
        "course": 318,
        "heading": 275,
        "destination": "CNNGB",
        "last_position_epoch": 1764749273,
        "last_position_UTC": "2025-12-03T08:07:53Z"
      },
      {
        "lat": 29.864586,
        "lon": 122.19639,
        "speed": 13.3,
        "course": 337,
        "heading": 340,
        "destination": "CNNGB",
        "last_position_epoch": 1764746520,
        "last_position_UTC": "2025-12-03T07:22:00Z"
      },
      {
        "lat": 29.78554,
        "lon": 122.26981,
        "speed": 10.6,
        "course": 309,
        "heading": 310,
        "destination": "CNNGB",
        "last_position_epoch": 1764744720,
        "last_position_UTC": "2025-12-03T06:52:00Z"
      },
      {
        "lat": 29.731913,
        "lon": 122.37623,
        "speed": 4.4,
        "course": 277,
        "heading": 300,
        "destination": "CNNGB",
        "last_position_epoch": 1764741300,
        "last_position_UTC": "2025-12-03T05:55:00Z"
      },
      {
        "lat": 29.716953,
        "lon": 122.46976,
        "speed": 9.6,
        "course": 289,
        "heading": 301,
        "destination": "CNNGB",
        "last_position_epoch": 1764739320,
        "last_position_UTC": "2025-12-03T05:22:00Z"
      },
      {
        "lat": 29.690207,
        "lon": 122.56837,
        "speed": 9.8,
        "course": 288,
        "heading": 304,
        "destination": "CNNGB",
        "last_position_epoch": 1764737460,
        "last_position_UTC": "2025-12-03T04:51:00Z"
      },
      {
        "lat": 29.674816,
        "lon": 122.63652,
        "speed": 9.6,
        "course": 266,
        "heading": 288,
        "destination": "CNNGB",
        "last_position_epoch": 1764735720,
        "last_position_UTC": "2025-12-03T04:22:00Z"
      },
      {
        "lat": 29.694813,
        "lon": 122.72466,
        "speed": 10,
        "course": 252,
        "heading": 268,
        "destination": "CNNGB",
        "last_position_epoch": 1764733920,
        "last_position_UTC": "2025-12-03T03:52:00Z"
      },
      {
        "lat": 29.727173,
        "lon": 122.80256,
        "speed": 11,
        "course": 203,
        "heading": 212,
        "destination": "CNNGB",
        "last_position_epoch": 1764732180,
        "last_position_UTC": "2025-12-03T03:23:00Z"
      },
      {
        "lat": 29.806034,
        "lon": 122.8982,
        "speed": 10.3,
        "course": 242,
        "heading": 256,
        "destination": "CNNGB",
        "last_position_epoch": 1764730500,
        "last_position_UTC": "2025-12-03T02:55:00Z"
      },
      {
        "lat": 29.835661,
        "lon": 122.94635,
        "speed": 10.8,
        "course": 232,
        "heading": 242,
        "destination": "CNNGB",
        "last_position_epoch": 1764728880,
        "last_position_UTC": "2025-12-03T02:28:00Z"
      },
      {
        "lat": 29.860626,
        "lon": 122.99403,
        "speed": 8.8,
        "course": 245,
        "heading": 261,
        "destination": "CNNGB",
        "last_position_epoch": 1764727569,
        "last_position_UTC": "2025-12-03T02:06:09Z"
      },
      {
        "lat": 29.889721,
        "lon": 123.04195,
        "speed": 1.2,
        "course": 60,
        "heading": 9,
        "destination": "CNNGB",
        "last_position_epoch": 1764724980,
        "last_position_UTC": "2025-12-03T01:23:00Z"
      },
      {
        "lat": 29.890038,
        "lon": 123.04269,
        "speed": 0.3,
        "course": 212,
        "heading": 325,
        "destination": "CNNGB",
        "last_position_epoch": 1764723180,
        "last_position_UTC": "2025-12-03T00:53:00Z"
      },
      {
        "lat": 29.890186,
        "lon": 123.04285,
        "speed": 0.1,
        "course": 101,
        "heading": 342,
        "destination": "CNNGB",
        "last_position_epoch": 1764721440,
        "last_position_UTC": "2025-12-03T00:24:00Z"
      },
      {
        "lat": 29.88958,
        "lon": 123.04131,
        "speed": 0.2,
        "course": 122,
        "heading": 1,
        "destination": "CNNGB",
        "last_position_epoch": 1764719460,
        "last_position_UTC": "2025-12-02T23:51:00Z"
      },
      {
        "lat": 29.889687,
        "lon": 123.04166,
        "speed": 0.3,
        "course": 266,
        "heading": 342,
        "destination": "CNNGB",
        "last_position_epoch": 1764717840,
        "last_position_UTC": "2025-12-02T23:24:00Z"
      },
      {
        "lat": 29.890026,
        "lon": 123.04243,
        "speed": 0.2,
        "course": 184,
        "heading": 356,
        "destination": "CNNGB",
        "last_position_epoch": 1764715920,
        "last_position_UTC": "2025-12-02T22:52:00Z"
      },
      {
        "lat": 29.890047,
        "lon": 123.04234,
        "speed": 0.3,
        "course": 52,
        "heading": 0,
        "destination": "CNNGB",
        "last_position_epoch": 1764714300,
        "last_position_UTC": "2025-12-02T22:25:00Z"
      },
      {
        "lat": 29.889727,
        "lon": 123.04198,
        "speed": 0.1,
        "course": 203,
        "heading": 355,
        "destination": "CNNGB",
        "last_position_epoch": 1764712380,
        "last_position_UTC": "2025-12-02T21:53:00Z"
      },
      {
        "lat": 29.889708,
        "lon": 123.04195,
        "speed": 0.1,
        "course": 206,
        "heading": 0,
        "destination": "CNNGB",
        "last_position_epoch": 1764710640,
        "last_position_UTC": "2025-12-02T21:24:00Z"
      },
      {
        "lat": 29.889616,
        "lon": 123.0415,
        "speed": 0.2,
        "course": 69,
        "heading": 5,
        "destination": "CNNGB",
        "last_position_epoch": 1764708900,
        "last_position_UTC": "2025-12-02T20:55:00Z"
      },
      {
        "lat": 29.889727,
        "lon": 123.04179,
        "speed": 0.2,
        "course": 78,
        "heading": 2,
        "destination": "CNNGB",
        "last_position_epoch": 1764707040,
        "last_position_UTC": "2025-12-02T20:24:00Z"
      },
      {
        "lat": 29.889753,
        "lon": 123.04175,
        "speed": 0.3,
        "course": 99,
        "heading": 6,
        "destination": "CNNGB",
        "last_position_epoch": 1764705180,
        "last_position_UTC": "2025-12-02T19:53:00Z"
      },
      {
        "lat": 29.889656,
        "lon": 123.04108,
        "speed": 0.8,
        "course": 285,
        "heading": 345,
        "destination": "CNNGB",
        "last_position_epoch": 1764703320,
        "last_position_UTC": "2025-12-02T19:22:00Z"
      },
      {
        "lat": 29.889797,
        "lon": 123.04214,
        "speed": 0.4,
        "course": 236,
        "heading": 345,
        "destination": "CNNGB",
        "last_position_epoch": 1764701520,
        "last_position_UTC": "2025-12-02T18:52:00Z"
      },
      {
        "lat": 29.889647,
        "lon": 123.04115,
        "speed": 0.3,
        "course": 252,
        "heading": 354,
        "destination": "CNNGB",
        "last_position_epoch": 1764699780,
        "last_position_UTC": "2025-12-02T18:23:00Z"
      },
      {
        "lat": 29.889772,
        "lon": 123.04073,
        "speed": 0.6,
        "course": 128,
        "heading": 7,
        "destination": "CNNGB",
        "last_position_epoch": 1764697980,
        "last_position_UTC": "2025-12-02T17:53:00Z"
      },
      {
        "lat": 29.890051,
        "lon": 123.04208,
        "speed": 0.4,
        "course": 227,
        "heading": 340,
        "destination": "CNNGB",
        "last_position_epoch": 1764696180,
        "last_position_UTC": "2025-12-02T17:23:00Z"
      },
      {
        "lat": 29.890007,
        "lon": 123.04171,
        "speed": 0.6,
        "course": 64,
        "heading": 3,
        "destination": "CNNGB",
        "last_position_epoch": 1764694380,
        "last_position_UTC": "2025-12-02T16:53:00Z"
      },
      {
        "lat": 29.890087,
        "lon": 123.04168,
        "speed": 0.6,
        "course": 229,
        "heading": 332,
        "destination": "CNNGB",
        "last_position_epoch": 1764692520,
        "last_position_UTC": "2025-12-02T16:22:00Z"
      },
      {
        "lat": 29.89006,
        "lon": 123.04091,
        "speed": 0.4,
        "course": 72,
        "heading": 7,
        "destination": "CNNGB",
        "last_position_epoch": 1764690840,
        "last_position_UTC": "2025-12-02T15:54:00Z"
      },
      {
        "lat": 29.890169,
        "lon": 123.04036,
        "speed": 0.1,
        "course": 216,
        "heading": 0,
        "destination": "CNNGB",
        "last_position_epoch": 1764689100,
        "last_position_UTC": "2025-12-02T15:25:00Z"
      },
      {
        "lat": 29.890207,
        "lon": 123.04024,
        "speed": 0.4,
        "course": 334,
        "heading": 358,
        "destination": "CNNGB",
        "last_position_epoch": 1764687060,
        "last_position_UTC": "2025-12-02T14:51:00Z"
      },
      {
        "lat": 29.890314,
        "lon": 123.03995,
        "speed": 0.2,
        "course": 299,
        "heading": 2,
        "destination": "CNNGB",
        "last_position_epoch": 1764685380,
        "last_position_UTC": "2025-12-02T14:23:00Z"
      },
      {
        "lat": 29.890329,
        "lon": 123.03984,
        "speed": 0.1,
        "course": 152,
        "heading": 16,
        "destination": "CNNGB",
        "last_position_epoch": 1764683340,
        "last_position_UTC": "2025-12-02T13:49:00Z"
      },
      {
        "lat": 29.890194,
        "lon": 123.04037,
        "speed": 0.3,
        "course": 95,
        "heading": 16,
        "destination": "CNNGB",
        "last_position_epoch": 1764681660,
        "last_position_UTC": "2025-12-02T13:21:00Z"
      },
      {
        "lat": 29.890181,
        "lon": 123.04089,
        "speed": 0.4,
        "course": 194,
        "heading": 356,
        "destination": "CNNGB",
        "last_position_epoch": 1764679980,
        "last_position_UTC": "2025-12-02T12:53:00Z"
      },
      {
        "lat": 29.890408,
        "lon": 123.04032,
        "speed": 0.2,
        "course": 121,
        "heading": 40,
        "destination": "CNNGB",
        "last_position_epoch": 1764678240,
        "last_position_UTC": "2025-12-02T12:24:00Z"
      },
      {
        "lat": 29.890221,
        "lon": 123.04071,
        "speed": 0.1,
        "course": 219,
        "heading": 14,
        "destination": "CNNGB",
        "last_position_epoch": 1764676320,
        "last_position_UTC": "2025-12-02T11:52:00Z"
      },
      {
        "lat": 29.89028,
        "lon": 123.03999,
        "speed": 0,
        "course": 296,
        "heading": 27,
        "destination": "CNNGB",
        "last_position_epoch": 1764674640,
        "last_position_UTC": "2025-12-02T11:24:00Z"
      },
      {
        "lat": 29.890327,
        "lon": 123.0404,
        "speed": 0.1,
        "course": 78,
        "heading": 34,
        "destination": "CNNGB",
        "last_position_epoch": 1764672720,
        "last_position_UTC": "2025-12-02T10:52:00Z"
      },
      {
        "lat": 29.890301,
        "lon": 123.04041,
        "speed": 0.2,
        "course": 98,
        "heading": 33,
        "destination": "CNNGB",
        "last_position_epoch": 1764670800,
        "last_position_UTC": "2025-12-02T10:20:00Z"
      },
      {
        "lat": 29.890247,
        "lon": 123.04011,
        "speed": 0,
        "course": 0,
        "heading": 35,
        "destination": "CNNGB",
        "last_position_epoch": 1764669691,
        "last_position_UTC": "2025-12-02T10:01:31Z"
      },
      {
        "lat": 29.890293,
        "lon": 123.04011,
        "speed": 0.2,
        "course": 89,
        "heading": 32,
        "destination": "CNNGB",
        "last_position_epoch": 1764667500,
        "last_position_UTC": "2025-12-02T09:25:00Z"
      },
      {
        "lat": 29.89028,
        "lon": 123.04012,
        "speed": 0,
        "course": 310,
        "heading": 27,
        "destination": "CNNGB",
        "last_position_epoch": 1764665460,
        "last_position_UTC": "2025-12-02T08:51:00Z"
      },
      {
        "lat": 29.890436,
        "lon": 123.03977,
        "speed": 0.6,
        "course": 88,
        "heading": 39,
        "destination": "CNNGB",
        "last_position_epoch": 1764663780,
        "last_position_UTC": "2025-12-02T08:23:00Z"
      },
      {
        "lat": 29.890354,
        "lon": 123.04071,
        "speed": 0.3,
        "course": 91,
        "heading": 28,
        "destination": "CNNGB",
        "last_position_epoch": 1764661980,
        "last_position_UTC": "2025-12-02T07:53:00Z"
      },
      {
        "lat": 29.890591,
        "lon": 123.03981,
        "speed": 0.2,
        "course": 317,
        "heading": 13,
        "destination": "CNNGB",
        "last_position_epoch": 1764660060,
        "last_position_UTC": "2025-12-02T07:21:00Z"
      },
      {
        "lat": 29.890394,
        "lon": 123.04124,
        "speed": 0.1,
        "course": 91,
        "heading": 10,
        "destination": "CNNGB",
        "last_position_epoch": 1764658320,
        "last_position_UTC": "2025-12-02T06:52:00Z"
      },
      {
        "lat": 29.890627,
        "lon": 123.04093,
        "speed": 0.3,
        "course": 232,
        "heading": 355,
        "destination": "CNNGB",
        "last_position_epoch": 1764654900,
        "last_position_UTC": "2025-12-02T05:55:00Z"
      },
      {
        "lat": 29.89094,
        "lon": 123.04025,
        "speed": 0.1,
        "course": 198,
        "heading": 5,
        "destination": "CNNGB",
        "last_position_epoch": 1764653040,
        "last_position_UTC": "2025-12-02T05:24:00Z"
      },
      {
        "lat": 29.890869,
        "lon": 123.04043,
        "speed": 0.3,
        "course": 269,
        "heading": 349,
        "destination": "CNNGB",
        "last_position_epoch": 1764651180,
        "last_position_UTC": "2025-12-02T04:53:00Z"
      },
      {
        "lat": 29.890926,
        "lon": 123.04037,
        "speed": 0.2,
        "course": 119,
        "heading": 11,
        "destination": "CNNGB",
        "last_position_epoch": 1764649320,
        "last_position_UTC": "2025-12-02T04:22:00Z"
      },
      {
        "lat": 29.891001,
        "lon": 123.04081,
        "speed": 0.1,
        "course": 243,
        "heading": 351,
        "destination": "CNNGB",
        "last_position_epoch": 1764647640,
        "last_position_UTC": "2025-12-02T03:54:00Z"
      },
      {
        "lat": 29.891014,
        "lon": 123.0408,
        "speed": 0.1,
        "course": 168,
        "heading": 353,
        "destination": "CNNGB",
        "last_position_epoch": 1764645840,
        "last_position_UTC": "2025-12-02T03:24:00Z"
      },
      {
        "lat": 29.891016,
        "lon": 123.04047,
        "speed": 0.1,
        "course": 54,
        "heading": 356,
        "destination": "CNNGB",
        "last_position_epoch": 1764644040,
        "last_position_UTC": "2025-12-02T02:54:00Z"
      },
      {
        "lat": 29.891014,
        "lon": 123.04027,
        "speed": 0.1,
        "course": 261,
        "heading": 353,
        "destination": "CNNGB",
        "last_position_epoch": 1764642240,
        "last_position_UTC": "2025-12-02T02:24:00Z"
      },
      {
        "lat": 29.89106,
        "lon": 123.04016,
        "speed": 0,
        "course": 303,
        "heading": 355,
        "destination": "CNNGB",
        "last_position_epoch": 1764640380,
        "last_position_UTC": "2025-12-02T01:53:00Z"
      },
      {
        "lat": 29.891068,
        "lon": 123.04016,
        "speed": 0.1,
        "course": 55,
        "heading": 5,
        "destination": "CNNGB",
        "last_position_epoch": 1764638640,
        "last_position_UTC": "2025-12-02T01:24:00Z"
      },
      {
        "lat": 29.891069,
        "lon": 123.04024,
        "speed": 0.1,
        "course": 110,
        "heading": 22,
        "destination": "CNNGB",
        "last_position_epoch": 1764636780,
        "last_position_UTC": "2025-12-02T00:53:00Z"
      },
      {
        "lat": 29.89139,
        "lon": 123.03957,
        "speed": 0.1,
        "course": 246,
        "heading": 52,
        "destination": "CNNGB",
        "last_position_epoch": 1764634800,
        "last_position_UTC": "2025-12-02T00:20:00Z"
      },
      {
        "lat": 29.891367,
        "lon": 123.03938,
        "speed": 0.1,
        "course": 56,
        "heading": 54,
        "destination": "CNNGB",
        "last_position_epoch": 1764633180,
        "last_position_UTC": "2025-12-01T23:53:00Z"
      },
      {
        "lat": 29.891239,
        "lon": 123.03965,
        "speed": 0,
        "course": 153,
        "heading": 47,
        "destination": "CNNGB",
        "last_position_epoch": 1764631380,
        "last_position_UTC": "2025-12-01T23:23:00Z"
      },
      {
        "lat": 29.891514,
        "lon": 123.03924,
        "speed": 0.1,
        "course": 131,
        "heading": 59,
        "destination": "CNNGB",
        "last_position_epoch": 1764629460,
        "last_position_UTC": "2025-12-01T22:51:00Z"
      },
      {
        "lat": 29.891773,
        "lon": 123.03897,
        "speed": 0.1,
        "course": 316,
        "heading": 64,
        "destination": "CNNGB",
        "last_position_epoch": 1764627780,
        "last_position_UTC": "2025-12-01T22:23:00Z"
      },
      {
        "lat": 29.891899,
        "lon": 123.03876,
        "speed": 0.1,
        "course": 332,
        "heading": 63,
        "destination": "CNNGB",
        "last_position_epoch": 1764625980,
        "last_position_UTC": "2025-12-01T21:53:00Z"
      },
      {
        "lat": 29.891859,
        "lon": 123.03881,
        "speed": 0.1,
        "course": 127,
        "heading": 66,
        "destination": "CNNGB",
        "last_position_epoch": 1764624120,
        "last_position_UTC": "2025-12-01T21:22:00Z"
      },
      {
        "lat": 29.891354,
        "lon": 123.03941,
        "speed": 0,
        "course": 291,
        "heading": 41,
        "destination": "CNNGB",
        "last_position_epoch": 1764622380,
        "last_position_UTC": "2025-12-01T20:53:00Z"
      },
      {
        "lat": 29.891478,
        "lon": 123.03915,
        "speed": 0.2,
        "course": 130,
        "heading": 48,
        "destination": "CNNGB",
        "last_position_epoch": 1764620460,
        "last_position_UTC": "2025-12-01T20:21:00Z"
      },
      {
        "lat": 29.89155,
        "lon": 123.039,
        "speed": 0.1,
        "course": 53,
        "heading": 46,
        "destination": "CNNGB",
        "last_position_epoch": 1764618720,
        "last_position_UTC": "2025-12-01T19:52:00Z"
      },
      {
        "lat": 29.89152,
        "lon": 123.039,
        "speed": 0.3,
        "course": 164,
        "heading": 48,
        "destination": "CNNGB",
        "last_position_epoch": 1764616980,
        "last_position_UTC": "2025-12-01T19:23:00Z"
      },
      {
        "lat": 29.891319,
        "lon": 123.03938,
        "speed": 0.2,
        "course": 107,
        "heading": 42,
        "destination": "CNNGB",
        "last_position_epoch": 1764615180,
        "last_position_UTC": "2025-12-01T18:53:00Z"
      },
      {
        "lat": 29.891346,
        "lon": 123.03938,
        "speed": 0.3,
        "course": 84,
        "heading": 38,
        "destination": "CNNGB",
        "last_position_epoch": 1764613380,
        "last_position_UTC": "2025-12-01T18:23:00Z"
      },
      {
        "lat": 29.891596,
        "lon": 123.03912,
        "speed": 0.1,
        "course": 205,
        "heading": 30,
        "destination": "CNNGB",
        "last_position_epoch": 1764611580,
        "last_position_UTC": "2025-12-01T17:53:00Z"
      },
      {
        "lat": 29.891407,
        "lon": 123.03931,
        "speed": 0.1,
        "course": 304,
        "heading": 17,
        "destination": "CNNGB",
        "last_position_epoch": 1764609720,
        "last_position_UTC": "2025-12-01T17:22:00Z"
      },
      {
        "lat": 29.89146,
        "lon": 123.03931,
        "speed": 0,
        "course": 238,
        "heading": 22,
        "destination": "CNNGB",
        "last_position_epoch": 1764607980,
        "last_position_UTC": "2025-12-01T16:53:00Z"
      },
      {
        "lat": 29.891354,
        "lon": 123.03952,
        "speed": 0.1,
        "course": 291,
        "heading": 11,
        "destination": "CNNGB",
        "last_position_epoch": 1764606120,
        "last_position_UTC": "2025-12-01T16:22:00Z"
      },
      {
        "lat": 29.891386,
        "lon": 123.03945,
        "speed": 0.1,
        "course": 265,
        "heading": 11,
        "destination": "CNNGB",
        "last_position_epoch": 1764604440,
        "last_position_UTC": "2025-12-01T15:54:00Z"
      },
      {
        "lat": 29.891426,
        "lon": 123.03944,
        "speed": 0,
        "course": 91,
        "heading": 13,
        "destination": "CNNGB",
        "last_position_epoch": 1764602640,
        "last_position_UTC": "2025-12-01T15:24:00Z"
      },
      {
        "lat": 29.89146,
        "lon": 123.03938,
        "speed": 0,
        "course": 115,
        "heading": 11,
        "destination": "CNNGB",
        "last_position_epoch": 1764600780,
        "last_position_UTC": "2025-12-01T14:53:00Z"
      },
      {
        "lat": 29.891697,
        "lon": 123.03899,
        "speed": 0.1,
        "course": 165,
        "heading": 22,
        "destination": "CNNGB",
        "last_position_epoch": 1764598860,
        "last_position_UTC": "2025-12-01T14:21:00Z"
      },
      {
        "lat": 29.89168,
        "lon": 123.03884,
        "speed": 0.2,
        "course": 121,
        "heading": 35,
        "destination": "CNNGB",
        "last_position_epoch": 1764597180,
        "last_position_UTC": "2025-12-01T13:53:00Z"
      },
      {
        "lat": 29.891687,
        "lon": 123.03879,
        "speed": 0.1,
        "course": 256,
        "heading": 31,
        "destination": "CNNGB",
        "last_position_epoch": 1764595440,
        "last_position_UTC": "2025-12-01T13:24:00Z"
      },
      {
        "lat": 29.8918,
        "lon": 123.03884,
        "speed": 0,
        "course": 101,
        "heading": 49,
        "destination": "CNNGB",
        "last_position_epoch": 1764593520,
        "last_position_UTC": "2025-12-01T12:52:00Z"
      },
      {
        "lat": 29.891987,
        "lon": 123.03864,
        "speed": 0.1,
        "course": 343,
        "heading": 62,
        "destination": "CNNGB",
        "last_position_epoch": 1764591840,
        "last_position_UTC": "2025-12-01T12:24:00Z"
      },
      {
        "lat": 29.892286,
        "lon": 123.03852,
        "speed": 0.1,
        "course": 117,
        "heading": 81,
        "destination": "CNNGB",
        "last_position_epoch": 1764589980,
        "last_position_UTC": "2025-12-01T11:53:00Z"
      },
      {
        "lat": 29.892164,
        "lon": 123.03861,
        "speed": 0.1,
        "course": 125,
        "heading": 78,
        "destination": "CNNGB",
        "last_position_epoch": 1764588240,
        "last_position_UTC": "2025-12-01T11:24:00Z"
      },
      {
        "lat": 29.892076,
        "lon": 123.03859,
        "speed": 0.1,
        "course": 314,
        "heading": 70,
        "destination": "CNNGB",
        "last_position_epoch": 1764586500,
        "last_position_UTC": "2025-12-01T10:55:00Z"
      },
      {
        "lat": 29.892326,
        "lon": 123.03844,
        "speed": 0.1,
        "course": 114,
        "heading": 80,
        "destination": "CNNGB",
        "last_position_epoch": 1764584700,
        "last_position_UTC": "2025-12-01T10:25:00Z"
      },
      {
        "lat": 29.89249,
        "lon": 123.0384,
        "speed": 0.1,
        "course": 23,
        "heading": 79,
        "destination": "CNNGB",
        "last_position_epoch": 1764582660,
        "last_position_UTC": "2025-12-01T09:51:00Z"
      },
      {
        "lat": 29.89254,
        "lon": 123.03844,
        "speed": 0,
        "course": 84,
        "heading": 75,
        "destination": "CNNGB",
        "last_position_epoch": 1764580980,
        "last_position_UTC": "2025-12-01T09:23:00Z"
      },
      {
        "lat": 29.892923,
        "lon": 123.03809,
        "speed": 0.3,
        "course": 232,
        "heading": 94,
        "destination": "CNNGB",
        "last_position_epoch": 1764579180,
        "last_position_UTC": "2025-12-01T08:53:00Z"
      },
      {
        "lat": 29.89398,
        "lon": 123.0323,
        "speed": 2.5,
        "course": 115,
        "heading": 106,
        "destination": "CNNGB",
        "last_position_epoch": 1764577320,
        "last_position_UTC": "2025-12-01T08:22:00Z"
      },
      {
        "lat": 29.934914,
        "lon": 123.01487,
        "speed": 5.8,
        "course": 178,
        "heading": 170,
        "destination": "CNNGB",
        "last_position_epoch": 1764575760,
        "last_position_UTC": "2025-12-01T07:56:00Z"
      },
      {
        "lat": 29.941772,
        "lon": 123.00976,
        "speed": 0.4,
        "course": 49,
        "heading": 60,
        "destination": "CNNGB",
        "last_position_epoch": 1764573900,
        "last_position_UTC": "2025-12-01T07:25:00Z"
      },
      {
        "lat": 29.941576,
        "lon": 123.00927,
        "speed": 0.2,
        "course": 116,
        "heading": 62,
        "destination": "CNNGB",
        "last_position_epoch": 1764572040,
        "last_position_UTC": "2025-12-01T06:54:00Z"
      },
      {
        "lat": 29.940493,
        "lon": 122.99989,
        "speed": 4.1,
        "course": 64,
        "heading": 60,
        "destination": "CNNGB",
        "last_position_epoch": 1764569940,
        "last_position_UTC": "2025-12-01T06:19:00Z"
      },
      {
        "lat": 29.936476,
        "lon": 122.97272,
        "speed": 6.4,
        "course": 123,
        "heading": 107,
        "destination": "CNNGB",
        "last_position_epoch": 1764568440,
        "last_position_UTC": "2025-12-01T05:54:00Z"
      },
      {
        "lat": 29.977734,
        "lon": 122.91208,
        "speed": 5.5,
        "course": 165,
        "heading": 142,
        "destination": "CNNGB",
        "last_position_epoch": 1764566580,
        "last_position_UTC": "2025-12-01T05:23:00Z"
      },
      {
        "lat": 30.036488,
        "lon": 122.93187,
        "speed": 7.1,
        "course": 197,
        "heading": 196,
        "destination": "CNNGB",
        "last_position_epoch": 1764564720,
        "last_position_UTC": "2025-12-01T04:52:00Z"
      },
      {
        "lat": 30.089239,
        "lon": 122.96159,
        "speed": 7,
        "course": 219,
        "heading": 225,
        "destination": "CNNGB",
        "last_position_epoch": 1764562980,
        "last_position_UTC": "2025-12-01T04:23:00Z"
      },
      {
        "lat": 30.147181,
        "lon": 122.98386,
        "speed": 7.1,
        "course": 184,
        "heading": 184,
        "destination": "CNNGB",
        "last_position_epoch": 1764561180,
        "last_position_UTC": "2025-12-01T03:53:00Z"
      },
      {
        "lat": 30.239174,
        "lon": 122.98647,
        "speed": 6.8,
        "course": 173,
        "heading": 171,
        "destination": "CNNGB",
        "last_position_epoch": 1764557700,
        "last_position_UTC": "2025-12-01T02:55:00Z"
      },
      {
        "lat": 30.315386,
        "lon": 122.96925,
        "speed": 6.4,
        "course": 148,
        "heading": 144,
        "destination": "CNNGB",
        "last_position_epoch": 1764555900,
        "last_position_UTC": "2025-12-01T02:25:00Z"
      },
      {
        "lat": 30.339966,
        "lon": 122.94004,
        "speed": 6,
        "course": 131,
        "heading": 121,
        "destination": "CNNGB",
        "last_position_epoch": 1764554160,
        "last_position_UTC": "2025-12-01T01:56:00Z"
      },
      {
        "lat": 30.380596,
        "lon": 122.88236,
        "speed": 12.1,
        "course": 127,
        "heading": 127,
        "destination": "CNNGB",
        "last_position_epoch": 1764552420,
        "last_position_UTC": "2025-12-01T01:27:00Z"
      },
      {
        "lat": 30.450737,
        "lon": 122.77137,
        "speed": 12.1,
        "course": 122,
        "heading": 124,
        "destination": "CNNGB",
        "last_position_epoch": 1764550500,
        "last_position_UTC": "2025-12-01T00:55:00Z"
      },
      {
        "lat": 30.479454,
        "lon": 122.69411,
        "speed": 11.6,
        "course": 106,
        "heading": 107,
        "destination": "CNNGB",
        "last_position_epoch": 1764548640,
        "last_position_UTC": "2025-12-01T00:24:00Z"
      },
      {
        "lat": 30.503389,
        "lon": 122.58405,
        "speed": 11.1,
        "course": 103,
        "heading": 104,
        "destination": "CNNGB",
        "last_position_epoch": 1764546780,
        "last_position_UTC": "2025-11-30T23:53:00Z"
      },
      {
        "lat": 30.51058,
        "lon": 122.50562,
        "speed": 12.6,
        "course": 93,
        "heading": 97,
        "destination": "CNNGB",
        "last_position_epoch": 1764545537,
        "last_position_UTC": "2025-11-30T23:32:17Z"
      },
      {
        "lat": 30.536314,
        "lon": 122.353,
        "speed": 12,
        "course": 102,
        "heading": 101,
        "destination": "CNNGB",
        "last_position_epoch": 1764543300,
        "last_position_UTC": "2025-11-30T22:55:00Z"
      },
      {
        "lat": 30.551373,
        "lon": 122.25104,
        "speed": 5.1,
        "course": 100,
        "heading": 100,
        "destination": "CNNGB",
        "last_position_epoch": 1764541440,
        "last_position_UTC": "2025-11-30T22:24:00Z"
      },
      {
        "lat": 30.560253,
        "lon": 122.18585,
        "speed": 12.3,
        "course": 98,
        "heading": 100,
        "destination": "CNNGB",
        "last_position_epoch": 1764539880,
        "last_position_UTC": "2025-11-30T21:58:00Z"
      },
      {
        "lat": 30.600044,
        "lon": 122.08958,
        "speed": 6.5,
        "course": 109,
        "heading": 107,
        "destination": "CNNGB",
        "last_position_epoch": 1764537900,
        "last_position_UTC": "2025-11-30T21:25:00Z"
      },
      {
        "lat": 30.637367,
        "lon": 122.03197,
        "speed": 7.5,
        "course": 142,
        "heading": 140,
        "destination": "CNNGB",
        "last_position_epoch": 1764536220,
        "last_position_UTC": "2025-11-30T20:57:00Z"
      },
      {
        "lat": 30.651377,
        "lon": 122.02713,
        "speed": 0,
        "course": 29,
        "heading": 287,
        "destination": "CNYSA",
        "last_position_epoch": 1764534120,
        "last_position_UTC": "2025-11-30T20:22:00Z"
      },
      {
        "lat": 30.651386,
        "lon": 122.02715,
        "speed": 0,
        "course": 29,
        "heading": 287,
        "destination": "CNYSA",
        "last_position_epoch": 1764532620,
        "last_position_UTC": "2025-11-30T19:57:00Z"
      },
      {
        "lat": 30.6514,
        "lon": 122.02707,
        "speed": 0,
        "course": 29,
        "heading": 287,
        "destination": "CNYSA",
        "last_position_epoch": 1764530220,
        "last_position_UTC": "2025-11-30T19:17:00Z"
      },
      {
        "lat": 30.651453,
        "lon": 122.02715,
        "speed": 0,
        "course": 29,
        "heading": 287,
        "destination": "CNYSA",
        "last_position_epoch": 1764528900,
        "last_position_UTC": "2025-11-30T18:55:00Z"
      },
      {
        "lat": 30.651474,
        "lon": 122.02708,
        "speed": 0,
        "course": 5,
        "heading": 287,
        "destination": "CNYSA",
        "last_position_epoch": 1764526860,
        "last_position_UTC": "2025-11-30T18:21:00Z"
      },
      {
        "lat": 30.65136,
        "lon": 122.02709,
        "speed": 0,
        "course": 46,
        "heading": 287,
        "destination": "CNYSA",
        "last_position_epoch": 1764525180,
        "last_position_UTC": "2025-11-30T17:53:00Z"
      },
      {
        "lat": 30.651577,
        "lon": 122.02716,
        "speed": 0,
        "course": 179,
        "heading": 287,
        "destination": "CNYSA",
        "last_position_epoch": 1764523380,
        "last_position_UTC": "2025-11-30T17:23:00Z"
      },
      {
        "lat": 30.651461,
        "lon": 122.02721,
        "speed": 0,
        "course": 0,
        "heading": 287,
        "destination": "CNYSA",
        "last_position_epoch": 1764522227,
        "last_position_UTC": "2025-11-30T17:03:47Z"
      },
      {
        "lat": 30.651417,
        "lon": 122.02704,
        "speed": 0,
        "course": 328,
        "heading": 286,
        "destination": "CNYSA",
        "last_position_epoch": 1764519780,
        "last_position_UTC": "2025-11-30T16:23:00Z"
      },
      {
        "lat": 30.651386,
        "lon": 122.02702,
        "speed": 0,
        "course": 328,
        "heading": 287,
        "destination": "CNYSA",
        "last_position_epoch": 1764517920,
        "last_position_UTC": "2025-11-30T15:52:00Z"
      },
      {
        "lat": 30.65144,
        "lon": 122.02712,
        "speed": 0,
        "course": 328,
        "heading": 287,
        "destination": "CNYSA",
        "last_position_epoch": 1764516420,
        "last_position_UTC": "2025-11-30T15:27:00Z"
      },
      {
        "lat": 30.651423,
        "lon": 122.02715,
        "speed": 0,
        "course": 328,
        "heading": 287,
        "destination": "CNYSA",
        "last_position_epoch": 1764514560,
        "last_position_UTC": "2025-11-30T14:56:00Z"
      },
      {
        "lat": 30.651423,
        "lon": 122.02712,
        "speed": 0,
        "course": 328,
        "heading": 287,
        "destination": "CNYSA",
        "last_position_epoch": 1764512520,
        "last_position_UTC": "2025-11-30T14:22:00Z"
      },
      {
        "lat": 30.65144,
        "lon": 122.02709,
        "speed": 0,
        "course": 328,
        "heading": 287,
        "destination": "CNYSA",
        "last_position_epoch": 1764510780,
        "last_position_UTC": "2025-11-30T13:53:00Z"
      },
      {
        "lat": 30.651407,
        "lon": 122.02709,
        "speed": 0,
        "course": 328,
        "heading": 287,
        "destination": "CNYSA",
        "last_position_epoch": 1764508800,
        "last_position_UTC": "2025-11-30T13:20:00Z"
      },
      {
        "lat": 30.651417,
        "lon": 122.02712,
        "speed": 0,
        "course": 328,
        "heading": 287,
        "destination": "CNYSA",
        "last_position_epoch": 1764507300,
        "last_position_UTC": "2025-11-30T12:55:00Z"
      },
      {
        "lat": 30.65136,
        "lon": 122.02716,
        "speed": 0,
        "course": 328,
        "heading": 287,
        "destination": "CNYSA",
        "last_position_epoch": 1764505500,
        "last_position_UTC": "2025-11-30T12:25:00Z"
      },
      {
        "lat": 30.651381,
        "lon": 122.02715,
        "speed": 0,
        "course": 328,
        "heading": 287,
        "destination": "CNYSA",
        "last_position_epoch": 1764503520,
        "last_position_UTC": "2025-11-30T11:52:00Z"
      },
      {
        "lat": 30.651413,
        "lon": 122.02715,
        "speed": 0,
        "course": 328,
        "heading": 287,
        "destination": "CNYSA",
        "last_position_epoch": 1764501720,
        "last_position_UTC": "2025-11-30T11:22:00Z"
      },
      {
        "lat": 30.651474,
        "lon": 122.02705,
        "speed": 0,
        "course": 328,
        "heading": 287,
        "destination": "CNYSA",
        "last_position_epoch": 1764499800,
        "last_position_UTC": "2025-11-30T10:50:00Z"
      },
      {
        "lat": 30.651381,
        "lon": 122.02716,
        "speed": 0,
        "course": 13,
        "heading": 287,
        "destination": "CNYSA",
        "last_position_epoch": 1764498180,
        "last_position_UTC": "2025-11-30T10:23:00Z"
      },
      {
        "lat": 30.651407,
        "lon": 122.02727,
        "speed": 0,
        "course": 13,
        "heading": 287,
        "destination": "CNYSA",
        "last_position_epoch": 1764496380,
        "last_position_UTC": "2025-11-30T09:53:00Z"
      },
      {
        "lat": 30.6514,
        "lon": 122.02715,
        "speed": 0,
        "course": 322,
        "heading": 287,
        "destination": "CNYSA",
        "last_position_epoch": 1764494700,
        "last_position_UTC": "2025-11-30T09:25:00Z"
      },
      {
        "lat": 30.651493,
        "lon": 122.02713,
        "speed": 0,
        "course": 322,
        "heading": 287,
        "destination": "CNYSA",
        "last_position_epoch": 1764492660,
        "last_position_UTC": "2025-11-30T08:51:00Z"
      },
      {
        "lat": 30.651421,
        "lon": 122.02711,
        "speed": 0,
        "course": 322,
        "heading": 287,
        "destination": "CNYSA",
        "last_position_epoch": 1764490980,
        "last_position_UTC": "2025-11-30T08:23:00Z"
      },
      {
        "lat": 30.65148,
        "lon": 122.02707,
        "speed": 0,
        "course": 337,
        "heading": 287,
        "destination": "CNYSA",
        "last_position_epoch": 1764489180,
        "last_position_UTC": "2025-11-30T07:53:00Z"
      },
      {
        "lat": 30.651453,
        "lon": 122.02711,
        "speed": 0,
        "course": 337,
        "heading": 287,
        "destination": "CNYSA",
        "last_position_epoch": 1764487260,
        "last_position_UTC": "2025-11-30T07:21:00Z"
      },
      {
        "lat": 30.65144,
        "lon": 122.02709,
        "speed": 0,
        "course": 337,
        "heading": 287,
        "destination": "CNYSA",
        "last_position_epoch": 1764485820,
        "last_position_UTC": "2025-11-30T06:57:00Z"
      },
      {
        "lat": 30.651407,
        "lon": 122.02716,
        "speed": 0,
        "course": 337,
        "heading": 286,
        "destination": "CNYSA",
        "last_position_epoch": 1764483780,
        "last_position_UTC": "2025-11-30T06:23:00Z"
      },
      {
        "lat": 30.65144,
        "lon": 122.02716,
        "speed": 0,
        "course": 337,
        "heading": 287,
        "destination": "CNYSA",
        "last_position_epoch": 1764481620,
        "last_position_UTC": "2025-11-30T05:47:00Z"
      },
      {
        "lat": 30.651293,
        "lon": 122.02712,
        "speed": 0,
        "course": 337,
        "heading": 287,
        "destination": "CNYSA",
        "last_position_epoch": 1764480360,
        "last_position_UTC": "2025-11-30T05:26:00Z"
      },
      {
        "lat": 30.651403,
        "lon": 122.02711,
        "speed": 0,
        "course": 72,
        "heading": 287,
        "destination": "CNYSA",
        "last_position_epoch": 1764478260,
        "last_position_UTC": "2025-11-30T04:51:00Z"
      },
      {
        "lat": 30.651463,
        "lon": 122.02715,
        "speed": 0,
        "course": 72,
        "heading": 287,
        "destination": "CNYSA",
        "last_position_epoch": 1764476640,
        "last_position_UTC": "2025-11-30T04:24:00Z"
      },
      {
        "lat": 30.651447,
        "lon": 122.02716,
        "speed": 0,
        "course": 168,
        "heading": 286,
        "destination": "CNYSA",
        "last_position_epoch": 1764474960,
        "last_position_UTC": "2025-11-30T03:56:00Z"
      },
      {
        "lat": 30.651413,
        "lon": 122.02713,
        "speed": 0,
        "course": 168,
        "heading": 287,
        "destination": "CNYSA",
        "last_position_epoch": 1764473100,
        "last_position_UTC": "2025-11-30T03:25:00Z"
      },
      {
        "lat": 30.651386,
        "lon": 122.02715,
        "speed": 0,
        "course": 168,
        "heading": 288,
        "destination": "CNYSA",
        "last_position_epoch": 1764471360,
        "last_position_UTC": "2025-11-30T02:56:00Z"
      },
      {
        "lat": 30.651394,
        "lon": 122.02715,
        "speed": 0,
        "course": 168,
        "heading": 287,
        "destination": "CNYSA",
        "last_position_epoch": 1764469560,
        "last_position_UTC": "2025-11-30T02:26:00Z"
      },
      {
        "lat": 30.651421,
        "lon": 122.02715,
        "speed": 0,
        "course": 168,
        "heading": 287,
        "destination": "CNYSA",
        "last_position_epoch": 1764467520,
        "last_position_UTC": "2025-11-30T01:52:00Z"
      },
      {
        "lat": 30.651447,
        "lon": 122.02702,
        "speed": 0,
        "course": 168,
        "heading": 287,
        "destination": "CNYSA",
        "last_position_epoch": 1764465840,
        "last_position_UTC": "2025-11-30T01:24:00Z"
      },
      {
        "lat": 30.651413,
        "lon": 122.02712,
        "speed": 0,
        "course": 208,
        "heading": 286,
        "destination": "CNYSA",
        "last_position_epoch": 1764463980,
        "last_position_UTC": "2025-11-30T00:53:00Z"
      },
      {
        "lat": 30.651426,
        "lon": 122.02716,
        "speed": 0,
        "course": 208,
        "heading": 287,
        "destination": "CNYSA",
        "last_position_epoch": 1764462120,
        "last_position_UTC": "2025-11-30T00:22:00Z"
      },
      {
        "lat": 30.651386,
        "lon": 122.02715,
        "speed": 0,
        "course": 208,
        "heading": 287,
        "destination": "CNYSA",
        "last_position_epoch": 1764460080,
        "last_position_UTC": "2025-11-29T23:48:00Z"
      },
      {
        "lat": 30.651426,
        "lon": 122.02715,
        "speed": 0,
        "course": 208,
        "heading": 286,
        "destination": "CNYSA",
        "last_position_epoch": 1764458700,
        "last_position_UTC": "2025-11-29T23:25:00Z"
      },
      {
        "lat": 30.651386,
        "lon": 122.0272,
        "speed": 0,
        "course": 208,
        "heading": 287,
        "destination": "CNYSA",
        "last_position_epoch": 1764456840,
        "last_position_UTC": "2025-11-29T22:54:00Z"
      },
      {
        "lat": 30.651367,
        "lon": 122.0272,
        "speed": 0,
        "course": 0,
        "heading": 287,
        "destination": "CNYSA",
        "last_position_epoch": 1764455975,
        "last_position_UTC": "2025-11-29T22:39:35Z"
      },
      {
        "lat": 30.65144,
        "lon": 122.02715,
        "speed": 0,
        "course": 345,
        "heading": 287,
        "destination": "CNYSA",
        "last_position_epoch": 1764453180,
        "last_position_UTC": "2025-11-29T21:53:00Z"
      },
      {
        "lat": 30.651386,
        "lon": 122.02712,
        "speed": 0,
        "course": 345,
        "heading": 287,
        "destination": "CNYSA",
        "last_position_epoch": 1764451200,
        "last_position_UTC": "2025-11-29T21:20:00Z"
      },
      {
        "lat": 30.651394,
        "lon": 122.02715,
        "speed": 0,
        "course": 345,
        "heading": 287,
        "destination": "CNYSA",
        "last_position_epoch": 1764449460,
        "last_position_UTC": "2025-11-29T20:51:00Z"
      },
      {
        "lat": 30.651253,
        "lon": 122.0275,
        "speed": 0,
        "course": 345,
        "heading": 287,
        "destination": "CNYSA",
        "last_position_epoch": 1764447540,
        "last_position_UTC": "2025-11-29T20:19:00Z"
      },
      {
        "lat": 30.65148,
        "lon": 122.02688,
        "speed": 0,
        "course": 289,
        "heading": 287,
        "destination": "CNYSA",
        "last_position_epoch": 1764445980,
        "last_position_UTC": "2025-11-29T19:53:00Z"
      },
      {
        "lat": 30.651461,
        "lon": 122.02709,
        "speed": 0,
        "course": 289,
        "heading": 287,
        "destination": "CNYSA",
        "last_position_epoch": 1764444300,
        "last_position_UTC": "2025-11-29T19:25:00Z"
      },
      {
        "lat": 30.651293,
        "lon": 122.02713,
        "speed": 0,
        "course": 284,
        "heading": 287,
        "destination": "CNYSA",
        "last_position_epoch": 1764442260,
        "last_position_UTC": "2025-11-29T18:51:00Z"
      },
      {
        "lat": 30.65136,
        "lon": 122.02711,
        "speed": 0,
        "course": 206,
        "heading": 287,
        "destination": "CNYSA",
        "last_position_epoch": 1764440460,
        "last_position_UTC": "2025-11-29T18:21:00Z"
      },
      {
        "lat": 30.651426,
        "lon": 122.02712,
        "speed": 0,
        "course": 206,
        "heading": 287,
        "destination": "CNYSA",
        "last_position_epoch": 1764438720,
        "last_position_UTC": "2025-11-29T17:52:00Z"
      },
      {
        "lat": 30.651461,
        "lon": 122.02711,
        "speed": 0,
        "course": 206,
        "heading": 287,
        "destination": "CNYSA",
        "last_position_epoch": 1764436740,
        "last_position_UTC": "2025-11-29T17:19:00Z"
      },
      {
        "lat": 30.651516,
        "lon": 122.02702,
        "speed": 0,
        "course": 254,
        "heading": 287,
        "destination": "CNYSA",
        "last_position_epoch": 1764435120,
        "last_position_UTC": "2025-11-29T16:52:00Z"
      },
      {
        "lat": 30.651426,
        "lon": 122.02712,
        "speed": 0,
        "course": 102,
        "heading": 287,
        "destination": "CNYSA",
        "last_position_epoch": 1764433260,
        "last_position_UTC": "2025-11-29T16:21:00Z"
      },
      {
        "lat": 30.649076,
        "lon": 122.02734,
        "speed": 1.2,
        "course": 336,
        "heading": 292,
        "destination": "CNYSA",
        "last_position_epoch": 1764431700,
        "last_position_UTC": "2025-11-29T15:55:00Z"
      },
      {
        "lat": 30.616369,
        "lon": 122.05141,
        "speed": 2,
        "course": 319,
        "heading": 309,
        "destination": "CNYSA",
        "last_position_epoch": 1764429780,
        "last_position_UTC": "2025-11-29T15:23:00Z"
      },
      {
        "lat": 30.611307,
        "lon": 122.05776,
        "speed": 3,
        "course": 316,
        "heading": 311,
        "destination": "CNYSA",
        "last_position_epoch": 1764427980,
        "last_position_UTC": "2025-11-29T14:53:00Z"
      }
    ]
  },
  "meta": {
    "duration": 0.017045923,
    "endpoint": "/api/v0/vessel_history",
    "success": true
  }
}