{
  "data": {
    "uuid": "5a27a98c-0e61-ffc2-f76d-da3b9974b7d6",
    "name": "YM MODESTY",
    "mmsi": "636016242",
    "imo": "9664885",
    "eni": null,
    "country_iso": "LR",
    "type": "Cargo",
    "type_specific": "Container Ship",
    "positions": [
      {
        "lat": 41.473969,
        "lon": 141.80881,
        "speed": 18.6,
        "course": 134,
        "heading": 135,
        "destination": "PAPCN",
        "last_position_epoch": 1764642060,
        "last_position_UTC": "2025-12-02T02:21:00Z"
      },
      {
        "lat": 41.54166,
        "lon": 141.6731,
        "speed": 19.2,
        "course": 99,
        "heading": 95,
        "destination": "PAPCN",
        "last_position_epoch": 1764640140,
        "last_position_UTC": "2025-12-02T01:49:00Z"
      },
      {
        "lat": 41.564259,
        "lon": 141.45081,
        "speed": 19.6,
        "course": 120,
        "heading": 120,
        "destination": "PAPCN",
        "last_position_epoch": 1764638340,
        "last_position_UTC": "2025-12-02T01:19:00Z"
      },
      {
        "lat": 41.639614,
        "lon": 141.26358,
        "speed": 19.2,
        "course": 112,
        "heading": 110,
        "destination": "PAPCN",
        "last_position_epoch": 1764636660,
        "last_position_UTC": "2025-12-02T00:51:00Z"
      },
      {
        "lat": 41.652267,
        "lon": 141.01961,
        "speed": 20.5,
        "course": 94,
        "heading": 95,
        "destination": "PAPCN",
        "last_position_epoch": 1764634740,
        "last_position_UTC": "2025-12-02T00:19:00Z"
      },
      {
        "lat": 41.637985,
        "lon": 140.79533,
        "speed": 19.3,
        "course": 51,
        "heading": 59,
        "destination": "PAPCN",
        "last_position_epoch": 1764632940,
        "last_position_UTC": "2025-12-01T23:49:00Z"
      },
      {
        "lat": 41.508518,
        "lon": 140.63182,
        "speed": 21,
        "course": 57,
        "heading": 55,
        "destination": "PAPCN",
        "last_position_epoch": 1764631200,
        "last_position_UTC": "2025-12-01T23:20:00Z"
      },
      {
        "lat": 41.429359,
        "lon": 140.48026,
        "speed": 21.3,
        "course": 51,
        "heading": 54,
        "destination": "PAPCN",
        "last_position_epoch": 1764629400,
        "last_position_UTC": "2025-12-01T22:50:00Z"
      },
      {
        "lat": 41.342682,
        "lon": 140.29593,
        "speed": 20.6,
        "course": 70,
        "heading": 70,
        "destination": "PAPCN",
        "last_position_epoch": 1764627600,
        "last_position_UTC": "2025-12-01T22:20:00Z"
      },
      {
        "lat": 41.233532,
        "lon": 140.1248,
        "speed": 19,
        "course": 48,
        "heading": 48,
        "destination": "PAPCN",
        "last_position_epoch": 1764625680,
        "last_position_UTC": "2025-12-01T21:48:00Z"
      },
      {
        "lat": 41.1488,
        "lon": 139.95599,
        "speed": 19.3,
        "course": 55,
        "heading": 56,
        "destination": "PAPCN",
        "last_position_epoch": 1764624000,
        "last_position_UTC": "2025-12-01T21:20:00Z"
      },
      {
        "lat": 41.03896,
        "lon": 139.76157,
        "speed": 19.5,
        "course": 54,
        "heading": 53,
        "destination": "PAPCN",
        "last_position_epoch": 1764622200,
        "last_position_UTC": "2025-12-01T20:50:00Z"
      },
      {
        "lat": 40.930996,
        "lon": 139.5748,
        "speed": 19.3,
        "course": 52,
        "heading": 53,
        "destination": "PAPCN",
        "last_position_epoch": 1764620220,
        "last_position_UTC": "2025-12-01T20:17:00Z"
      },
      {
        "lat": 35.373146,
        "lon": 130.0997,
        "speed": 18.2,
        "course": 52,
        "heading": null,
        "destination": "PAPCN",
        "last_position_epoch": 1764503280,
        "last_position_UTC": "2025-11-30T11:48:00Z"
      },
      {
        "lat": 35.189953,
        "lon": 129.827,
        "speed": 18.6,
        "course": 48,
        "heading": 46,
        "destination": "PAPCN",
        "last_position_epoch": 1764499740,
        "last_position_UTC": "2025-11-30T10:49:00Z"
      },
      {
        "lat": 34.977005,
        "lon": 129.42735,
        "speed": 19.5,
        "course": 55,
        "heading": 58,
        "destination": "PAPCN",
        "last_position_epoch": 1764496140,
        "last_position_UTC": "2025-11-30T09:49:00Z"
      },
      {
        "lat": 34.911205,
        "lon": 129.30644,
        "speed": 18.6,
        "course": 64,
        "heading": 65,
        "destination": "PAPCN",
        "last_position_epoch": 1764494460,
        "last_position_UTC": "2025-11-30T09:21:00Z"
      },
      {
        "lat": 34.894083333333334,
        "lon": 129.26964833333332,
        "speed": 18.5,
        "course": 59.9,
        "heading": 60,
        "destination": "PAPCN",
        "last_position_epoch": 1764493550,
        "last_position_UTC": "2025-11-30T09:05:50Z"
      },
      {
        "lat": 34.85160666666667,
        "lon": 129.16337833333333,
        "speed": 12,
        "course": 76.7,
        "heading": 80,
        "destination": "PAPCN",
        "last_position_epoch": 1764492158,
        "last_position_UTC": "2025-11-30T08:42:38Z"
      },
      {
        "lat": 34.835925,
        "lon": 129.01938666666666,
        "speed": 12.2,
        "course": 97.9,
        "heading": 100,
        "destination": "PAPCN",
        "last_position_epoch": 1764490079,
        "last_position_UTC": "2025-11-30T08:07:59Z"
      },
      {
        "lat": 34.850051666666666,
        "lon": 128.91677333333334,
        "speed": 11.7,
        "course": 129.3,
        "heading": 119,
        "destination": "PAPCN",
        "last_position_epoch": 1764488540,
        "last_position_UTC": "2025-11-30T07:42:20Z"
      },
      {
        "lat": 34.9249,
        "lon": 128.83881833333334,
        "speed": 11.8,
        "course": 145.2,
        "heading": 148,
        "destination": "PAPCN",
        "last_position_epoch": 1764486759,
        "last_position_UTC": "2025-11-30T07:12:39Z"
      },
      {
        "lat": 35.053894,
        "lon": 128.78197,
        "speed": 8.5,
        "course": 201,
        "heading": 197,
        "destination": "PAPCN",
        "last_position_epoch": 1764483660,
        "last_position_UTC": "2025-11-30T06:21:00Z"
      },
      {
        "lat": 35.077221,
        "lon": 128.79382,
        "speed": 0,
        "course": 3,
        "heading": 90,
        "destination": "PAPCN",
        "last_position_epoch": 1764481680,
        "last_position_UTC": "2025-11-30T05:48:00Z"
      },
      {
        "lat": 35.077274,
        "lon": 128.79387,
        "speed": 0,
        "course": 329,
        "heading": 90,
        "destination": "KRBUS",
        "last_position_epoch": 1764479940,
        "last_position_UTC": "2025-11-30T05:19:00Z"
      },
      {
        "lat": 35.077206,
        "lon": 128.79387,
        "speed": 0,
        "course": 329,
        "heading": 90,
        "destination": "KRBUS",
        "last_position_epoch": 1764478200,
        "last_position_UTC": "2025-11-30T04:50:00Z"
      },
      {
        "lat": 35.077332,
        "lon": 128.79385,
        "speed": 0,
        "course": 178,
        "heading": 89,
        "destination": "KRBUS",
        "last_position_epoch": 1764476340,
        "last_position_UTC": "2025-11-30T04:19:00Z"
      },
      {
        "lat": 35.077267,
        "lon": 128.79387,
        "speed": 0,
        "course": 149,
        "heading": 90,
        "destination": "KRBUS",
        "last_position_epoch": 1764474600,
        "last_position_UTC": "2025-11-30T03:50:00Z"
      },
      {
        "lat": 35.077221,
        "lon": 128.7939,
        "speed": 0,
        "course": 130,
        "heading": 90,
        "destination": "KRBUS",
        "last_position_epoch": 1764472680,
        "last_position_UTC": "2025-11-30T03:18:00Z"
      },
      {
        "lat": 35.077072,
        "lon": 128.79395,
        "speed": 0,
        "course": 107,
        "heading": 90,
        "destination": "KRBUS",
        "last_position_epoch": 1764471060,
        "last_position_UTC": "2025-11-30T02:51:00Z"
      },
      {
        "lat": 35.077286,
        "lon": 128.79382,
        "speed": 0,
        "course": 71,
        "heading": 90,
        "destination": "KRBUS",
        "last_position_epoch": 1764469320,
        "last_position_UTC": "2025-11-30T02:22:00Z"
      },
      {
        "lat": 35.077278,
        "lon": 128.79376,
        "speed": 0.1,
        "course": 170,
        "heading": 90,
        "destination": "KRBUS",
        "last_position_epoch": 1764467460,
        "last_position_UTC": "2025-11-30T01:51:00Z"
      },
      {
        "lat": 35.077274,
        "lon": 128.79379,
        "speed": 0,
        "course": 136,
        "heading": 90,
        "destination": "KRBUS",
        "last_position_epoch": 1764465600,
        "last_position_UTC": "2025-11-30T01:20:00Z"
      },
      {
        "lat": 35.077236,
        "lon": 128.79379,
        "speed": 0,
        "course": 108,
        "heading": 90,
        "destination": "KRBUS",
        "last_position_epoch": 1764463740,
        "last_position_UTC": "2025-11-30T00:49:00Z"
      },
      {
        "lat": 35.077393,
        "lon": 128.79396,
        "speed": 0,
        "course": 247,
        "heading": 90,
        "destination": "KRBUS",
        "last_position_epoch": 1764462000,
        "last_position_UTC": "2025-11-30T00:20:00Z"
      },
      {
        "lat": 35.077274,
        "lon": 128.79388,
        "speed": 0,
        "course": 247,
        "heading": 90,
        "destination": "KRBUS",
        "last_position_epoch": 1764460320,
        "last_position_UTC": "2025-11-29T23:52:00Z"
      },
      {
        "lat": 35.077179,
        "lon": 128.79367,
        "speed": 0,
        "course": 60,
        "heading": 90,
        "destination": "KRBUS",
        "last_position_epoch": 1764458460,
        "last_position_UTC": "2025-11-29T23:21:00Z"
      },
      {
        "lat": 35.077312,
        "lon": 128.7939,
        "speed": 0,
        "course": 205,
        "heading": 90,
        "destination": "KRBUS",
        "last_position_epoch": 1764456600,
        "last_position_UTC": "2025-11-29T22:50:00Z"
      },
      {
        "lat": 35.0774,
        "lon": 128.79376,
        "speed": 0.1,
        "course": 223,
        "heading": 90,
        "destination": "KRBUS",
        "last_position_epoch": 1764454800,
        "last_position_UTC": "2025-11-29T22:20:00Z"
      },
      {
        "lat": 35.077454,
        "lon": 128.79395,
        "speed": 0,
        "course": 278,
        "heading": 90,
        "destination": "KRBUS",
        "last_position_epoch": 1764453000,
        "last_position_UTC": "2025-11-29T21:50:00Z"
      },
      {
        "lat": 35.077206,
        "lon": 128.79396,
        "speed": 0,
        "course": 322,
        "heading": 90,
        "destination": "KRBUS",
        "last_position_epoch": 1764451200,
        "last_position_UTC": "2025-11-29T21:20:00Z"
      },
      {
        "lat": 35.077396,
        "lon": 128.79391,
        "speed": 0,
        "course": 326,
        "heading": 90,
        "destination": "KRBUS",
        "last_position_epoch": 1764449460,
        "last_position_UTC": "2025-11-29T20:51:00Z"
      },
      {
        "lat": 35.076988,
        "lon": 128.7937,
        "speed": 0,
        "course": 211,
        "heading": 90,
        "destination": "KRBUS",
        "last_position_epoch": 1764447600,
        "last_position_UTC": "2025-11-29T20:20:00Z"
      },
      {
        "lat": 35.077278,
        "lon": 128.7939,
        "speed": 0,
        "course": 203,
        "heading": 90,
        "destination": "KRBUS",
        "last_position_epoch": 1764445680,
        "last_position_UTC": "2025-11-29T19:48:00Z"
      },
      {
        "lat": 35.07724,
        "lon": 128.79393,
        "speed": 0.1,
        "course": 291,
        "heading": 90,
        "destination": "KRBUS",
        "last_position_epoch": 1764444000,
        "last_position_UTC": "2025-11-29T19:20:00Z"
      },
      {
        "lat": 35.077061,
        "lon": 128.79376,
        "speed": 0,
        "course": 347,
        "heading": 90,
        "destination": "KRBUS",
        "last_position_epoch": 1764442200,
        "last_position_UTC": "2025-11-29T18:50:00Z"
      },
      {
        "lat": 35.07724,
        "lon": 128.79375,
        "speed": 0,
        "course": 0,
        "heading": 90,
        "destination": "KRBUS",
        "last_position_epoch": 1764440698,
        "last_position_UTC": "2025-11-29T18:24:58Z"
      },
      {
        "lat": 35.077175,
        "lon": 128.79385,
        "speed": 0,
        "course": 235,
        "heading": 90,
        "destination": "KRBUS",
        "last_position_epoch": 1764438540,
        "last_position_UTC": "2025-11-29T17:49:00Z"
      },
      {
        "lat": 35.077328,
        "lon": 128.79387,
        "speed": 0,
        "course": 1,
        "heading": 90,
        "destination": "KRBUS",
        "last_position_epoch": 1764436680,
        "last_position_UTC": "2025-11-29T17:18:00Z"
      },
      {
        "lat": 35.076633,
        "lon": 128.79381,
        "speed": 0,
        "course": 149,
        "heading": 90,
        "destination": "KRBUS",
        "last_position_epoch": 1764434940,
        "last_position_UTC": "2025-11-29T16:49:00Z"
      },
      {
        "lat": 35.077511,
        "lon": 128.79373,
        "speed": 0,
        "course": 24,
        "heading": 90,
        "destination": "KRBUS",
        "last_position_epoch": 1764433140,
        "last_position_UTC": "2025-11-29T16:19:00Z"
      },
      {
        "lat": 35.077297,
        "lon": 128.79387,
        "speed": 0,
        "course": 106,
        "heading": 90,
        "destination": "KRBUS",
        "last_position_epoch": 1764431460,
        "last_position_UTC": "2025-11-29T15:51:00Z"
      },
      {
        "lat": 35.077248,
        "lon": 128.79379,
        "speed": 0,
        "course": 50,
        "heading": 90,
        "destination": "KRBUS",
        "last_position_epoch": 1764429540,
        "last_position_UTC": "2025-11-29T15:19:00Z"
      },
      {
        "lat": 35.077263,
        "lon": 128.79379,
        "speed": 0,
        "course": 152,
        "heading": 90,
        "destination": "KRBUS",
        "last_position_epoch": 1764427740,
        "last_position_UTC": "2025-11-29T14:49:00Z"
      }
    ]
  },
  "meta": {
    "duration": 0.016603521,
    "endpoint": "/api/v0/vessel_history",
    "success": true
  }
}