{
  "data": {
    "uuid": "968940fe-cff2-430f-9f20-3647a338d77a",
    "name": "YM WISDOM",
    "mmsi": "636023582",
    "imo": "9757216",
    "eni": null,
    "country_iso": "LR",
    "type": "Cargo - Hazard D (Recognizable)",
    "type_specific": "Container Ship",
    "positions": [
      {
        "lat": 29.913626,
        "lon": 122.99,
        "speed": 0,
        "course": 228,
        "heading": 180,
        "destination": "CNNGB",
        "last_position_epoch": 1765029300,
        "last_position_UTC": "2025-12-06T13:55:00Z"
      },
      {
        "lat": 29.913473,
        "lon": 122.98971,
        "speed": 0.1,
        "course": 154,
        "heading": 171,
        "destination": "CNNGB",
        "last_position_epoch": 1765027140,
        "last_position_UTC": "2025-12-06T13:19:00Z"
      },
      {
        "lat": 29.913481,
        "lon": 122.9896,
        "speed": 0,
        "course": 111,
        "heading": 167,
        "destination": "CNNGB",
        "last_position_epoch": 1765025580,
        "last_position_UTC": "2025-12-06T12:53:00Z"
      },
      {
        "lat": 29.91328,
        "lon": 122.98952,
        "speed": 0.1,
        "course": 175,
        "heading": 152,
        "destination": "CNNGB",
        "last_position_epoch": 1765023840,
        "last_position_UTC": "2025-12-06T12:24:00Z"
      },
      {
        "lat": 29.912874,
        "lon": 122.98914,
        "speed": 0.1,
        "course": 45,
        "heading": 122,
        "destination": "CNNGB",
        "last_position_epoch": 1765021920,
        "last_position_UTC": "2025-12-06T11:52:00Z"
      },
      {
        "lat": 29.912203,
        "lon": 122.9888,
        "speed": 0.1,
        "course": 309,
        "heading": 100,
        "destination": "CNNGB",
        "last_position_epoch": 1765020120,
        "last_position_UTC": "2025-12-06T11:22:00Z"
      },
      {
        "lat": 29.911131,
        "lon": 122.98928,
        "speed": 0.1,
        "course": 311,
        "heading": 48,
        "destination": "CNNGB",
        "last_position_epoch": 1765018320,
        "last_position_UTC": "2025-12-06T10:52:00Z"
      },
      {
        "lat": 29.910852,
        "lon": 122.98991,
        "speed": 0.1,
        "course": 225,
        "heading": 20,
        "destination": "CNNGB",
        "last_position_epoch": 1765016820,
        "last_position_UTC": "2025-12-06T10:27:00Z"
      },
      {
        "lat": 29.91081,
        "lon": 122.99046,
        "speed": 0.1,
        "course": 295,
        "heading": 351,
        "destination": "CNNGB",
        "last_position_epoch": 1765014840,
        "last_position_UTC": "2025-12-06T09:54:00Z"
      },
      {
        "lat": 29.910923,
        "lon": 122.99085,
        "speed": 0.1,
        "course": 325,
        "heading": 335,
        "destination": "CNNGB",
        "last_position_epoch": 1765013160,
        "last_position_UTC": "2025-12-06T09:26:00Z"
      },
      {
        "lat": 29.910833,
        "lon": 122.9912,
        "speed": 0,
        "course": 204,
        "heading": 331,
        "destination": "CNNGB",
        "last_position_epoch": 1765011180,
        "last_position_UTC": "2025-12-06T08:53:00Z"
      },
      {
        "lat": 29.91094,
        "lon": 122.99129,
        "speed": 0.4,
        "course": 218,
        "heading": 318,
        "destination": "CNNGB",
        "last_position_epoch": 1765009620,
        "last_position_UTC": "2025-12-06T08:27:00Z"
      },
      {
        "lat": 29.911146,
        "lon": 122.99158,
        "speed": 0.2,
        "course": 314,
        "heading": 307,
        "destination": "CNNGB",
        "last_position_epoch": 1765007520,
        "last_position_UTC": "2025-12-06T07:52:00Z"
      },
      {
        "lat": 29.9114,
        "lon": 122.99178,
        "speed": 0.1,
        "course": 213,
        "heading": 296,
        "destination": "CNNGB",
        "last_position_epoch": 1765005840,
        "last_position_UTC": "2025-12-06T07:24:00Z"
      },
      {
        "lat": 29.911697,
        "lon": 122.99197,
        "speed": 0.1,
        "course": 217,
        "heading": 286,
        "destination": "CNNGB",
        "last_position_epoch": 1765003920,
        "last_position_UTC": "2025-12-06T06:52:00Z"
      },
      {
        "lat": 29.912567,
        "lon": 122.99189,
        "speed": 0.2,
        "course": 205,
        "heading": 252,
        "destination": "CNNGB",
        "last_position_epoch": 1765000620,
        "last_position_UTC": "2025-12-06T05:57:00Z"
      },
      {
        "lat": 29.91288,
        "lon": 122.99176,
        "speed": 0.3,
        "course": 173,
        "heading": 249,
        "destination": "CNNGB",
        "last_position_epoch": 1764998700,
        "last_position_UTC": "2025-12-06T05:25:00Z"
      },
      {
        "lat": 29.913126,
        "lon": 122.99152,
        "speed": 0,
        "course": 106,
        "heading": 236,
        "destination": "CNNGB",
        "last_position_epoch": 1764996840,
        "last_position_UTC": "2025-12-06T04:54:00Z"
      },
      {
        "lat": 29.9133,
        "lon": 122.99126,
        "speed": 0.1,
        "course": 177,
        "heading": 223,
        "destination": "CNNGB",
        "last_position_epoch": 1764995100,
        "last_position_UTC": "2025-12-06T04:25:00Z"
      },
      {
        "lat": 29.91345,
        "lon": 122.99101,
        "speed": 0,
        "course": 263,
        "heading": 210,
        "destination": "CNNGB",
        "last_position_epoch": 1764993180,
        "last_position_UTC": "2025-12-06T03:53:00Z"
      },
      {
        "lat": 29.91354,
        "lon": 122.99059,
        "speed": 0.2,
        "course": 202,
        "heading": 202,
        "destination": "CNNGB",
        "last_position_epoch": 1764991620,
        "last_position_UTC": "2025-12-06T03:27:00Z"
      },
      {
        "lat": 29.913614,
        "lon": 122.99035,
        "speed": 0.1,
        "course": 34,
        "heading": 191,
        "destination": "CNNGB",
        "last_position_epoch": 1764989580,
        "last_position_UTC": "2025-12-06T02:53:00Z"
      },
      {
        "lat": 29.913588,
        "lon": 122.99021,
        "speed": 0.1,
        "course": 101,
        "heading": 183,
        "destination": "CNNGB",
        "last_position_epoch": 1764987720,
        "last_position_UTC": "2025-12-06T02:22:00Z"
      },
      {
        "lat": 29.913561,
        "lon": 122.98994,
        "speed": 0.1,
        "course": 113,
        "heading": 175,
        "destination": "CNNGB",
        "last_position_epoch": 1764986040,
        "last_position_UTC": "2025-12-06T01:54:00Z"
      },
      {
        "lat": 29.913414,
        "lon": 122.98957,
        "speed": 0.1,
        "course": 278,
        "heading": 158,
        "destination": "CNNGB",
        "last_position_epoch": 1764984240,
        "last_position_UTC": "2025-12-06T01:24:00Z"
      },
      {
        "lat": 29.913267,
        "lon": 122.98936,
        "speed": 0.1,
        "course": 114,
        "heading": 142,
        "destination": "CNNGB",
        "last_position_epoch": 1764982500,
        "last_position_UTC": "2025-12-06T00:55:00Z"
      },
      {
        "lat": 29.912939,
        "lon": 122.98925,
        "speed": 0.1,
        "course": 83,
        "heading": 124,
        "destination": "CNNGB",
        "last_position_epoch": 1764980520,
        "last_position_UTC": "2025-12-06T00:22:00Z"
      },
      {
        "lat": 29.912546,
        "lon": 122.98895,
        "speed": 0.1,
        "course": 19,
        "heading": 101,
        "destination": "CNNGB",
        "last_position_epoch": 1764978780,
        "last_position_UTC": "2025-12-05T23:53:00Z"
      },
      {
        "lat": 29.912006,
        "lon": 122.98885,
        "speed": 0.1,
        "course": 2,
        "heading": 77,
        "destination": "CNNGB",
        "last_position_epoch": 1764977160,
        "last_position_UTC": "2025-12-05T23:26:00Z"
      },
      {
        "lat": 29.911207,
        "lon": 122.98909,
        "speed": 0.1,
        "course": 205,
        "heading": 49,
        "destination": "CNNGB",
        "last_position_epoch": 1764975120,
        "last_position_UTC": "2025-12-05T22:52:00Z"
      },
      {
        "lat": 29.911003,
        "lon": 122.98948,
        "speed": 0.1,
        "course": 258,
        "heading": 32,
        "destination": "CNNGB",
        "last_position_epoch": 1764973320,
        "last_position_UTC": "2025-12-05T22:22:00Z"
      },
      {
        "lat": 29.910717,
        "lon": 122.98983,
        "speed": 0.1,
        "course": 199,
        "heading": 20,
        "destination": "CNNGB",
        "last_position_epoch": 1764971640,
        "last_position_UTC": "2025-12-05T21:54:00Z"
      },
      {
        "lat": 29.910521,
        "lon": 122.99017,
        "speed": 0.1,
        "course": 236,
        "heading": 12,
        "destination": "CNNGB",
        "last_position_epoch": 1764969660,
        "last_position_UTC": "2025-12-05T21:21:00Z"
      },
      {
        "lat": 29.910496,
        "lon": 122.99055,
        "speed": 0.1,
        "course": 271,
        "heading": 356,
        "destination": "CNNGB",
        "last_position_epoch": 1764967980,
        "last_position_UTC": "2025-12-05T20:53:00Z"
      },
      {
        "lat": 29.910526,
        "lon": 122.99059,
        "speed": 0,
        "course": 298,
        "heading": 359,
        "destination": "CNNGB",
        "last_position_epoch": 1764966240,
        "last_position_UTC": "2025-12-05T20:24:00Z"
      },
      {
        "lat": 29.91058,
        "lon": 122.99078,
        "speed": 0.4,
        "course": 185,
        "heading": 352,
        "destination": "CNNGB",
        "last_position_epoch": 1764964260,
        "last_position_UTC": "2025-12-05T19:51:00Z"
      },
      {
        "lat": 29.910641,
        "lon": 122.99097,
        "speed": 0.1,
        "course": 182,
        "heading": 347,
        "destination": "CNNGB",
        "last_position_epoch": 1764962520,
        "last_position_UTC": "2025-12-05T19:22:00Z"
      },
      {
        "lat": 29.910994,
        "lon": 122.99142,
        "speed": 0.1,
        "course": 215,
        "heading": 335,
        "destination": "CNNGB",
        "last_position_epoch": 1764960600,
        "last_position_UTC": "2025-12-05T18:50:00Z"
      },
      {
        "lat": 29.911026,
        "lon": 122.99165,
        "speed": 0.1,
        "course": 164,
        "heading": 325,
        "destination": "CNNGB",
        "last_position_epoch": 1764958980,
        "last_position_UTC": "2025-12-05T18:23:00Z"
      },
      {
        "lat": 29.911194,
        "lon": 122.99178,
        "speed": 0.1,
        "course": 169,
        "heading": 310,
        "destination": "CNNGB",
        "last_position_epoch": 1764957300,
        "last_position_UTC": "2025-12-05T17:55:00Z"
      },
      {
        "lat": 29.911699,
        "lon": 122.99194,
        "speed": 0.1,
        "course": 171,
        "heading": 290,
        "destination": "CNNGB",
        "last_position_epoch": 1764955380,
        "last_position_UTC": "2025-12-05T17:23:00Z"
      },
      {
        "lat": 29.912403,
        "lon": 122.99184,
        "speed": 0.1,
        "course": 155,
        "heading": 262,
        "destination": "CNNGB",
        "last_position_epoch": 1764953640,
        "last_position_UTC": "2025-12-05T16:54:00Z"
      },
      {
        "lat": 29.913237,
        "lon": 122.99128,
        "speed": 0.1,
        "course": 132,
        "heading": 220,
        "destination": "CNNGB",
        "last_position_epoch": 1764951540,
        "last_position_UTC": "2025-12-05T16:19:00Z"
      },
      {
        "lat": 29.913414,
        "lon": 122.9908,
        "speed": 0,
        "course": 105,
        "heading": 196,
        "destination": "CNNGB",
        "last_position_epoch": 1764948060,
        "last_position_UTC": "2025-12-05T15:21:00Z"
      },
      {
        "lat": 29.91338,
        "lon": 122.9906,
        "speed": 0.2,
        "course": 149,
        "heading": 181,
        "destination": "CNNGB",
        "last_position_epoch": 1764946320,
        "last_position_UTC": "2025-12-05T14:52:00Z"
      },
      {
        "lat": 29.913446,
        "lon": 122.99043,
        "speed": 0.3,
        "course": 102,
        "heading": 175,
        "destination": "CNNGB",
        "last_position_epoch": 1764944580,
        "last_position_UTC": "2025-12-05T14:23:00Z"
      },
      {
        "lat": 29.913441,
        "lon": 122.99023,
        "speed": 0.1,
        "course": 109,
        "heading": 169,
        "destination": "CNNGB",
        "last_position_epoch": 1764942540,
        "last_position_UTC": "2025-12-05T13:49:00Z"
      },
      {
        "lat": 29.913467,
        "lon": 122.99007,
        "speed": 0.1,
        "course": 117,
        "heading": 164,
        "destination": "CNNGB",
        "last_position_epoch": 1764940860,
        "last_position_UTC": "2025-12-05T13:21:00Z"
      },
      {
        "lat": 29.913401,
        "lon": 122.98987,
        "speed": 0.1,
        "course": 154,
        "heading": 153,
        "destination": "CNNGB",
        "last_position_epoch": 1764938820,
        "last_position_UTC": "2025-12-05T12:47:00Z"
      },
      {
        "lat": 29.913218,
        "lon": 122.98967,
        "speed": 0.1,
        "course": 66,
        "heading": 144,
        "destination": "CNNGB",
        "last_position_epoch": 1764937320,
        "last_position_UTC": "2025-12-05T12:22:00Z"
      },
      {
        "lat": 29.912861,
        "lon": 122.9893,
        "speed": 0.1,
        "course": 33,
        "heading": 125,
        "destination": "CNNGB",
        "last_position_epoch": 1764935580,
        "last_position_UTC": "2025-12-05T11:53:00Z"
      },
      {
        "lat": 29.912447,
        "lon": 122.98901,
        "speed": 0.1,
        "course": 0,
        "heading": 99,
        "destination": "CNNGB",
        "last_position_epoch": 1764934551,
        "last_position_UTC": "2025-12-05T11:35:51Z"
      },
      {
        "lat": 29.911488,
        "lon": 122.98857,
        "speed": 0,
        "course": 348,
        "heading": 84,
        "destination": "CNNGB",
        "last_position_epoch": 1764932040,
        "last_position_UTC": "2025-12-05T10:54:00Z"
      },
      {
        "lat": 29.910667,
        "lon": 122.98864,
        "speed": 0.1,
        "course": 328,
        "heading": 63,
        "destination": "CNNGB",
        "last_position_epoch": 1764930300,
        "last_position_UTC": "2025-12-05T10:25:00Z"
      },
      {
        "lat": 29.910324,
        "lon": 122.98896,
        "speed": 0.1,
        "course": 230,
        "heading": 49,
        "destination": "CNNGB",
        "last_position_epoch": 1764928380,
        "last_position_UTC": "2025-12-05T09:53:00Z"
      },
      {
        "lat": 29.910107,
        "lon": 122.98923,
        "speed": 0.1,
        "course": 291,
        "heading": 36,
        "destination": "CNNGB",
        "last_position_epoch": 1764926640,
        "last_position_UTC": "2025-12-05T09:24:00Z"
      },
      {
        "lat": 29.909887,
        "lon": 122.98984,
        "speed": 0.1,
        "course": 203,
        "heading": 20,
        "destination": "CNNGB",
        "last_position_epoch": 1764923160,
        "last_position_UTC": "2025-12-05T08:26:00Z"
      },
      {
        "lat": 29.909767,
        "lon": 122.9903,
        "speed": 0,
        "course": 49,
        "heading": 10,
        "destination": "CNNGB",
        "last_position_epoch": 1764920940,
        "last_position_UTC": "2025-12-05T07:49:00Z"
      },
      {
        "lat": 29.909733,
        "lon": 122.99046,
        "speed": 0.1,
        "course": 321,
        "heading": 2,
        "destination": "CNNGB",
        "last_position_epoch": 1764919260,
        "last_position_UTC": "2025-12-05T07:21:00Z"
      },
      {
        "lat": 29.909679,
        "lon": 122.99033,
        "speed": 0.1,
        "course": 275,
        "heading": 2,
        "destination": "CNNGB",
        "last_position_epoch": 1764917580,
        "last_position_UTC": "2025-12-05T06:53:00Z"
      },
      {
        "lat": 29.909807,
        "lon": 122.99046,
        "speed": 0,
        "course": 115,
        "heading": 356,
        "destination": "CNNGB",
        "last_position_epoch": 1764913920,
        "last_position_UTC": "2025-12-05T05:52:00Z"
      },
      {
        "lat": 29.909781,
        "lon": 122.99059,
        "speed": 0.1,
        "course": 287,
        "heading": 346,
        "destination": "CNNGB",
        "last_position_epoch": 1764912180,
        "last_position_UTC": "2025-12-05T05:23:00Z"
      },
      {
        "lat": 29.909763,
        "lon": 122.99067,
        "speed": 0.1,
        "course": 58,
        "heading": 344,
        "destination": "CNNGB",
        "last_position_epoch": 1764910500,
        "last_position_UTC": "2025-12-05T04:55:00Z"
      },
      {
        "lat": 29.91066,
        "lon": 122.98869,
        "speed": 0.3,
        "course": 179,
        "heading": 86,
        "destination": "CNNGB",
        "last_position_epoch": 1764908520,
        "last_position_UTC": "2025-12-05T04:22:00Z"
      },
      {
        "lat": 29.912203,
        "lon": 122.98893,
        "speed": 0.1,
        "course": 179,
        "heading": 112,
        "destination": "CNNGB",
        "last_position_epoch": 1764906780,
        "last_position_UTC": "2025-12-05T03:53:00Z"
      },
      {
        "lat": 29.912661,
        "lon": 122.98944,
        "speed": 0.1,
        "course": 214,
        "heading": 114,
        "destination": "CNNGB",
        "last_position_epoch": 1764905220,
        "last_position_UTC": "2025-12-05T03:27:00Z"
      },
      {
        "lat": 29.91312,
        "lon": 122.98971,
        "speed": 0.2,
        "course": 123,
        "heading": 129,
        "destination": "CNNGB",
        "last_position_epoch": 1764903120,
        "last_position_UTC": "2025-12-05T02:52:00Z"
      },
      {
        "lat": 29.913153,
        "lon": 122.98951,
        "speed": 0.2,
        "course": 148,
        "heading": 127,
        "destination": "CNNGB",
        "last_position_epoch": 1764901440,
        "last_position_UTC": "2025-12-05T02:24:00Z"
      },
      {
        "lat": 29.91106,
        "lon": 122.98839,
        "speed": 0.1,
        "course": 14,
        "heading": 71,
        "destination": "CNNGB",
        "last_position_epoch": 1764890580,
        "last_position_UTC": "2025-12-04T23:23:00Z"
      },
      {
        "lat": 29.910196,
        "lon": 122.98872,
        "speed": 0.1,
        "course": 149,
        "heading": 56,
        "destination": "CNNGB",
        "last_position_epoch": 1764888660,
        "last_position_UTC": "2025-12-04T22:51:00Z"
      },
      {
        "lat": 29.910013,
        "lon": 122.98911,
        "speed": 0.1,
        "course": 156,
        "heading": 45,
        "destination": "CNNGB",
        "last_position_epoch": 1764886680,
        "last_position_UTC": "2025-12-04T22:18:00Z"
      },
      {
        "lat": 29.910007,
        "lon": 122.98898,
        "speed": 0.1,
        "course": 217,
        "heading": 41,
        "destination": "CNNGB",
        "last_position_epoch": 1764885240,
        "last_position_UTC": "2025-12-04T21:54:00Z"
      },
      {
        "lat": 29.909874,
        "lon": 122.98935,
        "speed": 0.2,
        "course": 176,
        "heading": 30,
        "destination": "CNNGB",
        "last_position_epoch": 1764883500,
        "last_position_UTC": "2025-12-04T21:25:00Z"
      },
      {
        "lat": 29.909584,
        "lon": 122.9898,
        "speed": 0,
        "course": 126,
        "heading": 25,
        "destination": "CNNGB",
        "last_position_epoch": 1764881460,
        "last_position_UTC": "2025-12-04T20:51:00Z"
      },
      {
        "lat": 29.909861,
        "lon": 122.98984,
        "speed": 0.2,
        "course": 136,
        "heading": 20,
        "destination": "CNNGB",
        "last_position_epoch": 1764879720,
        "last_position_UTC": "2025-12-04T20:22:00Z"
      },
      {
        "lat": 29.910053,
        "lon": 122.9901,
        "speed": 0.2,
        "course": 152,
        "heading": 15,
        "destination": "CNNGB",
        "last_position_epoch": 1764878040,
        "last_position_UTC": "2025-12-04T19:54:00Z"
      },
      {
        "lat": 29.910233,
        "lon": 122.99048,
        "speed": 0.1,
        "course": 240,
        "heading": 6,
        "destination": "CNNGB",
        "last_position_epoch": 1764876120,
        "last_position_UTC": "2025-12-04T19:22:00Z"
      },
      {
        "lat": 29.910294,
        "lon": 122.99078,
        "speed": 0.1,
        "course": 259,
        "heading": 358,
        "destination": "CNNGB",
        "last_position_epoch": 1764874320,
        "last_position_UTC": "2025-12-04T18:52:00Z"
      },
      {
        "lat": 29.910387,
        "lon": 122.99085,
        "speed": 0.2,
        "course": 220,
        "heading": 347,
        "destination": "CNNGB",
        "last_position_epoch": 1764872580,
        "last_position_UTC": "2025-12-04T18:23:00Z"
      },
      {
        "lat": 29.910641,
        "lon": 122.99123,
        "speed": 0.1,
        "course": 200,
        "heading": 337,
        "destination": "CNNGB",
        "last_position_epoch": 1764870660,
        "last_position_UTC": "2025-12-04T17:51:00Z"
      },
      {
        "lat": 29.9107,
        "lon": 122.99124,
        "speed": 0.1,
        "course": 186,
        "heading": 335,
        "destination": "CNNGB",
        "last_position_epoch": 1764869160,
        "last_position_UTC": "2025-12-04T17:26:00Z"
      },
      {
        "lat": 29.91083,
        "lon": 122.99153,
        "speed": 0.1,
        "course": 263,
        "heading": 327,
        "destination": "CNNGB",
        "last_position_epoch": 1764867180,
        "last_position_UTC": "2025-12-04T16:53:00Z"
      },
      {
        "lat": 29.911163,
        "lon": 122.99185,
        "speed": 0.2,
        "course": 184,
        "heading": 306,
        "destination": "CNNGB",
        "last_position_epoch": 1764865020,
        "last_position_UTC": "2025-12-04T16:17:00Z"
      },
      {
        "lat": 29.911993,
        "lon": 122.9918,
        "speed": 0.1,
        "course": 188,
        "heading": 288,
        "destination": "CNNGB",
        "last_position_epoch": 1764863460,
        "last_position_UTC": "2025-12-04T15:51:00Z"
      },
      {
        "lat": 29.912983,
        "lon": 122.99135,
        "speed": 0.2,
        "course": 170,
        "heading": 256,
        "destination": "CNNGB",
        "last_position_epoch": 1764861600,
        "last_position_UTC": "2025-12-04T15:20:00Z"
      },
      {
        "lat": 29.913267,
        "lon": 122.99085,
        "speed": 0.1,
        "course": 68,
        "heading": 237,
        "destination": "CNNGB",
        "last_position_epoch": 1764859800,
        "last_position_UTC": "2025-12-04T14:50:00Z"
      },
      {
        "lat": 29.91324,
        "lon": 122.9903,
        "speed": 0.1,
        "course": 190,
        "heading": 216,
        "destination": "CNNGB",
        "last_position_epoch": 1764858300,
        "last_position_UTC": "2025-12-04T14:25:00Z"
      },
      {
        "lat": 29.913424,
        "lon": 122.99059,
        "speed": 0.1,
        "course": 64,
        "heading": 208,
        "destination": "CNNGB",
        "last_position_epoch": 1764856320,
        "last_position_UTC": "2025-12-04T13:52:00Z"
      },
      {
        "lat": 29.913443,
        "lon": 122.99051,
        "speed": 0.1,
        "course": 144,
        "heading": 177,
        "destination": "CNNGB",
        "last_position_epoch": 1764854340,
        "last_position_UTC": "2025-12-04T13:19:00Z"
      },
      {
        "lat": 29.91328,
        "lon": 122.99036,
        "speed": 0.1,
        "course": 146,
        "heading": 163,
        "destination": "CNNGB",
        "last_position_epoch": 1764852600,
        "last_position_UTC": "2025-12-04T12:50:00Z"
      },
      {
        "lat": 29.913326,
        "lon": 122.99019,
        "speed": 0.1,
        "course": 145,
        "heading": 156,
        "destination": "CNNGB",
        "last_position_epoch": 1764851160,
        "last_position_UTC": "2025-12-04T12:26:00Z"
      },
      {
        "lat": 29.913322,
        "lon": 122.98983,
        "speed": 0,
        "course": 46,
        "heading": 143,
        "destination": "CNNGB",
        "last_position_epoch": 1764849240,
        "last_position_UTC": "2025-12-04T11:54:00Z"
      },
      {
        "lat": 29.913073,
        "lon": 122.98955,
        "speed": 0.1,
        "course": 301,
        "heading": 127,
        "destination": "CNNGB",
        "last_position_epoch": 1764847260,
        "last_position_UTC": "2025-12-04T11:21:00Z"
      },
      {
        "lat": 29.912283,
        "lon": 122.98868,
        "speed": 0.2,
        "course": 327,
        "heading": 79,
        "destination": "CNNGB",
        "last_position_epoch": 1764845460,
        "last_position_UTC": "2025-12-04T10:51:00Z"
      },
      {
        "lat": 29.910891,
        "lon": 122.98923,
        "speed": 0,
        "course": 4,
        "heading": 49,
        "destination": "CNNGB",
        "last_position_epoch": 1764843780,
        "last_position_UTC": "2025-12-04T10:23:00Z"
      },
      {
        "lat": 29.910534,
        "lon": 122.98965,
        "speed": 0.1,
        "course": 260,
        "heading": 36,
        "destination": "CNNGB",
        "last_position_epoch": 1764842040,
        "last_position_UTC": "2025-12-04T09:54:00Z"
      },
      {
        "lat": 29.91041,
        "lon": 122.98987,
        "speed": 0.1,
        "course": 223,
        "heading": 27,
        "destination": "CNNGB",
        "last_position_epoch": 1764840300,
        "last_position_UTC": "2025-12-04T09:25:00Z"
      },
      {
        "lat": 29.910374,
        "lon": 122.99039,
        "speed": 0.1,
        "course": 33,
        "heading": 11,
        "destination": "CNNGB",
        "last_position_epoch": 1764838260,
        "last_position_UTC": "2025-12-04T08:51:00Z"
      },
      {
        "lat": 29.910326,
        "lon": 122.99025,
        "speed": 0.1,
        "course": 218,
        "heading": 10,
        "destination": "CNNGB",
        "last_position_epoch": 1764836520,
        "last_position_UTC": "2025-12-04T08:22:00Z"
      },
      {
        "lat": 29.910311,
        "lon": 122.99083,
        "speed": 0,
        "course": 309,
        "heading": 1,
        "destination": "CNNGB",
        "last_position_epoch": 1764834660,
        "last_position_UTC": "2025-12-04T07:51:00Z"
      },
      {
        "lat": 29.910446,
        "lon": 122.99088,
        "speed": 0.1,
        "course": 197,
        "heading": 346,
        "destination": "CNNGB",
        "last_position_epoch": 1764833040,
        "last_position_UTC": "2025-12-04T07:24:00Z"
      },
      {
        "lat": 29.910364,
        "lon": 122.99104,
        "speed": 0.2,
        "course": 185,
        "heading": 350,
        "destination": "CNNGB",
        "last_position_epoch": 1764831120,
        "last_position_UTC": "2025-12-04T06:52:00Z"
      },
      {
        "lat": 29.910593,
        "lon": 122.99136,
        "speed": 0.1,
        "course": 215,
        "heading": 340,
        "destination": "CNNGB",
        "last_position_epoch": 1764827640,
        "last_position_UTC": "2025-12-04T05:54:00Z"
      },
      {
        "lat": 29.910664,
        "lon": 122.99135,
        "speed": 0.1,
        "course": 350,
        "heading": 338,
        "destination": "CNNGB",
        "last_position_epoch": 1764825780,
        "last_position_UTC": "2025-12-04T05:23:00Z"
      },
      {
        "lat": 29.9107,
        "lon": 122.99155,
        "speed": 0,
        "course": 310,
        "heading": 337,
        "destination": "CNNGB",
        "last_position_epoch": 1764823680,
        "last_position_UTC": "2025-12-04T04:48:00Z"
      },
      {
        "lat": 29.910643,
        "lon": 122.9916,
        "speed": 0.1,
        "course": 236,
        "heading": 332,
        "destination": "CNNGB",
        "last_position_epoch": 1764822180,
        "last_position_UTC": "2025-12-04T04:23:00Z"
      },
      {
        "lat": 29.911203,
        "lon": 122.99188,
        "speed": 0.3,
        "course": 167,
        "heading": 291,
        "destination": "CNNGB",
        "last_position_epoch": 1764820320,
        "last_position_UTC": "2025-12-04T03:52:00Z"
      },
      {
        "lat": 29.912519,
        "lon": 122.99164,
        "speed": 0.3,
        "course": 133,
        "heading": 233,
        "destination": "CNNGB",
        "last_position_epoch": 1764818520,
        "last_position_UTC": "2025-12-04T03:22:00Z"
      },
      {
        "lat": 29.912853,
        "lon": 122.99056,
        "speed": 0.1,
        "course": 133,
        "heading": 174,
        "destination": "CNNGB",
        "last_position_epoch": 1764816900,
        "last_position_UTC": "2025-12-04T02:55:00Z"
      },
      {
        "lat": 29.912952,
        "lon": 122.99025,
        "speed": 0.1,
        "course": 130,
        "heading": 153,
        "destination": "CNNGB",
        "last_position_epoch": 1764815040,
        "last_position_UTC": "2025-12-04T02:24:00Z"
      },
      {
        "lat": 29.91296,
        "lon": 122.98987,
        "speed": 0.1,
        "course": 2,
        "heading": 134,
        "destination": "CNNGB",
        "last_position_epoch": 1764813300,
        "last_position_UTC": "2025-12-04T01:55:00Z"
      },
      {
        "lat": 29.913073,
        "lon": 122.98976,
        "speed": 0,
        "course": 8,
        "heading": 134,
        "destination": "CNNGB",
        "last_position_epoch": 1764811380,
        "last_position_UTC": "2025-12-04T01:23:00Z"
      },
      {
        "lat": 29.912897,
        "lon": 122.98971,
        "speed": 0,
        "course": 3,
        "heading": 132,
        "destination": "CNNGB",
        "last_position_epoch": 1764809460,
        "last_position_UTC": "2025-12-04T00:51:00Z"
      },
      {
        "lat": 29.912956,
        "lon": 122.9892,
        "speed": 0.1,
        "course": 338,
        "heading": 116,
        "destination": "CNNGB",
        "last_position_epoch": 1764807660,
        "last_position_UTC": "2025-12-04T00:21:00Z"
      },
      {
        "lat": 29.912439,
        "lon": 122.98837,
        "speed": 0.2,
        "course": 341,
        "heading": 90,
        "destination": "CNNGB",
        "last_position_epoch": 1764805920,
        "last_position_UTC": "2025-12-03T23:52:00Z"
      },
      {
        "lat": 29.911467,
        "lon": 122.98776,
        "speed": 0.2,
        "course": 264,
        "heading": 85,
        "destination": "CNNGB",
        "last_position_epoch": 1764804060,
        "last_position_UTC": "2025-12-03T23:21:00Z"
      },
      {
        "lat": 29.910254,
        "lon": 122.98476,
        "speed": 4.1,
        "course": 82,
        "heading": 85,
        "destination": "CNNGB",
        "last_position_epoch": 1764802560,
        "last_position_UTC": "2025-12-03T22:56:00Z"
      },
      {
        "lat": 29.868668,
        "lon": 122.94659,
        "speed": 5.5,
        "course": 29,
        "heading": 35,
        "destination": "CNNGB",
        "last_position_epoch": 1764800580,
        "last_position_UTC": "2025-12-03T22:23:00Z"
      },
      {
        "lat": 29.839687,
        "lon": 122.92767,
        "speed": 5.5,
        "course": 29,
        "heading": 35,
        "destination": "CNNGB",
        "last_position_epoch": 1764798971,
        "last_position_UTC": "2025-12-03T21:56:11Z"
      },
      {
        "lat": 29.79878,
        "lon": 122.9004,
        "speed": 4.8,
        "course": 31,
        "heading": 34,
        "destination": "CNNGB",
        "last_position_epoch": 1764796980,
        "last_position_UTC": "2025-12-03T21:23:00Z"
      },
      {
        "lat": 29.760567,
        "lon": 122.86612,
        "speed": 2.9,
        "course": 91,
        "heading": 64,
        "destination": "CNNGB",
        "last_position_epoch": 1764795120,
        "last_position_UTC": "2025-12-03T20:52:00Z"
      },
      {
        "lat": 29.793827,
        "lon": 122.86597,
        "speed": 7.9,
        "course": 199,
        "heading": 196,
        "destination": "CNNGB",
        "last_position_epoch": 1764793380,
        "last_position_UTC": "2025-12-03T20:23:00Z"
      },
      {
        "lat": 29.86183,
        "lon": 122.89169,
        "speed": 8.3,
        "course": 197,
        "heading": 199,
        "destination": "CNNGB",
        "last_position_epoch": 1764791640,
        "last_position_UTC": "2025-12-03T19:54:00Z"
      },
      {
        "lat": 29.926201,
        "lon": 122.91688,
        "speed": 6.4,
        "course": 201,
        "heading": 205,
        "destination": "CNNGB",
        "last_position_epoch": 1764789720,
        "last_position_UTC": "2025-12-03T19:22:00Z"
      },
      {
        "lat": 29.936211,
        "lon": 122.9466,
        "speed": 4.1,
        "course": 313,
        "heading": 329,
        "destination": "CNNGB",
        "last_position_epoch": 1764787980,
        "last_position_UTC": "2025-12-03T18:53:00Z"
      },
      {
        "lat": 29.907396,
        "lon": 122.94849,
        "speed": 3.7,
        "course": 25,
        "heading": 15,
        "destination": "CNNGB",
        "last_position_epoch": 1764786120,
        "last_position_UTC": "2025-12-03T18:22:00Z"
      },
      {
        "lat": 29.878433,
        "lon": 122.93628,
        "speed": 4,
        "course": 16,
        "heading": 9,
        "destination": "CNNGB",
        "last_position_epoch": 1764784380,
        "last_position_UTC": "2025-12-03T17:53:00Z"
      },
      {
        "lat": 29.842751,
        "lon": 122.92348,
        "speed": 4,
        "course": 23,
        "heading": 11,
        "destination": "CNNGB",
        "last_position_epoch": 1764782520,
        "last_position_UTC": "2025-12-03T17:22:00Z"
      },
      {
        "lat": 29.810976,
        "lon": 122.90773,
        "speed": 3.7,
        "course": 14,
        "heading": 6,
        "destination": "CNNGB",
        "last_position_epoch": 1764780840,
        "last_position_UTC": "2025-12-03T16:54:00Z"
      },
      {
        "lat": 29.776039,
        "lon": 122.89423,
        "speed": 3.4,
        "course": 20,
        "heading": 7,
        "destination": "CNNGB",
        "last_position_epoch": 1764778980,
        "last_position_UTC": "2025-12-03T16:23:00Z"
      },
      {
        "lat": 29.760969,
        "lon": 122.88092,
        "speed": 3,
        "course": 63,
        "heading": 29,
        "destination": "CNNGB",
        "last_position_epoch": 1764777180,
        "last_position_UTC": "2025-12-03T15:53:00Z"
      },
      {
        "lat": 29.797533,
        "lon": 122.87165,
        "speed": 7.5,
        "course": 196,
        "heading": 203,
        "destination": "CNNGB",
        "last_position_epoch": 1764775320,
        "last_position_UTC": "2025-12-03T15:22:00Z"
      },
      {
        "lat": 29.858049,
        "lon": 122.89333,
        "speed": 7,
        "course": 196,
        "heading": 203,
        "destination": "CNNGB",
        "last_position_epoch": 1764773520,
        "last_position_UTC": "2025-12-03T14:52:00Z"
      },
      {
        "lat": 29.91321,
        "lon": 122.91347,
        "speed": 6.5,
        "course": 199,
        "heading": 207,
        "destination": "CNNGB",
        "last_position_epoch": 1764771780,
        "last_position_UTC": "2025-12-03T14:23:00Z"
      },
      {
        "lat": 29.948246,
        "lon": 122.93893,
        "speed": 3.7,
        "course": 295,
        "heading": 294,
        "destination": "CNNGB",
        "last_position_epoch": 1764769920,
        "last_position_UTC": "2025-12-03T13:52:00Z"
      },
      {
        "lat": 29.896917,
        "lon": 122.93423,
        "speed": 4.8,
        "course": 0,
        "heading": 1,
        "destination": "CNNGB",
        "last_position_epoch": 1764768240,
        "last_position_UTC": "2025-12-03T13:24:00Z"
      },
      {
        "lat": 29.870943,
        "lon": 122.9324,
        "speed": 4.1,
        "course": 22,
        "heading": 14,
        "destination": "CNNGB",
        "last_position_epoch": 1764766380,
        "last_position_UTC": "2025-12-03T12:53:00Z"
      },
      {
        "lat": 29.839087,
        "lon": 122.91379,
        "speed": 4,
        "course": 27,
        "heading": 21,
        "destination": "CNNGB",
        "last_position_epoch": 1764764520,
        "last_position_UTC": "2025-12-03T12:22:00Z"
      },
      {
        "lat": 29.809427,
        "lon": 122.89615,
        "speed": 4,
        "course": 27,
        "heading": 23,
        "destination": "CNNGB",
        "last_position_epoch": 1764762780,
        "last_position_UTC": "2025-12-03T11:53:00Z"
      },
      {
        "lat": 29.788067,
        "lon": 122.88072,
        "speed": 4,
        "course": 35,
        "heading": 27,
        "destination": "CNNGB",
        "last_position_epoch": 1764760980,
        "last_position_UTC": "2025-12-03T11:23:00Z"
      },
      {
        "lat": 29.806387,
        "lon": 122.86694,
        "speed": 7.8,
        "course": 196,
        "heading": 194,
        "destination": "CNNGB",
        "last_position_epoch": 1764759180,
        "last_position_UTC": "2025-12-03T10:53:00Z"
      },
      {
        "lat": 29.849047,
        "lon": 122.88284,
        "speed": 7.8,
        "course": 197,
        "heading": 197,
        "destination": "CNNGB",
        "last_position_epoch": 1764757320,
        "last_position_UTC": "2025-12-03T10:22:00Z"
      },
      {
        "lat": 29.907934,
        "lon": 122.90549,
        "speed": 6.5,
        "course": 207,
        "heading": 202,
        "destination": "CNNGB",
        "last_position_epoch": 1764755580,
        "last_position_UTC": "2025-12-03T09:53:00Z"
      },
      {
        "lat": 29.917801,
        "lon": 122.9476,
        "speed": 4.6,
        "course": 286,
        "heading": 327,
        "destination": "CNNGB",
        "last_position_epoch": 1764753917,
        "last_position_UTC": "2025-12-03T09:25:17Z"
      },
      {
        "lat": 29.88674,
        "lon": 122.94509,
        "speed": 3.9,
        "course": 16,
        "heading": 11,
        "destination": "CNNGB",
        "last_position_epoch": 1764752040,
        "last_position_UTC": "2025-12-03T08:54:00Z"
      },
      {
        "lat": 29.854666,
        "lon": 122.93166,
        "speed": 3.5,
        "course": 22,
        "heading": 12,
        "destination": "CNNGB",
        "last_position_epoch": 1764750240,
        "last_position_UTC": "2025-12-03T08:24:00Z"
      },
      {
        "lat": 29.820999,
        "lon": 122.91766,
        "speed": 3.2,
        "course": 21,
        "heading": 12,
        "destination": "CNNGB",
        "last_position_epoch": 1764748380,
        "last_position_UTC": "2025-12-03T07:53:00Z"
      },
      {
        "lat": 29.793659,
        "lon": 122.90537,
        "speed": 3.2,
        "course": 24,
        "heading": 14,
        "destination": "CNNGB",
        "last_position_epoch": 1764746520,
        "last_position_UTC": "2025-12-03T07:22:00Z"
      },
      {
        "lat": 29.766973,
        "lon": 122.89125,
        "speed": 3.5,
        "course": 23,
        "heading": 10,
        "destination": "CNNGB",
        "last_position_epoch": 1764744660,
        "last_position_UTC": "2025-12-03T06:51:00Z"
      },
      {
        "lat": 29.762817,
        "lon": 122.8587,
        "speed": 9.1,
        "course": 193,
        "heading": 200,
        "destination": "CNNGB",
        "last_position_epoch": 1764741300,
        "last_position_UTC": "2025-12-03T05:55:00Z"
      },
      {
        "lat": 29.845146,
        "lon": 122.88589,
        "speed": 8.3,
        "course": 196,
        "heading": 208,
        "destination": "CNNGB",
        "last_position_epoch": 1764739320,
        "last_position_UTC": "2025-12-03T05:22:00Z"
      },
      {
        "lat": 29.916559,
        "lon": 122.90967,
        "speed": 8.1,
        "course": 195,
        "heading": 207,
        "destination": "CNNGB",
        "last_position_epoch": 1764737460,
        "last_position_UTC": "2025-12-03T04:51:00Z"
      },
      {
        "lat": 29.962227,
        "lon": 122.93777,
        "speed": 3.7,
        "course": 256,
        "heading": 288,
        "destination": "CNNGB",
        "last_position_epoch": 1764735780,
        "last_position_UTC": "2025-12-03T04:23:00Z"
      },
      {
        "lat": 29.961693,
        "lon": 122.96011,
        "speed": 3,
        "course": 275,
        "heading": 306,
        "destination": "CNNGB",
        "last_position_epoch": 1764733980,
        "last_position_UTC": "2025-12-03T03:53:00Z"
      },
      {
        "lat": 29.959949,
        "lon": 122.99169,
        "speed": 3.5,
        "course": 270,
        "heading": 305,
        "destination": "CNNGB",
        "last_position_epoch": 1764732180,
        "last_position_UTC": "2025-12-03T03:23:00Z"
      },
      {
        "lat": 29.95772,
        "lon": 123.01821,
        "speed": 3.2,
        "course": 281,
        "heading": 297,
        "destination": "CNNGB",
        "last_position_epoch": 1764730638,
        "last_position_UTC": "2025-12-03T02:57:18Z"
      },
      {
        "lat": 29.959894,
        "lon": 123.06412,
        "speed": 3.9,
        "course": 258,
        "heading": 281,
        "destination": "CNNGB",
        "last_position_epoch": 1764728700,
        "last_position_UTC": "2025-12-03T02:25:00Z"
      },
      {
        "lat": 29.961773,
        "lon": 123.05125,
        "speed": 1.5,
        "course": 126,
        "heading": 25,
        "destination": "CNNGB",
        "last_position_epoch": 1764726720,
        "last_position_UTC": "2025-12-03T01:52:00Z"
      },
      {
        "lat": 29.960501,
        "lon": 123.05793,
        "speed": 0.8,
        "course": 21,
        "heading": 346,
        "destination": "CNNGB",
        "last_position_epoch": 1764725040,
        "last_position_UTC": "2025-12-03T01:24:00Z"
      },
      {
        "lat": 29.957743,
        "lon": 123.03754,
        "speed": 4.6,
        "course": 59,
        "heading": 45,
        "destination": "CNNGB",
        "last_position_epoch": 1764723120,
        "last_position_UTC": "2025-12-03T00:52:00Z"
      },
      {
        "lat": 29.946301,
        "lon": 123.00806,
        "speed": 5.4,
        "course": 75,
        "heading": 65,
        "destination": "CNNGB",
        "last_position_epoch": 1764721380,
        "last_position_UTC": "2025-12-03T00:23:00Z"
      },
      {
        "lat": 29.932447,
        "lon": 122.95255,
        "speed": 5.6,
        "course": 76,
        "heading": 66,
        "destination": "CNNGB",
        "last_position_epoch": 1764719520,
        "last_position_UTC": "2025-12-02T23:52:00Z"
      },
      {
        "lat": 29.921667,
        "lon": 122.90009,
        "speed": 4.8,
        "course": 81,
        "heading": 68,
        "destination": "CNNGB",
        "last_position_epoch": 1764717720,
        "last_position_UTC": "2025-12-02T23:22:00Z"
      },
      {
        "lat": 29.967333,
        "lon": 122.89655,
        "speed": 8.8,
        "course": 196,
        "heading": 194,
        "destination": "CNNGB",
        "last_position_epoch": 1764716040,
        "last_position_UTC": "2025-12-02T22:54:00Z"
      },
      {
        "lat": 30.042601,
        "lon": 122.92249,
        "speed": 8.8,
        "course": 196,
        "heading": 194,
        "destination": "CNNGB",
        "last_position_epoch": 1764714180,
        "last_position_UTC": "2025-12-02T22:23:00Z"
      },
      {
        "lat": 30.120367,
        "lon": 122.9539,
        "speed": 8.8,
        "course": 195,
        "heading": 196,
        "destination": "CNNGB",
        "last_position_epoch": 1764712320,
        "last_position_UTC": "2025-12-02T21:52:00Z"
      },
      {
        "lat": 30.19829,
        "lon": 122.97749,
        "speed": 9.1,
        "course": 191,
        "heading": 191,
        "destination": "CNNGB",
        "last_position_epoch": 1764710520,
        "last_position_UTC": "2025-12-02T21:22:00Z"
      },
      {
        "lat": 30.249153,
        "lon": 122.99112,
        "speed": 9.1,
        "course": 196,
        "heading": 196,
        "destination": "CNNGB",
        "last_position_epoch": 1764708900,
        "last_position_UTC": "2025-12-02T20:55:00Z"
      },
      {
        "lat": 30.309526,
        "lon": 122.97516,
        "speed": 8.3,
        "course": 122,
        "heading": 111,
        "destination": "CNNGB",
        "last_position_epoch": 1764707040,
        "last_position_UTC": "2025-12-02T20:24:00Z"
      },
      {
        "lat": 30.345606,
        "lon": 122.90831,
        "speed": 8.3,
        "course": 122,
        "heading": 111,
        "destination": "CNNGB",
        "last_position_epoch": 1764705120,
        "last_position_UTC": "2025-12-02T19:52:00Z"
      },
      {
        "lat": 30.402781,
        "lon": 122.83191,
        "speed": 9.6,
        "course": 133,
        "heading": 127,
        "destination": "CNNGB",
        "last_position_epoch": 1764703380,
        "last_position_UTC": "2025-12-02T19:23:00Z"
      },
      {
        "lat": 30.4445,
        "lon": 122.77045,
        "speed": 9.3,
        "course": 129,
        "heading": 123,
        "destination": "CNNGB",
        "last_position_epoch": 1764701460,
        "last_position_UTC": "2025-12-02T18:51:00Z"
      },
      {
        "lat": 30.47109,
        "lon": 122.69421,
        "speed": 8.1,
        "course": 100,
        "heading": 85,
        "destination": "CNNGB",
        "last_position_epoch": 1764699720,
        "last_position_UTC": "2025-12-02T18:22:00Z"
      },
      {
        "lat": 30.48502,
        "lon": 122.59924,
        "speed": 9.1,
        "course": 105,
        "heading": 93,
        "destination": "CNNGB",
        "last_position_epoch": 1764697800,
        "last_position_UTC": "2025-12-02T17:50:00Z"
      },
      {
        "lat": 30.502081,
        "lon": 122.51917,
        "speed": 10,
        "course": 102,
        "heading": 94,
        "destination": "CNNGB",
        "last_position_epoch": 1764696120,
        "last_position_UTC": "2025-12-02T17:22:00Z"
      },
      {
        "lat": 30.522974,
        "lon": 122.41402,
        "speed": 10.3,
        "course": 103,
        "heading": 98,
        "destination": "CNNGB",
        "last_position_epoch": 1764694320,
        "last_position_UTC": "2025-12-02T16:52:00Z"
      },
      {
        "lat": 30.539921,
        "lon": 122.32642,
        "speed": 10.1,
        "course": 102,
        "heading": 101,
        "destination": "CNNGB",
        "last_position_epoch": 1764692400,
        "last_position_UTC": "2025-12-02T16:20:00Z"
      },
      {
        "lat": 30.553547,
        "lon": 122.2289,
        "speed": 12.5,
        "course": 94,
        "heading": 92,
        "destination": "CNNGB",
        "last_position_epoch": 1764690780,
        "last_position_UTC": "2025-12-02T15:53:00Z"
      },
      {
        "lat": 30.654499,
        "lon": 122.01459,
        "speed": 0.2,
        "course": 141,
        "heading": 286,
        "destination": "CNNGB",
        "last_position_epoch": 1764681660,
        "last_position_UTC": "2025-12-02T13:21:00Z"
      },
      {
        "lat": 30.65447,
        "lon": 122.01453,
        "speed": 0.2,
        "course": 170,
        "heading": 287,
        "destination": "CNNGB",
        "last_position_epoch": 1764679800,
        "last_position_UTC": "2025-12-02T12:50:00Z"
      },
      {
        "lat": 30.654566,
        "lon": 122.01464,
        "speed": 0.1,
        "course": 0,
        "heading": 287,
        "destination": "CNNGB",
        "last_position_epoch": 1764678901,
        "last_position_UTC": "2025-12-02T12:35:01Z"
      },
      {
        "lat": 30.65428,
        "lon": 122.01463,
        "speed": 0,
        "course": 193,
        "heading": 287,
        "destination": "CNNGB",
        "last_position_epoch": 1764676140,
        "last_position_UTC": "2025-12-02T11:49:00Z"
      },
      {
        "lat": 30.654556,
        "lon": 122.01455,
        "speed": 0,
        "course": 299,
        "heading": 287,
        "destination": "CNNGB",
        "last_position_epoch": 1764674280,
        "last_position_UTC": "2025-12-02T11:18:00Z"
      },
      {
        "lat": 30.654194,
        "lon": 122.01492,
        "speed": 0,
        "course": 286,
        "heading": 285,
        "destination": "CNNGB",
        "last_position_epoch": 1764672540,
        "last_position_UTC": "2025-12-02T10:49:00Z"
      },
      {
        "lat": 30.654793,
        "lon": 122.01456,
        "speed": 0,
        "course": 205,
        "heading": 285,
        "destination": "CNNGB",
        "last_position_epoch": 1764670620,
        "last_position_UTC": "2025-12-02T10:17:00Z"
      },
      {
        "lat": 30.654467,
        "lon": 122.01463,
        "speed": 0,
        "course": 134,
        "heading": 286,
        "destination": "CNNGB",
        "last_position_epoch": 1764669120,
        "last_position_UTC": "2025-12-02T09:52:00Z"
      },
      {
        "lat": 30.654551,
        "lon": 122.01466,
        "speed": 0,
        "course": 120,
        "heading": 283,
        "destination": "CNNGB",
        "last_position_epoch": 1764667380,
        "last_position_UTC": "2025-12-02T09:23:00Z"
      },
      {
        "lat": 30.654507,
        "lon": 122.0148,
        "speed": 0,
        "course": 54,
        "heading": 283,
        "destination": "CNNGB",
        "last_position_epoch": 1764665460,
        "last_position_UTC": "2025-12-02T08:51:00Z"
      },
      {
        "lat": 30.654266,
        "lon": 122.01469,
        "speed": 0.1,
        "course": 80,
        "heading": 297,
        "destination": "CNNGB",
        "last_position_epoch": 1764663780,
        "last_position_UTC": "2025-12-02T08:23:00Z"
      },
      {
        "lat": 30.654499,
        "lon": 122.01501,
        "speed": 0.1,
        "course": 293,
        "heading": 237,
        "destination": "CNNGB",
        "last_position_epoch": 1764661680,
        "last_position_UTC": "2025-12-02T07:48:00Z"
      },
      {
        "lat": 30.654364,
        "lon": 122.01508,
        "speed": 0.1,
        "course": 211,
        "heading": 283,
        "destination": "CNNGB",
        "last_position_epoch": 1764660000,
        "last_position_UTC": "2025-12-02T07:20:00Z"
      },
      {
        "lat": 30.654448,
        "lon": 122.01445,
        "speed": 0.1,
        "course": 189,
        "heading": 287,
        "destination": "CNNGB",
        "last_position_epoch": 1764658140,
        "last_position_UTC": "2025-12-02T06:49:00Z"
      },
      {
        "lat": 30.654547,
        "lon": 122.01456,
        "speed": 0,
        "course": 0,
        "heading": 287,
        "destination": "CNYSA",
        "last_position_epoch": 1764656020,
        "last_position_UTC": "2025-12-02T06:13:40Z"
      },
      {
        "lat": 30.654539,
        "lon": 122.01456,
        "speed": 0.1,
        "course": 318,
        "heading": 286,
        "destination": "CNYSA",
        "last_position_epoch": 1764652800,
        "last_position_UTC": "2025-12-02T05:20:00Z"
      },
      {
        "lat": 30.654421,
        "lon": 122.01461,
        "speed": 0.1,
        "course": 172,
        "heading": 286,
        "destination": "CNYSA",
        "last_position_epoch": 1764650820,
        "last_position_UTC": "2025-12-02T04:47:00Z"
      },
      {
        "lat": 30.654324,
        "lon": 122.01459,
        "speed": 0,
        "course": 219,
        "heading": 286,
        "destination": "CNYSA",
        "last_position_epoch": 1764649260,
        "last_position_UTC": "2025-12-02T04:21:00Z"
      },
      {
        "lat": 30.65448,
        "lon": 122.01461,
        "speed": 0.1,
        "course": 141,
        "heading": 286,
        "destination": "CNYSA",
        "last_position_epoch": 1764647580,
        "last_position_UTC": "2025-12-02T03:53:00Z"
      },
      {
        "lat": 30.654507,
        "lon": 122.01455,
        "speed": 0,
        "course": 205,
        "heading": 286,
        "destination": "CNYSA",
        "last_position_epoch": 1764645420,
        "last_position_UTC": "2025-12-02T03:17:00Z"
      },
      {
        "lat": 30.653673,
        "lon": 122.01427,
        "speed": 0.6,
        "course": 359,
        "heading": 291,
        "destination": "CNYSA",
        "last_position_epoch": 1764644100,
        "last_position_UTC": "2025-12-02T02:55:00Z"
      },
      {
        "lat": 30.640043,
        "lon": 122.03075,
        "speed": 5.9,
        "course": 331,
        "heading": 329,
        "destination": "CNYSA",
        "last_position_epoch": 1764642240,
        "last_position_UTC": "2025-12-02T02:24:00Z"
      },
      {
        "lat": 30.615253,
        "lon": 122.05687,
        "speed": 4.1,
        "course": 309,
        "heading": 313,
        "destination": "CNYSA",
        "last_position_epoch": 1764640620,
        "last_position_UTC": "2025-12-02T01:57:00Z"
      },
      {
        "lat": 30.588877,
        "lon": 122.11548,
        "speed": 10.1,
        "course": 298,
        "heading": 300,
        "destination": "CNYSA",
        "last_position_epoch": 1764638640,
        "last_position_UTC": "2025-12-02T01:24:00Z"
      },
      {
        "lat": 30.565006,
        "lon": 122.23347,
        "speed": 8.3,
        "course": 274,
        "heading": 275,
        "destination": "CNYSA",
        "last_position_epoch": 1764636840,
        "last_position_UTC": "2025-12-02T00:54:00Z"
      },
      {
        "lat": 30.553406,
        "lon": 122.3269,
        "speed": 6.1,
        "course": 280,
        "heading": 283,
        "destination": "CNYSA",
        "last_position_epoch": 1764634860,
        "last_position_UTC": "2025-12-02T00:21:00Z"
      },
      {
        "lat": 30.550289,
        "lon": 122.34524,
        "speed": 5.9,
        "course": 281,
        "heading": 282,
        "destination": "CNYSA",
        "last_position_epoch": 1764633240,
        "last_position_UTC": "2025-12-01T23:54:00Z"
      },
      {
        "lat": 30.541103,
        "lon": 122.41851,
        "speed": 7.9,
        "course": 269,
        "heading": 259,
        "destination": "CNYSA",
        "last_position_epoch": 1764631380,
        "last_position_UTC": "2025-12-01T23:23:00Z"
      },
      {
        "lat": 30.530083,
        "lon": 122.49436,
        "speed": 10.5,
        "course": 280,
        "heading": 282,
        "destination": "CNYSA",
        "last_position_epoch": 1764629640,
        "last_position_UTC": "2025-12-01T22:54:00Z"
      },
      {
        "lat": 30.506166,
        "lon": 122.62293,
        "speed": 11.1,
        "course": 292,
        "heading": 296,
        "destination": "CNYSA",
        "last_position_epoch": 1764627840,
        "last_position_UTC": "2025-12-01T22:24:00Z"
      },
      {
        "lat": 30.466797,
        "lon": 122.73481,
        "speed": 11.1,
        "course": 284,
        "heading": 285,
        "destination": "CNYSA",
        "last_position_epoch": 1764625980,
        "last_position_UTC": "2025-12-01T21:53:00Z"
      },
      {
        "lat": 30.443239,
        "lon": 122.80634,
        "speed": 10.3,
        "course": 291,
        "heading": 295,
        "destination": "CNYSA",
        "last_position_epoch": 1764624360,
        "last_position_UTC": "2025-12-01T21:26:00Z"
      },
      {
        "lat": 30.384907,
        "lon": 122.88149,
        "speed": 10.3,
        "course": 306,
        "heading": 311,
        "destination": "CNYSA",
        "last_position_epoch": 1764622320,
        "last_position_UTC": "2025-12-01T20:52:00Z"
      },
      {
        "lat": 30.343781,
        "lon": 122.96674,
        "speed": 10.3,
        "course": 277,
        "heading": 282,
        "destination": "CNYSA",
        "last_position_epoch": 1764620580,
        "last_position_UTC": "2025-12-01T20:23:00Z"
      },
      {
        "lat": 30.338547,
        "lon": 123.04172,
        "speed": 10.8,
        "course": 270,
        "heading": 275,
        "destination": "CNYSA",
        "last_position_epoch": 1764619020,
        "last_position_UTC": "2025-12-01T19:57:00Z"
      },
      {
        "lat": 30.323177,
        "lon": 123.1843,
        "speed": 10.5,
        "course": 287,
        "heading": 294,
        "destination": "CNYSA",
        "last_position_epoch": 1764616980,
        "last_position_UTC": "2025-12-01T19:23:00Z"
      },
      {
        "lat": 30.30106,
        "lon": 123.24911,
        "speed": 8.1,
        "course": 290,
        "heading": 300,
        "destination": "CNYSA",
        "last_position_epoch": 1764615180,
        "last_position_UTC": "2025-12-01T18:53:00Z"
      },
      {
        "lat": 30.276779,
        "lon": 123.32024,
        "speed": 6.8,
        "course": 290,
        "heading": 303,
        "destination": "CNYSA",
        "last_position_epoch": 1764613320,
        "last_position_UTC": "2025-12-01T18:22:00Z"
      },
      {
        "lat": 30.250071,
        "lon": 123.37832,
        "speed": 5.8,
        "course": 320,
        "heading": 330,
        "destination": "CNYSA",
        "last_position_epoch": 1764611580,
        "last_position_UTC": "2025-12-01T17:53:00Z"
      },
      {
        "lat": 30.236,
        "lon": 123.36764,
        "speed": 1.8,
        "course": 193,
        "heading": 119,
        "destination": "CNYSA",
        "last_position_epoch": 1764609780,
        "last_position_UTC": "2025-12-01T17:23:00Z"
      },
      {
        "lat": 30.247547,
        "lon": 123.3707,
        "speed": 1.8,
        "course": 191,
        "heading": 118,
        "destination": "CNYSA",
        "last_position_epoch": 1764608040,
        "last_position_UTC": "2025-12-01T16:54:00Z"
      },
      {
        "lat": 30.264534,
        "lon": 123.37432,
        "speed": 1.8,
        "course": 188,
        "heading": 121,
        "destination": "CNYSA",
        "last_position_epoch": 1764606180,
        "last_position_UTC": "2025-12-01T16:23:00Z"
      },
      {
        "lat": 30.28014,
        "lon": 123.37598,
        "speed": 1.6,
        "course": 182,
        "heading": 124,
        "destination": "CNYSA",
        "last_position_epoch": 1764604380,
        "last_position_UTC": "2025-12-01T15:53:00Z"
      },
      {
        "lat": 30.297466,
        "lon": 123.37673,
        "speed": 1.3,
        "course": 176,
        "heading": 125,
        "destination": "CNYSA",
        "last_position_epoch": 1764602640,
        "last_position_UTC": "2025-12-01T15:24:00Z"
      },
      {
        "lat": 30.304768,
        "lon": 123.37688,
        "speed": 1.2,
        "course": 181,
        "heading": 135,
        "destination": "CNYSA",
        "last_position_epoch": 1764600780,
        "last_position_UTC": "2025-12-01T14:53:00Z"
      },
      {
        "lat": 30.314568,
        "lon": 123.37846,
        "speed": 1.1,
        "course": 189,
        "heading": 133,
        "destination": "CNYSA",
        "last_position_epoch": 1764598920,
        "last_position_UTC": "2025-12-01T14:22:00Z"
      },
      {
        "lat": 30.321766,
        "lon": 123.38088,
        "speed": 1,
        "course": 197,
        "heading": 136,
        "destination": "CNYSA",
        "last_position_epoch": 1764597120,
        "last_position_UTC": "2025-12-01T13:52:00Z"
      },
      {
        "lat": 30.327499,
        "lon": 123.38393,
        "speed": 0.8,
        "course": 204,
        "heading": 136,
        "destination": "CNYSA",
        "last_position_epoch": 1764595380,
        "last_position_UTC": "2025-12-01T13:23:00Z"
      },
      {
        "lat": 30.333834,
        "lon": 123.38979,
        "speed": 0.8,
        "course": 220,
        "heading": 138,
        "destination": "CNYSA",
        "last_position_epoch": 1764593340,
        "last_position_UTC": "2025-12-01T12:49:00Z"
      },
      {
        "lat": 30.341566,
        "lon": 123.4072,
        "speed": 1.1,
        "course": 237,
        "heading": 132,
        "destination": "CNYSA",
        "last_position_epoch": 1764589980,
        "last_position_UTC": "2025-12-01T11:53:00Z"
      },
      {
        "lat": 30.3449,
        "lon": 123.41227,
        "speed": 0.8,
        "course": 220,
        "heading": 101,
        "destination": "CNYSA",
        "last_position_epoch": 1764588240,
        "last_position_UTC": "2025-12-01T11:24:00Z"
      },
      {
        "lat": 30.346622,
        "lon": 123.40936,
        "speed": 2,
        "course": 78,
        "heading": 76,
        "destination": "CNYSA",
        "last_position_epoch": 1764586500,
        "last_position_UTC": "2025-12-01T10:55:00Z"
      },
      {
        "lat": 30.345779,
        "lon": 123.38754,
        "speed": 1.2,
        "course": 247,
        "heading": 129,
        "destination": "CNYSA",
        "last_position_epoch": 1764584760,
        "last_position_UTC": "2025-12-01T10:26:00Z"
      },
      {
        "lat": 30.350136,
        "lon": 123.39421,
        "speed": 0.5,
        "course": 141,
        "heading": 97,
        "destination": "CNYSA",
        "last_position_epoch": 1764582780,
        "last_position_UTC": "2025-12-01T09:53:00Z"
      },
      {
        "lat": 30.373253,
        "lon": 123.3154,
        "speed": 1.5,
        "course": 252,
        "heading": 131,
        "destination": "CNYSA",
        "last_position_epoch": 1764579180,
        "last_position_UTC": "2025-12-01T08:53:00Z"
      },
      {
        "lat": 30.383627,
        "lon": 123.33514,
        "speed": 0.3,
        "course": 241,
        "heading": 74,
        "destination": "CNYSA",
        "last_position_epoch": 1764575340,
        "last_position_UTC": "2025-12-01T07:49:00Z"
      },
      {
        "lat": 30.376459,
        "lon": 123.33051,
        "speed": 2.7,
        "course": 32,
        "heading": 39,
        "destination": "CNYSA",
        "last_position_epoch": 1764573780,
        "last_position_UTC": "2025-12-01T07:23:00Z"
      },
      {
        "lat": 30.331961,
        "lon": 123.2842,
        "speed": 7.5,
        "course": 45,
        "heading": 45,
        "destination": "CNYSA",
        "last_position_epoch": 1764571860,
        "last_position_UTC": "2025-12-01T06:51:00Z"
      },
      {
        "lat": 30.317513,
        "lon": 123.28558,
        "speed": 1.2,
        "course": 234,
        "heading": 351,
        "destination": "CNYSA",
        "last_position_epoch": 1764568380,
        "last_position_UTC": "2025-12-01T05:53:00Z"
      },
      {
        "lat": 30.320829,
        "lon": 123.28949,
        "speed": 0.6,
        "course": 31,
        "heading": 34,
        "destination": "CNYSA",
        "last_position_epoch": 1764566520,
        "last_position_UTC": "2025-12-01T05:22:00Z"
      },
      {
        "lat": 30.330008,
        "lon": 123.31657,
        "speed": 7.5,
        "course": 215,
        "heading": 219,
        "destination": "CNYSA",
        "last_position_epoch": 1764564720,
        "last_position_UTC": "2025-12-01T04:52:00Z"
      },
      {
        "lat": 30.380251,
        "lon": 123.36016,
        "speed": 7.5,
        "course": 224,
        "heading": 230,
        "destination": "CNYSA",
        "last_position_epoch": 1764562980,
        "last_position_UTC": "2025-12-01T04:23:00Z"
      },
      {
        "lat": 30.424673,
        "lon": 123.41602,
        "speed": 7,
        "course": 232,
        "heading": 238,
        "destination": "CNYSA",
        "last_position_epoch": 1764561120,
        "last_position_UTC": "2025-12-01T03:52:00Z"
      },
      {
        "lat": 30.45644,
        "lon": 123.46292,
        "speed": 7,
        "course": 231,
        "heading": 238,
        "destination": "CNYSA",
        "last_position_epoch": 1764559260,
        "last_position_UTC": "2025-12-01T03:21:00Z"
      },
      {
        "lat": 30.494846,
        "lon": 123.51935,
        "speed": 6.8,
        "course": 231,
        "heading": 238,
        "destination": "CNYSA",
        "last_position_epoch": 1764557580,
        "last_position_UTC": "2025-12-01T02:53:00Z"
      },
      {
        "lat": 30.56156,
        "lon": 123.63319,
        "speed": 7.9,
        "course": 234,
        "heading": 238,
        "destination": "CNYSA",
        "last_position_epoch": 1764553740,
        "last_position_UTC": "2025-12-01T01:49:00Z"
      },
      {
        "lat": 30.611959,
        "lon": 123.71252,
        "speed": 7.6,
        "course": 233,
        "heading": 236,
        "destination": "CNYSA",
        "last_position_epoch": 1764552120,
        "last_position_UTC": "2025-12-01T01:22:00Z"
      },
      {
        "lat": 30.64012,
        "lon": 123.75353,
        "speed": 7.5,
        "course": 230,
        "heading": 233,
        "destination": "CNYSA",
        "last_position_epoch": 1764550320,
        "last_position_UTC": "2025-12-01T00:52:00Z"
      },
      {
        "lat": 30.671881,
        "lon": 123.79936,
        "speed": 7.5,
        "course": 231,
        "heading": 233,
        "destination": "CNYSA",
        "last_position_epoch": 1764548460,
        "last_position_UTC": "2025-12-01T00:21:00Z"
      },
      {
        "lat": 30.717266,
        "lon": 123.85738,
        "speed": 7.6,
        "course": 187,
        "heading": 193,
        "destination": "CNYSA",
        "last_position_epoch": 1764546600,
        "last_position_UTC": "2025-11-30T23:50:00Z"
      },
      {
        "lat": 30.777424,
        "lon": 123.88615,
        "speed": 7.6,
        "course": 213,
        "heading": 213,
        "destination": "CNYSA",
        "last_position_epoch": 1764544920,
        "last_position_UTC": "2025-11-30T23:22:00Z"
      },
      {
        "lat": 30.827467,
        "lon": 123.92485,
        "speed": 7.6,
        "course": 216,
        "heading": 213,
        "destination": "CNYSA",
        "last_position_epoch": 1764543060,
        "last_position_UTC": "2025-11-30T22:51:00Z"
      },
      {
        "lat": 30.889286,
        "lon": 123.99592,
        "speed": 7.5,
        "course": 228,
        "heading": 225,
        "destination": "CNYSA",
        "last_position_epoch": 1764541320,
        "last_position_UTC": "2025-11-30T22:22:00Z"
      },
      {
        "lat": 30.920607,
        "lon": 124.03797,
        "speed": 7.5,
        "course": 230,
        "heading": 225,
        "destination": "CNYSA",
        "last_position_epoch": 1764539460,
        "last_position_UTC": "2025-11-30T21:51:00Z"
      },
      {
        "lat": 30.96431,
        "lon": 124.09791,
        "speed": 7.5,
        "course": 232,
        "heading": 225,
        "destination": "CNYSA",
        "last_position_epoch": 1764537660,
        "last_position_UTC": "2025-11-30T21:21:00Z"
      },
      {
        "lat": 31.008446,
        "lon": 124.15842,
        "speed": 8,
        "course": 229,
        "heading": 225,
        "destination": "CNYSA",
        "last_position_epoch": 1764535860,
        "last_position_UTC": "2025-11-30T20:51:00Z"
      },
      {
        "lat": 31.053553,
        "lon": 124.21886,
        "speed": 8.1,
        "course": 228,
        "heading": 225,
        "destination": "CNYSA",
        "last_position_epoch": 1764534060,
        "last_position_UTC": "2025-11-30T20:21:00Z"
      },
      {
        "lat": 31.099607,
        "lon": 124.2795,
        "speed": 8.1,
        "course": 228,
        "heading": 225,
        "destination": "CNYSA",
        "last_position_epoch": 1764532260,
        "last_position_UTC": "2025-11-30T19:51:00Z"
      },
      {
        "lat": 31.145348,
        "lon": 124.34172,
        "speed": 8.1,
        "course": 233,
        "heading": 234,
        "destination": "CNYSA",
        "last_position_epoch": 1764530400,
        "last_position_UTC": "2025-11-30T19:20:00Z"
      },
      {
        "lat": 31.171921,
        "lon": 124.38543,
        "speed": 7,
        "course": 247,
        "heading": 239,
        "destination": "CNYSA",
        "last_position_epoch": 1764528660,
        "last_position_UTC": "2025-11-30T18:51:00Z"
      },
      {
        "lat": 31.210699,
        "lon": 124.45812,
        "speed": 8.5,
        "course": 230,
        "heading": 232,
        "destination": "CNYSA",
        "last_position_epoch": 1764526860,
        "last_position_UTC": "2025-11-30T18:21:00Z"
      },
      {
        "lat": 31.260414,
        "lon": 124.53059,
        "speed": 8.3,
        "course": 231,
        "heading": 234,
        "destination": "CNYSA",
        "last_position_epoch": 1764525000,
        "last_position_UTC": "2025-11-30T17:50:00Z"
      },
      {
        "lat": 31.291813,
        "lon": 124.5806,
        "speed": 8.1,
        "course": 237,
        "heading": 242,
        "destination": "CNYSA",
        "last_position_epoch": 1764523320,
        "last_position_UTC": "2025-11-30T17:22:00Z"
      },
      {
        "lat": 31.3291,
        "lon": 124.64622,
        "speed": 8.1,
        "course": 229,
        "heading": 235,
        "destination": "CNYSA",
        "last_position_epoch": 1764521580,
        "last_position_UTC": "2025-11-30T16:53:00Z"
      },
      {
        "lat": 31.384741,
        "lon": 124.71788,
        "speed": 7.8,
        "course": 227,
        "heading": 235,
        "destination": "CNYSA",
        "last_position_epoch": 1764519660,
        "last_position_UTC": "2025-11-30T16:21:00Z"
      },
      {
        "lat": 31.418381,
        "lon": 124.76102,
        "speed": 7.1,
        "course": 227,
        "heading": 234,
        "destination": "CNYSA",
        "last_position_epoch": 1764517860,
        "last_position_UTC": "2025-11-30T15:51:00Z"
      },
      {
        "lat": 31.46352,
        "lon": 124.82105,
        "speed": 7,
        "course": 229,
        "heading": 235,
        "destination": "CNYSA",
        "last_position_epoch": 1764516060,
        "last_position_UTC": "2025-11-30T15:21:00Z"
      },
      {
        "lat": 31.503834,
        "lon": 124.87684,
        "speed": 6.9,
        "course": 229,
        "heading": 235,
        "destination": "CNYSA",
        "last_position_epoch": 1764514200,
        "last_position_UTC": "2025-11-30T14:50:00Z"
      },
      {
        "lat": 31.530094,
        "lon": 124.91322,
        "speed": 6.8,
        "course": 230,
        "heading": 235,
        "destination": "CNYSA",
        "last_position_epoch": 1764512460,
        "last_position_UTC": "2025-11-30T14:21:00Z"
      },
      {
        "lat": 31.568733,
        "lon": 124.96902,
        "speed": 6.6,
        "course": 230,
        "heading": 235,
        "destination": "CNYSA",
        "last_position_epoch": 1764510600,
        "last_position_UTC": "2025-11-30T13:50:00Z"
      },
      {
        "lat": 31.604322,
        "lon": 125.01991,
        "speed": 6.5,
        "course": 229,
        "heading": 233,
        "destination": "CNYSA",
        "last_position_epoch": 1764508860,
        "last_position_UTC": "2025-11-30T13:21:00Z"
      },
      {
        "lat": 31.640526,
        "lon": 125.07029,
        "speed": 6.5,
        "course": 229,
        "heading": 230,
        "destination": "CNYSA",
        "last_position_epoch": 1764507060,
        "last_position_UTC": "2025-11-30T12:51:00Z"
      },
      {
        "lat": 31.679688,
        "lon": 125.12283,
        "speed": 6.6,
        "course": 229,
        "heading": 230,
        "destination": "CNYSA",
        "last_position_epoch": 1764505260,
        "last_position_UTC": "2025-11-30T12:21:00Z"
      },
      {
        "lat": 31.709499,
        "lon": 125.1636,
        "speed": 6.5,
        "course": 229,
        "heading": 228,
        "destination": "CNYSA",
        "last_position_epoch": 1764503460,
        "last_position_UTC": "2025-11-30T11:51:00Z"
      },
      {
        "lat": 31.744583,
        "lon": 125.21205,
        "speed": 6.9,
        "course": 228,
        "heading": 225,
        "destination": "CNYSA",
        "last_position_epoch": 1764501660,
        "last_position_UTC": "2025-11-30T11:21:00Z"
      },
      {
        "lat": 31.797394,
        "lon": 125.28241,
        "speed": 6.9,
        "course": 227,
        "heading": 225,
        "destination": "CNYSA",
        "last_position_epoch": 1764499920,
        "last_position_UTC": "2025-11-30T10:52:00Z"
      },
      {
        "lat": 31.822599,
        "lon": 125.31745,
        "speed": 6.9,
        "course": 230,
        "heading": 225,
        "destination": "CNYSA",
        "last_position_epoch": 1764498060,
        "last_position_UTC": "2025-11-30T10:21:00Z"
      },
      {
        "lat": 31.861406,
        "lon": 125.371,
        "speed": 7,
        "course": 228,
        "heading": 225,
        "destination": "CNYSA",
        "last_position_epoch": 1764496320,
        "last_position_UTC": "2025-11-30T09:52:00Z"
      },
      {
        "lat": 31.906733,
        "lon": 125.43269,
        "speed": 7.1,
        "course": 230,
        "heading": 225,
        "destination": "CNYSA",
        "last_position_epoch": 1764494220,
        "last_position_UTC": "2025-11-30T09:17:00Z"
      },
      {
        "lat": 32.093052,
        "lon": 125.68227,
        "speed": 6.6,
        "course": 220,
        "heading": 218,
        "destination": "CNYSA",
        "last_position_epoch": 1764485400,
        "last_position_UTC": "2025-11-30T06:50:00Z"
      },
      {
        "lat": 32.226433,
        "lon": 125.86411,
        "speed": 5.5,
        "course": 252,
        "heading": null,
        "destination": "CNYSA",
        "last_position_epoch": 1764478080,
        "last_position_UTC": "2025-11-30T04:48:00Z"
      },
      {
        "lat": 32.287445,
        "lon": 125.95322,
        "speed": 6.1,
        "course": 233,
        "heading": 235,
        "destination": "CNYSA",
        "last_position_epoch": 1764474540,
        "last_position_UTC": "2025-11-30T03:49:00Z"
      },
      {
        "lat": 32.311668,
        "lon": 125.99075,
        "speed": 8.1,
        "course": 225,
        "heading": 230,
        "destination": "CNYSA",
        "last_position_epoch": 1764472860,
        "last_position_UTC": "2025-11-30T03:21:00Z"
      },
      {
        "lat": 32.39563,
        "lon": 126.11219,
        "speed": 11.1,
        "course": 229,
        "heading": 231,
        "destination": "CNYSA",
        "last_position_epoch": 1764471060,
        "last_position_UTC": "2025-11-30T02:51:00Z"
      },
      {
        "lat": 32.437935,
        "lon": 126.16987,
        "speed": 11.1,
        "course": 229,
        "heading": 231,
        "destination": "CNYSA",
        "last_position_epoch": 1764469260,
        "last_position_UTC": "2025-11-30T02:21:00Z"
      },
      {
        "lat": 32.505333,
        "lon": 126.26313,
        "speed": 11.1,
        "course": 230,
        "heading": 231,
        "destination": "CNYSA",
        "last_position_epoch": 1764467400,
        "last_position_UTC": "2025-11-30T01:50:00Z"
      },
      {
        "lat": 32.566612,
        "lon": 126.34944,
        "speed": 11.1,
        "course": 229,
        "heading": 230,
        "destination": "CNYSA",
        "last_position_epoch": 1764465720,
        "last_position_UTC": "2025-11-30T01:22:00Z"
      },
      {
        "lat": 32.63332,
        "lon": 126.43752,
        "speed": 11.3,
        "course": 227,
        "heading": 230,
        "destination": "CNYSA",
        "last_position_epoch": 1764463800,
        "last_position_UTC": "2025-11-30T00:50:00Z"
      },
      {
        "lat": 32.693985,
        "lon": 126.5219,
        "speed": 10.8,
        "course": 230,
        "heading": 230,
        "destination": "CNYSA",
        "last_position_epoch": 1764462120,
        "last_position_UTC": "2025-11-30T00:22:00Z"
      },
      {
        "lat": 32.745575,
        "lon": 126.61457,
        "speed": 10.8,
        "course": 237,
        "heading": 237,
        "destination": "CNYSA",
        "last_position_epoch": 1764460380,
        "last_position_UTC": "2025-11-29T23:53:00Z"
      },
      {
        "lat": 32.784916,
        "lon": 126.66962,
        "speed": 10.6,
        "course": 221,
        "heading": 222,
        "destination": "CNYSA",
        "last_position_epoch": 1764458460,
        "last_position_UTC": "2025-11-29T23:21:00Z"
      },
      {
        "lat": 32.854225,
        "lon": 126.75189,
        "speed": 10.6,
        "course": 226,
        "heading": 226,
        "destination": "CNYSA",
        "last_position_epoch": 1764456600,
        "last_position_UTC": "2025-11-29T22:50:00Z"
      },
      {
        "lat": 32.916748,
        "lon": 126.83331,
        "speed": 10.6,
        "course": 230,
        "heading": 229,
        "destination": "CNYSA",
        "last_position_epoch": 1764454920,
        "last_position_UTC": "2025-11-29T22:22:00Z"
      },
      {
        "lat": 32.977528,
        "lon": 126.91766,
        "speed": 10.6,
        "course": 228,
        "heading": 229,
        "destination": "CNYSA",
        "last_position_epoch": 1764453000,
        "last_position_UTC": "2025-11-29T21:50:00Z"
      },
      {
        "lat": 33.033726,
        "lon": 126.99593,
        "speed": 10.6,
        "course": 230,
        "heading": 229,
        "destination": "CNYSA",
        "last_position_epoch": 1764451320,
        "last_position_UTC": "2025-11-29T21:22:00Z"
      },
      {
        "lat": 33.076393,
        "lon": 127.05614,
        "speed": 10.6,
        "course": 229,
        "heading": 229,
        "destination": "CNYSA",
        "last_position_epoch": 1764449460,
        "last_position_UTC": "2025-11-29T20:51:00Z"
      },
      {
        "lat": 33.144379,
        "lon": 127.14362,
        "speed": 11.8,
        "course": 224,
        "heading": 225,
        "destination": "CNYSA",
        "last_position_epoch": 1764447600,
        "last_position_UTC": "2025-11-29T20:20:00Z"
      },
      {
        "lat": 33.213982,
        "lon": 127.22578,
        "speed": 10.8,
        "course": 227,
        "heading": 224,
        "destination": "CNYSA",
        "last_position_epoch": 1764445860,
        "last_position_UTC": "2025-11-29T19:51:00Z"
      },
      {
        "lat": 33.275425,
        "lon": 127.32267,
        "speed": 12,
        "course": 233,
        "heading": 230,
        "destination": "CNYSA",
        "last_position_epoch": 1764444060,
        "last_position_UTC": "2025-11-29T19:21:00Z"
      },
      {
        "lat": 33.346741,
        "lon": 127.43143,
        "speed": 12.1,
        "course": 230,
        "heading": 230,
        "destination": "CNYSA",
        "last_position_epoch": 1764442260,
        "last_position_UTC": "2025-11-29T18:51:00Z"
      },
      {
        "lat": 33.417042,
        "lon": 127.53235,
        "speed": 12.1,
        "course": 230,
        "heading": 230,
        "destination": "CNYSA",
        "last_position_epoch": 1764440520,
        "last_position_UTC": "2025-11-29T18:22:00Z"
      },
      {
        "lat": 33.467861,
        "lon": 127.60149,
        "speed": 12.1,
        "course": 223,
        "heading": 227,
        "destination": "CNYSA",
        "last_position_epoch": 1764438600,
        "last_position_UTC": "2025-11-29T17:50:00Z"
      },
      {
        "lat": 33.539352,
        "lon": 127.692,
        "speed": 11.8,
        "course": 231,
        "heading": 230,
        "destination": "CNYSA",
        "last_position_epoch": 1764436800,
        "last_position_UTC": "2025-11-29T17:20:00Z"
      },
      {
        "lat": 33.611473,
        "lon": 127.79369,
        "speed": 12.1,
        "course": 229,
        "heading": 230,
        "destination": "CNYSA",
        "last_position_epoch": 1764434880,
        "last_position_UTC": "2025-11-29T16:48:00Z"
      },
      {
        "lat": 33.674854,
        "lon": 127.88547,
        "speed": 12,
        "course": 229,
        "heading": 232,
        "destination": "CNYSA",
        "last_position_epoch": 1764433080,
        "last_position_UTC": "2025-11-29T16:18:00Z"
      },
      {
        "lat": 33.738762,
        "lon": 127.97755,
        "speed": 11.8,
        "course": 230,
        "heading": 233,
        "destination": "CNYSA",
        "last_position_epoch": 1764431400,
        "last_position_UTC": "2025-11-29T15:50:00Z"
      },
      {
        "lat": 33.782494,
        "lon": 128.04204,
        "speed": 11.3,
        "course": 229,
        "heading": 235,
        "destination": "CNYSA",
        "last_position_epoch": 1764429600,
        "last_position_UTC": "2025-11-29T15:20:00Z"
      },
      {
        "lat": 33.832806,
        "lon": 128.11488,
        "speed": 10.6,
        "course": 225,
        "heading": 232,
        "destination": "CNYSA",
        "last_position_epoch": 1764428061,
        "last_position_UTC": "2025-11-29T14:54:21Z"
      }
    ]
  },
  "meta": {
    "duration": 0.016016398,
    "endpoint": "/api/v0/vessel_history",
    "success": true
  }
}