{
  "data": {
    "uuid": "f6379e4f-86a0-8b89-6d83-0eb81f501ab0",
    "name": "ZEUS LUMOS",
    "mmsi": "636023646",
    "imo": "9864239",
    "eni": null,
    "country_iso": "LR",
    "type": "Cargo - Hazard D (Recognizable)",
    "type_specific": "Container Ship",
    "positions": [
      {
        "lat": 31.145813,
        "lon": -11.727735,
        "speed": 16.5,
        "course": 209,
        "heading": 210,
        "destination": "SGSIN",
        "last_position_epoch": 1765030440,
        "last_position_UTC": "2025-12-06T14:14:00Z"
      },
      {
        "lat": 31.269497,
        "lon": -11.643108,
        "speed": 16.5,
        "course": 209,
        "heading": 210,
        "destination": "SGSIN",
        "last_position_epoch": 1765028640,
        "last_position_UTC": "2025-12-06T13:44:00Z"
      },
      {
        "lat": 31.40176,
        "lon": -11.548995,
        "speed": 16.7,
        "course": 211,
        "heading": 209,
        "destination": "SGSIN",
        "last_position_epoch": 1765026900,
        "last_position_UTC": "2025-12-06T13:15:00Z"
      },
      {
        "lat": 31.52775,
        "lon": -11.459423,
        "speed": 16.7,
        "course": 209,
        "heading": 210,
        "destination": "SGSIN",
        "last_position_epoch": 1765025100,
        "last_position_UTC": "2025-12-06T12:45:00Z"
      },
      {
        "lat": 31.608284,
        "lon": -11.404825,
        "speed": 16.3,
        "course": 209,
        "heading": 210,
        "destination": "SGSIN",
        "last_position_epoch": 1765023360,
        "last_position_UTC": "2025-12-06T12:16:00Z"
      },
      {
        "lat": 31.783449,
        "lon": -11.283452,
        "speed": 17.1,
        "course": 209,
        "heading": 210,
        "destination": "SGSIN",
        "last_position_epoch": 1765021500,
        "last_position_UTC": "2025-12-06T11:45:00Z"
      },
      {
        "lat": 31.962406666666666,
        "lon": -11.155235,
        "speed": 17,
        "course": 211.6,
        "heading": 210,
        "destination": "SGSIN",
        "last_position_epoch": 1765018106,
        "last_position_UTC": "2025-12-06T10:48:26Z"
      },
      {
        "lat": 31.990892,
        "lon": -11.13409,
        "speed": 17,
        "course": 212,
        "heading": 210,
        "destination": "SGSIN",
        "last_position_epoch": 1765017840,
        "last_position_UTC": "2025-12-06T10:44:00Z"
      },
      {
        "lat": 32.429295,
        "lon": -10.825648,
        "speed": 16.6,
        "course": 211,
        "heading": 210,
        "destination": "SGSIN",
        "last_position_epoch": 1765011660,
        "last_position_UTC": "2025-12-06T09:01:00Z"
      },
      {
        "lat": 32.710957,
        "lon": -10.629635,
        "speed": 17.2,
        "course": 210,
        "heading": 210,
        "destination": "SGSIN",
        "last_position_epoch": 1765007040,
        "last_position_UTC": "2025-12-06T07:44:00Z"
      },
      {
        "lat": 33.208996,
        "lon": -10.079452,
        "speed": 17.6,
        "course": 271,
        "heading": null,
        "destination": "SGSIN",
        "last_position_epoch": 1764998280,
        "last_position_UTC": "2025-12-06T05:18:00Z"
      },
      {
        "lat": 33.303295,
        "lon": -9.9333563,
        "speed": 17.2,
        "course": 162,
        "heading": null,
        "destination": "SGSIN",
        "last_position_epoch": 1764996780,
        "last_position_UTC": "2025-12-06T04:53:00Z"
      },
      {
        "lat": 33.398079,
        "lon": -9.7851362,
        "speed": 17.5,
        "course": 236,
        "heading": 37,
        "destination": "SGSIN",
        "last_position_epoch": 1764994440,
        "last_position_UTC": "2025-12-06T04:14:00Z"
      },
      {
        "lat": 33.488487,
        "lon": -9.6412067,
        "speed": 17.2,
        "course": 196,
        "heading": 37,
        "destination": "SGSIN",
        "last_position_epoch": 1764992700,
        "last_position_UTC": "2025-12-06T03:45:00Z"
      },
      {
        "lat": 33.764652,
        "lon": -9.2066584,
        "speed": 15.8,
        "course": 235,
        "heading": 234,
        "destination": "SGSIN",
        "last_position_epoch": 1764987180,
        "last_position_UTC": "2025-12-06T02:13:00Z"
      },
      {
        "lat": 33.851143,
        "lon": -9.0612717,
        "speed": 16.7,
        "course": 235,
        "heading": 233,
        "destination": "SGSIN",
        "last_position_epoch": 1764985380,
        "last_position_UTC": "2025-12-06T01:43:00Z"
      },
      {
        "lat": 33.917454,
        "lon": -8.95889,
        "speed": 15.8,
        "course": 231,
        "heading": 230,
        "destination": "SGSIN",
        "last_position_epoch": 1764983580,
        "last_position_UTC": "2025-12-06T01:13:00Z"
      },
      {
        "lat": 34.54298166666667,
        "lon": -8.001468333333333,
        "speed": 17.1,
        "course": 229.8,
        "heading": 229,
        "destination": "SGSIN",
        "last_position_epoch": 1764970652,
        "last_position_UTC": "2025-12-05T21:37:32Z"
      },
      {
        "lat": 34.656647,
        "lon": -7.8470998,
        "speed": 17,
        "course": 231,
        "heading": 229,
        "destination": "SGSIN",
        "last_position_epoch": 1764969300,
        "last_position_UTC": "2025-12-05T21:15:00Z"
      },
      {
        "lat": 34.721844,
        "lon": -7.7584748,
        "speed": 16.2,
        "course": 229,
        "heading": 229,
        "destination": "SGSIN",
        "last_position_epoch": 1764967440,
        "last_position_UTC": "2025-12-05T20:44:00Z"
      },
      {
        "lat": 34.821697,
        "lon": -7.6326284,
        "speed": 16.6,
        "course": 226,
        "heading": 228,
        "destination": "SGSIN",
        "last_position_epoch": 1764965700,
        "last_position_UTC": "2025-12-05T20:15:00Z"
      },
      {
        "lat": 34.926292,
        "lon": -7.5072799,
        "speed": 16.7,
        "course": 224,
        "heading": 226,
        "destination": "SGSIN",
        "last_position_epoch": 1764963900,
        "last_position_UTC": "2025-12-05T19:45:00Z"
      },
      {
        "lat": 35.022125,
        "lon": -7.3931851,
        "speed": 16.2,
        "course": 224,
        "heading": 226,
        "destination": "SGSIN",
        "last_position_epoch": 1764962160,
        "last_position_UTC": "2025-12-05T19:16:00Z"
      },
      {
        "lat": 35.121925,
        "lon": -7.2728033,
        "speed": 16.1,
        "course": 223,
        "heading": 226,
        "destination": "SGSIN",
        "last_position_epoch": 1764960240,
        "last_position_UTC": "2025-12-05T18:44:00Z"
      },
      {
        "lat": 35.247135,
        "lon": -7.1176867,
        "speed": 16.2,
        "course": 223,
        "heading": 226,
        "destination": "SGSIN",
        "last_position_epoch": 1764958560,
        "last_position_UTC": "2025-12-05T18:16:00Z"
      },
      {
        "lat": 35.315548,
        "lon": -7.0340118,
        "speed": 16.2,
        "course": 225,
        "heading": 226,
        "destination": "SGSIN",
        "last_position_epoch": 1764956640,
        "last_position_UTC": "2025-12-05T17:44:00Z"
      },
      {
        "lat": 35.382828,
        "lon": -6.9532118,
        "speed": 16.3,
        "course": 224,
        "heading": 226,
        "destination": "SGSIN",
        "last_position_epoch": 1764954840,
        "last_position_UTC": "2025-12-05T17:14:00Z"
      },
      {
        "lat": 35.484745,
        "lon": -6.8330336,
        "speed": 16.1,
        "course": 224,
        "heading": 225,
        "destination": "SGSIN",
        "last_position_epoch": 1764953100,
        "last_position_UTC": "2025-12-05T16:45:00Z"
      },
      {
        "lat": 35.579685,
        "lon": -6.7167516,
        "speed": 15.8,
        "course": 225,
        "heading": 228,
        "destination": "SGSIN",
        "last_position_epoch": 1764951180,
        "last_position_UTC": "2025-12-05T16:13:00Z"
      },
      {
        "lat": 35.67643,
        "lon": -6.5925817,
        "speed": 15.8,
        "course": 227,
        "heading": 230,
        "destination": "SGSIN",
        "last_position_epoch": 1764949440,
        "last_position_UTC": "2025-12-05T15:44:00Z"
      },
      {
        "lat": 35.766045,
        "lon": -6.4630885,
        "speed": 15.3,
        "course": 230,
        "heading": 232,
        "destination": "SGSIN",
        "last_position_epoch": 1764947760,
        "last_position_UTC": "2025-12-05T15:16:00Z"
      },
      {
        "lat": 35.855625,
        "lon": -6.3420582,
        "speed": 15.3,
        "course": 221,
        "heading": 226,
        "destination": "SGSIN",
        "last_position_epoch": 1764945900,
        "last_position_UTC": "2025-12-05T14:45:00Z"
      },
      {
        "lat": 35.960155,
        "lon": -6.2485652,
        "speed": 14.1,
        "course": 252,
        "heading": 249,
        "destination": "SGSIN",
        "last_position_epoch": 1764944040,
        "last_position_UTC": "2025-12-05T14:14:00Z"
      },
      {
        "lat": 35.954826,
        "lon": -6.1265435,
        "speed": 15.3,
        "course": 280,
        "heading": 275,
        "destination": "SGSIN",
        "last_position_epoch": 1764942180,
        "last_position_UTC": "2025-12-05T13:43:00Z"
      },
      {
        "lat": 35.94136,
        "lon": -5.9434967,
        "speed": 15.1,
        "course": 238,
        "heading": 235,
        "destination": "SGSIN",
        "last_position_epoch": 1764940440,
        "last_position_UTC": "2025-12-05T13:14:00Z"
      },
      {
        "lat": 35.967152,
        "lon": -5.7828383,
        "speed": 17.1,
        "course": 269,
        "heading": 265,
        "destination": "SGSIN",
        "last_position_epoch": 1764938580,
        "last_position_UTC": "2025-12-05T12:43:00Z"
      },
      {
        "lat": 35.969852,
        "lon": -5.61832,
        "speed": 15.1,
        "course": 271,
        "heading": 269,
        "destination": "SGSIN",
        "last_position_epoch": 1764936780,
        "last_position_UTC": "2025-12-05T12:13:00Z"
      },
      {
        "lat": 35.991474,
        "lon": -5.5221934,
        "speed": 14.1,
        "course": 250,
        "heading": 249,
        "destination": "SGSIN",
        "last_position_epoch": 1764934980,
        "last_position_UTC": "2025-12-05T11:43:00Z"
      },
      {
        "lat": 36.043552,
        "lon": -5.4044766,
        "speed": 12.3,
        "course": 211,
        "heading": 220,
        "destination": "SGSIN",
        "last_position_epoch": 1764933240,
        "last_position_UTC": "2025-12-05T11:14:00Z"
      },
      {
        "lat": 36.13765,
        "lon": -5.406306666666667,
        "speed": 5.3,
        "course": 126.5,
        "heading": 141,
        "destination": "SGSIN",
        "last_position_epoch": 1764931181,
        "last_position_UTC": "2025-12-05T10:39:41Z"
      },
      {
        "lat": 36.13026166666667,
        "lon": -5.422501666666666,
        "speed": 0,
        "course": 181.2,
        "heading": 178,
        "destination": "ESALG",
        "last_position_epoch": 1764929435,
        "last_position_UTC": "2025-12-05T10:10:35Z"
      },
      {
        "lat": 36.130266666666664,
        "lon": -5.422491666666667,
        "speed": 0,
        "course": 181.2,
        "heading": 178,
        "destination": "ESALG",
        "last_position_epoch": 1764927636,
        "last_position_UTC": "2025-12-05T09:40:36Z"
      },
      {
        "lat": 36.130255,
        "lon": -5.422463333333333,
        "speed": 0,
        "course": 181.2,
        "heading": 178,
        "destination": "ESALG",
        "last_position_epoch": 1764925656,
        "last_position_UTC": "2025-12-05T09:07:36Z"
      },
      {
        "lat": 36.13019833333333,
        "lon": -5.422625,
        "speed": 0,
        "course": 181.2,
        "heading": 178,
        "destination": "ESALG",
        "last_position_epoch": 1764924035,
        "last_position_UTC": "2025-12-05T08:40:35Z"
      },
      {
        "lat": 36.13024,
        "lon": -5.422438333333333,
        "speed": 0,
        "course": 181.2,
        "heading": 178,
        "destination": "ESALG",
        "last_position_epoch": 1764922235,
        "last_position_UTC": "2025-12-05T08:10:35Z"
      },
      {
        "lat": 36.130234,
        "lon": -5.4225516,
        "speed": 0,
        "course": 181,
        "heading": 178,
        "destination": "ESALG",
        "last_position_epoch": 1764920700,
        "last_position_UTC": "2025-12-05T07:45:00Z"
      },
      {
        "lat": 36.130298333333336,
        "lon": -5.422501666666666,
        "speed": 0,
        "course": 181.2,
        "heading": 178,
        "destination": "ESALG",
        "last_position_epoch": 1764918456,
        "last_position_UTC": "2025-12-05T07:07:36Z"
      },
      {
        "lat": 36.130245,
        "lon": -5.422471666666667,
        "speed": 0,
        "course": 181.2,
        "heading": 178,
        "destination": "ESALG",
        "last_position_epoch": 1764916836,
        "last_position_UTC": "2025-12-05T06:40:36Z"
      },
      {
        "lat": 36.130298333333336,
        "lon": -5.42245,
        "speed": 0,
        "course": 181.2,
        "heading": 178,
        "destination": "ESALG",
        "last_position_epoch": 1764914859,
        "last_position_UTC": "2025-12-05T06:07:39Z"
      },
      {
        "lat": 36.13034666666667,
        "lon": -5.4224733333333335,
        "speed": 0,
        "course": 320.9,
        "heading": 178,
        "destination": "ESALG",
        "last_position_epoch": 1764913239,
        "last_position_UTC": "2025-12-05T05:40:39Z"
      },
      {
        "lat": 36.13022,
        "lon": -5.422641666666666,
        "speed": 0,
        "course": 320.9,
        "heading": 178,
        "destination": "ESALG",
        "last_position_epoch": 1764911256,
        "last_position_UTC": "2025-12-05T05:07:36Z"
      },
      {
        "lat": 36.130276,
        "lon": -5.422605,
        "speed": 0,
        "course": 318,
        "heading": 178,
        "destination": "ESALG",
        "last_position_epoch": 1764909780,
        "last_position_UTC": "2025-12-05T04:43:00Z"
      },
      {
        "lat": 36.13031,
        "lon": -5.4224882,
        "speed": 0,
        "course": 318,
        "heading": 178,
        "destination": "ESALG",
        "last_position_epoch": 1764907860,
        "last_position_UTC": "2025-12-05T04:11:00Z"
      },
      {
        "lat": 36.130299,
        "lon": -5.4225798,
        "speed": 0,
        "course": 318,
        "heading": 178,
        "destination": "ESALG",
        "last_position_epoch": 1764906240,
        "last_position_UTC": "2025-12-05T03:44:00Z"
      },
      {
        "lat": 36.13028666666667,
        "lon": -5.422498333333333,
        "speed": 0,
        "course": 16.4,
        "heading": 178,
        "destination": "ESALG",
        "last_position_epoch": 1764904054,
        "last_position_UTC": "2025-12-05T03:07:34Z"
      },
      {
        "lat": 36.130298333333336,
        "lon": -5.422463333333333,
        "speed": 0,
        "course": 16.4,
        "heading": 178,
        "destination": "ESALG",
        "last_position_epoch": 1764902435,
        "last_position_UTC": "2025-12-05T02:40:35Z"
      },
      {
        "lat": 36.13028333333333,
        "lon": -5.422461666666667,
        "speed": 0,
        "course": 16.4,
        "heading": 178,
        "destination": "ESALG",
        "last_position_epoch": 1764900635,
        "last_position_UTC": "2025-12-05T02:10:35Z"
      },
      {
        "lat": 36.130295,
        "lon": -5.422503333333333,
        "speed": 0,
        "course": 197.8,
        "heading": 178,
        "destination": "ESALG",
        "last_position_epoch": 1764898829,
        "last_position_UTC": "2025-12-05T01:40:29Z"
      },
      {
        "lat": 36.130275,
        "lon": -5.422505,
        "speed": 0,
        "course": 197.8,
        "heading": 178,
        "destination": "ESALG",
        "last_position_epoch": 1764896853,
        "last_position_UTC": "2025-12-05T01:07:33Z"
      },
      {
        "lat": 36.130333,
        "lon": -5.4224901,
        "speed": 0,
        "course": 197,
        "heading": 178,
        "destination": "ESALG",
        "last_position_epoch": 1764895500,
        "last_position_UTC": "2025-12-05T00:45:00Z"
      },
      {
        "lat": 36.13026,
        "lon": -5.4224768,
        "speed": 0,
        "course": 197,
        "heading": 178,
        "destination": "ESALG",
        "last_position_epoch": 1764893520,
        "last_position_UTC": "2025-12-05T00:12:00Z"
      },
      {
        "lat": 36.130276,
        "lon": -5.422545,
        "speed": 0,
        "course": 197,
        "heading": 178,
        "destination": "ESALG",
        "last_position_epoch": 1764891840,
        "last_position_UTC": "2025-12-04T23:44:00Z"
      },
      {
        "lat": 36.13025,
        "lon": -5.422461666666667,
        "speed": 0,
        "course": 197.8,
        "heading": 178,
        "destination": "ESALG",
        "last_position_epoch": 1764889831,
        "last_position_UTC": "2025-12-04T23:10:31Z"
      },
      {
        "lat": 36.130338333333334,
        "lon": -5.422445,
        "speed": 0,
        "course": 197.8,
        "heading": 178,
        "destination": "ESALG",
        "last_position_epoch": 1764887850,
        "last_position_UTC": "2025-12-04T22:37:30Z"
      },
      {
        "lat": 36.130306,
        "lon": -5.4224801,
        "speed": 0,
        "course": 139,
        "heading": 178,
        "destination": "ESALG",
        "last_position_epoch": 1764886320,
        "last_position_UTC": "2025-12-04T22:12:00Z"
      },
      {
        "lat": 36.130322,
        "lon": -5.4224882,
        "speed": 0,
        "course": 139,
        "heading": 178,
        "destination": "ESALG",
        "last_position_epoch": 1764884520,
        "last_position_UTC": "2025-12-04T21:42:00Z"
      },
      {
        "lat": 36.13027666666667,
        "lon": -5.422508333333333,
        "speed": 0,
        "course": 139.7,
        "heading": 178,
        "destination": "ESALG",
        "last_position_epoch": 1764882633,
        "last_position_UTC": "2025-12-04T21:10:33Z"
      },
      {
        "lat": 36.13028833333333,
        "lon": -5.42251,
        "speed": 0,
        "course": 139.7,
        "heading": 178,
        "destination": "ESALG",
        "last_position_epoch": 1764880651,
        "last_position_UTC": "2025-12-04T20:37:31Z"
      },
      {
        "lat": 36.130285,
        "lon": -5.42242,
        "speed": 0,
        "course": 139.7,
        "heading": 178,
        "destination": "ESALG",
        "last_position_epoch": 1764879037,
        "last_position_UTC": "2025-12-04T20:10:37Z"
      },
      {
        "lat": 36.13028833333333,
        "lon": -5.422443333333334,
        "speed": 0,
        "course": 139.7,
        "heading": 178,
        "destination": "ESALG",
        "last_position_epoch": 1764877050,
        "last_position_UTC": "2025-12-04T19:37:30Z"
      },
      {
        "lat": 36.130238,
        "lon": -5.4224114,
        "speed": 0,
        "course": 139,
        "heading": 178,
        "destination": "ESALG",
        "last_position_epoch": 1764875700,
        "last_position_UTC": "2025-12-04T19:15:00Z"
      },
      {
        "lat": 36.130283,
        "lon": -5.4225168,
        "speed": 0,
        "course": 139,
        "heading": 178,
        "destination": "ESALG",
        "last_position_epoch": 1764873840,
        "last_position_UTC": "2025-12-04T18:44:00Z"
      },
      {
        "lat": 36.13028,
        "lon": -5.4224968,
        "speed": 0,
        "course": 139,
        "heading": 178,
        "destination": "ESALG",
        "last_position_epoch": 1764872100,
        "last_position_UTC": "2025-12-04T18:15:00Z"
      },
      {
        "lat": 36.131866,
        "lon": -5.4214935,
        "speed": 2.7,
        "course": 197,
        "heading": 187,
        "destination": "ESALG",
        "last_position_epoch": 1764870300,
        "last_position_UTC": "2025-12-04T17:45:00Z"
      },
      {
        "lat": 36.13141666666667,
        "lon": -5.389641666666667,
        "speed": 4.9,
        "course": 340.6,
        "heading": 330,
        "destination": "ESALG",
        "last_position_epoch": 1764868380,
        "last_position_UTC": "2025-12-04T17:13:00Z"
      },
      {
        "lat": 36.091473,
        "lon": -5.3428168,
        "speed": 6.5,
        "course": 288,
        "heading": 290,
        "destination": "ESALG",
        "last_position_epoch": 1764866460,
        "last_position_UTC": "2025-12-04T16:41:00Z"
      },
      {
        "lat": 36.105968,
        "lon": -5.2599635,
        "speed": 11.6,
        "course": 244,
        "heading": 244,
        "destination": "ESALG",
        "last_position_epoch": 1764864720,
        "last_position_UTC": "2025-12-04T16:12:00Z"
      },
      {
        "lat": 36.10225833333333,
        "lon": -5.22624,
        "speed": 2.2,
        "course": 61.5,
        "heading": 282,
        "destination": "ESALG",
        "last_position_epoch": 1764862981,
        "last_position_UTC": "2025-12-04T15:43:01Z"
      },
      {
        "lat": 36.099426,
        "lon": -5.1990051,
        "speed": 3.2,
        "course": 276,
        "heading": 265,
        "destination": "ESALG",
        "last_position_epoch": 1764861180,
        "last_position_UTC": "2025-12-04T15:13:00Z"
      },
      {
        "lat": 36.100037,
        "lon": -5.1653733,
        "speed": 4.5,
        "course": 268,
        "heading": 264,
        "destination": "ESALG",
        "last_position_epoch": 1764859500,
        "last_position_UTC": "2025-12-04T14:45:00Z"
      },
      {
        "lat": 36.097455,
        "lon": -5.138278333333333,
        "speed": 1.4,
        "course": 295,
        "heading": 270,
        "destination": "ESALG",
        "last_position_epoch": 1764857570,
        "last_position_UTC": "2025-12-04T14:12:50Z"
      },
      {
        "lat": 36.086113,
        "lon": -5.1504784,
        "speed": 2.4,
        "course": 71,
        "heading": 328,
        "destination": "ESALG",
        "last_position_epoch": 1764855720,
        "last_position_UTC": "2025-12-04T13:42:00Z"
      },
      {
        "lat": 36.07914,
        "lon": -5.178181666666667,
        "speed": 4.7,
        "course": 80.1,
        "heading": 69,
        "destination": "ESALG",
        "last_position_epoch": 1764853979,
        "last_position_UTC": "2025-12-04T13:12:59Z"
      },
      {
        "lat": 36.07986666666667,
        "lon": -5.237386666666667,
        "speed": 7.3,
        "course": 93.7,
        "heading": 89,
        "destination": "ESALG",
        "last_position_epoch": 1764852170,
        "last_position_UTC": "2025-12-04T12:42:50Z"
      },
      {
        "lat": 36.08166833333333,
        "lon": -5.315313333333333,
        "speed": 6.1,
        "course": 89.1,
        "heading": 90,
        "destination": "ESALG",
        "last_position_epoch": 1764850381,
        "last_position_UTC": "2025-12-04T12:13:01Z"
      },
      {
        "lat": 36.069687,
        "lon": -5.3039398,
        "speed": 3.9,
        "course": 271,
        "heading": 270,
        "destination": "ESALG",
        "last_position_epoch": 1764848580,
        "last_position_UTC": "2025-12-04T11:43:00Z"
      },
      {
        "lat": 36.07751,
        "lon": -5.272081666666667,
        "speed": 4.3,
        "course": 247.7,
        "heading": 252,
        "destination": "ESALG",
        "last_position_epoch": 1764846780,
        "last_position_UTC": "2025-12-04T11:13:00Z"
      },
      {
        "lat": 36.084648,
        "lon": -5.2196898,
        "speed": 5.8,
        "course": 267,
        "heading": 266,
        "destination": "ESALG",
        "last_position_epoch": 1764844980,
        "last_position_UTC": "2025-12-04T10:43:00Z"
      },
      {
        "lat": 36.086151,
        "lon": -5.1425734,
        "speed": 8.1,
        "course": 266,
        "heading": 264,
        "destination": "ESALG",
        "last_position_epoch": 1764843060,
        "last_position_UTC": "2025-12-04T10:11:00Z"
      },
      {
        "lat": 36.078685,
        "lon": -5.085248333333333,
        "speed": 6.4,
        "course": 268.5,
        "heading": 262,
        "destination": "ESALG",
        "last_position_epoch": 1764841381,
        "last_position_UTC": "2025-12-04T09:43:01Z"
      },
      {
        "lat": 36.076905,
        "lon": -5.021603333333333,
        "speed": 6.3,
        "course": 269.4,
        "heading": 268,
        "destination": "ESALG",
        "last_position_epoch": 1764839569,
        "last_position_UTC": "2025-12-04T09:12:49Z"
      },
      {
        "lat": 36.07716,
        "lon": -4.954136666666667,
        "speed": 7.3,
        "course": 270,
        "heading": 267,
        "destination": "ESALG",
        "last_position_epoch": 1764837781,
        "last_position_UTC": "2025-12-04T08:43:01Z"
      },
      {
        "lat": 36.076359,
        "lon": -4.8452148,
        "speed": 7,
        "course": 270,
        "heading": 266,
        "destination": "ESALG",
        "last_position_epoch": 1764835980,
        "last_position_UTC": "2025-12-04T08:13:00Z"
      },
      {
        "lat": 36.077221,
        "lon": -4.7943215,
        "speed": 6.9,
        "course": 267,
        "heading": 265,
        "destination": "ESALG",
        "last_position_epoch": 1764834120,
        "last_position_UTC": "2025-12-04T07:42:00Z"
      },
      {
        "lat": 36.07808333333333,
        "lon": -4.736406666666666,
        "speed": 6.6,
        "course": 271.8,
        "heading": 265,
        "destination": "ESALG",
        "last_position_epoch": 1764832369,
        "last_position_UTC": "2025-12-04T07:12:49Z"
      },
      {
        "lat": 36.059608,
        "lon": -4.6875815,
        "speed": 3.5,
        "course": 37,
        "heading": 352,
        "destination": "ESALG",
        "last_position_epoch": 1764830520,
        "last_position_UTC": "2025-12-04T06:42:00Z"
      },
      {
        "lat": 36.058086,
        "lon": -4.7032251,
        "speed": 2,
        "course": 106,
        "heading": 26,
        "destination": "ESALG",
        "last_position_epoch": 1764828780,
        "last_position_UTC": "2025-12-04T06:13:00Z"
      },
      {
        "lat": 36.06422333333333,
        "lon": -4.728265,
        "speed": 1.9,
        "course": 105.8,
        "heading": 34,
        "destination": "ESALG",
        "last_position_epoch": 1764826631,
        "last_position_UTC": "2025-12-04T05:37:11Z"
      },
      {
        "lat": 36.068386,
        "lon": -4.7422781,
        "speed": 1.7,
        "course": 112,
        "heading": 34,
        "destination": "ESALG",
        "last_position_epoch": 1764825360,
        "last_position_UTC": "2025-12-04T05:16:00Z"
      },
      {
        "lat": 36.074066,
        "lon": -4.7651768,
        "speed": 1.5,
        "course": 106,
        "heading": 33,
        "destination": "ESALG",
        "last_position_epoch": 1764823200,
        "last_position_UTC": "2025-12-04T04:40:00Z"
      },
      {
        "lat": 36.076565,
        "lon": -4.7767267,
        "speed": 1.5,
        "course": 108,
        "heading": 31,
        "destination": "ESALG",
        "last_position_epoch": 1764821640,
        "last_position_UTC": "2025-12-04T04:14:00Z"
      },
      {
        "lat": 36.077332,
        "lon": -4.8000832,
        "speed": 2.4,
        "course": 81,
        "heading": 20,
        "destination": "ESALG",
        "last_position_epoch": 1764819840,
        "last_position_UTC": "2025-12-04T03:44:00Z"
      },
      {
        "lat": 36.065128333333334,
        "lon": -4.828883333333334,
        "speed": 3.5,
        "course": 28.1,
        "heading": 343,
        "destination": "ESALG",
        "last_position_epoch": 1764817420,
        "last_position_UTC": "2025-12-04T03:03:40Z"
      },
      {
        "lat": 36.041672,
        "lon": -4.8797998,
        "speed": 3.5,
        "course": 93,
        "heading": 7,
        "destination": "ESALG",
        "last_position_epoch": 1764814920,
        "last_position_UTC": "2025-12-04T02:22:00Z"
      },
      {
        "lat": 36.04205666666667,
        "lon": -4.889395,
        "speed": 3.5,
        "course": 91.2,
        "heading": 2,
        "destination": "ESALG",
        "last_position_epoch": 1764814080,
        "last_position_UTC": "2025-12-04T02:08:00Z"
      },
      {
        "lat": 36.042955,
        "lon": -4.9214633333333335,
        "speed": 3.4,
        "course": 107.6,
        "heading": 29,
        "destination": "ESALG",
        "last_position_epoch": 1764812520,
        "last_position_UTC": "2025-12-04T01:42:00Z"
      },
      {
        "lat": 36.05183666666667,
        "lon": -4.959833333333333,
        "speed": 3.1,
        "course": 108.4,
        "heading": 36,
        "destination": "ESALG",
        "last_position_epoch": 1764810479,
        "last_position_UTC": "2025-12-04T01:07:59Z"
      },
      {
        "lat": 36.061024,
        "lon": -4.9943933,
        "speed": 3.5,
        "course": 110,
        "heading": 27,
        "destination": "ESALG",
        "last_position_epoch": 1764809040,
        "last_position_UTC": "2025-12-04T00:44:00Z"
      },
      {
        "lat": 36.070217,
        "lon": -5.0315151,
        "speed": 3.2,
        "course": 104,
        "heading": 25,
        "destination": "ESALG",
        "last_position_epoch": 1764807180,
        "last_position_UTC": "2025-12-04T00:13:00Z"
      },
      {
        "lat": 36.074738,
        "lon": -5.0538068,
        "speed": 3.2,
        "course": 104,
        "heading": 22,
        "destination": "ESALG",
        "last_position_epoch": 1764805500,
        "last_position_UTC": "2025-12-03T23:45:00Z"
      },
      {
        "lat": 36.079098,
        "lon": -5.0860982,
        "speed": 2.7,
        "course": 96,
        "heading": 11,
        "destination": "ESALG",
        "last_position_epoch": 1764803700,
        "last_position_UTC": "2025-12-03T23:15:00Z"
      },
      {
        "lat": 36.083326666666665,
        "lon": -5.111541666666667,
        "speed": 2.2,
        "course": 112.1,
        "heading": 1,
        "destination": "ESALG",
        "last_position_epoch": 1764801780,
        "last_position_UTC": "2025-12-03T22:43:00Z"
      },
      {
        "lat": 36.088696,
        "lon": -5.1259565,
        "speed": 1,
        "course": 119,
        "heading": 22,
        "destination": "ESALG",
        "last_position_epoch": 1764799920,
        "last_position_UTC": "2025-12-03T22:12:00Z"
      },
      {
        "lat": 36.091863333333336,
        "lon": -5.13254,
        "speed": 0.7,
        "course": 125,
        "heading": 16,
        "destination": "ESALG",
        "last_position_epoch": 1764798181,
        "last_position_UTC": "2025-12-03T21:43:01Z"
      },
      {
        "lat": 36.09451,
        "lon": -5.138658333333333,
        "speed": 0.7,
        "course": 105.4,
        "heading": 21,
        "destination": "ESALG",
        "last_position_epoch": 1764796380,
        "last_position_UTC": "2025-12-03T21:13:00Z"
      },
      {
        "lat": 36.095432,
        "lon": -5.1453233,
        "speed": 0.4,
        "course": 99,
        "heading": 357,
        "destination": "ESALG",
        "last_position_epoch": 1764794580,
        "last_position_UTC": "2025-12-03T20:43:00Z"
      },
      {
        "lat": 36.096428,
        "lon": -5.1514583,
        "speed": 0.6,
        "course": 99,
        "heading": 355,
        "destination": "ESALG",
        "last_position_epoch": 1764792660,
        "last_position_UTC": "2025-12-03T20:11:00Z"
      },
      {
        "lat": 36.096592,
        "lon": -5.1588535,
        "speed": 0.6,
        "course": 87,
        "heading": 349,
        "destination": "ESALG",
        "last_position_epoch": 1764790980,
        "last_position_UTC": "2025-12-03T19:43:00Z"
      },
      {
        "lat": 36.0942,
        "lon": -5.1641035,
        "speed": 0.5,
        "course": 19,
        "heading": 356,
        "destination": "ESALG",
        "last_position_epoch": 1764789180,
        "last_position_UTC": "2025-12-03T19:13:00Z"
      },
      {
        "lat": 36.097503333333336,
        "lon": -5.167628333333333,
        "speed": 0.8,
        "course": 155.4,
        "heading": 6,
        "destination": "ESALG",
        "last_position_epoch": 1764787380,
        "last_position_UTC": "2025-12-03T18:43:00Z"
      },
      {
        "lat": 36.10351166666667,
        "lon": -5.17187,
        "speed": 0.8,
        "course": 131.8,
        "heading": 13,
        "destination": "ESALG",
        "last_position_epoch": 1764785580,
        "last_position_UTC": "2025-12-03T18:13:00Z"
      },
      {
        "lat": 36.109982,
        "lon": -5.1813183,
        "speed": 1.1,
        "course": 111,
        "heading": 16,
        "destination": "ESALG",
        "last_position_epoch": 1764783660,
        "last_position_UTC": "2025-12-03T17:41:00Z"
      },
      {
        "lat": 36.111919,
        "lon": -5.1908016,
        "speed": 1.2,
        "course": 97,
        "heading": 13,
        "destination": "ESALG",
        "last_position_epoch": 1764782040,
        "last_position_UTC": "2025-12-03T17:14:00Z"
      },
      {
        "lat": 36.115108,
        "lon": -5.2061582,
        "speed": 1.3,
        "course": 115,
        "heading": 20,
        "destination": "ESALG",
        "last_position_epoch": 1764780060,
        "last_position_UTC": "2025-12-03T16:41:00Z"
      },
      {
        "lat": 36.118568,
        "lon": -5.2215834,
        "speed": 1.2,
        "course": 96,
        "heading": 17,
        "destination": "ESALG",
        "last_position_epoch": 1764778320,
        "last_position_UTC": "2025-12-03T16:12:00Z"
      },
      {
        "lat": 36.11854833333334,
        "lon": -5.235103333333333,
        "speed": 1.6,
        "course": 80.9,
        "heading": 358,
        "destination": "ESALG",
        "last_position_epoch": 1764776581,
        "last_position_UTC": "2025-12-03T15:43:01Z"
      },
      {
        "lat": 36.104561,
        "lon": -5.2452383,
        "speed": 3.5,
        "course": 17,
        "heading": 4,
        "destination": "ESALG",
        "last_position_epoch": 1764774780,
        "last_position_UTC": "2025-12-03T15:13:00Z"
      },
      {
        "lat": 36.049686,
        "lon": -5.2724385,
        "speed": 9.8,
        "course": 19,
        "heading": 14,
        "destination": "ESALG",
        "last_position_epoch": 1764773040,
        "last_position_UTC": "2025-12-03T14:44:00Z"
      },
      {
        "lat": 35.982395,
        "lon": -5.3392715,
        "speed": 11.8,
        "course": 87,
        "heading": 86,
        "destination": "ESALG",
        "last_position_epoch": 1764771180,
        "last_position_UTC": "2025-12-03T14:13:00Z"
      },
      {
        "lat": 35.973438,
        "lon": -5.4307532,
        "speed": 7.5,
        "course": 71,
        "heading": 63,
        "destination": "ESALG",
        "last_position_epoch": 1764769440,
        "last_position_UTC": "2025-12-03T13:44:00Z"
      },
      {
        "lat": 35.953915,
        "lon": -5.4981384,
        "speed": 7.6,
        "course": 66,
        "heading": 62,
        "destination": "ESALG",
        "last_position_epoch": 1764767700,
        "last_position_UTC": "2025-12-03T13:15:00Z"
      },
      {
        "lat": 35.927586,
        "lon": -5.5806017,
        "speed": 6.9,
        "course": 75,
        "heading": 68,
        "destination": "ESALG",
        "last_position_epoch": 1764765900,
        "last_position_UTC": "2025-12-03T12:45:00Z"
      },
      {
        "lat": 35.920921,
        "lon": -5.6541834,
        "speed": 6.3,
        "course": 87,
        "heading": 79,
        "destination": "ESALG",
        "last_position_epoch": 1764763860,
        "last_position_UTC": "2025-12-03T12:11:00Z"
      },
      {
        "lat": 35.918301,
        "lon": -5.7136083,
        "speed": 4.6,
        "course": 86,
        "heading": 80,
        "destination": "ESALG",
        "last_position_epoch": 1764762120,
        "last_position_UTC": "2025-12-03T11:42:00Z"
      },
      {
        "lat": 35.918652,
        "lon": -5.7678852,
        "speed": 5.3,
        "course": 85,
        "heading": 85,
        "destination": "ESALG",
        "last_position_epoch": 1764760200,
        "last_position_UTC": "2025-12-03T11:10:00Z"
      },
      {
        "lat": 35.914982,
        "lon": -5.801795,
        "speed": 5.3,
        "course": 80,
        "heading": 71,
        "destination": "ESALG",
        "last_position_epoch": 1764758460,
        "last_position_UTC": "2025-12-03T10:41:00Z"
      },
      {
        "lat": 35.911381666666664,
        "lon": -5.851586666666667,
        "speed": 5.2,
        "course": 82.2,
        "heading": 71,
        "destination": "ESALG",
        "last_position_epoch": 1764756931,
        "last_position_UTC": "2025-12-03T10:15:31Z"
      },
      {
        "lat": 35.90837666666667,
        "lon": -5.90876,
        "speed": 5,
        "course": 87.1,
        "heading": 75,
        "destination": "ESALG",
        "last_position_epoch": 1764754981,
        "last_position_UTC": "2025-12-03T09:43:01Z"
      },
      {
        "lat": 35.907387,
        "lon": -5.9694982,
        "speed": 5.5,
        "course": 93,
        "heading": 84,
        "destination": "ESALG",
        "last_position_epoch": 1764753240,
        "last_position_UTC": "2025-12-03T09:14:00Z"
      },
      {
        "lat": 35.90699,
        "lon": -6.0468116,
        "speed": 7.6,
        "course": 91,
        "heading": 80,
        "destination": "ESALG",
        "last_position_epoch": 1764751500,
        "last_position_UTC": "2025-12-03T08:45:00Z"
      },
      {
        "lat": 35.90759,
        "lon": -6.102098333333333,
        "speed": 7.9,
        "course": 90.2,
        "heading": 81,
        "destination": "ESALG",
        "last_position_epoch": 1764749761,
        "last_position_UTC": "2025-12-03T08:16:01Z"
      },
      {
        "lat": 35.90849333333333,
        "lon": -6.207988333333334,
        "speed": 9.9,
        "course": 89.7,
        "heading": 83,
        "destination": "ESALG",
        "last_position_epoch": 1764747779,
        "last_position_UTC": "2025-12-03T07:42:59Z"
      },
      {
        "lat": 35.925152,
        "lon": -6.3490281,
        "speed": 10.8,
        "course": 106,
        "heading": 103,
        "destination": "ESALG",
        "last_position_epoch": 1764745920,
        "last_position_UTC": "2025-12-03T07:12:00Z"
      },
      {
        "lat": 35.944454,
        "lon": -6.4274735,
        "speed": 11.1,
        "course": 107,
        "heading": 103,
        "destination": "ESALG",
        "last_position_epoch": 1764744120,
        "last_position_UTC": "2025-12-03T06:42:00Z"
      },
      {
        "lat": 35.995415,
        "lon": -6.6481032,
        "speed": 10.8,
        "course": 106,
        "heading": 102,
        "destination": "ESALG",
        "last_position_epoch": 1764740580,
        "last_position_UTC": "2025-12-03T05:43:00Z"
      },
      {
        "lat": 36.02108,
        "lon": -6.7553215,
        "speed": 10.6,
        "course": 106,
        "heading": 102,
        "destination": "ESALG",
        "last_position_epoch": 1764738900,
        "last_position_UTC": "2025-12-03T05:15:00Z"
      },
      {
        "lat": 36.048615,
        "lon": -6.913765,
        "speed": 10.8,
        "course": 101,
        "heading": 96,
        "destination": "ESALG",
        "last_position_epoch": 1764736500,
        "last_position_UTC": "2025-12-03T04:35:00Z"
      },
      {
        "lat": 36.066296,
        "lon": -7.0079751,
        "speed": 10.8,
        "course": 104,
        "heading": null,
        "destination": "ESALG",
        "last_position_epoch": 1764735120,
        "last_position_UTC": "2025-12-03T04:12:00Z"
      },
      {
        "lat": 36.104706,
        "lon": -7.20013,
        "speed": 10.8,
        "course": 99,
        "heading": null,
        "destination": "ESALG",
        "last_position_epoch": 1764731820,
        "last_position_UTC": "2025-12-03T03:17:00Z"
      },
      {
        "lat": 36.136395,
        "lon": -7.3953652,
        "speed": 10.8,
        "course": 101,
        "heading": 97,
        "destination": "ESALG",
        "last_position_epoch": 1764728340,
        "last_position_UTC": "2025-12-03T02:19:00Z"
      },
      {
        "lat": 36.22640666666667,
        "lon": -7.824106666666666,
        "speed": 11.9,
        "course": 110.1,
        "heading": 108,
        "destination": "ESALG",
        "last_position_epoch": 1764721351,
        "last_position_UTC": "2025-12-03T00:22:31Z"
      },
      {
        "lat": 36.23799,
        "lon": -7.8606,
        "speed": 11.7,
        "course": 111.5,
        "heading": 108,
        "destination": "ESALG",
        "last_position_epoch": 1764720771,
        "last_position_UTC": "2025-12-03T00:12:51Z"
      },
      {
        "lat": 36.276095,
        "lon": -7.99551,
        "speed": 11.9,
        "course": 108.9,
        "heading": 107,
        "destination": "ESALG",
        "last_position_epoch": 1764718680,
        "last_position_UTC": "2025-12-02T23:38:00Z"
      },
      {
        "lat": 36.30229666666666,
        "lon": -8.09267,
        "speed": 11.7,
        "course": 107.4,
        "heading": 110,
        "destination": "ESALG",
        "last_position_epoch": 1764717170,
        "last_position_UTC": "2025-12-02T23:12:50Z"
      },
      {
        "lat": 36.33414833333333,
        "lon": -8.212785,
        "speed": 11.4,
        "course": 108.6,
        "heading": 109,
        "destination": "ESALG",
        "last_position_epoch": 1764715261,
        "last_position_UTC": "2025-12-02T22:41:01Z"
      },
      {
        "lat": 36.36192833333333,
        "lon": -8.318318333333334,
        "speed": 11.2,
        "course": 108.3,
        "heading": 109,
        "destination": "ESALG",
        "last_position_epoch": 1764713581,
        "last_position_UTC": "2025-12-02T22:13:01Z"
      },
      {
        "lat": 36.390303333333335,
        "lon": -8.429333333333334,
        "speed": 11.3,
        "course": 107.2,
        "heading": 108,
        "destination": "ESALG",
        "last_position_epoch": 1764711781,
        "last_position_UTC": "2025-12-02T21:43:01Z"
      },
      {
        "lat": 36.417095,
        "lon": -8.5710869,
        "speed": 11,
        "course": 100,
        "heading": 101,
        "destination": "ESALG",
        "last_position_epoch": 1764710040,
        "last_position_UTC": "2025-12-02T21:14:00Z"
      },
      {
        "lat": 36.432926,
        "lon": -8.6703796,
        "speed": 10.8,
        "course": 100,
        "heading": 101,
        "destination": "ESALG",
        "last_position_epoch": 1764708300,
        "last_position_UTC": "2025-12-02T20:45:00Z"
      },
      {
        "lat": 36.4543,
        "lon": -8.7884102,
        "speed": 10.8,
        "course": 105,
        "heading": 104,
        "destination": "ESALG",
        "last_position_epoch": 1764706440,
        "last_position_UTC": "2025-12-02T20:14:00Z"
      },
      {
        "lat": 36.479092,
        "lon": -8.9010715,
        "speed": 10.8,
        "course": 105,
        "heading": 104,
        "destination": "ESALG",
        "last_position_epoch": 1764704580,
        "last_position_UTC": "2025-12-02T19:43:00Z"
      },
      {
        "lat": 36.495733333333334,
        "lon": -8.976966666666666,
        "speed": 10.5,
        "course": 104.5,
        "heading": 103,
        "destination": "ESALG",
        "last_position_epoch": 1764702780,
        "last_position_UTC": "2025-12-02T19:13:00Z"
      },
      {
        "lat": 36.51896,
        "lon": -9.082223333333333,
        "speed": 10.5,
        "course": 103.3,
        "heading": 104,
        "destination": "ESALG",
        "last_position_epoch": 1764700979,
        "last_position_UTC": "2025-12-02T18:42:59Z"
      },
      {
        "lat": 36.542761666666664,
        "lon": -9.189761666666667,
        "speed": 10.6,
        "course": 106.5,
        "heading": 105,
        "destination": "ESALG",
        "last_position_epoch": 1764699151,
        "last_position_UTC": "2025-12-02T18:12:31Z"
      },
      {
        "lat": 36.591915,
        "lon": -9.3271065,
        "speed": 11.1,
        "course": 192,
        "heading": null,
        "destination": "ESALG",
        "last_position_epoch": 1764697380,
        "last_position_UTC": "2025-12-02T17:43:00Z"
      },
      {
        "lat": 36.638805,
        "lon": -9.3895912,
        "speed": 11.3,
        "course": 78,
        "heading": null,
        "destination": "ESALG",
        "last_position_epoch": 1764695580,
        "last_position_UTC": "2025-12-02T17:13:00Z"
      },
      {
        "lat": 36.710972,
        "lon": -9.4734249,
        "speed": 11.6,
        "course": 67,
        "heading": null,
        "destination": "ESALG",
        "last_position_epoch": 1764693720,
        "last_position_UTC": "2025-12-02T16:42:00Z"
      },
      {
        "lat": 37.297009,
        "lon": -9.6925488,
        "speed": 10.5,
        "course": 171,
        "heading": null,
        "destination": "ESALG",
        "last_position_epoch": 1764681900,
        "last_position_UTC": "2025-12-02T13:25:00Z"
      },
      {
        "lat": 37.666853333333336,
        "lon": -9.751505,
        "speed": 10.9,
        "course": 165.9,
        "heading": 167,
        "destination": "ESALG",
        "last_position_epoch": 1764673870,
        "last_position_UTC": "2025-12-02T11:11:10Z"
      },
      {
        "lat": 37.749763333333334,
        "lon": -9.782431666666668,
        "speed": 11.2,
        "course": 162.9,
        "heading": 164,
        "destination": "ESALG",
        "last_position_epoch": 1764672170,
        "last_position_UTC": "2025-12-02T10:42:50Z"
      },
      {
        "lat": 37.901543,
        "lon": -9.8356419,
        "speed": 12,
        "course": 164,
        "heading": 164,
        "destination": "ESALG",
        "last_position_epoch": 1764670380,
        "last_position_UTC": "2025-12-02T10:13:00Z"
      },
      {
        "lat": 37.935646,
        "lon": -9.8476534,
        "speed": 12,
        "course": 163,
        "heading": 164,
        "destination": "ESALG",
        "last_position_epoch": 1764668700,
        "last_position_UTC": "2025-12-02T09:45:00Z"
      },
      {
        "lat": 38.032318,
        "lon": -9.8836546,
        "speed": 12.3,
        "course": 164,
        "heading": 164,
        "destination": "ESALG",
        "last_position_epoch": 1764666960,
        "last_position_UTC": "2025-12-02T09:16:00Z"
      },
      {
        "lat": 38.205585,
        "lon": -9.9352064,
        "speed": 16.5,
        "course": 168,
        "heading": 168,
        "destination": "ESALG",
        "last_position_epoch": 1764665040,
        "last_position_UTC": "2025-12-02T08:44:00Z"
      },
      {
        "lat": 38.335258,
        "lon": -9.9714565,
        "speed": 12.8,
        "course": 168,
        "heading": 167,
        "destination": "ESALG",
        "last_position_epoch": 1764663120,
        "last_position_UTC": "2025-12-02T08:12:00Z"
      },
      {
        "lat": 38.404579,
        "lon": -9.9904852,
        "speed": 13.5,
        "course": 167,
        "heading": 168,
        "destination": "ESALG",
        "last_position_epoch": 1764661380,
        "last_position_UTC": "2025-12-02T07:43:00Z"
      },
      {
        "lat": 38.515293,
        "lon": -10.022674,
        "speed": 13.6,
        "course": 166,
        "heading": 168,
        "destination": "ESALG",
        "last_position_epoch": 1764659580,
        "last_position_UTC": "2025-12-02T07:13:00Z"
      },
      {
        "lat": 38.63448,
        "lon": -10.061452,
        "speed": 14.1,
        "course": 164,
        "heading": 168,
        "destination": "ESALG",
        "last_position_epoch": 1764657780,
        "last_position_UTC": "2025-12-02T06:43:00Z"
      },
      {
        "lat": 38.749805,
        "lon": -10.083885,
        "speed": 13.6,
        "course": 179,
        "heading": 181,
        "destination": "ESALG",
        "last_position_epoch": 1764656160,
        "last_position_UTC": "2025-12-02T06:16:00Z"
      },
      {
        "lat": 38.869167,
        "lon": -10.085355,
        "speed": 13.5,
        "course": 181,
        "heading": 180,
        "destination": "ESALG",
        "last_position_epoch": 1764654180,
        "last_position_UTC": "2025-12-02T05:43:00Z"
      },
      {
        "lat": 38.987453,
        "lon": -10.084429,
        "speed": 13.6,
        "course": 179,
        "heading": 180,
        "destination": "ESALG",
        "last_position_epoch": 1764652500,
        "last_position_UTC": "2025-12-02T05:15:00Z"
      },
      {
        "lat": 39.107685,
        "lon": -10.085732,
        "speed": 13.8,
        "course": 179,
        "heading": 180,
        "destination": "ESALG",
        "last_position_epoch": 1764650640,
        "last_position_UTC": "2025-12-02T04:44:00Z"
      },
      {
        "lat": 39.24525666666667,
        "lon": -10.088121666666666,
        "speed": 14.3,
        "course": 178.6,
        "heading": 181,
        "destination": "ESALG",
        "last_position_epoch": 1764648146,
        "last_position_UTC": "2025-12-02T04:02:26Z"
      },
      {
        "lat": 39.540745,
        "lon": -10.112097,
        "speed": 14.6,
        "course": 173,
        "heading": null,
        "destination": "ESALG",
        "last_position_epoch": 1764643860,
        "last_position_UTC": "2025-12-02T02:51:00Z"
      },
      {
        "lat": 39.677219,
        "lon": -10.130208,
        "speed": 14.1,
        "course": 173,
        "heading": null,
        "destination": "ESALG",
        "last_position_epoch": 1764642000,
        "last_position_UTC": "2025-12-02T02:20:00Z"
      },
      {
        "lat": 39.805298,
        "lon": -10.123605,
        "speed": 14.3,
        "course": 183,
        "heading": 186,
        "destination": "ESALG",
        "last_position_epoch": 1764640080,
        "last_position_UTC": "2025-12-02T01:48:00Z"
      },
      {
        "lat": 40.061741,
        "lon": -10.112001,
        "speed": 14.3,
        "course": 181,
        "heading": 184,
        "destination": "ESALG",
        "last_position_epoch": 1764636180,
        "last_position_UTC": "2025-12-02T00:43:00Z"
      },
      {
        "lat": 40.269146,
        "lon": -10.114668,
        "speed": 14.3,
        "course": 178,
        "heading": 182,
        "destination": "ESALG",
        "last_position_epoch": 1764632820,
        "last_position_UTC": "2025-12-01T23:47:00Z"
      },
      {
        "lat": 40.388592,
        "lon": -10.114203,
        "speed": 14.1,
        "course": 180,
        "heading": 183,
        "destination": "ESALG",
        "last_position_epoch": 1764631020,
        "last_position_UTC": "2025-12-01T23:17:00Z"
      },
      {
        "lat": 40.772388,
        "lon": -10.10957,
        "speed": 14.3,
        "course": 179,
        "heading": 182,
        "destination": "ESALG",
        "last_position_epoch": 1764625500,
        "last_position_UTC": "2025-12-01T21:45:00Z"
      },
      {
        "lat": 40.925743,
        "lon": -10.11029,
        "speed": 14.3,
        "course": 178,
        "heading": 183,
        "destination": "ESALG",
        "last_position_epoch": 1764623580,
        "last_position_UTC": "2025-12-01T21:13:00Z"
      },
      {
        "lat": 41.003578,
        "lon": -10.113988,
        "speed": 14.3,
        "course": 177,
        "heading": 182,
        "destination": "ESALG",
        "last_position_epoch": 1764621900,
        "last_position_UTC": "2025-12-01T20:45:00Z"
      },
      {
        "lat": 41.166286,
        "lon": -10.115895,
        "speed": 15,
        "course": 180,
        "heading": 183,
        "destination": "ESALG",
        "last_position_epoch": 1764620040,
        "last_position_UTC": "2025-12-01T20:14:00Z"
      },
      {
        "lat": 41.282768,
        "lon": -10.115693,
        "speed": 16.2,
        "course": 180,
        "heading": 182,
        "destination": "ESALG",
        "last_position_epoch": 1764618240,
        "last_position_UTC": "2025-12-01T19:44:00Z"
      },
      {
        "lat": 41.426785,
        "lon": -10.11495,
        "speed": 16.2,
        "course": 179,
        "heading": 182,
        "destination": "ESALG",
        "last_position_epoch": 1764616260,
        "last_position_UTC": "2025-12-01T19:11:00Z"
      },
      {
        "lat": 41.559494,
        "lon": -10.117382,
        "speed": 15.6,
        "course": 180,
        "heading": 183,
        "destination": "ESALG",
        "last_position_epoch": 1764614640,
        "last_position_UTC": "2025-12-01T18:44:00Z"
      },
      {
        "lat": 41.689587,
        "lon": -10.11974,
        "speed": 15.6,
        "course": 178,
        "heading": 183,
        "destination": "ESALG",
        "last_position_epoch": 1764612840,
        "last_position_UTC": "2025-12-01T18:14:00Z"
      },
      {
        "lat": 41.844425,
        "lon": -10.126021,
        "speed": 15.5,
        "course": 178,
        "heading": null,
        "destination": "ESALG",
        "last_position_epoch": 1764610140,
        "last_position_UTC": "2025-12-01T17:29:00Z"
      },
      {
        "lat": 41.936775,
        "lon": -10.128785,
        "speed": 15.6,
        "course": 178,
        "heading": null,
        "destination": "ESALG",
        "last_position_epoch": 1764608940,
        "last_position_UTC": "2025-12-01T17:09:00Z"
      },
      {
        "lat": 42.067993,
        "lon": -10.12892,
        "speed": 14.3,
        "course": 176,
        "heading": null,
        "destination": "ESALG",
        "last_position_epoch": 1764607200,
        "last_position_UTC": "2025-12-01T16:40:00Z"
      },
      {
        "lat": 42.218845,
        "lon": -10.125945,
        "speed": 14.6,
        "course": 182,
        "heading": null,
        "destination": "ESALG",
        "last_position_epoch": 1764604980,
        "last_position_UTC": "2025-12-01T16:03:00Z"
      },
      {
        "lat": 42.424618,
        "lon": -10.110945,
        "speed": 14.8,
        "course": 183,
        "heading": 189,
        "destination": "ESALG",
        "last_position_epoch": 1764602040,
        "last_position_UTC": "2025-12-01T15:14:00Z"
      },
      {
        "lat": 42.590229,
        "lon": -10.102632,
        "speed": 13.8,
        "course": 177,
        "heading": 183,
        "destination": "ESALG",
        "last_position_epoch": 1764600180,
        "last_position_UTC": "2025-12-01T14:43:00Z"
      },
      {
        "lat": 42.667465,
        "lon": -10.110385,
        "speed": 14.8,
        "course": 174,
        "heading": 180,
        "destination": "ESALG",
        "last_position_epoch": 1764598440,
        "last_position_UTC": "2025-12-01T14:14:00Z"
      },
      {
        "lat": 42.93576,
        "lon": -10.134316,
        "speed": 17.2,
        "course": 180,
        "heading": null,
        "destination": "ESALG",
        "last_position_epoch": 1764595140,
        "last_position_UTC": "2025-12-01T13:19:00Z"
      },
      {
        "lat": 42.958012,
        "lon": -10.133966,
        "speed": 17.2,
        "course": 180,
        "heading": 184,
        "destination": "ESALG",
        "last_position_epoch": 1764594360,
        "last_position_UTC": "2025-12-01T13:06:00Z"
      },
      {
        "lat": 43.081207,
        "lon": -10.130854,
        "speed": 17.5,
        "course": 180,
        "heading": 185,
        "destination": "ESALG",
        "last_position_epoch": 1764592980,
        "last_position_UTC": "2025-12-01T12:43:00Z"
      },
      {
        "lat": 43.240406,
        "lon": -10.129722,
        "speed": 16.7,
        "course": 180,
        "heading": 185,
        "destination": "ESALG",
        "last_position_epoch": 1764591240,
        "last_position_UTC": "2025-12-01T12:14:00Z"
      },
      {
        "lat": 43.377193,
        "lon": -10.06978,
        "speed": 16.8,
        "course": 214,
        "heading": 214,
        "destination": "ESALG",
        "last_position_epoch": 1764589440,
        "last_position_UTC": "2025-12-01T11:44:00Z"
      },
      {
        "lat": 43.45615,
        "lon": -9.9976969,
        "speed": 17.5,
        "course": 207,
        "heading": 209,
        "destination": "ESALG",
        "last_position_epoch": 1764587700,
        "last_position_UTC": "2025-12-01T11:15:00Z"
      },
      {
        "lat": 43.599201,
        "lon": -9.8944855,
        "speed": 17.2,
        "course": 208,
        "heading": 209,
        "destination": "ESALG",
        "last_position_epoch": 1764585720,
        "last_position_UTC": "2025-12-01T10:42:00Z"
      },
      {
        "lat": 43.720325,
        "lon": -9.8045483,
        "speed": 17.3,
        "course": 208,
        "heading": 209,
        "destination": "ESALG",
        "last_position_epoch": 1764584040,
        "last_position_UTC": "2025-12-01T10:14:00Z"
      },
      {
        "lat": 43.850605,
        "lon": -9.7071915,
        "speed": 17.2,
        "course": 208,
        "heading": 209,
        "destination": "ESALG",
        "last_position_epoch": 1764582240,
        "last_position_UTC": "2025-12-01T09:44:00Z"
      },
      {
        "lat": 43.983524,
        "lon": -9.6136551,
        "speed": 17.5,
        "course": 205,
        "heading": 209,
        "destination": "ESALG",
        "last_position_epoch": 1764580320,
        "last_position_UTC": "2025-12-01T09:12:00Z"
      },
      {
        "lat": 44.116787,
        "lon": -9.5213366,
        "speed": 17.7,
        "course": 207,
        "heading": 209,
        "destination": "ESALG",
        "last_position_epoch": 1764578580,
        "last_position_UTC": "2025-12-01T08:43:00Z"
      },
      {
        "lat": 44.248707,
        "lon": -9.4068384,
        "speed": 17.3,
        "course": 21,
        "heading": 217,
        "destination": "ESALG",
        "last_position_epoch": 1764576720,
        "last_position_UTC": "2025-12-01T08:12:00Z"
      },
      {
        "lat": 44.37146,
        "lon": -9.2834568,
        "speed": 17.6,
        "course": 21,
        "heading": 216,
        "destination": "ESALG",
        "last_position_epoch": 1764574920,
        "last_position_UTC": "2025-12-01T07:42:00Z"
      },
      {
        "lat": 44.49794,
        "lon": -9.1640015,
        "speed": 17.7,
        "course": 20,
        "heading": 209,
        "destination": "ESALG",
        "last_position_epoch": 1764573180,
        "last_position_UTC": "2025-12-01T07:13:00Z"
      },
      {
        "lat": 45.53849,
        "lon": -8.4009399,
        "speed": 17.2,
        "course": 208,
        "heading": 211,
        "destination": "ESALG",
        "last_position_epoch": 1764560940,
        "last_position_UTC": "2025-12-01T03:49:00Z"
      },
      {
        "lat": 45.53849,
        "lon": -8.4009399,
        "speed": 17.2,
        "course": 208,
        "heading": 211,
        "destination": "ESALG",
        "last_position_epoch": 1764559140,
        "last_position_UTC": "2025-12-01T03:19:00Z"
      },
      {
        "lat": 45.663368,
        "lon": -8.3018503,
        "speed": 17.2,
        "course": 210,
        "heading": 211,
        "destination": "ESALG",
        "last_position_epoch": 1764557340,
        "last_position_UTC": "2025-12-01T02:49:00Z"
      },
      {
        "lat": 45.71048,
        "lon": -8.2640896,
        "speed": 17.7,
        "course": 210,
        "heading": 211,
        "destination": "ESALG",
        "last_position_epoch": 1764555840,
        "last_position_UTC": "2025-12-01T02:24:00Z"
      },
      {
        "lat": 46.201756,
        "lon": -7.9068131,
        "speed": 17.6,
        "course": 206,
        "heading": null,
        "destination": "ESALG",
        "last_position_epoch": 1764548520,
        "last_position_UTC": "2025-12-01T00:22:00Z"
      },
      {
        "lat": 46.334133,
        "lon": -7.8181233,
        "speed": 17.2,
        "course": 202,
        "heading": null,
        "destination": "ESALG",
        "last_position_epoch": 1764546720,
        "last_position_UTC": "2025-11-30T23:52:00Z"
      },
      {
        "lat": 47.393799,
        "lon": -7.0473218,
        "speed": 18.3,
        "course": 204,
        "heading": 206,
        "destination": "ESALG",
        "last_position_epoch": 1764532140,
        "last_position_UTC": "2025-11-30T19:49:00Z"
      },
      {
        "lat": 47.524929,
        "lon": -6.9535651,
        "speed": 18.1,
        "course": 206,
        "heading": 207,
        "destination": "ESALG",
        "last_position_epoch": 1764530400,
        "last_position_UTC": "2025-11-30T19:20:00Z"
      },
      {
        "lat": 47.664856,
        "lon": -6.8492765,
        "speed": 18.2,
        "course": 207,
        "heading": 207,
        "destination": "ESALG",
        "last_position_epoch": 1764528600,
        "last_position_UTC": "2025-11-30T18:50:00Z"
      },
      {
        "lat": 47.848022,
        "lon": -6.7131348,
        "speed": 18.7,
        "course": 206,
        "heading": 207,
        "destination": "ESALG",
        "last_position_epoch": 1764526440,
        "last_position_UTC": "2025-11-30T18:14:00Z"
      },
      {
        "lat": 47.940159,
        "lon": -6.6399684,
        "speed": 19.1,
        "course": 209,
        "heading": 210,
        "destination": "ESALG",
        "last_position_epoch": 1764524580,
        "last_position_UTC": "2025-11-30T17:43:00Z"
      },
      {
        "lat": 48.078819,
        "lon": -6.5106301,
        "speed": 19.3,
        "course": 211,
        "heading": 212,
        "destination": "ESALG",
        "last_position_epoch": 1764522840,
        "last_position_UTC": "2025-11-30T17:14:00Z"
      },
      {
        "lat": 48.235546,
        "lon": -6.3791952,
        "speed": 19.5,
        "course": 207,
        "heading": null,
        "destination": "ESALG",
        "last_position_epoch": 1764520800,
        "last_position_UTC": "2025-11-30T16:40:00Z"
      },
      {
        "lat": 48.377899,
        "lon": -6.2704916,
        "speed": 19.6,
        "course": 206,
        "heading": 208,
        "destination": "ESALG",
        "last_position_epoch": 1764519120,
        "last_position_UTC": "2025-11-30T16:12:00Z"
      },
      {
        "lat": 48.522839,
        "lon": -6.1561518,
        "speed": 19.7,
        "course": 211,
        "heading": 212,
        "destination": "ESALG",
        "last_position_epoch": 1764517440,
        "last_position_UTC": "2025-11-30T15:44:00Z"
      },
      {
        "lat": 48.677082,
        "lon": -6.0129466,
        "speed": 19.8,
        "course": 210,
        "heading": 212,
        "destination": "ESALG",
        "last_position_epoch": 1764515520,
        "last_position_UTC": "2025-11-30T15:12:00Z"
      },
      {
        "lat": 48.816036,
        "lon": -5.8827648,
        "speed": 19.6,
        "course": 216,
        "heading": 217,
        "destination": "ESALG",
        "last_position_epoch": 1764513660,
        "last_position_UTC": "2025-11-30T14:41:00Z"
      },
      {
        "lat": 48.922337,
        "lon": -5.7040515,
        "speed": 18.7,
        "course": 241,
        "heading": 242,
        "destination": "ESALG",
        "last_position_epoch": 1764511920,
        "last_position_UTC": "2025-11-30T14:12:00Z"
      },
      {
        "lat": 48.995365,
        "lon": -5.5052834,
        "speed": 18.3,
        "course": 240,
        "heading": 242,
        "destination": "ESALG",
        "last_position_epoch": 1764510120,
        "last_position_UTC": "2025-11-30T13:42:00Z"
      },
      {
        "lat": 49.07552,
        "lon": -5.2848501,
        "speed": 18.1,
        "course": 241,
        "heading": 241,
        "destination": "ESALG",
        "last_position_epoch": 1764508260,
        "last_position_UTC": "2025-11-30T13:11:00Z"
      },
      {
        "lat": 49.147198,
        "lon": -5.0856981,
        "speed": 18,
        "course": 241,
        "heading": 242,
        "destination": "ESALG",
        "last_position_epoch": 1764506520,
        "last_position_UTC": "2025-11-30T12:42:00Z"
      },
      {
        "lat": 49.22504,
        "lon": -4.8724217,
        "speed": 18.2,
        "course": 239,
        "heading": 239,
        "destination": "ESALG",
        "last_position_epoch": 1764504660,
        "last_position_UTC": "2025-11-30T12:11:00Z"
      },
      {
        "lat": 49.30196,
        "lon": -4.6748648,
        "speed": 18.3,
        "course": 239,
        "heading": 240,
        "destination": "ESALG",
        "last_position_epoch": 1764502980,
        "last_position_UTC": "2025-11-30T11:43:00Z"
      },
      {
        "lat": 49.381004,
        "lon": -4.4726415,
        "speed": 18.2,
        "course": 238,
        "heading": 240,
        "destination": "ESALG",
        "last_position_epoch": 1764501120,
        "last_position_UTC": "2025-11-30T11:12:00Z"
      },
      {
        "lat": 49.458969,
        "lon": -4.2720232,
        "speed": 18.7,
        "course": 239,
        "heading": 241,
        "destination": "ESALG",
        "last_position_epoch": 1764499380,
        "last_position_UTC": "2025-11-30T10:43:00Z"
      },
      {
        "lat": 49.538826,
        "lon": -4.0468249,
        "speed": 18.8,
        "course": 241,
        "heading": 242,
        "destination": "ESALG",
        "last_position_epoch": 1764497520,
        "last_position_UTC": "2025-11-30T10:12:00Z"
      },
      {
        "lat": 49.615414,
        "lon": -3.8289983,
        "speed": 17.7,
        "course": 241,
        "heading": 242,
        "destination": "ESALG",
        "last_position_epoch": 1764495660,
        "last_position_UTC": "2025-11-30T09:41:00Z"
      },
      {
        "lat": 49.659447,
        "lon": -3.7050867,
        "speed": 16.7,
        "course": 240,
        "heading": 242,
        "destination": "ESALG",
        "last_position_epoch": 1764493920,
        "last_position_UTC": "2025-11-30T09:12:00Z"
      },
      {
        "lat": 49.74049,
        "lon": -3.4977283,
        "speed": 17.1,
        "course": 238,
        "heading": 239,
        "destination": "ESALG",
        "last_position_epoch": 1764492060,
        "last_position_UTC": "2025-11-30T08:41:00Z"
      },
      {
        "lat": 49.808514,
        "lon": -3.32653,
        "speed": 17.3,
        "course": 238,
        "heading": 239,
        "destination": "ESALG",
        "last_position_epoch": 1764490380,
        "last_position_UTC": "2025-11-30T08:13:00Z"
      },
      {
        "lat": 49.884903,
        "lon": -3.1362417,
        "speed": 17.3,
        "course": 232,
        "heading": 234,
        "destination": "ESALG",
        "last_position_epoch": 1764488580,
        "last_position_UTC": "2025-11-30T07:43:00Z"
      },
      {
        "lat": 49.963982,
        "lon": -2.94206,
        "speed": 16.8,
        "course": 243,
        "heading": 245,
        "destination": "ESALG",
        "last_position_epoch": 1764486780,
        "last_position_UTC": "2025-11-30T07:13:00Z"
      },
      {
        "lat": 49.998447,
        "lon": -2.7329366,
        "speed": 16.6,
        "course": 264,
        "heading": 265,
        "destination": "ESALG",
        "last_position_epoch": 1764484980,
        "last_position_UTC": "2025-11-30T06:43:00Z"
      },
      {
        "lat": 50.027538,
        "lon": -2.3037918,
        "speed": 15.5,
        "course": 274,
        "heading": 276,
        "destination": "ESALG",
        "last_position_epoch": 1764481440,
        "last_position_UTC": "2025-11-30T05:44:00Z"
      },
      {
        "lat": 50.00386,
        "lon": -2.1054399,
        "speed": 14.6,
        "course": 288,
        "heading": 289,
        "destination": "ESALG",
        "last_position_epoch": 1764479460,
        "last_position_UTC": "2025-11-30T05:11:00Z"
      },
      {
        "lat": 49.963127,
        "lon": -1.9239317,
        "speed": 14.1,
        "course": 290,
        "heading": 289,
        "destination": "ESALG",
        "last_position_epoch": 1764477720,
        "last_position_UTC": "2025-11-30T04:42:00Z"
      },
      {
        "lat": 49.923714,
        "lon": -1.7541816,
        "speed": 13.8,
        "course": 290,
        "heading": 290,
        "destination": "ESALG",
        "last_position_epoch": 1764475980,
        "last_position_UTC": "2025-11-30T04:13:00Z"
      },
      {
        "lat": 49.854961,
        "lon": -1.4749466,
        "speed": 13.3,
        "course": 291,
        "heading": 290,
        "destination": "ESALG",
        "last_position_epoch": 1764472800,
        "last_position_UTC": "2025-11-30T03:20:00Z"
      },
      {
        "lat": 49.810955,
        "lon": -1.30538,
        "speed": 12.8,
        "course": 293,
        "heading": 292,
        "destination": "ESALG",
        "last_position_epoch": 1764471000,
        "last_position_UTC": "2025-11-30T02:50:00Z"
      },
      {
        "lat": 49.781307,
        "lon": -1.1911017,
        "speed": 13.1,
        "course": 292,
        "heading": 294,
        "destination": "ESALG",
        "last_position_epoch": 1764469200,
        "last_position_UTC": "2025-11-30T02:20:00Z"
      },
      {
        "lat": 49.742691666666666,
        "lon": -1.0344466666666667,
        "speed": 13.7,
        "course": 289,
        "heading": 291,
        "destination": "ESALG",
        "last_position_epoch": 1764467489,
        "last_position_UTC": "2025-11-30T01:51:29Z"
      },
      {
        "lat": 49.731786666666665,
        "lon": -0.9844166666666667,
        "speed": 13.9,
        "course": 289,
        "heading": 291,
        "destination": "ESALG",
        "last_position_epoch": 1764466954,
        "last_position_UTC": "2025-11-30T01:42:34Z"
      },
      {
        "lat": 49.69559,
        "lon": -0.8106033333333333,
        "speed": 14.5,
        "course": 279.2,
        "heading": 281,
        "destination": "ESALG",
        "last_position_epoch": 1764465178,
        "last_position_UTC": "2025-11-30T01:12:58Z"
      },
      {
        "lat": 49.670896666666664,
        "lon": -0.6034816666666667,
        "speed": 14.9,
        "course": 283.1,
        "heading": 282,
        "destination": "ESALG",
        "last_position_epoch": 1764463198,
        "last_position_UTC": "2025-11-30T00:39:58Z"
      },
      {
        "lat": 49.617068333333336,
        "lon": -0.449345,
        "speed": 15.1,
        "course": 304.9,
        "heading": 304,
        "destination": "ESALG",
        "last_position_epoch": 1764461578,
        "last_position_UTC": "2025-11-30T00:12:58Z"
      },
      {
        "lat": 49.576966666666664,
        "lon": -0.28350333333333333,
        "speed": 12.9,
        "course": 283.8,
        "heading": 283,
        "destination": "ESALG",
        "last_position_epoch": 1764459773,
        "last_position_UTC": "2025-11-29T23:42:53Z"
      },
      {
        "lat": 49.54537333333333,
        "lon": -0.12568666666666667,
        "speed": 12.4,
        "course": 286.9,
        "heading": 286,
        "destination": "ESALG",
        "last_position_epoch": 1764457975,
        "last_position_UTC": "2025-11-29T23:12:55Z"
      },
      {
        "lat": 49.50496166666667,
        "lon": -0.008623333333333334,
        "speed": 13.2,
        "course": 286.8,
        "heading": 286,
        "destination": "ESALG",
        "last_position_epoch": 1764456181,
        "last_position_UTC": "2025-11-29T22:43:01Z"
      },
      {
        "lat": 49.46212,
        "lon": 0.119305,
        "speed": 6.2,
        "course": 292.8,
        "heading": 291,
        "destination": "ESALG",
        "last_position_epoch": 1764454371,
        "last_position_UTC": "2025-11-29T22:12:51Z"
      },
      {
        "lat": 49.457973333333335,
        "lon": 0.16233,
        "speed": 0.1,
        "course": 180,
        "heading": 282,
        "destination": "ESALG",
        "last_position_epoch": 1764452572,
        "last_position_UTC": "2025-11-29T21:42:52Z"
      },
      {
        "lat": 49.458038,
        "lon": 0.16212,
        "speed": 0,
        "course": 180,
        "heading": 282,
        "destination": "FRLEH",
        "last_position_epoch": 1764450660,
        "last_position_UTC": "2025-11-29T21:11:00Z"
      },
      {
        "lat": 49.458008,
        "lon": 0.16215333,
        "speed": 0,
        "course": 180,
        "heading": 282,
        "destination": "FRLEH",
        "last_position_epoch": 1764448920,
        "last_position_UTC": "2025-11-29T20:42:00Z"
      },
      {
        "lat": 49.457912,
        "lon": 0.16204,
        "speed": 0,
        "course": 180,
        "heading": 282,
        "destination": "FRLEH",
        "last_position_epoch": 1764446940,
        "last_position_UTC": "2025-11-29T20:09:00Z"
      },
      {
        "lat": 49.458008,
        "lon": 0.16211499,
        "speed": 0,
        "course": 180,
        "heading": 282,
        "destination": "FRLEH",
        "last_position_epoch": 1764445080,
        "last_position_UTC": "2025-11-29T19:38:00Z"
      },
      {
        "lat": 49.457971666666666,
        "lon": 0.16207333333333335,
        "speed": 0,
        "course": 180,
        "heading": 282,
        "destination": "FRLEH",
        "last_position_epoch": 1764443427,
        "last_position_UTC": "2025-11-29T19:10:27Z"
      },
      {
        "lat": 49.458,
        "lon": 0.16198,
        "speed": 0,
        "course": 180,
        "heading": 282,
        "destination": "FRLEH",
        "last_position_epoch": 1764441627,
        "last_position_UTC": "2025-11-29T18:40:27Z"
      },
      {
        "lat": 49.45807833333333,
        "lon": 0.16220333333333334,
        "speed": 0,
        "course": 180,
        "heading": 282,
        "destination": "FRLEH",
        "last_position_epoch": 1764439823,
        "last_position_UTC": "2025-11-29T18:10:23Z"
      },
      {
        "lat": 49.457947,
        "lon": 0.16207667,
        "speed": 0,
        "course": 180,
        "heading": 282,
        "destination": "FRLEH",
        "last_position_epoch": 1764437940,
        "last_position_UTC": "2025-11-29T17:39:00Z"
      },
      {
        "lat": 49.458043333333336,
        "lon": 0.16214666666666666,
        "speed": 0,
        "course": 180,
        "heading": 282,
        "destination": "FRLEH",
        "last_position_epoch": 1764436229,
        "last_position_UTC": "2025-11-29T17:10:29Z"
      },
      {
        "lat": 49.457926666666665,
        "lon": 0.16220166666666666,
        "speed": 0,
        "course": 180,
        "heading": 282,
        "destination": "FRLEH",
        "last_position_epoch": 1764434426,
        "last_position_UTC": "2025-11-29T16:40:26Z"
      },
      {
        "lat": 49.458016666666666,
        "lon": 0.16209833333333334,
        "speed": 0,
        "course": 148.5,
        "heading": 282,
        "destination": "FRLEH",
        "last_position_epoch": 1764432630,
        "last_position_UTC": "2025-11-29T16:10:30Z"
      },
      {
        "lat": 49.458012,
        "lon": 0.16214333,
        "speed": 0,
        "course": 148,
        "heading": 282,
        "destination": "FRLEH",
        "last_position_epoch": 1764430800,
        "last_position_UTC": "2025-11-29T15:40:00Z"
      },
      {
        "lat": 49.458016666666666,
        "lon": 0.162065,
        "speed": 0,
        "course": 148.5,
        "heading": 282,
        "destination": "FRLEH",
        "last_position_epoch": 1764429025,
        "last_position_UTC": "2025-11-29T15:10:25Z"
      },
      {
        "lat": 49.457943,
        "lon": 0.16205999,
        "speed": 0,
        "course": 148,
        "heading": 282,
        "destination": "FRLEH",
        "last_position_epoch": 1764427140,
        "last_position_UTC": "2025-11-29T14:39:00Z"
      }
    ]
  },
  "meta": {
    "duration": 0.031897796,
    "endpoint": "/api/v0/vessel_history",
    "success": true
  }
}