{
  "data": {
    "uuid": "b77497b1-0916-dc9e-a8d5-9646d911f7ff",
    "name": "RDO ACE",
    "mmsi": "636093158",
    "imo": "9779771",
    "eni": null,
    "country_iso": "LR",
    "type": "Cargo - Hazard D (Recognizable)",
    "type_specific": "Container Ship",
    "positions": [
      {
        "lat": -0.41405001,
        "lon": -80.979576,
        "speed": 13,
        "course": 21,
        "heading": 21,
        "destination": "BUENAVENTURA",
        "last_position_epoch": 1764935220,
        "last_position_UTC": "2025-12-05T11:47:00Z"
      },
      {
        "lat": -0.52374333,
        "lon": -81.024246,
        "speed": 12.6,
        "course": 23,
        "heading": 21,
        "destination": "BUENAVENTURA",
        "last_position_epoch": 1764933480,
        "last_position_UTC": "2025-12-05T11:18:00Z"
      },
      {
        "lat": -0.598535,
        "lon": -81.055092,
        "speed": 12.6,
        "course": 21,
        "heading": 21,
        "destination": "BUENAVENTURA",
        "last_position_epoch": 1764931860,
        "last_position_UTC": "2025-12-05T10:51:00Z"
      },
      {
        "lat": -0.66598666,
        "lon": -81.084816,
        "speed": 12.6,
        "course": 28,
        "heading": 28,
        "destination": "BUENAVENTURA",
        "last_position_epoch": 1764930420,
        "last_position_UTC": "2025-12-05T10:27:00Z"
      },
      {
        "lat": -0.77499831,
        "lon": -81.13179,
        "speed": 12.8,
        "course": 21,
        "heading": 20,
        "destination": "BUENAVENTURA",
        "last_position_epoch": 1764928680,
        "last_position_UTC": "2025-12-05T09:58:00Z"
      },
      {
        "lat": -1.0856616,
        "lon": -81.263962,
        "speed": 12.6,
        "course": 24,
        "heading": 22,
        "destination": "BUENAVENTURA",
        "last_position_epoch": 1764923220,
        "last_position_UTC": "2025-12-05T08:27:00Z"
      },
      {
        "lat": -1.2106084,
        "lon": -81.30587,
        "speed": 12.5,
        "course": 22,
        "heading": 21,
        "destination": "BUENAVENTURA",
        "last_position_epoch": 1764920880,
        "last_position_UTC": "2025-12-05T07:48:00Z"
      },
      {
        "lat": -1.2928717,
        "lon": -81.336235,
        "speed": 12.6,
        "course": 1,
        "heading": 0,
        "destination": "BUENAVENTURA",
        "last_position_epoch": 1764919080,
        "last_position_UTC": "2025-12-05T07:18:00Z"
      },
      {
        "lat": -1.38287,
        "lon": -81.337982,
        "speed": 13.1,
        "course": 1,
        "heading": 359,
        "destination": "BUENAVENTURA",
        "last_position_epoch": 1764917520,
        "last_position_UTC": "2025-12-05T06:52:00Z"
      },
      {
        "lat": -2.1533051,
        "lon": -81.337212,
        "speed": 12.1,
        "course": 359,
        "heading": 359,
        "destination": "BUENAVENTURA",
        "last_position_epoch": 1764904800,
        "last_position_UTC": "2025-12-05T03:20:00Z"
      },
      {
        "lat": -2.7667568,
        "lon": -80.560738,
        "speed": 12.3,
        "course": 260,
        "heading": 262,
        "destination": "BUENAVENTURA",
        "last_position_epoch": 1764883200,
        "last_position_UTC": "2025-12-04T21:20:00Z"
      },
      {
        "lat": -2.7549951,
        "lon": -80.493103,
        "speed": 12.8,
        "course": 259,
        "heading": 262,
        "destination": "BUENAVENTURA",
        "last_position_epoch": 1764881700,
        "last_position_UTC": "2025-12-04T20:55:00Z"
      },
      {
        "lat": -2.7331533,
        "lon": -80.362534,
        "speed": 11.6,
        "course": 259,
        "heading": 259,
        "destination": "BUENAVENTURA",
        "last_position_epoch": 1764879840,
        "last_position_UTC": "2025-12-04T20:24:00Z"
      },
      {
        "lat": -2.7487433,
        "lon": -80.292732,
        "speed": 8.3,
        "course": 309,
        "heading": 310,
        "destination": "BUENAVENTURA",
        "last_position_epoch": 1764877800,
        "last_position_UTC": "2025-12-04T19:50:00Z"
      },
      {
        "lat": -2.7643867,
        "lon": -80.239159,
        "speed": 4.8,
        "course": 195,
        "heading": 207,
        "destination": "BUENAVENTURA",
        "last_position_epoch": 1764875820,
        "last_position_UTC": "2025-12-04T19:17:00Z"
      },
      {
        "lat": -2.7414784,
        "lon": -80.23497,
        "speed": 5.5,
        "course": 178,
        "heading": 185,
        "destination": "BUENAVENTURA",
        "last_position_epoch": 1764874080,
        "last_position_UTC": "2025-12-04T18:48:00Z"
      },
      {
        "lat": -2.6946933,
        "lon": -80.227859,
        "speed": 0,
        "course": 187,
        "heading": 216,
        "destination": "BUENAVENTURA",
        "last_position_epoch": 1764872280,
        "last_position_UTC": "2025-12-04T18:18:00Z"
      },
      {
        "lat": -2.6989617,
        "lon": -80.229401,
        "speed": 0.1,
        "course": 313,
        "heading": 10,
        "destination": "BUENAVENTURA",
        "last_position_epoch": 1764859800,
        "last_position_UTC": "2025-12-04T14:50:00Z"
      },
      {
        "lat": -2.6990149,
        "lon": -80.229553,
        "speed": 0,
        "course": 294,
        "heading": 16,
        "destination": "BUENAVENTURA",
        "last_position_epoch": 1764857820,
        "last_position_UTC": "2025-12-04T14:17:00Z"
      },
      {
        "lat": -2.6985867,
        "lon": -80.229111,
        "speed": 0.1,
        "course": 197,
        "heading": 17,
        "destination": "BUENAVENTURA",
        "last_position_epoch": 1764854220,
        "last_position_UTC": "2025-12-04T13:17:00Z"
      },
      {
        "lat": -2.245785,
        "lon": -79.929695,
        "speed": 0,
        "course": 128,
        "heading": 155,
        "destination": "BUENAVENTURA",
        "last_position_epoch": 1764839640,
        "last_position_UTC": "2025-12-04T09:14:00Z"
      },
      {
        "lat": -2.2457967,
        "lon": -79.92971,
        "speed": 0,
        "course": 128,
        "heading": 155,
        "destination": "BUENAVENTURA",
        "last_position_epoch": 1764834300,
        "last_position_UTC": "2025-12-04T07:45:00Z"
      },
      {
        "lat": -2.245775,
        "lon": -79.929718,
        "speed": 0,
        "course": 128,
        "heading": 155,
        "destination": "BUENAVENTURA",
        "last_position_epoch": 1764827400,
        "last_position_UTC": "2025-12-04T05:50:00Z"
      },
      {
        "lat": -2.2457716,
        "lon": -79.929726,
        "speed": 0,
        "course": 128,
        "heading": 155,
        "destination": "BUENAVENTURA",
        "last_position_epoch": 1764823680,
        "last_position_UTC": "2025-12-04T04:48:00Z"
      },
      {
        "lat": -2.24577,
        "lon": -79.929703,
        "speed": 0,
        "course": 128,
        "heading": 155,
        "destination": "BUENAVENTURA",
        "last_position_epoch": 1764821820,
        "last_position_UTC": "2025-12-04T04:17:00Z"
      },
      {
        "lat": -2.2457016,
        "lon": -79.929718,
        "speed": 0,
        "course": 128,
        "heading": 155,
        "destination": "BUENAVENTURA",
        "last_position_epoch": 1764818340,
        "last_position_UTC": "2025-12-04T03:19:00Z"
      },
      {
        "lat": -2.2457132,
        "lon": -79.92968,
        "speed": 0,
        "course": 128,
        "heading": 155,
        "destination": "BUENAVENTURA",
        "last_position_epoch": 1764816960,
        "last_position_UTC": "2025-12-04T02:56:00Z"
      },
      {
        "lat": -2.2457983,
        "lon": -79.929726,
        "speed": 0,
        "course": 128,
        "heading": 155,
        "destination": "BUENAVENTURA",
        "last_position_epoch": 1764815160,
        "last_position_UTC": "2025-12-04T02:26:00Z"
      },
      {
        "lat": -2.2457683,
        "lon": -79.92968,
        "speed": 0,
        "course": 128,
        "heading": 155,
        "destination": "BUENAVENTURA",
        "last_position_epoch": 1764813060,
        "last_position_UTC": "2025-12-04T01:51:00Z"
      },
      {
        "lat": -2.245775,
        "lon": -79.92971,
        "speed": 0,
        "course": 128,
        "heading": 155,
        "destination": "BUENAVENTURA",
        "last_position_epoch": 1764811320,
        "last_position_UTC": "2025-12-04T01:22:00Z"
      },
      {
        "lat": -2.2457917,
        "lon": -79.929703,
        "speed": 0,
        "course": 128,
        "heading": 155,
        "destination": "BUENAVENTURA",
        "last_position_epoch": 1764805680,
        "last_position_UTC": "2025-12-03T23:48:00Z"
      },
      {
        "lat": -2.245795,
        "lon": -79.929764,
        "speed": 0,
        "course": 128,
        "heading": 155,
        "destination": "BUENAVENTURA",
        "last_position_epoch": 1764803940,
        "last_position_UTC": "2025-12-03T23:19:00Z"
      },
      {
        "lat": -2.245765,
        "lon": -79.929718,
        "speed": 0,
        "course": 0,
        "heading": 155,
        "destination": "BUENAVENTURA",
        "last_position_epoch": 1764792304,
        "last_position_UTC": "2025-12-03T20:05:04Z"
      },
      {
        "lat": -2.2457783,
        "lon": -79.929726,
        "speed": 0,
        "course": 128,
        "heading": 155,
        "destination": "BUENAVENTURA",
        "last_position_epoch": 1764769620,
        "last_position_UTC": "2025-12-03T13:47:00Z"
      },
      {
        "lat": -2.2458067,
        "lon": -79.929726,
        "speed": 0,
        "course": 128,
        "heading": 155,
        "destination": "BUENAVENTURA",
        "last_position_epoch": 1764762420,
        "last_position_UTC": "2025-12-03T11:47:00Z"
      },
      {
        "lat": -2.245785,
        "lon": -79.929695,
        "speed": 0,
        "course": 128,
        "heading": 155,
        "destination": "BUENAVENTURA",
        "last_position_epoch": 1764755220,
        "last_position_UTC": "2025-12-03T09:47:00Z"
      },
      {
        "lat": -2.2457533,
        "lon": -79.929619,
        "speed": 0,
        "course": 128,
        "heading": 155,
        "destination": "BUENAVENTURA",
        "last_position_epoch": 1764751620,
        "last_position_UTC": "2025-12-03T08:47:00Z"
      },
      {
        "lat": -2.2457216,
        "lon": -79.929649,
        "speed": 0,
        "course": 128,
        "heading": 155,
        "destination": "BUENAVENTURA",
        "last_position_epoch": 1764747840,
        "last_position_UTC": "2025-12-03T07:44:00Z"
      },
      {
        "lat": -2.2458501,
        "lon": -79.92971,
        "speed": 0,
        "course": 128,
        "heading": 155,
        "destination": "BUENAVENTURA",
        "last_position_epoch": 1764735420,
        "last_position_UTC": "2025-12-03T04:17:00Z"
      },
      {
        "lat": -2.2458034,
        "lon": -79.92971,
        "speed": 0,
        "course": 128,
        "heading": 155,
        "destination": "BUENAVENTURA",
        "last_position_epoch": 1764733800,
        "last_position_UTC": "2025-12-03T03:50:00Z"
      },
      {
        "lat": -2.2458167,
        "lon": -79.92971,
        "speed": 0,
        "course": 128,
        "heading": 155,
        "destination": "BUENAVENTURA",
        "last_position_epoch": 1764731940,
        "last_position_UTC": "2025-12-03T03:19:00Z"
      },
      {
        "lat": -2.2458217,
        "lon": -79.929718,
        "speed": 0,
        "course": 128,
        "heading": 155,
        "destination": "BUENAVENTURA",
        "last_position_epoch": 1764730320,
        "last_position_UTC": "2025-12-03T02:52:00Z"
      },
      {
        "lat": -2.2458067,
        "lon": -79.929703,
        "speed": 0,
        "course": 128,
        "heading": 155,
        "destination": "BUENAVENTURA",
        "last_position_epoch": 1764728580,
        "last_position_UTC": "2025-12-03T02:23:00Z"
      },
      {
        "lat": -2.2458234,
        "lon": -79.92971,
        "speed": 0,
        "course": 128,
        "heading": 155,
        "destination": "BUENAVENTURA",
        "last_position_epoch": 1764726660,
        "last_position_UTC": "2025-12-03T01:51:00Z"
      },
      {
        "lat": -2.24582,
        "lon": -79.92968,
        "speed": 0,
        "course": 128,
        "heading": 155,
        "destination": "BUENAVENTURA",
        "last_position_epoch": 1764725040,
        "last_position_UTC": "2025-12-03T01:24:00Z"
      },
      {
        "lat": -2.2457867,
        "lon": -79.929695,
        "speed": 0,
        "course": 128,
        "heading": 155,
        "destination": "BUENAVENTURA",
        "last_position_epoch": 1764721140,
        "last_position_UTC": "2025-12-03T00:19:00Z"
      },
      {
        "lat": -2.24579,
        "lon": -79.929672,
        "speed": 0,
        "course": 128,
        "heading": 155,
        "destination": "BUENAVENTURA",
        "last_position_epoch": 1764713820,
        "last_position_UTC": "2025-12-02T22:17:00Z"
      },
      {
        "lat": -2.2457933,
        "lon": -79.92971,
        "speed": 0,
        "course": 128,
        "heading": 155,
        "destination": "GUAYAQUIL",
        "last_position_epoch": 1764708420,
        "last_position_UTC": "2025-12-02T20:47:00Z"
      },
      {
        "lat": -2.2457466,
        "lon": -79.929703,
        "speed": 0,
        "course": 128,
        "heading": 155,
        "destination": "GUAYAQUIL",
        "last_position_epoch": 1764695820,
        "last_position_UTC": "2025-12-02T17:17:00Z"
      },
      {
        "lat": -2.24578,
        "lon": -79.92968,
        "speed": 0,
        "course": 128,
        "heading": 155,
        "destination": "GUAYAQUIL",
        "last_position_epoch": 1764682440,
        "last_position_UTC": "2025-12-02T13:34:00Z"
      },
      {
        "lat": -2.2458134,
        "lon": -79.92968,
        "speed": 0,
        "course": 128,
        "heading": 155,
        "destination": "GUAYAQUIL",
        "last_position_epoch": 1764677400,
        "last_position_UTC": "2025-12-02T12:10:00Z"
      },
      {
        "lat": -2.2458067,
        "lon": -79.929718,
        "speed": 0,
        "course": 128,
        "heading": 155,
        "destination": "GUAYAQUIL",
        "last_position_epoch": 1764670620,
        "last_position_UTC": "2025-12-02T10:17:00Z"
      },
      {
        "lat": -2.2458017,
        "lon": -79.929703,
        "speed": 0,
        "course": 128,
        "heading": 155,
        "destination": "GUAYAQUIL",
        "last_position_epoch": 1764668880,
        "last_position_UTC": "2025-12-02T09:48:00Z"
      },
      {
        "lat": -2.2458267,
        "lon": -79.92971,
        "speed": 0,
        "course": 128,
        "heading": 155,
        "destination": "GUAYAQUIL",
        "last_position_epoch": 1764667080,
        "last_position_UTC": "2025-12-02T09:18:00Z"
      },
      {
        "lat": -2.245795,
        "lon": -79.929688,
        "speed": 0,
        "course": 128,
        "heading": 155,
        "destination": "GUAYAQUIL",
        "last_position_epoch": 1764665220,
        "last_position_UTC": "2025-12-02T08:47:00Z"
      },
      {
        "lat": -2.2457633,
        "lon": -79.92971,
        "speed": 0,
        "course": 0,
        "heading": 155,
        "destination": "GUAYAQUIL",
        "last_position_epoch": 1764660201,
        "last_position_UTC": "2025-12-02T07:23:21Z"
      },
      {
        "lat": -2.2457817,
        "lon": -79.92971,
        "speed": 0,
        "course": 128,
        "heading": 155,
        "destination": "GUAYAQUIL",
        "last_position_epoch": 1764658020,
        "last_position_UTC": "2025-12-02T06:47:00Z"
      },
      {
        "lat": -2.2458749,
        "lon": -79.929695,
        "speed": 0,
        "course": 128,
        "heading": 155,
        "destination": "GUAYAQUIL",
        "last_position_epoch": 1764650820,
        "last_position_UTC": "2025-12-02T04:47:00Z"
      },
      {
        "lat": -2.2458684,
        "lon": -79.929665,
        "speed": 0,
        "course": 128,
        "heading": 155,
        "destination": "GUAYAQUIL",
        "last_position_epoch": 1764647400,
        "last_position_UTC": "2025-12-02T03:50:00Z"
      },
      {
        "lat": -2.2458618,
        "lon": -79.929665,
        "speed": 0,
        "course": 128,
        "heading": 155,
        "destination": "GUAYAQUIL",
        "last_position_epoch": 1764645720,
        "last_position_UTC": "2025-12-02T03:22:00Z"
      },
      {
        "lat": -2.2458684,
        "lon": -79.929695,
        "speed": 0,
        "course": 128,
        "heading": 155,
        "destination": "GUAYAQUIL",
        "last_position_epoch": 1764644160,
        "last_position_UTC": "2025-12-02T02:56:00Z"
      },
      {
        "lat": -2.2458484,
        "lon": -79.929718,
        "speed": 0,
        "course": 128,
        "heading": 155,
        "destination": "GUAYAQUIL",
        "last_position_epoch": 1764642240,
        "last_position_UTC": "2025-12-02T02:24:00Z"
      },
      {
        "lat": -2.2458701,
        "lon": -79.929703,
        "speed": 0,
        "course": 128,
        "heading": 155,
        "destination": "GUAYAQUIL",
        "last_position_epoch": 1764640260,
        "last_position_UTC": "2025-12-02T01:51:00Z"
      },
      {
        "lat": -2.2458484,
        "lon": -79.92968,
        "speed": 0,
        "course": 0,
        "heading": 155,
        "destination": "GUAYAQUIL",
        "last_position_epoch": 1764638735,
        "last_position_UTC": "2025-12-02T01:25:35Z"
      },
      {
        "lat": -2.2457883,
        "lon": -79.929703,
        "speed": 0,
        "course": 128,
        "heading": 155,
        "destination": "GUAYAQUIL",
        "last_position_epoch": 1764634800,
        "last_position_UTC": "2025-12-02T00:20:00Z"
      },
      {
        "lat": -2.2457817,
        "lon": -79.929703,
        "speed": 0,
        "course": 128,
        "heading": 155,
        "destination": "GUAYAQUIL",
        "last_position_epoch": 1764633000,
        "last_position_UTC": "2025-12-01T23:50:00Z"
      },
      {
        "lat": -2.2457733,
        "lon": -79.929718,
        "speed": 0,
        "course": 128,
        "heading": 155,
        "destination": "GUAYAQUIL",
        "last_position_epoch": 1764631320,
        "last_position_UTC": "2025-12-01T23:22:00Z"
      },
      {
        "lat": -2.2457683,
        "lon": -79.929726,
        "speed": 0,
        "course": 128,
        "heading": 155,
        "destination": "GUAYAQUIL",
        "last_position_epoch": 1764629220,
        "last_position_UTC": "2025-12-01T22:47:00Z"
      },
      {
        "lat": -2.2457566,
        "lon": -79.929726,
        "speed": 0,
        "course": 128,
        "heading": 155,
        "destination": "GUAYAQUIL",
        "last_position_epoch": 1764627600,
        "last_position_UTC": "2025-12-01T22:20:00Z"
      },
      {
        "lat": -2.2457683,
        "lon": -79.929741,
        "speed": 0,
        "course": 128,
        "heading": 155,
        "destination": "GUAYAQUIL",
        "last_position_epoch": 1764625680,
        "last_position_UTC": "2025-12-01T21:48:00Z"
      },
      {
        "lat": -2.2457616,
        "lon": -79.929695,
        "speed": 0,
        "course": 128,
        "heading": 155,
        "destination": "GUAYAQUIL",
        "last_position_epoch": 1764618420,
        "last_position_UTC": "2025-12-01T19:47:00Z"
      },
      {
        "lat": -2.2457817,
        "lon": -79.929726,
        "speed": 0,
        "course": 0,
        "heading": 155,
        "destination": "GUAYAQUIL",
        "last_position_epoch": 1764614830,
        "last_position_UTC": "2025-12-01T18:47:10Z"
      },
      {
        "lat": -2.2458184,
        "lon": -79.929672,
        "speed": 0,
        "course": 128,
        "heading": 155,
        "destination": "GUAYAQUIL",
        "last_position_epoch": 1764611220,
        "last_position_UTC": "2025-12-01T17:47:00Z"
      },
      {
        "lat": -2.2457666,
        "lon": -79.929695,
        "speed": 0,
        "course": 128,
        "heading": 155,
        "destination": "GUAYAQUIL",
        "last_position_epoch": 1764609480,
        "last_position_UTC": "2025-12-01T17:18:00Z"
      },
      {
        "lat": -2.2457783,
        "lon": -79.929756,
        "speed": 0,
        "course": 128,
        "heading": 155,
        "destination": "GUAYAQUIL",
        "last_position_epoch": 1764605880,
        "last_position_UTC": "2025-12-01T16:18:00Z"
      },
      {
        "lat": -2.2457666,
        "lon": -79.92968,
        "speed": 0,
        "course": 128,
        "heading": 155,
        "destination": "GUAYAQUIL",
        "last_position_epoch": 1764602220,
        "last_position_UTC": "2025-12-01T15:17:00Z"
      },
      {
        "lat": -2.2457633,
        "lon": -79.929733,
        "speed": 0,
        "course": 128,
        "heading": 155,
        "destination": "GUAYAQUIL",
        "last_position_epoch": 1764598620,
        "last_position_UTC": "2025-12-01T14:17:00Z"
      },
      {
        "lat": -2.2457199,
        "lon": -79.929787,
        "speed": 0,
        "course": 128,
        "heading": 155,
        "destination": "GUAYAQUIL",
        "last_position_epoch": 1764589680,
        "last_position_UTC": "2025-12-01T11:48:00Z"
      },
      {
        "lat": -2.2457666,
        "lon": -79.929695,
        "speed": 0,
        "course": 128,
        "heading": 155,
        "destination": "GUAYAQUIL",
        "last_position_epoch": 1764586140,
        "last_position_UTC": "2025-12-01T10:49:00Z"
      },
      {
        "lat": -2.2458034,
        "lon": -79.929779,
        "speed": 0,
        "course": 128,
        "heading": 155,
        "destination": "GUAYAQUIL",
        "last_position_epoch": 1764582420,
        "last_position_UTC": "2025-12-01T09:47:00Z"
      },
      {
        "lat": -2.2367532,
        "lon": -79.94175,
        "speed": 5.6,
        "course": 98,
        "heading": 96,
        "destination": "GUAYAQUIL",
        "last_position_epoch": 1764575220,
        "last_position_UTC": "2025-12-01T07:47:00Z"
      },
      {
        "lat": -2.2497351,
        "lon": -79.971184,
        "speed": 7.5,
        "course": 85,
        "heading": 67,
        "destination": "GUAYAQUIL",
        "last_position_epoch": 1764573420,
        "last_position_UTC": "2025-12-01T07:17:00Z"
      },
      {
        "lat": -2.3596966,
        "lon": -80.008842,
        "speed": 12.6,
        "course": 57,
        "heading": 67,
        "destination": "GUAYAQUIL",
        "last_position_epoch": 1764569820,
        "last_position_UTC": "2025-12-01T06:17:00Z"
      },
      {
        "lat": -2.4449716,
        "lon": -80.044945,
        "speed": 13.8,
        "course": 37,
        "heading": 38,
        "destination": "GUAYAQUIL",
        "last_position_epoch": 1764568020,
        "last_position_UTC": "2025-12-01T05:47:00Z"
      },
      {
        "lat": -2.8382416,
        "lon": -80.59787,
        "speed": 12.6,
        "course": 38,
        "heading": 36,
        "destination": "GUAYAQUIL",
        "last_position_epoch": 1764554280,
        "last_position_UTC": "2025-12-01T01:58:00Z"
      },
      {
        "lat": -2.9291468,
        "lon": -80.670067,
        "speed": 13.1,
        "course": 38,
        "heading": 37,
        "destination": "GUAYAQUIL",
        "last_position_epoch": 1764552360,
        "last_position_UTC": "2025-12-01T01:26:00Z"
      },
      {
        "lat": -3.0046518,
        "lon": -80.725883,
        "speed": 14,
        "course": 37,
        "heading": 35,
        "destination": "GUAYAQUIL",
        "last_position_epoch": 1764550680,
        "last_position_UTC": "2025-12-01T00:58:00Z"
      },
      {
        "lat": -3.1115832,
        "lon": -80.826988,
        "speed": 14,
        "course": 44,
        "heading": 44,
        "destination": "GUAYAQUIL",
        "last_position_epoch": 1764548820,
        "last_position_UTC": "2025-12-01T00:27:00Z"
      },
      {
        "lat": -3.2118683,
        "lon": -80.891556,
        "speed": 14.1,
        "course": 35,
        "heading": 33,
        "destination": "GUAYAQUIL",
        "last_position_epoch": 1764546600,
        "last_position_UTC": "2025-11-30T23:50:00Z"
      },
      {
        "lat": -3.3026049,
        "lon": -80.959869,
        "speed": 14,
        "course": 37,
        "heading": 36,
        "destination": "GUAYAQUIL",
        "last_position_epoch": 1764545220,
        "last_position_UTC": "2025-11-30T23:27:00Z"
      },
      {
        "lat": -3.3774517,
        "lon": -81.017807,
        "speed": 13.8,
        "course": 38,
        "heading": 36,
        "destination": "GUAYAQUIL",
        "last_position_epoch": 1764543300,
        "last_position_UTC": "2025-11-30T22:55:00Z"
      },
      {
        "lat": -3.4815049,
        "lon": -81.097733,
        "speed": 14,
        "course": 37,
        "heading": 37,
        "destination": "GUAYAQUIL",
        "last_position_epoch": 1764541500,
        "last_position_UTC": "2025-11-30T22:25:00Z"
      },
      {
        "lat": -3.5894284,
        "lon": -81.176224,
        "speed": 13.8,
        "course": 33,
        "heading": 33,
        "destination": "GUAYAQUIL",
        "last_position_epoch": 1764539640,
        "last_position_UTC": "2025-11-30T21:54:00Z"
      },
      {
        "lat": -3.6847551,
        "lon": -81.243782,
        "speed": 13.8,
        "course": 37,
        "heading": 37,
        "destination": "GUAYAQUIL",
        "last_position_epoch": 1764537840,
        "last_position_UTC": "2025-11-30T21:24:00Z"
      },
      {
        "lat": -3.892405,
        "lon": -81.402168,
        "speed": 14,
        "course": 36,
        "heading": 38,
        "destination": "GUAYAQUIL",
        "last_position_epoch": 1764533820,
        "last_position_UTC": "2025-11-30T20:17:00Z"
      },
      {
        "lat": -4.1374049,
        "lon": -81.587097,
        "speed": 14,
        "course": 35,
        "heading": 37,
        "destination": "GUAYAQUIL",
        "last_position_epoch": 1764528660,
        "last_position_UTC": "2025-11-30T18:51:00Z"
      },
      {
        "lat": -4.284955,
        "lon": -81.653915,
        "speed": 14.3,
        "course": 355,
        "heading": 357,
        "destination": "GUAYAQUIL",
        "last_position_epoch": 1764526680,
        "last_position_UTC": "2025-11-30T18:18:00Z"
      },
      {
        "lat": -4.7893152,
        "lon": -81.58268,
        "speed": 20.6,
        "course": 350,
        "heading": 350,
        "destination": "GUAYAQUIL",
        "last_position_epoch": 1764519300,
        "last_position_UTC": "2025-11-30T16:15:00Z"
      },
      {
        "lat": -6.9993567,
        "lon": -80.991417,
        "speed": 14.1,
        "course": 337,
        "heading": 337,
        "destination": "GUAYAQUIL",
        "last_position_epoch": 1764483660,
        "last_position_UTC": "2025-11-30T06:21:00Z"
      },
      {
        "lat": -7.1435285,
        "lon": -80.926582,
        "speed": 13.8,
        "course": 328,
        "heading": 332,
        "destination": "GUAYAQUIL",
        "last_position_epoch": 1764481620,
        "last_position_UTC": "2025-11-30T05:47:00Z"
      },
      {
        "lat": -7.6103835,
        "lon": -80.611664,
        "speed": 13.8,
        "course": 324,
        "heading": 325,
        "destination": "GUAYAQUIL",
        "last_position_epoch": 1764472920,
        "last_position_UTC": "2025-11-30T03:22:00Z"
      },
      {
        "lat": -7.72686,
        "lon": -80.532303,
        "speed": 13.8,
        "course": 328,
        "heading": 325,
        "destination": "GUAYAQUIL",
        "last_position_epoch": 1764471180,
        "last_position_UTC": "2025-11-30T02:53:00Z"
      },
      {
        "lat": -7.8051,
        "lon": -80.478775,
        "speed": 13.8,
        "course": 322,
        "heading": 321,
        "destination": "GUAYAQUIL",
        "last_position_epoch": 1764469260,
        "last_position_UTC": "2025-11-30T02:21:00Z"
      },
      {
        "lat": -7.8811369,
        "lon": -80.428268,
        "speed": 13.8,
        "course": 326,
        "heading": 328,
        "destination": "GUAYAQUIL",
        "last_position_epoch": 1764467700,
        "last_position_UTC": "2025-11-30T01:55:00Z"
      },
      {
        "lat": -8.0019312,
        "lon": -80.353271,
        "speed": 14,
        "course": 323,
        "heading": 325,
        "destination": "GUAYAQUIL",
        "last_position_epoch": 1764465840,
        "last_position_UTC": "2025-11-30T01:24:00Z"
      },
      {
        "lat": -8.0670586,
        "lon": -80.304581,
        "speed": 14.1,
        "course": 322,
        "heading": 324,
        "destination": "GUAYAQUIL",
        "last_position_epoch": 1764464400,
        "last_position_UTC": "2025-11-30T01:00:00Z"
      },
      {
        "lat": -8.1465836,
        "lon": -80.244225,
        "speed": 14.1,
        "course": 318,
        "heading": 320,
        "destination": "GUAYAQUIL",
        "last_position_epoch": 1764462720,
        "last_position_UTC": "2025-11-30T00:32:00Z"
      },
      {
        "lat": -8.2649336,
        "lon": -80.157234,
        "speed": 13.8,
        "course": 331,
        "heading": 333,
        "destination": "GUAYAQUIL",
        "last_position_epoch": 1764460680,
        "last_position_UTC": "2025-11-29T23:58:00Z"
      },
      {
        "lat": -8.3894749,
        "lon": -80.083405,
        "speed": 14,
        "course": 324,
        "heading": 327,
        "destination": "GUAYAQUIL",
        "last_position_epoch": 1764458460,
        "last_position_UTC": "2025-11-29T23:21:00Z"
      },
      {
        "lat": -8.5091295,
        "lon": -80.000923,
        "speed": 14.1,
        "course": 328,
        "heading": 328,
        "destination": "GUAYAQUIL",
        "last_position_epoch": 1764456420,
        "last_position_UTC": "2025-11-29T22:47:00Z"
      },
      {
        "lat": -8.5846033,
        "lon": -79.950584,
        "speed": 14.3,
        "course": 327,
        "heading": 327,
        "destination": "GUAYAQUIL",
        "last_position_epoch": 1764454620,
        "last_position_UTC": "2025-11-29T22:17:00Z"
      },
      {
        "lat": -8.6861429,
        "lon": -79.885811,
        "speed": 14.1,
        "course": 326,
        "heading": 325,
        "destination": "GUAYAQUIL",
        "last_position_epoch": 1764452880,
        "last_position_UTC": "2025-11-29T21:48:00Z"
      },
      {
        "lat": -8.7968016,
        "lon": -79.808563,
        "speed": 14,
        "course": 324,
        "heading": 326,
        "destination": "GUAYAQUIL",
        "last_position_epoch": 1764451020,
        "last_position_UTC": "2025-11-29T21:17:00Z"
      },
      {
        "lat": -8.8810434,
        "lon": -79.749962,
        "speed": 14.1,
        "course": 326,
        "heading": 325,
        "destination": "GUAYAQUIL",
        "last_position_epoch": 1764449280,
        "last_position_UTC": "2025-11-29T20:48:00Z"
      },
      {
        "lat": -9.0051899,
        "lon": -79.66629,
        "speed": 13.8,
        "course": 326,
        "heading": 326,
        "destination": "GUAYAQUIL",
        "last_position_epoch": 1764447420,
        "last_position_UTC": "2025-11-29T20:17:00Z"
      },
      {
        "lat": -9.6616688,
        "lon": -79.218483,
        "speed": 14.1,
        "course": 329,
        "heading": 330,
        "destination": "GUAYAQUIL",
        "last_position_epoch": 1764434820,
        "last_position_UTC": "2025-11-29T16:47:00Z"
      },
      {
        "lat": -9.8839836,
        "lon": -79.07061,
        "speed": 14.1,
        "course": 325,
        "heading": 326,
        "destination": "GUAYAQUIL",
        "last_position_epoch": 1764431040,
        "last_position_UTC": "2025-11-29T15:44:00Z"
      },
      {
        "lat": -9.9618216,
        "lon": -79.01693,
        "speed": 14,
        "course": 326,
        "heading": 326,
        "destination": "GUAYAQUIL",
        "last_position_epoch": 1764429240,
        "last_position_UTC": "2025-11-29T15:14:00Z"
      },
      {
        "lat": -10.090062,
        "lon": -78.927132,
        "speed": 13.8,
        "course": 328,
        "heading": 329,
        "destination": "GUAYAQUIL",
        "last_position_epoch": 1764427380,
        "last_position_UTC": "2025-11-29T14:43:00Z"
      }
    ]
  },
  "meta": {
    "duration": 0.014084229,
    "endpoint": "/api/v0/vessel_history",
    "success": true
  }
}