{
  "data": {
    "uuid": "5151b406-1ed0-cc70-9824-3473274dbb7a",
    "name": "YM UNIFORM",
    "mmsi": "636013693",
    "imo": "9337482",
    "eni": null,
    "country_iso": "LR",
    "type": "Cargo - Hazard D (Recognizable)",
    "type_specific": "Container Ship",
    "positions": [
      {
        "lat": 29.997128,
        "lon": 125.70791,
        "speed": 18.5,
        "course": 80,
        "heading": null,
        "destination": "CNNGB>USLAX",
        "last_position_epoch": 1765028880,
        "last_position_UTC": "2025-12-06T13:48:00Z"
      },
      {
        "lat": 29.853094,
        "lon": 124.46,
        "speed": 17.7,
        "course": 92,
        "heading": null,
        "destination": "CNNGB>USLAX",
        "last_position_epoch": 1765016220,
        "last_position_UTC": "2025-12-06T10:17:00Z"
      },
      {
        "lat": 29.842817,
        "lon": 124.34971,
        "speed": 18,
        "course": 75,
        "heading": 75,
        "destination": "CNNGB>USLAX",
        "last_position_epoch": 1765014540,
        "last_position_UTC": "2025-12-06T09:49:00Z"
      },
      {
        "lat": 29.802549,
        "lon": 124.17677,
        "speed": 17.8,
        "course": 87,
        "heading": 89,
        "destination": "CNNGB",
        "last_position_epoch": 1765012860,
        "last_position_UTC": "2025-12-06T09:21:00Z"
      },
      {
        "lat": 29.804087,
        "lon": 124.0535,
        "speed": 18,
        "course": 94,
        "heading": 93,
        "destination": "CNNGB",
        "last_position_epoch": 1765011120,
        "last_position_UTC": "2025-12-06T08:52:00Z"
      },
      {
        "lat": 29.811493,
        "lon": 123.8616,
        "speed": 18.2,
        "course": 91,
        "heading": 90,
        "destination": "CNNGB>USLAX",
        "last_position_epoch": 1765009260,
        "last_position_UTC": "2025-12-06T08:21:00Z"
      },
      {
        "lat": 29.799147,
        "lon": 123.6879,
        "speed": 18.7,
        "course": 86,
        "heading": 85,
        "destination": "CNNGB>USLAX",
        "last_position_epoch": 1765007400,
        "last_position_UTC": "2025-12-06T07:50:00Z"
      },
      {
        "lat": 29.817739,
        "lon": 123.50045,
        "speed": 19,
        "course": 99,
        "heading": 100,
        "destination": "CNNGB>USLAX",
        "last_position_epoch": 1765005600,
        "last_position_UTC": "2025-12-06T07:20:00Z"
      },
      {
        "lat": 29.817261,
        "lon": 123.34753,
        "speed": 18.8,
        "course": 84,
        "heading": 84,
        "destination": "CNNGB>USLAX",
        "last_position_epoch": 1765003920,
        "last_position_UTC": "2025-12-06T06:52:00Z"
      },
      {
        "lat": 29.797634,
        "lon": 123.17244,
        "speed": 19,
        "course": 83,
        "heading": 83,
        "destination": "CNNGB>USLAX",
        "last_position_epoch": 1765002240,
        "last_position_UTC": "2025-12-06T06:24:00Z"
      },
      {
        "lat": 29.752728,
        "lon": 123.02534,
        "speed": 18.7,
        "course": 63,
        "heading": 64,
        "destination": "CNNGB>USLAX",
        "last_position_epoch": 1765000620,
        "last_position_UTC": "2025-12-06T05:57:00Z"
      },
      {
        "lat": 29.682894,
        "lon": 122.81183,
        "speed": 18.5,
        "course": 85,
        "heading": 85,
        "destination": "CNNGB>USLAX",
        "last_position_epoch": 1764998640,
        "last_position_UTC": "2025-12-06T05:24:00Z"
      },
      {
        "lat": 29.676029,
        "lon": 122.6818,
        "speed": 16.2,
        "course": 88,
        "heading": 90,
        "destination": "CNNGB>USLAX",
        "last_position_epoch": 1764996840,
        "last_position_UTC": "2025-12-06T04:54:00Z"
      },
      {
        "lat": 29.674927,
        "lon": 122.53863,
        "speed": 15.6,
        "course": 99,
        "heading": 101,
        "destination": "CNNGB>USLAX",
        "last_position_epoch": 1764995160,
        "last_position_UTC": "2025-12-06T04:26:00Z"
      },
      {
        "lat": 29.715981,
        "lon": 122.37373,
        "speed": 14.3,
        "course": 111,
        "heading": 118,
        "destination": "CNNGB>USLAX",
        "last_position_epoch": 1764993240,
        "last_position_UTC": "2025-12-06T03:54:00Z"
      },
      {
        "lat": 29.76263,
        "lon": 122.29472,
        "speed": 7.4,
        "course": 130,
        "heading": 132,
        "destination": "CNNGB>USLAX",
        "last_position_epoch": 1764991560,
        "last_position_UTC": "2025-12-06T03:26:00Z"
      },
      {
        "lat": 29.821436,
        "lon": 122.22155,
        "speed": 11.1,
        "course": 144,
        "heading": 142,
        "destination": "CNNGB>USLAX",
        "last_position_epoch": 1764989520,
        "last_position_UTC": "2025-12-06T02:52:00Z"
      },
      {
        "lat": 29.902687,
        "lon": 122.16443,
        "speed": 12.3,
        "course": 138,
        "heading": 146,
        "destination": "CNNGB>USLAX",
        "last_position_epoch": 1764987840,
        "last_position_UTC": "2025-12-06T02:24:00Z"
      },
      {
        "lat": 29.920406,
        "lon": 122.05108,
        "speed": 13.1,
        "course": 91,
        "heading": 91,
        "destination": "CNNGB>USLAX",
        "last_position_epoch": 1764985980,
        "last_position_UTC": "2025-12-06T01:53:00Z"
      },
      {
        "lat": 29.959867,
        "lon": 121.98092,
        "speed": 11.3,
        "course": 120,
        "heading": 130,
        "destination": "CNNGB>USLAX",
        "last_position_epoch": 1764984180,
        "last_position_UTC": "2025-12-06T01:23:00Z"
      },
      {
        "lat": 29.953747,
        "lon": 121.90965,
        "speed": 12.8,
        "course": 79,
        "heading": 80,
        "destination": "TWKEL>CNNGB",
        "last_position_epoch": 1764982620,
        "last_position_UTC": "2025-12-06T00:57:00Z"
      },
      {
        "lat": 29.946114,
        "lon": 121.83871,
        "speed": 0.8,
        "course": 42,
        "heading": 284,
        "destination": "TWKEL>CNNGB",
        "last_position_epoch": 1764980520,
        "last_position_UTC": "2025-12-06T00:22:00Z"
      },
      {
        "lat": 29.945169,
        "lon": 121.83785,
        "speed": 0,
        "course": 178,
        "heading": 293,
        "destination": "TWKEL>CNNGB",
        "last_position_epoch": 1764978420,
        "last_position_UTC": "2025-12-05T23:47:00Z"
      },
      {
        "lat": 29.94516,
        "lon": 121.83787,
        "speed": 0,
        "course": 287,
        "heading": 293,
        "destination": "TWKEL>CNNGB",
        "last_position_epoch": 1764974940,
        "last_position_UTC": "2025-12-05T22:49:00Z"
      },
      {
        "lat": 29.945156,
        "lon": 121.83785,
        "speed": 0.3,
        "course": 212,
        "heading": 293,
        "destination": "TWKEL>CNNGB",
        "last_position_epoch": 1764973140,
        "last_position_UTC": "2025-12-05T22:19:00Z"
      },
      {
        "lat": 29.945173,
        "lon": 121.83785,
        "speed": 0.2,
        "course": 358,
        "heading": 293,
        "destination": "TWKEL>CNNGB",
        "last_position_epoch": 1764971460,
        "last_position_UTC": "2025-12-05T21:51:00Z"
      },
      {
        "lat": 29.945173,
        "lon": 121.83785,
        "speed": 0,
        "course": 190,
        "heading": 293,
        "destination": "TWKEL>CNNGB",
        "last_position_epoch": 1764969480,
        "last_position_UTC": "2025-12-05T21:18:00Z"
      },
      {
        "lat": 29.94516,
        "lon": 121.83787,
        "speed": 0,
        "course": 127,
        "heading": 293,
        "destination": "TWKEL>CNNGB",
        "last_position_epoch": 1764966060,
        "last_position_UTC": "2025-12-05T20:21:00Z"
      },
      {
        "lat": 29.945173,
        "lon": 121.83787,
        "speed": 0.1,
        "course": 42,
        "heading": 293,
        "destination": "TWKEL>CNNGB",
        "last_position_epoch": 1764962520,
        "last_position_UTC": "2025-12-05T19:22:00Z"
      },
      {
        "lat": 29.945169,
        "lon": 121.83784,
        "speed": 0.1,
        "course": 222,
        "heading": 293,
        "destination": "TWKEL>CNNGB",
        "last_position_epoch": 1764960720,
        "last_position_UTC": "2025-12-05T18:52:00Z"
      },
      {
        "lat": 29.945177,
        "lon": 121.83784,
        "speed": 0.3,
        "course": 247,
        "heading": 293,
        "destination": "TWKEL>CNNGB",
        "last_position_epoch": 1764957000,
        "last_position_UTC": "2025-12-05T17:50:00Z"
      },
      {
        "lat": 29.945164,
        "lon": 121.83787,
        "speed": 0,
        "course": 7,
        "heading": 293,
        "destination": "TWKEL>CNNGB",
        "last_position_epoch": 1764951480,
        "last_position_UTC": "2025-12-05T16:18:00Z"
      },
      {
        "lat": 29.950808,
        "lon": 121.87149,
        "speed": 9.6,
        "course": 246,
        "heading": 262,
        "destination": "TWKEL>CNNGB",
        "last_position_epoch": 1764917580,
        "last_position_UTC": "2025-12-05T06:53:00Z"
      },
      {
        "lat": 29.92617,
        "lon": 122.06411,
        "speed": 13.3,
        "course": 269,
        "heading": 271,
        "destination": "TWKEL>CNNGB",
        "last_position_epoch": 1764913980,
        "last_position_UTC": "2025-12-05T05:53:00Z"
      },
      {
        "lat": 29.892374,
        "lon": 122.18629,
        "speed": 13.8,
        "course": 334,
        "heading": 331,
        "destination": "TWKEL>CNNGB",
        "last_position_epoch": 1764912240,
        "last_position_UTC": "2025-12-05T05:24:00Z"
      },
      {
        "lat": 29.832167,
        "lon": 122.16912,
        "speed": 4.5,
        "course": 67,
        "heading": 55,
        "destination": "TWKEL>CNNGB",
        "last_position_epoch": 1764910440,
        "last_position_UTC": "2025-12-05T04:54:00Z"
      },
      {
        "lat": 29.77701,
        "lon": 122.15958,
        "speed": 12.3,
        "course": 325,
        "heading": 326,
        "destination": "TWKEL>CNNGB",
        "last_position_epoch": 1764908640,
        "last_position_UTC": "2025-12-05T04:24:00Z"
      },
      {
        "lat": 29.723194,
        "lon": 122.24057,
        "speed": 13.8,
        "course": 295,
        "heading": 290,
        "destination": "TWKEL>CNNGB",
        "last_position_epoch": 1764907116,
        "last_position_UTC": "2025-12-05T03:58:36Z"
      },
      {
        "lat": 29.689213,
        "lon": 122.39677,
        "speed": 8.3,
        "course": 271,
        "heading": 268,
        "destination": "TWKEL>CNNGB",
        "last_position_epoch": 1764905040,
        "last_position_UTC": "2025-12-05T03:24:00Z"
      },
      {
        "lat": 29.685814,
        "lon": 122.45328,
        "speed": 10.1,
        "course": 275,
        "heading": 276,
        "destination": "TWKEL>CNNGB",
        "last_position_epoch": 1764903360,
        "last_position_UTC": "2025-12-05T02:56:00Z"
      },
      {
        "lat": 29.74235,
        "lon": 122.49725,
        "speed": 0.4,
        "course": 264,
        "heading": 100,
        "destination": "TWKEL>CNNGB",
        "last_position_epoch": 1764901500,
        "last_position_UTC": "2025-12-05T02:25:00Z"
      },
      {
        "lat": 29.743347,
        "lon": 122.49619,
        "speed": 0,
        "course": 346,
        "heading": 100,
        "destination": "TWKEL>CNNGB",
        "last_position_epoch": 1764899640,
        "last_position_UTC": "2025-12-05T01:54:00Z"
      },
      {
        "lat": 29.743587,
        "lon": 122.49608,
        "speed": 0.1,
        "course": 253,
        "heading": 110,
        "destination": "TWKEL>CNNGB",
        "last_position_epoch": 1764897660,
        "last_position_UTC": "2025-12-05T01:21:00Z"
      },
      {
        "lat": 29.734913,
        "lon": 122.49438,
        "speed": 5.5,
        "course": 20,
        "heading": 46,
        "destination": "TWKEL>CNNGB",
        "last_position_epoch": 1764896040,
        "last_position_UTC": "2025-12-05T00:54:00Z"
      },
      {
        "lat": 29.699057,
        "lon": 122.54969,
        "speed": 9.6,
        "course": 269,
        "heading": 271,
        "destination": "TWKEL>CNNGB",
        "last_position_epoch": 1764894300,
        "last_position_UTC": "2025-12-05T00:25:00Z"
      },
      {
        "lat": 29.691946,
        "lon": 122.67912,
        "speed": 12.8,
        "course": 269,
        "heading": 271,
        "destination": "TWKEL>CNNGB",
        "last_position_epoch": 1764892440,
        "last_position_UTC": "2025-12-04T23:54:00Z"
      },
      {
        "lat": 29.705748,
        "lon": 122.77666,
        "speed": 9.5,
        "course": 256,
        "heading": 256,
        "destination": "TWKEL>CNNGB",
        "last_position_epoch": 1764890760,
        "last_position_UTC": "2025-12-04T23:26:00Z"
      },
      {
        "lat": 29.70013,
        "lon": 122.89957,
        "speed": 13.3,
        "course": 278,
        "heading": 280,
        "destination": "TWKEL>CNNGB",
        "last_position_epoch": 1764888840,
        "last_position_UTC": "2025-12-04T22:54:00Z"
      },
      {
        "lat": 29.718567,
        "lon": 123.02096,
        "speed": 9.6,
        "course": 210,
        "heading": 210,
        "destination": "TWKEL>CNNGB",
        "last_position_epoch": 1764887100,
        "last_position_UTC": "2025-12-04T22:25:00Z"
      },
      {
        "lat": 29.703163,
        "lon": 123.01609,
        "speed": 0.4,
        "course": 73,
        "heading": 55,
        "destination": "TWKEL>CNNGB",
        "last_position_epoch": 1764885120,
        "last_position_UTC": "2025-12-04T21:52:00Z"
      },
      {
        "lat": 29.703497,
        "lon": 123.01711,
        "speed": 0.2,
        "course": 81,
        "heading": 34,
        "destination": "TWKEL>CNNGB",
        "last_position_epoch": 1764883200,
        "last_position_UTC": "2025-12-04T21:20:00Z"
      },
      {
        "lat": 29.703407,
        "lon": 123.01736,
        "speed": 0.1,
        "course": 357,
        "heading": 26,
        "destination": "TWKEL>CNNGB",
        "last_position_epoch": 1764881700,
        "last_position_UTC": "2025-12-04T20:55:00Z"
      },
      {
        "lat": 29.70318,
        "lon": 123.01783,
        "speed": 0.1,
        "course": 334,
        "heading": 15,
        "destination": "TWKEL>CNNGB",
        "last_position_epoch": 1764879780,
        "last_position_UTC": "2025-12-04T20:23:00Z"
      },
      {
        "lat": 29.70322,
        "lon": 123.01846,
        "speed": 0.2,
        "course": 268,
        "heading": 0,
        "destination": "TWKEL>CNNGB",
        "last_position_epoch": 1764877920,
        "last_position_UTC": "2025-12-04T19:52:00Z"
      },
      {
        "lat": 29.703274,
        "lon": 123.01917,
        "speed": 0,
        "course": 27,
        "heading": 348,
        "destination": "TWKEL>CNNGB",
        "last_position_epoch": 1764876000,
        "last_position_UTC": "2025-12-04T19:20:00Z"
      },
      {
        "lat": 29.703342,
        "lon": 123.01901,
        "speed": 0.2,
        "course": 120,
        "heading": 358,
        "destination": "TWKEL>CNNGB",
        "last_position_epoch": 1764874380,
        "last_position_UTC": "2025-12-04T18:53:00Z"
      },
      {
        "lat": 29.70348,
        "lon": 123.01935,
        "speed": 0.1,
        "course": 97,
        "heading": 351,
        "destination": "TWKEL>CNNGB",
        "last_position_epoch": 1764872460,
        "last_position_UTC": "2025-12-04T18:21:00Z"
      },
      {
        "lat": 29.703653,
        "lon": 123.01974,
        "speed": 0.2,
        "course": 285,
        "heading": 343,
        "destination": "TWKEL>CNNGB",
        "last_position_epoch": 1764870660,
        "last_position_UTC": "2025-12-04T17:51:00Z"
      },
      {
        "lat": 29.7038,
        "lon": 123.02015,
        "speed": 0.2,
        "course": 279,
        "heading": 332,
        "destination": "TWKEL>CNNGB",
        "last_position_epoch": 1764868860,
        "last_position_UTC": "2025-12-04T17:21:00Z"
      },
      {
        "lat": 29.703974,
        "lon": 123.02036,
        "speed": 0.1,
        "course": 12,
        "heading": 331,
        "destination": "TWKEL>CNNGB",
        "last_position_epoch": 1764867240,
        "last_position_UTC": "2025-12-04T16:54:00Z"
      },
      {
        "lat": 29.704367,
        "lon": 123.02083,
        "speed": 0.2,
        "course": 229,
        "heading": 317,
        "destination": "TWKEL>CNNGB",
        "last_position_epoch": 1764865260,
        "last_position_UTC": "2025-12-04T16:21:00Z"
      },
      {
        "lat": 29.705584,
        "lon": 123.02135,
        "speed": 0,
        "course": 110,
        "heading": 288,
        "destination": "TWKEL>CNNGB",
        "last_position_epoch": 1764863520,
        "last_position_UTC": "2025-12-04T15:52:00Z"
      },
      {
        "lat": 29.707243,
        "lon": 123.02048,
        "speed": 0.1,
        "course": 137,
        "heading": 248,
        "destination": "TWKEL>CNNGB",
        "last_position_epoch": 1764861540,
        "last_position_UTC": "2025-12-04T15:19:00Z"
      },
      {
        "lat": 29.707554,
        "lon": 123.0206,
        "speed": 0.2,
        "course": 95,
        "heading": 244,
        "destination": "TWKEL>CNNGB",
        "last_position_epoch": 1764859680,
        "last_position_UTC": "2025-12-04T14:48:00Z"
      },
      {
        "lat": 29.707993,
        "lon": 123.01965,
        "speed": 0,
        "course": 32,
        "heading": 223,
        "destination": "TWKEL>CNNGB",
        "last_position_epoch": 1764856380,
        "last_position_UTC": "2025-12-04T13:53:00Z"
      },
      {
        "lat": 29.707777,
        "lon": 123.01947,
        "speed": 0,
        "course": 265,
        "heading": 201,
        "destination": "TWKEL>CNNGB",
        "last_position_epoch": 1764854400,
        "last_position_UTC": "2025-12-04T13:20:00Z"
      },
      {
        "lat": 29.708073,
        "lon": 123.01844,
        "speed": 0.2,
        "course": 85,
        "heading": 160,
        "destination": "TWKEL>CNNGB",
        "last_position_epoch": 1764852480,
        "last_position_UTC": "2025-12-04T12:48:00Z"
      },
      {
        "lat": 29.707926,
        "lon": 123.0181,
        "speed": 0.2,
        "course": 117,
        "heading": 151,
        "destination": "TWKEL>CNNGB",
        "last_position_epoch": 1764850860,
        "last_position_UTC": "2025-12-04T12:21:00Z"
      },
      {
        "lat": 29.707747,
        "lon": 123.01783,
        "speed": 0.1,
        "course": 53,
        "heading": 143,
        "destination": "TWKEL>CNNGB",
        "last_position_epoch": 1764849300,
        "last_position_UTC": "2025-12-04T11:55:00Z"
      },
      {
        "lat": 29.70756,
        "lon": 123.017,
        "speed": 0.1,
        "course": 196,
        "heading": 122,
        "destination": "TWKEL>CNNGB",
        "last_position_epoch": 1764847320,
        "last_position_UTC": "2025-12-04T11:22:00Z"
      },
      {
        "lat": 29.707199,
        "lon": 123.0166,
        "speed": 0.2,
        "course": 36,
        "heading": 108,
        "destination": "TWKEL>CNNGB",
        "last_position_epoch": 1764845520,
        "last_position_UTC": "2025-12-04T10:52:00Z"
      },
      {
        "lat": 29.706087,
        "lon": 123.01603,
        "speed": 0.1,
        "course": 351,
        "heading": 91,
        "destination": "TWKEL>CNNGB",
        "last_position_epoch": 1764843660,
        "last_position_UTC": "2025-12-04T10:21:00Z"
      },
      {
        "lat": 29.704466,
        "lon": 123.01619,
        "speed": 0.1,
        "course": 345,
        "heading": 65,
        "destination": "TWKEL>CNNGB",
        "last_position_epoch": 1764841920,
        "last_position_UTC": "2025-12-04T09:52:00Z"
      },
      {
        "lat": 29.703417,
        "lon": 123.01739,
        "speed": 0.2,
        "course": 273,
        "heading": 34,
        "destination": "TWKEL>CNNGB",
        "last_position_epoch": 1764840000,
        "last_position_UTC": "2025-12-04T09:20:00Z"
      },
      {
        "lat": 29.703194,
        "lon": 123.01812,
        "speed": 0.1,
        "course": 250,
        "heading": 11,
        "destination": "TWKEL>CNNGB",
        "last_position_epoch": 1764838320,
        "last_position_UTC": "2025-12-04T08:52:00Z"
      },
      {
        "lat": 29.703053,
        "lon": 123.01837,
        "speed": 0.1,
        "course": 42,
        "heading": 12,
        "destination": "TWKEL>CNNGB",
        "last_position_epoch": 1764836400,
        "last_position_UTC": "2025-12-04T08:20:00Z"
      },
      {
        "lat": 29.703033,
        "lon": 123.01871,
        "speed": 0.2,
        "course": 293,
        "heading": 0,
        "destination": "TWKEL>CNNGB",
        "last_position_epoch": 1764834720,
        "last_position_UTC": "2025-12-04T07:52:00Z"
      },
      {
        "lat": 29.703194,
        "lon": 123.01923,
        "speed": 0.1,
        "course": 273,
        "heading": 350,
        "destination": "TWKEL>CNNGB",
        "last_position_epoch": 1764832920,
        "last_position_UTC": "2025-12-04T07:22:00Z"
      },
      {
        "lat": 29.703173,
        "lon": 123.01921,
        "speed": 0.2,
        "course": 162,
        "heading": 359,
        "destination": "TWKEL>CNNGB",
        "last_position_epoch": 1764831000,
        "last_position_UTC": "2025-12-04T06:50:00Z"
      },
      {
        "lat": 29.703167,
        "lon": 123.01945,
        "speed": 0.3,
        "course": 277,
        "heading": 350,
        "destination": "TWKEL>CNNGB",
        "last_position_epoch": 1764829020,
        "last_position_UTC": "2025-12-04T06:17:00Z"
      },
      {
        "lat": 29.703247,
        "lon": 123.01933,
        "speed": 0.4,
        "course": 90,
        "heading": 0,
        "destination": "TWKEL>CNNGB",
        "last_position_epoch": 1764827520,
        "last_position_UTC": "2025-12-04T05:52:00Z"
      },
      {
        "lat": 29.703373,
        "lon": 123.01992,
        "speed": 0,
        "course": 286,
        "heading": 342,
        "destination": "TWKEL>CNNGB",
        "last_position_epoch": 1764825840,
        "last_position_UTC": "2025-12-04T05:24:00Z"
      },
      {
        "lat": 29.703497,
        "lon": 123.01996,
        "speed": 0,
        "course": 165,
        "heading": 339,
        "destination": "TWKEL>CNNGB",
        "last_position_epoch": 1764823920,
        "last_position_UTC": "2025-12-04T04:52:00Z"
      },
      {
        "lat": 29.703854,
        "lon": 123.02048,
        "speed": 0,
        "course": 22,
        "heading": 331,
        "destination": "TWKEL>CNNGB",
        "last_position_epoch": 1764822060,
        "last_position_UTC": "2025-12-04T04:21:00Z"
      },
      {
        "lat": 29.704187,
        "lon": 123.02095,
        "speed": 0.3,
        "course": 205,
        "heading": 308,
        "destination": "TWKEL>CNNGB",
        "last_position_epoch": 1764820320,
        "last_position_UTC": "2025-12-04T03:52:00Z"
      },
      {
        "lat": 29.70676,
        "lon": 123.02056,
        "speed": 0.3,
        "course": 123,
        "heading": 231,
        "destination": "TWKEL>CNNGB",
        "last_position_epoch": 1764818520,
        "last_position_UTC": "2025-12-04T03:22:00Z"
      },
      {
        "lat": 29.707514,
        "lon": 123.01919,
        "speed": 0.1,
        "course": 187,
        "heading": 182,
        "destination": "TWKEL>CNNGB",
        "last_position_epoch": 1764816960,
        "last_position_UTC": "2025-12-04T02:56:00Z"
      },
      {
        "lat": 29.707939,
        "lon": 123.01794,
        "speed": 0.3,
        "course": 139,
        "heading": 157,
        "destination": "TWKEL>CNNGB",
        "last_position_epoch": 1764814620,
        "last_position_UTC": "2025-12-04T02:17:00Z"
      },
      {
        "lat": 29.706234,
        "lon": 123.01701,
        "speed": 1.1,
        "course": 108,
        "heading": 151,
        "destination": "TWKEL>CNNGB",
        "last_position_epoch": 1764813360,
        "last_position_UTC": "2025-12-04T01:56:00Z"
      },
      {
        "lat": 29.696177,
        "lon": 122.97459,
        "speed": 6.4,
        "course": 59,
        "heading": 54,
        "destination": "TWKEL>CNNGB",
        "last_position_epoch": 1764811560,
        "last_position_UTC": "2025-12-04T01:26:00Z"
      },
      {
        "lat": 29.67342,
        "lon": 122.95583,
        "speed": 8.6,
        "course": 358,
        "heading": 0,
        "destination": "TWKEL>CNNGB",
        "last_position_epoch": 1764809580,
        "last_position_UTC": "2025-12-04T00:53:00Z"
      },
      {
        "lat": 29.607822,
        "lon": 122.93082,
        "speed": 8.8,
        "course": 21,
        "heading": 27,
        "destination": "TWKEL>CNNGB",
        "last_position_epoch": 1764807720,
        "last_position_UTC": "2025-12-04T00:22:00Z"
      },
      {
        "lat": 29.533327,
        "lon": 122.91319,
        "speed": 9.1,
        "course": 6,
        "heading": 10,
        "destination": "TWKEL>CNNGB",
        "last_position_epoch": 1764805980,
        "last_position_UTC": "2025-12-03T23:53:00Z"
      },
      {
        "lat": 29.4496,
        "lon": 122.91341,
        "speed": 11.1,
        "course": 345,
        "heading": 348,
        "destination": "TWKEL>CNNGB",
        "last_position_epoch": 1764804240,
        "last_position_UTC": "2025-12-03T23:24:00Z"
      },
      {
        "lat": 29.354679,
        "lon": 122.92899,
        "speed": 10.6,
        "course": 358,
        "heading": 0,
        "destination": "TWKEL>CNNGB",
        "last_position_epoch": 1764802380,
        "last_position_UTC": "2025-12-03T22:53:00Z"
      },
      {
        "lat": 29.27034,
        "lon": 122.91805,
        "speed": 9.3,
        "course": 42,
        "heading": 44,
        "destination": "TWKEL>CNNGB",
        "last_position_epoch": 1764800580,
        "last_position_UTC": "2025-12-03T22:23:00Z"
      },
      {
        "lat": 29.196716,
        "lon": 122.8643,
        "speed": 9.6,
        "course": 11,
        "heading": 17,
        "destination": "TWKEL>CNNGB",
        "last_position_epoch": 1764798780,
        "last_position_UTC": "2025-12-03T21:53:00Z"
      },
      {
        "lat": 29.144569,
        "lon": 122.85272,
        "speed": 9.3,
        "course": 11,
        "heading": 15,
        "destination": "TWKEL>CNNGB",
        "last_position_epoch": 1764797040,
        "last_position_UTC": "2025-12-03T21:24:00Z"
      },
      {
        "lat": 29.032921,
        "lon": 122.82483,
        "speed": 9.3,
        "course": 11,
        "heading": 16,
        "destination": "TWKEL>CNNGB",
        "last_position_epoch": 1764795120,
        "last_position_UTC": "2025-12-03T20:52:00Z"
      },
      {
        "lat": 28.979593,
        "lon": 122.81595,
        "speed": 9.1,
        "course": 1,
        "heading": 7,
        "destination": "TWKEL>CNNGB",
        "last_position_epoch": 1764793440,
        "last_position_UTC": "2025-12-03T20:24:00Z"
      },
      {
        "lat": 28.89658,
        "lon": 122.82096,
        "speed": 9.3,
        "course": 354,
        "heading": 0,
        "destination": "TWKEL>CNNGB",
        "last_position_epoch": 1764791640,
        "last_position_UTC": "2025-12-03T19:54:00Z"
      },
      {
        "lat": 28.807907,
        "lon": 122.82558,
        "speed": 9.6,
        "course": 9,
        "heading": 15,
        "destination": "TWKEL>CNNGB",
        "last_position_epoch": 1764789660,
        "last_position_UTC": "2025-12-03T19:21:00Z"
      },
      {
        "lat": 28.752787,
        "lon": 122.81541,
        "speed": 9.8,
        "course": 0,
        "heading": 5,
        "destination": "TWKEL>CNNGB",
        "last_position_epoch": 1764787980,
        "last_position_UTC": "2025-12-03T18:53:00Z"
      },
      {
        "lat": 28.663094,
        "lon": 122.81586,
        "speed": 10,
        "course": 0,
        "heading": 2,
        "destination": "TWKEL>CNNGB",
        "last_position_epoch": 1764786180,
        "last_position_UTC": "2025-12-03T18:23:00Z"
      },
      {
        "lat": 28.566713,
        "lon": 122.81584,
        "speed": 9.8,
        "course": 1,
        "heading": 4,
        "destination": "TWKEL>CNNGB",
        "last_position_epoch": 1764784140,
        "last_position_UTC": "2025-12-03T17:49:00Z"
      },
      {
        "lat": 28.487797,
        "lon": 122.8091,
        "speed": 9.8,
        "course": 11,
        "heading": 10,
        "destination": "TWKEL>CNNGB",
        "last_position_epoch": 1764782460,
        "last_position_UTC": "2025-12-03T17:21:00Z"
      },
      {
        "lat": 28.401621,
        "lon": 122.78248,
        "speed": 10.5,
        "course": 18,
        "heading": 18,
        "destination": "TWKEL>CNNGB",
        "last_position_epoch": 1764780720,
        "last_position_UTC": "2025-12-03T16:52:00Z"
      },
      {
        "lat": 28.218107,
        "lon": 122.58488,
        "speed": 1.2,
        "course": 189,
        "heading": 118,
        "destination": "TWKEL>CNNGB",
        "last_position_epoch": 1764773520,
        "last_position_UTC": "2025-12-03T14:52:00Z"
      },
      {
        "lat": 28.233328,
        "lon": 122.58965,
        "speed": 2.9,
        "course": 18,
        "heading": 105,
        "destination": "TWKEL>CNNGB",
        "last_position_epoch": 1764771720,
        "last_position_UTC": "2025-12-03T14:22:00Z"
      },
      {
        "lat": 28.249237,
        "lon": 122.59419,
        "speed": 1.7,
        "course": 20,
        "heading": 107,
        "destination": "TWKEL>CNNGB",
        "last_position_epoch": 1764769860,
        "last_position_UTC": "2025-12-03T13:51:00Z"
      },
      {
        "lat": 28.345346,
        "lon": 122.64676,
        "speed": 1.6,
        "course": 236,
        "heading": 108,
        "destination": "TWKEL>CNNGB",
        "last_position_epoch": 1764758940,
        "last_position_UTC": "2025-12-03T10:49:00Z"
      },
      {
        "lat": 28.354013,
        "lon": 122.65428,
        "speed": 2.9,
        "course": 209,
        "heading": 106,
        "destination": "TWKEL>CNNGB",
        "last_position_epoch": 1764757260,
        "last_position_UTC": "2025-12-03T10:21:00Z"
      },
      {
        "lat": 28.368547,
        "lon": 122.66779,
        "speed": 1.7,
        "course": 225,
        "heading": 98,
        "destination": "TWKEL>CNNGB",
        "last_position_epoch": 1764755580,
        "last_position_UTC": "2025-12-03T09:53:00Z"
      },
      {
        "lat": 28.384687,
        "lon": 122.67971,
        "speed": 2.9,
        "course": 198,
        "heading": 98,
        "destination": "TWKEL>CNNGB",
        "last_position_epoch": 1764753900,
        "last_position_UTC": "2025-12-03T09:25:00Z"
      },
      {
        "lat": 28.40271,
        "lon": 122.69427,
        "speed": 1.6,
        "course": 233,
        "heading": 100,
        "destination": "TWKEL>CNNGB",
        "last_position_epoch": 1764751920,
        "last_position_UTC": "2025-12-03T08:52:00Z"
      },
      {
        "lat": 28.419769,
        "lon": 122.70692,
        "speed": 3,
        "course": 211,
        "heading": 98,
        "destination": "TWKEL>CNNGB",
        "last_position_epoch": 1764750240,
        "last_position_UTC": "2025-12-03T08:24:00Z"
      },
      {
        "lat": 28.439114,
        "lon": 122.72018,
        "speed": 2.5,
        "course": 207,
        "heading": 93,
        "destination": "TWKEL>CNNGB",
        "last_position_epoch": 1764748320,
        "last_position_UTC": "2025-12-03T07:52:00Z"
      },
      {
        "lat": 28.520117,
        "lon": 122.76161,
        "speed": 3.2,
        "course": 198,
        "heading": 97,
        "destination": "TWKEL>CNNGB",
        "last_position_epoch": 1764741240,
        "last_position_UTC": "2025-12-03T05:54:00Z"
      },
      {
        "lat": 28.547871,
        "lon": 122.77174,
        "speed": 3,
        "course": 188,
        "heading": 83,
        "destination": "TWKEL>CNNGB",
        "last_position_epoch": 1764739080,
        "last_position_UTC": "2025-12-03T05:18:00Z"
      },
      {
        "lat": 28.610928,
        "lon": 122.7846,
        "speed": 2.7,
        "course": 186,
        "heading": 83,
        "destination": "TWKEL>CNNGB",
        "last_position_epoch": 1764733680,
        "last_position_UTC": "2025-12-03T03:48:00Z"
      },
      {
        "lat": 28.634413,
        "lon": 122.78511,
        "speed": 3,
        "course": 179,
        "heading": 83,
        "destination": "TWKEL>CNNGB",
        "last_position_epoch": 1764731880,
        "last_position_UTC": "2025-12-03T03:18:00Z"
      },
      {
        "lat": 28.701981,
        "lon": 122.78342,
        "speed": 2.2,
        "course": 186,
        "heading": 112,
        "destination": "TWKEL>CNNGB",
        "last_position_epoch": 1764726540,
        "last_position_UTC": "2025-12-03T01:49:00Z"
      },
      {
        "lat": 28.724283,
        "lon": 122.78389,
        "speed": 1.7,
        "course": 173,
        "heading": 112,
        "destination": "TWKEL>CNNGB",
        "last_position_epoch": 1764724620,
        "last_position_UTC": "2025-12-03T01:17:00Z"
      },
      {
        "lat": 28.739134,
        "lon": 122.78528,
        "speed": 1.2,
        "course": 187,
        "heading": 112,
        "destination": "TWKEL>CNNGB",
        "last_position_epoch": 1764723060,
        "last_position_UTC": "2025-12-03T00:51:00Z"
      },
      {
        "lat": 28.84016,
        "lon": 122.81834,
        "speed": 2.2,
        "course": 207,
        "heading": 112,
        "destination": "TWKEL>CNNGB",
        "last_position_epoch": 1764710460,
        "last_position_UTC": "2025-12-02T21:21:00Z"
      },
      {
        "lat": 28.869497,
        "lon": 122.84079,
        "speed": 2,
        "course": 221,
        "heading": 112,
        "destination": "TWKEL>CNNGB",
        "last_position_epoch": 1764706860,
        "last_position_UTC": "2025-12-02T20:21:00Z"
      },
      {
        "lat": 28.888117,
        "lon": 122.85548,
        "speed": 2.5,
        "course": 213,
        "heading": 112,
        "destination": "TWKEL>CNNGB",
        "last_position_epoch": 1764704940,
        "last_position_UTC": "2025-12-02T19:49:00Z"
      },
      {
        "lat": 28.905746,
        "lon": 122.86787,
        "speed": 2.5,
        "course": 210,
        "heading": 112,
        "destination": "TWKEL>CNNGB",
        "last_position_epoch": 1764703260,
        "last_position_UTC": "2025-12-02T19:21:00Z"
      },
      {
        "lat": 28.926966,
        "lon": 122.88036,
        "speed": 2.2,
        "course": 202,
        "heading": 112,
        "destination": "TWKEL>CNNGB",
        "last_position_epoch": 1764701400,
        "last_position_UTC": "2025-12-02T18:50:00Z"
      },
      {
        "lat": 28.939554,
        "lon": 122.885,
        "speed": 2.4,
        "course": 200,
        "heading": 112,
        "destination": "TWKEL>CNNGB",
        "last_position_epoch": 1764699635,
        "last_position_UTC": "2025-12-02T18:20:35Z"
      },
      {
        "lat": 28.961737,
        "lon": 122.89342,
        "speed": 2.4,
        "course": 200,
        "heading": 112,
        "destination": "TWKEL>CNNGB",
        "last_position_epoch": 1764697920,
        "last_position_UTC": "2025-12-02T17:52:00Z"
      },
      {
        "lat": 29.004507,
        "lon": 122.90671,
        "speed": 2.4,
        "course": 187,
        "heading": 112,
        "destination": "TWKEL>CNNGB",
        "last_position_epoch": 1764694080,
        "last_position_UTC": "2025-12-02T16:48:00Z"
      },
      {
        "lat": 29.020157,
        "lon": 122.90953,
        "speed": 2,
        "course": 189,
        "heading": 112,
        "destination": "TWKEL>CNNGB",
        "last_position_epoch": 1764692220,
        "last_position_UTC": "2025-12-02T16:17:00Z"
      },
      {
        "lat": 29.11422,
        "lon": 122.93328,
        "speed": 1.2,
        "course": 207,
        "heading": 118,
        "destination": "TWKEL>CNNGB",
        "last_position_epoch": 1764681780,
        "last_position_UTC": "2025-12-02T13:23:00Z"
      },
      {
        "lat": 29.123213,
        "lon": 122.93784,
        "speed": 1.7,
        "course": 202,
        "heading": 119,
        "destination": "TWKEL>CNNGB",
        "last_position_epoch": 1764679920,
        "last_position_UTC": "2025-12-02T12:52:00Z"
      },
      {
        "lat": 29.138453,
        "lon": 122.94684,
        "speed": 1.1,
        "course": 201,
        "heading": 100,
        "destination": "TWKEL>CNNGB",
        "last_position_epoch": 1764676618,
        "last_position_UTC": "2025-12-02T11:56:58Z"
      },
      {
        "lat": 29.149633,
        "lon": 122.95461,
        "speed": 1.2,
        "course": 219,
        "heading": 100,
        "destination": "TWKEL>CNNGB",
        "last_position_epoch": 1764674400,
        "last_position_UTC": "2025-12-02T11:20:00Z"
      },
      {
        "lat": 29.157948,
        "lon": 122.96168,
        "speed": 1.5,
        "course": 211,
        "heading": 100,
        "destination": "TWKEL>CNNGB",
        "last_position_epoch": 1764672600,
        "last_position_UTC": "2025-12-02T10:50:00Z"
      },
      {
        "lat": 29.168222,
        "lon": 122.97066,
        "speed": 1.2,
        "course": 211,
        "heading": 100,
        "destination": "TWKEL>CNNGB",
        "last_position_epoch": 1764670620,
        "last_position_UTC": "2025-12-02T10:17:00Z"
      },
      {
        "lat": 29.177601,
        "lon": 122.97742,
        "speed": 1.5,
        "course": 218,
        "heading": 100,
        "destination": "TWKEL>CNNGB",
        "last_position_epoch": 1764669060,
        "last_position_UTC": "2025-12-02T09:51:00Z"
      },
      {
        "lat": 29.199921,
        "lon": 123.00072,
        "speed": 2,
        "course": 221,
        "heading": 98,
        "destination": "TWKEL>CNNGB",
        "last_position_epoch": 1764665580,
        "last_position_UTC": "2025-12-02T08:53:00Z"
      },
      {
        "lat": 29.215273,
        "lon": 123.01501,
        "speed": 2,
        "course": 220,
        "heading": 101,
        "destination": "TWKEL>CNNGB",
        "last_position_epoch": 1764663420,
        "last_position_UTC": "2025-12-02T08:17:00Z"
      },
      {
        "lat": 29.235973,
        "lon": 123.03487,
        "speed": 2.2,
        "course": 216,
        "heading": 101,
        "destination": "TWKEL>CNNGB",
        "last_position_epoch": 1764660120,
        "last_position_UTC": "2025-12-02T07:22:00Z"
      },
      {
        "lat": 29.252314,
        "lon": 123.04632,
        "speed": 2.2,
        "course": 205,
        "heading": 98,
        "destination": "TWKEL>CNNGB",
        "last_position_epoch": 1764658320,
        "last_position_UTC": "2025-12-02T06:52:00Z"
      },
      {
        "lat": 29.270727,
        "lon": 123.05835,
        "speed": 2,
        "course": 210,
        "heading": 103,
        "destination": "TWKEL>CNNGB",
        "last_position_epoch": 1764656280,
        "last_position_UTC": "2025-12-02T06:18:00Z"
      },
      {
        "lat": 29.2852,
        "lon": 123.06744,
        "speed": 1.8,
        "course": 209,
        "heading": 102,
        "destination": "TWKEL>CNNGB",
        "last_position_epoch": 1764654840,
        "last_position_UTC": "2025-12-02T05:54:00Z"
      },
      {
        "lat": 29.307276,
        "lon": 123.07827,
        "speed": 2,
        "course": 198,
        "heading": 97,
        "destination": "TWKEL>CNNGB",
        "last_position_epoch": 1764653040,
        "last_position_UTC": "2025-12-02T05:24:00Z"
      },
      {
        "lat": 29.319363,
        "lon": 123.0817,
        "speed": 2,
        "course": 191,
        "heading": 95,
        "destination": "TWKEL>CNNGB",
        "last_position_epoch": 1764651180,
        "last_position_UTC": "2025-12-02T04:53:00Z"
      },
      {
        "lat": 29.337166,
        "lon": 123.08546,
        "speed": 1.7,
        "course": 192,
        "heading": 101,
        "destination": "TWKEL>CNNGB",
        "last_position_epoch": 1764649080,
        "last_position_UTC": "2025-12-02T04:18:00Z"
      },
      {
        "lat": 29.347441,
        "lon": 123.0868,
        "speed": 1.7,
        "course": 176,
        "heading": 101,
        "destination": "TWKEL>CNNGB",
        "last_position_epoch": 1764647520,
        "last_position_UTC": "2025-12-02T03:52:00Z"
      },
      {
        "lat": 29.350147,
        "lon": 123.01739,
        "speed": 7.5,
        "course": 90,
        "heading": 77,
        "destination": "TWKEL>CNNGB",
        "last_position_epoch": 1764644040,
        "last_position_UTC": "2025-12-02T02:54:00Z"
      },
      {
        "lat": 29.351093,
        "lon": 122.95621,
        "speed": 7.6,
        "course": 83,
        "heading": 79,
        "destination": "TWKEL>CNNGB",
        "last_position_epoch": 1764642000,
        "last_position_UTC": "2025-12-02T02:20:00Z"
      },
      {
        "lat": 29.339056,
        "lon": 122.87983,
        "speed": 10.1,
        "course": 11,
        "heading": 12,
        "destination": "TWKEL>CNNGB",
        "last_position_epoch": 1764640380,
        "last_position_UTC": "2025-12-02T01:53:00Z"
      },
      {
        "lat": 29.238993,
        "lon": 122.86576,
        "speed": 12.6,
        "course": 24,
        "heading": 20,
        "destination": "TWKEL>CNNGB",
        "last_position_epoch": 1764638640,
        "last_position_UTC": "2025-12-02T01:24:00Z"
      },
      {
        "lat": 27.396795,
        "lon": 122.49056,
        "speed": 12.6,
        "course": 358,
        "heading": null,
        "destination": "TWKEL>CNNGB",
        "last_position_epoch": 1764605940,
        "last_position_UTC": "2025-12-01T16:19:00Z"
      },
      {
        "lat": 27.139683,
        "lon": 122.42673,
        "speed": 12.5,
        "course": 17,
        "heading": null,
        "destination": "TWKEL>CNNGB",
        "last_position_epoch": 1764602220,
        "last_position_UTC": "2025-12-01T15:17:00Z"
      },
      {
        "lat": 26.976061,
        "lon": 122.37199,
        "speed": 12.3,
        "course": 16,
        "heading": null,
        "destination": "TWKEL>CNNGB",
        "last_position_epoch": 1764598620,
        "last_position_UTC": "2025-12-01T14:17:00Z"
      },
      {
        "lat": 25.732523333333333,
        "lon": 121.895665,
        "speed": 12,
        "course": 23.1,
        "heading": 28,
        "destination": "TWKEL>CNNGB",
        "last_position_epoch": 1764575872,
        "last_position_UTC": "2025-12-01T07:57:52Z"
      },
      {
        "lat": 25.586977,
        "lon": 121.84969,
        "speed": 12.1,
        "course": 9,
        "heading": 18,
        "destination": "TWKEL>CNNGB",
        "last_position_epoch": 1764573660,
        "last_position_UTC": "2025-12-01T07:21:00Z"
      },
      {
        "lat": 25.569008333333333,
        "lon": 121.84758666666667,
        "speed": 12.3,
        "course": 4.7,
        "heading": 10,
        "destination": "TWKEL>CNNGB",
        "last_position_epoch": 1764572862,
        "last_position_UTC": "2025-12-01T07:07:42Z"
      },
      {
        "lat": 25.485091666666666,
        "lon": 121.83282666666666,
        "speed": 12.1,
        "course": 9.3,
        "heading": 15,
        "destination": "TWKEL>CNNGB",
        "last_position_epoch": 1764571361,
        "last_position_UTC": "2025-12-01T06:42:41Z"
      },
      {
        "lat": 25.35685,
        "lon": 121.80028166666666,
        "speed": 14.4,
        "course": 1.5,
        "heading": 2,
        "destination": "TWKEL>CNNGB",
        "last_position_epoch": 1764569280,
        "last_position_UTC": "2025-12-01T06:08:00Z"
      },
      {
        "lat": 25.25905,
        "lon": 121.79211,
        "speed": 13.7,
        "course": 9.4,
        "heading": 6,
        "destination": "TWKEL>CNNGB",
        "last_position_epoch": 1764567776,
        "last_position_UTC": "2025-12-01T05:42:56Z"
      },
      {
        "lat": 25.161693333333332,
        "lon": 121.75296833333333,
        "speed": 10.1,
        "course": 342.6,
        "heading": 343,
        "destination": "TWKEL>CNNGB",
        "last_position_epoch": 1764565958,
        "last_position_UTC": "2025-12-01T05:12:38Z"
      },
      {
        "lat": 25.14748,
        "lon": 121.75347833333333,
        "speed": 0,
        "course": 282.4,
        "heading": 173,
        "destination": "TWKEL>CNNGB",
        "last_position_epoch": 1764564011,
        "last_position_UTC": "2025-12-01T04:40:11Z"
      },
      {
        "lat": 25.147515,
        "lon": 121.75347166666667,
        "speed": 0,
        "course": 247.1,
        "heading": 172,
        "destination": "TWKEL>CNNGB",
        "last_position_epoch": 1764561851,
        "last_position_UTC": "2025-12-01T04:04:11Z"
      },
      {
        "lat": 25.147456666666667,
        "lon": 121.75344666666666,
        "speed": 0,
        "course": 321.7,
        "heading": 172,
        "destination": "TWKEL>CNNGB",
        "last_position_epoch": 1764560051,
        "last_position_UTC": "2025-12-01T03:34:11Z"
      },
      {
        "lat": 25.14748833333333,
        "lon": 121.75343,
        "speed": 0,
        "course": 249.7,
        "heading": 173,
        "destination": "TWKEL>CNNGB",
        "last_position_epoch": 1764558430,
        "last_position_UTC": "2025-12-01T03:07:10Z"
      },
      {
        "lat": 25.147495,
        "lon": 121.753455,
        "speed": 0,
        "course": 316.3,
        "heading": 172,
        "destination": "TWKEL>CNNGB",
        "last_position_epoch": 1764556451,
        "last_position_UTC": "2025-12-01T02:34:11Z"
      },
      {
        "lat": 25.147483333333334,
        "lon": 121.753465,
        "speed": 0,
        "course": 39.5,
        "heading": 172,
        "destination": "TWKEL>CNNGB",
        "last_position_epoch": 1764555011,
        "last_position_UTC": "2025-12-01T02:10:11Z"
      },
      {
        "lat": 25.147495,
        "lon": 121.75346166666667,
        "speed": 0,
        "course": 18.3,
        "heading": 172,
        "destination": "TWKEL>CNNGB",
        "last_position_epoch": 1764553211,
        "last_position_UTC": "2025-12-01T01:40:11Z"
      },
      {
        "lat": 25.1475,
        "lon": 121.75345666666666,
        "speed": 0,
        "course": 247.9,
        "heading": 172,
        "destination": "TWKEL>CNNGB",
        "last_position_epoch": 1764551052,
        "last_position_UTC": "2025-12-01T01:04:12Z"
      },
      {
        "lat": 25.147491666666667,
        "lon": 121.75346333333333,
        "speed": 0.1,
        "course": 181.7,
        "heading": 172,
        "destination": "TWKEL>CNNGB",
        "last_position_epoch": 1764549431,
        "last_position_UTC": "2025-12-01T00:37:11Z"
      },
      {
        "lat": 25.147496666666665,
        "lon": 121.75346166666667,
        "speed": 0,
        "course": 120.9,
        "heading": 172,
        "destination": "TWKEL>CNNGB",
        "last_position_epoch": 1764547632,
        "last_position_UTC": "2025-12-01T00:07:12Z"
      },
      {
        "lat": 25.147496666666665,
        "lon": 121.75346166666667,
        "speed": 0.1,
        "course": 149.5,
        "heading": 172,
        "destination": "TWKEL>CNNGB",
        "last_position_epoch": 1764545472,
        "last_position_UTC": "2025-11-30T23:31:12Z"
      },
      {
        "lat": 25.147496666666665,
        "lon": 121.75346666666667,
        "speed": 0,
        "course": 116.5,
        "heading": 173,
        "destination": "TWKEL>CNNGB",
        "last_position_epoch": 1764543852,
        "last_position_UTC": "2025-11-30T23:04:12Z"
      },
      {
        "lat": 25.147493333333333,
        "lon": 121.75347666666667,
        "speed": 0,
        "course": 16.8,
        "heading": 172,
        "destination": "TWKEL>CNNGB",
        "last_position_epoch": 1764542412,
        "last_position_UTC": "2025-11-30T22:40:12Z"
      },
      {
        "lat": 25.147505,
        "lon": 121.75347166666667,
        "speed": 0,
        "course": 357.6,
        "heading": 172,
        "destination": "TWKEL>CNNGB",
        "last_position_epoch": 1764540251,
        "last_position_UTC": "2025-11-30T22:04:11Z"
      },
      {
        "lat": 25.147505,
        "lon": 121.75347333333333,
        "speed": 0,
        "course": 61,
        "heading": 172,
        "destination": "TWKEL>CNNGB",
        "last_position_epoch": 1764538450,
        "last_position_UTC": "2025-11-30T21:34:10Z"
      },
      {
        "lat": 25.147498333333335,
        "lon": 121.75346333333333,
        "speed": 0,
        "course": 337.1,
        "heading": 172,
        "destination": "TWKEL>CNNGB",
        "last_position_epoch": 1764536651,
        "last_position_UTC": "2025-11-30T21:04:11Z"
      },
      {
        "lat": 25.147496666666665,
        "lon": 121.75347166666667,
        "speed": 0,
        "course": 355.6,
        "heading": 172,
        "destination": "TWKEL>CNNGB",
        "last_position_epoch": 1764535031,
        "last_position_UTC": "2025-11-30T20:37:11Z"
      },
      {
        "lat": 25.14748833333333,
        "lon": 121.75347333333333,
        "speed": 0.1,
        "course": 166.2,
        "heading": 172,
        "destination": "TWKEL>CNNGB",
        "last_position_epoch": 1764533232,
        "last_position_UTC": "2025-11-30T20:07:12Z"
      },
      {
        "lat": 25.14750666666667,
        "lon": 121.753465,
        "speed": 0,
        "course": 85.6,
        "heading": 173,
        "destination": "TWKEL>CNNGB",
        "last_position_epoch": 1764531431,
        "last_position_UTC": "2025-11-30T19:37:11Z"
      },
      {
        "lat": 25.147498333333335,
        "lon": 121.75347666666667,
        "speed": 0,
        "course": 101.6,
        "heading": 173,
        "destination": "TWKEL>CNNGB",
        "last_position_epoch": 1764529813,
        "last_position_UTC": "2025-11-30T19:10:13Z"
      },
      {
        "lat": 25.147503333333333,
        "lon": 121.753465,
        "speed": 0,
        "course": 149.7,
        "heading": 172,
        "destination": "TWKEL>CNNGB",
        "last_position_epoch": 1764527831,
        "last_position_UTC": "2025-11-30T18:37:11Z"
      },
      {
        "lat": 25.14750666666667,
        "lon": 121.75346833333333,
        "speed": 0,
        "course": 332.5,
        "heading": 173,
        "destination": "TWKEL>CNNGB",
        "last_position_epoch": 1764526212,
        "last_position_UTC": "2025-11-30T18:10:12Z"
      },
      {
        "lat": 25.147491666666667,
        "lon": 121.753465,
        "speed": 0,
        "course": 70.5,
        "heading": 173,
        "destination": "TWKEL>CNNGB",
        "last_position_epoch": 1764524231,
        "last_position_UTC": "2025-11-30T17:37:11Z"
      },
      {
        "lat": 25.147495,
        "lon": 121.75345833333333,
        "speed": 0,
        "course": 250.3,
        "heading": 173,
        "destination": "TWKEL>CNNGB",
        "last_position_epoch": 1764522433,
        "last_position_UTC": "2025-11-30T17:07:13Z"
      },
      {
        "lat": 25.147493333333333,
        "lon": 121.753465,
        "speed": 0,
        "course": 241.9,
        "heading": 173,
        "destination": "TWKEL>CNNGB",
        "last_position_epoch": 1764520632,
        "last_position_UTC": "2025-11-30T16:37:12Z"
      },
      {
        "lat": 25.147498333333335,
        "lon": 121.75346333333333,
        "speed": 0,
        "course": 48.9,
        "heading": 173,
        "destination": "TWKEL>CNNGB",
        "last_position_epoch": 1764518832,
        "last_position_UTC": "2025-11-30T16:07:12Z"
      },
      {
        "lat": 25.147493333333333,
        "lon": 121.75346333333333,
        "speed": 0.1,
        "course": 18.4,
        "heading": 173,
        "destination": "TWKEL>CNNGB",
        "last_position_epoch": 1764517033,
        "last_position_UTC": "2025-11-30T15:37:13Z"
      },
      {
        "lat": 25.147493333333333,
        "lon": 121.75347,
        "speed": 0,
        "course": 175.2,
        "heading": 173,
        "destination": "TWKHH>TWKEL",
        "last_position_epoch": 1764515053,
        "last_position_UTC": "2025-11-30T15:04:13Z"
      },
      {
        "lat": 25.152478333333335,
        "lon": 121.75572833333334,
        "speed": 6,
        "course": 173.5,
        "heading": 179,
        "destination": "TWKHH>TWKEL",
        "last_position_epoch": 1764513779,
        "last_position_UTC": "2025-11-30T14:42:59Z"
      },
      {
        "lat": 25.22911,
        "lon": 121.74346666666666,
        "speed": 6.2,
        "course": 208.1,
        "heading": 219,
        "destination": "TWKHH>TWKEL",
        "last_position_epoch": 1764511681,
        "last_position_UTC": "2025-11-30T14:08:01Z"
      },
      {
        "lat": 25.220838333333333,
        "lon": 121.79405166666666,
        "speed": 5,
        "course": 292,
        "heading": 301,
        "destination": "TWKHH>TWKEL",
        "last_position_epoch": 1764510177,
        "last_position_UTC": "2025-11-30T13:42:57Z"
      },
      {
        "lat": 25.225461666666668,
        "lon": 121.78572666666666,
        "speed": 2.4,
        "course": 130.5,
        "heading": 223,
        "destination": "TWKHH>TWKEL",
        "last_position_epoch": 1764508379,
        "last_position_UTC": "2025-11-30T13:12:59Z"
      },
      {
        "lat": 25.235531666666667,
        "lon": 121.77072166666666,
        "speed": 1.7,
        "course": 127.4,
        "heading": 192,
        "destination": "TWKHH>TWKEL",
        "last_position_epoch": 1764506578,
        "last_position_UTC": "2025-11-30T12:42:58Z"
      },
      {
        "lat": 25.241641666666666,
        "lon": 121.760195,
        "speed": 0.8,
        "course": 116.8,
        "heading": 153,
        "destination": "TWKHH>TWKEL",
        "last_position_epoch": 1764504779,
        "last_position_UTC": "2025-11-30T12:12:59Z"
      },
      {
        "lat": 25.243508333333335,
        "lon": 121.75633,
        "speed": 0.1,
        "course": 150.5,
        "heading": 109,
        "destination": "TWKHH>TWKEL",
        "last_position_epoch": 1764502798,
        "last_position_UTC": "2025-11-30T11:39:58Z"
      },
      {
        "lat": 25.246995,
        "lon": 121.75646,
        "speed": 0.3,
        "course": 174.8,
        "heading": 125,
        "destination": "TWKHH>TWKEL",
        "last_position_epoch": 1764500878,
        "last_position_UTC": "2025-11-30T11:07:58Z"
      },
      {
        "lat": 25.246146666666668,
        "lon": 121.754625,
        "speed": 0.8,
        "course": 47.5,
        "heading": 186,
        "destination": "TWKHH>TWKEL",
        "last_position_epoch": 1764499377,
        "last_position_UTC": "2025-11-30T10:42:57Z"
      },
      {
        "lat": 25.243368333333333,
        "lon": 121.75091,
        "speed": 0.1,
        "course": 318.9,
        "heading": 171,
        "destination": "TWKHH>TWKEL",
        "last_position_epoch": 1764497579,
        "last_position_UTC": "2025-11-30T10:12:59Z"
      },
      {
        "lat": 25.243468333333333,
        "lon": 121.75217166666667,
        "speed": 0.3,
        "course": 221.1,
        "heading": 175,
        "destination": "TWKHH>TWKEL",
        "last_position_epoch": 1764495775,
        "last_position_UTC": "2025-11-30T09:42:55Z"
      },
      {
        "lat": 25.278758333333332,
        "lon": 121.73661666666666,
        "speed": 7.8,
        "course": 166,
        "heading": 160,
        "destination": "TWKHH>TWKEL",
        "last_position_epoch": 1764493981,
        "last_position_UTC": "2025-11-30T09:13:01Z"
      },
      {
        "lat": 25.313338333333334,
        "lon": 121.68138666666667,
        "speed": 7.6,
        "course": 102.2,
        "heading": 104,
        "destination": "TWKHH>TWKEL",
        "last_position_epoch": 1764492175,
        "last_position_UTC": "2025-11-30T08:42:55Z"
      },
      {
        "lat": 25.37478,
        "lon": 121.58675,
        "speed": 12,
        "course": 115.6,
        "heading": 116,
        "destination": "TWKHH>TWKEL",
        "last_position_epoch": 1764490029,
        "last_position_UTC": "2025-11-30T08:07:09Z"
      },
      {
        "lat": 25.390103333333332,
        "lon": 121.50502166666666,
        "speed": 11,
        "course": 78.8,
        "heading": 82,
        "destination": "TWKHH>TWKEL",
        "last_position_epoch": 1764488578,
        "last_position_UTC": "2025-11-30T07:42:58Z"
      },
      {
        "lat": 25.321474,
        "lon": 121.33839,
        "speed": 10.8,
        "course": 63,
        "heading": 63,
        "destination": "TWKHH>TWKEL",
        "last_position_epoch": 1764485580,
        "last_position_UTC": "2025-11-30T06:53:00Z"
      },
      {
        "lat": 25.270615,
        "lon": 121.24809,
        "speed": 10.3,
        "course": 57,
        "heading": 58,
        "destination": "TWKHH>TWKEL",
        "last_position_epoch": 1764483840,
        "last_position_UTC": "2025-11-30T06:24:00Z"
      },
      {
        "lat": 25.23707,
        "lon": 121.15996,
        "speed": 9.8,
        "course": 81,
        "heading": 82,
        "destination": "TWKHH>TWKEL",
        "last_position_epoch": 1764481800,
        "last_position_UTC": "2025-11-30T05:50:00Z"
      },
      {
        "lat": 25.22915,
        "lon": 121.10593,
        "speed": 10.3,
        "course": 80.2,
        "heading": 81,
        "destination": "TWKHH>TWKEL",
        "last_position_epoch": 1764480457,
        "last_position_UTC": "2025-11-30T05:27:37Z"
      },
      {
        "lat": 25.208068333333333,
        "lon": 121.04584,
        "speed": 10.4,
        "course": 63,
        "heading": 63,
        "destination": "TWKHH>TWKEL",
        "last_position_epoch": 1764479237,
        "last_position_UTC": "2025-11-30T05:07:17Z"
      },
      {
        "lat": 25.075834,
        "lon": 120.92497,
        "speed": 10.6,
        "course": 36,
        "heading": 37,
        "destination": "TWKHH>TWKEL",
        "last_position_epoch": 1764476520,
        "last_position_UTC": "2025-11-30T04:22:00Z"
      },
      {
        "lat": 25.024317,
        "lon": 120.88007,
        "speed": 10.8,
        "course": 38,
        "heading": 40,
        "destination": "TWKHH>TWKEL",
        "last_position_epoch": 1764474720,
        "last_position_UTC": "2025-11-30T03:52:00Z"
      },
      {
        "lat": 24.968294,
        "lon": 120.83408,
        "speed": 10.6,
        "course": 36,
        "heading": 37,
        "destination": "TWKHH>TWKEL",
        "last_position_epoch": 1764473040,
        "last_position_UTC": "2025-11-30T03:24:00Z"
      },
      {
        "lat": 24.891666,
        "lon": 120.77072,
        "speed": 10.6,
        "course": 37,
        "heading": 37,
        "destination": "TWKHH>TWKEL",
        "last_position_epoch": 1764471240,
        "last_position_UTC": "2025-11-30T02:54:00Z"
      },
      {
        "lat": 24.817131,
        "lon": 120.70876,
        "speed": 10.6,
        "course": 37,
        "heading": 37,
        "destination": "TWKHH>TWKEL",
        "last_position_epoch": 1764469440,
        "last_position_UTC": "2025-11-30T02:24:00Z"
      },
      {
        "lat": 24.730305,
        "lon": 120.63695,
        "speed": 10.6,
        "course": 38,
        "heading": 37,
        "destination": "TWKHH>TWKEL",
        "last_position_epoch": 1764467520,
        "last_position_UTC": "2025-11-30T01:52:00Z"
      },
      {
        "lat": 24.676888,
        "lon": 120.59031,
        "speed": 10.6,
        "course": 38,
        "heading": 39,
        "destination": "TWKHH>TWKEL",
        "last_position_epoch": 1764465660,
        "last_position_UTC": "2025-11-30T01:21:00Z"
      },
      {
        "lat": 24.591051,
        "lon": 120.52056,
        "speed": 10.6,
        "course": 38,
        "heading": 38,
        "destination": "TWKHH>TWKEL",
        "last_position_epoch": 1764463920,
        "last_position_UTC": "2025-11-30T00:52:00Z"
      },
      {
        "lat": 24.516266,
        "lon": 120.45705,
        "speed": 10.8,
        "course": 36,
        "heading": 37,
        "destination": "TWKHH>TWKEL",
        "last_position_epoch": 1764462240,
        "last_position_UTC": "2025-11-30T00:24:00Z"
      },
      {
        "lat": 24.464176,
        "lon": 120.41545,
        "speed": 10.6,
        "course": 36,
        "heading": 35,
        "destination": "TWKHH>TWKEL",
        "last_position_epoch": 1764460500,
        "last_position_UTC": "2025-11-29T23:55:00Z"
      },
      {
        "lat": 24.378761,
        "lon": 120.34201,
        "speed": 10.6,
        "course": 38,
        "heading": 36,
        "destination": "TWKHH>TWKEL",
        "last_position_epoch": 1764458400,
        "last_position_UTC": "2025-11-29T23:20:00Z"
      },
      {
        "lat": 24.299421,
        "lon": 120.26707,
        "speed": 10.5,
        "course": 40,
        "heading": 39,
        "destination": "TWKHH>TWKEL",
        "last_position_epoch": 1764456780,
        "last_position_UTC": "2025-11-29T22:53:00Z"
      },
      {
        "lat": 24.248646,
        "lon": 120.21952,
        "speed": 10.6,
        "course": 41,
        "heading": 39,
        "destination": "TWKHH>TWKEL",
        "last_position_epoch": 1764454980,
        "last_position_UTC": "2025-11-29T22:23:00Z"
      },
      {
        "lat": 24.146469,
        "lon": 120.13495,
        "speed": 11,
        "course": 32,
        "heading": 29,
        "destination": "TWKHH>TWKEL",
        "last_position_epoch": 1764453120,
        "last_position_UTC": "2025-11-29T21:52:00Z"
      },
      {
        "lat": 24.11677,
        "lon": 120.11478,
        "speed": 10.1,
        "course": 33,
        "heading": 30,
        "destination": "TWKHH>TWKEL",
        "last_position_epoch": 1764451380,
        "last_position_UTC": "2025-11-29T21:23:00Z"
      },
      {
        "lat": 24.03668,
        "lon": 120.05568,
        "speed": 10.1,
        "course": 35,
        "heading": 35,
        "destination": "TWKHH>TWKEL",
        "last_position_epoch": 1764449400,
        "last_position_UTC": "2025-11-29T20:50:00Z"
      },
      {
        "lat": 23.992811666666668,
        "lon": 120.02139166666667,
        "speed": 10.6,
        "course": 35.3,
        "heading": 35,
        "destination": "TWKHH>TWKEL",
        "last_position_epoch": 1764448239,
        "last_position_UTC": "2025-11-29T20:30:39Z"
      },
      {
        "lat": 23.87948,
        "lon": 119.93118,
        "speed": 10.3,
        "course": 35,
        "heading": 42,
        "destination": "TWKHH>TWKEL",
        "last_position_epoch": 1764445920,
        "last_position_UTC": "2025-11-29T19:52:00Z"
      },
      {
        "lat": 23.839038333333335,
        "lon": 119.90094,
        "speed": 9.6,
        "course": 34.3,
        "heading": 42,
        "destination": "TWKHH>TWKEL",
        "last_position_epoch": 1764444349,
        "last_position_UTC": "2025-11-29T19:25:49Z"
      },
      {
        "lat": 23.79234,
        "lon": 119.87978333333334,
        "speed": 10.6,
        "course": 358.7,
        "heading": 6,
        "destination": "TWKHH>TWKEL",
        "last_position_epoch": 1764443218,
        "last_position_UTC": "2025-11-29T19:06:58Z"
      },
      {
        "lat": 23.692511666666668,
        "lon": 119.88102666666667,
        "speed": 10.9,
        "course": 359.7,
        "heading": 3,
        "destination": "TWKHH>TWKEL",
        "last_position_epoch": 1764441249,
        "last_position_UTC": "2025-11-29T18:34:09Z"
      },
      {
        "lat": 23.62803,
        "lon": 119.88173833333333,
        "speed": 10.7,
        "course": 359.4,
        "heading": 3,
        "destination": "TWKHH>TWKEL",
        "last_position_epoch": 1764439978,
        "last_position_UTC": "2025-11-29T18:12:58Z"
      },
      {
        "lat": 23.442484,
        "lon": 119.87536,
        "speed": 11.5,
        "course": 359,
        "heading": 1,
        "destination": "TWKHH>TWKEL",
        "last_position_epoch": 1764436920,
        "last_position_UTC": "2025-11-29T17:22:00Z"
      },
      {
        "lat": 23.370028,
        "lon": 119.87536,
        "speed": 11.3,
        "course": 0,
        "heading": 2,
        "destination": "TWKHH>TWKEL",
        "last_position_epoch": 1764435120,
        "last_position_UTC": "2025-11-29T16:52:00Z"
      },
      {
        "lat": 23.34018,
        "lon": 119.87518333333334,
        "speed": 11.4,
        "course": 359.9,
        "heading": 2,
        "destination": "TWKHH>TWKEL",
        "last_position_epoch": 1764434478,
        "last_position_UTC": "2025-11-29T16:41:18Z"
      },
      {
        "lat": 23.162071,
        "lon": 119.88379,
        "speed": 10.8,
        "course": 348,
        "heading": 350,
        "destination": "TWKHH>TWKEL",
        "last_position_epoch": 1764431520,
        "last_position_UTC": "2025-11-29T15:52:00Z"
      },
      {
        "lat": 23.07128,
        "lon": 119.91359,
        "speed": 10.5,
        "course": 343,
        "heading": 349,
        "destination": "TWKHH>TWKEL",
        "last_position_epoch": 1764429720,
        "last_position_UTC": "2025-11-29T15:22:00Z"
      },
      {
        "lat": 22.981462,
        "lon": 119.92014,
        "speed": 10.6,
        "course": 350,
        "heading": 0,
        "destination": "TWKHH>TWKEL",
        "last_position_epoch": 1764427920,
        "last_position_UTC": "2025-11-29T14:52:00Z"
      }
    ]
  },
  "meta": {
    "duration": 0.019799336,
    "endpoint": "/api/v0/vessel_history",
    "success": true
  }
}