{
  "data": {
    "uuid": "761a8c29-cf00-bec9-7a36-cc188cac83e2",
    "name": "YM THRONE",
    "mmsi": "636021693",
    "imo": "9792694",
    "eni": null,
    "country_iso": "LR",
    "type": "Cargo - Hazard A (Major)",
    "type_specific": "Container Ship",
    "positions": [
      {
        "lat": 45.643879,
        "lon": -142.79004,
        "speed": 12.1,
        "course": 309,
        "heading": 306,
        "destination": "KR PUS",
        "last_position_epoch": 1764881700,
        "last_position_UTC": "2025-12-04T20:55:00Z"
      },
      {
        "lat": 45.384167,
        "lon": -142.34882,
        "speed": 12.1,
        "course": 309,
        "heading": 303,
        "destination": "KR PUS",
        "last_position_epoch": 1764874260,
        "last_position_UTC": "2025-12-04T18:51:00Z"
      },
      {
        "lat": 45.314808,
        "lon": -142.23387,
        "speed": 12.3,
        "course": 314,
        "heading": 307,
        "destination": "KR PUS",
        "last_position_epoch": 1764872640,
        "last_position_UTC": "2025-12-04T18:24:00Z"
      },
      {
        "lat": 45.237518,
        "lon": -142.12236,
        "speed": 16.3,
        "course": 313,
        "heading": 308,
        "destination": "KR PUS",
        "last_position_epoch": 1764870600,
        "last_position_UTC": "2025-12-04T17:50:00Z"
      },
      {
        "lat": 45.140541,
        "lon": -141.97691,
        "speed": 17.5,
        "course": 313,
        "heading": 305,
        "destination": "KR PUS",
        "last_position_epoch": 1764868688,
        "last_position_UTC": "2025-12-04T17:18:08Z"
      },
      {
        "lat": 45.040939,
        "lon": -141.81877,
        "speed": 17.5,
        "course": 309,
        "heading": 305,
        "destination": "KR PUS",
        "last_position_epoch": 1764866820,
        "last_position_UTC": "2025-12-04T16:47:00Z"
      },
      {
        "lat": 37.902975,
        "lon": -132.28950166666667,
        "speed": 12.9,
        "course": 318.1,
        "heading": 321,
        "destination": "KR PUS",
        "last_position_epoch": 1764705044,
        "last_position_UTC": "2025-12-02T19:50:44Z"
      },
      {
        "lat": 37.76471,
        "lon": -132.13535333333334,
        "speed": 12.8,
        "course": 318.2,
        "heading": 321,
        "destination": "KR PUS",
        "last_position_epoch": 1764702006,
        "last_position_UTC": "2025-12-02T19:00:06Z"
      },
      {
        "lat": 37.713485,
        "lon": -132.07767333333334,
        "speed": 12.9,
        "course": 318.1,
        "heading": 321,
        "destination": "KR PUS",
        "last_position_epoch": 1764700864,
        "last_position_UTC": "2025-12-02T18:41:04Z"
      },
      {
        "lat": 36.536282,
        "lon": -130.78856,
        "speed": 12.1,
        "course": 321,
        "heading": 324,
        "destination": "KR PUS",
        "last_position_epoch": 1764676080,
        "last_position_UTC": "2025-12-02T11:48:00Z"
      },
      {
        "lat": 36.478668,
        "lon": -130.72992,
        "speed": 12.3,
        "course": 319,
        "heading": 323,
        "destination": "KR PUS",
        "last_position_epoch": 1764674499,
        "last_position_UTC": "2025-12-02T11:21:39Z"
      },
      {
        "lat": 36.303619,
        "lon": -130.54106,
        "speed": 12.8,
        "course": 318,
        "heading": 322,
        "destination": "KR PUS",
        "last_position_epoch": 1764670740,
        "last_position_UTC": "2025-12-02T10:19:00Z"
      },
      {
        "lat": 35.90371833333333,
        "lon": -130.11876333333333,
        "speed": 13.9,
        "course": 319.2,
        "heading": 323,
        "destination": "KR PUS",
        "last_position_epoch": 1764662022,
        "last_position_UTC": "2025-12-02T07:53:42Z"
      },
      {
        "lat": 35.80867,
        "lon": -130.02280666666667,
        "speed": 14,
        "course": 320.7,
        "heading": 325,
        "destination": "KR PUS",
        "last_position_epoch": 1764660135,
        "last_position_UTC": "2025-12-02T07:22:15Z"
      },
      {
        "lat": 35.772378333333336,
        "lon": -129.98661333333334,
        "speed": 14,
        "course": 320.7,
        "heading": 325,
        "destination": "KR PUS",
        "last_position_epoch": 1764659396,
        "last_position_UTC": "2025-12-02T07:09:56Z"
      },
      {
        "lat": 35.67274833333333,
        "lon": -129.88165,
        "speed": 14,
        "course": 317.9,
        "heading": 322,
        "destination": "KR PUS",
        "last_position_epoch": 1764657360,
        "last_position_UTC": "2025-12-02T06:36:00Z"
      },
      {
        "lat": 35.180965,
        "lon": -129.31917,
        "speed": 13.8,
        "course": 315,
        "heading": 320,
        "destination": "KR PUS",
        "last_position_epoch": 1764647400,
        "last_position_UTC": "2025-12-02T03:50:00Z"
      },
      {
        "lat": 35.108395,
        "lon": -129.22501,
        "speed": 14,
        "course": 311,
        "heading": 314,
        "destination": "KR PUS",
        "last_position_epoch": 1764645720,
        "last_position_UTC": "2025-12-02T03:22:00Z"
      },
      {
        "lat": 35.057686,
        "lon": -129.15491,
        "speed": 13.8,
        "course": 311,
        "heading": 314,
        "destination": "KR PUS",
        "last_position_epoch": 1764644340,
        "last_position_UTC": "2025-12-02T02:59:00Z"
      },
      {
        "lat": 34.968899,
        "lon": -129.02966,
        "speed": 13.8,
        "course": 309,
        "heading": 313,
        "destination": "KR PUS",
        "last_position_epoch": 1764642360,
        "last_position_UTC": "2025-12-02T02:26:00Z"
      },
      {
        "lat": 34.882519,
        "lon": -128.90186,
        "speed": 14,
        "course": 306,
        "heading": 310,
        "destination": "KR PUS",
        "last_position_epoch": 1764640500,
        "last_position_UTC": "2025-12-02T01:55:00Z"
      },
      {
        "lat": 34.85357166666667,
        "lon": -128.85383666666667,
        "speed": 14.2,
        "course": 306.1,
        "heading": 310,
        "destination": "KR PUS",
        "last_position_epoch": 1764639263,
        "last_position_UTC": "2025-12-02T01:34:23Z"
      },
      {
        "lat": 34.78458166666667,
        "lon": -128.74180833333332,
        "speed": 14.3,
        "course": 307.8,
        "heading": 312,
        "destination": "KR PUS",
        "last_position_epoch": 1764637512,
        "last_position_UTC": "2025-12-02T01:05:12Z"
      },
      {
        "lat": 32.049042,
        "lon": -124.44218,
        "speed": 14,
        "course": 308,
        "heading": 311,
        "destination": "KR PUS",
        "last_position_epoch": 1764568140,
        "last_position_UTC": "2025-12-01T05:49:00Z"
      },
      {
        "lat": 31.902054,
        "lon": -124.21583,
        "speed": 13.8,
        "course": 308,
        "heading": 310,
        "destination": "KR PUS",
        "last_position_epoch": 1764564540,
        "last_position_UTC": "2025-12-01T04:49:00Z"
      },
      {
        "lat": 31.634172,
        "lon": -123.8052,
        "speed": 14,
        "course": 308,
        "heading": 312,
        "destination": "KR PUS",
        "last_position_epoch": 1764557340,
        "last_position_UTC": "2025-12-01T02:49:00Z"
      },
      {
        "lat": 31.58066,
        "lon": -123.72412,
        "speed": 13.8,
        "course": 307,
        "heading": 312,
        "destination": "KR PUS",
        "last_position_epoch": 1764556320,
        "last_position_UTC": "2025-12-01T02:32:00Z"
      },
      {
        "lat": 31.55247333333333,
        "lon": -123.680795,
        "speed": 13.6,
        "course": 307.7,
        "heading": 310,
        "destination": "KR PUS",
        "last_position_epoch": 1764555140,
        "last_position_UTC": "2025-12-01T02:12:20Z"
      },
      {
        "lat": 31.487281666666668,
        "lon": -123.57687666666666,
        "speed": 13.4,
        "course": 304.6,
        "heading": 308,
        "destination": "KR PUS",
        "last_position_epoch": 1764553370,
        "last_position_UTC": "2025-12-01T01:42:50Z"
      },
      {
        "lat": 31.420076666666667,
        "lon": -123.47062166666667,
        "speed": 13.6,
        "course": 308.8,
        "heading": 312,
        "destination": "KR PUS",
        "last_position_epoch": 1764551571,
        "last_position_UTC": "2025-12-01T01:12:51Z"
      },
      {
        "lat": 31.338333333333335,
        "lon": -123.35007666666667,
        "speed": 13.4,
        "course": 308.6,
        "heading": 312,
        "destination": "KR PUS",
        "last_position_epoch": 1764549450,
        "last_position_UTC": "2025-12-01T00:37:30Z"
      },
      {
        "lat": 31.276526666666665,
        "lon": -123.25873,
        "speed": 13.1,
        "course": 309.7,
        "heading": 313,
        "destination": "KR PUS",
        "last_position_epoch": 1764547811,
        "last_position_UTC": "2025-12-01T00:10:11Z"
      },
      {
        "lat": 31.207016666666668,
        "lon": -123.14694666666666,
        "speed": 13.1,
        "course": 307.1,
        "heading": 308,
        "destination": "KR PUS",
        "last_position_epoch": 1764545840,
        "last_position_UTC": "2025-11-30T23:37:20Z"
      },
      {
        "lat": 31.142425,
        "lon": -123.04714333333334,
        "speed": 13.3,
        "course": 307,
        "heading": 308,
        "destination": "KR PUS",
        "last_position_epoch": 1764544080,
        "last_position_UTC": "2025-11-30T23:08:00Z"
      },
      {
        "lat": 31.080151666666666,
        "lon": -122.9521,
        "speed": 13.1,
        "course": 307.8,
        "heading": 308,
        "destination": "KR PUS",
        "last_position_epoch": 1764542413,
        "last_position_UTC": "2025-11-30T22:40:13Z"
      },
      {
        "lat": 30.966682,
        "lon": -122.78201,
        "speed": 13.3,
        "course": 306,
        "heading": 307,
        "destination": "KR PUS",
        "last_position_epoch": 1764539940,
        "last_position_UTC": "2025-11-30T21:59:00Z"
      },
      {
        "lat": 30.92476,
        "lon": -122.71430833333334,
        "speed": 13.6,
        "course": 304.8,
        "heading": 305,
        "destination": "KR PUS",
        "last_position_epoch": 1764538279,
        "last_position_UTC": "2025-11-30T21:31:19Z"
      },
      {
        "lat": 30.884456666666665,
        "lon": -122.64721,
        "speed": 13.7,
        "course": 304.3,
        "heading": 305,
        "destination": "KR PUS",
        "last_position_epoch": 1764537159,
        "last_position_UTC": "2025-11-30T21:12:39Z"
      },
      {
        "lat": 30.820633333333333,
        "lon": -122.54193,
        "speed": 13.4,
        "course": 305.7,
        "heading": 305,
        "destination": "KR PUS",
        "last_position_epoch": 1764535380,
        "last_position_UTC": "2025-11-30T20:43:00Z"
      },
      {
        "lat": 30.752996666666668,
        "lon": -122.434865,
        "speed": 13.3,
        "course": 305.9,
        "heading": 306,
        "destination": "KR PUS",
        "last_position_epoch": 1764533552,
        "last_position_UTC": "2025-11-30T20:12:32Z"
      },
      {
        "lat": 30.66044,
        "lon": -122.28638833333333,
        "speed": 13.7,
        "course": 306.1,
        "heading": 306,
        "destination": "KR PUS",
        "last_position_epoch": 1764531050,
        "last_position_UTC": "2025-11-30T19:30:50Z"
      },
      {
        "lat": 30.616693333333334,
        "lon": -122.21707666666667,
        "speed": 13.6,
        "course": 306.7,
        "heading": 306,
        "destination": "KR PUS",
        "last_position_epoch": 1764529879,
        "last_position_UTC": "2025-11-30T19:11:19Z"
      },
      {
        "lat": 30.541171666666667,
        "lon": -122.09752333333333,
        "speed": 13.9,
        "course": 306.1,
        "heading": 306,
        "destination": "KR PUS",
        "last_position_epoch": 1764527880,
        "last_position_UTC": "2025-11-30T18:38:00Z"
      },
      {
        "lat": 30.483423333333334,
        "lon": -122.006745,
        "speed": 13.8,
        "course": 306.4,
        "heading": 306,
        "destination": "KR PUS",
        "last_position_epoch": 1764526360,
        "last_position_UTC": "2025-11-30T18:12:40Z"
      },
      {
        "lat": 30.339948333333332,
        "lon": -121.82204166666666,
        "speed": 14.3,
        "course": 310.2,
        "heading": 310,
        "destination": "KR PUS",
        "last_position_epoch": 1764523050,
        "last_position_UTC": "2025-11-30T17:17:30Z"
      },
      {
        "lat": 30.314965,
        "lon": -121.78784333333333,
        "speed": 14.5,
        "course": 309.9,
        "heading": 310,
        "destination": "KR PUS",
        "last_position_epoch": 1764522468,
        "last_position_UTC": "2025-11-30T17:07:48Z"
      },
      {
        "lat": 29.978907,
        "lon": -121.30836,
        "speed": 17.1,
        "course": 308,
        "heading": 310,
        "destination": "KR PUS",
        "last_position_epoch": 1764515880,
        "last_position_UTC": "2025-11-30T15:18:00Z"
      },
      {
        "lat": 29.66868,
        "lon": -120.86594,
        "speed": 14.6,
        "course": 308,
        "heading": 310,
        "destination": "KR PUS",
        "last_position_epoch": 1764508620,
        "last_position_UTC": "2025-11-30T13:17:00Z"
      },
      {
        "lat": 29.514021,
        "lon": -120.64404,
        "speed": 14.3,
        "course": 308,
        "heading": 310,
        "destination": "KR PUS",
        "last_position_epoch": 1764505020,
        "last_position_UTC": "2025-11-30T12:17:00Z"
      },
      {
        "lat": 29.514475,
        "lon": -120.64471,
        "speed": 14.4,
        "course": 308.2,
        "heading": 310,
        "destination": "KR PUS",
        "last_position_epoch": 1764504552,
        "last_position_UTC": "2025-11-30T12:09:12Z"
      },
      {
        "lat": 29.437551666666668,
        "lon": -120.534815,
        "speed": 14.5,
        "course": 310.1,
        "heading": 312,
        "destination": "KR PUS",
        "last_position_epoch": 1764502714,
        "last_position_UTC": "2025-11-30T11:38:34Z"
      },
      {
        "lat": 29.353853333333333,
        "lon": -120.41677166666666,
        "speed": 14.3,
        "course": 307.5,
        "heading": 311,
        "destination": "KR PUS",
        "last_position_epoch": 1764500718,
        "last_position_UTC": "2025-11-30T11:05:18Z"
      },
      {
        "lat": 29.285466666666668,
        "lon": -120.317745,
        "speed": 14.5,
        "course": 308.4,
        "heading": 311,
        "destination": "KR PUS",
        "last_position_epoch": 1764499071,
        "last_position_UTC": "2025-11-30T10:37:51Z"
      },
      {
        "lat": 29.221888333333332,
        "lon": -120.22826666666667,
        "speed": 14.4,
        "course": 308.8,
        "heading": 311,
        "destination": "KR PUS",
        "last_position_epoch": 1764497566,
        "last_position_UTC": "2025-11-30T10:12:46Z"
      },
      {
        "lat": 29.12585,
        "lon": -120.09122666666667,
        "speed": 14,
        "course": 308.7,
        "heading": 311,
        "destination": "KR PUS",
        "last_position_epoch": 1764495230,
        "last_position_UTC": "2025-11-30T09:33:50Z"
      },
      {
        "lat": 29.074501666666666,
        "lon": -120.01840166666666,
        "speed": 14.2,
        "course": 309.2,
        "heading": 311,
        "destination": "KR PUS",
        "last_position_epoch": 1764493979,
        "last_position_UTC": "2025-11-30T09:12:59Z"
      },
      {
        "lat": 28.99463,
        "lon": -119.90686166666667,
        "speed": 14.2,
        "course": 309.4,
        "heading": 311,
        "destination": "KR PUS",
        "last_position_epoch": 1764492058,
        "last_position_UTC": "2025-11-30T08:40:58Z"
      },
      {
        "lat": 28.90471,
        "lon": -119.78660333333333,
        "speed": 14.2,
        "course": 311.3,
        "heading": 313,
        "destination": "KR PUS",
        "last_position_epoch": 1764489940,
        "last_position_UTC": "2025-11-30T08:05:40Z"
      },
      {
        "lat": 28.844955,
        "lon": -119.71036333333333,
        "speed": 14.1,
        "course": 311.6,
        "heading": 313,
        "destination": "KR PUS",
        "last_position_epoch": 1764488579,
        "last_position_UTC": "2025-11-30T07:42:59Z"
      },
      {
        "lat": 28.77102,
        "lon": -119.606295,
        "speed": 14.1,
        "course": 305.6,
        "heading": 307,
        "destination": "KR PUS",
        "last_position_epoch": 1764486775,
        "last_position_UTC": "2025-11-30T07:12:55Z"
      },
      {
        "lat": 28.693211666666667,
        "lon": -119.475925,
        "speed": 14.4,
        "course": 306.2,
        "heading": 306,
        "destination": "KR PUS",
        "last_position_epoch": 1764484679,
        "last_position_UTC": "2025-11-30T06:37:59Z"
      },
      {
        "lat": 28.618018333333332,
        "lon": -119.36891666666666,
        "speed": 14.4,
        "course": 308.5,
        "heading": 309,
        "destination": "KR PUS",
        "last_position_epoch": 1764482876,
        "last_position_UTC": "2025-11-30T06:07:56Z"
      },
      {
        "lat": 28.555495,
        "lon": -119.28092166666667,
        "speed": 14.3,
        "course": 308.9,
        "heading": 309,
        "destination": "KR PUS",
        "last_position_epoch": 1764481376,
        "last_position_UTC": "2025-11-30T05:42:56Z"
      },
      {
        "lat": 28.478495,
        "lon": -119.17334166666667,
        "speed": 14,
        "course": 309.2,
        "heading": 309,
        "destination": "KR PUS",
        "last_position_epoch": 1764479518,
        "last_position_UTC": "2025-11-30T05:11:58Z"
      },
      {
        "lat": 28.406671666666668,
        "lon": -119.07366333333333,
        "speed": 14.2,
        "course": 309.4,
        "heading": 309,
        "destination": "KR PUS",
        "last_position_epoch": 1764477777,
        "last_position_UTC": "2025-11-30T04:42:57Z"
      },
      {
        "lat": 28.268169,
        "lon": -118.87768,
        "speed": 14,
        "course": 306,
        "heading": 309,
        "destination": "KR PUS",
        "last_position_epoch": 1764474840,
        "last_position_UTC": "2025-11-30T03:54:00Z"
      },
      {
        "lat": 28.218634,
        "lon": -118.80434,
        "speed": 14.1,
        "course": 307,
        "heading": 309,
        "destination": "KR PUS",
        "last_position_epoch": 1764473220,
        "last_position_UTC": "2025-11-30T03:27:00Z"
      },
      {
        "lat": 28.145994,
        "lon": -118.69933,
        "speed": 14.1,
        "course": 307,
        "heading": 309,
        "destination": "KR PUS",
        "last_position_epoch": 1764471600,
        "last_position_UTC": "2025-11-30T03:00:00Z"
      },
      {
        "lat": 28.075987,
        "lon": -118.60156,
        "speed": 14.1,
        "course": 309,
        "heading": 309,
        "destination": "KR PUS",
        "last_position_epoch": 1764469740,
        "last_position_UTC": "2025-11-30T02:29:00Z"
      },
      {
        "lat": 27.988974,
        "lon": -118.48051,
        "speed": 14.1,
        "course": 309,
        "heading": 309,
        "destination": "KR PUS",
        "last_position_epoch": 1764467940,
        "last_position_UTC": "2025-11-30T01:59:00Z"
      },
      {
        "lat": 27.96508,
        "lon": -118.44753166666666,
        "speed": 14.3,
        "course": 309.4,
        "heading": 310,
        "destination": "KR PUS",
        "last_position_epoch": 1764466977,
        "last_position_UTC": "2025-11-30T01:42:57Z"
      },
      {
        "lat": 27.889648333333334,
        "lon": -118.34444833333333,
        "speed": 14.1,
        "course": 308.5,
        "heading": 310,
        "destination": "KR PUS",
        "last_position_epoch": 1764465170,
        "last_position_UTC": "2025-11-30T01:12:50Z"
      },
      {
        "lat": 27.786242,
        "lon": -118.2014,
        "speed": 14.1,
        "course": 307,
        "heading": 310,
        "destination": "KR PUS",
        "last_position_epoch": 1764462780,
        "last_position_UTC": "2025-11-30T00:33:00Z"
      },
      {
        "lat": 27.707365,
        "lon": -118.08385,
        "speed": 14.1,
        "course": 307,
        "heading": 307,
        "destination": "KR PUS",
        "last_position_epoch": 1764460860,
        "last_position_UTC": "2025-11-30T00:01:00Z"
      },
      {
        "lat": 27.625721,
        "lon": -117.96526,
        "speed": 13.8,
        "course": 308,
        "heading": 307,
        "destination": "KR PUS",
        "last_position_epoch": 1764458580,
        "last_position_UTC": "2025-11-29T23:23:00Z"
      },
      {
        "lat": 27.521406,
        "lon": -117.81786,
        "speed": 13.8,
        "course": 309,
        "heading": 308,
        "destination": "KR PUS",
        "last_position_epoch": 1764456540,
        "last_position_UTC": "2025-11-29T22:49:00Z"
      },
      {
        "lat": 27.474723333333333,
        "lon": -117.75371833333334,
        "speed": 13.8,
        "course": 308.7,
        "heading": 308,
        "destination": "KR PUS",
        "last_position_epoch": 1764454882,
        "last_position_UTC": "2025-11-29T22:21:22Z"
      },
      {
        "lat": 27.386427,
        "lon": -117.63026,
        "speed": 14.3,
        "course": 308,
        "heading": 308,
        "destination": "KR PUS",
        "last_position_epoch": 1764453000,
        "last_position_UTC": "2025-11-29T21:50:00Z"
      },
      {
        "lat": 27.324563333333334,
        "lon": -117.54268333333333,
        "speed": 14.2,
        "course": 309.3,
        "heading": 308,
        "destination": "KR PUS",
        "last_position_epoch": 1764451227,
        "last_position_UTC": "2025-11-29T21:20:27Z"
      },
      {
        "lat": 27.304631666666666,
        "lon": -117.51615666666666,
        "speed": 14.4,
        "course": 309.9,
        "heading": 310,
        "destination": "KR PUS",
        "last_position_epoch": 1764450759,
        "last_position_UTC": "2025-11-29T21:12:39Z"
      },
      {
        "lat": 27.227526666666666,
        "lon": -117.41226,
        "speed": 14.3,
        "course": 309.3,
        "heading": 310,
        "destination": "KR PUS",
        "last_position_epoch": 1764448947,
        "last_position_UTC": "2025-11-29T20:42:27Z"
      },
      {
        "lat": 27.128958333333333,
        "lon": -117.27791,
        "speed": 14.5,
        "course": 309,
        "heading": 311,
        "destination": "KR PUS",
        "last_position_epoch": 1764446619,
        "last_position_UTC": "2025-11-29T20:03:39Z"
      },
      {
        "lat": 27.063673333333334,
        "lon": -117.18760166666667,
        "speed": 14.3,
        "course": 308.5,
        "heading": 311,
        "destination": "KR PUS",
        "last_position_epoch": 1764445071,
        "last_position_UTC": "2025-11-29T19:37:51Z"
      },
      {
        "lat": 27.001193333333333,
        "lon": -117.10033166666666,
        "speed": 14.4,
        "course": 309,
        "heading": 311,
        "destination": "KR PUS",
        "last_position_epoch": 1764443577,
        "last_position_UTC": "2025-11-29T19:12:57Z"
      },
      {
        "lat": 26.92523,
        "lon": -116.99492,
        "speed": 14.3,
        "course": 308.8,
        "heading": 311,
        "destination": "KR PUS",
        "last_position_epoch": 1764441771,
        "last_position_UTC": "2025-11-29T18:42:51Z"
      },
      {
        "lat": 26.849591666666665,
        "lon": -116.89215833333333,
        "speed": 14.2,
        "course": 309.2,
        "heading": 311,
        "destination": "KR PUS",
        "last_position_epoch": 1764439971,
        "last_position_UTC": "2025-11-29T18:12:51Z"
      },
      {
        "lat": 26.697163,
        "lon": -116.68159,
        "speed": 14.1,
        "course": 309,
        "heading": 312,
        "destination": "KR PUS",
        "last_position_epoch": 1764436620,
        "last_position_UTC": "2025-11-29T17:17:00Z"
      },
      {
        "lat": 26.64139,
        "lon": -116.6062,
        "speed": 14.3,
        "course": 309,
        "heading": 312,
        "destination": "KR PUS",
        "last_position_epoch": 1764434940,
        "last_position_UTC": "2025-11-29T16:49:00Z"
      },
      {
        "lat": 26.554344,
        "lon": -116.47921,
        "speed": 14.1,
        "course": 307,
        "heading": 308,
        "destination": "KR PUS",
        "last_position_epoch": 1764433080,
        "last_position_UTC": "2025-11-29T16:18:00Z"
      },
      {
        "lat": 26.475203,
        "lon": -116.36564,
        "speed": 14.1,
        "course": 307,
        "heading": 308,
        "destination": "KR PUS",
        "last_position_epoch": 1764431220,
        "last_position_UTC": "2025-11-29T15:47:00Z"
      },
      {
        "lat": 26.422867,
        "lon": -116.2907,
        "speed": 14.3,
        "course": 307,
        "heading": 308,
        "destination": "KR PUS",
        "last_position_epoch": 1764429480,
        "last_position_UTC": "2025-11-29T15:18:00Z"
      },
      {
        "lat": 26.337717,
        "lon": -116.17067,
        "speed": 14.3,
        "course": 308,
        "heading": 308,
        "destination": "KR PUS",
        "last_position_epoch": 1764427620,
        "last_position_UTC": "2025-11-29T14:47:00Z"
      }
    ]
  },
  "meta": {
    "duration": 0.029074661,
    "endpoint": "/api/v0/vessel_history",
    "success": true
  }
}