{
  "data": {
    "uuid": "e2535fe8-dcde-c7ec-1d78-f8701d6e3ce6",
    "name": "HMM OPAL",
    "mmsi": "636024481",
    "imo": "9955272",
    "eni": null,
    "country_iso": "LR",
    "type": "Cargo",
    "type_specific": "Container Ship",
    "positions": [
      {
        "lat": 34.019803333333336,
        "lon": -119.22688166666667,
        "speed": 8.3,
        "course": 119.5,
        "heading": 118,
        "destination": "USLGB",
        "last_position_epoch": 1765030378,
        "last_position_UTC": "2025-12-06T14:12:58Z"
      },
      {
        "lat": 34.05321333333333,
        "lon": -119.31586833333333,
        "speed": 8.5,
        "course": 104.9,
        "heading": 105,
        "destination": "USLGB",
        "last_position_epoch": 1765028276,
        "last_position_UTC": "2025-12-06T13:37:56Z"
      },
      {
        "lat": 34.07103333333333,
        "lon": -119.39811833333333,
        "speed": 8.5,
        "course": 104.4,
        "heading": 104,
        "destination": "USLGB",
        "last_position_epoch": 1765026478,
        "last_position_UTC": "2025-12-06T13:07:58Z"
      },
      {
        "lat": 34.09063333333334,
        "lon": -119.4823,
        "speed": 8.7,
        "course": 106,
        "heading": 106,
        "destination": "USLGB",
        "last_position_epoch": 1765024678,
        "last_position_UTC": "2025-12-06T12:37:58Z"
      },
      {
        "lat": 34.10939833333333,
        "lon": -119.56563333333334,
        "speed": 8.8,
        "course": 105.5,
        "heading": 106,
        "destination": "USLGB",
        "last_position_epoch": 1765022878,
        "last_position_UTC": "2025-12-06T12:07:58Z"
      },
      {
        "lat": 34.128886666666666,
        "lon": -119.650425,
        "speed": 8.6,
        "course": 104.4,
        "heading": 105,
        "destination": "USLGB",
        "last_position_epoch": 1765021079,
        "last_position_UTC": "2025-12-06T11:37:59Z"
      },
      {
        "lat": 34.14707666666666,
        "lon": -119.73474333333333,
        "speed": 8.5,
        "course": 103.3,
        "heading": 103,
        "destination": "USLGB",
        "last_position_epoch": 1765019278,
        "last_position_UTC": "2025-12-06T11:07:58Z"
      },
      {
        "lat": 34.16484166666667,
        "lon": -119.81282833333333,
        "speed": 8.8,
        "course": 104.7,
        "heading": 105,
        "destination": "USLGB",
        "last_position_epoch": 1765017597,
        "last_position_UTC": "2025-12-06T10:39:57Z"
      },
      {
        "lat": 34.182595,
        "lon": -119.89215,
        "speed": 8.9,
        "course": 105.2,
        "heading": 104,
        "destination": "USLGB",
        "last_position_epoch": 1765015977,
        "last_position_UTC": "2025-12-06T10:12:57Z"
      },
      {
        "lat": 34.206943333333335,
        "lon": -119.99529166666667,
        "speed": 9,
        "course": 103.5,
        "heading": 106,
        "destination": "USLGB",
        "last_position_epoch": 1765013819,
        "last_position_UTC": "2025-12-06T09:36:59Z"
      },
      {
        "lat": 34.222993333333335,
        "lon": -120.06730666666667,
        "speed": 9.5,
        "course": 104.5,
        "heading": 106,
        "destination": "USLGB",
        "last_position_epoch": 1765012369,
        "last_position_UTC": "2025-12-06T09:12:49Z"
      },
      {
        "lat": 34.256199,
        "lon": -120.21595,
        "speed": 9.1,
        "course": 105,
        "heading": 101,
        "destination": "USLGB",
        "last_position_epoch": 1765009440,
        "last_position_UTC": "2025-12-06T08:24:00Z"
      },
      {
        "lat": 34.283207,
        "lon": -120.34391,
        "speed": 9,
        "course": 103,
        "heading": 101,
        "destination": "USLGB",
        "last_position_epoch": 1765007220,
        "last_position_UTC": "2025-12-06T07:47:00Z"
      },
      {
        "lat": 34.30280666666667,
        "lon": -120.44014833333334,
        "speed": 8.9,
        "course": 104.5,
        "heading": 101,
        "destination": "USLGB",
        "last_position_epoch": 1765004868,
        "last_position_UTC": "2025-12-06T07:07:48Z"
      },
      {
        "lat": 34.322766666666666,
        "lon": -120.52261666666666,
        "speed": 9.4,
        "course": 107.2,
        "heading": 105,
        "destination": "USLGB",
        "last_position_epoch": 1765003186,
        "last_position_UTC": "2025-12-06T06:39:46Z"
      },
      {
        "lat": 34.34339666666666,
        "lon": -120.60891833333334,
        "speed": 9.9,
        "course": 104.3,
        "heading": 105,
        "destination": "USLGB",
        "last_position_epoch": 1765001528,
        "last_position_UTC": "2025-12-06T06:12:08Z"
      },
      {
        "lat": 34.365653333333334,
        "lon": -120.71153833333334,
        "speed": 9.5,
        "course": 105.2,
        "heading": 105,
        "destination": "USLGB",
        "last_position_epoch": 1764999588,
        "last_position_UTC": "2025-12-06T05:39:48Z"
      },
      {
        "lat": 34.38383833333334,
        "lon": -120.79301166666667,
        "speed": 8.9,
        "course": 104.4,
        "heading": 104,
        "destination": "USLGB",
        "last_position_epoch": 1764997968,
        "last_position_UTC": "2025-12-06T05:12:48Z"
      },
      {
        "lat": 34.40805833333334,
        "lon": -120.896725,
        "speed": 9.2,
        "course": 100.9,
        "heading": 101,
        "destination": "USLGB",
        "last_position_epoch": 1764995867,
        "last_position_UTC": "2025-12-06T04:37:47Z"
      },
      {
        "lat": 34.42404333333333,
        "lon": -120.97270666666667,
        "speed": 9.5,
        "course": 105.1,
        "heading": 103,
        "destination": "USLGB",
        "last_position_epoch": 1764994367,
        "last_position_UTC": "2025-12-06T04:12:47Z"
      },
      {
        "lat": 34.44685333333333,
        "lon": -121.07574666666666,
        "speed": 9.5,
        "course": 104.9,
        "heading": 103,
        "destination": "USLGB",
        "last_position_epoch": 1764992387,
        "last_position_UTC": "2025-12-06T03:39:47Z"
      },
      {
        "lat": 34.475739,
        "lon": -121.24879,
        "speed": 9,
        "course": 93,
        "heading": 91,
        "destination": "USLGB",
        "last_position_epoch": 1764989700,
        "last_position_UTC": "2025-12-06T02:55:00Z"
      },
      {
        "lat": 34.47596,
        "lon": -121.25385,
        "speed": 9,
        "course": 92.8,
        "heading": 91,
        "destination": "USLGB",
        "last_position_epoch": 1764988967,
        "last_position_UTC": "2025-12-06T02:42:47Z"
      },
      {
        "lat": 34.48187166666667,
        "lon": -121.36464166666667,
        "speed": 9.8,
        "course": 94.7,
        "heading": 91,
        "destination": "USLGB",
        "last_position_epoch": 1764986867,
        "last_position_UTC": "2025-12-06T02:07:47Z"
      },
      {
        "lat": 34.48893,
        "lon": -121.46414833333333,
        "speed": 9.7,
        "course": 94.6,
        "heading": 92,
        "destination": "USLGB",
        "last_position_epoch": 1764985067,
        "last_position_UTC": "2025-12-06T01:37:47Z"
      },
      {
        "lat": 34.49958,
        "lon": -121.61578,
        "speed": 9.6,
        "course": 93,
        "heading": 90,
        "destination": "USLGB",
        "last_position_epoch": 1764982320,
        "last_position_UTC": "2025-12-06T00:52:00Z"
      },
      {
        "lat": 34.50285,
        "lon": -121.65987833333334,
        "speed": 9.6,
        "course": 95.5,
        "heading": 91,
        "destination": "USLGB",
        "last_position_epoch": 1764981407,
        "last_position_UTC": "2025-12-06T00:36:47Z"
      },
      {
        "lat": 34.50962,
        "lon": -121.75374333333333,
        "speed": 9.5,
        "course": 91.8,
        "heading": 88,
        "destination": "USLGB",
        "last_position_epoch": 1764979668,
        "last_position_UTC": "2025-12-06T00:07:48Z"
      },
      {
        "lat": 34.51922833333333,
        "lon": -121.80971,
        "speed": 3.2,
        "course": 200.9,
        "heading": 230,
        "destination": "USLGB",
        "last_position_epoch": 1764977867,
        "last_position_UTC": "2025-12-05T23:37:47Z"
      },
      {
        "lat": 34.534121666666664,
        "lon": -121.81730333333333,
        "speed": 2.1,
        "course": 151.9,
        "heading": 251,
        "destination": "USLGB",
        "last_position_epoch": 1764976247,
        "last_position_UTC": "2025-12-05T23:10:47Z"
      },
      {
        "lat": 34.549465,
        "lon": -121.82591,
        "speed": 1.9,
        "course": 157,
        "heading": 260,
        "destination": "USLGB",
        "last_position_epoch": 1764974488,
        "last_position_UTC": "2025-12-05T22:41:28Z"
      },
      {
        "lat": 34.565221666666666,
        "lon": -121.83235666666667,
        "speed": 1.4,
        "course": 166.4,
        "heading": 271,
        "destination": "USLGB",
        "last_position_epoch": 1764972468,
        "last_position_UTC": "2025-12-05T22:07:48Z"
      },
      {
        "lat": 34.57383,
        "lon": -121.831525,
        "speed": 1,
        "course": 225.2,
        "heading": 288,
        "destination": "USLGB",
        "last_position_epoch": 1764970788,
        "last_position_UTC": "2025-12-05T21:39:48Z"
      },
      {
        "lat": 34.59802333333333,
        "lon": -121.823715,
        "speed": 8.4,
        "course": 136.3,
        "heading": 143,
        "destination": "USLGB",
        "last_position_epoch": 1764968766,
        "last_position_UTC": "2025-12-05T21:06:06Z"
      },
      {
        "lat": 34.62581,
        "lon": -121.89692833333334,
        "speed": 10.2,
        "course": 114.1,
        "heading": 112,
        "destination": "USLGB",
        "last_position_epoch": 1764967367,
        "last_position_UTC": "2025-12-05T20:42:47Z"
      },
      {
        "lat": 34.665531666666666,
        "lon": -122.0074,
        "speed": 10.2,
        "course": 113.4,
        "heading": 110,
        "destination": "USLGB",
        "last_position_epoch": 1764965268,
        "last_position_UTC": "2025-12-05T20:07:48Z"
      },
      {
        "lat": 34.694356666666664,
        "lon": -122.08700666666667,
        "speed": 10.1,
        "course": 114.2,
        "heading": 111,
        "destination": "USLGB",
        "last_position_epoch": 1764963747,
        "last_position_UTC": "2025-12-05T19:42:27Z"
      },
      {
        "lat": 34.72873833333333,
        "lon": -122.18011166666666,
        "speed": 10.3,
        "course": 114.7,
        "heading": 113,
        "destination": "USLGB",
        "last_position_epoch": 1764961967,
        "last_position_UTC": "2025-12-05T19:12:47Z"
      },
      {
        "lat": 34.76378666666667,
        "lon": -122.27535666666667,
        "speed": 10.2,
        "course": 114.1,
        "heading": 113,
        "destination": "USLGB",
        "last_position_epoch": 1764960167,
        "last_position_UTC": "2025-12-05T18:42:47Z"
      },
      {
        "lat": 34.80623333333333,
        "lon": -122.38325833333333,
        "speed": 10,
        "course": 116.4,
        "heading": 117,
        "destination": "USLGB",
        "last_position_epoch": 1764958067,
        "last_position_UTC": "2025-12-05T18:07:47Z"
      },
      {
        "lat": 34.84186833333333,
        "lon": -122.47471333333333,
        "speed": 9.8,
        "course": 114.1,
        "heading": 116,
        "destination": "USLGB",
        "last_position_epoch": 1764956267,
        "last_position_UTC": "2025-12-05T17:37:47Z"
      },
      {
        "lat": 34.869566666666664,
        "lon": -122.55050666666666,
        "speed": 9.8,
        "course": 114.4,
        "heading": 116,
        "destination": "USLGB",
        "last_position_epoch": 1764954767,
        "last_position_UTC": "2025-12-05T17:12:47Z"
      },
      {
        "lat": 34.905625,
        "lon": -122.64931666666666,
        "speed": 9.5,
        "course": 115,
        "heading": 115,
        "destination": "USLGB",
        "last_position_epoch": 1764952788,
        "last_position_UTC": "2025-12-05T16:39:48Z"
      },
      {
        "lat": 34.93472833333333,
        "lon": -122.72807333333333,
        "speed": 9.3,
        "course": 112.5,
        "heading": 112,
        "destination": "USLGB",
        "last_position_epoch": 1764951167,
        "last_position_UTC": "2025-12-05T16:12:47Z"
      },
      {
        "lat": 34.97125833333333,
        "lon": -122.83261166666666,
        "speed": 9.5,
        "course": 114,
        "heading": 112,
        "destination": "USLGB",
        "last_position_epoch": 1764949068,
        "last_position_UTC": "2025-12-05T15:37:48Z"
      },
      {
        "lat": 35.00401333333333,
        "lon": -122.92018,
        "speed": 9.5,
        "course": 114.3,
        "heading": 113,
        "destination": "USLGB",
        "last_position_epoch": 1764947268,
        "last_position_UTC": "2025-12-05T15:07:48Z"
      },
      {
        "lat": 35.0374,
        "lon": -123.00909166666666,
        "speed": 9.5,
        "course": 114.5,
        "heading": 113,
        "destination": "USLGB",
        "last_position_epoch": 1764945467,
        "last_position_UTC": "2025-12-05T14:37:47Z"
      },
      {
        "lat": 35.06426166666667,
        "lon": -123.08207666666667,
        "speed": 9.5,
        "course": 113.2,
        "heading": 112,
        "destination": "USLGB",
        "last_position_epoch": 1764943968,
        "last_position_UTC": "2025-12-05T14:12:48Z"
      },
      {
        "lat": 35.10258,
        "lon": -123.18703,
        "speed": 9.6,
        "course": 114.2,
        "heading": 112,
        "destination": "USLGB",
        "last_position_epoch": 1764941867,
        "last_position_UTC": "2025-12-05T13:37:47Z"
      },
      {
        "lat": 35.129886666666664,
        "lon": -123.26120833333333,
        "speed": 9.6,
        "course": 113.3,
        "heading": 111,
        "destination": "USLGB",
        "last_position_epoch": 1764940368,
        "last_position_UTC": "2025-12-05T13:12:48Z"
      },
      {
        "lat": 35.16526833333333,
        "lon": -123.36133,
        "speed": 9.8,
        "course": 113.8,
        "heading": 108,
        "destination": "USLGB",
        "last_position_epoch": 1764938387,
        "last_position_UTC": "2025-12-05T12:39:47Z"
      },
      {
        "lat": 35.196035,
        "lon": -123.44333666666667,
        "speed": 10,
        "course": 114.5,
        "heading": 110,
        "destination": "USLGB",
        "last_position_epoch": 1764936777,
        "last_position_UTC": "2025-12-05T12:12:57Z"
      },
      {
        "lat": 35.22949166666667,
        "lon": -123.53694,
        "speed": 9.9,
        "course": 112.2,
        "heading": 108,
        "destination": "USLGB",
        "last_position_epoch": 1764934967,
        "last_position_UTC": "2025-12-05T11:42:47Z"
      },
      {
        "lat": 35.262966666666664,
        "lon": -123.62922833333333,
        "speed": 9.9,
        "course": 114.8,
        "heading": 109,
        "destination": "USLGB",
        "last_position_epoch": 1764933167,
        "last_position_UTC": "2025-12-05T11:12:47Z"
      },
      {
        "lat": 35.299895,
        "lon": -123.73175333333333,
        "speed": 10,
        "course": 114.3,
        "heading": 107,
        "destination": "USLGB",
        "last_position_epoch": 1764931187,
        "last_position_UTC": "2025-12-05T10:39:47Z"
      },
      {
        "lat": 35.332258333333336,
        "lon": -123.81802833333333,
        "speed": 10.4,
        "course": 114.3,
        "heading": 108,
        "destination": "USLGB",
        "last_position_epoch": 1764929546,
        "last_position_UTC": "2025-12-05T10:12:26Z"
      },
      {
        "lat": 35.36810166666667,
        "lon": -123.91251166666666,
        "speed": 10.1,
        "course": 114.7,
        "heading": 110,
        "destination": "USLGB",
        "last_position_epoch": 1764927767,
        "last_position_UTC": "2025-12-05T09:42:47Z"
      },
      {
        "lat": 35.407593,
        "lon": -124.01748,
        "speed": 9.6,
        "course": 112,
        "heading": 109,
        "destination": "USLGB",
        "last_position_epoch": 1764925740,
        "last_position_UTC": "2025-12-05T09:09:00Z"
      },
      {
        "lat": 35.43434666666667,
        "lon": -124.09401666666666,
        "speed": 9.4,
        "course": 113.1,
        "heading": 109,
        "destination": "USLGB",
        "last_position_epoch": 1764924168,
        "last_position_UTC": "2025-12-05T08:42:48Z"
      },
      {
        "lat": 35.46812166666667,
        "lon": -124.18459166666666,
        "speed": 9.8,
        "course": 114.9,
        "heading": 111,
        "destination": "USLGB",
        "last_position_epoch": 1764922368,
        "last_position_UTC": "2025-12-05T08:12:48Z"
      },
      {
        "lat": 35.50831,
        "lon": -124.29320833333334,
        "speed": 10.2,
        "course": 115.5,
        "heading": 112,
        "destination": "USLGB",
        "last_position_epoch": 1764920267,
        "last_position_UTC": "2025-12-05T07:37:47Z"
      },
      {
        "lat": 35.53912,
        "lon": -124.37257,
        "speed": 10.2,
        "course": 115.1,
        "heading": 112,
        "destination": "USLGB",
        "last_position_epoch": 1764918767,
        "last_position_UTC": "2025-12-05T07:12:47Z"
      },
      {
        "lat": 35.574146666666664,
        "lon": -124.469305,
        "speed": 10.3,
        "course": 114.3,
        "heading": 109,
        "destination": "USLGB",
        "last_position_epoch": 1764916967,
        "last_position_UTC": "2025-12-05T06:42:47Z"
      },
      {
        "lat": 35.614865,
        "lon": -124.58218333333333,
        "speed": 10.4,
        "course": 114.9,
        "heading": 111,
        "destination": "USLGB",
        "last_position_epoch": 1764914866,
        "last_position_UTC": "2025-12-05T06:07:46Z"
      },
      {
        "lat": 35.645415,
        "lon": -124.66668833333334,
        "speed": 10.1,
        "course": 113.3,
        "heading": 108,
        "destination": "USLGB",
        "last_position_epoch": 1764913307,
        "last_position_UTC": "2025-12-05T05:41:47Z"
      },
      {
        "lat": 35.68128,
        "lon": -124.77503833333333,
        "speed": 10,
        "course": 110.2,
        "heading": 105,
        "destination": "USLGB",
        "last_position_epoch": 1764911267,
        "last_position_UTC": "2025-12-05T05:07:47Z"
      },
      {
        "lat": 35.699815,
        "lon": -124.854525,
        "speed": 9.5,
        "course": 104.7,
        "heading": 97,
        "destination": "USLGB",
        "last_position_epoch": 1764909768,
        "last_position_UTC": "2025-12-05T04:42:48Z"
      },
      {
        "lat": 35.739063333333334,
        "lon": -124.96483666666667,
        "speed": 10.2,
        "course": 113.8,
        "heading": 108,
        "destination": "USLGB",
        "last_position_epoch": 1764907668,
        "last_position_UTC": "2025-12-05T04:07:48Z"
      },
      {
        "lat": 35.768501666666666,
        "lon": -125.04477,
        "speed": 10.3,
        "course": 116.1,
        "heading": 111,
        "destination": "USLGB",
        "last_position_epoch": 1764906167,
        "last_position_UTC": "2025-12-05T03:42:47Z"
      },
      {
        "lat": 35.805435,
        "lon": -125.141395,
        "speed": 10.3,
        "course": 114.5,
        "heading": 111,
        "destination": "USLGB",
        "last_position_epoch": 1764904348,
        "last_position_UTC": "2025-12-05T03:12:28Z"
      },
      {
        "lat": 35.84146333333333,
        "lon": -125.23753,
        "speed": 10.4,
        "course": 113.9,
        "heading": 112,
        "destination": "USLGB",
        "last_position_epoch": 1764902567,
        "last_position_UTC": "2025-12-05T02:42:47Z"
      },
      {
        "lat": 35.87674833333333,
        "lon": -125.33574833333333,
        "speed": 10.2,
        "course": 114.3,
        "heading": 113,
        "destination": "USLGB",
        "last_position_epoch": 1764900748,
        "last_position_UTC": "2025-12-05T02:12:28Z"
      },
      {
        "lat": 35.912555,
        "lon": -125.42976833333333,
        "speed": 10.2,
        "course": 115.5,
        "heading": 114,
        "destination": "USLGB",
        "last_position_epoch": 1764898967,
        "last_position_UTC": "2025-12-05T01:42:47Z"
      },
      {
        "lat": 35.95599166666667,
        "lon": -125.54171333333333,
        "speed": 10.4,
        "course": 117.1,
        "heading": 115,
        "destination": "USLGB",
        "last_position_epoch": 1764896868,
        "last_position_UTC": "2025-12-05T01:07:48Z"
      },
      {
        "lat": 35.989243333333334,
        "lon": -125.62126,
        "speed": 10.3,
        "course": 117.6,
        "heading": 114,
        "destination": "USLGB",
        "last_position_epoch": 1764895367,
        "last_position_UTC": "2025-12-05T00:42:47Z"
      },
      {
        "lat": 36.027651666666664,
        "lon": -125.71548666666666,
        "speed": 10.2,
        "course": 116.9,
        "heading": 115,
        "destination": "USLGB",
        "last_position_epoch": 1764893568,
        "last_position_UTC": "2025-12-05T00:12:48Z"
      },
      {
        "lat": 36.06690833333333,
        "lon": -125.81127333333333,
        "speed": 9.9,
        "course": 116.9,
        "heading": 114,
        "destination": "USLGB",
        "last_position_epoch": 1764891707,
        "last_position_UTC": "2025-12-04T23:41:47Z"
      },
      {
        "lat": 36.10268833333333,
        "lon": -125.89986,
        "speed": 9.8,
        "course": 115.3,
        "heading": 114,
        "destination": "USLGB",
        "last_position_epoch": 1764889967,
        "last_position_UTC": "2025-12-04T23:12:47Z"
      },
      {
        "lat": 36.13874,
        "lon": -125.99143333333333,
        "speed": 9.9,
        "course": 116.4,
        "heading": 114,
        "destination": "USLGB",
        "last_position_epoch": 1764888167,
        "last_position_UTC": "2025-12-04T22:42:47Z"
      },
      {
        "lat": 36.18226666666666,
        "lon": -126.09801,
        "speed": 9.7,
        "course": 114.6,
        "heading": 112,
        "destination": "USLGB",
        "last_position_epoch": 1764886047,
        "last_position_UTC": "2025-12-04T22:07:27Z"
      },
      {
        "lat": 36.195058333333336,
        "lon": -126.17845333333334,
        "speed": 8.6,
        "course": 91.7,
        "heading": 85,
        "destination": "USLGB",
        "last_position_epoch": 1764884368,
        "last_position_UTC": "2025-12-04T21:39:28Z"
      },
      {
        "lat": 36.222278333333335,
        "lon": -126.25891,
        "speed": 9.4,
        "course": 116.2,
        "heading": 110,
        "destination": "USLGB",
        "last_position_epoch": 1764882726,
        "last_position_UTC": "2025-12-04T21:12:06Z"
      },
      {
        "lat": 36.264041666666664,
        "lon": -126.368095,
        "speed": 9.2,
        "course": 115.8,
        "heading": 113,
        "destination": "USLGB",
        "last_position_epoch": 1764880477,
        "last_position_UTC": "2025-12-04T20:34:37Z"
      },
      {
        "lat": 36.288785,
        "lon": -126.43187833333333,
        "speed": 9,
        "course": 114.2,
        "heading": 112,
        "destination": "USLGB",
        "last_position_epoch": 1764879126,
        "last_position_UTC": "2025-12-04T20:12:06Z"
      },
      {
        "lat": 36.32008,
        "lon": -126.51558333333334,
        "speed": 9,
        "course": 113.4,
        "heading": 113,
        "destination": "USLGB",
        "last_position_epoch": 1764877367,
        "last_position_UTC": "2025-12-04T19:42:47Z"
      },
      {
        "lat": 36.372536,
        "lon": -126.66493,
        "speed": 9.5,
        "course": 115,
        "heading": 112,
        "destination": "USLGB",
        "last_position_epoch": 1764874320,
        "last_position_UTC": "2025-12-04T18:52:00Z"
      },
      {
        "lat": 36.398938333333334,
        "lon": -126.73641666666667,
        "speed": 9.6,
        "course": 113.8,
        "heading": 111,
        "destination": "USLGB",
        "last_position_epoch": 1764872897,
        "last_position_UTC": "2025-12-04T18:28:17Z"
      },
      {
        "lat": 36.42359666666667,
        "lon": -126.80266166666667,
        "speed": 9.7,
        "course": 114.5,
        "heading": 112,
        "destination": "USLGB",
        "last_position_epoch": 1764871587,
        "last_position_UTC": "2025-12-04T18:06:27Z"
      },
      {
        "lat": 36.51758,
        "lon": -126.99740166666666,
        "speed": 9.9,
        "course": 134.3,
        "heading": 134,
        "destination": "USLGB",
        "last_position_epoch": 1764867526,
        "last_position_UTC": "2025-12-04T16:58:46Z"
      },
      {
        "lat": 36.638095,
        "lon": -127.15354333333333,
        "speed": 9.8,
        "course": 131.8,
        "heading": 130,
        "destination": "USLGB",
        "last_position_epoch": 1764863748,
        "last_position_UTC": "2025-12-04T15:55:48Z"
      },
      {
        "lat": 36.665025,
        "lon": -127.18910666666666,
        "speed": 9.8,
        "course": 133.9,
        "heading": 131,
        "destination": "USLGB",
        "last_position_epoch": 1764862886,
        "last_position_UTC": "2025-12-04T15:41:26Z"
      },
      {
        "lat": 36.749595,
        "lon": -127.29739333333333,
        "speed": 9.5,
        "course": 133.6,
        "heading": 131,
        "destination": "USLGB",
        "last_position_epoch": 1764860167,
        "last_position_UTC": "2025-12-04T14:56:07Z"
      },
      {
        "lat": 36.774863333333336,
        "lon": -127.33017666666667,
        "speed": 9.4,
        "course": 132.6,
        "heading": 130,
        "destination": "USLGB",
        "last_position_epoch": 1764859346,
        "last_position_UTC": "2025-12-04T14:42:26Z"
      },
      {
        "lat": 36.893955,
        "lon": -127.49369,
        "speed": 9.6,
        "course": 131,
        "heading": 127,
        "destination": "USLGB",
        "last_position_epoch": 1764856200,
        "last_position_UTC": "2025-12-04T13:50:00Z"
      },
      {
        "lat": 36.939236,
        "lon": -127.55028,
        "speed": 9.6,
        "course": 136,
        "heading": 130,
        "destination": "USLGB",
        "last_position_epoch": 1764854400,
        "last_position_UTC": "2025-12-04T13:20:00Z"
      },
      {
        "lat": 36.997425,
        "lon": -127.62348833333333,
        "speed": 9.5,
        "course": 134,
        "heading": 130,
        "destination": "USLGB",
        "last_position_epoch": 1764852057,
        "last_position_UTC": "2025-12-04T12:40:57Z"
      },
      {
        "lat": 37.104755,
        "lon": -127.7599,
        "speed": 9.3,
        "course": 135,
        "heading": 129,
        "destination": "USLGB",
        "last_position_epoch": 1764848940,
        "last_position_UTC": "2025-12-04T11:49:00Z"
      },
      {
        "lat": 37.16795,
        "lon": -127.83972,
        "speed": 9.3,
        "course": 133,
        "heading": 129,
        "destination": "USLGB",
        "last_position_epoch": 1764847080,
        "last_position_UTC": "2025-12-04T11:18:00Z"
      },
      {
        "lat": 37.16153333333333,
        "lon": -127.831415,
        "speed": 9.4,
        "course": 133.9,
        "heading": 129,
        "destination": "USLGB",
        "last_position_epoch": 1764846757,
        "last_position_UTC": "2025-12-04T11:12:37Z"
      },
      {
        "lat": 37.22251166666667,
        "lon": -127.91015166666666,
        "speed": 9.8,
        "course": 132.7,
        "heading": 129,
        "destination": "USLGB",
        "last_position_epoch": 1764844797,
        "last_position_UTC": "2025-12-04T10:39:57Z"
      },
      {
        "lat": 37.281705,
        "lon": -127.988915,
        "speed": 9.6,
        "course": 131.6,
        "heading": 127,
        "destination": "USLGB",
        "last_position_epoch": 1764842878,
        "last_position_UTC": "2025-12-04T10:07:58Z"
      },
      {
        "lat": 37.328165,
        "lon": -128.05137833333333,
        "speed": 9.5,
        "course": 133.5,
        "heading": 128,
        "destination": "USLGB",
        "last_position_epoch": 1764841366,
        "last_position_UTC": "2025-12-04T09:42:46Z"
      },
      {
        "lat": 37.38221166666667,
        "lon": -128.12445,
        "speed": 9.5,
        "course": 131.9,
        "heading": 126,
        "destination": "USLGB",
        "last_position_epoch": 1764839578,
        "last_position_UTC": "2025-12-04T09:12:58Z"
      },
      {
        "lat": 37.437295,
        "lon": -128.19823,
        "speed": 9.6,
        "course": 134,
        "heading": 130,
        "destination": "USLGB",
        "last_position_epoch": 1764837777,
        "last_position_UTC": "2025-12-04T08:42:57Z"
      },
      {
        "lat": 37.527235,
        "lon": -128.31295333333333,
        "speed": 9.8,
        "course": 134.3,
        "heading": 132,
        "destination": "USLGB",
        "last_position_epoch": 1764834947,
        "last_position_UTC": "2025-12-04T07:55:47Z"
      },
      {
        "lat": 37.562036666666664,
        "lon": -128.357195,
        "speed": 9.8,
        "course": 134.2,
        "heading": 133,
        "destination": "USLGB",
        "last_position_epoch": 1764833857,
        "last_position_UTC": "2025-12-04T07:37:37Z"
      },
      {
        "lat": 37.61389,
        "lon": -128.42451333333332,
        "speed": 10.2,
        "course": 133.3,
        "heading": 132,
        "destination": "USLGB",
        "last_position_epoch": 1764832246,
        "last_position_UTC": "2025-12-04T07:10:46Z"
      },
      {
        "lat": 37.681745,
        "lon": -128.514895,
        "speed": 10.6,
        "course": 134.3,
        "heading": 133,
        "destination": "USLGB",
        "last_position_epoch": 1764830198,
        "last_position_UTC": "2025-12-04T06:36:38Z"
      },
      {
        "lat": 37.74042,
        "lon": -128.59350333333333,
        "speed": 10.8,
        "course": 133.9,
        "heading": 131,
        "destination": "USLGB",
        "last_position_epoch": 1764828477,
        "last_position_UTC": "2025-12-04T06:07:57Z"
      },
      {
        "lat": 37.820303333333335,
        "lon": -128.700335,
        "speed": 11,
        "course": 131.6,
        "heading": 129,
        "destination": "USLGB",
        "last_position_epoch": 1764826137,
        "last_position_UTC": "2025-12-04T05:28:57Z"
      },
      {
        "lat": 37.86266833333333,
        "lon": -128.76239333333334,
        "speed": 10.7,
        "course": 129.7,
        "heading": 126,
        "destination": "USLGB",
        "last_position_epoch": 1764824868,
        "last_position_UTC": "2025-12-04T05:07:48Z"
      },
      {
        "lat": 37.921641666666666,
        "lon": -128.84887833333335,
        "speed": 10.1,
        "course": 131.6,
        "heading": 127,
        "destination": "USLGB",
        "last_position_epoch": 1764822998,
        "last_position_UTC": "2025-12-04T04:36:38Z"
      },
      {
        "lat": 37.976908333333334,
        "lon": -128.92296666666667,
        "speed": 10.1,
        "course": 134.4,
        "heading": 129,
        "destination": "USLGB",
        "last_position_epoch": 1764821277,
        "last_position_UTC": "2025-12-04T04:07:57Z"
      },
      {
        "lat": 38.025083333333335,
        "lon": -128.98697333333334,
        "speed": 9.9,
        "course": 133.4,
        "heading": 130,
        "destination": "USLGB",
        "last_position_epoch": 1764819778,
        "last_position_UTC": "2025-12-04T03:42:58Z"
      },
      {
        "lat": 38.09367833333334,
        "lon": -129.08363666666668,
        "speed": 10.2,
        "course": 131.4,
        "heading": 129,
        "destination": "USLGB",
        "last_position_epoch": 1764817597,
        "last_position_UTC": "2025-12-04T03:06:37Z"
      },
      {
        "lat": 38.179657,
        "lon": -129.20715,
        "speed": 9.8,
        "course": 132,
        "heading": 129,
        "destination": "USLGB",
        "last_position_epoch": 1764815400,
        "last_position_UTC": "2025-12-04T02:30:00Z"
      },
      {
        "lat": 38.21715,
        "lon": -129.25638,
        "speed": 9.5,
        "course": 135.3,
        "heading": 130,
        "destination": "USLGB",
        "last_position_epoch": 1764813618,
        "last_position_UTC": "2025-12-04T02:00:18Z"
      },
      {
        "lat": 38.349506,
        "lon": -129.42329,
        "speed": 9.6,
        "course": 134,
        "heading": 131,
        "destination": "USLGB",
        "last_position_epoch": 1764809520,
        "last_position_UTC": "2025-12-04T00:52:00Z"
      },
      {
        "lat": 38.38406166666667,
        "lon": -129.46828833333333,
        "speed": 9.7,
        "course": 132.8,
        "heading": 130,
        "destination": "USLGB",
        "last_position_epoch": 1764808346,
        "last_position_UTC": "2025-12-04T00:32:26Z"
      },
      {
        "lat": 38.466892,
        "lon": -129.58063,
        "speed": 10.3,
        "course": 132,
        "heading": 131,
        "destination": "USLGB",
        "last_position_epoch": 1764805740,
        "last_position_UTC": "2025-12-03T23:49:00Z"
      },
      {
        "lat": 38.533672,
        "lon": -129.67374,
        "speed": 10.3,
        "course": 132,
        "heading": 130,
        "destination": "USLGB",
        "last_position_epoch": 1764804000,
        "last_position_UTC": "2025-12-03T23:20:00Z"
      },
      {
        "lat": 38.575475,
        "lon": -129.73196833333333,
        "speed": 10.5,
        "course": 131.5,
        "heading": 130,
        "destination": "USLGB",
        "last_position_epoch": 1764802437,
        "last_position_UTC": "2025-12-03T22:53:57Z"
      },
      {
        "lat": 38.597258333333336,
        "lon": -129.76288166666666,
        "speed": 10.6,
        "course": 131.2,
        "heading": 130,
        "destination": "USLGB",
        "last_position_epoch": 1764801777,
        "last_position_UTC": "2025-12-03T22:42:57Z"
      },
      {
        "lat": 38.781078,
        "lon": -130.01904,
        "speed": 10.3,
        "course": 132,
        "heading": 131,
        "destination": "USLGB",
        "last_position_epoch": 1764796680,
        "last_position_UTC": "2025-12-03T21:18:00Z"
      },
      {
        "lat": 38.830219,
        "lon": -130.08699,
        "speed": 10.3,
        "course": 132,
        "heading": 130,
        "destination": "USLGB",
        "last_position_epoch": 1764794940,
        "last_position_UTC": "2025-12-03T20:49:00Z"
      },
      {
        "lat": 39.822613,
        "lon": -131.51601,
        "speed": 11.1,
        "course": 132,
        "heading": 130,
        "destination": "USLGB",
        "last_position_epoch": 1764766080,
        "last_position_UTC": "2025-12-03T12:48:00Z"
      },
      {
        "lat": 39.865128,
        "lon": -131.57962,
        "speed": 11,
        "course": 131,
        "heading": 131,
        "destination": "USLGB",
        "last_position_epoch": 1764764400,
        "last_position_UTC": "2025-12-03T12:20:00Z"
      },
      {
        "lat": 40.176498,
        "lon": -132.039,
        "speed": 10.8,
        "course": 131,
        "heading": 132,
        "destination": "USLGB",
        "last_position_epoch": 1764755280,
        "last_position_UTC": "2025-12-03T09:48:00Z"
      },
      {
        "lat": 42.448689,
        "lon": -135.62933,
        "speed": 10.5,
        "course": 128,
        "heading": 131,
        "destination": "USLGB",
        "last_position_epoch": 1764685649,
        "last_position_UTC": "2025-12-02T14:27:29Z"
      }
    ]
  },
  "meta": {
    "duration": 0.015130274,
    "endpoint": "/api/v0/vessel_history",
    "success": true
  }
}